"CRN","DISTRICT","COUNTY","MUNICIPALITY","POLICE_AGCY","CRASH_YEAR","CRASH_MONTH","DAY_OF_WEEK","TIME_OF_DAY","HOUR_OF_DAY","ILLUMINATION","WEATHER","ROAD_CONDITION","COLLISION_TYPE","RELATION_TO_ROAD","WORK_ZONE_TYPE","WORK_ZONE_LOC","WORK_ZONE_IND","INTERSECT_TYPE","TCD_TYPE","LOCATION_TYPE","URBAN_RURAL","FATAL_COUNT","INJURY_COUNT","PERSON_COUNT","TOTAL_UNITS","SCH_BUS_IND","SCH_ZONE_IND","LATITUDE","LONGITUDE","ARRIVAL_TM","CONS_ZONE_SPD_LIM","DISPATCH_TM","EST_HRS_CLOSED","LANE_CLOSED","LN_CLOSE_DIR","NTFY_HIWY_MAINT","SPEC_JURIS_CD","TCD_FUNC_CD","TFC_DETOUR_IND","WORKERS_PRES","WZ_CLOSE_DETOUR","WZ_FLAGGER","WZ_LAW_OFFCR_IND","WZ_LN_CLOSURE","WZ_MOVING","WZ_OTHER","WZ_SHLDER_MDN","VEHICLE_COUNT","AUTOMOBILE_COUNT","MOTORCYCLE_COUNT","BUS_COUNT","SMALL_TRUCK_COUNT","HEAVY_TRUCK_COUNT","SUV_COUNT","VAN_COUNT","BICYCLE_COUNT","MAJ_INJ_COUNT","MOD_INJ_COUNT","MIN_INJ_COUNT","TOT_INJ_COUNT","UNK_INJ_DEG_COUNT","UNK_INJ_PER_COUNT","DRIVER_COUNT_16YR","DRIVER_COUNT_17YR","DRIVER_COUNT_18YR","DRIVER_COUNT_19YR","DRIVER_COUNT_20YR","DRIVER_COUNT_50_64YR","DRIVER_COUNT_65_74YR","DRIVER_COUNT_75PLUS","UNBELTED_OCC_COUNT","UNB_DEATH_COUNT","UNB_MAJ_INJ_COUNT","BELTED_DEATH_COUNT","BELTED_MAJ_INJ_COUNT","MCYCLE_DEATH_COUNT","MCYCLE_MAJ_INJ_COUNT","BICYCLE_DEATH_COUNT","BICYCLE_MAJ_INJ_COUNT","PED_COUNT","PED_DEATH_COUNT","PED_MAJ_INJ_COUNT","MAX_SEVERITY_LEVEL","COMM_VEH_COUNT","DEC_LAT","DEC_LONG","RDWY_SURF_TYPE_CD","COUNTY_YEAR"
"2001206152","06","67","67301","67301","2001","01","4","0548","05","3","1","0","8","1","","","N","00","0","00","3","0","1","2","2","N","N","39 57:46.800","75 09:53.280","9999","","9999","","0","","N","","0 ","","","","","","","","","","1","1","0","0","0","0","0","0","0","0","0","0","0","0","1","0","0","0","0","0","0","0","0","0","0","0","0","0","0","0","0","0","1","0","0","9","0","39.9629","-75.165","","CRASH_2001_Philadelphia"
"2001209032","06","67","67301","67301","2001","01","2","1800","18","3","1","0","1","1","","","N","01","0","00","3","0","3","4","2","N","N","39 55:24.960","75 14:44.880","9999","","9999","","0","","N","","0 ","","","","","","","","","","2","2","0","0","0","0","0","0","0","0","0","3","3","0","0","0","0","0","0","0","0","0","0","0","0","0","0","0","0","0","0","0","0","0","0","4","0","39.9236","-75.2457","","CRASH_2001_Philadelphia"
"2001209053","06","67","67301","67301","2001","01","5","1631","16","1","1","0","1","1","","","N","00","0","00","3","0","0","3","3","N","N","39 59:00.240","75 05:54.600","9999","","9999","","0","","N","","0 ","","","","","","","","","","3","3","0","0","0","0","0","0","0","0","0","0","0","0","0","0","0","0","0","0","1","1","0","0","0","0","0","0","0","0","0","0","0","0","0","0","0","39.9834","-75.0983","","CRASH_2001_Philadelphia"
"2001211712","06","67","67301","67301","2001","02","1","1412","14","1","1","0","4","1","","","N","01","2","00","3","0","1","4","2","N","N","40 03:24.154","75 08:23.496","9999","","9999","","0","","N","","3 ","","","","","","","","","","2","1","0","0","1","0","0","0","0","0","0","1","1","0","0","0","0","0","1","0","0","0","0","0","0","0","0","0","0","0","0","0","0","0","0","4","0","40.0567","-75.1399","","CRASH_2001_Philadelphia"
"2001215632","06","67","67301","67301","2001","03","5","1714","17","1","1","0","1","1","","","N","01","2","00","3","0","1","2","2","N","N","","","9999","","9999","","0","","N","","3 ","","","","","","","","","","2","2","0","0","0","0","0","0","0","0","0","1","1","0","0","0","0","0","0","0","1","0","0","0","0","0","0","0","0","0","0","0","0","0","0","4","0","","","","CRASH_2001_Philadelphia"
"2001223777","06","67","67301","67301","2001","03","1","1852","18","1","9","9","4","1","","","N","01","9","00","3","0","0","2","3","N","N","","","9999","","9999","","0","","N","","9 ","","","","","","","","","","3","2","0","0","0","0","0","0","0","0","0","0","0","0","0","0","0","0","0","1","0","0","0","0","0","0","0","0","0","0","0","0","0","0","0","0","0","","","","CRASH_2001_Philadelphia"
"2001007236","06","67","67301","67301","2001","06","1","2030","20","1","1","0","4","1","","","N","01","2","00","3","0","4","4","2","N","N","39 57:03.000","75 09:56.100","2030","","2030","","0","","N","","3 ","","","","","","","","","","2","2","0","0","0","0","0","0","0","0","3","1","4","0","0","0","0","0","0","0","1","0","0","0","0","0","0","0","0","0","0","0","0","0","0","3","0","39.9508","-75.1656","","CRASH_2001_Philadelphia"
"2001007423","06","67","67301","67301","2001","05","1","1725","17","1","2","1","7","7","","","N","07","0","02","3","0","0","1","1","N","N","39 58:00.480","75 11:16.440","1746","","1731","","0","","N","","0 ","","","","","","","","","","1","1","0","0","0","0","0","0","0","0","0","0","0","0","0","0","0","0","0","0","1","0","0","0","0","0","0","0","0","0","0","0","0","0","0","0","0","39.9668","-75.1879","","CRASH_2001_Philadelphia"
"2001208911","06","67","67301","67301","2001","01","3","0745","07","1","2","1","7","5","","","N","00","0","00","3","0","0","1","1","N","N","40 00:44.280","75 05:16.440","9999","","9999","","0","","N","","0 ","","","","","","","","","","1","1","0","0","0","0","0","0","0","0","0","0","0","0","0","0","0","0","0","0","0","1","0","0","0","0","0","0","0","0","0","0","0","0","0","0","0","40.0122","-75.0879","","CRASH_2001_Philadelphia"
"2001208927","06","67","67301","67301","2001","01","6","2130","21","3","2","1","8","1","","","N","00","0","00","3","0","1","2","2","N","N","39 58:22.800","75 09:32.400","9999","","9999","","0","","N","","0 ","","","","","","","","","","1","1","0","0","0","0","0","0","0","0","0","1","1","0","0","0","0","0","0","1","0","0","0","0","0","0","0","0","0","0","0","0","1","0","0","4","0","39.973","-75.159","","CRASH_2001_Philadelphia"
"2001211795","06","67","67301","67301","2001","02","1","0030","00","3","1","0","4","1","","","N","01","2","00","3","0","3","4","2","N","N","40 04:07.262","75 09:24.365","9999","","9999","","0","","N","","3 ","","","","","","","","","","2","1","0","0","0","0","1","0","0","0","0","3","3","0","0","0","0","0","0","0","0","0","0","0","0","0","0","0","0","0","0","0","0","0","0","4","0","40.0687","-75.1568","","CRASH_2001_Philadelphia"
"2001010324","06","67","67301","67301","2001","06","6","0046","00","3","1","0","7","3","","","N","06","0","02","3","0","2","2","1","N","N","39 56:54.240","75 11:08.880","0052","","0048","","0","","N","","0 ","","","","","","","","","","1","1","0","0","0","0","0","0","0","0","0","2","2","0","0","0","0","0","0","0","0","0","0","0","0","0","0","0","0","0","0","0","0","0","0","4","0","39.9484","-75.1858","","CRASH_2001_Philadelphia"
"2001019671","06","67","67301","67301","2001","06","2","1045","10","1","1","0","4","1","","","N","05","2","00","3","0","1","2","2","N","N","40 00:18.281","75 10:43.631","1055","","1051","","0","","N","","3 ","","","","","","","","","","2","2","0","0","0","0","0","0","0","0","0","1","1","0","0","0","0","0","0","0","0","0","2","0","0","0","0","0","0","0","0","0","0","0","0","4","0","40.0049","-75.1787","","CRASH_2001_Philadelphia"
"2001207551","06","67","67301","67301","2001","01","6","1709","17","3","1","0","4","1","","","N","00","0","07","3","0","3","4","2","N","N","","","9999","","9999","","0","","N","","0 ","","","","","","","","","","2","1","0","0","0","0","1","0","0","0","0","3","3","0","0","0","0","0","0","0","0","0","0","0","0","0","0","0","0","0","0","0","0","0","0","4","0","","","","CRASH_2001_Philadelphia"
"2001209154","06","67","67301","67301","2001","02","5","1913","19","3","1","0","4","1","","","N","02","2","00","3","0","1","2","2","N","N","40 01:46.920","75 06:18.360","9999","","9999","","0","","N","","3 ","","","","","","","","","","2","2","0","0","0","0","0","0","0","0","0","1","1","0","0","0","0","0","0","0","0","0","0","0","0","0","0","0","0","0","0","0","0","0","0","4","0","40.0298","-75.1051","","CRASH_2001_Philadelphia"
"2001233337","06","67","67301","67301","2001","03","5","1720","17","1","2","1","1","1","","","N","01","2","00","3","0","1","5","2","N","N","40 00:29.520","75 08:34.440","9999","","9999","","0","","N","","3 ","","","","","","","","","","2","2","0","0","0","0","0","0","0","0","0","1","1","0","0","0","0","0","0","0","0","1","0","0","0","0","0","0","0","0","0","0","0","0","0","4","0","40.0082","-75.1429","","CRASH_2001_Philadelphia"
"2001009010","06","67","67301","67301","2001","07","3","1530","15","1","2","1","5","6","","","N","00","2","00","3","0","1","1","2","N","N","39 59:27.923","75 09:18.530","1600","","1552","2","1","1","N","","3 ","N","","","","","","","","","2","2","0","0","0","0","0","0","0","1","0","0","1","0","0","0","0","0","0","0","0","0","0","0","0","0","0","0","0","0","0","0","0","0","0","2","0","39.9911","-75.1551","","CRASH_2001_Philadelphia"
"2001009085","06","67","67301","67301","2001","06","2","1906","19","1","1","0","1","1","","","N","01","3","00","3","0","5","7","3","N","N","39 59:27.479","75 10:47.596","1914","","1909","","0","","N","","3 ","","","","","","","","","","3","2","0","0","1","0","0","0","0","0","0","5","5","0","0","0","0","0","0","0","1","0","0","0","0","0","0","0","0","0","0","0","0","0","0","4","0","39.991","-75.1799","","CRASH_2001_Philadelphia"
"2001016746","06","67","67301","67301","2001","05","7","1858","18","1","2","1","1","1","","","N","00","0","07","3","0","1","7","2","N","N","40 06:18.000","75 00:05.400","1900","","1858","","0","","N","","0 ","","","","","","","","","","2","2","0","0","0","0","0","0","0","0","0","1","1","0","0","0","0","1","0","0","0","0","0","0","0","0","0","0","0","0","0","0","0","0","0","4","0","40.1048","-75.0016","","CRASH_2001_Philadelphia"
"2001019531","06","67","67301","67301","2001","05","3","1015","10","1","8","1","7","4","","","N","01","0","00","3","0","0","1","1","N","N","40 03:12.636","75 10:40.711","1034","","0034","","0","","N","","0 ","","","","","","","","","","1","1","0","0","0","0","0","0","0","0","0","0","0","0","0","0","0","0","0","1","0","0","0","0","0","0","0","0","0","0","0","0","0","0","0","0","0","40.0536","-75.178","","CRASH_2001_Philadelphia"
"2001208939","06","67","67301","67301","2001","01","4","2115","21","3","1","0","4","1","","","N","05","2","00","3","0","1","3","2","N","N","40 03:30.268","75 08:57.263","9999","","9999","","0","","N","","3 ","","","","","","","","","","2","1","0","0","0","0","1","0","0","0","0","1","1","0","0","0","0","0","0","0","0","1","0","0","0","0","0","0","0","0","0","0","0","0","0","4","0","40.0584","-75.1492","","CRASH_2001_Philadelphia"
"2001210647","06","67","67301","67301","2001","02","5","2156","21","3","1","0","8","1","","","N","01","0","00","3","0","1","2","2","N","N","","","9999","","9999","","0","","N","","0 ","","","","","","","","","","1","1","0","0","0","0","0","0","0","0","1","0","1","0","0","0","0","0","0","0","0","0","0","0","0","0","0","0","0","0","0","0","1","0","0","3","0","","","","CRASH_2001_Philadelphia"
"2001210669","06","67","67301","67301","2001","02","5","0830","08","1","1","0","8","1","","","N","00","0","00","3","0","1","2","2","N","N","39 57:09.360","75 09:55.080","9999","","9999","","0","","N","","0 ","","","","","","","","","","1","0","0","0","0","1","0","0","0","0","0","0","0","0","1","0","0","0","0","0","0","0","0","0","0","0","0","0","0","0","0","0","1","0","0","9","0","39.9526","-75.1653","","CRASH_2001_Philadelphia"
"2001223890","06","67","67301","67301","2001","03","6","2346","23","3","1","0","9","1","","","N","00","0","00","3","0","1","2","5","N","N","","","9999","","9999","","0","","N","","0 ","","","","","","","","","","5","1","0","0","0","0","0","0","0","0","1","0","1","0","0","0","0","0","0","0","0","0","0","0","0","0","0","0","0","0","0","0","0","0","0","3","0","","","","CRASH_2001_Philadelphia"
"2001233221","06","67","67301","67301","2001","04","6","2245","22","3","1","0","1","1","","","N","00","0","00","3","0","1","7","3","N","N","","","9999","","9999","","0","","N","","0 ","","","","","","","","","","3","3","0","0","0","0","0","0","0","0","0","1","1","0","0","0","0","0","0","0","0","0","0","0","0","0","0","0","0","0","0","0","0","0","0","4","0","","","","CRASH_2001_Philadelphia"
"2001238250","06","67","67301","67301","2001","04","5","1535","15","1","1","0","5","1","","","N","00","0","00","3","0","1","2","2","N","N","","","9999","","9999","","0","","N","","0 ","","","","","","","","","","2","2","0","0","0","0","0","0","0","0","0","1","1","0","0","0","0","0","0","0","0","1","0","0","0","0","0","0","0","0","0","0","0","0","0","4","0","40.0708","-75.1525","","CRASH_2001_Philadelphia"
"2001009006","06","67","67301","67301","2001","06","4","1700","17","1","2","0","6","2","","","N","05","2","00","3","0","1","2","2","N","N","39 59:26.962","75 09:18.734","1710","","1700","","0","","N","","3 ","","","","","","","","","","2","1","1","0","0","0","0","0","0","0","0","1","1","0","0","0","0","0","0","0","0","0","0","0","0","0","0","0","0","0","0","0","0","0","0","4","0","39.9909","-75.1551","","CRASH_2001_Philadelphia"
"2001215647","06","67","67301","67301","2001","02","2","1255","12","1","1","0","4","1","","","N","02","3","00","3","0","1","3","4","N","N","40 00:42.976","75 09:22.903","9999","","9999","","0","","N","","3 ","","","","","","","","","","4","2","0","0","0","0","0","0","0","0","1","0","1","0","0","0","0","0","0","0","0","0","0","0","0","0","0","0","0","0","0","0","0","0","0","3","0","40.0119","-75.1564","","CRASH_2001_Philadelphia"
"2001216882","06","67","67301","67301","2001","03","4","1515","15","1","1","0","9","1","","","N","00","0","00","3","0","0","1","3","N","N","","","9999","","9999","","0","","N","","0 ","","","","","","","","","","3","1","0","0","0","0","0","0","0","0","0","0","0","0","0","0","0","0","0","0","0","0","0","0","0","0","0","0","0","0","0","0","0","0","0","0","0","","","","CRASH_2001_Philadelphia"
"2001007252","06","67","67301","67301","2001","05","3","0830","08","1","2","1","8","1","","","N","01","2","00","3","0","1","2","2","N","N","39 58:00.988","75 09:37.166","0945","","0934","","0","","N","","3 ","","","","","","","","","","1","1","0","0","0","0","0","0","0","0","0","1","1","0","0","0","0","0","0","0","0","0","0","0","0","0","0","0","0","0","0","0","1","0","0","4","0","39.9669","-75.1603","","CRASH_2001_Philadelphia"
"2001206011","06","67","67301","67301","2001","01","5","1937","19","3","1","0","4","1","","","N","01","2","00","3","0","0","2","2","N","N","39 56:52.440","75 13:31.440","9999","","9999","","0","","N","","3 ","","","","","","","","","","2","2","0","0","0","0","0","0","0","0","0","0","0","0","0","0","0","0","0","0","0","0","0","0","0","0","0","0","0","0","0","0","0","0","0","0","0","39.9478","-75.2254","","CRASH_2001_Philadelphia"
"2001207369","06","67","67301","67301","2001","01","5","1833","18","3","1","0","8","1","","","N","00","0","07","3","0","2","2","2","N","N","","","9999","","9999","","0","","N","","0 ","","","","","","","","","","1","1","0","0","0","0","0","0","0","0","1","0","1","0","1","0","0","0","0","0","0","0","0","0","0","0","0","0","0","0","0","0","1","0","0","3","0","","","","CRASH_2001_Philadelphia"
"2001210873","06","67","67301","67301","2001","01","3","0700","07","5","2","1","4","1","","","N","01","3","00","3","0","1","3","2","Y","N","","","9999","","9999","","0","","N","","3 ","","","","","","","","","","2","1","0","1","0","0","0","0","0","0","0","1","1","0","0","0","0","0","0","0","0","0","0","0","0","0","0","0","0","0","0","0","0","0","0","4","1","","","","CRASH_2001_Philadelphia"
"2001231568","06","67","67301","67301","2001","03","1","0911","09","1","3","1","4","1","","","N","02","9","00","3","0","1","2","2","N","N","39 58:49.576","75 05:20.303","9999","","9999","","0","","N","","9 ","","","","","","","","","","2","1","0","0","0","0","0","1","0","0","0","1","1","0","0","0","0","0","0","0","2","0","0","0","0","0","0","0","0","0","0","0","0","0","0","4","0","39.9804","-75.089","","CRASH_2001_Philadelphia"
"2001238179","06","67","67301","67301","2001","04","5","2215","22","3","1","0","7","5","","","N","00","0","00","3","0","0","1","1","N","N","","","9999","","9999","","0","","N","","0 ","","","","","","","","","","1","1","0","0","0","0","0","0","0","0","0","0","0","0","0","0","0","0","0","0","0","0","0","0","0","0","0","0","0","0","0","0","0","0","0","0","0","","","","CRASH_2001_Philadelphia"
"2001243322","06","67","67301","67301","2001","04","5","1320","13","1","1","0","8","1","","","N","00","0","00","3","0","1","2","2","N","N","","","9999","","9999","","0","","N","","0 ","","","","","","","","","","1","0","0","0","0","0","0","0","0","0","0","1","1","0","0","0","0","0","0","0","0","0","0","0","0","0","0","0","0","0","0","0","1","0","0","4","0","","","","CRASH_2001_Philadelphia"
"2001007428","06","67","67301","67301","2001","05","4","2110","21","3","1","0","1","7","","","N","06","4","02","3","0","1","3","2","N","N","39 56:42.720","75 11:24.720","2120","","2111","1","1","4","N","","2 ","N","","","","","","","","","2","2","0","0","0","0","0","0","0","0","0","1","1","0","0","0","0","0","0","0","0","0","0","0","0","0","0","0","0","0","0","0","0","0","0","4","0","39.9454","-75.1904","","CRASH_2001_Philadelphia"
"2001018229","06","67","67301","67301","2001","06","5","1400","14","1","1","0","1","1","","","N","01","2","00","3","0","2","3","2","N","N","39 59:39.378","75 06:40.831","1325","","1315","","9","","N","","9 ","U","","","","","","","","","2","2","0","0","0","0","0","0","0","0","0","2","2","0","0","0","0","0","0","0","0","0","0","0","0","0","0","0","0","0","0","0","0","0","0","4","0","39.9943","-75.1113","","CRASH_2001_Philadelphia"
"2001207557","06","67","67301","67301","2001","01","1","2159","21","3","1","0","4","1","","","N","01","2","00","3","0","2","2","2","N","N","40 03:54.720","75 10:05.160","9999","","9999","","0","","N","","3 ","","","","","","","","","","2","2","0","0","0","0","0","0","0","0","1","0","1","0","1","0","0","0","0","0","0","0","0","0","0","0","0","0","0","0","0","0","0","0","0","3","0","40.0652","-75.1681","","CRASH_2001_Philadelphia"
"2001209139","06","67","67301","67301","2001","02","2","1227","12","1","4","3","7","5","","","N","03","3","00","3","0","0","2","1","N","N","40 01:39.115","75 13:16.564","9999","","9999","","0","","N","","3 ","","","","","","","","","","1","1","0","0","0","0","0","0","0","0","0","0","0","0","0","0","0","0","0","0","0","0","0","0","0","0","0","0","0","0","0","0","0","0","0","0","0","40.0275","-75.2213","","CRASH_2001_Philadelphia"
"2001210727","06","67","67301","67301","2001","02","7","1944","19","3","1","0","8","1","","","N","01","2","00","3","0","1","3","2","N","N","39 57:00.360","75 10:14.160","9999","","9999","","0","","N","","3 ","","","","","","","","","","1","1","0","0","0","0","0","0","0","0","0","0","0","0","1","0","0","0","0","0","1","0","0","0","0","0","0","0","0","0","0","0","1","0","0","9","0","39.9501","-75.1706","","CRASH_2001_Philadelphia"
"2001210785","06","67","67301","67301","2001","02","2","2005","20","3","4","6","5","1","","","N","00","0","00","3","0","1","3","2","N","N","40 00:41.400","75 10:59.160","9999","","9999","","0","","N","","0 ","","","","","","","","","","2","1","0","0","0","0","0","1","0","0","0","1","1","0","0","0","0","0","0","0","0","0","0","0","0","0","0","0","0","0","0","0","0","0","0","4","0","40.0115","-75.1828","","CRASH_2001_Philadelphia"
"2001006235","06","67","67301","46104","2001","05","6","0930","09","1","1","0","1","1","","","N","00","2","00","3","0","1","2","2","N","N","39 59:39.373","75 14:30.199","0933","","0930","","0","","N","","3 ","","","","","","","","","","2","2","0","0","0","0","0","0","0","0","0","1","1","0","0","0","0","0","0","0","0","0","0","0","0","0","0","0","0","0","0","0","0","0","0","4","0","39.9942","-75.2416","","CRASH_2001_Philadelphia"
"2001208973","06","67","67301","67301","2001","01","6","1036","10","1","1","0","5","1","","","N","00","0","00","3","0","1","4","3","N","N","","","9999","","9999","","0","","N","","0 ","","","","","","","","","","3","1","0","1","0","0","0","0","0","0","0","0","0","0","1","0","0","1","0","0","0","0","0","0","0","0","0","0","0","0","0","0","0","0","0","9","1","","","","CRASH_2001_Philadelphia"
"2001209658","06","67","67301","67301","2001","01","2","1720","17","1","1","3","4","1","","","N","01","3","00","3","0","1","2","2","N","N","40 01:33.697","75 10:01.167","9999","","9999","","0","","N","","3 ","","","","","","","","","","2","1","0","0","0","0","0","0","0","0","1","0","1","0","0","0","0","0","0","0","1","0","0","0","0","0","0","0","0","0","0","0","0","0","0","3","0","40.026","-75.167","","CRASH_2001_Philadelphia"
"2001210671","06","67","67301","67301","2001","02","2","1850","18","1","4","3","1","1","","","N","00","0","00","3","0","1","2","2","N","N","","","9999","","9999","","0","","N","","0 ","","","","","","","","","","2","0","0","0","0","1","0","0","0","0","0","1","1","0","0","0","0","0","0","0","0","0","0","0","0","0","0","0","0","0","0","0","0","0","0","4","1","","","","CRASH_2001_Philadelphia"
"2001211709","06","67","67301","67301","2001","02","3","1000","10","1","4","3","6","1","","","N","00","0","00","3","0","2","2","2","N","N","39 59:57.480","75 08:07.080","9999","","9999","","0","","N","","0 ","","","","","","","","","","2","2","0","0","0","0","0","0","0","2","0","0","2","0","0","0","0","0","0","1","0","0","0","0","0","0","0","0","0","0","0","0","0","0","0","2","0","39.9993","-75.1353","","CRASH_2001_Philadelphia"
"2001214573","06","67","67301","67301","2001","02","1","0259","02","3","1","6","7","5","","","N","00","0","00","3","0","0","1","1","N","N","39 59:08.520","75 12:56.160","9999","","9999","","0","","N","","0 ","","","","","","","","","","1","1","0","0","0","0","0","0","0","0","0","0","0","0","0","0","0","0","0","0","0","0","0","0","0","0","0","0","0","0","0","0","0","0","0","0","0","39.9857","-75.2156","","CRASH_2001_Philadelphia"
"2001019508","06","67","67301","67301","2001","06","2","1715","17","1","1","0","8","1","","","N","00","0","00","3","0","1","2","2","N","N","40 03:03.240","75 11:05.640","1723","","1720","","0","","N","","0 ","","","","","","","","","","1","1","0","0","0","0","0","0","0","0","0","1","1","0","0","0","0","0","0","0","0","0","0","0","0","0","0","0","0","0","0","0","1","0","0","4","0","40.0509","-75.1848","","CRASH_2001_Philadelphia"
"2001215674","06","67","67301","67301","2001","03","6","1955","19","3","1","0","8","1","","","N","01","3","00","3","0","1","2","2","N","N","40 00:37.879","75 04:59.095","9999","","9999","","0","","N","","3 ","","","","","","","","","","1","1","0","0","0","0","0","0","0","0","0","1","1","0","0","0","0","0","0","0","0","0","0","0","0","0","0","0","0","0","0","0","1","0","0","4","0","40.0105","-75.0831","","CRASH_2001_Philadelphia"
"2001207671","06","67","67301","67301","2001","01","1","1453","14","1","1","0","9","1","","","N","00","0","00","3","0","1","1","3","N","N","","","9999","","9999","","0","","N","","0 ","","","","","","","","","","3","0","0","0","0","0","0","1","0","1","0","0","1","0","0","0","0","0","0","0","0","0","0","0","0","0","0","0","0","0","0","0","0","0","0","2","0","","","","CRASH_2001_Philadelphia"
"2001010325","06","67","67301","67301","2001","06","5","1647","16","1","1","0","1","1","","","N","01","2","00","3","0","3","4","2","N","N","40 01:34.108","75 07:18.874","1710","","1706","","0","","N","","3 ","","","","","","","","","","2","2","0","0","0","0","0","0","0","0","0","3","3","0","0","0","0","0","0","0","0","0","0","1","0","0","0","0","0","0","0","0","0","0","0","4","0","40.0262","-75.1217","","CRASH_2001_Philadelphia"
"2001208944","06","67","67301","67301","2001","01","2","1653","16","1","1","1","4","1","","","N","00","2","07","3","0","0","4","2","N","N","40 02:15.000","75 08:42.000","9999","","9999","","0","","N","","3 ","","","","","","","","","","2","2","0","0","0","0","0","0","0","0","0","0","0","0","0","0","0","0","0","0","0","0","0","0","0","0","0","0","0","0","0","0","0","0","0","0","0","40.0374","-75.145","","CRASH_2001_Philadelphia"
"2001236980","06","67","67301","67301","2001","04","5","1455","14","1","1","0","1","1","","","N","00","0","00","3","0","0","3","3","N","N","","","9999","","9999","","0","","N","","0 ","","","","","","","","","","3","2","0","0","0","0","1","0","0","0","0","0","0","0","0","0","1","0","0","0","1","0","0","0","0","0","0","0","0","0","0","0","0","0","0","0","0","","","","CRASH_2001_Philadelphia"
"2001209110","06","67","67301","67301","2001","02","5","1359","13","1","1","0","5","1","","","N","00","0","00","3","0","1","2","2","N","N","","","9999","","9999","","0","","N","","0 ","","","","","","","","","","1","0","0","0","0","0","0","0","1","0","0","1","1","0","0","0","0","0","0","0","0","0","0","0","0","0","0","0","0","0","0","0","0","0","0","4","0","","","","CRASH_2001_Philadelphia"
"2001223887","06","67","67301","67301","2001","03","3","0912","09","1","1","1","4","1","","","N","01","2","00","3","0","1","2","2","N","N","39 55:44.760","75 13:14.160","9999","","9999","","0","","N","","3 ","","","","","","","","","","2","0","0","0","0","1","0","1","0","0","0","1","1","0","0","0","0","0","0","0","1","0","0","0","0","0","0","0","0","0","0","0","0","0","0","4","1","39.9291","-75.2206","","CRASH_2001_Philadelphia"
"2001233103","06","67","67301","67301","2001","04","7","1228","12","1","1","0","5","1","","","N","00","0","00","3","0","3","3","2","N","N","39 58:38.280","75 13:36.840","9999","","9999","","0","","N","","0 ","","","","","","","","","","2","1","0","0","0","0","1","0","0","0","0","0","0","0","3","0","0","0","0","0","0","0","0","0","0","0","0","0","0","0","0","0","0","0","0","9","0","39.9773","-75.2267","","CRASH_2001_Philadelphia"
"2001204116","06","67","67301","67301","2001","01","3","1150","11","1","1","0","4","1","","","N","01","2","00","3","0","1","2","2","N","N","","","9999","","9999","","0","","N","","3 ","","","","","","","","","","2","2","0","0","0","0","0","0","0","0","1","0","1","0","0","0","0","0","0","0","0","0","0","0","0","0","0","0","0","0","0","0","0","0","0","3","0","","","","CRASH_2001_Philadelphia"
"2001204646","06","67","67301","67301","2001","01","6","0731","07","1","9","1","1","1","","","N","00","0","00","3","0","3","3","2","N","N","","","9999","","9999","","0","","N","","0 ","","","","","","","","","","2","2","0","0","0","0","0","0","0","0","0","3","3","0","0","0","0","0","0","0","0","1","0","0","0","0","0","0","0","0","0","0","0","0","0","4","0","","","","CRASH_2001_Philadelphia"
"2001006966","06","67","67301","67301","2001","05","4","1725","17","1","1","0","1","1","","","N","01","9","00","3","0","1","2","2","N","N","40 04:10.511","75 10:58.879","1742","","1739","","0","","N","","9 ","","","","","","","","","","2","2","0","0","0","0","0","0","0","0","0","1","1","0","0","0","0","0","0","0","0","0","0","0","0","0","0","0","0","0","0","0","0","0","0","4","0","40.0696","-75.183","","CRASH_2001_Philadelphia"
"2001204518","06","67","67301","67301","2001","01","4","1055","10","1","1","0","1","1","","","N","07","0","02","3","0","1","2","2","N","N","39 57:34.200","75 10:28.560","9999","","9999","","0","","N","","0 ","","","","","","","","","","2","1","0","0","0","1","0","0","0","0","0","1","1","0","0","0","0","0","0","1","0","0","0","0","0","0","0","0","0","0","0","0","0","0","0","4","0","39.9595","-75.1746","","CRASH_2001_Philadelphia"
"2001216897","06","67","67301","67301","2001","03","5","0930","09","1","1","0","4","1","","","N","01","2","00","3","0","1","2","2","N","N","","","9999","","9999","","0","","N","","3 ","","","","","","","","","","2","2","0","0","0","0","0","0","0","0","1","0","1","0","0","0","0","0","0","0","0","0","0","0","0","0","0","0","0","0","0","0","0","0","0","3","0","","","","CRASH_2001_Philadelphia"
"2001223901","06","67","67301","67301","2001","03","2","0207","02","3","1","0","7","5","","","N","01","0","00","3","0","0","3","1","N","N","","","9999","","9999","","0","","N","","0 ","","","","","","","","","","1","1","0","0","0","0","0","0","0","0","0","0","0","0","0","0","0","1","0","0","0","0","0","0","0","0","0","0","0","0","0","0","0","0","0","0","0","","","","CRASH_2001_Philadelphia"
"2001233354","06","67","67301","67301","2001","03","4","2000","20","3","2","1","4","1","","","N","01","2","00","3","0","1","4","2","N","N","40 00:19.440","75 06:33.480","9999","","9999","","0","","N","","3 ","","","","","","","","","","2","2","0","0","0","0","0","0","0","0","0","1","1","0","0","0","0","0","0","0","0","0","0","0","0","0","0","0","0","0","0","0","0","0","0","4","0","40.0054","-75.1093","","CRASH_2001_Philadelphia"