"CRN","DISTRICT","COUNTY","MUNICIPALITY","POLICE_AGCY","CRASH_YEAR","CRASH_MONTH","DAY_OF_WEEK","TIME_OF_DAY","HOUR_OF_DAY","ILLUMINATION","WEATHER","ROAD_CONDITION","COLLISION_TYPE","RELATION_TO_ROAD","WORK_ZONE_TYPE","WORK_ZONE_LOC","WORK_ZONE_IND","INTERSECT_TYPE","TCD_TYPE","LOCATION_TYPE","URBAN_RURAL","FATAL_COUNT","INJURY_COUNT","PERSON_COUNT","TOTAL_UNITS","SCH_BUS_IND","SCH_ZONE_IND","LATITUDE","LONGITUDE","ARRIVAL_TM","CONS_ZONE_SPD_LIM","DISPATCH_TM","EST_HRS_CLOSED","LANE_CLOSED","LN_CLOSE_DIR","NTFY_HIWY_MAINT","SPEC_JURIS_CD","TCD_FUNC_CD","TFC_DETOUR_IND","WORKERS_PRES","WZ_CLOSE_DETOUR","WZ_FLAGGER","WZ_LAW_OFFCR_IND","WZ_LN_CLOSURE","WZ_MOVING","WZ_OTHER","WZ_SHLDER_MDN","VEHICLE_COUNT","AUTOMOBILE_COUNT","MOTORCYCLE_COUNT","BUS_COUNT","SMALL_TRUCK_COUNT","HEAVY_TRUCK_COUNT","SUV_COUNT","VAN_COUNT","BICYCLE_COUNT","MAJ_INJ_COUNT","MOD_INJ_COUNT","MIN_INJ_COUNT","TOT_INJ_COUNT","UNK_INJ_DEG_COUNT","UNK_INJ_PER_COUNT","DRIVER_COUNT_16YR","DRIVER_COUNT_17YR","DRIVER_COUNT_18YR","DRIVER_COUNT_19YR","DRIVER_COUNT_20YR","DRIVER_COUNT_50_64YR","DRIVER_COUNT_65_74YR","DRIVER_COUNT_75PLUS","UNBELTED_OCC_COUNT","UNB_DEATH_COUNT","UNB_MAJ_INJ_COUNT","BELTED_DEATH_COUNT","BELTED_MAJ_INJ_COUNT","MCYCLE_DEATH_COUNT","MCYCLE_MAJ_INJ_COUNT","BICYCLE_DEATH_COUNT","BICYCLE_MAJ_INJ_COUNT","PED_COUNT","PED_DEATH_COUNT","PED_MAJ_INJ_COUNT","MAX_SEVERITY_LEVEL","COMM_VEH_COUNT","DEC_LAT","DEC_LONG","RDWY_SURF_TYPE_CD","COUNTY_YEAR"
"2001214596","06","67","67301","67301","2001","02","3","1035","10","1","1","0","4","1","","","N","02","3","00","3","0","2","3","2","N","N","39 58:49.800","75 11:52.800","9999","","9999","","0","","N","","3 ","","","","","","","","","","2","1","0","0","1","0","0","0","0","0","2","0","2","0","0","0","0","0","0","0","1","0","0","0","0","0","0","0","0","0","0","0","0","0","0","3","0","39.9805","-75.1978","","CRASH_2001_Philadelphia"
"2001238194","06","67","67301","67301","2001","04","4","1800","18","1","1","0","8","1","","","N","01","3","00","3","0","1","2","2","N","N","","","9999","","9999","","0","","N","","3 ","","","","","","","","","","1","1","0","0","0","0","0","0","0","0","0","1","1","0","0","0","0","0","0","0","1","0","0","0","0","0","0","0","0","0","0","0","1","0","0","4","0","","","","CRASH_2001_Philadelphia"
"2001211690","06","67","67301","67301","2001","01","5","2152","21","3","1","0","9","1","","","N","00","0","00","3","0","1","1","2","N","N","","","9999","","9999","","0","","N","","0 ","","","","","","","","","","2","1","0","0","0","0","0","0","0","0","0","0","0","0","1","0","0","0","0","0","0","0","0","0","0","0","0","0","0","0","0","0","0","0","0","9","0","","","","CRASH_2001_Philadelphia"
"2001214400","06","67","67301","67301","2001","02","4","2025","20","3","1","0","7","5","","","N","00","0","00","3","0","1","1","1","N","N","","","9999","","9999","","0","","N","","0 ","","","","","","","","","","1","0","0","0","0","0","0","1","0","0","0","0","0","0","1","0","0","0","0","0","0","1","0","0","0","0","0","0","0","0","0","0","0","0","0","9","0","","","","CRASH_2001_Philadelphia"
"2001217203","06","67","67301","67301","2001","03","2","1513","15","1","3","1","7","5","","","N","00","0","00","3","0","1","1","1","N","N","39 54:24.120","75 08:58.920","9999","","9999","","0","","N","","0 ","","","","","","","","","","1","1","0","0","0","0","0","0","0","0","0","1","1","0","0","0","0","0","0","0","0","1","0","0","0","0","0","0","0","0","0","0","0","0","0","4","0","39.9079","-75.1493","","CRASH_2001_Philadelphia"
"2001231147","06","67","67301","67301","2001","03","2","1840","18","3","1","0","8","1","","","N","02","9","00","3","0","1","2","2","N","N","","","9999","","9999","","0","","N","","9 ","","","","","","","","","","1","1","0","0","0","0","0","0","0","0","0","1","1","0","0","0","0","0","0","0","0","0","0","0","0","0","0","0","0","0","0","0","1","0","0","4","0","","","","CRASH_2001_Philadelphia"
"2001231559","06","67","67301","67301","2001","03","2","1133","11","1","1","0","8","1","","","N","00","0","07","3","0","1","2","2","N","N","","","9999","","9999","","0","","N","","0 ","","","","","","","","","","1","0","0","0","0","0","0","1","0","0","0","1","1","0","0","0","0","0","0","0","0","0","0","0","0","0","0","0","0","0","0","0","1","0","0","4","0","","","","CRASH_2001_Philadelphia"
"2001207449","06","67","67301","67301","2001","01","2","1540","15","1","1","0","4","1","","","N","01","2","00","3","0","2","4","2","N","N","40 07:54.120","75 00:43.920","9999","","9999","","0","","N","","3 ","","","","","","","","","","2","1","0","0","0","0","0","1","0","0","2","0","2","0","0","0","0","0","0","0","1","0","0","0","0","0","0","0","0","0","0","0","0","0","0","3","0","40.1317","-75.0122","","CRASH_2001_Philadelphia"
"2001208970","06","67","67301","67301","2001","02","5","0700","07","5","1","0","4","1","","","N","00","0","07","3","0","3","3","2","N","N","39 54:48.240","75 14:36.240","9999","","9999","","0","","N","","0 ","","","","","","","","","","2","2","0","0","0","0","0","0","0","0","0","3","3","0","0","0","0","0","0","0","0","1","0","0","0","0","0","0","0","0","0","0","0","0","0","4","0","39.9134","-75.2433","","CRASH_2001_Philadelphia"
"2001209017","06","67","67301","67301","2001","01","7","2345","23","2","4","3","9","1","","","N","00","0","00","3","0","1","1","2","N","N","","","9999","","9999","","0","","N","","0 ","","","","","","","","","","2","1","0","0","0","0","0","0","0","0","0","1","1","0","0","0","0","0","0","0","0","0","0","0","0","0","0","0","0","0","0","0","0","0","0","4","0","","","","CRASH_2001_Philadelphia"
"2001243660","06","67","67301","67301","2001","05","3","1550","15","1","1","0","1","1","","","N","01","2","00","3","0","1","3","2","N","N","","","9999","","9999","","0","","N","","3 ","","","","","","","","","","2","1","0","0","0","1","0","0","0","0","0","1","1","0","0","0","0","0","0","0","0","0","0","0","0","0","0","0","0","0","0","0","0","0","0","4","0","","","","CRASH_2001_Philadelphia"
"2001244690","06","67","67301","67301","2001","04","6","1638","16","1","1","0","4","1","","","N","01","2","00","3","0","1","2","2","N","N","39 56:26.160","75 13:08.040","9999","","9999","","0","","N","","3 ","","","","","","","","","","2","2","0","0","0","0","0","0","0","0","0","0","0","0","1","0","0","0","0","0","0","1","0","0","0","0","0","0","0","0","0","0","0","0","0","9","0","39.9406","-75.2189","","CRASH_2001_Philadelphia"
"2001244782","06","67","67301","67301","2001","05","5","0825","08","1","1","0","1","1","","","N","00","0","00","3","0","1","2","2","N","N","40 03:42.480","75 14:14.640","9999","","9999","","0","","N","","0 ","","","","","","","","","","2","2","0","0","0","0","0","0","0","0","0","1","1","0","0","0","0","0","0","0","0","0","0","0","0","0","0","0","0","0","0","0","0","0","0","4","0","40.0617","-75.2374","","CRASH_2001_Philadelphia"
"2001010382","06","67","67301","67301","2001","06","3","0800","08","1","1","0","8","1","","","N","01","2","00","3","0","1","2","2","N","Y","40 00:27.858","75 08:19.754","0808","","0803","","0","","N","","3 ","","","","","","","","","","1","1","0","0","0","0","0","0","0","0","0","1","1","0","0","0","0","0","0","0","0","0","0","0","0","0","0","0","0","0","0","0","1","0","0","4","0","40.0077","-75.1388","","CRASH_2001_Philadelphia"
"2001208958","06","67","67301","67301","2001","01","7","1030","10","1","2","1","4","1","","","N","01","3","00","3","0","1","2","2","N","N","40 01:44.014","75 07:59.505","9999","","9999","","0","","N","","3 ","","","","","","","","","","2","2","0","0","0","0","0","0","0","0","0","1","1","0","0","0","0","0","0","0","0","0","0","0","0","0","0","0","0","0","0","0","0","0","0","4","0","40.0289","-75.1332","","CRASH_2001_Philadelphia"
"2001215505","06","67","67301","67301","2001","03","2","1325","13","1","4","3","8","1","","","N","00","0","00","3","0","1","2","2","N","N","40 03:04.680","75 03:58.320","9999","","9999","","0","","N","","0 ","","","","","","","","","","1","1","0","0","0","0","0","0","0","0","0","1","1","0","0","0","0","0","0","0","1","0","0","0","0","0","0","0","0","0","0","0","1","0","0","4","0","40.0513","-75.0662","","CRASH_2001_Philadelphia"
"2001217031","06","67","67301","67301","2001","03","3","0600","06","1","2","1","1","1","","","N","01","2","00","3","0","1","2","2","N","N","39 54:20.520","75 11:37.680","9999","","9999","","0","","N","","3 ","","","","","","","","","","2","2","0","0","0","0","0","0","0","0","0","1","1","0","0","0","0","0","0","0","0","0","0","0","0","0","0","0","0","0","0","0","0","0","0","4","0","39.9057","-75.1938","","CRASH_2001_Philadelphia"
"2001231171","06","67","67301","67301","2001","03","4","1650","16","1","2","1","4","1","","","N","01","2","00","3","0","1","2","2","N","N","40 05:12.120","74 58:18.480","9999","","9999","","0","","N","","3 ","","","","","","","","","","2","2","0","0","0","0","0","0","0","0","0","1","1","0","0","0","0","0","0","0","0","0","0","0","0","0","0","0","0","0","0","0","0","0","0","4","0","40.0868","-74.972","","CRASH_2001_Philadelphia"
"2001233544","06","67","67301","67301","2001","04","1","0017","00","3","1","0","4","1","","","N","01","2","00","3","0","1","3","3","N","N","39 57:50.400","75 10:28.560","9999","","9999","","0","","N","","3 ","","","","","","","","","","3","3","0","0","0","0","0","0","0","0","0","1","1","0","0","0","0","1","0","0","0","0","0","0","0","0","0","0","0","0","0","0","0","0","0","4","0","39.964","-75.1746","","CRASH_2001_Philadelphia"
"2001210620","06","67","67301","67301","2001","02","4","1135","11","1","1","0","4","1","","","N","01","2","00","3","0","2","4","4","N","N","40 03:28.800","75 00:30.960","9999","","9999","","0","","N","","3 ","","","","","","","","","","2","2","0","0","0","0","0","0","0","0","0","2","2","0","0","0","0","0","0","0","1","1","0","0","0","0","0","0","0","0","0","0","2","0","0","4","0","40.0578","-75.0087","","CRASH_2001_Philadelphia"
"2001239067","06","67","67301","67301","2001","04","5","2111","21","3","1","0","8","1","","","N","00","0","00","3","0","1","2","2","N","N","39 59:01.680","75 10:36.840","9999","","9999","","0","","N","","0 ","","","","","","","","","","1","1","0","0","0","0","0","0","0","0","0","1","1","0","0","0","0","0","0","0","0","0","0","0","0","0","0","0","0","0","0","0","1","0","0","4","0","39.9838","-75.1768","","CRASH_2001_Philadelphia"
"2001207495","06","67","67301","67301","2001","01","3","1734","17","4","1","0","1","1","","","N","01","3","00","3","0","1","2","2","N","N","40 01:03.720","75 02:52.080","9999","","9999","","0","","N","","3 ","","","","","","","","","","2","1","0","0","1","0","0","0","0","0","0","1","1","0","0","0","0","0","0","0","1","0","0","0","0","0","0","0","0","0","0","0","0","0","0","4","0","40.0173","-75.0478","","CRASH_2001_Philadelphia"
"2001209127","06","67","67301","67301","2001","01","1","0453","04","3","1","0","7","5","","","N","00","0","00","3","0","1","1","1","N","N","","","9999","","9999","","0","","N","","0 ","","","","","","","","","","1","1","0","0","0","0","0","0","0","0","0","0","0","0","1","0","0","0","0","0","0","0","0","0","0","0","0","0","0","0","0","0","0","0","0","9","0","","","","CRASH_2001_Philadelphia"
"2001210882","06","67","67301","67301","2001","01","2","1140","11","1","1","0","5","1","","","N","00","0","00","3","0","0","1","2","N","N","","","9999","","9999","","0","","N","","0 ","","","","","","","","","","2","1","0","0","0","0","1","0","0","0","0","0","0","0","0","0","0","0","0","0","1","0","0","0","0","0","0","0","0","0","0","0","0","0","0","0","0","","","","CRASH_2001_Philadelphia"
"2001211433","06","67","67301","67301","2001","02","4","1824","18","3","2","1","8","1","","","N","01","2","00","3","0","1","2","2","N","N","39 56:56.400","75 09:43.200","9999","","9999","","0","","N","","3 ","","","","","","","","","","1","1","0","0","0","0","0","0","0","0","0","1","1","0","0","0","0","0","0","0","1","0","0","0","0","0","0","0","0","0","0","0","1","0","0","4","0","39.949","-75.162","","CRASH_2001_Philadelphia"
"2001233089","06","67","67301","67301","2001","04","4","0700","07","1","1","0","4","1","","","N","01","2","00","3","0","0","3","2","N","N","40 04:50.160","75 01:41.880","9999","","9999","","0","","N","","3 ","","","","","","","","","","2","1","0","0","0","0","0","1","0","0","0","0","0","0","0","0","0","0","0","0","0","1","0","0","0","0","0","0","0","0","0","0","0","0","0","0","0","40.0808","-75.0284","","CRASH_2001_Philadelphia"
"2001204667","06","67","67301","67301","2001","01","6","2348","23","3","1","0","1","1","","","N","01","2","00","3","0","2","5","2","N","N","39 57:13.320","75 11:55.320","9999","","9999","","0","","N","","3 ","","","","","","","","","","2","2","0","0","0","0","0","0","0","0","0","2","2","0","0","0","0","0","0","0","0","0","0","4","0","0","0","0","0","0","0","0","0","0","0","4","0","39.953","-75.1988","","CRASH_2001_Philadelphia"
"2001204694","06","67","67301","67301","2001","01","1","0440","04","3","1","0","4","1","","","N","02","2","00","3","0","1","2","2","N","N","40 01:04.440","75 03:05.040","9999","","9999","","0","","N","","3 ","","","","","","","","","","2","2","0","0","0","0","0","0","0","0","0","1","1","0","0","0","0","0","0","0","1","0","0","0","0","0","0","0","0","0","0","0","0","0","0","4","0","40.018","-75.0514","","CRASH_2001_Philadelphia"
"2001206250","06","67","67301","67301","2001","01","1","1522","15","1","1","0","4","1","","","N","01","3","00","3","0","1","4","2","N","N","39 59:34.288","75 09:31.366","9999","","9999","","0","","N","","3 ","","","","","","","","","","2","2","0","0","0","0","0","0","0","0","0","0","0","0","1","0","0","0","0","0","1","0","0","0","0","0","0","0","0","0","0","0","0","0","0","9","0","39.9929","-75.1587","","CRASH_2001_Philadelphia"
"2001213155","06","67","67301","67301","2001","02","1","1301","13","1","1","0","1","1","","","N","06","4","02","3","0","1","7","2","N","N","39 57:34.200","75 10:51.240","9999","","9999","","0","","N","","3 ","","","","","","","","","","2","2","0","0","0","0","0","0","0","0","0","1","1","0","0","0","0","0","0","0","0","0","0","0","0","0","0","0","0","0","0","0","0","0","0","4","0","39.9598","-75.1812","","CRASH_2001_Philadelphia"
"2001214575","06","67","67301","67301","2001","02","1","0840","08","1","2","1","4","1","","","N","01","2","00","3","0","0","2","2","N","N","39 58:00.120","75 10:44.760","9999","","9999","","0","","N","","3 ","","","","","","","","","","2","1","0","0","0","1","0","0","0","0","0","0","0","0","0","0","0","0","0","0","0","0","0","0","0","0","0","0","0","0","0","0","0","0","0","0","0","39.9667","-75.1791","","CRASH_2001_Philadelphia"
"2001223837","06","67","67301","67301","2001","03","2","1615","16","1","1","0","4","1","","","N","01","3","00","3","0","2","3","2","N","N","","","9999","","9999","","0","","N","","3 ","","","","","","","","","","2","1","0","0","1","0","0","0","0","0","0","2","2","0","0","0","0","0","0","2","0","0","0","0","0","0","0","0","0","0","0","0","0","0","0","4","0","","","","CRASH_2001_Philadelphia"
"2001215730","06","67","67301","67301","2001","03","2","1750","17","3","3","5","5","1","","","N","00","0","00","3","0","2","2","2","N","N","40 01:13.800","75 09:17.280","9999","","9999","","0","","N","","0 ","","","","","","","","","","2","2","0","0","0","0","0","0","0","0","0","1","1","0","1","0","0","0","0","0","1","0","0","0","0","0","0","0","0","0","0","0","0","0","0","4","0","40.0204","-75.1547","","CRASH_2001_Philadelphia"
"2001233290","06","67","67301","67301","2001","03","5","1940","19","2","2","1","4","1","","","N","01","2","00","3","0","1","3","2","N","N","39 54:20.520","75 11:37.680","9999","","9999","","0","","N","","3 ","","","","","","","","","","2","0","0","0","0","1","1","0","0","0","0","1","1","0","0","0","0","0","0","0","1","0","0","0","0","0","0","0","0","0","0","0","0","0","0","4","0","39.9057","-75.1938","","CRASH_2001_Philadelphia"
"2001008638","06","67","67301","67301","2001","06","4","1820","18","1","1","0","8","1","","","N","00","0","00","3","0","1","2","2","N","N","39 59:28.223","75 06:05.431","1825","","1820","","0","","N","","0 ","","","","","","","","","","1","1","0","0","0","0","0","0","0","0","0","1","1","0","0","0","0","0","0","0","0","0","0","0","0","0","0","0","0","0","0","0","1","0","0","4","0","39.9911","-75.1015","","CRASH_2001_Philadelphia"
"2001207362","06","67","67301","67301","2001","01","3","1628","16","1","1","5","4","1","","","N","00","0","07","3","0","0","2","2","N","N","","","9999","","9999","","0","","N","","0 ","","","","","","","","","","2","2","0","0","0","0","0","0","0","0","0","0","0","0","0","0","0","0","0","0","1","0","0","0","0","0","0","0","0","0","0","0","0","0","0","0","0","","","","CRASH_2001_Philadelphia"
"2001209054","06","67","67301","67301","2001","01","4","1515","15","1","1","0","4","1","","","N","01","2","00","3","0","1","2","2","N","N","39 59:49.560","75 05:22.560","9999","","9999","","0","","N","","3 ","","","","","","","","","","2","2","0","0","0","0","0","0","0","0","0","1","1","0","0","0","0","0","0","0","1","0","0","0","0","0","0","0","0","0","0","0","0","0","0","4","0","39.9973","-75.0895","","CRASH_2001_Philadelphia"
"2001006951","06","67","67301","67301","2001","05","6","1601","16","1","5","0","5","1","","","N","00","0","00","3","0","1","1","2","N","N","39 59:49.847","75 04:25.652","1614","","1606","","0","","N","","0 ","","","","","","","","","","2","2","0","0","0","0","0","0","0","0","0","1","1","0","0","0","0","0","0","0","0","1","0","0","0","0","0","0","0","0","0","0","0","0","0","4","0","39.9971","-75.0739","","CRASH_2001_Philadelphia"
"2001215468","06","67","67301","67301","2001","03","6","1933","19","3","1","0","4","1","","","N","01","2","00","3","0","2","5","2","N","N","40 04:28.560","75 02:06.360","9999","","9999","","0","","N","","3 ","","","","","","","","","","2","1","0","0","0","0","1","0","0","0","0","2","2","0","0","0","0","0","0","0","0","0","0","2","0","0","0","0","0","0","0","0","0","0","0","4","0","40.0746","-75.0351","","CRASH_2001_Philadelphia"
"2001240208","06","67","67301","67301","2001","04","5","0925","09","1","1","0","7","5","","","N","00","0","00","3","0","1","1","3","N","N","40 03:46.080","75 03:28.440","9999","","9999","","0","","N","","0 ","","","","","","","","","","3","1","0","0","0","0","0","0","0","0","0","1","1","0","0","0","0","0","0","0","0","0","1","1","0","0","0","0","0","0","0","0","0","0","0","4","0","40.0629","-75.0579","","CRASH_2001_Philadelphia"
"2001206170","06","67","67301","67301","2001","01","4","2135","21","3","1","0","4","1","","","N","01","2","00","3","0","1","3","2","N","N","39 54:50.400","75 08:59.640","9999","","9999","","0","","N","","3 ","","","","","","","","","","2","2","0","0","0","0","0","0","0","0","0","1","1","0","0","0","0","0","0","0","0","0","0","0","0","0","0","0","0","0","0","0","0","0","0","4","0","39.914","-75.1499","","CRASH_2001_Philadelphia"
"2001208921","06","67","67301","67301","2001","01","6","9999","99","3","6","1","5","1","","","N","01","2","00","3","0","3","4","3","N","N","39 57:22.320","75 14:53.520","9999","","9999","","0","","N","","3 ","","","","","","","","","","3","3","0","0","0","0","0","0","0","0","0","3","3","0","0","0","0","1","0","0","1","0","0","0","0","0","0","0","0","0","0","0","0","0","0","4","0","39.9562","-75.2481","","CRASH_2001_Philadelphia"
"2001211700","06","67","67301","67301","2001","02","1","1824","18","3","1","0","1","1","","","N","00","0","00","3","0","0","2","2","N","N","","","9999","","9999","","0","","N","","0 ","","","","","","","","","","2","2","0","0","0","0","0","0","0","0","0","0","0","0","0","0","0","0","0","0","0","1","0","0","0","0","0","0","0","0","0","0","0","0","0","0","0","","","","CRASH_2001_Philadelphia"
"2001223832","06","67","67301","67301","2001","03","2","0824","08","1","1","0","8","1","","","N","01","2","00","3","0","1","2","2","N","N","39 57:15.840","75 10:17.040","9999","","9999","","0","","N","","3 ","","","","","","","","","","1","1","0","0","0","0","0","0","0","0","0","0","0","0","1","0","0","0","0","0","0","0","0","0","0","0","0","0","0","0","0","0","1","0","0","9","0","39.9544","-75.1714","","CRASH_2001_Philadelphia"
"2001211372","06","67","67301","67301","2001","02","3","1630","16","1","1","0","8","1","","","N","01","2","00","3","0","1","2","2","N","N","39 55:43.586","75 09:53.449","9999","","9999","","0","","N","","3 ","","","","","","","","","","1","0","0","0","0","0","0","0","0","0","1","0","1","0","0","0","0","0","0","0","0","0","0","0","0","0","0","0","0","0","0","0","1","0","0","3","0","39.9288","-75.1648","","CRASH_2001_Philadelphia"
"2001233187","06","67","67301","67301","2001","04","6","1207","12","1","2","1","4","1","","","N","01","3","00","3","0","0","2","2","N","N","40 01:23.671","75 12:32.119","9999","","9999","","0","","N","","3 ","","","","","","","","","","2","2","0","0","0","0","0","0","0","0","0","0","0","0","0","0","0","0","0","0","0","1","1","0","0","0","0","0","0","0","0","0","0","0","0","0","0","40.0232","-75.2089","","CRASH_2001_Philadelphia"
"2001007410","06","67","67301","67301","2001","06","5","0115","01","3","1","0","7","2","1","8","Y","00","0","00","3","0","1","1","1","N","N","39 58:28.560","75 07:06.240","0117","40","0115","3","1","2","Y","","0 ","N","Y","","","U","Y","Y","Y","Y","1","1","0","0","0","0","0","0","0","1","0","0","1","0","0","0","0","0","0","0","0","0","0","1","0","1","0","0","0","0","0","0","0","0","0","2","0","39.9754","-75.1166","","CRASH_2001_Philadelphia"
"2001205952","06","67","67301","67301","2001","01","3","1055","10","1","1","0","4","1","","","N","01","2","00","3","0","0","2","2","N","N","","","9999","","9999","","0","","N","","3 ","","","","","","","","","","2","2","0","0","0","0","0","0","0","0","0","0","0","0","0","0","0","0","0","0","1","0","0","0","0","0","0","0","0","0","0","0","0","0","0","0","0","","","","CRASH_2001_Philadelphia"
"2001215578","06","67","67301","67301","2001","02","7","1650","16","1","1","0","4","1","","","N","01","2","00","3","0","1","2","2","N","N","39 59:30.840","75 08:25.080","9999","","9999","","0","","N","","3 ","","","","","","","","","","2","2","0","0","0","0","0","0","0","0","0","1","1","0","0","0","0","0","0","0","0","0","0","0","0","0","0","0","0","0","0","0","0","0","0","4","0","39.9919","-75.1403","","CRASH_2001_Philadelphia"
"2001216923","06","67","67301","67301","2001","03","1","0356","03","3","1","0","7","1","1","8","Y","00","0","00","3","0","1","1","1","N","N","39 58:02.280","75 07:44.040","9999","99","9999","","0","","N","","0 ","","U","","","U","","","","","1","1","0","0","0","0","0","0","0","0","1","0","1","0","0","0","0","0","0","0","0","0","0","0","0","0","0","0","0","0","0","0","0","0","0","3","0","39.9669","-75.1295","","CRASH_2001_Philadelphia"
"2001217001","06","67","67301","67301","2001","03","1","1841","18","4","1","0","4","1","","","N","01","2","00","3","0","2","5","2","N","N","","","9999","","9999","","0","","N","","3 ","","","","","","","","","","2","2","0","0","0","0","0","0","0","0","0","2","2","0","0","0","0","0","1","0","0","0","0","5","0","0","0","0","0","0","0","0","0","0","0","4","0","","","","CRASH_2001_Philadelphia"
"2001223874","06","67","67301","67301","2001","03","1","1335","13","1","1","0","5","1","","","N","00","0","00","3","0","1","3","2","N","N","","","9999","","9999","","0","","N","","0 ","","","","","","","","","","2","2","0","0","0","0","0","0","0","0","0","1","1","0","0","0","0","0","0","0","0","0","0","0","0","0","0","0","0","0","0","0","0","0","0","4","0","","","","CRASH_2001_Philadelphia"
"2001233175","06","67","67301","67301","2001","03","6","1930","19","3","1","0","4","1","","","N","01","2","00","3","0","0","3","2","N","N","","","9999","","9999","","0","","N","","3 ","","","","","","","","","","2","2","0","0","0","0","0","0","0","0","0","0","0","0","0","0","0","0","0","0","0","0","0","0","0","0","0","0","0","0","0","0","0","0","0","0","0","","","","CRASH_2001_Philadelphia"
"2001223871","06","67","67301","67301","2001","03","3","1150","11","1","1","0","8","1","","","N","00","0","00","3","0","1","2","2","N","N","","","9999","","9999","","0","","N","","0 ","","","","","","","","","","1","1","0","0","0","0","0","0","0","0","0","1","1","0","0","0","0","0","0","0","0","0","0","0","0","0","0","0","0","0","0","0","1","0","0","4","0","","","","CRASH_2001_Philadelphia"
"2001007233","06","67","67301","67301","2001","06","4","1928","19","1","1","0","8","1","","","N","01","2","00","3","0","1","2","2","N","N","39 57:13.680","75 09:59.760","1440","","1439","","0","","N","","3 ","","","","","","","","","","1","1","0","0","0","0","0","0","0","0","0","1","1","0","0","0","0","0","0","0","1","0","0","1","0","0","0","0","0","0","0","0","1","0","0","4","0","39.9538","-75.1666","","CRASH_2001_Philadelphia"
"2001010304","06","67","67301","67301","2001","06","3","0300","03","3","1","1","7","4","","","N","00","0","01","3","0","2","2","2","N","N","39 57:38.162","75 13:45.169","0314","","0306","","0","","N","","0 ","","","","","","","","","","2","2","0","0","0","0","0","0","0","1","1","0","2","0","0","0","0","0","0","1","0","0","0","0","0","0","0","0","0","0","0","0","0","0","0","2","0","39.9606","-75.2292","","CRASH_2001_Philadelphia"
"2001205993","06","67","67301","67301","2001","01","6","1230","12","1","4","3","1","1","","","N","01","2","00","3","0","0","2","2","N","N","39 53:31.560","75 14:33.360","9999","","9999","","0","","N","","3 ","","","","","","","","","","2","2","0","0","0","0","0","0","0","0","0","0","0","0","0","0","0","0","0","0","0","0","0","0","0","0","0","0","0","0","0","0","0","0","0","0","0","39.8919","-75.2419","","CRASH_2001_Philadelphia"
"2001207412","06","67","67301","67301","2001","01","6","1515","15","1","1","0","1","1","","","N","05","2","00","3","0","2","2","2","N","N","40 04:37.920","75 05:07.080","9999","","9999","","0","","N","","3 ","","","","","","","","","","2","1","0","0","0","0","0","1","0","0","0","1","1","0","1","0","0","0","0","0","0","0","0","0","0","0","0","0","0","0","0","0","0","0","0","4","0","40.0772","-75.0853","","CRASH_2001_Philadelphia"
"2001207478","06","67","67301","67301","2001","01","6","2230","22","3","2","1","9","1","","","N","00","0","00","3","0","1","1","2","N","N","39 57:07.920","75 08:44.160","9999","","9999","","0","","N","","0 ","","","","","","","","","","2","0","0","0","0","0","0","0","0","0","0","0","0","0","1","0","0","0","0","0","0","0","0","0","0","0","0","0","0","0","0","0","0","0","0","9","0","39.9522","-75.1456","","CRASH_2001_Philadelphia"
"2001215542","06","67","67301","67301","2001","03","5","0908","09","1","1","0","1","1","","","N","00","0","00","3","0","0","5","3","N","N","","","9999","","9999","","0","","N","","0 ","","","","","","","","","","3","3","0","0","0","0","0","0","0","0","0","0","0","0","0","0","0","0","0","0","2","0","0","0","0","0","0","0","0","0","0","0","0","0","0","0","0","","","","CRASH_2001_Philadelphia"
"2001217040","06","67","67301","67301","2001","03","7","1510","15","1","1","0","4","1","","","N","05","1","02","3","0","0","2","2","N","N","40 00:53.280","75 12:23.040","9999","","9999","","0","","N","","3 ","","","","","","","","","","2","2","0","0","0","0","0","0","0","0","0","0","0","0","0","0","0","0","0","0","0","0","0","0","0","0","0","0","0","0","0","0","0","0","0","0","0","40.0149","-75.2067","","CRASH_2001_Philadelphia"
"2001223911","06","67","67301","67301","2001","03","7","1913","19","3","2","1","8","1","","","N","00","0","00","3","0","1","2","2","N","N","40 02:00.240","75 04:18.840","9999","","9999","","0","","N","","0 ","","","","","","","","","","1","1","0","0","0","0","0","0","0","0","0","1","1","0","0","0","0","0","0","0","0","0","0","0","0","0","0","0","0","0","0","0","1","0","0","4","0","40.0335","-75.0719","","CRASH_2001_Philadelphia"
"2001238248","06","67","67301","67301","2001","04","5","1910","19","3","1","0","7","5","","","N","00","0","00","3","0","0","1","3","N","N","","","9999","","9999","","0","","N","","0 ","","","","","","","","","","3","1","0","0","0","0","0","0","0","0","0","0","0","0","0","1","0","0","0","0","0","0","0","0","0","0","0","0","0","0","0","0","0","0","0","0","0","","","","CRASH_2001_Philadelphia"
"2001243271","06","67","67301","67301","2001","04","7","0215","02","3","1","0","7","5","","","N","00","0","00","3","0","0","1","1","N","N","39 58:01.920","75 07:44.760","9999","","9999","","0","","N","","0 ","","","","","","","","","","1","1","0","0","0","0","0","0","0","0","0","0","0","0","0","0","0","0","0","0","0","0","0","0","0","0","0","0","0","0","0","0","0","0","0","0","0","39.9675","-75.1289","","CRASH_2001_Philadelphia"