"CRN","DISTRICT","COUNTY","MUNICIPALITY","POLICE_AGCY","CRASH_YEAR","CRASH_MONTH","DAY_OF_WEEK","TIME_OF_DAY","HOUR_OF_DAY","ILLUMINATION","WEATHER","ROAD_CONDITION","COLLISION_TYPE","RELATION_TO_ROAD","WORK_ZONE_TYPE","WORK_ZONE_LOC","WORK_ZONE_IND","INTERSECT_TYPE","TCD_TYPE","LOCATION_TYPE","URBAN_RURAL","FATAL_COUNT","INJURY_COUNT","PERSON_COUNT","TOTAL_UNITS","SCH_BUS_IND","SCH_ZONE_IND","LATITUDE","LONGITUDE","ARRIVAL_TM","CONS_ZONE_SPD_LIM","DISPATCH_TM","EST_HRS_CLOSED","LANE_CLOSED","LN_CLOSE_DIR","NTFY_HIWY_MAINT","SPEC_JURIS_CD","TCD_FUNC_CD","TFC_DETOUR_IND","WORKERS_PRES","WZ_CLOSE_DETOUR","WZ_FLAGGER","WZ_LAW_OFFCR_IND","WZ_LN_CLOSURE","WZ_MOVING","WZ_OTHER","WZ_SHLDER_MDN","VEHICLE_COUNT","AUTOMOBILE_COUNT","MOTORCYCLE_COUNT","BUS_COUNT","SMALL_TRUCK_COUNT","HEAVY_TRUCK_COUNT","SUV_COUNT","VAN_COUNT","BICYCLE_COUNT","MAJ_INJ_COUNT","MOD_INJ_COUNT","MIN_INJ_COUNT","TOT_INJ_COUNT","UNK_INJ_DEG_COUNT","UNK_INJ_PER_COUNT","DRIVER_COUNT_16YR","DRIVER_COUNT_17YR","DRIVER_COUNT_18YR","DRIVER_COUNT_19YR","DRIVER_COUNT_20YR","DRIVER_COUNT_50_64YR","DRIVER_COUNT_65_74YR","DRIVER_COUNT_75PLUS","UNBELTED_OCC_COUNT","UNB_DEATH_COUNT","UNB_MAJ_INJ_COUNT","BELTED_DEATH_COUNT","BELTED_MAJ_INJ_COUNT","MCYCLE_DEATH_COUNT","MCYCLE_MAJ_INJ_COUNT","BICYCLE_DEATH_COUNT","BICYCLE_MAJ_INJ_COUNT","PED_COUNT","PED_DEATH_COUNT","PED_MAJ_INJ_COUNT","MAX_SEVERITY_LEVEL","COMM_VEH_COUNT","DEC_LAT","DEC_LONG","RDWY_SURF_TYPE_CD","COUNTY_YEAR"
"2001243635","06","67","67301","67301","2001","04","1","2354","23","3","1","0","5","1","","","N","00","0","00","3","0","1","4","2","N","N","39 55:46.920","75 08:39.840","9999","","9999","","0","","N","","0 ","","","","","","","","","","2","1","0","0","0","0","1","0","0","0","0","1","1","0","0","0","0","0","1","0","0","0","0","0","0","0","0","0","0","0","0","0","0","0","0","4","0","39.9296","-75.1445","","CRASH_2001_Philadelphia"
"2001017679","06","67","67301","67301","2001","05","7","1610","16","1","1","0","8","1","","","N","01","2","00","3","0","1","2","2","N","N","39 59:05.048","75 06:10.802","1617","","1613","","0","","N","","3 ","","","","","","","","","","1","0","0","1","0","0","0","0","0","0","0","1","1","0","0","0","0","0","0","0","0","0","0","0","0","0","0","0","0","0","0","0","1","0","0","4","1","39.9847","-75.103","","CRASH_2001_Philadelphia"
"2001215609","06","67","67301","67301","2001","02","1","0024","00","3","3","1","8","1","","","N","01","2","00","3","0","1","2","2","N","N","40 03:08.460","75 09:27.889","9999","","9999","","0","","N","","3 ","","","","","","","","","","1","0","0","0","0","0","0","0","0","0","0","1","1","0","0","0","0","0","0","0","0","0","0","0","0","0","0","0","0","0","0","0","1","0","0","4","0","40.0524","-75.1577","","CRASH_2001_Philadelphia"
"2001215731","06","67","67301","67301","2001","03","2","0607","06","3","3","2","1","1","","","N","00","0","00","3","0","0","2","2","N","N","40 01:13.800","75 09:30.960","9999","","9999","","0","","N","","0 ","","","","","","","","","","2","2","0","0","0","0","0","0","0","0","0","0","0","0","0","0","0","0","0","0","0","0","0","0","0","0","0","0","0","0","0","0","0","0","0","0","0","40.0205","-75.1586","","CRASH_2001_Philadelphia"
"2001215749","06","67","67301","67301","2001","03","3","0932","09","1","4","3","5","1","","","N","00","0","00","3","0","0","2","2","N","N","","","9999","","9999","","0","","N","","0 ","","","","","","","","","","2","0","0","2","0","0","0","0","0","0","0","0","0","0","0","0","0","0","0","0","0","0","0","0","0","0","0","0","0","0","0","0","0","0","0","0","2","","","","CRASH_2001_Philadelphia"
"2001008672","06","67","67301","67301","2001","05","2","0558","05","1","1","1","1","1","","","N","00","0","00","3","0","1","2","2","N","N","39 58:19.923","75 08:03.356","0603","","0558","","0","","N","","0 ","","","","","","","","","","2","2","0","0","0","0","0","0","0","0","1","0","1","0","0","0","0","0","0","0","0","0","0","0","0","0","0","0","0","0","0","0","0","0","0","3","0","39.9722","-75.1344","","CRASH_2001_Philadelphia"
"2001007142","06","67","67301","67301","2001","06","7","1402","14","1","1","0","8","1","","","N","02","2","00","3","0","1","2","2","N","N","39 57:09.624","75 09:54.855","1410","","1402","","0","","N","","3 ","","","","","","","","","","1","1","0","0","0","0","0","0","0","0","0","1","1","0","0","0","0","0","0","0","1","0","0","0","0","0","0","0","0","0","0","0","1","0","0","4","0","39.9526","-75.1653","","CRASH_2001_Philadelphia"
"2001207453","06","67","67301","67301","2001","01","7","0518","05","3","1","1","8","1","","","N","00","0","00","3","0","1","2","2","N","N","39 58:01.560","75 14:45.240","9999","","9999","","0","","N","","0 ","","","","","","","","","","1","1","0","0","0","0","0","0","0","0","1","0","1","0","0","0","0","0","0","0","0","0","0","0","0","0","0","0","0","0","0","0","1","0","0","3","0","39.9673","-75.2458","","CRASH_2001_Philadelphia"
"2001209113","06","67","67301","67301","2001","01","7","1429","14","1","1","0","8","1","","","N","01","2","00","3","0","1","2","2","N","N","39 59:26.880","75 09:18.720","9999","","9999","","0","","N","","3 ","","","","","","","","","","1","1","0","0","0","0","0","0","0","0","0","1","1","0","0","0","0","0","0","0","0","0","0","0","0","0","0","0","0","0","0","0","1","0","0","4","0","39.9908","-75.1552","","CRASH_2001_Philadelphia"
"2001238373","06","67","67301","67301","2001","04","6","0945","09","1","2","1","4","1","","","N","01","2","00","3","0","1","2","2","N","N","39 58:47.532","75 06:44.398","9999","","9999","","0","","N","","3 ","","","","","","","","","","2","2","0","0","0","0","0","0","0","0","0","1","1","0","0","0","0","0","0","0","1","0","0","0","0","0","0","0","0","0","0","0","0","0","0","4","0","39.9799","-75.1123","","CRASH_2001_Philadelphia"
"2001206192","06","67","67301","67301","2001","01","1","1106","11","1","1","5","7","1","","","N","00","0","00","3","0","2","2","1","N","N","40 03:23.040","75 01:20.280","9999","","9999","","0","","N","","0 ","","","","","","","","","","1","1","0","0","0","0","0","0","0","0","0","1","1","0","1","0","0","0","0","0","0","0","0","0","0","0","0","0","0","0","0","0","0","0","0","4","0","40.0564","-75.022","","CRASH_2001_Philadelphia"
"2001209112","06","67","67301","67301","2001","02","7","0020","00","3","1","0","4","1","","","N","01","2","00","3","0","0","2","2","N","N","39 59:16.440","75 09:20.880","9999","","9999","","0","","N","","3 ","","","","","","","","","","2","1","0","0","0","0","0","0","0","0","0","0","0","0","0","0","0","0","0","0","0","0","0","0","0","0","0","0","0","0","0","0","0","0","0","0","0","39.9879","-75.1559","","CRASH_2001_Philadelphia"
"2001233358","06","67","67301","67301","2001","03","3","2020","20","2","1","0","7","5","","","N","00","0","00","3","0","1","1","1","N","N","","","9999","","9999","","0","","N","","0 ","","","","","","","","","","1","1","0","0","0","0","0","0","0","0","0","1","1","0","0","0","0","0","0","0","0","0","0","0","0","0","0","0","0","0","0","0","0","0","0","4","0","","","","CRASH_2001_Philadelphia"
"2001204117","06","67","67301","67301","2001","01","1","0340","03","3","1","1","4","1","","","N","01","2","00","3","0","2","3","2","N","N","","","9999","","9999","","0","","N","","3 ","","","","","","","","","","2","2","0","0","0","0","0","0","0","0","0","2","2","0","0","0","0","0","0","0","0","0","0","0","0","0","0","0","0","0","0","0","0","0","0","4","0","","","","CRASH_2001_Philadelphia"
"2001206226","06","67","67301","67301","2001","01","4","0855","08","1","1","0","4","1","","","N","01","3","00","3","0","1","2","2","N","N","40 03:27.360","75 04:20.733","9999","","9999","","0","","N","","3 ","","","","","","","","","","2","2","0","0","0","0","0","0","0","0","0","1","1","0","0","0","0","0","0","0","0","1","0","0","0","0","0","0","0","0","0","0","0","0","0","4","0","40.0576","-75.0724","","CRASH_2001_Philadelphia"
"2001210792","06","67","67301","67301","2001","02","5","1620","16","1","1","0","7","5","","","N","00","0","07","3","0","1","1","2","N","N","","","9999","","9999","","0","","N","","0 ","","","","","","","","","","2","1","0","0","0","0","0","0","0","0","0","1","1","0","0","0","0","0","0","0","0","0","0","0","0","0","0","0","0","0","0","0","0","0","0","4","0","","","","CRASH_2001_Philadelphia"
"2001211711","06","67","67301","67301","2001","02","2","1313","13","1","4","3","9","1","","","N","00","0","00","3","0","0","1","2","N","N","39 58:06.240","75 08:03.840","9999","","9999","","0","","N","","0 ","","","","","","","","","","2","1","0","0","0","0","0","0","0","0","0","0","0","0","0","0","0","0","0","0","0","0","0","0","0","0","0","0","0","0","0","0","0","0","0","0","0","39.9684","-75.1344","","CRASH_2001_Philadelphia"
"2001214590","06","67","67301","67301","2001","02","1","1615","16","1","2","1","8","1","","","N","00","0","00","3","0","1","2","2","N","N","","","9999","","9999","","0","","N","","0 ","","","","","","","","","","1","0","0","0","1","0","0","0","0","0","1","0","1","0","0","0","0","0","0","0","0","0","0","1","0","0","0","0","0","0","0","0","1","0","0","3","0","","","","CRASH_2001_Philadelphia"
"2001216932","06","67","67301","67301","2001","03","7","1339","13","1","1","0","1","1","","","N","00","0","00","3","0","4","8","6","N","N","40 06:11.160","75 01:42.960","9999","","9999","","0","","N","","0 ","","","","","","","","","","6","6","0","0","0","0","0","0","0","0","1","0","1","0","3","0","0","0","0","0","1","0","1","0","0","0","0","0","0","0","0","0","0","0","0","3","0","40.1031","-75.0286","","CRASH_2001_Philadelphia"
"2001210757","06","67","67301","67301","2001","02","7","0230","02","3","1","1","9","1","","","N","00","0","00","3","0","0","1","3","N","N","","","9999","","9999","","0","","N","","0 ","","","","","","","","","","3","1","0","0","0","0","0","0","0","0","0","0","0","0","0","0","0","0","0","0","0","0","0","0","0","0","0","0","0","0","0","0","0","0","0","0","0","","","","CRASH_2001_Philadelphia"
"2001213116","06","67","67301","67301","2001","02","6","2346","23","3","1","0","4","1","","","N","01","2","00","3","0","0","3","2","N","N","39 57:06.480","75 09:35.280","9999","","9999","","0","","N","","3 ","","","","","","","","","","2","1","0","0","0","0","0","0","0","0","0","0","0","0","0","0","0","0","0","0","0","0","0","0","0","0","0","0","0","0","0","0","0","0","0","0","0","39.9519","-75.1599","","CRASH_2001_Philadelphia"
"2001213127","06","67","67301","67301","2001","02","5","1430","14","1","4","3","1","1","","","N","00","0","00","3","0","1","2","2","N","N","40 04:28.200","75 02:06.360","9999","","9999","","0","","N","","0 ","","","","","","","","","","2","1","0","0","0","0","1","0","0","0","0","1","1","0","0","0","0","0","0","0","0","0","0","0","0","0","0","0","0","0","0","0","0","0","0","4","0","40.0744","-75.035","","CRASH_2001_Philadelphia"
"2001233280","06","67","67301","67301","2001","03","4","1430","14","1","1","0","1","1","","","N","01","3","00","3","0","1","2","2","N","N","39 55:37.740","75 10:53.155","9999","","9999","","0","","N","","3 ","","","","","","","","","","2","1","0","0","1","0","0","0","0","0","0","0","0","0","1","0","0","0","0","0","1","0","0","0","0","0","0","0","0","0","0","0","0","0","0","9","0","39.9272","-75.1814","","CRASH_2001_Philadelphia"
"2001240224","06","67","67301","67301","2001","04","7","0028","00","3","1","0","8","1","","","N","00","0","00","3","0","1","2","3","N","N","","","9999","","9999","","0","","N","","0 ","","","","","","","","","","2","2","0","0","0","0","0","0","0","0","0","1","1","0","0","0","0","0","0","0","0","0","0","0","0","0","0","0","0","0","0","0","1","0","0","4","0","","","","CRASH_2001_Philadelphia"
"2001240287","06","67","67301","67301","2001","04","7","1425","14","1","1","0","4","1","","","N","02","3","00","3","0","0","4","2","N","N","","","9999","","9999","","0","","N","","3 ","","","","","","","","","","2","1","0","0","0","0","0","0","0","0","0","0","0","0","0","0","0","0","0","0","0","0","0","0","0","0","0","0","0","0","0","0","0","0","0","0","0","","","","CRASH_2001_Philadelphia"
"2001240947","06","67","67301","67301","2001","04","3","2143","21","3","1","0","9","1","","","N","00","0","00","3","0","0","1","4","N","N","","","9999","","9999","","0","","N","","0 ","","","","","","","","","","4","1","0","0","0","0","0","0","0","0","0","0","0","0","0","0","0","0","0","0","0","0","0","0","0","0","0","0","0","0","0","0","0","0","0","0","0","","","","CRASH_2001_Philadelphia"
"2001244622","06","67","67301","67301","2001","05","3","1700","17","1","1","0","1","1","","","N","01","2","00","3","0","1","3","2","N","N","40 00:36.720","75 05:52.800","9999","","9999","","0","","N","","3 ","","","","","","","","","","2","2","0","0","0","0","0","0","0","0","0","1","1","0","0","0","0","0","0","0","2","0","0","0","0","0","0","0","0","0","0","0","0","0","0","4","0","40.0102","-75.0981","","CRASH_2001_Philadelphia"
"2001244777","06","67","67301","67301","2001","05","5","2035","20","3","1","0","4","1","","","N","01","2","00","3","0","3","4","2","N","N","40 03:28.800","75 00:30.960","9999","","9999","","0","","N","","3 ","","","","","","","","","","2","1","0","0","1","0","0","0","0","2","0","0","2","0","1","0","0","0","0","0","0","0","0","0","0","0","0","1","0","0","0","0","0","0","0","2","0","40.0578","-75.0087","","CRASH_2001_Philadelphia"
"2001204545","06","67","67301","67301","2001","01","4","0815","08","1","1","0","4","1","","","N","01","3","00","3","0","0","2","2","N","N","40 02:58.034","75 04:53.965","9999","","9999","","0","","N","","3 ","","","","","","","","","","2","2","0","0","0","0","0","0","0","0","0","0","0","0","0","0","0","0","0","0","0","0","0","0","0","0","0","0","0","0","0","0","0","0","0","0","0","40.0495","-75.0817","","CRASH_2001_Philadelphia"
"2001216885","06","67","67301","67301","2001","03","4","0651","06","1","1","0","4","1","","","N","01","2","00","3","0","2","2","2","N","N","39 58:32.880","75 09:30.240","9999","","9999","","0","","N","","3 ","","","","","","","","","","2","2","0","0","0","0","0","0","0","0","1","1","2","0","0","0","0","0","0","0","0","0","0","0","0","0","0","0","0","0","0","0","0","0","0","3","0","39.9759","-75.1585","","CRASH_2001_Philadelphia"
"2001216990","06","67","67301","67301","2001","03","7","0105","01","3","2","0","7","5","","","N","01","2","00","3","0","0","1","3","N","N","40 00:40.680","75 04:37.560","9999","","9999","","0","","N","","3 ","","","","","","","","","","3","1","0","0","0","0","0","0","0","0","0","0","0","0","0","0","0","0","0","0","0","0","0","0","0","0","0","0","0","0","0","0","0","0","0","0","0","40.0113","-75.0771","","CRASH_2001_Philadelphia"
"2001019614","06","67","67301","67301","2001","06","1","1828","18","1","1","0","1","1","","","N","03","2","00","3","0","1","2","2","N","N","39 57:08.768","75 09:45.156","1840","","1834","","0","","N","","3 ","","","","","","","","","","2","1","0","0","0","0","1","0","0","1","0","0","1","0","0","0","0","0","0","0","0","0","0","0","0","0","0","1","0","0","0","0","0","0","0","2","0","39.9524","-75.1625","","CRASH_2001_Philadelphia"
"2001204597","06","67","67301","67301","2001","01","5","1950","19","3","1","0","1","1","","","N","00","0","00","3","0","5","5","2","N","N","40 01:48.360","75 06:15.480","9999","","9999","","0","","N","","0 ","","","","","","","","","","2","1","0","0","0","0","0","1","0","0","0","0","0","0","5","0","0","0","0","0","0","0","0","0","0","0","0","0","0","0","0","0","0","0","0","9","0","40.0303","-75.1042","","CRASH_2001_Philadelphia"
"2001206165","06","67","67301","67301","2001","01","5","1049","10","1","4","1","1","1","","","N","00","0","00","3","0","1","2","2","N","N","","","9999","","9999","","0","","N","","0 ","","","","","","","","","","2","1","0","0","1","0","0","0","0","0","0","1","1","0","0","0","0","0","1","1","0","0","0","0","0","0","0","0","0","0","0","0","0","0","0","4","0","","","","CRASH_2001_Philadelphia"
"2001216918","06","67","67301","67301","2001","03","5","1620","16","1","1","0","4","1","","","N","00","0","00","3","0","1","3","2","N","N","39 59:34.440","75 06:37.800","9999","","9999","","0","","N","","0 ","","","","","","","","","","1","1","0","0","0","0","0","0","1","0","0","0","0","0","1","0","0","0","0","0","0","0","0","0","0","0","0","0","0","0","0","0","0","0","0","9","0","39.9929","-75.1104","","CRASH_2001_Philadelphia"
"2001231221","06","67","67301","67301","2001","03","3","1520","15","1","1","0","1","1","","","N","00","0","00","3","0","1","3","2","N","N","39 59:31.200","75 12:08.280","9999","","9999","","0","","N","","0 ","","","","","","","","","","2","1","0","0","0","0","0","1","0","0","0","0","0","0","1","0","0","0","0","0","1","0","0","0","0","0","0","0","0","0","0","0","0","0","0","9","0","39.9919","-75.2024","","CRASH_2001_Philadelphia"
"2001238866","06","67","67301","67301","2001","04","3","1749","17","1","1","0","1","1","","","N","00","0","00","3","0","1","2","2","N","N","39 57:06.840","75 10:56.280","9999","","9999","","0","","N","","0 ","","","","","","","","","","2","1","0","0","1","0","0","0","0","0","0","0","0","0","1","0","0","0","0","0","1","0","0","0","0","0","0","0","0","0","0","0","0","0","0","9","0","39.9519","-75.1824","","CRASH_2001_Philadelphia"
"2001017684","06","67","67301","67301","2001","06","7","1828","18","1","1","0","4","1","","","N","01","2","00","3","0","1","4","2","N","N","39 57:51.984","75 08:03.331","1841","","1839","","0","","N","","3 ","","","","","","","","","","2","1","0","0","1","0","0","0","0","0","1","0","1","0","0","0","0","0","0","0","0","0","0","0","0","0","0","0","0","0","0","0","0","0","0","3","0","39.9644","-75.1343","","CRASH_2001_Philadelphia"
"2001204110","06","67","67301","67301","2001","01","5","1310","13","1","1","6","4","1","","","N","01","2","00","3","0","2","2","2","N","N","","","9999","","9999","","0","","N","","3 ","","","","","","","","","","2","2","0","0","0","0","0","0","0","0","0","1","1","0","1","0","0","0","0","0","1","0","0","0","0","0","0","0","0","0","0","0","0","0","0","4","0","","","","CRASH_2001_Philadelphia"
"2001215664","06","67","67301","67301","2001","03","3","0813","08","1","4","1","1","1","","","N","00","0","00","3","0","0","2","2","N","N","40 01:39.720","75 06:35.280","9999","","9999","","0","","N","","0 ","","","","","","","","","","2","2","0","0","0","0","0","0","0","0","0","0","0","0","0","0","0","0","0","0","1","0","0","0","0","0","0","0","0","0","0","0","0","0","0","0","0","40.0278","-75.1098","","CRASH_2001_Philadelphia"
"2001233350","06","67","67301","67301","2001","03","6","2030","20","3","1","0","1","1","","","N","00","0","00","3","0","1","4","2","N","N","40 00:38.160","75 11:03.480","9999","","9999","","0","","N","","0 ","","","","","","","","","","2","2","0","0","0","0","0","0","0","0","0","0","0","0","1","0","0","0","0","0","0","0","0","0","0","0","0","0","0","0","0","0","0","0","0","9","0","40.0106","-75.1842","","CRASH_2001_Philadelphia"
"2001208988","06","67","67301","67301","2001","01","6","1250","12","1","1","0","4","1","","","N","01","2","00","3","0","1","2","2","N","N","40 01:11.456","75 06:37.889","9999","","9999","","0","","N","","3 ","","","","","","","","","","2","1","0","0","0","0","0","1","0","0","0","1","1","0","0","0","0","0","0","0","0","0","0","0","0","0","0","0","0","0","0","0","0","0","0","4","0","40.0198","-75.1105","","CRASH_2001_Philadelphia"
"2001239104","06","67","67301","67301","2001","04","5","1734","17","1","1","0","8","1","","","N","00","0","00","3","0","1","2","2","N","N","","","9999","","9999","","0","","N","","0 ","","","","","","","","","","1","1","0","0","0","0","0","0","0","0","0","1","1","0","0","0","0","0","0","0","1","0","0","0","0","0","0","0","0","0","0","0","1","0","0","4","0","","","","CRASH_2001_Philadelphia"
"2001207318","06","67","67301","67301","2001","01","7","0750","07","1","4","3","9","1","","","N","00","0","00","3","0","0","1","3","N","N","","","9999","","9999","","0","","N","","0 ","","","","","","","","","","3","0","0","0","0","0","1","0","0","0","0","0","0","0","0","0","0","0","0","0","0","0","0","0","0","0","0","0","0","0","0","0","0","0","0","0","0","","","","CRASH_2001_Philadelphia"
"2001209019","06","67","67301","67301","2001","01","2","0040","00","3","2","1","4","1","","","N","01","2","00","3","0","2","4","2","N","N","40 02:43.800","75 09:53.640","9999","","9999","","0","","N","","3 ","","","","","","","","","","2","1","0","0","0","0","0","1","0","0","0","2","2","0","0","0","0","0","0","0","0","0","0","0","0","0","0","0","0","0","0","0","0","0","0","4","0","40.0455","-75.1649","","CRASH_2001_Philadelphia"
"2001209662","06","67","67301","67301","2001","01","3","1459","14","1","1","0","1","1","","","N","00","0","00","3","0","0","6","5","N","N","39 57:17.640","75 10:51.600","9999","","9999","","0","","N","","0 ","","","","","","","","","","5","4","0","0","0","0","1","0","0","0","0","0","0","0","0","0","0","0","0","0","2","0","0","0","0","0","0","0","0","0","0","0","0","0","0","0","0","39.9549","-75.1809","","CRASH_2001_Philadelphia"
"2001223917","06","67","67301","67301","2001","03","7","0001","00","3","2","1","9","1","","","N","00","0","00","3","0","1","1","4","N","N","39 58:19.920","75 14:58.200","9999","","9999","","0","","N","","0 ","","","","","","","","","","4","1","0","0","0","0","0","0","0","0","0","1","1","0","0","0","0","0","0","0","0","0","0","0","0","0","0","0","0","0","0","0","0","0","0","4","0","39.9723","-75.2495","","CRASH_2001_Philadelphia"
"2001239055","06","67","67301","67301","2001","04","1","0045","00","3","1","0","9","1","","","N","00","0","00","3","0","0","1","4","N","N","","","9999","","9999","","0","","N","","0 ","","","","","","","","","","4","1","0","0","0","0","0","0","0","0","0","0","0","0","0","0","0","0","1","0","0","0","0","0","0","0","0","0","0","0","0","0","0","0","0","0","0","","","","CRASH_2001_Philadelphia"
"2001206026","06","67","67301","67301","2001","01","4","0800","08","1","1","6","4","1","","","N","01","2","00","3","0","2","2","2","N","N","39 55:58.080","75 10:04.080","9999","","9999","","0","","N","","3 ","","","","","","","","","","2","2","0","0","0","0","0","0","0","0","0","1","1","0","1","0","0","0","0","1","0","0","0","0","0","0","0","0","0","0","0","0","0","0","0","4","0","39.9329","-75.1679","","CRASH_2001_Philadelphia"
"2001207548","06","67","67301","67301","2001","01","3","1545","15","1","1","0","4","1","","","N","00","0","07","3","0","1","2","2","N","N","40 00:07.200","75 09:20.880","9999","","9999","","0","","N","","0 ","","","","","","","","","","1","0","0","1","0","0","0","0","1","0","0","1","1","0","0","0","0","0","0","0","0","0","0","0","0","0","0","0","0","0","0","0","0","0","0","4","1","40.002","-75.1557","","CRASH_2001_Philadelphia"
"2001215729","06","67","67301","67301","2001","03","2","1140","11","1","3","1","9","1","","","N","00","0","00","3","0","1","3","2","N","N","","","9999","","9999","","0","","N","","0 ","","","","","","","","","","2","0","0","0","0","1","0","0","0","0","0","1","1","0","0","0","0","0","0","0","0","0","0","1","0","0","0","0","0","0","0","0","0","0","0","4","0","","","","CRASH_2001_Philadelphia"
"2001216906","06","67","67301","67301","2001","03","6","2153","21","3","1","0","6","1","","","N","01","2","00","3","0","0","2","2","N","N","","","9999","","9999","","0","","N","","3 ","","","","","","","","","","2","2","0","0","0","0","0","0","0","0","0","0","0","0","0","0","0","0","0","0","1","0","0","1","0","0","0","0","0","0","0","0","0","0","0","0","0","","","","CRASH_2001_Philadelphia"
"2001223834","06","67","67301","67301","2001","03","2","1547","15","1","1","0","4","1","","","N","01","2","00","3","0","1","3","3","N","N","40 01:56.280","75 03:03.240","9999","","9999","","0","","N","","3 ","","","","","","","","","","3","2","1","0","0","0","0","0","0","0","1","0","1","0","0","0","0","0","0","0","1","0","0","0","0","0","0","0","0","0","0","0","0","0","0","3","0","40.0323","-75.0511","","CRASH_2001_Philadelphia"
"2001231562","06","67","67301","67301","2001","03","2","1900","19","3","1","0","8","1","","","N","00","0","00","3","0","1","2","2","N","N","","","9999","","9999","","0","","N","","0 ","","","","","","","","","","1","1","0","0","0","0","0","0","0","1","0","0","1","0","0","0","0","0","0","0","0","0","0","0","0","0","0","0","0","0","0","0","1","0","1","2","0","","","","CRASH_2001_Philadelphia"
"2001238242","06","67","67301","67301","2001","04","5","1600","16","1","1","0","8","1","","","N","00","0","00","3","0","1","2","2","N","N","","","9999","","9999","","0","","N","","0 ","","","","","","","","","","1","1","0","0","0","0","0","0","0","1","0","0","1","0","0","0","0","0","0","0","0","0","0","0","0","0","0","0","0","0","0","0","1","0","1","2","0","","","","CRASH_2001_Philadelphia"
"2001204543","06","67","67301","67301","2001","01","6","0853","08","1","1","0","4","1","","","N","02","3","00","3","0","0","2","2","N","N","40 01:47.640","75 12:23.040","9999","","9999","","0","","N","","3 ","","","","","","","","","","2","2","0","0","0","0","0","0","0","0","0","0","0","0","0","0","0","0","0","0","1","0","0","0","0","0","0","0","0","0","0","0","0","0","0","0","0","40.0299","-75.2065","","CRASH_2001_Philadelphia"
"2001207652","06","67","67301","67301","2001","01","4","0600","06","3","1","0","4","1","","","N","00","0","00","3","0","1","2","2","N","N","39 55:05.520","75 12:32.400","9999","","9999","","0","","N","","0 ","","","","","","","","","","2","1","0","0","0","0","1","0","0","0","0","1","1","0","0","0","0","0","0","0","0","0","0","0","0","0","0","0","0","0","0","0","0","0","0","4","0","39.9177","-75.2116","","CRASH_2001_Philadelphia"
"2001209647","06","67","67301","67301","2001","01","7","0217","02","3","2","1","7","1","","","N","07","0","02","3","0","0","1","1","N","N","39 58:05.520","75 07:46.920","9999","","9999","","0","","N","","0 ","","","","","","","","","","1","0","0","0","0","1","0","0","0","0","0","0","0","0","0","0","0","0","0","0","1","0","0","0","0","0","0","0","0","0","0","0","0","0","0","0","1","39.9684","-75.1295","","CRASH_2001_Philadelphia"
"2001215522","06","67","67301","67301","2001","03","1","1440","14","1","3","1","4","1","","","N","02","3","00","3","0","5","5","3","N","N","40 03:53.676","75 01:42.099","9999","","9999","","0","","N","","3 ","","","","","","","","","","3","2","0","0","0","0","1","0","0","0","2","0","2","0","3","0","0","0","0","1","1","0","0","0","0","0","0","0","0","0","0","0","0","0","0","3","0","40.0649","-75.0284","","CRASH_2001_Philadelphia"
"2001215691","06","67","67301","67301","2001","03","5","2230","22","3","1","0","8","1","","","N","00","0","00","3","0","1","2","2","N","N","39 58:10.200","75 07:32.520","9999","","9999","","0","","N","","0 ","","","","","","","","","","1","1","0","0","0","0","0","0","0","1","0","0","1","0","0","0","0","0","0","0","0","0","0","0","0","0","0","0","0","0","0","0","1","0","1","2","0","39.9698","-75.1253","","CRASH_2001_Philadelphia"
"2001010391","06","67","67301","67301","2001","06","5","0602","06","1","1","0","4","1","","","N","05","2","00","3","0","2","2","2","N","N","40 03:05.000","75 09:00.657","0607","","0605","","0","","N","","3 ","","","","","","","","","","2","2","0","0","0","0","0","0","0","0","0","2","2","0","0","0","0","0","0","0","0","0","0","0","0","0","0","0","0","0","0","0","0","0","0","4","0","40.0514","-75.1498","","CRASH_2001_Philadelphia"
"2001019518","06","67","67301","67301","2001","06","1","1930","19","1","1","0","4","1","","","N","01","2","00","3","0","3","4","2","N","N","40 02:29.640","75 09:29.886","1934","","1932","","0","","N","","3 ","","","","","","","","","","2","1","0","0","1","0","0","0","0","0","0","3","3","0","0","0","0","0","0","0","1","0","0","0","0","0","0","0","0","0","0","0","0","0","0","4","0","40.0415","-75.1584","","CRASH_2001_Philadelphia"
"2001206225","06","67","67301","67301","2001","01","3","1630","16","1","1","0","4","1","","","N","00","0","00","3","0","3","3","3","N","N","39 58:15.600","75 09:23.040","9999","","9999","","0","","N","","0 ","","","","","","","","","","3","2","0","0","0","0","0","0","0","0","0","3","3","0","0","0","0","0","0","0","0","0","0","0","0","0","0","0","0","0","0","0","0","0","0","4","0","39.971","-75.1564","","CRASH_2001_Philadelphia"
"2001213163","06","67","67301","67301","2001","02","7","0210","02","3","1","1","8","1","","","N","00","0","00","3","0","1","2","2","N","N","","","9999","","9999","","0","","N","","0 ","","","","","","","","","","1","0","0","0","0","0","0","0","0","0","1","0","1","0","0","0","0","0","0","0","0","0","0","0","0","0","0","0","0","0","0","0","1","0","0","3","0","","","","CRASH_2001_Philadelphia"
"2001215599","06","67","67301","67301","2001","02","4","0838","08","1","1","0","4","1","","","N","01","9","00","3","0","0","2","2","N","N","39 56:18.878","75 11:54.439","9999","","9999","","0","","N","","9 ","","","","","","","","","","2","1","0","0","0","0","1","0","0","0","0","0","0","0","0","0","0","0","0","0","1","0","0","0","0","0","0","0","0","0","0","0","0","0","0","0","0","39.9386","-75.1985","","CRASH_2001_Philadelphia"