"CRN","DISTRICT","COUNTY","MUNICIPALITY","POLICE_AGCY","CRASH_YEAR","CRASH_MONTH","DAY_OF_WEEK","TIME_OF_DAY","HOUR_OF_DAY","ILLUMINATION","WEATHER","ROAD_CONDITION","COLLISION_TYPE","RELATION_TO_ROAD","WORK_ZONE_TYPE","WORK_ZONE_LOC","WORK_ZONE_IND","INTERSECT_TYPE","TCD_TYPE","LOCATION_TYPE","URBAN_RURAL","FATAL_COUNT","INJURY_COUNT","PERSON_COUNT","TOTAL_UNITS","SCH_BUS_IND","SCH_ZONE_IND","LATITUDE","LONGITUDE","ARRIVAL_TM","CONS_ZONE_SPD_LIM","DISPATCH_TM","EST_HRS_CLOSED","LANE_CLOSED","LN_CLOSE_DIR","NTFY_HIWY_MAINT","SPEC_JURIS_CD","TCD_FUNC_CD","TFC_DETOUR_IND","WORKERS_PRES","WZ_CLOSE_DETOUR","WZ_FLAGGER","WZ_LAW_OFFCR_IND","WZ_LN_CLOSURE","WZ_MOVING","WZ_OTHER","WZ_SHLDER_MDN","VEHICLE_COUNT","AUTOMOBILE_COUNT","MOTORCYCLE_COUNT","BUS_COUNT","SMALL_TRUCK_COUNT","HEAVY_TRUCK_COUNT","SUV_COUNT","VAN_COUNT","BICYCLE_COUNT","MAJ_INJ_COUNT","MOD_INJ_COUNT","MIN_INJ_COUNT","TOT_INJ_COUNT","UNK_INJ_DEG_COUNT","UNK_INJ_PER_COUNT","DRIVER_COUNT_16YR","DRIVER_COUNT_17YR","DRIVER_COUNT_18YR","DRIVER_COUNT_19YR","DRIVER_COUNT_20YR","DRIVER_COUNT_50_64YR","DRIVER_COUNT_65_74YR","DRIVER_COUNT_75PLUS","UNBELTED_OCC_COUNT","UNB_DEATH_COUNT","UNB_MAJ_INJ_COUNT","BELTED_DEATH_COUNT","BELTED_MAJ_INJ_COUNT","MCYCLE_DEATH_COUNT","MCYCLE_MAJ_INJ_COUNT","BICYCLE_DEATH_COUNT","BICYCLE_MAJ_INJ_COUNT","PED_COUNT","PED_DEATH_COUNT","PED_MAJ_INJ_COUNT","MAX_SEVERITY_LEVEL","COMM_VEH_COUNT","DEC_LAT","DEC_LONG","RDWY_SURF_TYPE_CD","COUNTY_YEAR"
"2001231111","06","67","67301","67301","2001","03","7","1843","18","3","2","1","4","1","","","N","01","2","00","3","0","5","5","2","N","N","40 01:32.160","75 07:20.280","9999","","9999","","0","","N","","3 ","","","","","","","","","","2","1","0","0","0","0","0","0","0","0","2","0","2","0","3","0","0","0","0","0","0","0","0","0","0","0","0","0","0","0","0","0","0","0","0","3","0","40.0256","-75.1223","","CRASH_2001_Philadelphia"
"2001233067","06","67","67301","67301","2001","04","4","1825","18","1","1","0","8","1","","","N","00","0","00","3","0","1","2","2","N","N","","","9999","","9999","","0","","N","","0 ","","","","","","","","","","1","1","0","0","0","0","0","0","0","0","0","1","1","0","0","0","0","0","0","0","1","0","0","0","0","0","0","0","0","0","0","0","1","0","0","4","0","","","","CRASH_2001_Philadelphia"
"2001237061","06","67","67301","67301","2001","04","5","1555","15","1","1","0","4","1","","","N","01","2","00","3","0","2","3","2","N","N","40 04:15.960","75 02:57.120","9999","","9999","","0","","N","","3 ","","","","","","","","","","2","2","0","0","0","0","0","0","0","0","0","2","2","0","0","0","0","1","0","0","1","0","0","0","0","0","0","0","0","0","0","0","0","0","0","4","0","40.0711","-75.0495","","CRASH_2001_Philadelphia"
"2001204588","06","67","67301","67301","2001","01","1","0335","03","3","1","0","7","1","","","N","00","0","00","3","0","0","1","1","N","N","40 01:46.560","75 06:11.880","9999","","9999","","0","","N","","0 ","","","","","","","","","","1","1","0","0","0","0","0","0","0","0","0","0","0","0","0","0","0","0","0","0","0","0","0","1","0","0","0","0","0","0","0","0","0","0","0","0","0","40.0296","-75.1037","","CRASH_2001_Philadelphia"
"2001216920","06","67","67301","67301","2001","03","5","0945","09","1","1","0","8","1","","","N","00","0","00","3","0","1","2","2","N","N","","","9999","","9999","","0","","N","","0 ","","","","","","","","","","1","0","0","0","1","0","0","0","0","0","0","1","1","0","0","0","0","0","0","0","0","0","0","0","0","0","0","0","0","0","0","0","1","0","0","4","0","","","","CRASH_2001_Philadelphia"
"2001233267","06","67","67301","67301","2001","04","3","2037","20","3","2","1","8","1","","","N","01","2","00","3","0","1","2","2","N","N","39 55:57.720","75 12:57.960","9999","","9999","","0","","N","","3 ","","","","","","","","","","1","1","0","0","0","0","0","0","0","0","0","1","1","0","0","0","0","0","0","0","0","0","0","0","0","0","0","0","0","0","0","0","1","0","0","4","0","39.9327","-75.2161","","CRASH_2001_Philadelphia"
"2001236976","06","67","67301","67301","2001","04","4","1813","18","4","2","1","4","1","","","N","01","3","00","3","0","1","6","2","N","N","39 59:04.412","75 07:25.168","9999","","9999","","0","","N","","3 ","","","","","","","","","","2","2","0","0","0","0","0","0","0","0","0","1","1","0","0","0","1","0","0","0","0","0","0","0","0","0","0","0","0","0","0","0","0","0","0","4","0","39.9846","-75.1237","","CRASH_2001_Philadelphia"
"2001240957","06","67","67301","67301","2001","04","3","1330","13","1","1","0","1","1","","","N","01","2","00","3","0","0","3","2","N","N","","","9999","","9999","","0","","N","","3 ","","","","","","","","","","2","2","0","0","0","0","0","0","0","0","0","0","0","0","0","0","0","0","0","0","1","1","0","0","0","0","0","0","0","0","0","0","0","0","0","0","0","","","","CRASH_2001_Philadelphia"
"2001007127","06","67","67301","67301","2001","06","2","0925","09","1","1","0","4","1","","","N","00","0","00","3","0","1","2","2","N","N","39 55:24.227","75 09:44.041","0930","","0926","","0","","N","","0 ","","","","","","","","","","2","2","0","0","0","0","0","0","0","0","0","1","1","0","0","0","0","0","0","0","2","0","0","0","0","0","0","0","0","0","0","0","0","0","0","4","0","39.9234","-75.1622","","CRASH_2001_Philadelphia"
"2001214340","06","67","67301","67301","2001","02","4","1600","16","1","1","0","4","1","","","N","01","2","00","3","0","1","2","2","N","N","40 01:48.874","75 08:45.412","9999","","9999","","0","","N","","3 ","","","","","","","","","","2","1","0","0","0","0","0","1","0","0","0","0","0","0","1","0","0","0","0","0","0","0","0","0","0","0","0","0","0","0","0","0","0","0","0","9","0","40.0302","-75.1459","","CRASH_2001_Philadelphia"
"2001233109","06","67","67301","67301","2001","04","2","1535","15","1","1","0","8","1","","","N","00","0","00","3","0","1","2","2","N","N","","","9999","","9999","","0","","N","","0 ","","","","","","","","","","1","1","0","0","0","0","0","0","0","0","0","1","1","0","0","0","0","0","0","0","0","0","0","0","0","0","0","0","0","0","0","0","1","0","0","4","0","","","","CRASH_2001_Philadelphia"
"2001233502","06","67","67301","67301","2001","04","1","1721","17","1","1","0","4","1","","","N","01","3","00","3","0","1","2","2","N","N","","","9999","","9999","","0","","N","","3 ","","","","","","","","","","2","2","0","0","0","0","0","0","0","0","0","1","1","0","0","0","1","0","1","0","0","0","0","0","0","0","0","0","0","0","0","0","0","0","0","4","0","","","","CRASH_2001_Philadelphia"
"2001007060","06","67","67301","67301","2001","07","6","1355","13","1","1","0","4","1","","","N","02","3","00","3","0","0","3","2","N","N","39 57:17.280","75 12:27.000","1405","","1358","1","1","4","N","","3 ","N","","","","","","","","","2","2","0","0","0","0","0","0","0","0","0","0","0","0","0","0","0","0","0","0","0","0","0","0","0","0","0","0","0","0","0","0","0","0","0","0","0","39.9547","-75.2075","","CRASH_2001_Philadelphia"
"2001008744","06","67","67301","67301","2001","05","1","2330","23","3","2","1","1","1","","","N","00","0","03","3","0","1","2","2","N","N","39 54:21.960","75 11:36.240","1135","","1130","","0","","N","","0 ","","","","","","","","","","2","2","0","0","0","0","0","0","0","0","0","1","1","0","0","0","0","0","0","0","0","0","0","0","0","0","0","0","0","0","0","0","0","0","0","4","0","39.9061","-75.1934","","CRASH_2001_Philadelphia"
"2001204525","06","67","67301","67301","2001","01","2","0000","00","3","1","3","8","1","","","N","01","3","00","3","0","1","2","2","N","N","","","9999","","9999","","0","","N","","3 ","","","","","","","","","","1","0","0","0","0","0","1","0","0","0","0","1","1","0","0","0","0","0","0","0","0","0","0","0","0","0","0","0","0","0","0","0","1","0","0","4","0","","","","CRASH_2001_Philadelphia"
"2001214222","06","67","67301","67301","2001","02","3","0800","08","1","1","0","8","1","","","N","01","2","00","3","0","1","2","2","N","N","","","9999","","9999","","0","","N","","3 ","","","","","","","","","","1","0","0","1","0","0","0","0","0","0","0","1","1","0","0","0","0","0","0","0","0","0","0","0","0","0","0","0","0","0","0","0","1","0","0","4","1","","","","CRASH_2001_Philadelphia"
"2001240111","06","67","67301","67301","2001","04","6","1823","18","1","1","0","4","1","","","N","01","3","00","3","0","1","3","2","N","N","39 59:15.360","75 09:13.320","9999","","9999","","0","","N","","3 ","","","","","","","","","","2","1","0","0","0","0","0","1","0","0","1","0","1","0","0","0","0","0","0","0","0","1","0","0","0","0","0","0","0","0","0","0","0","0","0","3","0","39.9876","-75.1537","","CRASH_2001_Philadelphia"
"2001243558","06","67","67301","67301","2001","04","3","0900","09","1","1","0","8","1","","","N","01","3","00","3","0","2","4","4","N","N","","","9999","","9999","","0","","N","","3 ","","","","","","","","","","1","1","0","0","0","0","0","0","0","0","0","0","0","0","2","0","0","0","0","0","0","0","0","0","0","0","0","0","0","0","0","0","3","0","0","9","0","","","","CRASH_2001_Philadelphia"
"2001007106","06","67","67301","67301","2001","05","5","1300","13","1","1","0","1","1","","","N","01","2","00","3","0","0","2","2","N","N","39 57:20.160","75 11:22.200","1430","","1343","","0","","N","","3 ","","","","","","","","","","2","2","0","0","0","0","0","0","0","0","0","0","0","0","1","0","0","0","0","0","1","0","0","0","0","0","0","0","0","0","0","0","0","0","0","9","0","39.9556","-75.1895","","CRASH_2001_Philadelphia"
"2001210667","06","67","67301","67301","2001","02","6","1002","10","1","1","0","4","1","","","N","01","9","00","3","0","1","2","2","N","N","40 03:32.040","75 05:06.000","9999","","9999","","0","","N","","9 ","","","","","","","","","","2","1","0","0","0","1","0","0","0","0","0","0","0","0","1","0","0","0","0","0","0","0","0","0","0","0","0","0","0","0","0","0","0","0","0","9","0","40.0589","-75.085","","CRASH_2001_Philadelphia"
"2001212900","06","67","67301","67301","2001","02","6","0640","06","1","2","1","1","1","","","N","06","9","02","3","0","0","2","2","N","N","39 56:42.360","75 11:26.520","9999","","9999","","0","","N","","9 ","","","","","","","","","","2","1","0","0","0","0","0","0","0","0","0","0","0","0","0","0","0","0","0","1","0","0","0","0","0","0","0","0","0","0","0","0","0","0","0","0","0","39.9451","-75.1907","","CRASH_2001_Philadelphia"
"2001213141","06","67","67301","67301","2001","02","6","0750","07","3","2","1","4","1","","","N","01","2","00","3","0","1","2","2","N","N","39 58:25.320","75 15:29.520","9999","","9999","","0","","N","","3 ","","","","","","","","","","2","2","0","0","0","0","0","0","0","0","0","1","1","0","0","0","0","0","0","0","0","0","0","0","0","0","0","0","0","0","0","0","0","0","0","4","0","39.9738","-75.2582","","CRASH_2001_Philadelphia"
"2001215524","06","67","67301","67301","2001","03","2","1015","10","1","2","1","8","1","","","N","01","2","00","3","0","1","2","2","N","N","40 02:29.040","75 01:41.880","9999","","9999","","0","","N","","3 ","","","","","","","","","","1","1","0","0","0","0","0","0","0","0","0","0","0","0","1","0","0","0","0","0","0","1","0","0","0","0","0","0","0","0","0","0","1","0","0","9","0","40.0414","-75.0283","","CRASH_2001_Philadelphia"
"2001243553","06","67","67301","67301","2001","05","2","1520","15","1","1","0","8","1","","","N","00","0","00","3","0","1","2","2","N","N","","","9999","","9999","","0","","N","","0 ","","","","","","","","","","1","0","0","0","0","0","0","0","0","0","0","1","1","0","0","0","0","0","0","0","0","0","0","0","0","0","0","0","0","0","0","0","1","0","0","4","0","","","","CRASH_2001_Philadelphia"
"2001244607","06","67","67301","67301","2001","04","6","1525","15","1","1","0","1","1","","","N","01","2","00","3","0","0","5","3","N","N","40 00:26.640","75 08:12.840","9999","","9999","","0","","N","","3 ","","","","","","","","","","3","3","0","0","0","0","0","0","0","0","0","0","0","0","0","0","0","0","0","0","0","0","0","0","0","0","0","0","0","0","0","0","0","0","0","0","0","40.0074","-75.1369","","CRASH_2001_Philadelphia"
"2001007001","06","67","67301","67301","2001","05","4","1000","10","1","1","0","4","1","","","N","00","0","07","3","0","1","2","2","N","N","40 01:16.672","75 04:46.626","1020","","1212","","0","","N","","0 ","","","","","","","","","","1","1","0","0","0","0","0","0","1","0","0","1","1","0","0","0","0","0","0","0","0","0","0","0","0","0","0","0","0","0","0","0","0","0","0","4","0","40.0213","-75.0796","","CRASH_2001_Philadelphia"
"2001212902","06","67","67301","67301","2001","02","6","1640","16","4","2","1","4","1","","","N","02","3","00","3","0","0","3","2","N","N","39 57:30.600","75 12:46.800","9999","","9999","","0","","N","","3 ","","","","","","","","","","2","1","0","0","0","1","0","0","0","0","0","0","0","0","0","0","0","0","0","0","0","0","0","0","0","0","0","0","0","0","0","0","0","0","0","0","1","39.9585","-75.213","","CRASH_2001_Philadelphia"
"2001213102","06","67","67301","67301","2001","02","1","1647","16","1","1","0","1","1","","","N","03","0","00","3","0","1","2","2","N","N","","","9999","","9999","","0","","N","","0 ","","","","","","","","","","2","1","0","0","0","0","0","0","0","0","0","1","1","0","0","0","0","0","0","0","0","0","0","0","0","0","0","0","0","0","0","0","0","0","0","4","0","","","","CRASH_2001_Philadelphia"
"2001233310","06","67","67301","67301","2001","03","6","1815","18","1","1","0","8","1","","","N","02","2","00","3","0","3","3","3","N","N","39 55:33.600","75 13:29.640","9999","","9999","","0","","N","","3 ","","","","","","","","","","1","0","0","0","0","0","0","0","0","0","0","2","2","0","1","0","0","0","0","0","0","0","0","0","0","0","0","0","0","0","0","0","2","0","0","4","0","39.9261","-75.2248","","CRASH_2001_Philadelphia"
"2001233331","06","67","67301","67301","2001","03","4","0345","03","3","1","0","9","1","","","N","00","0","00","3","0","1","1","3","N","N","","","9999","","9999","","0","","N","","0 ","","","","","","","","","","3","1","0","0","0","0","0","0","0","0","0","0","0","0","1","0","0","0","0","0","0","0","0","0","0","0","0","0","0","0","0","0","0","0","0","9","0","","","","CRASH_2001_Philadelphia"
"2001007136","06","67","67301","67301","2001","05","4","2240","22","3","1","0","5","1","","","N","00","0","00","3","0","1","2","2","N","N","39 54:24.840","75 08:59.280","2300","","2245","","0","","N","","0 ","","","","","","","","","","2","1","0","0","0","1","0","0","0","0","0","1","1","0","0","0","0","0","0","0","0","0","0","1","0","0","0","0","0","0","0","0","0","0","0","4","1","39.9074","-75.1497","","CRASH_2001_Philadelphia"
"2001016757","06","67","67301","67301","2001","05","6","1232","12","1","1","1","4","1","","","N","02","0","00","3","0","1","2","2","N","N","40 01:26.003","75 09:34.648","1242","","1242","","0","","N","","0 ","","","","","","","","","","2","2","0","0","0","0","0","0","0","0","1","0","1","0","0","0","0","0","0","0","0","0","0","1","0","0","0","0","0","0","0","0","0","0","0","3","0","40.024","-75.1596","","CRASH_2001_Philadelphia"
"2001209013","06","67","67301","67301","2001","01","4","1915","19","3","1","0","4","1","","","N","00","0","00","3","0","1","2","2","N","N","","","9999","","9999","","0","","N","","0 ","","","","","","","","","","2","1","0","0","0","0","0","1","0","0","1","0","1","0","0","0","0","0","1","0","0","0","0","0","0","0","0","0","0","0","0","0","0","0","0","3","0","","","","CRASH_2001_Philadelphia"
"2001211417","06","67","67301","67301","2001","02","3","1310","13","1","1","0","4","1","","","N","01","2","00","3","0","3","3","2","N","N","40 01:59.880","75 02:16.080","9999","","9999","","0","","N","","3 ","","","","","","","","","","2","2","0","0","0","0","0","0","0","0","0","3","3","0","0","0","0","0","0","0","0","0","0","0","0","0","0","0","0","0","0","0","0","0","0","4","0","40.0332","-75.0378","","CRASH_2001_Philadelphia"
"2001214294","06","67","67301","67301","2001","02","5","1500","15","1","4","1","1","1","","","N","00","0","00","3","0","0","2","2","N","N","39 56:59.640","75 11:00.960","9999","","9999","","0","","N","","0 ","","","","","","","","","","2","1","0","0","0","0","0","1","0","0","0","0","0","0","0","0","0","0","0","1","0","0","0","0","0","0","0","0","0","0","0","0","0","0","0","0","0","39.9499","-75.1837","","CRASH_2001_Philadelphia"
"2001217026","06","67","67301","67301","2001","03","5","2118","21","3","2","1","9","1","","","N","00","0","00","3","0","1","1","6","N","N","39 58:03.720","75 10:47.640","9999","","9999","","0","","N","","0 ","","","","","","","","","","6","1","0","0","0","0","0","0","0","0","0","0","0","0","1","0","0","0","0","0","1","0","0","0","0","0","0","0","0","0","0","0","0","0","0","9","0","39.9677","-75.1799","","CRASH_2001_Philadelphia"
"2001007179","06","67","67301","67301","2001","05","5","1745","17","1","1","0","4","1","","","N","01","2","00","3","0","1","13","3","N","N","40 05:53.845","75 02:49.561","1755","","1745","","0","","N","","3 ","","","","","","","","","","3","3","0","0","0","0","0","0","0","0","0","1","1","0","0","0","0","0","0","0","1","0","0","0","0","0","0","0","0","0","0","0","0","0","0","4","0","40.0984","-75.0471","","CRASH_2001_Philadelphia"
"2001201581","06","67","67301","67301","2001","02","4","0820","08","5","1","0","4","1","","","N","01","2","00","3","0","1","2","2","N","N","","","9999","","9999","","0","","N","","3 ","","","","","","","","","","2","2","0","0","0","0","0","0","0","0","0","0","0","0","1","0","1","0","0","0","0","0","0","0","0","0","0","0","0","0","0","0","0","0","0","9","0","","","","CRASH_2001_Philadelphia"
"2001215685","06","67","67301","67301","2001","03","5","1400","14","1","1","0","8","1","","","N","01","3","00","3","0","2","3","3","N","N","40 05:21.840","75 02:00.600","9999","","9999","","0","","N","","3 ","","","","","","","","","","1","0","0","0","0","0","0","1","0","0","0","2","2","0","0","0","0","0","0","0","0","0","0","0","0","0","0","0","0","0","0","0","2","0","0","4","0","40.0894","-75.0335","","CRASH_2001_Philadelphia"
"2001238131","06","67","67301","67301","2001","04","4","1145","11","1","2","1","4","1","","","N","00","0","07","3","0","0","3","3","N","N","","","9999","","9999","","0","","N","","0 ","","","","","","","","","","3","3","0","0","0","0","0","0","0","0","0","0","0","0","0","0","0","0","0","0","1","1","0","0","0","0","0","0","0","0","0","0","0","0","0","0","0","","","","CRASH_2001_Philadelphia"
"2001200729","06","67","67301","67301","2001","01","1","1235","12","1","1","0","7","5","","","N","00","0","00","3","0","0","1","1","N","N","40 04:06.240","75 04:00.840","9999","","9999","","0","","N","","0 ","","","","","","","","","","1","1","0","0","0","0","0","0","0","0","0","0","0","0","0","0","1","0","0","0","0","0","0","1","0","0","0","0","0","0","0","0","0","0","0","0","0","40.0685","-75.0669","","CRASH_2001_Philadelphia"
"2001206712","06","67","67301","67301","2001","01","5","1825","18","3","2","1","4","1","","","N","01","2","00","3","0","1","3","2","N","N","","","9999","","9999","","0","","N","","3 ","","","","","","","","","","2","2","0","0","0","0","0","0","0","0","1","0","1","0","0","0","0","0","0","0","0","0","0","0","0","0","0","0","0","0","0","0","0","0","0","3","0","","","","CRASH_2001_Philadelphia"
"2001207446","06","67","67301","67301","2001","01","7","0359","03","3","1","1","4","1","","","N","01","2","00","3","0","4","5","2","N","N","39 57:09.000","75 10:37.200","9999","","9999","","0","","N","","3 ","","","","","","","","","","2","2","0","0","0","0","0","0","0","0","0","2","2","0","2","0","0","0","0","0","0","0","0","0","0","0","0","0","0","0","0","0","0","0","0","4","0","39.9525","-75.177","","CRASH_2001_Philadelphia"
"2001209296","06","67","67301","67301","2001","01","2","0220","02","3","2","1","4","1","","","N","01","2","00","3","0","2","3","2","N","N","40 01:39.000","75 03:44.640","9999","","9999","","0","","N","","3 ","","","","","","","","","","2","2","0","0","0","0","0","0","0","0","0","2","2","0","0","0","0","0","0","0","0","0","0","2","0","0","0","0","0","0","0","0","0","0","0","4","0","40.0275","-75.0624","","CRASH_2001_Philadelphia"
"2001217038","06","67","67301","67301","2001","03","7","0215","02","3","1","0","7","5","","","N","05","3","00","3","0","1","1","1","N","N","40 00:55.065","75 05:32.197","9999","","9999","","0","","N","","3 ","","","","","","","","","","1","1","0","0","0","0","0","0","0","0","0","1","1","0","0","0","0","0","0","0","0","0","0","0","0","0","0","0","0","0","0","0","0","0","0","4","0","40.0153","-75.0923","","CRASH_2001_Philadelphia"
"2001205982","06","67","67301","67301","2001","01","6","0915","09","9","1","0","7","1","","","N","00","0","00","3","0","0","1","1","N","N","39 59:47.400","75 11:49.200","9999","","9999","","0","","N","","0 ","","","","","","","","","","1","1","0","0","0","0","0","0","0","0","0","0","0","0","0","0","0","0","0","0","0","0","0","0","0","0","0","0","0","0","0","0","0","0","0","0","0","39.9965","-75.197","","CRASH_2001_Philadelphia"
"2001207382","06","67","67301","67301","2001","01","7","0100","01","3","1","1","1","1","","","N","01","3","00","3","0","2","3","2","N","N","39 59:53.880","75 07:42.960","9999","","9999","","0","","N","","3 ","","","","","","","","","","2","2","0","0","0","0","0","0","0","0","0","2","2","0","0","0","0","0","0","0","0","0","0","1","0","0","0","0","0","0","0","0","0","0","0","4","0","39.9984","-75.1287","","CRASH_2001_Philadelphia"
"2001209146","06","67","67301","67301","2001","02","5","1505","15","1","1","0","8","1","","","N","00","0","00","3","0","1","2","2","N","N","","","9999","","9999","","0","","N","","0 ","","","","","","","","","","1","1","0","0","0","0","0","0","0","0","0","1","1","0","0","0","0","0","0","1","0","0","0","0","0","0","0","0","0","0","0","0","1","0","0","4","0","","","","CRASH_2001_Philadelphia"
"2001210731","06","67","67301","67301","2001","02","7","2319","23","3","1","0","1","1","","","N","06","0","02","3","0","1","2","2","N","N","39 58:01.200","75 11:16.440","9999","","9999","","0","","N","","0 ","","","","","","","","","","2","2","0","0","0","0","0","0","0","0","0","1","1","0","0","0","0","0","0","0","0","0","0","0","0","0","0","0","0","0","0","0","0","0","0","4","0","39.967","-75.1879","","CRASH_2001_Philadelphia"
"2001233083","06","67","67301","67301","2001","04","4","1243","12","1","1","0","9","1","","","N","00","0","00","3","0","1","1","4","N","N","","","9999","","9999","","0","","N","","0 ","","","","","","","","","","4","1","0","0","0","0","0","0","0","0","0","1","1","0","0","0","0","0","0","0","0","0","0","0","0","0","0","0","0","0","0","0","0","0","0","4","0","","","","CRASH_2001_Philadelphia"
"2001233396","06","67","67301","67301","2001","04","1","1440","14","1","1","0","4","1","","","N","02","0","00","3","0","3","5","2","N","N","40 03:01.440","75 11:04.560","9999","","9999","","0","","N","","0 ","","","","","","","","","","2","1","0","0","0","0","0","0","0","0","0","2","2","0","1","0","0","0","0","0","1","0","0","0","0","0","0","0","0","0","0","0","0","0","0","4","0","40.0504","-75.1846","","CRASH_2001_Philadelphia"
"2001204589","06","67","67301","67301","2001","01","1","0242","02","3","1","1","7","5","","","N","00","0","00","3","0","0","1","1","N","N","","","9999","","9999","","0","","N","","0 ","","","","","","","","","","1","0","0","0","1","0","0","0","0","0","0","0","0","0","0","0","0","0","0","0","0","0","0","0","0","0","0","0","0","0","0","0","0","0","0","0","0","","","","CRASH_2001_Philadelphia"
"2001209006","06","67","67301","67301","2001","02","6","1310","13","1","1","0","8","1","","","N","01","2","00","3","0","1","2","2","N","N","40 01:54.120","75 10:44.040","9999","","9999","","0","","N","","3 ","","","","","","","","","","1","1","0","0","0","0","0","0","0","0","0","1","1","0","0","0","0","0","0","0","0","0","0","0","0","0","0","0","0","0","0","0","1","0","0","4","0","40.0317","-75.1789","","CRASH_2001_Philadelphia"
"2001233493","06","67","67301","67301","2001","04","1","1456","14","1","1","0","4","1","","","N","01","2","00","3","0","4","4","2","N","N","","","9999","","9999","","0","","N","","3 ","","","","","","","","","","2","2","0","0","0","0","0","0","0","0","0","4","4","0","0","0","0","0","1","0","0","0","0","0","0","0","0","0","0","0","0","0","0","0","0","4","0","","","","CRASH_2001_Philadelphia"
"2001243584","06","67","67301","67301","2001","05","7","2139","21","3","1","0","4","1","","","N","01","3","00","3","0","1","2","2","N","N","","","9999","","9999","","0","","N","","3 ","","","","","","","","","","2","1","0","0","0","0","0","0","0","0","0","1","1","0","0","0","0","0","0","0","0","1","0","0","0","0","0","0","0","0","0","0","0","0","0","4","0","","","","CRASH_2001_Philadelphia"
"2001019558","06","67","67301","67301","2001","06","1","2110","21","3","1","0","4","1","","","N","01","2","00","3","0","1","2","2","N","N","","","2114","","2113","","0","","N","","3 ","","","","","","","","","","1","1","0","0","0","0","0","0","1","0","1","0","1","0","0","0","0","0","0","0","0","0","0","0","0","0","0","0","0","0","0","0","0","0","0","3","0","","","","CRASH_2001_Philadelphia"
"2001204595","06","67","67301","67301","2001","01","4","0828","08","1","4","5","1","1","","","N","00","0","00","3","0","0","2","2","N","N","39 58:48.720","75 16:09.120","9999","","9999","","0","","N","","0 ","","","","","","","","","","2","2","0","0","0","0","0","0","0","0","0","0","0","0","0","0","0","0","0","0","1","0","0","2","0","0","0","0","0","0","0","0","0","0","0","0","0","39.9802","-75.2692","","CRASH_2001_Philadelphia"
"2001231142","06","67","67301","67301","2001","03","7","1920","19","3","1","0","2","1","","","N","00","0","00","3","0","5","5","3","N","N","40 01:34.680","75 07:18.480","9999","","9999","","0","","N","","0 ","","","","","","","","","","3","3","0","0","0","0","0","0","0","0","1","0","1","0","4","0","0","0","0","0","0","0","0","1","0","0","0","0","0","0","0","0","0","0","0","3","0","40.0263","-75.1217","","CRASH_2001_Philadelphia"
"2001233504","06","67","67301","67301","2001","04","1","0915","09","1","1","0","7","5","","","N","00","0","00","3","0","1","1","1","N","N","39 54:32.040","75 08:57.120","9999","","9999","","0","","N","","0 ","","","","","","","","","","1","1","0","0","0","0","0","0","0","0","0","1","1","0","0","0","0","0","0","1","0","0","0","0","0","0","0","0","0","0","0","0","0","0","0","4","0","39.9096","-75.149","","CRASH_2001_Philadelphia"
"2001239054","06","67","67301","67301","2001","04","1","2207","22","2","1","0","1","1","","","N","01","3","00","3","0","1","3","2","N","N","","","9999","","9999","","0","","N","","3 ","","","","","","","","","","2","2","0","0","0","0","0","0","0","0","1","0","1","0","0","0","0","0","0","0","0","0","0","0","0","0","0","0","0","0","0","0","0","0","0","3","0","","","","CRASH_2001_Philadelphia"
"2001208962","06","67","67301","67301","2001","01","4","1115","11","1","1","1","1","1","","","N","01","2","00","3","0","2","2","2","N","N","40 04:08.760","75 00:25.560","9999","","9999","","0","","N","","3 ","","","","","","","","","","2","1","0","0","1","0","0","0","0","0","0","2","2","0","0","0","0","0","0","0","0","0","0","0","0","0","0","0","0","0","0","0","0","0","0","4","0","40.0692","-75.0071","","CRASH_2001_Philadelphia"
"2001233113","06","67","67301","67301","2001","03","6","0238","02","3","2","1","9","1","","","N","00","0","00","3","0","1","2","3","N","N","","","9999","","9999","","0","","N","","0 ","","","","","","","","","","3","0","0","0","1","0","0","0","0","0","0","1","1","0","0","0","0","0","0","0","0","0","0","0","0","0","0","0","0","0","0","0","0","0","0","4","0","","","","CRASH_2001_Philadelphia"
"2001233437","06","67","67301","67301","2001","03","4","2034","20","3","2","1","8","1","","","N","00","0","00","3","0","1","2","2","N","N","","","9999","","9999","","0","","N","","0 ","","","","","","","","","","1","1","0","0","0","0","0","0","0","0","0","0","0","0","1","0","0","0","0","0","0","0","0","0","0","0","0","0","0","0","0","0","1","0","0","9","0","","","","CRASH_2001_Philadelphia"
"2001207471","06","67","67301","67301","2001","01","2","1610","16","1","1","1","4","1","","","N","02","3","00","3","0","0","3","2","N","N","40 05:58.135","75 00:41.299","9999","","9999","","0","","N","","3 ","","","","","","","","","","2","1","0","0","0","0","1","0","0","0","0","0","0","0","0","0","0","0","0","0","0","0","0","0","0","0","0","0","0","0","0","0","0","0","0","0","0","40.0995","-75.0115","","CRASH_2001_Philadelphia"