"CRN","DISTRICT","COUNTY","MUNICIPALITY","POLICE_AGCY","CRASH_YEAR","CRASH_MONTH","DAY_OF_WEEK","TIME_OF_DAY","HOUR_OF_DAY","ILLUMINATION","WEATHER","ROAD_CONDITION","COLLISION_TYPE","RELATION_TO_ROAD","WORK_ZONE_TYPE","WORK_ZONE_LOC","WORK_ZONE_IND","INTERSECT_TYPE","TCD_TYPE","LOCATION_TYPE","URBAN_RURAL","FATAL_COUNT","INJURY_COUNT","PERSON_COUNT","TOTAL_UNITS","SCH_BUS_IND","SCH_ZONE_IND","LATITUDE","LONGITUDE","ARRIVAL_TM","CONS_ZONE_SPD_LIM","DISPATCH_TM","EST_HRS_CLOSED","LANE_CLOSED","LN_CLOSE_DIR","NTFY_HIWY_MAINT","SPEC_JURIS_CD","TCD_FUNC_CD","TFC_DETOUR_IND","WORKERS_PRES","WZ_CLOSE_DETOUR","WZ_FLAGGER","WZ_LAW_OFFCR_IND","WZ_LN_CLOSURE","WZ_MOVING","WZ_OTHER","WZ_SHLDER_MDN","VEHICLE_COUNT","AUTOMOBILE_COUNT","MOTORCYCLE_COUNT","BUS_COUNT","SMALL_TRUCK_COUNT","HEAVY_TRUCK_COUNT","SUV_COUNT","VAN_COUNT","BICYCLE_COUNT","MAJ_INJ_COUNT","MOD_INJ_COUNT","MIN_INJ_COUNT","TOT_INJ_COUNT","UNK_INJ_DEG_COUNT","UNK_INJ_PER_COUNT","DRIVER_COUNT_16YR","DRIVER_COUNT_17YR","DRIVER_COUNT_18YR","DRIVER_COUNT_19YR","DRIVER_COUNT_20YR","DRIVER_COUNT_50_64YR","DRIVER_COUNT_65_74YR","DRIVER_COUNT_75PLUS","UNBELTED_OCC_COUNT","UNB_DEATH_COUNT","UNB_MAJ_INJ_COUNT","BELTED_DEATH_COUNT","BELTED_MAJ_INJ_COUNT","MCYCLE_DEATH_COUNT","MCYCLE_MAJ_INJ_COUNT","BICYCLE_DEATH_COUNT","BICYCLE_MAJ_INJ_COUNT","PED_COUNT","PED_DEATH_COUNT","PED_MAJ_INJ_COUNT","MAX_SEVERITY_LEVEL","COMM_VEH_COUNT","DEC_LAT","DEC_LONG","RDWY_SURF_TYPE_CD","COUNTY_YEAR"
"2001214560","06","67","67301","67301","2001","01","6","1404","14","1","1","0","4","1","","","N","01","2","00","3","0","2","2","2","N","N","39 58:53.040","75 07:03.000","9999","","9999","","0","","N","","3 ","","","","","","","","","","2","1","0","0","1","0","0","0","0","0","0","2","2","0","0","0","0","0","0","0","1","0","0","0","0","0","0","0","0","0","0","0","0","0","0","4","0","39.98","-75.1181","","CRASH_2001_Philadelphia"
"2001233045","06","67","67301","67301","2001","04","7","0500","05","3","1","0","4","1","","","N","05","2","02","3","0","2","3","3","N","N","39 57:27.360","75 09:44.280","9999","","9999","","0","","N","","3 ","","","","","","","","","","3","2","0","0","0","0","1","0","0","0","0","0","0","0","2","0","0","0","0","0","1","0","0","0","0","0","0","0","0","0","0","0","0","0","0","9","0","39.9578","-75.1625","","CRASH_2001_Philadelphia"
"2001238051","06","67","67301","67301","2001","04","4","1850","18","1","1","0","8","1","","","N","00","0","00","3","0","1","2","2","N","N","","","9999","","9999","","0","","N","","0 ","","","","","","","","","","1","1","0","0","0","0","0","0","0","0","0","1","1","0","0","0","0","0","0","0","0","0","0","0","0","0","0","0","0","0","0","0","1","0","0","4","0","","","","CRASH_2001_Philadelphia"
"2001204517","06","67","67301","67301","2001","01","3","0829","08","1","1","0","7","1","","","N","00","0","00","3","0","1","1","1","N","N","40 01:16.680","75 02:26.520","9999","","9999","","0","","N","","0 ","","","","","","","","","","1","1","0","0","0","0","0","0","0","0","1","0","1","0","0","0","0","0","0","0","0","0","0","1","0","0","0","0","0","0","0","0","0","0","0","3","0","40.0213","-75.0408","","CRASH_2001_Philadelphia"
"2001207483","06","67","67301","67301","2001","01","2","2310","23","3","6","1","4","1","","","N","00","0","07","3","0","0","2","2","N","N","40 03:39.600","75 05:01.320","9999","","9999","","0","","N","","0 ","","","","","","","","","","2","2","0","0","0","0","0","0","0","0","0","0","0","0","0","0","0","1","1","0","0","0","0","0","0","0","0","0","0","0","0","0","0","0","0","0","0","40.061","-75.0837","","CRASH_2001_Philadelphia"
"2001208898","06","67","67301","67301","2001","02","7","0737","07","1","1","0","1","1","","","N","00","0","00","3","0","1","1","2","N","N","40 02:52.080","74 59:56.760","9999","","9999","","0","","N","","0 ","","","","","","","","","","2","1","0","0","0","0","1","0","0","0","1","0","1","0","0","0","0","0","0","0","0","0","0","0","0","0","0","0","0","0","0","0","0","0","0","3","0","40.0478","-74.9995","","CRASH_2001_Philadelphia"
"2001209007","06","67","67301","67301","2001","01","3","2000","20","3","1","0","4","1","","","N","01","3","00","3","0","1","3","2","N","N","40 01:38.071","75 10:30.338","9999","","9999","","0","","N","","3 ","","","","","","","","","","1","0","0","0","0","0","1","0","1","0","0","1","1","0","0","0","0","0","0","0","0","0","0","0","0","0","0","0","0","0","0","0","0","0","0","4","0","40.0272","-75.1751","","CRASH_2001_Philadelphia"
"2001210783","06","67","67301","67301","2001","01","5","0030","00","3","1","0","4","1","","","N","00","0","07","3","0","2","2","2","N","N","","","9999","","9999","","0","","N","","0 ","","","","","","","","","","2","2","0","0","0","0","0","0","0","0","0","0","0","0","2","0","0","0","0","0","0","0","0","0","0","0","0","0","0","0","0","0","0","0","0","9","0","","","","CRASH_2001_Philadelphia"
"2001213137","06","67","67301","67301","2001","02","6","0915","09","1","1","0","5","1","","","N","00","0","00","3","0","1","2","2","N","N","","","9999","","9999","","0","","N","","0 ","","","","","","","","","","2","2","0","0","0","0","0","0","0","0","1","0","1","0","0","0","0","0","0","0","1","0","0","0","0","0","0","0","0","0","0","0","0","0","0","3","0","","","","CRASH_2001_Philadelphia"
"2001215574","06","67","67301","67301","2001","03","7","0230","02","3","1","0","9","1","","","N","00","0","00","3","0","0","1","3","N","N","","","9999","","9999","","0","","N","","0 ","","","","","","","","","","3","1","0","0","0","0","0","0","0","0","0","0","0","0","0","0","0","0","0","0","0","0","0","0","0","0","0","0","0","0","0","0","0","0","0","0","0","","","","CRASH_2001_Philadelphia"
"2001206205","06","67","67301","67301","2001","01","6","2113","21","3","2","1","1","1","","","N","00","0","00","3","0","1","4","2","N","N","40 05:30.840","75 02:51.360","9999","","9999","","0","","N","","0 ","","","","","","","","","","2","1","0","0","0","0","1","0","0","0","0","1","1","0","0","0","0","0","1","0","0","0","0","0","0","0","0","0","0","0","0","0","0","0","0","4","0","40.0918","-75.0475","","CRASH_2001_Philadelphia"
"2001211351","06","67","67301","67301","2001","02","3","1014","10","1","1","0","4","1","","","N","01","2","00","3","0","2","2","2","N","N","39 59:35.880","75 05:49.200","9999","","9999","","0","","N","","3 ","","","","","","","","","","2","2","0","0","0","0","0","0","0","0","1","1","2","0","0","0","0","0","0","0","1","0","0","0","0","0","0","0","0","0","0","0","0","0","0","3","0","39.9934","-75.097","","CRASH_2001_Philadelphia"
"2001215487","06","67","67301","67301","2001","02","6","1535","15","1","2","1","8","1","","","N","05","2","02","3","0","1","2","2","N","N","39 57:28.080","75 09:50.760","9999","","9999","","0","","N","","3 ","","","","","","","","","","1","0","0","0","1","0","0","0","0","0","1","0","1","0","0","0","0","0","1","0","0","0","0","0","0","0","0","0","0","0","0","0","1","0","0","3","0","39.9579","-75.1641","","CRASH_2001_Philadelphia"
"2001240114","06","67","67301","67301","2001","04","2","1540","15","1","1","0","7","1","","","N","00","0","00","3","0","4","4","2","N","N","40 00:38.160","75 11:04.560","9999","","9999","","0","","N","","0 ","","","","","","","","","","2","2","0","0","0","0","0","0","0","0","0","0","0","0","4","0","0","0","0","0","1","0","0","0","0","0","0","0","0","0","0","0","0","0","0","9","0","40.0108","-75.1841","","CRASH_2001_Philadelphia"
"2001016734","06","67","67301","67301","2001","05","7","2058","20","3","2","1","8","1","","","N","00","2","07","3","0","1","3","2","N","N","39 56:58.200","75 08:27.960","2102","","2100","","0","","N","","3 ","","","","","","","","","","1","1","0","0","0","0","0","0","0","0","0","1","1","0","0","0","0","0","0","0","0","0","0","0","0","0","0","0","0","0","0","0","1","0","0","4","0","39.9495","-75.1411","","CRASH_2001_Philadelphia"
"2001205968","06","67","67301","67301","2001","01","6","0755","07","5","1","0","4","1","","","N","01","2","00","3","0","1","2","2","N","N","40 00:59.814","75 08:49.815","9999","","9999","","0","","N","","3 ","","","","","","","","","","2","2","0","0","0","0","0","0","0","0","0","1","1","0","0","0","0","0","0","0","1","0","0","0","0","0","0","0","0","0","0","0","0","0","0","4","0","40.0166","-75.1472","","CRASH_2001_Philadelphia"
"2001210651","06","67","67301","67301","2001","02","5","2318","23","3","1","0","8","1","","","N","02","0","00","3","0","1","2","2","N","N","39 56:16.440","75 14:01.680","9999","","9999","","0","","N","","0 ","","","","","","","","","","1","0","0","0","0","0","0","0","0","0","1","0","1","0","0","0","0","0","0","0","0","0","0","0","0","0","0","0","0","0","0","0","1","0","0","3","0","39.9379","-75.2338","","CRASH_2001_Philadelphia"
"2001210790","06","67","67301","67301","2001","02","7","1349","13","1","2","0","4","1","","","N","00","0","00","3","0","1","2","2","N","N","40 00:57.960","75 09:13.680","9999","","9999","","0","","N","","0 ","","","","","","","","","","2","2","0","0","0","0","0","0","0","0","0","0","0","0","1","0","0","0","0","0","0","0","1","2","0","0","0","0","0","0","0","0","0","0","0","9","0","40.016","-75.1537","","CRASH_2001_Philadelphia"
"2001214433","06","67","67301","67301","2001","02","7","0945","09","1","1","0","1","1","","","N","00","0","00","3","0","1","5","2","N","N","39 53:51.360","75 15:09.000","9999","","9999","","0","","N","","0 ","","","","","","","","","","2","0","0","1","0","1","0","0","0","0","0","1","1","0","0","0","0","0","0","0","0","0","0","0","0","0","0","0","0","0","0","0","0","0","0","4","1","39.8973","-75.2521","","CRASH_2001_Philadelphia"
"2001215697","06","67","67301","67301","2001","03","5","0742","07","1","1","0","8","1","","","N","00","0","00","3","0","1","2","2","N","N","39 57:52.200","75 12:16.200","9999","","9999","","0","","N","","0 ","","","","","","","","","","1","1","0","0","0","0","0","0","0","1","0","0","1","0","0","0","0","0","0","0","0","0","0","0","0","0","0","0","0","0","0","0","1","0","1","2","0","39.9645","-75.2045","","CRASH_2001_Philadelphia"
"2001223785","06","67","67301","67301","2001","03","2","0336","03","3","1","0","9","1","","","N","02","0","00","3","0","0","1","4","N","N","","","9999","","9999","","0","","N","","0 ","","","","","","","","","","4","1","0","0","0","0","0","0","0","0","0","0","0","0","0","0","0","0","0","0","0","0","0","0","0","0","0","0","0","0","0","0","0","0","0","0","0","","","","CRASH_2001_Philadelphia"
"2001233101","06","67","67301","67301","2001","04","7","0123","01","3","1","0","9","1","","","N","00","0","00","3","0","1","1","2","N","N","","","9999","","9999","","0","","N","","0 ","","","","","","","","","","2","1","0","0","0","0","0","0","0","0","0","0","0","0","1","0","0","0","0","0","0","0","0","0","0","0","0","0","0","0","0","0","0","0","0","9","0","","","","CRASH_2001_Philadelphia"
"2001240960","06","67","67301","67301","2001","04","2","1538","15","1","1","0","4","1","","","N","01","2","00","3","0","1","2","2","N","N","39 57:32.400","75 10:18.840","9999","","9999","","0","","N","","3 ","","","","","","","","","","2","2","0","0","0","0","0","0","0","0","0","1","1","0","0","0","0","0","0","0","1","0","0","0","0","0","0","0","0","0","0","0","0","0","0","4","0","39.9591","-75.172","","CRASH_2001_Philadelphia"
"2001243546","06","67","67301","67301","2001","05","3","1748","17","1","1","0","8","1","","","N","00","0","00","3","0","1","2","2","N","N","","","9999","","9999","","0","","N","","0 ","","","","","","","","","","1","0","0","0","0","0","0","0","0","0","0","1","1","0","0","0","0","0","0","0","0","0","0","0","0","0","0","0","0","0","0","0","1","0","0","4","0","","","","CRASH_2001_Philadelphia"
"2001243570","06","67","67301","67301","2001","04","1","1729","17","1","1","0","7","1","","","N","00","0","02","3","0","2","2","1","N","N","","","9999","","9999","","0","","N","","0 ","","","","","","","","","","1","0","1","0","0","0","0","0","0","0","1","0","1","0","1","0","0","0","0","0","0","0","0","0","0","0","0","0","0","0","0","0","0","0","0","3","0","","","","CRASH_2001_Philadelphia"
"2001244745","06","67","67301","67301","2001","05","3","1512","15","1","1","0","8","1","","","N","00","0","00","3","0","1","2","2","N","N","40 04:33.600","75 05:06.360","9999","","9999","","0","","N","","0 ","","","","","","","","","","1","0","0","0","0","0","1","0","0","0","0","1","1","0","0","0","0","0","0","0","0","0","0","0","0","0","0","0","0","0","0","0","1","0","0","4","0","40.0759","-75.085","","CRASH_2001_Philadelphia"
"2001207550","06","67","67301","67301","2001","01","6","1625","16","1","1","0","8","1","","","N","00","0","00","3","0","1","2","2","N","N","","","9999","","9999","","0","","N","","0 ","","","","","","","","","","1","1","0","0","0","0","0","0","0","0","1","0","1","0","0","0","0","0","0","0","0","0","0","0","0","0","0","0","0","0","0","0","1","0","0","3","0","","","","CRASH_2001_Philadelphia"
"2001210702","06","67","67301","67301","2001","02","1","1553","15","1","1","0","1","1","","","N","06","0","02","3","0","1","2","2","N","N","39 56:42.720","75 11:24.720","9999","","9999","","0","","N","","0 ","","","","","","","","","","2","2","0","0","0","0","0","0","0","0","0","1","1","0","0","0","0","1","0","0","0","0","0","0","0","0","0","0","0","0","0","0","0","0","0","4","0","39.9454","-75.1904","","CRASH_2001_Philadelphia"
"2001224002","06","67","67301","67301","2001","03","2","1730","17","1","1","0","4","1","","","N","01","2","00","3","0","2","3","2","N","N","40 00:34.514","75 05:22.410","9999","","9999","","0","","N","","3 ","","","","","","","","","","2","1","0","0","0","0","1","0","0","0","0","1","1","0","1","0","0","0","0","0","0","0","0","0","0","0","0","0","0","0","0","0","0","0","0","4","0","40.0096","-75.0896","","CRASH_2001_Philadelphia"
"2001007117","06","67","67301","67301","2001","05","7","1800","18","1","2","1","1","1","","","N","01","2","00","3","0","0","2","2","N","N","39 57:10.251","75 11:31.720","1806","","9999","","0","","N","","3 ","","","","","","","","","","2","2","0","0","0","0","0","0","0","0","0","0","0","0","0","0","0","0","0","0","0","0","0","0","0","0","0","0","0","0","0","0","0","0","0","0","0","39.9543","-75.1918","","CRASH_2001_Philadelphia"
"2001204661","06","67","67301","67301","2001","01","2","0415","04","3","1","0","4","1","","","N","01","2","00","3","0","1","2","2","N","N","","","9999","","9999","","0","","N","","3 ","","","","","","","","","","2","2","0","0","0","0","0","0","0","0","0","1","1","0","0","0","0","0","0","0","0","0","0","0","0","0","0","0","0","0","0","0","0","0","0","4","0","","","","CRASH_2001_Philadelphia"
"2001204692","06","67","67301","67301","2001","01","6","0259","02","3","1","6","1","1","","","N","00","0","00","3","0","3","3","4","N","N","","","9999","","9999","","0","","N","","0 ","","","","","","","","","","4","2","0","0","0","0","0","0","0","1","0","0","1","0","2","0","0","0","0","0","1","0","0","0","0","0","0","1","0","0","0","0","0","0","0","2","0","","","","CRASH_2001_Philadelphia"
"2001205986","06","67","67301","67301","2001","01","2","1221","12","1","1","1","7","5","","","N","00","0","00","3","0","0","1","1","N","N","40 03:38.160","75 09:51.840","9999","","9999","","0","","N","","0 ","","","","","","","","","","1","1","0","0","0","0","0","0","0","0","0","0","0","0","0","0","0","0","0","0","0","0","0","0","0","0","0","0","0","0","0","0","0","0","0","0","0","40.0606","-75.1644","","CRASH_2001_Philadelphia"
"2001210800","06","67","67301","67301","2001","02","5","1710","17","1","1","3","1","1","","","N","00","0","00","3","0","0","3","3","N","N","39 57:22.680","75 11:39.120","9999","","9999","","0","","N","","0 ","","","","","","","","","","3","2","0","0","0","0","1","0","0","0","0","0","0","0","0","0","0","0","0","0","0","0","0","0","0","0","0","0","0","0","0","0","0","0","0","0","0","39.9562","-75.1942","","CRASH_2001_Philadelphia"
"2001223800","06","67","67301","67301","2001","03","6","0942","09","1","1","0","4","1","","","N","01","2","00","3","0","2","5","2","N","N","39 57:36.720","75 13:36.480","9999","","9999","","0","","N","","3 ","","","","","","","","","","2","2","0","0","0","0","0","0","0","0","0","2","2","0","0","0","0","0","0","1","0","0","0","0","0","0","0","0","0","0","0","0","0","0","0","4","0","39.9603","-75.2268","","CRASH_2001_Philadelphia"
"2001233040","06","67","67301","67301","2001","04","7","1822","18","1","1","0","4","1","","","N","01","2","00","3","0","2","3","2","N","N","39 59:38.040","75 10:45.480","9999","","9999","","0","","N","","3 ","","","","","","","","","","2","2","0","0","0","0","0","0","0","0","0","2","2","0","0","0","0","0","0","1","0","0","1","0","0","0","0","0","0","0","0","0","0","0","0","4","0","39.9939","-75.1792","","CRASH_2001_Philadelphia"
"2001238119","06","67","67301","67301","2001","04","6","2055","20","3","1","0","4","1","","","N","01","9","00","3","0","1","2","2","N","N","40 01:48.252","75 13:00.782","9999","","9999","","0","","N","","9 ","","","","","","","","","","1","0","0","0","0","0","0","0","1","0","0","0","0","0","1","0","0","0","0","0","0","0","0","0","0","0","0","0","0","0","0","0","0","0","0","9","0","40.0301","-75.2169","","CRASH_2001_Philadelphia"
"2001243564","06","67","67301","67301","2001","05","2","1910","19","1","1","0","8","1","","","N","01","2","00","3","0","1","3","2","N","N","40 02:08.880","75 07:31.440","9999","","9999","","0","","N","","3 ","","","","","","","","","","1","1","0","0","0","0","0","0","0","0","0","1","1","0","0","0","0","0","0","0","0","0","0","0","0","0","0","0","0","0","0","0","1","0","0","4","0","40.0358","-75.1254","","CRASH_2001_Philadelphia"
"2001243613","06","67","67301","67301","2001","04","7","1830","18","1","1","0","8","1","","","N","01","3","00","3","0","1","2","2","N","N","","","9999","","9999","","0","","N","","3 ","","","","","","","","","","1","0","0","0","0","0","0","0","0","0","0","1","1","0","0","0","0","0","0","0","0","0","0","0","0","0","0","0","0","0","0","0","1","0","0","4","0","","","","CRASH_2001_Philadelphia"
"2001209071","06","67","67301","67301","2001","01","7","2150","21","3","3","5","7","1","","","N","00","0","00","3","0","2","2","2","N","N","40 03:33.840","75 09:55.800","9999","","9999","","0","","N","","0 ","","","","","","","","","","1","1","0","0","0","0","0","0","0","0","1","1","2","0","0","0","0","0","0","0","0","0","0","0","0","0","0","0","0","0","0","0","1","0","0","3","0","40.0594","-75.1655","","CRASH_2001_Philadelphia"
"2001210626","06","67","67301","67301","2001","02","5","1552","15","1","1","0","4","1","","","N","01","2","00","3","0","2","3","2","N","N","39 58:42.600","75 12:48.600","9999","","9999","","0","","N","","3 ","","","","","","","","","","2","2","0","0","0","0","0","0","0","0","0","2","2","0","0","0","0","0","0","0","1","0","0","0","0","0","0","0","0","0","0","0","0","0","0","4","0","39.9786","-75.2136","","CRASH_2001_Philadelphia"
"2001210662","06","67","67301","67301","2001","02","5","1043","10","1","1","0","4","1","","","N","01","3","00","3","0","2","3","2","N","N","40 00:47.520","75 05:50.640","9999","","9999","","0","","N","","3 ","","","","","","","","","","2","1","0","0","1","0","0","0","0","0","0","2","2","0","0","0","0","0","0","0","0","0","1","0","0","0","0","0","0","0","0","0","0","0","0","4","0","40.0132","-75.0975","","CRASH_2001_Philadelphia"
"2001238165","06","67","67301","67301","2001","03","3","1730","17","1","1","0","4","1","","","N","01","2","00","3","0","0","2","2","N","N","40 00:14.047","75 08:57.044","9999","","9999","","0","","N","","3 ","","","","","","","","","","2","1","0","0","0","0","0","0","0","0","0","0","0","0","0","0","0","0","0","0","0","0","0","0","0","0","0","0","0","0","0","0","0","0","0","0","0","40.0039","-75.1492","","CRASH_2001_Philadelphia"
"2001238973","06","67","67301","67301","2001","04","6","1415","14","1","1","0","1","1","","","N","01","2","00","3","0","1","5","3","N","N","40 01:40.080","75 05:57.840","9999","","9999","","0","","N","","3 ","","","","","","","","","","3","1","0","0","0","0","1","1","0","0","0","1","1","0","0","0","0","0","0","0","0","0","0","0","0","0","0","0","0","0","0","0","0","0","0","4","0","40.0279","-75.0996","","CRASH_2001_Philadelphia"
"2001204126","06","67","67301","67301","2001","01","6","0450","04","3","4","9","4","1","","","N","01","2","00","3","0","1","3","2","N","N","40 00:55.080","75 09:00.000","9999","","9999","","0","","N","","3 ","","","","","","","","","","2","2","0","0","0","0","0","0","0","0","0","1","1","0","0","0","0","0","0","1","0","0","0","0","0","0","0","0","0","0","0","0","0","0","0","4","0","40.0153","-75.1499","","CRASH_2001_Philadelphia"
"2001211361","06","67","67301","67301","2001","02","5","1720","17","1","1","0","4","1","","","N","01","0","00","3","0","4","5","2","N","N","40 03:07.920","75 05:35.160","9999","","9999","","0","","N","","0 ","","","","","","","","","","2","1","0","0","0","0","0","1","0","0","0","0","0","0","4","0","0","0","1","0","0","0","0","1","0","0","0","0","0","0","0","0","0","0","0","9","0","40.0522","-75.0931","","CRASH_2001_Philadelphia"
"2001217008","06","67","67301","67301","2001","03","3","1021","10","1","1","1","4","1","","","N","01","3","00","3","0","1","2","3","N","N","","","9999","","9999","","0","","N","","3 ","","","","","","","","","","3","2","0","0","0","0","0","0","0","0","0","0","0","0","1","0","0","0","0","0","0","0","1","2","0","0","0","0","0","0","0","0","0","0","0","9","0","","","","CRASH_2001_Philadelphia"
"2001231197","06","67","67301","67301","2001","03","2","2126","21","3","1","0","9","1","","","N","00","0","00","3","0","1","2","4","N","N","","","9999","","9999","","0","","N","","0 ","","","","","","","","","","4","1","0","0","0","0","0","0","0","0","0","1","1","0","0","0","0","0","0","0","0","0","0","0","0","0","0","0","0","0","0","0","0","0","0","4","0","","","","CRASH_2001_Philadelphia"
"2001008646","06","67","67301","67301","2001","05","4","2230","22","3","1","0","1","1","","","N","01","2","00","3","0","1","2","2","N","N","40 01:15.733","75 08:23.485","2236","","2235","","0","","N","","3 ","","","","","","","","","","2","2","0","0","0","0","0","0","0","0","0","1","1","0","0","0","0","0","0","0","1","0","0","0","0","0","0","0","0","0","0","0","0","0","0","4","0","40.021","-75.1399","","CRASH_2001_Philadelphia"
"2001205948","06","67","67301","67301","2001","01","2","0706","07","1","1","3","2","1","","","N","02","0","00","3","0","0","2","2","N","N","40 01:16.536","75 08:49.556","9999","","9999","","0","","N","","0 ","","","","","","","","","","2","2","0","0","0","0","0","0","0","0","0","0","0","0","0","0","0","0","0","0","0","0","0","0","0","0","0","0","0","0","0","0","0","0","0","0","0","40.0213","-75.1471","","CRASH_2001_Philadelphia"
"2001215582","06","67","67301","67301","2001","02","3","0940","09","1","1","0","1","1","","","N","01","9","00","3","0","0","2","2","N","N","39 58:08.760","75 07:34.320","9999","","9999","","0","","N","","9 ","","","","","","","","","","2","2","0","0","0","0","0","0","0","0","0","0","0","0","0","0","0","0","0","0","0","0","0","1","0","0","0","0","0","0","0","0","0","0","0","0","0","39.9686","-75.1272","","CRASH_2001_Philadelphia"
"2001231149","06","67","67301","67301","2001","03","5","0745","07","5","1","0","9","1","","","N","01","9","00","3","0","1","1","3","N","N","39 59:25.490","75 05:39.832","9999","","9999","","0","","N","","9 ","","","","","","","","","","3","0","0","0","0","0","0","1","0","0","0","1","1","0","0","0","0","0","0","0","0","0","0","0","0","0","0","0","0","0","0","0","0","0","0","4","0","39.9904","-75.0944","","CRASH_2001_Philadelphia"
"2001208904","06","67","67301","67301","2001","02","7","2027","20","3","1","0","9","1","","","N","00","0","00","3","0","1","2","4","N","N","39 57:38.880","75 14:37.680","9999","","9999","","0","","N","","0 ","","","","","","","","","","4","1","0","0","0","0","0","0","0","0","0","1","1","0","0","0","0","1","0","0","0","0","0","0","0","0","0","0","0","0","0","0","0","0","0","4","0","39.9608","-75.2437","","CRASH_2001_Philadelphia"
"2001208996","06","67","67301","67301","2001","02","1","1250","12","1","1","0","4","1","","","N","01","3","00","3","0","1","2","2","N","N","40 01:48.428","75 08:37.006","9999","","9999","","0","","N","","3 ","","","","","","","","","","2","2","0","0","0","0","0","0","0","0","0","1","1","0","0","0","0","0","0","0","0","0","0","0","0","0","0","0","0","0","0","0","0","0","0","4","0","40.0301","-75.1436","","CRASH_2001_Philadelphia"
"2001210650","06","67","67301","67301","2001","02","1","0514","05","3","1","0","1","1","","","N","00","0","00","3","0","1","4","2","N","N","","","9999","","9999","","0","","N","","0 ","","","","","","","","","","2","1","0","0","0","0","0","1","0","0","0","1","1","0","0","0","0","0","0","0","0","1","0","0","0","0","0","0","0","0","0","0","0","0","0","4","0","","","","CRASH_2001_Philadelphia"
"2001213100","06","67","67301","67301","2001","02","1","1033","10","1","1","0","4","1","","","N","01","2","00","3","0","3","3","2","N","N","","","9999","","9999","","0","","N","","3 ","","","","","","","","","","2","2","0","0","0","0","0","0","0","0","0","3","3","0","0","0","0","0","0","0","0","1","0","0","0","0","0","0","0","0","0","0","0","0","0","4","0","","","","CRASH_2001_Philadelphia"
"2001216988","06","67","67301","67301","2001","03","3","1514","15","1","1","0","1","1","","","N","00","0","00","3","0","0","6","3","N","N","39 55:29.280","75 11:35.520","9999","","9999","","0","","N","","0 ","","","","","","","","","","3","3","0","0","0","0","0","0","0","0","0","0","0","0","0","0","0","1","1","0","0","0","0","0","0","0","0","0","0","0","0","0","0","0","0","0","0","39.9254","-75.1938","","CRASH_2001_Philadelphia"
"2001223820","06","67","67301","67301","2001","03","1","0228","02","3","1","0","7","5","","","N","00","0","00","3","0","4","4","1","N","N","","","9999","","9999","","0","","N","","0 ","","","","","","","","","","1","1","0","0","0","0","0","0","0","0","0","4","4","0","0","0","0","0","0","0","0","0","0","0","0","0","0","0","0","0","0","0","0","0","0","4","0","40.0116","-75.2105","","CRASH_2001_Philadelphia"
"2001205949","06","67","67301","67301","2001","01","2","2315","23","3","1","3","4","1","","","N","01","3","00","3","0","0","2","2","N","N","","","9999","","9999","","0","","N","","3 ","","","","","","","","","","2","1","0","0","0","0","0","1","0","0","0","0","0","0","0","0","0","0","0","0","0","0","0","0","0","0","0","0","0","0","0","0","0","0","0","0","0","","","","CRASH_2001_Philadelphia"
"2001239063","06","67","67301","67301","2001","04","5","1945","19","3","1","0","1","1","","","N","00","0","00","3","0","0","2","2","N","N","39 57:01.080","75 09:33.480","9999","","9999","","0","","N","","0 ","","","","","","","","","","2","2","0","0","0","0","0","0","0","0","0","0","0","0","0","0","0","0","0","0","0","0","0","0","0","0","0","0","0","0","0","0","0","0","0","0","0","39.9503","-75.1593","","CRASH_2001_Philadelphia"
"2001240197","06","67","67301","67301","2001","04","3","1630","16","1","1","0","1","1","","","N","06","4","02","3","0","1","2","2","N","N","39 56:42.720","75 11:24.720","9999","","9999","","0","","N","","3 ","","","","","","","","","","2","2","0","0","0","0","0","0","0","0","0","1","1","0","0","0","0","0","0","0","0","1","0","0","0","0","0","0","0","0","0","0","0","0","0","4","0","39.9452","-75.1902","","CRASH_2001_Philadelphia"
"2001244900","06","67","67301","67301","2001","05","7","1630","16","1","1","0","4","1","","","N","01","3","00","3","0","0","2","2","N","N","","","9999","","9999","","0","","N","","3 ","","","","","","","","","","2","2","0","0","0","0","0","0","0","0","0","0","0","0","0","0","0","0","0","0","0","0","0","0","0","0","0","0","0","0","0","0","0","0","0","0","0","","","","CRASH_2001_Philadelphia"
"2001206715","06","67","67301","67301","2001","01","1","1012","10","1","4","3","5","1","","","N","00","0","00","3","0","1","2","2","N","N","40 00:33.120","75 12:16.560","9999","","9999","","0","","N","","0 ","","","","","","","","","","2","1","0","0","0","0","0","0","0","0","1","0","1","0","0","0","0","0","0","0","0","0","0","0","0","0","0","0","0","0","0","0","0","0","0","3","0","40.0094","-75.2051","","CRASH_2001_Philadelphia"
"2001204660","06","67","67301","67301","2001","01","2","0830","08","1","1","1","4","1","","","N","01","3","00","3","0","1","3","2","N","N","39 58:05.980","75 12:15.721","9999","","9999","","0","","N","","3 ","","","","","","","","","","2","1","0","0","0","0","0","1","0","0","0","1","1","0","0","0","0","0","0","0","1","0","0","0","0","0","0","0","0","0","0","0","0","0","0","4","0","39.9683","-75.2044","","CRASH_2001_Philadelphia"