"CRN","DISTRICT","COUNTY","MUNICIPALITY","POLICE_AGCY","CRASH_YEAR","CRASH_MONTH","DAY_OF_WEEK","TIME_OF_DAY","HOUR_OF_DAY","ILLUMINATION","WEATHER","ROAD_CONDITION","COLLISION_TYPE","RELATION_TO_ROAD","WORK_ZONE_TYPE","WORK_ZONE_LOC","WORK_ZONE_IND","INTERSECT_TYPE","TCD_TYPE","LOCATION_TYPE","URBAN_RURAL","FATAL_COUNT","INJURY_COUNT","PERSON_COUNT","TOTAL_UNITS","SCH_BUS_IND","SCH_ZONE_IND","LATITUDE","LONGITUDE","ARRIVAL_TM","CONS_ZONE_SPD_LIM","DISPATCH_TM","EST_HRS_CLOSED","LANE_CLOSED","LN_CLOSE_DIR","NTFY_HIWY_MAINT","SPEC_JURIS_CD","TCD_FUNC_CD","TFC_DETOUR_IND","WORKERS_PRES","WZ_CLOSE_DETOUR","WZ_FLAGGER","WZ_LAW_OFFCR_IND","WZ_LN_CLOSURE","WZ_MOVING","WZ_OTHER","WZ_SHLDER_MDN","VEHICLE_COUNT","AUTOMOBILE_COUNT","MOTORCYCLE_COUNT","BUS_COUNT","SMALL_TRUCK_COUNT","HEAVY_TRUCK_COUNT","SUV_COUNT","VAN_COUNT","BICYCLE_COUNT","MAJ_INJ_COUNT","MOD_INJ_COUNT","MIN_INJ_COUNT","TOT_INJ_COUNT","UNK_INJ_DEG_COUNT","UNK_INJ_PER_COUNT","DRIVER_COUNT_16YR","DRIVER_COUNT_17YR","DRIVER_COUNT_18YR","DRIVER_COUNT_19YR","DRIVER_COUNT_20YR","DRIVER_COUNT_50_64YR","DRIVER_COUNT_65_74YR","DRIVER_COUNT_75PLUS","UNBELTED_OCC_COUNT","UNB_DEATH_COUNT","UNB_MAJ_INJ_COUNT","BELTED_DEATH_COUNT","BELTED_MAJ_INJ_COUNT","MCYCLE_DEATH_COUNT","MCYCLE_MAJ_INJ_COUNT","BICYCLE_DEATH_COUNT","BICYCLE_MAJ_INJ_COUNT","PED_COUNT","PED_DEATH_COUNT","PED_MAJ_INJ_COUNT","MAX_SEVERITY_LEVEL","COMM_VEH_COUNT","DEC_LAT","DEC_LONG","RDWY_SURF_TYPE_CD","COUNTY_YEAR"
"2001233541","06","67","67301","67301","2001","03","5","0807","08","1","2","0","4","1","","","N","01","2","00","3","0","1","3","2","N","N","39 56:16.800","75 11:55.320","9999","","9999","","0","","N","","3 ","","","","","","","","","","2","2","0","0","0","0","0","0","0","0","1","0","1","0","0","0","0","0","0","0","0","0","0","0","0","0","0","0","0","0","0","0","0","0","0","3","0","39.938","-75.1987","","CRASH_2001_Philadelphia"
"2001007432","06","67","67301","67301","2001","06","1","0345","03","3","1","0","1","1","","","N","00","0","02","3","0","0","2","2","N","N","39 57:16.815","75 08:28.130","0400","","0251","1","1","2","N","","0 ","N","","","","","","","","","2","1","0","0","0","0","0","0","0","0","0","0","0","0","0","0","0","0","0","0","0","0","0","0","0","0","0","0","0","0","0","0","0","0","0","0","0","39.9553","-75.1413","","CRASH_2001_Philadelphia"
"2001207845","06","67","67301","67301","2001","01","6","1017","10","1","1","6","4","1","","","N","01","3","00","3","0","3","3","2","N","N","","","9999","","9999","","0","","N","","3 ","","","","","","","","","","2","0","0","1","0","0","0","1","0","0","3","0","3","0","0","0","0","0","0","0","0","0","0","0","0","0","0","0","0","0","0","0","0","0","0","3","1","","","","CRASH_2001_Philadelphia"
"2001210582","06","67","67301","67301","2001","01","3","1827","18","3","1","0","4","1","","","N","01","2","00","3","0","0","3","2","N","N","40 02:53.520","75 11:00.600","9999","","9999","","0","","N","","3 ","","","","","","","","","","2","1","0","0","1","0","0","0","0","0","0","0","0","0","0","0","0","0","1","0","1","0","0","0","0","0","0","0","0","0","0","0","0","0","0","0","0","40.0483","-75.1834","","CRASH_2001_Philadelphia"
"2001234544","06","67","67301","67301","2001","03","3","1930","19","3","2","1","7","5","1","8","Y","02","2","00","3","0","1","2","1","N","N","39 59:52.440","75 11:06.720","9999","99","9999","","0","","N","","3 ","","U","","","U","","","","","1","1","0","0","0","0","0","0","0","0","1","0","1","0","0","0","0","0","0","0","0","0","0","0","0","0","0","0","0","0","0","0","0","0","0","3","0","39.9979","-75.1852","","CRASH_2001_Philadelphia"
"2001238169","06","67","67301","67301","2001","04","6","1408","14","1","2","1","4","1","","","N","01","2","00","3","0","0","2","2","N","N","39 59:48.480","75 09:14.040","9999","","9999","","0","","N","","3 ","","","","","","","","","","2","2","0","0","0","0","0","0","0","0","0","0","0","0","0","0","0","0","0","0","0","0","0","0","0","0","0","0","0","0","0","0","0","0","0","0","0","39.9968","-75.1539","","CRASH_2001_Philadelphia"
"2001008587","06","67","67301","67301","2001","05","2","1635","16","1","1","4","4","1","","","N","02","0","00","3","0","1","4","2","N","N","39 59:51.264","75 07:18.209","1640","","1640","","0","","N","","0 ","","","","","","","","","","2","2","0","0","0","0","0","0","0","0","0","1","1","0","0","0","0","0","0","0","0","0","0","1","0","0","0","0","0","0","0","0","0","0","0","4","0","39.9976","-75.1217","","CRASH_2001_Philadelphia"
"2001205963","06","67","67301","67301","2001","01","3","0745","07","1","1","5","1","1","","","N","02","3","00","3","0","1","2","2","N","N","","","9999","","9999","","0","","N","","3 ","","","","","","","","","","2","2","0","0","0","0","0","0","0","0","1","0","1","0","0","0","0","0","0","0","0","0","0","0","0","0","0","0","0","0","0","0","0","0","0","3","0","","","","CRASH_2001_Philadelphia"
"2001209079","06","67","67301","67301","2001","01","1","0435","04","3","4","3","5","1","","","N","00","0","00","3","0","0","3","2","N","N","39 56:30.840","75 11:39.120","9999","","9999","","0","","N","","0 ","","","","","","","","","","2","0","0","0","0","1","0","1","0","0","0","0","0","0","0","0","0","0","0","0","0","0","0","0","0","0","0","0","0","0","0","0","0","0","0","0","1","39.9411","-75.195","","CRASH_2001_Philadelphia"
"2001210732","06","67","67301","67301","2001","02","2","1555","15","1","1","0","4","1","","","N","01","2","00","3","0","0","2","2","N","N","39 57:23.400","75 09:05.040","9999","","9999","","0","","N","","3 ","","","","","","","","","","2","1","0","0","0","0","1","0","0","0","0","0","0","0","0","0","0","0","0","0","1","0","0","0","0","0","0","0","0","0","0","0","0","0","0","0","0","39.9566","-75.1513","","CRASH_2001_Philadelphia"
"2001236974","06","67","67301","67301","2001","04","4","2315","23","3","2","1","4","1","","","N","02","3","00","3","0","0","4","2","N","N","40 07:10.776","75 00:31.301","9999","","9999","","0","","N","","3 ","","","","","","","","","","2","1","0","0","0","0","0","1","0","0","0","0","0","0","0","0","1","0","0","0","0","0","0","0","0","0","0","0","0","0","0","0","0","0","0","0","0","40.1197","-75.0087","","CRASH_2001_Philadelphia"
"2001008591","06","67","67301","67301","2001","05","1","1340","13","1","1","0","7","5","","","N","01","2","00","3","0","0","2","1","N","N","39 59:03.419","75 05:56.444","1350","","1341","","0","","N","","9 ","","","","","","","","","","1","1","0","0","0","0","0","0","0","0","0","0","0","0","0","0","0","0","0","0","0","0","0","0","0","0","0","0","0","0","0","0","0","0","0","0","0","39.9842","-75.099","","CRASH_2001_Philadelphia"
"2001207326","06","67","67301","67301","2001","01","7","0324","03","3","2","1","4","1","","","N","01","2","00","3","0","1","2","2","N","N","40 02:01.320","75 04:28.200","9999","","9999","","0","","N","","3 ","","","","","","","","","","2","2","0","0","0","0","0","0","0","0","1","0","1","0","0","0","0","0","0","0","0","0","0","0","0","0","0","0","0","0","0","0","0","0","0","3","0","40.0339","-75.0742","","CRASH_2001_Philadelphia"
"2001207584","06","67","67301","67301","2001","01","1","0315","03","3","1","0","7","1","","","N","00","0","00","3","0","2","2","1","N","N","40 01:58.440","75 04:40.440","9999","","9999","","0","","N","","0 ","","","","","","","","","","1","1","0","0","0","0","0","0","0","1","1","0","2","0","0","0","0","0","0","0","0","0","0","2","0","1","0","0","0","0","0","0","0","0","0","2","0","40.0332","-75.0773","","CRASH_2001_Philadelphia"
"2001209156","06","67","67301","67301","2001","01","3","1457","14","1","2","1","4","1","","","N","02","2","00","3","0","1","5","2","N","N","39 57:19.800","75 11:17.520","9999","","9999","","0","","N","","3 ","","","","","","","","","","2","1","0","0","0","0","1","0","0","0","0","1","1","0","0","0","0","0","0","0","0","0","0","0","0","0","0","0","0","0","0","0","0","0","0","4","0","39.9555","-75.1882","","CRASH_2001_Philadelphia"
"2001213108","06","67","67301","67301","2001","02","4","0219","02","3","1","0","1","1","","","N","00","0","00","3","0","0","3","3","N","N","","","9999","","9999","","0","","N","","0 ","","","","","","","","","","3","2","0","0","0","0","0","0","0","0","0","0","0","0","0","0","0","0","0","0","0","0","0","0","0","0","0","0","0","0","0","0","0","0","0","0","0","","","","CRASH_2001_Philadelphia"
"2001229597","06","67","67301","67301","2001","03","6","2024","20","3","2","1","4","1","","","N","01","2","00","3","0","1","2","3","N","N","","","9999","","9999","","0","","N","","3 ","","","","","","","","","","3","1","0","0","0","0","1","0","0","0","0","1","1","0","0","0","1","0","0","0","0","1","0","0","0","0","0","0","0","0","0","0","0","0","0","4","0","","","","CRASH_2001_Philadelphia"
"2001007110","06","67","67301","67301","2001","06","7","","","1","1","0","4","1","","","N","01","3","00","3","0","3","4","3","N","N","","","1054","","1050","","0","","N","","3 ","","","","","","","","","","3","3","0","0","0","0","0","0","0","0","0","3","3","0","0","0","0","0","0","0","1","0","0","0","0","0","0","0","0","0","0","0","0","0","0","4","0","","","","CRASH_2001_Philadelphia"
"2001207408","06","67","67301","67301","2001","01","6","1430","14","1","1","0","5","1","","","N","00","0","00","3","0","1","2","2","N","N","","","9999","","9999","","0","","N","","0 ","","","","","","","","","","2","2","0","0","0","0","0","0","0","0","0","1","1","0","0","0","0","0","0","0","0","0","0","0","0","0","0","0","0","0","0","0","0","0","0","4","0","","","","CRASH_2001_Philadelphia"
"2001209101","06","67","67301","67301","2001","02","2","1125","11","1","3","6","1","1","","","N","01","2","00","3","0","1","2","2","N","N","40 02:26.160","75 04:34.320","9999","","9999","","0","","N","","3 ","","","","","","","","","","2","2","0","0","0","0","0","0","0","0","0","1","1","0","0","0","0","0","0","0","2","0","0","1","0","0","0","0","0","0","0","0","0","0","0","4","0","40.0407","-75.0762","","CRASH_2001_Philadelphia"
"2001223843","06","67","67301","67301","2001","03","2","1815","18","3","1","0","4","1","","","N","00","0","00","3","0","1","3","2","N","N","39 57:29.520","75 12:36.360","9999","","9999","","0","","N","","0 ","","","","","","","","","","2","2","0","0","0","0","0","0","0","0","1","0","1","0","0","0","0","0","0","0","0","0","0","0","0","0","0","0","0","0","0","0","0","0","0","3","0","39.9581","-75.2101","","CRASH_2001_Philadelphia"
"2001233283","06","67","67301","67301","2001","03","1","0545","05","1","1","0","7","1","","","N","00","0","03","3","0","3","3","1","N","N","39 59:12.840","75 12:28.080","9999","","9999","","0","","N","","0 ","","","","","","","","","","1","1","0","0","0","0","0","0","0","0","0","2","2","0","1","0","0","0","0","0","0","0","0","0","0","0","0","0","0","0","0","0","0","0","0","4","0","39.9869","-75.2079","","CRASH_2001_Philadelphia"
"2001240029","06","67","67301","67301","2001","04","1","2255","22","3","2","1","6","1","","","N","00","0","00","3","0","2","2","2","N","N","","","9999","","9999","","0","","N","","0 ","","","","","","","","","","2","2","0","0","0","0","0","0","0","0","2","0","2","0","0","0","0","0","0","1","0","0","0","0","0","0","0","0","0","0","0","0","0","0","0","3","0","","","","CRASH_2001_Philadelphia"
"2001207644","06","67","67301","67301","2001","01","7","0250","02","3","4","3","1","1","","","N","01","2","00","3","0","1","3","2","N","N","40 03:23.400","75 02:47.040","9999","","9999","","0","","N","","3 ","","","","","","","","","","2","1","0","0","0","0","1","0","0","0","1","0","1","0","0","0","0","0","0","0","0","0","0","0","0","0","0","0","0","0","0","0","0","0","0","3","0","40.0565","-75.0464","","CRASH_2001_Philadelphia"
"2001213136","06","67","67301","67301","2001","02","4","2330","23","3","2","1","1","1","","","N","06","0","02","3","0","1","4","3","N","N","39 56:54.240","75 11:08.880","9999","","9999","","0","","N","","0 ","","","","","","","","","","3","2","0","0","1","0","0","0","0","0","0","0","0","0","1","0","0","0","0","0","0","0","0","0","0","0","0","0","0","0","0","0","0","0","0","9","0","39.9484","-75.1858","","CRASH_2001_Philadelphia"
"2001223898","06","67","67301","67301","2001","03","1","2050","20","3","3","6","7","1","","","N","00","0","00","3","0","1","1","1","N","N","39 53:08.160","75 12:43.560","9999","","9999","","0","","N","","0 ","","","","","","","","","","1","1","0","0","0","0","0","0","0","1","0","0","1","0","0","0","0","0","0","0","1","0","0","0","0","0","0","1","0","0","0","0","0","0","0","2","0","39.8887","-75.2025","","CRASH_2001_Philadelphia"
"2001238097","06","67","67301","67301","2001","04","6","1407","14","1","1","0","4","1","","","N","01","2","00","3","0","1","2","2","N","N","39 58:39.720","75 12:47.880","9999","","9999","","0","","N","","3 ","","","","","","","","","","2","1","0","0","1","0","0","0","0","0","0","1","1","0","0","0","0","0","0","0","2","0","0","0","0","0","0","0","0","0","0","0","0","0","0","4","0","39.9777","-75.2133","","CRASH_2001_Philadelphia"
"2001007433","06","67","67301","67301","2001","05","2","2259","22","3","1","1","7","7","","","N","07","0","02","3","0","0","1","1","N","N","39 58:05.520","75 07:46.920","2300","","2259","","0","","Y","","0 ","","","","","","","","","","1","1","0","0","0","0","0","0","0","0","0","0","0","0","0","0","0","0","0","0","0","0","0","0","0","0","0","0","0","0","0","0","0","0","0","0","0","39.9684","-75.1295","","CRASH_2001_Philadelphia"
"2001009072","06","67","67301","67301","2001","05","5","1150","11","1","1","0","0","1","","","N","00","0","00","3","0","1","2","1","N","N","40 02:17.520","75 00:37.800","1155","","1153","1","2","1","N","","0 ","N","","","","","","","","","1","1","0","0","0","0","0","0","0","0","0","1","1","0","0","0","0","0","0","0","0","0","0","0","0","0","0","0","0","0","0","0","0","0","0","4","0","40.0382","-75.0107","","CRASH_2001_Philadelphia"
"2001014283","06","67","67301","67301","2001","06","3","0825","08","1","1","0","4","1","","","N","05","2","00","3","0","0","3","2","N","N","40 01:54.120","75 03:48.600","0835","","0830","","0","","N","","3 ","","","","","","","","","","2","2","0","0","0","0","0","0","0","0","0","0","0","0","0","0","0","0","0","0","0","0","0","0","0","0","0","0","0","0","0","0","0","0","0","0","0","40.0316","-75.0633","","CRASH_2001_Philadelphia"
"2001207582","06","67","67301","67301","2001","01","7","1940","19","3","1","0","5","1","","","N","06","0","02","3","0","2","6","2","N","N","40 00:34.920","75 12:30.240","9999","","9999","","0","","N","","0 ","","","","","","","","","","2","2","0","0","0","0","0","0","0","0","0","0","0","0","2","0","0","0","0","0","0","0","0","0","0","0","0","0","0","0","0","0","0","0","0","9","0","40.0101","-75.2075","","CRASH_2001_Philadelphia"
"2001208922","06","67","67301","67301","2001","01","3","2336","23","3","1","1","8","1","","","N","01","2","00","3","0","1","2","2","N","N","","","9999","","9999","","0","","N","","3 ","","","","","","","","","","1","0","0","0","0","0","0","0","0","0","1","0","1","0","0","0","0","0","0","0","0","0","0","0","0","0","0","0","0","0","0","0","1","0","0","3","0","","","","CRASH_2001_Philadelphia"
"2001215606","06","67","67301","67301","2001","02","2","0800","08","1","1","0","1","1","","","N","00","0","00","3","0","1","3","3","N","N","40 03:02.880","75 10:24.960","9999","","9999","","0","","N","","0 ","","","","","","","","","","3","3","0","0","0","0","0","0","0","0","0","1","1","0","0","0","0","0","0","1","0","0","0","0","0","0","0","0","0","0","0","0","0","0","0","4","0","40.0508","-75.1736","","CRASH_2001_Philadelphia"
"2001231175","06","67","67301","67301","2001","03","3","0333","03","3","1","0","9","1","","","N","00","0","00","3","0","1","1","3","N","N","","","9999","","9999","","0","","N","","0 ","","","","","","","","","","3","1","0","0","0","0","0","0","0","0","0","0","0","0","1","0","0","0","0","0","0","0","0","0","0","0","0","0","0","0","0","0","0","0","0","9","0","","","","CRASH_2001_Philadelphia"
"2001006990","06","67","67301","67301","2001","06","3","2200","22","3","1","1","4","1","","","N","05","2","00","3","0","1","2","2","N","N","40 01:53.078","75 05:05.038","2207","","2202","","0","","N","","3 ","","","","","","","","","","2","2","0","0","0","0","0","0","0","0","0","1","1","0","0","0","0","0","0","0","0","0","0","0","0","0","0","0","0","0","0","0","0","0","0","4","0","40.0314","-75.0847","","CRASH_2001_Philadelphia"
"2001007203","06","67","67301","67301","2001","06","6","1630","16","1","1","1","1","1","","","N","02","2","00","3","0","2","2","2","N","N","40 03:44.280","75 02:33.000","1700","","1635","","0","","N","","3 ","","","","","","","","","","2","1","0","1","0","0","0","0","0","0","0","2","2","0","0","0","0","0","0","1","0","0","0","1","0","0","0","0","0","0","0","0","0","0","0","4","1","40.0623","-75.0425","","CRASH_2001_Philadelphia"
"2001201582","06","67","67301","67301","2001","02","7","1830","18","3","1","0","4","1","","","N","01","3","00","3","0","1","2","2","N","N","","","9999","","9999","","0","","N","","3 ","","","","","","","","","","2","1","0","0","0","0","0","0","0","0","0","1","1","0","0","0","1","0","0","1","0","0","0","0","0","0","0","0","0","0","0","0","0","0","0","4","0","","","","CRASH_2001_Philadelphia"
"2001215540","06","67","67301","67301","2001","03","6","2349","23","3","1","0","4","1","","","N","01","2","00","3","0","5","5","2","N","N","39 54:58.320","75 14:20.040","9999","","9999","","0","","N","","3 ","","","","","","","","","","2","2","0","0","0","0","0","0","0","0","4","0","4","0","1","0","0","0","0","0","0","0","0","0","0","0","0","0","0","0","0","0","0","0","0","3","0","39.9161","-75.2389","","CRASH_2001_Philadelphia"
"2001223886","06","67","67301","67301","2001","03","4","1800","18","1","1","0","7","5","","","N","00","0","00","3","0","0","1","1","N","N","","","9999","","9999","","0","","N","","0 ","","","","","","","","","","1","1","0","0","0","0","0","0","0","0","0","0","0","0","0","0","0","0","0","0","0","0","0","0","0","0","0","0","0","0","0","0","0","0","0","0","0","","","","CRASH_2001_Philadelphia"
"2001233330","06","67","67301","67301","2001","03","1","1620","16","1","1","0","8","1","","","N","00","0","00","3","0","1","2","2","N","N","","","9999","","9999","","0","","N","","0 ","","","","","","","","","","1","1","0","0","0","0","0","0","0","0","0","1","1","0","0","0","0","0","0","0","0","0","0","0","0","0","0","0","0","0","0","0","1","0","0","4","0","","","","CRASH_2001_Philadelphia"
"2001014304","06","67","67301","67301","2001","06","2","1807","18","4","1","0","2","1","","","N","00","0","00","3","0","3","3","2","N","N","40 03:14.760","74 59:01.320","1814","","1810","","0","","N","","0 ","","","","","","","","","","2","2","0","0","0","0","0","0","0","0","3","0","3","0","0","0","0","0","0","0","0","0","0","0","0","0","0","0","0","0","0","0","0","0","0","3","0","40.0541","-74.9837","","CRASH_2001_Philadelphia"
"2001208974","06","67","67301","67301","2001","01","6","1645","16","1","1","0","8","1","","","N","01","2","00","3","0","1","2","2","N","N","40 02:43.800","75 09:53.640","9999","","9999","","0","","N","","3 ","","","","","","","","","","1","0","0","0","0","0","0","0","0","0","0","1","1","0","0","0","0","0","0","0","0","0","0","0","0","0","0","0","0","0","0","0","1","0","0","4","0","40.0455","-75.1649","","CRASH_2001_Philadelphia"
"2001209311","06","67","67301","67301","2001","01","3","1306","13","1","1","0","4","1","","","N","01","2","00","3","0","2","2","2","N","N","","","9999","","9999","","0","","N","","3 ","","","","","","","","","","2","2","0","0","0","0","0","0","0","0","0","0","0","0","2","0","0","0","0","0","0","0","0","0","0","0","0","0","0","0","0","0","0","0","0","9","0","","","","CRASH_2001_Philadelphia"
"2001231086","06","67","67301","67301","2001","03","5","1302","13","1","1","0","5","1","","","N","00","0","00","3","0","2","3","2","N","N","40 01:24.960","75 01:58.080","9999","","9999","","0","","N","","0 ","","","","","","","","","","2","0","0","0","0","1","1","0","0","0","0","0","0","0","2","0","0","0","0","0","1","0","0","0","0","0","0","0","0","0","0","0","0","0","0","9","1","40.0236","-75.0329","","CRASH_2001_Philadelphia"
"2001200442","06","67","67301","67301","2001","01","3","2110","21","3","1","0","4","1","","","N","01","2","00","3","0","0","2","2","N","N","40 00:18.000","75 10:43.320","9999","","9999","","0","","N","","3 ","","","","","","","","","","2","2","0","0","0","0","0","0","0","0","0","0","0","0","0","0","1","0","0","0","1","0","0","0","0","0","0","0","0","0","0","0","0","0","0","0","0","40.005","-75.1789","","CRASH_2001_Philadelphia"
"2001204638","06","67","67301","67301","2001","01","6","1300","13","1","4","3","8","1","","","N","01","1","00","3","0","1","2","3","N","N","40 01:45.840","75 02:12.480","9999","","9999","","0","","N","","3 ","","","","","","","","","","2","1","0","0","0","0","0","0","0","0","0","1","1","0","0","0","0","0","0","0","0","0","0","0","0","0","0","0","0","0","0","0","1","0","0","4","0","40.0289","-75.0342","","CRASH_2001_Philadelphia"
"2001238114","06","67","67301","67301","2001","04","6","1450","14","1","1","0","4","1","","","N","01","2","02","3","0","0","2","2","N","N","39 53:57.840","75 10:29.280","9999","","9999","","0","","N","","3 ","","","","","","","","","","2","2","0","0","0","0","0","0","0","0","0","0","0","0","0","0","0","0","0","0","0","0","0","0","0","0","0","0","0","0","0","0","0","0","0","0","0","39.8994","-75.1748","","CRASH_2001_Philadelphia"
"2001240062","06","67","67301","67301","2001","04","2","9999","99","1","1","0","1","1","","","N","01","2","00","3","0","1","2","2","N","N","40 02:07.080","75 08:43.800","9999","","9999","","0","","N","","3 ","","","","","","","","","","2","2","0","0","0","0","0","0","0","0","0","1","1","0","0","0","0","0","0","0","1","0","0","0","0","0","0","0","0","0","0","0","0","0","0","4","0","40.0352","-75.1455","","CRASH_2001_Philadelphia"
"2001240083","06","67","67301","67301","2001","04","5","0400","04","3","2","1","9","1","","","N","00","0","00","3","0","0","1","3","N","N","40 03:42.840","75 08:12.120","9999","","9999","","0","","N","","0 ","","","","","","","","","","3","1","0","0","0","0","0","0","0","0","0","0","0","0","0","0","0","1","0","0","0","0","0","0","0","0","0","0","0","0","0","0","0","0","0","0","0","40.0618","-75.1367","","CRASH_2001_Philadelphia"
"2001240116","06","67","67301","67301","2001","04","2","0938","09","1","2","1","4","1","","","N","01","2","00","3","0","1","2","2","N","N","40 03:48.240","75 08:21.480","9999","","9999","","0","","N","","3 ","","","","","","","","","","2","0","0","0","0","1","0","1","0","0","1","0","1","0","0","0","0","0","0","0","0","1","0","0","0","0","0","0","0","0","0","0","0","0","0","3","1","40.0633","-75.1394","","CRASH_2001_Philadelphia"
"2001240151","06","67","67301","67301","2001","04","4","1450","14","1","1","0","8","1","","","N","01","2","00","3","0","1","2","2","N","N","","","9999","","9999","","0","","N","","3 ","","","","","","","","","","1","0","0","0","0","0","0","0","0","0","0","1","1","0","0","0","0","0","0","0","0","0","0","0","0","0","0","0","0","0","0","0","1","0","0","4","0","","","","CRASH_2001_Philadelphia"
"2001007277","06","67","67301","67301","2001","06","2","2300","23","3","1","0","8","1","","","N","00","2","00","3","0","1","2","2","N","N","39 58:28.526","75 11:01.774","1553","","1550","","0","","N","","3 ","","","","","","","","","","1","0","0","0","0","0","0","0","0","0","0","1","1","0","0","0","0","0","0","0","0","0","0","0","0","0","0","0","0","0","0","0","1","0","0","4","0","39.9746","-75.1839","","CRASH_2001_Philadelphia"
"2001204541","06","67","67301","67301","2001","01","7","1328","13","1","1","1","4","1","","","N","01","2","00","3","0","2","4","2","N","N","39 57:29.880","75 13:23.880","9999","","9999","","0","","N","","3 ","","","","","","","","","","2","2","0","0","0","0","0","0","0","0","2","0","2","0","0","0","0","0","0","0","0","0","1","0","0","0","0","0","0","0","0","0","0","0","0","3","0","39.9582","-75.2232","","CRASH_2001_Philadelphia"
"2001211790","06","67","67301","67301","2001","02","5","1920","19","3","2","1","7","5","","","N","00","0","00","3","0","0","1","1","N","N","","","9999","","9999","","0","","N","","0 ","","","","","","","","","","1","0","0","0","0","0","1","0","0","0","0","0","0","0","0","0","0","0","0","0","0","0","0","1","0","0","0","0","0","0","0","0","0","0","0","0","0","","","","CRASH_2001_Philadelphia"
"2001215499","06","67","67301","67301","2001","03","6","1929","19","3","1","0","5","1","","","N","00","0","00","3","0","0","2","2","N","N","40 02:54.240","74 59:52.440","9999","","9999","","0","","N","","0 ","","","","","","","","","","2","2","0","0","0","0","0","0","0","0","0","0","0","0","0","0","0","0","0","0","0","0","0","0","0","0","0","0","0","0","0","0","0","0","0","0","0","40.0487","-74.9983","","CRASH_2001_Philadelphia"
"2001243649","06","67","67301","67301","2001","05","3","9999","99","5","3","0","7","1","","","N","00","0","00","3","0","3","3","2","N","N","40 01:19.200","75 09:44.640","9999","","9999","","0","","N","","0 ","","","","","","","","","","2","1","0","0","0","0","0","0","0","0","0","0","0","0","3","0","0","0","0","0","1","0","0","0","0","0","0","0","0","0","0","0","0","0","0","9","0","40.022","-75.1624","","CRASH_2001_Philadelphia"
"2001007217","06","67","67301","67301","2001","05","7","1727","17","1","1","0","1","1","","","N","00","0","00","3","0","1","5","3","N","N","40 06:59.312","75 01:12.153","1729","","1729","1","1","2","N","","0 ","N","","","","","","","","","3","3","0","0","0","0","0","0","0","0","0","1","1","0","0","0","0","0","0","0","0","0","0","0","0","0","0","0","0","0","0","0","0","0","0","4","0","40.1166","-75.02","","CRASH_2001_Philadelphia"
"2001204555","06","67","67301","67301","2001","01","7","0258","02","3","1","0","4","1","","","N","01","2","00","3","0","4","6","2","N","N","40 00:38.520","75 09:03.600","9999","","9999","","0","","N","","3 ","","","","","","","","","","2","2","0","0","0","0","0","0","0","0","3","1","4","0","0","0","0","0","0","1","0","0","0","0","0","0","0","0","0","0","0","0","0","0","0","3","0","40.0107","-75.1508","","CRASH_2001_Philadelphia"
"2001204657","06","67","67301","67301","2001","01","2","1224","12","1","2","1","1","1","","","N","00","0","02","3","0","1","2","2","N","N","40 01:25.320","75 01:51.240","9999","","9999","","0","","N","","0 ","","","","","","","","","","2","1","0","0","0","0","0","1","0","0","0","0","0","0","1","0","0","0","0","0","0","0","0","0","0","0","0","0","0","0","0","0","0","0","0","9","0","40.024","-75.0305","","CRASH_2001_Philadelphia"
"2001209044","06","67","67301","67301","2001","01","7","2045","20","3","2","1","8","1","","","N","01","2","00","3","0","1","2","2","N","N","","","9999","","9999","","0","","N","","3 ","","","","","","","","","","1","1","0","0","0","0","0","0","0","0","0","1","1","0","0","0","0","0","0","0","0","0","0","0","0","0","0","0","0","0","0","0","1","0","0","4","0","","","","CRASH_2001_Philadelphia"
"2001210590","06","67","67301","67301","2001","02","5","1814","18","3","1","0","1","1","","","N","01","2","00","3","0","0","4","3","N","N","40 02:29.040","75 02:56.760","9999","","9999","","0","","N","","3 ","","","","","","","","","","3","3","0","0","0","0","0","0","0","0","0","0","0","0","0","0","0","0","0","0","0","0","0","0","0","0","0","0","0","0","0","0","0","0","0","0","0","40.0414","-75.049","","CRASH_2001_Philadelphia"
"2001215590","06","67","67301","67301","2001","02","1","0730","07","1","1","0","1","1","","","N","00","0","00","3","0","0","2","2","N","N","","","9999","","9999","","0","","N","","0 ","","","","","","","","","","2","2","0","0","0","0","0","0","0","0","0","0","0","0","0","0","0","0","0","0","0","0","0","0","0","0","0","0","0","0","0","0","0","0","0","0","0","","","","CRASH_2001_Philadelphia"
"2001233519","06","67","67301","67301","2001","03","7","1530","15","1","2","1","5","1","","","N","00","0","00","3","0","5","5","2","N","N","40 01:58.440","75 04:40.800","9999","","9999","","0","","N","","0 ","","","","","","","","","","2","1","0","0","0","0","1","0","0","0","0","0","0","0","5","0","0","0","0","1","0","0","0","0","0","0","0","0","0","0","0","0","0","0","0","9","0","40.0332","-75.0774","","CRASH_2001_Philadelphia"
"2001238222","06","67","67301","67301","2001","03","6","0910","09","1","2","1","4","1","","","N","01","2","00","3","0","1","3","2","N","N","40 01:22.080","75 08:53.880","9999","","9999","","0","","N","","3 ","","","","","","","","","","2","1","0","0","0","0","0","1","0","0","0","1","1","0","0","0","0","0","0","0","1","0","0","0","0","0","0","0","0","0","0","0","0","0","0","4","0","40.0227","-75.1482","","CRASH_2001_Philadelphia"