"CRN","DISTRICT","COUNTY","MUNICIPALITY","POLICE_AGCY","CRASH_YEAR","CRASH_MONTH","DAY_OF_WEEK","TIME_OF_DAY","HOUR_OF_DAY","ILLUMINATION","WEATHER","ROAD_CONDITION","COLLISION_TYPE","RELATION_TO_ROAD","WORK_ZONE_TYPE","WORK_ZONE_LOC","WORK_ZONE_IND","INTERSECT_TYPE","TCD_TYPE","LOCATION_TYPE","URBAN_RURAL","FATAL_COUNT","INJURY_COUNT","PERSON_COUNT","TOTAL_UNITS","SCH_BUS_IND","SCH_ZONE_IND","LATITUDE","LONGITUDE","ARRIVAL_TM","CONS_ZONE_SPD_LIM","DISPATCH_TM","EST_HRS_CLOSED","LANE_CLOSED","LN_CLOSE_DIR","NTFY_HIWY_MAINT","SPEC_JURIS_CD","TCD_FUNC_CD","TFC_DETOUR_IND","WORKERS_PRES","WZ_CLOSE_DETOUR","WZ_FLAGGER","WZ_LAW_OFFCR_IND","WZ_LN_CLOSURE","WZ_MOVING","WZ_OTHER","WZ_SHLDER_MDN","VEHICLE_COUNT","AUTOMOBILE_COUNT","MOTORCYCLE_COUNT","BUS_COUNT","SMALL_TRUCK_COUNT","HEAVY_TRUCK_COUNT","SUV_COUNT","VAN_COUNT","BICYCLE_COUNT","MAJ_INJ_COUNT","MOD_INJ_COUNT","MIN_INJ_COUNT","TOT_INJ_COUNT","UNK_INJ_DEG_COUNT","UNK_INJ_PER_COUNT","DRIVER_COUNT_16YR","DRIVER_COUNT_17YR","DRIVER_COUNT_18YR","DRIVER_COUNT_19YR","DRIVER_COUNT_20YR","DRIVER_COUNT_50_64YR","DRIVER_COUNT_65_74YR","DRIVER_COUNT_75PLUS","UNBELTED_OCC_COUNT","UNB_DEATH_COUNT","UNB_MAJ_INJ_COUNT","BELTED_DEATH_COUNT","BELTED_MAJ_INJ_COUNT","MCYCLE_DEATH_COUNT","MCYCLE_MAJ_INJ_COUNT","BICYCLE_DEATH_COUNT","BICYCLE_MAJ_INJ_COUNT","PED_COUNT","PED_DEATH_COUNT","PED_MAJ_INJ_COUNT","MAX_SEVERITY_LEVEL","COMM_VEH_COUNT","DEC_LAT","DEC_LONG","RDWY_SURF_TYPE_CD","COUNTY_YEAR"
"2001238980","06","67","67301","67301","2001","04","6","2027","20","3","1","0","4","1","","","N","01","9","00","3","0","1","2","2","N","N","39 56:56.400","75 13:37.920","9999","","9999","","0","","N","","9 ","","","","","","","","","","2","0","1","0","0","0","0","0","0","0","1","0","1","0","0","0","0","0","0","0","0","0","0","0","0","0","0","0","0","0","0","0","0","0","0","3","0","39.9489","-75.2272","","CRASH_2001_Philadelphia"
"2001204654","06","67","67301","67301","2001","01","1","2040","20","3","4","1","5","1","","","N","00","0","00","3","0","3","5","2","N","N","39 58:10.920","75 12:47.160","9999","","9999","","0","","N","","0 ","","","","","","","","","","1","0","0","0","0","0","0","1","0","0","3","0","3","0","0","0","0","0","0","0","1","0","0","0","0","0","0","0","0","0","0","0","0","0","0","3","0","39.9698","-75.2131","","CRASH_2001_Philadelphia"
"2001209094","06","67","67301","67301","2001","02","2","1600","16","1","4","1","1","1","","","N","01","2","00","3","0","2","2","2","N","N","40 02:04.560","75 04:15.960","9999","","9999","","0","","N","","3 ","","","","","","","","","","2","1","0","0","0","0","0","1","0","0","0","1","1","0","1","0","0","0","0","0","0","0","0","0","0","0","0","0","0","0","0","0","0","0","0","4","0","40.0348","-75.0711","","CRASH_2001_Philadelphia"
"2001006929","06","67","67301","67301","2001","05","1","1535","15","1","1","0","3","1","","","N","01","0","07","3","0","2","3","3","N","N","40 03:28.000","75 09:46.800","1555","","1550","","0","","N","","0 ","","","","","","","","","","3","3","0","0","0","0","0","0","0","0","0","2","2","0","0","0","0","0","0","0","1","0","0","0","0","0","0","0","0","0","0","0","0","0","0","4","0","40.058","-75.1628","","CRASH_2001_Philadelphia"
"2001019600","06","67","67301","67301","2001","05","3","2129","21","3","2","1","8","1","","","N","02","2","00","3","0","1","2","2","N","N","","","2129","","2129","","0","","N","","3 ","","","","","","","","","","1","1","0","0","0","0","0","0","0","0","1","0","1","0","0","0","0","0","0","0","0","0","0","0","0","0","0","0","0","0","0","0","1","0","0","3","0","","","","CRASH_2001_Philadelphia"
"2001019680","06","67","67301","67301","2001","06","2","1510","15","1","1","0","5","1","","","N","00","0","03","3","0","0","2","2","N","N","39 53:41.638","75 11:36.982","1525","","1515","","0","","N","","0 ","","","","","","","","","","2","2","0","0","0","0","0","0","0","0","0","0","0","0","0","0","0","0","0","0","0","0","0","0","0","0","0","0","0","0","0","0","0","0","0","0","0","39.8982","-75.1827","","CRASH_2001_Philadelphia"
"2001207840","06","67","67301","67301","2001","01","3","1010","10","1","1","0","1","1","","","N","01","9","00","3","0","2","3","2","N","N","","","9999","","9999","","0","","N","","9 ","","","","","","","","","","2","1","0","0","0","0","0","1","0","0","2","0","2","0","0","0","0","0","0","0","0","0","0","0","0","0","0","0","0","0","0","0","0","0","0","3","0","","","","CRASH_2001_Philadelphia"
"2001207635","06","67","67301","67301","2001","01","4","1330","13","1","1","0","5","1","","","N","00","0","00","3","0","1","3","2","N","N","","","9999","","9999","","0","","N","","0 ","","","","","","","","","","2","2","0","0","0","0","0","0","0","0","1","0","1","0","0","0","0","0","0","0","0","0","0","2","0","0","0","0","0","0","0","0","0","0","0","3","0","","","","CRASH_2001_Philadelphia"
"2001016948","06","67","67301","67301","2001","05","4","1547","15","1","1","0","4","1","","","N","01","2","00","3","0","2","2","2","N","N","40 02:51.159","75 08:34.108","1610","","1604","","0","","N","","3 ","","","","","","","","","","2","2","0","0","0","0","0","0","0","0","0","2","2","0","0","0","0","0","0","0","0","0","0","0","0","0","0","0","0","0","0","0","0","0","0","4","0","40.0475","-75.1428","","CRASH_2001_Philadelphia"
"2001210640","06","67","67301","67301","2001","01","6","0800","08","1","1","0","1","1","","","N","00","0","00","3","0","1","3","4","N","N","","","9999","","9999","","0","","N","","0 ","","","","","","","","","","4","0","0","0","0","0","2","0","0","0","0","1","1","0","0","0","0","0","0","0","1","0","0","2","0","0","0","0","0","0","0","0","0","0","0","4","0","","","","CRASH_2001_Philadelphia"
"2001211412","06","67","67301","67301","2001","02","4","0850","08","1","2","1","4","1","","","N","01","3","00","3","0","0","3","2","N","N","40 01:59.080","75 05:19.604","9999","","9999","","0","","N","","3 ","","","","","","","","","","2","2","0","0","0","0","0","0","0","0","0","0","0","0","0","0","0","0","0","0","1","0","0","0","0","0","0","0","0","0","0","0","0","0","0","0","0","40.0331","-75.0888","","CRASH_2001_Philadelphia"
"2001215739","06","67","67301","67301","2001","02","6","2200","22","3","1","0","8","1","","","N","01","2","00","3","0","1","2","2","N","N","39 58:25.680","75 13:11.280","9999","","9999","","0","","N","","3 ","","","","","","","","","","1","1","0","0","0","0","0","0","0","0","0","1","1","0","0","0","0","0","0","0","0","0","0","0","0","0","0","0","0","0","0","0","1","0","0","4","0","39.9738","-75.2198","","CRASH_2001_Philadelphia"
"2001217004","06","67","67301","67301","2001","03","2","2350","23","3","2","1","8","1","","","N","01","2","00","3","0","1","2","2","N","N","39 59:49.920","75 10:48.720","9999","","9999","","0","","N","","3 ","","","","","","","","","","1","1","0","0","0","0","0","0","0","0","0","1","1","0","0","0","0","0","0","0","0","0","0","0","0","0","0","0","0","0","0","0","1","0","0","4","0","39.9972","-75.1802","","CRASH_2001_Philadelphia"
"2001223764","06","67","67301","67301","2001","03","5","2313","23","3","1","1","4","1","","","N","01","2","00","3","0","1","3","2","N","N","40 03:42.120","75 03:21.960","9999","","9999","","0","","N","","3 ","","","","","","","","","","2","1","0","0","0","0","0","0","0","0","0","0","0","0","1","0","0","1","0","0","0","0","0","0","0","0","0","0","0","0","0","0","0","0","0","9","0","40.0618","-75.0562","","CRASH_2001_Philadelphia"
"2001223919","06","67","67301","67301","2001","03","7","1533","15","1","2","1","7","1","","","N","00","0","00","3","0","1","1","1","N","N","","","9999","","9999","","0","","N","","0 ","","","","","","","","","","1","1","0","0","0","0","0","0","0","0","1","0","1","0","0","0","0","0","0","0","0","0","0","0","0","0","0","0","0","0","0","0","0","0","0","3","0","","","","CRASH_2001_Philadelphia"
"2001233312","06","67","67301","67301","2001","03","5","1316","13","1","1","0","4","1","","","N","01","2","00","3","0","1","2","2","N","N","","","9999","","9999","","0","","N","","3 ","","","","","","","","","","2","0","0","0","0","0","0","2","0","0","1","0","1","0","0","0","0","0","0","0","0","0","0","2","0","0","0","0","0","0","0","0","0","0","0","3","0","","","","CRASH_2001_Philadelphia"
"2001239130","06","67","67301","67301","2001","04","7","1200","12","1","1","0","5","1","","","N","01","3","00","3","0","1","2","2","N","N","","","9999","","9999","","0","","N","","3 ","","","","","","","","","","1","1","0","0","0","0","0","0","1","0","0","1","1","0","0","0","0","0","0","0","0","0","0","0","0","0","0","0","0","0","0","0","0","0","0","4","0","","","","CRASH_2001_Philadelphia"
"2001240192","06","67","67301","67301","2001","04","3","0630","06","1","1","0","4","1","","","N","01","2","00","3","0","0","2","2","N","N","40 03:44.697","75 09:18.946","9999","","9999","","0","","N","","3 ","","","","","","","","","","2","2","0","0","0","0","0","0","0","0","0","0","0","0","0","0","0","0","0","1","0","0","0","0","0","0","0","0","0","0","0","0","0","0","0","0","0","40.0624","-75.1553","","CRASH_2001_Philadelphia"
"2001243441","06","67","67301","67301","2001","05","4","0815","08","1","1","0","4","1","","","N","01","2","00","3","0","2","2","2","N","N","","","9999","","9999","","0","","N","","3 ","","","","","","","","","","2","2","0","0","0","0","0","0","0","0","0","0","0","0","2","0","0","0","0","0","0","0","0","0","0","0","0","0","0","0","0","0","0","0","0","9","0","","","","CRASH_2001_Philadelphia"
"2001207414","06","67","67301","67301","2001","01","6","1033","10","1","1","0","4","1","","","N","01","2","00","3","0","1","2","2","N","N","40 03:14.400","75 02:56.040","9999","","9999","","0","","N","","3 ","","","","","","","","","","2","2","0","0","0","0","0","0","0","0","0","1","1","0","0","0","0","0","0","0","1","0","1","0","0","0","0","0","0","0","0","0","0","0","0","4","0","40.054","-75.0489","","CRASH_2001_Philadelphia"
"2001208899","06","67","67301","67301","2001","02","7","2147","21","3","1","0","4","1","","","N","01","2","00","3","0","2","3","2","N","N","40 05:35.880","74 57:43.200","9999","","9999","","0","","N","","3 ","","","","","","","","","","2","2","0","0","0","0","0","0","0","0","0","2","2","0","0","0","0","0","0","0","1","0","0","0","0","0","0","0","0","0","0","0","0","0","0","4","0","40.0933","-74.962","","CRASH_2001_Philadelphia"
"2001214585","06","67","67301","67301","2001","02","7","1941","19","3","1","0","4","1","","","N","01","3","00","3","0","1","3","2","N","N","39 59:18.240","75 09:35.640","9999","","9999","","0","","N","","3 ","","","","","","","","","","2","2","0","0","0","0","0","0","0","0","0","1","1","0","0","0","0","0","0","0","0","0","0","0","0","0","0","0","0","0","0","0","0","0","0","4","0","39.9884","-75.1599","","CRASH_2001_Philadelphia"
"2001215535","06","67","67301","67301","2001","02","3","1157","11","1","1","0","5","1","","","N","00","0","00","3","0","1","2","2","N","N","","","9999","","9999","","0","","N","","0 ","","","","","","","","","","2","1","0","0","0","1","0","0","0","0","0","0","0","0","1","0","0","0","0","0","0","0","0","0","0","0","0","0","0","0","0","0","0","0","0","9","1","","","","CRASH_2001_Philadelphia"
"2001007248","06","67","67301","67301","2001","05","6","0915","09","1","1","0","4","1","","","N","02","0","00","3","0","0","2","4","N","N","","","0940","","0931","","0","","N","","0 ","","","","","","","","","","3","2","0","0","1","0","0","0","0","0","0","0","0","0","0","0","0","0","0","1","0","0","0","0","0","0","0","0","0","0","0","0","0","0","0","0","0","","","","CRASH_2001_Philadelphia"
"2001207378","06","67","67301","67301","2001","01","7","1600","16","1","1","0","1","1","","","N","01","3","00","3","0","2","2","2","N","N","39 59:47.209","75 06:35.265","9999","","9999","","0","","N","","3 ","","","","","","","","","","2","1","0","0","0","0","0","1","0","0","0","1","1","0","1","0","0","0","0","0","1","0","0","0","0","0","0","0","0","0","0","0","0","0","0","4","0","39.9964","-75.1098","","CRASH_2001_Philadelphia"
"2001214269","06","67","67301","67301","2001","02","7","0005","00","3","1","0","7","5","","","N","00","0","00","3","0","0","1","1","N","N","","","9999","","9999","","0","","N","","0 ","","","","","","","","","","1","1","0","0","0","0","0","0","0","0","0","0","0","0","0","0","0","0","0","0","1","0","0","0","0","0","0","0","0","0","0","0","0","0","0","0","0","","","","CRASH_2001_Philadelphia"
"2001231201","06","67","67301","67301","2001","03","3","1055","10","1","1","0","4","1","","","N","01","2","00","3","0","0","2","2","N","N","39 57:41.040","75 10:30.720","9999","","9999","","0","","N","","3 ","","","","","","","","","","2","2","0","0","0","0","0","0","0","0","0","0","0","0","0","0","0","0","0","0","1","0","0","0","0","0","0","0","0","0","0","0","0","0","0","0","0","39.9613","-75.1751","","CRASH_2001_Philadelphia"
"2001207437","06","67","67301","67301","2001","01","2","0805","08","1","1","6","9","1","","","N","00","0","00","3","0","1","1","2","N","N","39 57:27.720","75 13:53.400","9999","","9999","","0","","N","","0 ","","","","","","","","","","2","0","0","0","0","0","1","0","0","0","0","0","0","0","1","0","0","0","0","0","0","0","0","0","0","0","0","0","0","0","0","0","0","0","0","9","0","39.9577","-75.2315","","CRASH_2001_Philadelphia"
"2001210799","06","67","67301","67301","2001","01","3","1645","16","1","1","0","4","1","","","N","00","0","00","3","0","1","2","2","N","N","39 57:11.160","75 10:54.120","9999","","9999","","0","","N","","0 ","","","","","","","","","","2","2","0","0","0","0","0","0","0","0","0","1","1","0","0","0","0","0","0","0","1","0","0","0","0","0","0","0","0","0","0","0","0","0","0","4","0","39.9531","-75.1817","","CRASH_2001_Philadelphia"
"2001223946","06","67","67301","67301","2001","03","1","0155","01","3","1","1","7","5","","","N","01","2","00","3","0","1","1","1","N","N","39 58:42.600","75 12:48.600","9999","","9999","","0","","N","","3 ","","","","","","","","","","1","1","0","0","0","0","0","0","0","0","0","1","1","0","0","0","0","0","0","0","0","0","0","0","0","0","0","0","0","0","0","0","0","0","0","4","0","39.9785","-75.2135","","CRASH_2001_Philadelphia"
"2001231174","06","67","67301","67301","2001","03","6","1340","13","1","2","0","9","1","","","N","00","0","00","3","0","3","3","2","N","N","40 03:33.120","75 02:38.400","9999","","9999","","0","","N","","0 ","","","","","","","","","","2","1","0","0","0","0","0","0","0","0","0","2","2","0","1","0","0","0","0","0","0","0","0","0","0","0","0","0","0","0","0","0","0","0","0","4","0","40.0593","-75.0441","","CRASH_2001_Philadelphia"
"2001233181","06","67","67301","67301","2001","04","6","1530","15","1","2","1","4","1","","","N","00","0","00","3","0","0","3","2","N","N","40 06:19.440","75 01:55.920","9999","","9999","","0","","N","","0 ","","","","","","","","","","2","1","0","0","0","0","1","0","0","0","0","0","0","0","0","0","1","0","0","0","0","0","0","0","0","0","0","0","0","0","0","0","0","0","0","0","0","40.1055","-75.0322","","CRASH_2001_Philadelphia"
"2001204574","06","67","67301","67301","2001","01","3","1900","19","1","1","5","7","5","","","N","00","0","00","3","0","0","1","1","N","N","","","9999","","9999","","0","","N","","0 ","","","","","","","","","","1","1","0","0","0","0","0","0","0","0","0","0","0","0","0","0","0","0","0","0","1","0","0","0","0","0","0","0","0","0","0","0","0","0","0","0","0","","","","CRASH_2001_Philadelphia"
"2001205976","06","67","67301","67301","2001","01","1","0310","03","3","1","0","4","1","","","N","01","2","00","3","0","2","5","2","N","N","40 01:00.840","75 08:58.560","9999","","9999","","0","","N","","3 ","","","","","","","","","","2","2","0","0","0","0","0","0","0","0","0","2","2","0","0","0","0","1","0","0","0","0","0","4","0","0","0","0","0","0","0","0","0","0","0","4","0","40.0168","-75.1496","","CRASH_2001_Philadelphia"
"2001207576","06","67","67301","67301","2001","01","3","1300","13","1","1","0","4","1","","","N","01","2","00","3","0","1","2","2","N","N","","","9999","","9999","","0","","N","","3 ","","","","","","","","","","2","2","0","0","0","0","0","0","0","0","0","1","1","0","0","0","0","0","0","0","1","0","0","0","0","0","0","0","0","0","0","0","0","0","0","4","0","","","","CRASH_2001_Philadelphia"
"2001231563","06","67","67301","67301","2001","03","1","0115","01","3","1","0","4","1","","","N","01","3","00","3","0","2","4","2","N","N","","","9999","","9999","","0","","N","","3 ","","","","","","","","","","2","2","0","0","0","0","0","0","0","0","0","2","2","0","0","0","0","0","0","0","0","0","0","2","0","0","0","0","0","0","0","0","0","0","0","4","0","","","","CRASH_2001_Philadelphia"
"2001233435","06","67","67301","67301","2001","03","6","2245","22","3","1","0","8","1","","","N","01","2","00","3","0","1","2","2","N","N","39 59:11.923","75 05:39.698","9999","","9999","","0","","N","","3 ","","","","","","","","","","1","1","0","0","0","0","0","0","0","0","0","1","1","0","0","0","0","0","0","0","0","0","0","0","0","0","0","0","0","0","0","0","1","0","0","4","0","39.9866","-75.0944","","CRASH_2001_Philadelphia"
"2001207286","06","67","67301","67301","2001","01","2","2154","21","3","1","0","5","1","","","N","00","0","00","3","0","3","4","2","N","N","39 58:28.920","75 11:39.840","9999","","9999","","0","","N","","0 ","","","","","","","","","","2","1","0","0","1","0","0","0","0","0","0","0","0","0","3","0","0","0","0","0","0","0","1","1","0","0","0","0","0","0","0","0","0","0","0","9","0","39.9747","-75.1944","","CRASH_2001_Philadelphia"
"2001207867","06","67","67301","67301","2001","01","1","0148","01","3","4","3","5","1","","","N","00","0","00","3","0","3","4","2","N","N","40 00:05.040","75 09:10.800","9999","","9999","","0","","N","","0 ","","","","","","","","","","2","1","0","0","0","0","0","0","0","0","1","2","3","0","0","0","0","0","0","0","0","0","0","0","0","0","0","0","0","0","0","0","0","0","0","3","0","40.0013","-75.1529","","CRASH_2001_Philadelphia"
"2001223789","06","67","67301","67301","2001","03","6","1720","17","4","2","1","4","1","","","N","00","0","07","3","0","1","3","2","N","N","39 55:27.840","75 10:10.920","9999","","9999","","0","","N","","0 ","","","","","","","","","","1","1","0","0","0","0","0","0","1","0","0","1","1","0","0","0","0","0","0","0","0","0","0","0","0","0","0","0","0","0","0","0","0","0","0","4","0","39.9244","-75.1697","","CRASH_2001_Philadelphia"
"2001233416","06","67","67301","67301","2001","04","1","0405","04","3","1","0","8","1","","","N","00","0","00","3","0","2","2","2","N","N","","","9999","","9999","","0","","N","","0 ","","","","","","","","","","1","0","0","0","0","0","0","0","0","0","1","0","1","0","1","0","0","0","0","0","0","0","0","0","0","0","0","0","0","0","0","0","1","0","0","3","0","","","","CRASH_2001_Philadelphia"
"2001007430","06","67","67301","67301","2001","05","7","2033","20","3","1","0","4","1","","","N","00","0","00","3","0","0","7","3","N","N","40 00:24.120","75 04:26.040","2039","","2033","1","1","1","N","","0 ","N","","","","","","","","","3","3","0","0","0","0","0","0","0","0","0","0","0","0","0","0","0","0","1","0","1","0","0","1","0","0","0","0","0","0","0","0","0","0","0","0","0","40.0068","-75.0738","","CRASH_2001_Philadelphia"
"2001019563","06","67","67301","67301","2001","06","2","1819","18","1","1","0","1","1","","","N","01","2","00","3","0","0","2","2","N","N","39 57:26.084","75 13:39.177","1853","","1826","","0","","N","","3 ","","","","","","","","","","2","1","0","0","1","0","0","0","0","0","0","0","0","0","0","0","0","0","0","0","0","0","0","0","0","0","0","0","0","0","0","0","0","0","0","0","0","39.9572","-75.2275","","CRASH_2001_Philadelphia"
"2001207269","06","67","67301","67301","2001","01","2","1952","19","3","1","1","4","1","","","N","01","2","00","3","0","6","6","3","N","N","39 57:32.400","75 13:01.200","9999","","9999","","0","","N","","3 ","","","","","","","","","","3","3","0","0","0","0","0","0","0","0","3","2","5","0","1","0","0","0","0","1","0","0","0","6","0","0","0","0","0","0","0","0","0","0","0","3","0","39.959","-75.217","","CRASH_2001_Philadelphia"
"2001223768","06","67","67301","67301","2001","03","2","1845","18","4","1","0","1","1","","","N","01","9","00","3","0","3","5","2","N","N","40 01:40.800","75 12:36.000","9999","","9999","","0","","N","","9 ","","","","","","","","","","2","1","0","0","1","0","0","0","0","0","0","0","0","0","3","0","0","0","0","0","0","0","0","0","0","0","0","0","0","0","0","0","0","0","0","9","0","40.028","-75.21","","CRASH_2001_Philadelphia"
"2001238118","06","67","67301","67301","2001","04","4","2105","21","2","2","1","2","1","","","N","00","0","00","3","0","2","4","2","N","N","","","9999","","9999","","0","","N","","0 ","","","","","","","","","","2","2","0","0","0","0","0","0","0","0","0","2","2","0","0","0","0","0","0","0","0","0","0","0","0","0","0","0","0","0","0","0","0","0","0","4","0","","","","CRASH_2001_Philadelphia"
"2001019623","06","67","67301","67301","2001","05","3","1450","14","1","1","0","1","1","","","N","00","0","00","3","0","0","3","2","N","N","40 05:04.920","75 01:30.360","1530","","1524","","0","","N","","0 ","","","","","","","","","","2","2","0","0","0","0","0","0","0","0","0","0","0","0","0","0","0","0","0","0","0","0","1","0","0","0","0","0","0","0","0","0","0","0","0","0","0","40.0846","-75.0252","","CRASH_2001_Philadelphia"
"2001204579","06","67","67301","67301","2001","01","2","2000","20","3","2","1","4","1","","","N","00","0","07","3","0","0","2","2","N","N","","","9999","","9999","","0","","N","","0 ","","","","","","","","","","2","0","0","0","0","0","0","1","0","0","0","0","0","0","0","0","0","0","0","0","0","0","0","0","0","0","0","0","0","0","0","0","0","0","0","0","0","","","","CRASH_2001_Philadelphia"
"2001206184","06","67","67301","67301","2001","01","3","2009","20","3","1","0","7","5","","","N","01","2","00","3","0","0","2","1","N","N","39 59:26.880","75 09:18.720","9999","","9999","","0","","N","","3 ","","","","","","","","","","1","1","0","0","0","0","0","0","0","0","0","0","0","0","0","0","0","0","1","0","0","0","0","0","0","0","0","0","0","0","0","0","0","0","0","0","0","39.9909","-75.1551","","CRASH_2001_Philadelphia"
"2001207591","06","67","67301","67301","2001","01","2","0025","00","3","1","3","8","1","","","N","00","0","00","3","0","1","2","2","N","N","","","9999","","9999","","0","","N","","0 ","","","","","","","","","","1","0","0","0","0","0","1","0","0","0","0","1","1","0","0","0","0","0","0","0","0","0","0","0","0","0","0","0","0","0","0","0","1","0","0","4","0","","","","CRASH_2001_Philadelphia"
"2001210608","06","67","67301","67301","2001","02","7","1759","17","3","1","0","1","1","","","N","00","0","00","3","0","3","5","2","N","N","39 58:33.600","75 06:54.720","9999","","9999","","0","","N","","0 ","","","","","","","","","","2","1","0","0","0","0","1","0","0","0","0","2","2","0","1","0","0","0","0","0","0","0","0","0","0","0","0","0","0","0","0","0","0","0","0","4","0","39.9758","-75.1154","","CRASH_2001_Philadelphia"
"2001207848","06","67","67301","67301","2001","01","6","0915","09","1","1","0","8","1","","","N","00","0","00","3","0","1","2","2","Y","N","40 02:04.920","75 02:40.200","9999","","9999","","0","","N","","0 ","","","","","","","","","","1","0","0","1","0","0","0","0","0","0","0","1","1","0","0","0","0","0","0","0","1","0","0","0","0","0","0","0","0","0","0","0","1","0","0","4","1","40.0348","-75.0445","","CRASH_2001_Philadelphia"
"2001215660","06","67","67301","67301","2001","02","3","1410","14","1","1","0","4","1","","","N","01","9","00","3","0","0","2","2","N","N","","","9999","","9999","","0","","N","","9 ","","","","","","","","","","2","2","0","0","0","0","0","0","0","0","0","0","0","0","0","0","0","0","0","1","0","0","0","0","0","0","0","0","0","0","0","0","0","0","0","0","0","","","","CRASH_2001_Philadelphia"
"2001239041","06","67","67301","67301","2001","04","5","0718","07","1","2","1","7","1","","","N","01","2","00","3","0","2","2","2","Y","N","40 03:28.080","75 02:11.040","9999","","9999","","0","","N","","3 ","","","","","","","","","","2","1","0","1","0","0","0","0","0","0","0","2","2","0","0","0","0","0","0","0","1","0","0","0","0","0","0","0","0","0","0","0","0","0","0","4","1","40.058","-75.0366","","CRASH_2001_Philadelphia"
"2001244608","06","67","67301","67301","2001","04","1","1200","12","1","1","0","4","1","","","N","02","3","00","3","0","1","3","2","N","N","40 01:17.400","75 08:54.960","9999","","9999","","0","","N","","3 ","","","","","","","","","","2","2","0","0","0","0","0","0","0","0","0","1","1","0","0","0","0","0","0","0","1","0","0","0","0","0","0","0","0","0","0","0","0","0","0","4","0","40.0214","-75.1485","","CRASH_2001_Philadelphia"
"2001007282","06","67","67301","67301","2001","06","7","1800","18","1","1","0","8","1","","","N","03","3","00","3","0","1","2","2","N","N","39 58:44.807","75 13:51.469","1808","","1802","","0","","N","","3 ","","","","","","","","","","1","1","0","0","0","0","0","0","0","0","0","1","1","0","0","0","0","0","0","0","0","0","0","0","0","0","0","0","0","0","0","0","1","0","0","4","0","39.9791","-75.2308","","CRASH_2001_Philadelphia"
"2001017596","06","67","67301","67301","2001","05","1","0530","05","8","2","1","7","5","","","N","00","2","00","3","0","0","1","1","N","N","39 57:15.645","75 09:47.393","0558","","0550","","0","","N","","3 ","","","","","","","","","","1","1","0","0","0","0","0","0","0","0","0","0","0","0","0","0","0","0","0","0","0","0","0","0","0","0","0","0","0","0","0","0","0","0","0","0","0","39.9541","-75.1633","","CRASH_2001_Philadelphia"
"2001207410","06","67","67301","67301","2001","01","6","2036","20","1","1","0","7","5","","","N","02","3","00","3","0","1","2","2","N","N","","","9999","","9999","","0","","N","","3 ","","","","","","","","","","1","0","0","0","0","1","0","0","0","0","0","1","1","0","0","0","0","0","0","0","0","0","0","0","0","0","0","0","0","0","0","0","1","0","0","4","0","","","","CRASH_2001_Philadelphia"
"2001209126","06","67","67301","67301","2001","01","6","1920","19","3","1","0","4","1","","","N","01","3","00","3","0","2","3","2","N","N","","","9999","","9999","","0","","N","","3 ","","","","","","","","","","2","2","0","0","0","0","0","0","0","0","0","2","2","0","0","0","0","0","0","0","0","0","0","0","0","0","0","0","0","0","0","0","0","0","0","4","0","","","","CRASH_2001_Philadelphia"
"2001213162","06","67","67301","67301","2001","02","7","1645","16","1","1","0","4","1","","","N","01","2","00","3","0","0","2","2","N","N","39 57:41.040","75 14:12.480","9999","","9999","","0","","N","","3 ","","","","","","","","","","2","1","0","0","0","1","0","0","0","0","0","0","0","0","0","0","0","0","0","0","0","1","0","0","0","0","0","0","0","0","0","0","0","0","0","0","0","39.9614","-75.2368","","CRASH_2001_Philadelphia"
"2001233352","06","67","67301","67301","2001","03","6","1114","11","1","1","0","7","1","1","8","Y","01","2","00","3","0","1","3","2","N","N","39 57:56.880","75 07:53.760","9999","99","9999","","0","","N","","3 ","","U","","","U","","","","","1","0","0","0","0","1","0","0","0","0","1","0","1","0","0","0","0","0","0","0","0","0","0","0","0","0","0","0","0","0","0","0","1","0","0","3","1","39.9659","-75.1318","","CRASH_2001_Philadelphia"
"2001233457","06","67","67301","67301","2001","03","6","0845","08","1","1","0","4","1","","","N","01","2","00","3","0","1","4","2","N","N","39 58:45.480","75 07:06.240","9999","","9999","","0","","N","","3 ","","","","","","","","","","2","2","0","0","0","0","0","0","0","0","0","1","1","0","0","0","0","0","0","0","0","0","0","0","0","0","0","0","0","0","0","0","0","0","0","4","0","39.9779","-75.1191","","CRASH_2001_Philadelphia"
"2001209030","06","67","67301","67301","2001","01","7","1240","12","1","1","1","1","1","","","N","01","2","00","3","0","0","2","2","N","N","39 53:20.863","75 13:08.133","9999","","9999","","0","","N","","3 ","","","","","","","","","","2","1","0","1","0","0","0","0","0","0","0","0","0","0","0","0","0","0","0","0","0","0","0","0","0","0","0","0","0","0","0","0","0","0","0","0","1","39.8891","-75.2189","","CRASH_2001_Philadelphia"
"2001240107","06","67","67301","67301","2001","04","3","1811","18","1","1","0","4","1","","","N","01","2","00","3","0","0","5","3","N","N","39 57:48.240","75 10:09.840","9999","","9999","","0","","N","","3 ","","","","","","","","","","3","2","0","0","0","0","0","0","0","0","0","0","0","0","0","0","0","0","0","0","0","0","0","0","0","0","0","0","0","0","0","0","0","0","0","0","0","39.9635","-75.1694","","CRASH_2001_Philadelphia"
"2001007301","06","67","67301","67301","2001","05","7","1535","15","1","1","0","4","1","","","N","01","3","00","3","0","1","4","3","N","N","39 56:31.786","75 14:19.278","1635","","1629","","0","","N","","3 ","","","","","","","","","","3","3","0","0","0","0","0","0","0","0","0","1","1","0","0","0","0","0","0","0","1","0","0","4","0","0","0","0","0","0","0","0","0","0","0","4","0","39.9421","-75.2387","","CRASH_2001_Philadelphia"