"CRN","DISTRICT","COUNTY","MUNICIPALITY","POLICE_AGCY","CRASH_YEAR","CRASH_MONTH","DAY_OF_WEEK","TIME_OF_DAY","HOUR_OF_DAY","ILLUMINATION","WEATHER","ROAD_CONDITION","COLLISION_TYPE","RELATION_TO_ROAD","WORK_ZONE_TYPE","WORK_ZONE_LOC","WORK_ZONE_IND","INTERSECT_TYPE","TCD_TYPE","LOCATION_TYPE","URBAN_RURAL","FATAL_COUNT","INJURY_COUNT","PERSON_COUNT","TOTAL_UNITS","SCH_BUS_IND","SCH_ZONE_IND","LATITUDE","LONGITUDE","ARRIVAL_TM","CONS_ZONE_SPD_LIM","DISPATCH_TM","EST_HRS_CLOSED","LANE_CLOSED","LN_CLOSE_DIR","NTFY_HIWY_MAINT","SPEC_JURIS_CD","TCD_FUNC_CD","TFC_DETOUR_IND","WORKERS_PRES","WZ_CLOSE_DETOUR","WZ_FLAGGER","WZ_LAW_OFFCR_IND","WZ_LN_CLOSURE","WZ_MOVING","WZ_OTHER","WZ_SHLDER_MDN","VEHICLE_COUNT","AUTOMOBILE_COUNT","MOTORCYCLE_COUNT","BUS_COUNT","SMALL_TRUCK_COUNT","HEAVY_TRUCK_COUNT","SUV_COUNT","VAN_COUNT","BICYCLE_COUNT","MAJ_INJ_COUNT","MOD_INJ_COUNT","MIN_INJ_COUNT","TOT_INJ_COUNT","UNK_INJ_DEG_COUNT","UNK_INJ_PER_COUNT","DRIVER_COUNT_16YR","DRIVER_COUNT_17YR","DRIVER_COUNT_18YR","DRIVER_COUNT_19YR","DRIVER_COUNT_20YR","DRIVER_COUNT_50_64YR","DRIVER_COUNT_65_74YR","DRIVER_COUNT_75PLUS","UNBELTED_OCC_COUNT","UNB_DEATH_COUNT","UNB_MAJ_INJ_COUNT","BELTED_DEATH_COUNT","BELTED_MAJ_INJ_COUNT","MCYCLE_DEATH_COUNT","MCYCLE_MAJ_INJ_COUNT","BICYCLE_DEATH_COUNT","BICYCLE_MAJ_INJ_COUNT","PED_COUNT","PED_DEATH_COUNT","PED_MAJ_INJ_COUNT","MAX_SEVERITY_LEVEL","COMM_VEH_COUNT","DEC_LAT","DEC_LONG","RDWY_SURF_TYPE_CD","COUNTY_YEAR"
"2001008622","06","67","67301","67301","2001","06","1","2020","20","3","1","0","4","1","","","N","01","2","00","3","0","5","5","2","N","N","40 01:30.000","75 07:31.896","2040","","2038","","0","","N","","3 ","","","","","","","","","","2","1","0","0","1","0","0","0","0","0","1","4","5","0","0","0","0","0","0","0","1","0","0","0","0","0","0","0","0","0","0","0","0","0","0","3","0","40.0252","-75.1254","","CRASH_2001_Philadelphia"
"2001215518","06","67","67301","67301","2001","03","2","2050","20","3","1","1","9","1","","","N","00","0","00","3","0","1","2","5","N","N","40 03:25.920","75 00:30.240","9999","","9999","","0","","N","","0 ","","","","","","","","","","5","0","0","0","0","0","1","0","0","0","0","0","0","0","1","0","0","0","0","0","0","0","0","0","0","0","0","0","0","0","0","0","0","0","0","9","0","40.057","-75.0085","","CRASH_2001_Philadelphia"
"2001216967","06","67","67301","67301","2001","03","4","1945","19","3","1","0","1","1","","","N","00","0","07","3","0","2","3","2","N","N","39 59:26.520","75 07:52.320","9999","","9999","","0","","N","","0 ","","","","","","","","","","2","1","0","0","0","0","0","0","0","0","0","2","2","0","0","0","0","0","0","0","0","0","0","0","0","0","0","0","0","0","0","0","0","0","0","4","0","39.9909","-75.131","","CRASH_2001_Philadelphia"
"2001233055","06","67","67301","67301","2001","04","5","0100","01","3","1","0","4","1","","","N","01","3","00","3","0","2","2","2","N","N","39 59:28.291","75 09:27.705","9999","","9999","","0","","N","","3 ","","","","","","","","","","2","1","0","0","0","0","0","0","0","0","0","1","1","0","1","0","0","0","0","0","0","0","0","0","0","0","0","0","0","0","0","0","0","0","0","4","0","39.9912","-75.1577","","CRASH_2001_Philadelphia"
"2001238997","06","67","67301","67301","2001","04","3","1603","16","1","1","0","8","1","","","N","00","0","00","3","0","1","2","2","N","N","","","9999","","9999","","0","","N","","0 ","","","","","","","","","","1","0","1","0","0","0","0","0","0","0","0","1","1","0","0","0","0","0","0","0","0","0","0","0","0","0","0","0","0","0","0","0","1","0","0","4","0","","","","CRASH_2001_Philadelphia"
"2001240048","06","67","67301","67301","2001","04","3","9999","99","1","1","0","8","1","","","N","00","0","00","3","0","1","2","2","N","N","","","9999","","9999","","0","","N","","0 ","","","","","","","","","","1","1","0","0","0","0","0","0","0","0","0","1","1","0","0","0","0","0","0","0","0","0","0","0","0","0","0","0","0","0","0","0","1","0","0","4","0","","","","CRASH_2001_Philadelphia"
"2001243631","06","67","67301","67301","2001","04","7","2140","21","3","1","0","4","1","","","N","01","9","00","3","0","1","2","2","N","N","39 55:40.440","75 14:13.560","9999","","9999","","0","","N","","9 ","","","","","","","","","","2","2","0","0","0","0","0","0","0","0","0","1","1","0","0","0","0","0","0","0","0","0","0","0","0","0","0","0","0","0","0","0","0","0","0","4","0","39.9279","-75.237","","CRASH_2001_Philadelphia"
"2001207672","06","67","67301","67301","2001","01","2","1220","12","1","2","1","8","1","","","N","01","2","00","3","0","1","2","2","N","N","39 57:07.200","75 09:40.680","9999","","9999","","0","","N","","3 ","","","","","","","","","","1","0","0","0","0","0","1","0","0","0","1","0","1","0","0","0","0","0","0","0","1","0","0","0","0","0","0","0","0","0","0","0","1","0","0","3","0","39.952","-75.1613","","CRASH_2001_Philadelphia"
"2001211385","06","67","67301","67301","2001","02","2","2111","21","3","2","1","4","1","","","N","01","2","00","3","0","1","2","2","N","N","","","9999","","9999","","0","","N","","3 ","","","","","","","","","","2","1","0","0","0","0","0","1","0","0","1","0","1","0","0","0","0","0","0","0","1","0","0","0","0","0","0","0","0","0","0","0","0","0","0","3","0","","","","CRASH_2001_Philadelphia"
"2001217021","06","67","67301","67301","2001","03","5","1814","18","1","2","1","8","1","","","N","01","2","00","3","0","1","3","3","N","N","39 57:32.400","75 13:01.200","9999","","9999","","0","","N","","3 ","","","","","","","","","","2","1","0","0","0","0","0","0","0","1","0","0","1","0","0","0","0","0","0","0","0","0","0","0","0","0","0","0","0","0","0","0","1","0","1","2","0","39.959","-75.217","","CRASH_2001_Philadelphia"
"2001239056","06","67","67301","67301","2001","04","4","1505","15","1","1","0","4","1","","","N","02","9","02","3","0","1","2","2","N","N","39 58:58.440","75 05:52.800","9999","","9999","","0","","N","","9 ","","","","","","","","","","2","1","0","0","0","1","0","0","0","0","0","1","1","0","0","0","0","0","0","0","0","0","0","1","0","0","0","0","0","0","0","0","0","0","0","4","1","39.9829","-75.098","","CRASH_2001_Philadelphia"
"2001207336","06","67","67301","67301","2001","01","2","0120","01","2","1","0","1","1","","","N","01","2","00","3","0","1","3","3","N","N","40 01:17.040","75 05:39.120","9999","","9999","","0","","N","","3 ","","","","","","","","","","3","1","0","0","1","0","1","0","0","0","0","1","1","0","0","0","0","0","0","0","1","0","0","0","0","0","0","0","0","0","0","0","0","0","0","4","0","40.0214","-75.0942","","CRASH_2001_Philadelphia"
"2001211418","06","67","67301","67301","2001","02","3","1500","15","1","1","0","8","1","1","8","Y","01","0","00","3","0","2","3","3","N","N","39 57:36.720","75 08:17.160","9999","99","9999","","0","","N","","0 ","","U","","","U","","","","","1","0","0","0","0","0","1","0","0","0","0","2","2","0","0","0","0","0","0","0","0","0","0","0","0","0","0","0","0","0","0","0","2","0","0","4","0","39.9602","-75.1381","","CRASH_2001_Philadelphia"
"2001213135","06","67","67301","67301","2001","02","4","1830","18","4","1","0","8","1","","","N","01","2","00","3","0","1","2","2","N","N","39 57:16.560","75 13:33.600","9999","","9999","","0","","N","","3 ","","","","","","","","","","1","1","0","0","0","0","0","0","0","0","0","1","1","0","0","0","0","0","0","0","0","0","0","0","0","0","0","0","0","0","0","0","1","0","0","4","0","39.9545","-75.226","","CRASH_2001_Philadelphia"
"2001213177","06","67","67301","67301","2001","02","4","0830","08","1","1","0","7","5","","","N","00","0","00","3","0","1","1","1","N","N","","","9999","","9999","","0","","N","","0 ","","","","","","","","","","1","1","0","0","0","0","0","0","0","0","0","1","1","0","0","0","0","0","0","0","0","0","0","0","0","0","0","0","0","0","0","0","0","0","0","4","0","","","","CRASH_2001_Philadelphia"
"2001216921","06","67","67301","67301","2001","03","7","1608","16","1","1","0","0","1","","","N","00","0","00","3","0","2","2","2","N","N","","","9999","","9999","","0","","N","","0 ","","","","","","","","","","2","1","0","0","0","0","0","0","0","0","0","2","2","0","0","0","0","0","1","0","0","0","0","1","0","0","0","0","0","0","0","0","0","0","0","4","0","","","","CRASH_2001_Philadelphia"
"2001240122","06","67","67301","67301","2001","04","5","1815","18","1","1","0","2","1","","","N","00","0","00","3","0","1","2","3","N","N","","","9999","","9999","","0","","N","","0 ","","","","","","","","","","3","0","0","0","1","0","1","0","0","0","0","1","1","0","0","0","0","0","0","0","0","0","0","0","0","0","0","0","0","0","0","0","0","0","0","4","0","","","","CRASH_2001_Philadelphia"
"2001007305","06","67","67301","67301","2001","05","6","2015","20","2","2","1","1","1","","","N","01","3","00","3","0","1","2","2","N","N","","","2200","","9999","","0","","N","","3 ","","","","","","","","","","1","1","0","0","0","0","0","0","0","1","0","0","1","0","0","0","0","0","0","0","0","0","0","0","0","0","0","0","0","0","0","0","1","0","1","2","0","","","","CRASH_2001_Philadelphia"
"2001200545","06","67","67301","67301","2001","01","4","1831","18","3","1","0","4","1","","","N","01","2","00","3","0","4","4","2","N","N","","","9999","","9999","","0","","N","","3 ","","","","","","","","","","2","2","0","0","0","0","0","0","0","0","0","4","4","0","0","1","0","0","0","0","0","1","0","0","0","0","0","0","0","0","0","0","0","0","0","4","0","","","","CRASH_2001_Philadelphia"
"2001207415","06","67","67301","67301","2001","01","6","1340","13","1","1","0","4","1","","","N","01","2","00","3","0","2","2","2","N","N","","","9999","","9999","","0","","N","","3 ","","","","","","","","","","2","1","0","0","0","0","1","0","0","0","0","2","2","0","0","0","0","0","0","0","0","0","0","0","0","0","0","0","0","0","0","0","0","0","0","4","0","","","","CRASH_2001_Philadelphia"
"2001207593","06","67","67301","67301","2001","01","7","1950","19","3","2","1","4","1","","","N","01","2","00","3","0","1","3","2","N","N","40 01:36.480","75 05:53.160","9999","","9999","","0","","N","","3 ","","","","","","","","","","2","2","0","0","0","0","0","0","0","0","0","0","0","0","1","0","0","0","0","0","0","0","0","0","0","0","0","0","0","0","0","0","0","0","0","9","0","40.0265","-75.0977","","CRASH_2001_Philadelphia"
"2001207846","06","67","67301","67301","2001","01","6","2240","22","2","1","0","4","1","","","N","01","2","00","3","0","4","5","2","N","N","39 57:12.960","75 08:53.520","9999","","9999","","0","","N","","3 ","","","","","","","","","","2","2","0","0","0","0","0","0","0","0","0","3","3","0","1","0","0","0","0","0","2","0","0","0","0","0","0","0","0","0","0","0","0","0","0","4","0","39.9537","-75.1482","","CRASH_2001_Philadelphia"
"2001216956","06","67","67301","67301","2001","03","7","2218","22","3","1","0","7","5","","","N","01","2","00","3","0","0","1","1","N","N","40 02:54.852","75 09:42.008","9999","","9999","","0","","N","","3 ","","","","","","","","","","1","1","0","0","0","0","0","0","0","0","0","0","0","0","0","0","0","0","0","0","1","0","0","0","0","0","0","0","0","0","0","0","0","0","0","0","0","40.0486","-75.1617","","CRASH_2001_Philadelphia"
"2001207598","06","67","67301","67301","2001","01","6","1100","11","1","2","1","4","1","","","N","01","3","00","3","0","2","2","2","N","N","","","9999","","9999","","0","","N","","3 ","","","","","","","","","","2","1","0","0","0","0","0","0","0","0","0","1","1","0","1","0","0","0","0","0","0","0","0","0","0","0","0","0","0","0","0","0","0","0","0","4","0","","","","CRASH_2001_Philadelphia"
"2001208934","06","67","67301","67301","2001","01","6","1610","16","1","2","1","4","1","","","N","01","2","00","3","0","1","3","3","N","N","40 02:07.080","75 08:43.800","9999","","9999","","0","","N","","3 ","","","","","","","","","","2","0","0","0","2","0","0","0","0","1","0","0","1","0","0","0","0","0","0","0","0","0","0","0","0","0","0","0","0","0","0","0","1","0","1","2","0","40.0352","-75.1456","","CRASH_2001_Philadelphia"
"2001209081","06","67","67301","67301","2001","01","5","1457","14","1","1","0","4","1","","","N","01","2","00","3","0","1","2","2","N","N","39 57:41.040","75 10:30.720","9999","","9999","","0","","N","","3 ","","","","","","","","","","1","0","0","0","1","0","0","0","1","0","0","0","0","0","1","0","0","0","0","0","0","0","0","0","0","0","0","0","0","0","0","0","0","0","0","9","0","39.9613","-75.1751","","CRASH_2001_Philadelphia"
"2001209303","06","67","67301","67301","2001","01","5","2112","21","3","1","0","8","1","","","N","01","2","00","3","0","1","2","2","N","N","40 06:50.400","74 59:15.000","9999","","9999","","0","","N","","3 ","","","","","","","","","","1","1","0","0","0","0","0","0","0","0","0","1","1","0","0","0","0","0","0","0","0","1","0","0","0","0","0","0","0","0","0","0","1","0","0","4","0","40.114","-74.9876","","CRASH_2001_Philadelphia"
"2001216913","06","67","67301","67301","2001","03","4","0929","09","1","1","0","9","1","","","N","01","2","00","3","0","2","3","2","N","N","39 59:53.520","75 06:04.320","9999","","9999","","0","","N","","3 ","","","","","","","","","","2","1","0","0","0","0","0","0","0","0","0","2","2","0","0","0","0","0","0","0","0","0","0","3","0","0","0","0","0","0","0","0","0","0","0","4","0","39.9982","-75.1012","","CRASH_2001_Philadelphia"
"2001007162","06","67","67301","67301","2001","05","2","0733","07","1","2","1","4","1","","","N","01","2","00","3","0","0","4","3","N","N","39 56:57.177","75 09:02.751","0745","","0733","","0","","N","","3 ","","","","","","","","","","3","3","0","0","0","0","0","0","0","0","0","0","0","0","0","0","0","0","0","0","0","0","0","0","0","0","0","0","0","0","0","0","0","0","0","0","0","39.9492","-75.1507","","CRASH_2001_Philadelphia"
"2001206171","06","67","67301","67301","2001","01","5","0828","08","1","1","0","5","1","","","N","00","0","00","3","0","2","3","2","N","N","39 53:48.840","75 11:20.040","9999","","9999","","0","","N","","0 ","","","","","","","","","","2","2","0","0","0","0","0","0","0","0","0","2","2","0","0","0","0","0","0","0","1","0","0","0","0","0","0","0","0","0","0","0","0","0","0","4","0","39.8992","-75.1762","","CRASH_2001_Philadelphia"
"2001215727","06","67","67301","67301","2001","03","5","1057","10","1","1","0","7","2","","","N","00","0","00","3","0","1","2","2","N","N","39 56:00.960","75 12:00.000","9999","","9999","","0","","N","","0 ","","","","","","","","","","2","1","0","0","0","1","0","0","0","0","0","1","1","0","0","0","0","0","0","1","0","0","0","0","0","0","0","0","0","0","0","0","0","0","0","4","1","39.9334","-75.2","","CRASH_2001_Philadelphia"
"2001210874","06","67","67301","67301","2001","02","2","0929","09","1","2","1","5","1","","","N","00","0","00","3","0","2","2","2","N","N","39 55:10.920","75 11:27.600","9999","","9999","","0","","N","","0 ","","","","","","","","","","2","2","0","0","0","0","0","0","0","0","0","2","2","0","0","0","0","0","0","0","1","0","0","0","0","0","0","0","0","0","0","0","0","0","0","4","0","39.9197","-75.191","","CRASH_2001_Philadelphia"
"2001231154","06","67","67301","67301","2001","03","6","0352","03","3","1","0","1","1","","","N","06","2","02","3","0","0","2","2","N","N","39 58:33.960","75 11:44.160","9999","","9999","","0","","N","","3 ","","","","","","","","","","2","1","0","0","0","0","0","0","0","0","0","0","0","0","0","0","0","0","0","0","0","0","1","0","0","0","0","0","0","0","0","0","0","0","0","0","0","39.9761","-75.1956","","CRASH_2001_Philadelphia"
"2001017591","06","67","67301","67301","2001","05","1","0020","00","3","2","1","1","1","","","N","01","2","00","3","0","0","5","2","N","N","40 00:32.212","75 04:19.313","0022","","0022","","0","","N","","3 ","","","","","","","","","","2","2","0","0","0","0","0","0","0","0","0","0","0","0","0","0","0","0","0","1","0","0","0","0","0","0","0","0","0","0","0","0","0","0","0","0","0","40.0089","-75.072","","CRASH_2001_Philadelphia"
"2001212891","06","67","67301","67301","2001","02","1","0335","03","3","1","0","7","1","","","N","00","0","02","3","0","0","1","1","N","N","39 54:10.440","75 09:01.800","9999","","9999","","0","","N","","0 ","","","","","","","","","","1","1","0","0","0","0","0","0","0","0","0","0","0","0","0","0","0","0","0","0","0","0","0","0","0","0","0","0","0","0","0","0","0","0","0","0","0","39.9028","-75.1506","","CRASH_2001_Philadelphia"
"2001223883","06","67","67301","67301","2001","03","1","2215","22","3","3","6","7","5","","","N","00","0","00","3","0","1","1","1","N","N","39 54:47.160","75 14:35.520","9999","","9999","","0","","N","","0 ","","","","","","","","","","1","1","0","0","0","0","0","0","0","0","0","1","1","0","0","0","0","0","0","0","0","0","0","0","0","0","0","0","0","0","0","0","0","0","0","4","0","39.9131","-75.2433","","CRASH_2001_Philadelphia"
"2001233410","06","67","67301","67301","2001","04","2","0528","05","1","1","0","4","1","","","N","01","3","00","3","0","1","2","2","N","N","","","9999","","9999","","0","","N","","3 ","","","","","","","","","","2","2","0","0","0","0","0","0","0","0","0","1","1","0","0","0","0","0","1","0","0","0","0","1","0","0","0","0","0","0","0","0","0","0","0","4","0","","","","CRASH_2001_Philadelphia"
"2001239129","06","67","67301","67301","2001","04","4","1912","19","4","1","0","4","1","","","N","01","3","00","3","0","1","2","2","N","N","","","9999","","9999","","0","","N","","3 ","","","","","","","","","","2","1","1","0","0","0","0","0","0","0","1","0","1","0","0","0","0","1","0","1","0","0","0","0","0","0","0","0","0","0","0","0","0","0","0","3","0","","","","CRASH_2001_Philadelphia"
"2001009003","06","67","67301","67301","2001","06","5","1950","19","1","1","0","8","1","","","N","00","0","00","3","0","1","2","2","N","N","","","2005","","1956","","0","","N","","0 ","","","","","","","","","","1","1","0","0","0","0","0","0","0","0","0","1","1","0","0","0","0","0","0","0","0","0","0","0","0","0","0","0","0","0","0","0","1","0","0","4","0","","","","CRASH_2001_Philadelphia"
"2001206178","06","67","67301","67301","2001","01","3","0238","02","3","1","0","1","1","","","N","00","0","00","3","0","1","2","2","N","N","39 56:27.240","75 11:42.720","9999","","9999","","0","","N","","0 ","","","","","","","","","","2","2","0","0","0","0","0","0","0","0","0","1","1","0","0","0","0","0","0","0","0","0","0","0","0","0","0","0","0","0","0","0","0","0","0","4","0","39.9402","-75.1959","","CRASH_2001_Philadelphia"
"2001206239","06","67","67301","67301","2001","01","1","0639","06","3","4","1","5","1","","","N","00","0","00","3","0","0","2","2","N","N","40 00:33.120","75 12:16.560","9999","","9999","","0","","N","","0 ","","","","","","","","","","2","2","0","0","0","0","0","0","0","0","0","0","0","0","0","0","0","0","0","0","0","0","0","0","0","0","0","0","0","0","0","0","0","0","0","0","0","40.0094","-75.2051","","CRASH_2001_Philadelphia"
"2001223872","06","67","67301","67301","2001","03","1","1800","18","4","3","1","4","1","","","N","01","3","00","3","0","4","5","2","N","N","","","9999","","9999","","0","","N","","3 ","","","","","","","","","","2","2","0","0","0","0","0","0","0","0","0","3","3","0","1","0","0","0","0","0","0","0","0","0","0","0","0","0","0","0","0","0","0","0","0","4","0","","","","CRASH_2001_Philadelphia"
"2001231218","06","67","67301","67301","2001","03","4","1735","17","1","2","1","1","1","","","N","00","0","00","3","0","1","2","2","N","N","40 00:19.440","75 11:44.160","9999","","9999","","0","","N","","0 ","","","","","","","","","","2","2","0","0","0","0","0","0","0","0","0","0","0","0","1","0","0","0","0","0","0","0","0","0","0","0","0","0","0","0","0","0","0","0","0","9","0","40.0056","-75.196","","CRASH_2001_Philadelphia"
"2001240895","06","67","67301","67301","2001","04","2","1818","18","1","1","0","5","1","","","N","00","0","00","3","0","0","4","2","N","N","","","9999","","9999","","0","","N","","0 ","","","","","","","","","","2","1","0","1","0","0","0","0","0","0","0","0","0","0","0","0","0","0","0","0","0","0","0","1","0","0","0","0","0","0","0","0","0","0","0","0","1","","","","CRASH_2001_Philadelphia"
"2001243107","06","67","67301","67301","2001","03","2","0135","01","3","1","0","4","1","","","N","01","2","00","3","0","2","3","2","N","N","40 01:55.560","75 04:54.120","9999","","9999","","0","","N","","3 ","","","","","","","","","","2","1","0","0","0","0","1","0","0","0","1","1","2","0","0","0","0","0","0","0","0","0","0","2","0","0","0","0","0","0","0","0","0","0","0","3","0","40.0324","-75.0808","","CRASH_2001_Philadelphia"
"2001244904","06","67","67301","67301","2001","05","5","1600","16","1","1","0","4","1","","","N","00","0","07","3","0","0","2","2","N","N","","","9999","","9999","","0","","N","","0 ","","","","","","","","","","2","2","0","0","0","0","0","0","0","0","0","0","0","0","0","0","0","0","0","0","0","0","0","2","0","0","0","0","0","0","0","0","0","0","0","0","0","","","","CRASH_2001_Philadelphia"
"2001209153","06","67","67301","67301","2001","02","5","1803","18","3","1","0","4","1","","","N","00","0","07","3","0","1","2","2","N","N","","","9999","","9999","","0","","N","","0 ","","","","","","","","","","2","2","0","0","0","0","0","0","0","0","1","0","1","0","0","0","0","0","1","0","0","0","0","0","0","0","0","0","0","0","0","0","0","0","0","3","0","","","","CRASH_2001_Philadelphia"
"2001210721","06","67","67301","67301","2001","02","1","1625","16","1","1","0","1","1","","","N","03","9","00","3","0","2","4","2","N","N","39 54:36.720","75 11:10.320","9999","","9999","","0","","N","","9 ","","","","","","","","","","2","1","0","0","0","0","0","1","0","0","0","0","0","0","2","0","0","0","0","0","1","0","0","0","0","0","0","0","0","0","0","0","0","0","0","9","0","39.9102","-75.1862","","CRASH_2001_Philadelphia"
"2001211416","06","67","67301","67301","2001","02","3","1436","14","1","1","0","4","1","","","N","02","2","00","3","0","1","2","2","N","N","40 05:57.217","74 58:41.404","9999","","9999","","0","","N","","3 ","","","","","","","","","","2","1","0","0","0","0","0","1","0","0","0","0","0","0","1","0","0","0","0","0","1","1","0","0","0","0","0","0","0","0","0","0","0","0","0","9","0","40.0992","-74.9782","","CRASH_2001_Philadelphia"
"2001211435","06","67","67301","67301","2001","02","4","1830","18","3","2","1","8","1","","","N","02","0","00","3","0","1","2","2","N","N","40 03:25.264","75 05:35.815","9999","","9999","","0","","N","","0 ","","","","","","","","","","1","0","0","0","0","0","1","0","0","0","0","0","0","0","1","0","0","0","0","0","0","0","0","0","0","0","0","0","0","0","0","0","1","0","0","9","0","40.057","-75.0933","","CRASH_2001_Philadelphia"
"2001007029","06","67","67301","67301","2001","05","7","1040","10","1","1","0","1","1","","","N","01","2","00","3","0","1","4","2","N","N","39 55:58.351","75 10:04.384","1053","","1045","","0","","N","","3 ","","","","","","","","","","2","2","0","0","0","0","0","0","0","0","0","1","1","0","0","0","0","0","0","0","0","0","0","2","0","0","0","0","0","0","0","0","0","0","0","4","0","39.9329","-75.1679","","CRASH_2001_Philadelphia"
"2001206024","06","67","67301","67301","2001","01","4","1710","17","1","1","0","1","1","","","N","00","0","00","3","0","1","2","2","N","N","39 56:30.120","75 11:40.200","9999","","9999","","0","","N","","0 ","","","","","","","","","","2","1","0","0","0","0","0","1","0","0","0","0","0","0","1","0","0","0","0","0","0","0","0","0","0","0","0","0","0","0","0","0","0","0","0","9","0","39.9409","-75.1952","","CRASH_2001_Philadelphia"
"2001206717","06","67","67301","67301","2001","01","1","1430","14","1","1","3","7","5","","","N","00","0","00","3","0","1","1","1","N","N","","","9999","","9999","","0","","N","","0 ","","","","","","","","","","1","1","0","0","0","0","0","0","0","0","1","0","1","0","0","0","0","0","0","0","0","0","0","0","0","0","0","0","0","0","0","0","0","0","0","3","0","","","","CRASH_2001_Philadelphia"
"2001207464","06","67","67301","67301","2001","01","6","1050","10","1","1","0","9","1","","","N","00","0","00","3","0","1","3","3","N","N","","","9999","","9999","","0","","N","","0 ","","","","","","","","","","3","2","0","0","0","0","0","0","0","0","0","0","0","0","1","0","0","0","0","0","0","0","0","0","0","0","0","0","0","0","0","0","0","0","0","9","0","","","","CRASH_2001_Philadelphia"
"2001215760","06","67","67301","67301","2001","03","5","0824","08","1","1","0","4","1","","","N","01","2","00","3","0","0","2","2","N","N","40 02:16.065","75 04:52.525","9999","","9999","","0","","N","","3 ","","","","","","","","","","2","2","0","0","0","0","0","0","0","0","0","0","0","0","0","0","0","0","0","0","1","0","0","0","0","0","0","0","0","0","0","0","0","0","0","0","0","40.0378","-75.0813","","CRASH_2001_Philadelphia"
"2001007174","06","67","67301","67301","2001","05","3","2335","23","3","2","1","1","1","","","N","01","2","00","3","0","1","1","2","N","N","40 06:52.279","74 59:17.073","2355","","2343","","0","","N","","3 ","","","","","","","","","","2","2","0","0","0","0","0","0","0","0","1","0","1","0","0","0","0","0","0","0","1","0","0","0","0","0","0","0","0","0","0","0","0","0","0","3","0","40.1144","-74.9881","","CRASH_2001_Philadelphia"
"2001233216","06","67","67301","67301","2001","04","6","1640","16","1","2","1","4","1","","","N","01","3","00","3","0","0","2","2","N","N","40 02:08.505","75 05:03.483","9999","","9999","","0","","N","","3 ","","","","","","","","","","2","1","0","0","1","0","0","0","0","0","0","0","0","0","0","0","0","0","0","0","1","0","0","0","0","0","0","0","0","0","0","0","0","0","0","0","0","40.0357","-75.0843","","CRASH_2001_Philadelphia"
"2001234543","06","67","67301","67301","2001","03","3","1915","19","3","1","0","5","1","","","N","00","0","00","3","0","0","2","2","N","N","40 03:47.880","75 10:12.000","9999","","9999","","0","","N","","0 ","","","","","","","","","","2","2","0","0","0","0","0","0","0","0","0","0","0","0","0","0","1","0","0","0","0","0","0","0","0","0","0","0","0","0","0","0","0","0","0","0","0","40.0633","-75.1701","","CRASH_2001_Philadelphia"
"2001240030","06","67","67301","67301","2001","04","2","0845","08","1","1","0","4","1","","","N","01","3","00","3","0","1","2","2","N","N","","","9999","","9999","","0","","N","","3 ","","","","","","","","","","2","2","0","0","0","0","0","0","0","0","0","1","1","0","0","0","0","0","0","0","0","0","0","0","0","0","0","0","0","0","0","0","0","0","0","4","0","","","","CRASH_2001_Philadelphia"
"2001014322","06","67","67301","67301","2001","06","4","2307","23","3","1","0","7","2","","","N","00","0","00","3","0","1","1","1","N","N","","","2315","","2312","","0","","N","","0 ","","","","","","","","","","1","1","0","0","0","0","0","0","0","0","1","0","1","0","0","0","0","0","0","0","0","0","0","1","0","0","0","0","0","0","0","0","0","0","0","3","0","","","","CRASH_2001_Philadelphia"
"2001209098","06","67","67301","67301","2001","02","2","1314","13","1","4","3","1","1","","","N","00","0","00","3","0","2","2","2","N","N","40 01:37.200","75 05:48.840","9999","","9999","","0","","N","","0 ","","","","","","","","","","2","2","0","0","0","0","0","0","0","0","0","0","0","0","2","0","0","0","0","0","0","0","0","0","0","0","0","0","0","0","0","0","0","0","0","9","0","40.0269","-75.0972","","CRASH_2001_Philadelphia"
"2001211716","06","67","67301","67301","2001","02","5","1950","19","3","1","0","4","1","","","N","01","2","00","3","0","3","4","2","N","N","","","9999","","9999","","0","","N","","3 ","","","","","","","","","","2","2","0","0","0","0","0","0","0","0","0","0","0","0","3","0","0","0","0","0","0","0","0","0","0","0","0","0","0","0","0","0","0","0","0","9","0","","","","CRASH_2001_Philadelphia"
"2001216947","06","67","67301","67301","2001","03","3","1355","13","1","2","1","1","1","","","N","00","0","00","3","0","1","2","2","N","N","39 59:48.480","75 09:14.040","9999","","9999","","0","","N","","0 ","","","","","","","","","","2","1","0","0","0","0","1","0","0","0","0","0","0","0","1","0","0","0","0","0","2","0","0","0","0","0","0","0","0","0","0","0","0","0","0","9","0","39.9968","-75.1538","","CRASH_2001_Philadelphia"
"2001210655","06","67","67301","67301","2001","02","4","1225","12","1","1","0","8","1","","","N","00","0","00","3","0","1","2","2","N","N","","","9999","","9999","","0","","N","","0 ","","","","","","","","","","1","1","0","0","0","0","0","0","0","0","0","1","1","0","0","0","0","0","0","0","0","0","1","0","0","0","0","0","0","0","0","0","1","0","0","4","0","","","","CRASH_2001_Philadelphia"