"CRN","DISTRICT","COUNTY","MUNICIPALITY","POLICE_AGCY","CRASH_YEAR","CRASH_MONTH","DAY_OF_WEEK","TIME_OF_DAY","HOUR_OF_DAY","ILLUMINATION","WEATHER","ROAD_CONDITION","COLLISION_TYPE","RELATION_TO_ROAD","WORK_ZONE_TYPE","WORK_ZONE_LOC","WORK_ZONE_IND","INTERSECT_TYPE","TCD_TYPE","LOCATION_TYPE","URBAN_RURAL","FATAL_COUNT","INJURY_COUNT","PERSON_COUNT","TOTAL_UNITS","SCH_BUS_IND","SCH_ZONE_IND","LATITUDE","LONGITUDE","ARRIVAL_TM","CONS_ZONE_SPD_LIM","DISPATCH_TM","EST_HRS_CLOSED","LANE_CLOSED","LN_CLOSE_DIR","NTFY_HIWY_MAINT","SPEC_JURIS_CD","TCD_FUNC_CD","TFC_DETOUR_IND","WORKERS_PRES","WZ_CLOSE_DETOUR","WZ_FLAGGER","WZ_LAW_OFFCR_IND","WZ_LN_CLOSURE","WZ_MOVING","WZ_OTHER","WZ_SHLDER_MDN","VEHICLE_COUNT","AUTOMOBILE_COUNT","MOTORCYCLE_COUNT","BUS_COUNT","SMALL_TRUCK_COUNT","HEAVY_TRUCK_COUNT","SUV_COUNT","VAN_COUNT","BICYCLE_COUNT","MAJ_INJ_COUNT","MOD_INJ_COUNT","MIN_INJ_COUNT","TOT_INJ_COUNT","UNK_INJ_DEG_COUNT","UNK_INJ_PER_COUNT","DRIVER_COUNT_16YR","DRIVER_COUNT_17YR","DRIVER_COUNT_18YR","DRIVER_COUNT_19YR","DRIVER_COUNT_20YR","DRIVER_COUNT_50_64YR","DRIVER_COUNT_65_74YR","DRIVER_COUNT_75PLUS","UNBELTED_OCC_COUNT","UNB_DEATH_COUNT","UNB_MAJ_INJ_COUNT","BELTED_DEATH_COUNT","BELTED_MAJ_INJ_COUNT","MCYCLE_DEATH_COUNT","MCYCLE_MAJ_INJ_COUNT","BICYCLE_DEATH_COUNT","BICYCLE_MAJ_INJ_COUNT","PED_COUNT","PED_DEATH_COUNT","PED_MAJ_INJ_COUNT","MAX_SEVERITY_LEVEL","COMM_VEH_COUNT","DEC_LAT","DEC_LONG","RDWY_SURF_TYPE_CD","COUNTY_YEAR"
"2001211411","06","67","67301","67301","2001","02","3","0736","07","1","1","6","6","1","","","N","00","0","00","3","0","0","3","2","N","N","","","9999","","9999","","0","","N","","0 ","","","","","","","","","","2","1","0","0","0","0","1","0","0","0","0","0","0","0","0","0","0","0","0","0","1","0","0","0","0","0","0","0","0","0","0","0","0","0","0","0","0","","","","CRASH_2001_Philadelphia"
"2001211801","06","67","67301","67301","2001","02","1","2315","23","3","1","0","5","1","","","N","01","2","00","3","0","0","4","2","N","N","39 56:54.491","75 11:10.619","9999","","9999","","0","","N","","3 ","","","","","","","","","","2","2","0","0","0","0","0","0","0","0","0","0","0","0","0","0","1","0","0","0","0","0","0","0","0","0","0","0","0","0","0","0","0","0","0","0","0","39.9485","-75.1863","","CRASH_2001_Philadelphia"
"2001206157","06","67","67301","67301","2001","01","5","1416","14","1","1","0","8","1","","","N","01","2","00","3","0","1","2","2","N","N","39 57:21.600","75 13:03.360","9999","","9999","","0","","N","","3 ","","","","","","","","","","1","1","0","0","0","0","0","0","0","0","1","0","1","0","0","0","0","0","0","0","0","0","0","0","0","0","0","0","0","0","0","0","1","0","0","3","0","39.956","-75.2176","","CRASH_2001_Philadelphia"
"2001231224","06","67","67301","67301","2001","03","3","1525","15","1","1","0","4","1","","","N","02","3","00","3","0","1","3","2","N","N","39 59:59.280","75 13:45.840","9999","","9999","","0","","N","","3 ","","","","","","","","","","2","2","0","0","0","0","0","0","0","0","1","0","1","0","0","0","0","0","0","0","0","0","0","0","0","0","0","0","0","0","0","0","0","0","0","3","0","39.9998","-75.2294","","CRASH_2001_Philadelphia"
"2001238103","06","67","67301","67301","2001","04","4","0305","03","3","1","0","7","5","","","N","01","2","00","3","0","1","1","1","N","N","","","9999","","9999","","0","","N","","3 ","","","","","","","","","","1","1","0","0","0","0","0","0","0","0","0","0","0","0","1","0","0","0","0","0","0","0","0","0","0","0","0","0","0","0","0","0","0","0","0","9","0","","","","CRASH_2001_Philadelphia"
"2001238408","06","67","67301","67301","2001","04","5","1404","14","1","1","1","4","1","","","N","02","3","00","3","0","1","2","2","N","N","40 03:11.160","75 11:09.960","9999","","9999","","0","","N","","3 ","","","","","","","","","","2","1","0","1","0","0","0","0","0","0","0","1","1","0","0","0","0","0","0","0","0","1","0","0","0","0","0","0","0","0","0","0","0","0","0","4","1","40.0532","-75.1861","","CRASH_2001_Philadelphia"
"2001010291","06","67","67301","67301","2001","06","6","1934","19","4","1","0","8","1","","","N","02","0","00","3","0","1","2","2","N","N","40 04:03.785","75 09:54.903","1946","","1940","","0","","N","","0 ","","","","","","","","","","1","1","0","0","0","0","0","0","0","0","0","1","1","0","0","0","0","0","0","0","0","0","0","0","0","0","0","0","0","0","0","0","1","0","0","4","0","40.0677","-75.1653","","CRASH_2001_Philadelphia"
"2001215480","06","67","67301","67301","2001","02","6","0200","02","3","1","0","7","5","","","N","00","0","00","3","0","0","1","1","N","N","","","9999","","9999","","0","","N","","0 ","","","","","","","","","","1","1","0","0","0","0","0","0","0","0","0","0","0","0","0","0","0","0","0","0","0","0","0","0","0","0","0","0","0","0","0","0","0","0","0","0","0","","","","CRASH_2001_Philadelphia"
"2001233529","06","67","67301","67301","2001","04","1","1331","13","1","2","1","7","5","","","N","00","0","00","3","0","1","1","1","N","N","","","9999","","9999","","0","","N","","0 ","","","","","","","","","","1","1","0","0","0","0","0","0","0","0","0","1","1","0","0","0","0","0","1","0","0","0","0","0","0","0","0","0","0","0","0","0","0","0","0","4","0","","","","CRASH_2001_Philadelphia"
"2001238078","06","67","67301","67301","2001","04","6","1630","16","1","1","0","4","1","","","N","01","2","00","3","0","0","2","2","N","N","","","9999","","9999","","0","","N","","3 ","","","","","","","","","","2","2","0","0","0","0","0","0","0","0","0","0","0","0","0","0","0","0","0","0","0","0","0","0","0","0","0","0","0","0","0","0","0","0","0","0","0","","","","CRASH_2001_Philadelphia"
"2001008595","06","67","67301","67301","2001","06","1","1840","18","1","1","0","4","1","","","N","05","2","00","3","0","1","2","2","N","N","40 00:10.274","75 06:06.094","1845","","1841","","0","","N","","2 ","","","","","","","","","","2","2","0","0","0","0","0","0","0","0","0","1","1","0","0","0","0","0","0","0","0","0","1","1","0","0","0","0","0","0","0","0","0","0","0","4","0","40.0029","-75.1017","","CRASH_2001_Philadelphia"
"2001019628","06","67","67301","67301","2001","05","2","0121","01","3","1","0","7","5","","","N","00","0","00","3","0","1","3","2","N","N","40 02:12.081","75 13:08.811","0130","","0125","","0","","N","","0 ","","","","","","","","","","2","2","0","0","0","0","0","0","0","0","0","1","1","0","0","0","0","0","0","0","0","0","0","0","0","0","0","0","0","0","0","0","0","0","0","4","0","40.0367","-75.2189","","CRASH_2001_Philadelphia"
"2001019682","06","67","67301","67301","2001","05","2","0020","00","3","1","0","7","2","","","N","00","0","00","3","0","1","2","1","N","N","39 57:09.756","75 10:54.836","0025","","0020","","0","","N","","0 ","","","","","","","","","","1","1","0","0","0","0","0","0","0","0","0","1","1","0","0","0","0","0","0","0","0","0","0","1","0","0","0","0","0","0","0","0","0","0","0","4","0","39.9523","-75.1822","","CRASH_2001_Philadelphia"
"2001233129","06","67","67301","67301","2001","03","6","0825","08","1","2","1","4","1","","","N","00","0","00","3","0","1","2","2","N","N","39 58:48.000","75 13:09.840","9999","","9999","","0","","N","","0 ","","","","","","","","","","2","2","0","0","0","0","0","0","0","0","0","1","1","0","0","0","0","0","0","0","0","0","0","0","0","0","0","0","0","0","0","0","0","0","0","4","0","39.98","-75.2194","","CRASH_2001_Philadelphia"
"2001233273","06","67","67301","67301","2001","03","4","1415","14","1","1","0","8","1","","","N","00","0","00","3","0","1","2","2","N","N","","","9999","","9999","","0","","N","","0 ","","","","","","","","","","1","1","0","0","0","0","0","0","0","0","0","1","1","0","0","0","0","0","0","0","0","0","0","0","0","0","0","0","0","0","0","0","1","0","0","4","0","","","","CRASH_2001_Philadelphia"
"2001243627","06","67","67301","67301","2001","04","5","0741","07","1","1","9","4","1","","","N","01","3","00","3","0","1","2","2","N","N","40 02:26.242","75 10:11.315","9999","","9999","","0","","N","","3 ","","","","","","","","","","2","1","0","0","1","0","0","0","0","0","1","0","1","0","0","0","0","0","0","0","1","0","0","0","0","0","0","0","0","0","0","0","0","0","0","3","0","40.0406","-75.1698","","CRASH_2001_Philadelphia"
"2001007278","06","67","67301","67301","2001","06","6","1845","18","8","2","1","4","1","","","N","01","2","00","3","0","1","2","2","N","N","40 03:17.474","75 10:08.391","1900","","1855","","0","","N","","3 ","","","","","","","","","","2","2","0","0","0","0","0","0","0","0","1","0","1","0","0","0","0","0","0","0","0","0","0","0","0","0","0","0","0","0","0","0","0","0","0","3","0","40.0548","-75.169","","CRASH_2001_Philadelphia"
"2001209137","06","67","67301","67301","2001","02","6","1600","16","1","1","0","1","1","","","N","02","2","00","3","0","1","2","2","N","N","40 02:45.960","75 13:03.720","9999","","9999","","0","","N","","3 ","","","","","","","","","","2","1","0","0","1","0","0","0","0","0","0","1","1","0","0","0","0","0","0","0","1","0","0","0","0","0","0","0","0","0","0","0","0","0","0","4","0","40.0464","-75.2177","","CRASH_2001_Philadelphia"
"2001214334","06","67","67301","67301","2001","02","1","0255","02","3","1","0","9","1","","","N","00","0","00","3","0","0","1","3","N","N","","","9999","","9999","","0","","N","","0 ","","","","","","","","","","3","1","0","0","0","0","0","0","0","0","0","0","0","0","0","0","0","0","0","0","0","0","0","0","0","0","0","0","0","0","0","0","0","0","0","0","0","","","","CRASH_2001_Philadelphia"
"2001223851","06","67","67301","67301","2001","03","5","1955","19","3","2","1","4","1","","","N","01","2","00","3","0","0","4","2","N","N","40 01:54.120","75 10:44.040","9999","","9999","","0","","N","","3 ","","","","","","","","","","2","2","0","0","0","0","0","0","0","0","0","0","0","0","0","0","0","0","0","0","0","0","0","0","0","0","0","0","0","0","0","0","0","0","0","0","0","40.0317","-75.1789","","CRASH_2001_Philadelphia"
"2001007418","06","67","67301","67301","2001","07","4","0850","08","1","1","0","7","2","","","N","00","0","00","3","0","0","1","1","N","N","39 56:35.880","75 11:33.360","0900","","0855","1","1","4","N","","0 ","N","","","","","","","","","1","1","0","0","0","0","0","0","0","0","0","0","0","0","0","0","0","0","0","0","0","0","0","0","0","0","0","0","0","0","0","0","0","0","0","0","0","39.942","-75.194","","CRASH_2001_Philadelphia"
"2001207546","06","67","67301","67301","2001","01","5","0845","08","1","1","0","4","1","","","N","00","0","07","3","0","0","3","2","N","N","","","9999","","9999","","0","","N","","0 ","","","","","","","","","","2","1","0","0","0","0","1","0","0","0","0","0","0","0","0","0","0","0","0","0","0","0","0","0","0","0","0","0","0","0","0","0","0","0","0","0","0","","","","CRASH_2001_Philadelphia"
"2001207874","06","67","67301","67301","2001","01","7","0345","03","3","4","1","7","1","","","N","00","0","02","3","0","1","2","1","N","N","39 57:41.400","75 08:23.280","9999","","9999","","0","","N","","0 ","","","","","","","","","","1","1","0","0","0","0","0","0","0","0","0","0","0","0","1","0","0","0","0","0","0","0","0","0","0","0","0","0","0","0","0","0","0","0","0","9","0","39.9623","-75.1394","","CRASH_2001_Philadelphia"
"2001209041","06","67","67301","67301","2001","01","7","2016","20","3","2","1","4","1","","","N","01","2","00","3","0","2","4","3","N","N","","","9999","","9999","","0","","N","","3 ","","","","","","","","","","3","2","0","0","0","0","0","0","0","0","0","0","0","0","2","0","0","0","0","0","0","0","0","0","0","0","0","0","0","0","0","0","0","0","0","9","0","","","","CRASH_2001_Philadelphia"
"2001210598","06","67","67301","67301","2001","02","7","0048","00","3","1","0","7","5","","","N","01","2","00","3","0","1","1","1","N","N","40 00:25.920","75 07:24.240","9999","","9999","","0","","N","","3 ","","","","","","","","","","1","1","0","0","0","0","0","0","0","0","1","0","1","0","0","0","0","0","0","0","0","0","0","0","0","0","0","0","0","0","0","0","0","0","0","3","0","40.0072","-75.1234","","CRASH_2001_Philadelphia"
"2001210612","06","67","67301","67301","2001","02","7","1440","14","1","1","0","1","1","","","N","00","2","07","3","0","0","3","3","N","N","40 02:15.360","75 08:42.000","9999","","9999","","0","","N","","3 ","","","","","","","","","","3","3","0","0","0","0","0","0","0","0","0","0","0","0","0","0","0","0","0","0","0","1","0","0","0","0","0","0","0","0","0","0","0","0","0","0","0","40.0376","-75.1449","","CRASH_2001_Philadelphia"
"2001215490","06","67","67301","67301","2001","03","6","0822","08","5","1","1","4","1","","","N","03","2","00","3","0","0","2","2","N","N","39 58:38.640","75 13:37.920","9999","","9999","","0","","N","","3 ","","","","","","","","","","2","1","0","0","1","0","0","0","0","0","0","0","0","0","0","0","0","0","0","0","0","0","0","0","0","0","0","0","0","0","0","0","0","0","0","0","0","39.9774","-75.2271","","CRASH_2001_Philadelphia"
"2001207675","06","67","67301","67301","2001","01","2","0839","08","1","1","1","8","1","","","N","02","3","00","3","0","2","2","2","N","N","40 00:25.920","75 05:12.840","9999","","9999","","0","","N","","3 ","","","","","","","","","","1","1","0","0","0","0","0","0","0","0","1","0","1","0","1","0","0","0","0","0","0","0","0","0","0","0","0","0","0","0","0","0","1","0","0","3","0","40.0072","-75.0868","","CRASH_2001_Philadelphia"
"2001216879","06","67","67301","67301","2001","03","4","2230","22","3","1","0","4","1","","","N","01","2","00","3","0","1","2","2","N","N","39 57:25.560","75 12:48.240","9999","","9999","","0","","N","","3 ","","","","","","","","","","2","2","0","0","0","0","0","0","0","0","1","0","1","0","0","0","0","0","0","0","0","0","0","0","0","0","0","0","0","0","0","0","0","0","0","3","0","39.957","-75.2133","","CRASH_2001_Philadelphia"
"2001216994","06","67","67301","67301","2001","03","4","1515","15","1","1","0","8","1","","","N","00","0","00","3","0","1","2","2","N","N","","","9999","","9999","","0","","N","","0 ","","","","","","","","","","1","0","0","0","0","0","1","0","0","0","0","1","1","0","0","0","0","0","0","0","1","0","0","0","0","0","0","0","0","0","0","0","1","0","0","4","0","","","","CRASH_2001_Philadelphia"
"2001217195","06","67","67301","67301","2001","03","3","1545","15","1","1","1","4","1","","","N","01","3","00","3","0","2","4","2","Y","N","39 59:10.600","75 06:28.569","9999","","9999","","0","","N","","3 ","","","","","","","","","","2","1","0","1","0","0","0","0","0","0","1","0","1","0","1","0","0","0","0","0","1","0","0","0","0","0","0","0","0","0","0","0","0","0","0","3","1","39.9863","-75.1079","","CRASH_2001_Philadelphia"
"2001207395","06","67","67301","67301","2001","01","2","1847","18","3","1","0","7","2","","","N","00","0","00","3","0","0","1","1","N","N","40 04:56.640","74 57:59.400","9999","","9999","","0","","N","","0 ","","","","","","","","","","1","0","0","0","1","0","0","0","0","0","0","0","0","0","0","0","0","0","0","0","0","0","0","0","0","0","0","0","0","0","0","0","0","0","0","0","0","40.0823","-74.9666","","CRASH_2001_Philadelphia"
"2001233211","06","67","67301","67301","2001","04","1","1520","15","1","1","0","4","1","","","N","01","2","00","3","0","0","2","2","N","N","","","9999","","9999","","0","","N","","3 ","","","","","","","","","","2","1","0","0","1","0","0","0","0","0","0","0","0","0","0","0","0","0","0","0","0","0","0","0","0","0","0","0","0","0","0","0","0","0","0","0","0","","","","CRASH_2001_Philadelphia"
"2001243670","06","67","67301","67301","2001","05","1","1742","17","1","1","0","8","1","","","N","01","2","00","3","0","2","6","3","N","N","","","9999","","9999","","0","","N","","3 ","","","","","","","","","","1","1","0","0","0","0","0","0","0","0","0","2","2","0","0","0","0","0","0","0","0","0","0","0","0","0","0","0","0","0","0","0","2","0","0","4","0","","","","CRASH_2001_Philadelphia"
"2001207625","06","67","67301","67301","2001","01","6","1215","12","1","1","0","8","1","","","N","01","2","00","3","0","1","2","2","N","N","40 02:18.960","75 08:33.360","9999","","9999","","0","","N","","3 ","","","","","","","","","","1","1","0","0","0","0","0","0","0","0","1","0","1","0","0","0","0","0","0","0","0","1","0","0","0","0","0","0","0","0","0","0","1","0","0","3","0","40.0386","-75.1426","","CRASH_2001_Philadelphia"
"2001207677","06","67","67301","67301","2001","01","3","1900","19","3","1","0","8","1","","","N","00","0","00","3","0","2","2","2","N","N","40 02:33.360","75 03:24.840","9999","","9999","","0","","N","","0 ","","","","","","","","","","1","0","0","0","0","0","0","0","0","1","0","0","1","0","1","0","0","0","0","0","0","0","0","0","0","0","0","0","0","0","0","0","1","0","1","2","0","40.0426","-75.0569","","CRASH_2001_Philadelphia"
"2001209088","06","67","67301","67301","2001","02","6","0720","07","1","1","0","4","1","","","N","01","2","00","3","0","3","3","2","N","N","","","9999","","9999","","0","","N","","3 ","","","","","","","","","","2","2","0","0","0","0","0","0","0","0","0","3","3","0","0","0","0","0","0","0","0","0","0","0","0","0","0","0","0","0","0","0","0","0","0","4","0","","","","CRASH_2001_Philadelphia"
"2001213115","06","67","67301","67301","2001","02","6","0030","00","3","4","3","9","1","","","N","00","0","00","3","0","0","1","2","N","N","40 04:18.480","75 05:03.840","9999","","9999","","0","","N","","0 ","","","","","","","","","","2","1","0","0","0","0","0","0","0","0","0","0","0","0","0","0","0","0","0","0","0","0","0","0","0","0","0","0","0","0","0","0","0","0","0","0","0","40.0717","-75.0844","","CRASH_2001_Philadelphia"
"2001014284","06","67","67301","67301","2001","09","2","2130","21","3","2","1","1","1","","","N","00","2","00","3","0","0","2","2","N","N","40 01:45.480","75 05:20.040","2150","","2146","","0","","N","","3 ","","","","","","","","","","2","2","0","0","0","0","0","0","0","0","0","0","0","0","0","0","0","1","0","0","0","0","0","0","0","0","0","0","0","0","0","0","0","0","0","0","0","40.0293","-75.0889","","CRASH_2001_Philadelphia"
"2001208919","06","67","67301","67301","2001","01","1","1539","15","1","1","0","8","1","","","N","01","2","00","3","0","1","2","2","N","N","40 03:04.680","75 03:57.960","9999","","9999","","0","","N","","3 ","","","","","","","","","","1","1","0","0","0","0","0","0","0","0","0","1","1","0","0","0","0","0","0","0","0","0","0","0","0","0","0","0","0","0","0","0","1","0","0","4","0","40.0512","-75.0661","","CRASH_2001_Philadelphia"
"2001208940","06","67","67301","67301","2001","01","7","1500","15","1","1","0","1","1","","","N","01","2","00","3","0","1","4","3","N","N","40 03:52.200","75 09:38.520","9999","","9999","","0","","N","","3 ","","","","","","","","","","3","1","0","0","0","0","1","1","0","0","0","1","1","0","0","0","0","0","0","0","1","0","0","0","0","0","0","0","0","0","0","0","0","0","0","4","0","40.0645","-75.1607","","CRASH_2001_Philadelphia"
"2001231126","06","67","67301","67301","2001","03","4","1920","19","3","2","1","4","1","","","N","00","0","07","3","0","1","3","2","N","N","40 06:07.200","75 01:44.760","9999","","9999","","0","","N","","0 ","","","","","","","","","","2","2","0","0","0","0","0","0","0","0","1","0","1","0","0","0","0","0","0","0","1","0","0","0","0","0","0","0","0","0","0","0","0","0","0","3","0","40.1021","-75.0291","","CRASH_2001_Philadelphia"
"2001238158","06","67","67301","67301","2001","04","6","1105","11","1","2","1","4","1","","","N","01","2","00","3","0","1","2","2","N","N","40 01:30.360","75 07:31.800","9999","","9999","","0","","N","","3 ","","","","","","","","","","2","2","0","0","0","0","0","0","0","0","0","1","1","0","0","0","0","0","0","0","0","0","0","0","0","0","0","0","0","0","0","0","0","0","0","4","0","40.0251","-75.1255","","CRASH_2001_Philadelphia"
"2001238388","06","67","67301","67301","2001","04","6","1320","13","1","2","1","7","5","","","N","00","0","00","3","0","0","1","1","N","N","","","9999","","9999","","0","","N","","0 ","","","","","","","","","","1","1","0","0","0","0","0","0","0","0","0","0","0","0","0","0","0","0","0","0","0","0","0","0","0","0","0","0","0","0","0","0","0","0","0","0","0","","","","CRASH_2001_Philadelphia"
"2001204619","06","67","67301","67301","2001","01","3","0650","06","5","9","9","8","1","","","N","00","0","00","3","0","1","1","2","N","N","40 00:47.160","75 04:13.440","9999","","9999","","0","","N","","0 ","","","","","","","","","","1","0","0","0","1","0","0","0","0","0","0","1","1","0","0","0","0","0","0","0","0","0","0","0","0","0","0","0","0","0","0","0","1","0","0","4","0","40.0131","-75.0704","","CRASH_2001_Philadelphia"
"2001205939","06","67","67301","67301","2001","01","2","1211","12","1","1","0","4","1","","","N","01","3","00","3","0","0","3","2","N","N","","","9999","","9999","","0","","N","","3 ","","","","","","","","","","2","2","0","0","0","0","0","0","0","0","0","0","0","0","0","0","0","0","1","0","0","1","0","0","0","0","0","0","0","0","0","0","0","0","0","0","0","","","","CRASH_2001_Philadelphia"
"2001206228","06","67","67301","67301","2001","01","3","1430","14","1","1","5","7","5","","","N","00","0","00","3","0","1","1","1","N","N","","","9999","","9999","","0","","N","","0 ","","","","","","","","","","1","1","0","0","0","0","0","0","0","0","0","0","0","0","1","0","0","0","0","0","0","0","1","0","0","0","0","0","0","0","0","0","0","0","0","9","0","","","","CRASH_2001_Philadelphia"
"2001211383","06","67","67301","67301","2001","02","4","0829","08","1","2","1","1","1","","","N","06","0","02","3","0","4","7","6","N","N","40 00:12.960","75 11:43.080","9999","","9999","","0","","N","","0 ","","","","","","","","","","6","3","0","0","0","1","2","0","0","0","0","0","0","0","4","0","0","0","0","0","1","0","0","0","0","0","0","0","0","0","0","0","0","0","0","9","0","40.0017","-75.1949","","CRASH_2001_Philadelphia"
"2001223786","06","67","67301","67301","2001","03","2","0850","08","1","1","0","5","1","","","N","00","0","00","3","0","2","2","2","N","N","","","9999","","9999","","0","","N","","0 ","","","","","","","","","","2","1","0","0","0","0","0","0","0","0","0","1","1","0","1","0","0","0","0","0","1","0","0","0","0","0","0","0","0","0","0","0","0","0","0","4","0","","","","CRASH_2001_Philadelphia"
"2001223859","06","67","67301","67301","2001","03","3","1745","17","3","1","0","1","1","","","N","01","3","00","3","0","1","2","2","N","N","39 55:46.376","75 10:14.987","9999","","9999","","0","","N","","3 ","","","","","","","","","","2","1","0","0","0","0","0","0","0","0","0","0","0","0","1","0","0","0","0","0","0","0","0","0","0","0","0","0","0","0","0","0","0","0","0","9","0","39.9295","-75.1708","","CRASH_2001_Philadelphia"
"2001243095","06","67","67301","67301","2001","05","7","1720","17","1","1","0","4","1","","","N","02","0","00","3","0","2","4","2","N","N","40 00:44.362","75 03:16.772","9999","","9999","","0","","N","","0 ","","","","","","","","","","1","1","0","0","0","0","0","0","1","0","2","0","2","0","0","0","0","0","0","0","0","0","0","0","0","0","0","0","0","0","0","0","0","0","0","3","0","40.0123","-75.0547","","CRASH_2001_Philadelphia"
"2001231165","06","67","67301","67301","2001","03","7","1750","17","1","1","0","1","1","","","N","00","2","07","3","0","4","5","3","N","N","40 05:36.240","74 57:43.560","9999","","9999","","0","","N","","3 ","","","","","","","","","","3","2","0","0","0","0","1","0","0","0","1","0","1","0","3","0","0","0","0","0","2","0","1","0","0","0","0","0","0","0","0","0","0","0","0","3","0","40.0934","-74.9622","","CRASH_2001_Philadelphia"
"2001240037","06","67","67301","67301","2001","04","1","1320","13","1","1","0","4","1","","","N","01","2","00","3","0","4","6","2","N","N","39 59:26.520","75 07:51.960","9999","","9999","","0","","N","","3 ","","","","","","","","","","2","2","0","0","0","0","0","0","0","0","0","4","4","0","0","0","0","0","0","0","0","0","0","0","0","0","0","0","0","0","0","0","0","0","0","4","0","39.9907","-75.1311","","CRASH_2001_Philadelphia"
"2001240094","06","67","67301","67301","2001","04","1","0224","02","3","1","0","7","5","","","N","00","0","00","3","0","0","1","1","N","N","39 57:39.600","75 08:40.560","9999","","9999","","0","","N","","0 ","","","","","","","","","","1","1","0","0","0","0","0","0","0","0","0","0","0","0","0","0","0","0","0","0","0","0","0","0","0","0","0","0","0","0","0","0","0","0","0","0","0","39.961","-75.1442","","CRASH_2001_Philadelphia"
"2001209174","06","67","67301","67301","2001","01","1","1520","15","1","1","0","5","1","","","N","00","0","00","3","0","2","3","2","N","N","40 01:37.200","75 05:48.120","9999","","9999","","0","","N","","0 ","","","","","","","","","","2","2","0","0","0","0","0","0","0","0","0","2","2","0","0","0","0","0","0","0","0","0","0","0","0","0","0","0","0","0","0","0","0","0","0","4","0","40.0268","-75.097","","CRASH_2001_Philadelphia"
"2001215507","06","67","67301","67301","2001","03","6","0840","08","1","2","1","4","1","","","N","01","2","00","3","0","1","3","2","N","N","40 05:12.120","74 58:18.480","9999","","9999","","0","","N","","3 ","","","","","","","","","","2","1","0","0","0","0","0","1","0","0","0","1","1","0","0","0","0","0","0","1","0","0","0","1","0","0","0","0","0","0","0","0","0","0","0","4","0","40.0868","-74.9719","","CRASH_2001_Philadelphia"
"2001223936","06","67","67301","67301","2001","03","1","1745","17","1","1","0","4","1","","","N","01","3","00","3","0","1","2","2","N","N","40 00:51.274","75 03:47.037","9999","","9999","","0","","N","","3 ","","","","","","","","","","1","0","0","0","0","0","1","0","1","1","0","0","1","0","0","0","0","1","0","0","0","0","0","0","0","0","0","0","0","0","0","1","0","0","0","2","0","40.0142","-75.0631","","CRASH_2001_Philadelphia"
"2001244848","06","67","67301","67301","2001","05","4","2320","23","3","1","0","1","1","","","N","00","0","00","3","0","2","4","2","N","N","40 00:34.560","75 03:56.880","9999","","9999","","0","","N","","0 ","","","","","","","","","","2","2","0","0","0","0","0","0","0","0","2","0","2","0","0","0","0","0","1","0","0","0","0","0","0","0","0","0","0","0","0","0","0","0","0","3","0","40.0096","-75.0656","","CRASH_2001_Philadelphia"
"2001204681","06","67","67301","67301","2001","01","2","0847","08","1","1","0","7","1","","","N","00","0","00","3","0","1","1","1","N","N","40 01:53.760","75 01:17.040","9999","","9999","","0","","N","","0 ","","","","","","","","","","1","1","0","0","0","0","0","0","0","0","1","0","1","0","0","0","0","0","0","0","0","0","0","0","0","0","0","0","0","0","0","0","0","0","0","3","0","40.0316","-75.0215","","CRASH_2001_Philadelphia"
"2001239125","06","67","67301","67301","2001","04","4","0930","09","1","1","0","1","1","","","N","00","0","00","3","0","1","3","3","N","N","39 57:56.880","75 11:10.680","9999","","9999","","0","","N","","0 ","","","","","","","","","","3","2","0","0","0","1","0","0","0","0","0","1","1","0","0","0","0","0","0","0","0","0","0","0","0","0","0","0","0","0","0","0","0","0","0","4","1","39.9648","-75.1851","","CRASH_2001_Philadelphia"
"2001006293","06","67","67301","67301","2001","05","4","0926","09","1","1","0","1","1","","","N","01","2","00","3","0","0","3","3","N","N","39 57:27.944","75 12:21.663","0937","","0928","","0","","N","","3 ","","","","","","","","","","3","3","0","0","0","0","0","0","0","0","0","0","0","0","0","0","0","0","1","0","0","0","0","0","0","0","0","0","0","0","0","0","0","0","0","0","0","39.9576","-75.206","","CRASH_2001_Philadelphia"
"2001207392","06","67","67301","67301","2001","01","3","2210","22","3","1","0","6","1","","","N","05","2","00","3","0","2","2","2","N","N","40 02:01.320","75 03:49.320","9999","","9999","","0","","N","","3 ","","","","","","","","","","2","1","0","0","0","0","1","0","0","0","2","0","2","0","0","0","0","0","0","0","0","0","0","0","0","0","0","0","0","0","0","0","0","0","0","3","0","40.0336","-75.0638","","CRASH_2001_Philadelphia"
"2001214274","06","67","67301","67301","2001","02","2","2355","23","3","1","0","7","2","","","N","00","0","00","3","0","0","1","1","N","N","39 59:29.040","75 05:09.600","9999","","9999","","0","","N","","0 ","","","","","","","","","","1","1","0","0","0","0","0","0","0","0","0","0","0","0","0","0","0","0","0","0","0","0","0","0","0","0","0","0","0","0","0","0","0","0","0","0","0","39.9912","-75.0862","","CRASH_2001_Philadelphia"
"2001233206","06","67","67301","67301","2001","03","1","1139","11","1","1","0","4","1","","","N","01","2","00","3","0","1","6","2","N","N","40 02:25.080","75 03:30.600","9999","","9999","","0","","N","","3 ","","","","","","","","","","2","2","0","0","0","0","0","0","0","0","0","1","1","0","0","0","0","0","0","0","0","0","2","0","0","0","0","0","0","0","0","0","0","0","0","4","0","40.0405","-75.0589","","CRASH_2001_Philadelphia"