"CRN","DISTRICT","COUNTY","MUNICIPALITY","POLICE_AGCY","CRASH_YEAR","CRASH_MONTH","DAY_OF_WEEK","TIME_OF_DAY","HOUR_OF_DAY","ILLUMINATION","WEATHER","ROAD_CONDITION","COLLISION_TYPE","RELATION_TO_ROAD","WORK_ZONE_TYPE","WORK_ZONE_LOC","WORK_ZONE_IND","INTERSECT_TYPE","TCD_TYPE","LOCATION_TYPE","URBAN_RURAL","FATAL_COUNT","INJURY_COUNT","PERSON_COUNT","TOTAL_UNITS","SCH_BUS_IND","SCH_ZONE_IND","LATITUDE","LONGITUDE","ARRIVAL_TM","CONS_ZONE_SPD_LIM","DISPATCH_TM","EST_HRS_CLOSED","LANE_CLOSED","LN_CLOSE_DIR","NTFY_HIWY_MAINT","SPEC_JURIS_CD","TCD_FUNC_CD","TFC_DETOUR_IND","WORKERS_PRES","WZ_CLOSE_DETOUR","WZ_FLAGGER","WZ_LAW_OFFCR_IND","WZ_LN_CLOSURE","WZ_MOVING","WZ_OTHER","WZ_SHLDER_MDN","VEHICLE_COUNT","AUTOMOBILE_COUNT","MOTORCYCLE_COUNT","BUS_COUNT","SMALL_TRUCK_COUNT","HEAVY_TRUCK_COUNT","SUV_COUNT","VAN_COUNT","BICYCLE_COUNT","MAJ_INJ_COUNT","MOD_INJ_COUNT","MIN_INJ_COUNT","TOT_INJ_COUNT","UNK_INJ_DEG_COUNT","UNK_INJ_PER_COUNT","DRIVER_COUNT_16YR","DRIVER_COUNT_17YR","DRIVER_COUNT_18YR","DRIVER_COUNT_19YR","DRIVER_COUNT_20YR","DRIVER_COUNT_50_64YR","DRIVER_COUNT_65_74YR","DRIVER_COUNT_75PLUS","UNBELTED_OCC_COUNT","UNB_DEATH_COUNT","UNB_MAJ_INJ_COUNT","BELTED_DEATH_COUNT","BELTED_MAJ_INJ_COUNT","MCYCLE_DEATH_COUNT","MCYCLE_MAJ_INJ_COUNT","BICYCLE_DEATH_COUNT","BICYCLE_MAJ_INJ_COUNT","PED_COUNT","PED_DEATH_COUNT","PED_MAJ_INJ_COUNT","MAX_SEVERITY_LEVEL","COMM_VEH_COUNT","DEC_LAT","DEC_LONG","RDWY_SURF_TYPE_CD","COUNTY_YEAR"
"2001006979","06","67","67301","67301","2001","06","6","2003","20","1","1","1","4","1","","","N","01","2","00","3","0","1","2","2","N","N","40 02:20.475","75 03:22.611","2010","","2003","","0","","N","","3 ","","","","","","","","","","2","2","0","0","0","0","0","0","0","0","0","1","1","0","0","0","0","0","0","0","0","0","1","0","0","0","0","0","0","0","0","0","0","0","0","4","0","40.039","-75.0563","","CRASH_2001_Philadelphia"
"2001207328","06","67","67301","67301","2001","01","7","1015","10","1","2","1","4","1","","","N","05","2","00","3","0","1","2","2","N","N","40 00:08.820","75 04:08.774","9999","","9999","","0","","N","","3 ","","","","","","","","","","2","1","0","0","0","0","1","0","0","0","1","0","1","0","0","0","0","0","0","0","1","0","0","0","0","0","0","0","0","0","0","0","0","0","0","3","0","40.0025","-75.0691","","CRASH_2001_Philadelphia"
"2001207569","06","67","67301","67301","2001","01","6","1817","18","3","2","1","1","1","","","N","01","3","00","3","0","4","9","4","N","N","39 59:27.960","75 08:02.040","9999","","9999","","0","","N","","3 ","","","","","","","","","","4","1","0","0","0","1","1","1","0","0","0","4","4","0","0","0","0","0","0","0","1","0","0","0","0","0","0","0","0","0","0","0","0","0","0","4","1","39.9912","-75.1338","","CRASH_2001_Philadelphia"
"2001211740","06","67","67301","67301","2001","02","6","1815","18","3","2","1","5","1","","","N","01","2","00","3","0","0","2","2","N","N","40 02:01.320","75 08:45.240","9999","","9999","","0","","N","","3 ","","","","","","","","","","2","2","0","0","0","0","0","0","0","0","0","0","0","0","0","0","0","0","0","0","0","0","0","0","0","0","0","0","0","0","0","0","0","0","0","0","0","40.0337","-75.1458","","CRASH_2001_Philadelphia"
"2001240271","06","67","67301","67301","2001","04","7","0251","02","3","1","0","3","1","","","N","00","0","00","3","0","1","3","2","N","N","","","9999","","9999","","0","","N","","0 ","","","","","","","","","","2","1","0","0","0","0","0","1","0","0","0","1","1","0","0","0","0","0","0","0","0","0","1","0","0","0","0","0","0","0","0","0","0","0","0","4","0","","","","CRASH_2001_Philadelphia"
"2001006968","06","67","67301","67301","2001","05","6","1335","13","1","1","0","4","1","","","N","05","2","00","3","0","0","2","3","N","N","40 03:30.949","75 09:09.932","1350","","1345","","0","","N","","3 ","","","","","","","","","","3","2","0","0","1","0","0","0","0","0","0","0","0","0","0","0","0","0","0","0","0","0","1","0","0","0","0","0","0","0","0","0","0","0","0","0","0","40.0586","-75.1528","","CRASH_2001_Philadelphia"
"2001207608","06","67","67301","67301","2001","01","6","1625","16","1","1","0","4","1","","","N","02","0","00","3","0","2","2","2","N","N","39 55:06.960","75 14:49.200","9999","","9999","","0","","N","","0 ","","","","","","","","","","1","0","0","0","0","0","0","0","1","0","1","0","1","0","1","0","0","0","0","0","0","0","0","0","0","0","0","0","0","0","0","0","0","0","0","3","0","39.9186","-75.247","","CRASH_2001_Philadelphia"
"2001233371","06","67","67301","67301","2001","03","4","1037","10","1","1","0","4","1","","","N","01","2","00","3","0","1","2","2","N","N","39 57:39.960","75 08:47.400","9999","","9999","","0","","N","","3 ","","","","","","","","","","2","1","0","0","1","0","0","0","0","0","0","0","0","0","1","0","0","0","0","0","1","0","0","0","0","0","0","0","0","0","0","0","0","0","0","9","0","39.9612","-75.1466","","CRASH_2001_Philadelphia"
"2001236843","06","67","67301","67301","2001","04","6","2045","20","3","1","0","4","1","","","N","00","0","00","3","0","1","4","3","N","N","","","9999","","9999","","0","","N","","0 ","","","","","","","","","","3","2","0","0","0","0","0","0","0","0","0","1","1","0","0","1","0","0","0","1","0","0","0","0","0","0","0","0","0","0","0","0","0","0","0","4","0","","","","CRASH_2001_Philadelphia"
"2001244716","06","67","67301","67301","2001","05","7","0410","04","3","1","0","7","1","1","8","Y","01","2","00","3","0","0","1","1","N","N","40 01:48.874","75 08:45.412","9999","99","9999","","0","","N","","3 ","","U","","","U","","","","","1","0","0","0","0","0","1","0","0","0","0","0","0","0","0","0","0","0","0","0","1","0","0","0","0","0","0","0","0","0","0","0","0","0","0","0","0","40.0302","-75.1459","","CRASH_2001_Philadelphia"
"2001244720","06","67","67301","67301","2001","05","3","1719","17","1","1","0","4","1","","","N","01","3","00","3","0","1","2","2","N","N","40 02:27.600","75 08:28.413","9999","","9999","","0","","N","","3 ","","","","","","","","","","1","1","0","0","0","0","0","0","1","0","0","1","1","0","0","0","0","0","0","0","0","0","0","0","0","0","0","0","0","0","0","0","0","0","0","4","0","40.041","-75.1412","","CRASH_2001_Philadelphia"
"2001019526","06","67","67301","67301","2001","06","5","1115","11","1","1","0","4","1","","","N","01","0","00","3","0","2","2","2","N","N","40 02:46.419","75 09:57.934","1135","","1129","","0","","N","","0 ","","","","","","","","","","2","1","0","0","1","0","0","0","0","0","1","1","2","0","0","0","0","0","0","0","0","0","0","0","0","0","0","0","0","0","0","0","0","0","0","3","0","40.0462","-75.1661","","CRASH_2001_Philadelphia"
"2001209654","06","67","67301","67301","2001","02","6","0420","04","3","1","0","4","1","","","N","02","2","00","3","0","1","3","2","N","N","39 54:32.400","75 14:30.840","9999","","9999","","0","","N","","3 ","","","","","","","","","","2","1","0","0","0","0","0","0","0","0","0","1","1","0","0","0","0","0","0","0","1","0","0","0","0","0","0","0","0","0","0","0","0","0","0","4","0","39.9091","-75.2421","","CRASH_2001_Philadelphia"
"2001204130","06","67","67301","67301","2001","01","5","1532","15","1","1","2","4","1","","","N","02","0","00","3","0","2","5","2","N","N","","","9999","","9999","","0","","N","","0 ","","","","","","","","","","2","1","0","0","0","0","0","0","0","0","0","2","2","0","0","0","0","0","0","0","0","0","0","0","0","0","0","0","0","0","0","0","0","0","0","4","0","","","","CRASH_2001_Philadelphia"
"2001207444","06","67","67301","67301","2001","01","5","0815","08","5","1","0","8","1","","","N","00","0","00","3","0","1","2","2","N","N","","","9999","","9999","","0","","N","","0 ","","","","","","","","","","1","1","0","0","0","0","0","0","0","0","0","1","1","0","0","0","0","0","0","0","0","1","0","0","0","0","0","0","0","0","0","0","1","0","0","4","0","","","","CRASH_2001_Philadelphia"
"2001215659","06","67","67301","67301","2001","02","3","2000","20","3","1","0","8","1","","","N","00","0","00","3","0","1","2","2","N","N","","","9999","","9999","","0","","N","","0 ","","","","","","","","","","1","0","0","0","0","0","0","1","0","0","1","0","1","0","0","0","0","0","0","0","0","0","0","0","0","0","0","0","0","0","0","0","1","0","0","3","0","","","","CRASH_2001_Philadelphia"
"2001239145","06","67","67301","67301","2001","04","2","1345","13","1","1","0","4","1","","","N","01","3","00","3","0","1","3","2","N","N","","","9999","","9999","","0","","N","","3 ","","","","","","","","","","2","2","0","0","0","0","0","0","0","0","1","0","1","0","0","0","0","0","0","0","0","0","0","0","0","0","0","0","0","0","0","0","0","0","0","3","0","","","","CRASH_2001_Philadelphia"
"2001019610","06","67","67301","67301","2001","06","3","1700","17","1","1","0","5","1","","","N","01","2","00","3","0","0","2","2","N","N","39 57:39.328","75 08:41.341","1707","","1705","","0","","N","","3 ","","","","","","","","","","2","2","0","0","0","0","0","0","0","0","0","0","0","0","0","0","0","0","0","0","0","0","0","0","0","0","0","0","0","0","0","0","0","0","0","0","0","39.9609","-75.145","","CRASH_2001_Philadelphia"
"2001207319","06","67","67301","67301","2001","01","7","1320","13","1","2","1","7","1","","","N","00","0","00","3","0","1","1","1","N","N","40 03:14.040","75 02:56.400","9999","","9999","","0","","N","","0 ","","","","","","","","","","1","1","0","0","0","0","0","0","0","0","0","1","1","0","0","0","0","0","0","0","0","0","1","1","0","0","0","0","0","0","0","0","0","0","0","4","0","40.0539","-75.0489","","CRASH_2001_Philadelphia"
"2001204686","06","67","67301","67301","2001","01","6","9999","99","5","4","3","9","1","","","N","01","3","00","3","0","0","1","2","N","N","40 01:17.400","75 04:30.360","9999","","9999","","0","","N","","3 ","","","","","","","","","","2","1","0","0","0","0","0","0","0","0","0","0","0","0","0","0","0","0","0","0","0","0","0","0","0","0","0","0","0","0","0","0","0","0","0","0","0","40.0215","-75.0751","","CRASH_2001_Philadelphia"
"2001209159","06","67","67301","67301","2001","01","3","1455","14","1","2","1","1","1","","","N","02","2","00","3","0","2","4","3","N","N","40 00:04.680","75 04:54.480","9999","","9999","","0","","N","","3 ","","","","","","","","","","3","2","0","0","0","0","0","0","0","0","0","2","2","0","0","0","0","0","0","0","0","0","0","0","0","0","0","0","0","0","0","0","0","0","0","4","0","40.0015","-75.0815","","CRASH_2001_Philadelphia"
"2001210641","06","67","67301","67301","2001","01","4","0111","01","3","1","1","4","1","","","N","01","2","00","3","0","2","3","2","N","N","","","9999","","9999","","0","","N","","3 ","","","","","","","","","","2","1","0","0","0","0","0","0","0","0","0","2","2","0","0","0","0","0","0","0","0","0","0","0","0","0","0","0","0","0","0","0","0","0","0","4","0","","","","CRASH_2001_Philadelphia"
"2001211429","06","67","67301","67301","2001","02","4","0020","00","3","1","0","7","5","","","N","00","0","00","3","0","1","1","1","N","N","39 58:28.560","75 11:57.120","9999","","9999","","0","","N","","0 ","","","","","","","","","","1","1","0","0","0","0","0","0","0","0","0","1","1","0","0","0","0","0","0","0","0","0","0","0","0","0","0","0","0","0","0","0","0","0","0","4","0","39.9747","-75.1994","","CRASH_2001_Philadelphia"
"2001211733","06","67","67301","67301","2001","02","6","0725","07","3","1","0","4","1","","","N","01","2","00","3","0","2","4","2","N","N","40 01:32.160","75 07:31.440","9999","","9999","","0","","N","","3 ","","","","","","","","","","2","2","0","0","0","0","0","0","0","0","0","2","2","0","0","0","0","0","0","0","0","0","0","0","0","0","0","0","0","0","0","0","0","0","0","4","0","40.0255","-75.1254","","CRASH_2001_Philadelphia"
"2001214220","06","67","67301","67301","2001","02","3","1255","12","1","1","0","4","1","","","N","01","3","00","3","0","3","3","3","N","N","40 00:59.839","75 05:10.881","9999","","9999","","0","","N","","3 ","","","","","","","","","","3","1","0","0","0","0","0","1","0","0","0","3","3","0","0","0","0","0","0","0","0","0","0","0","0","0","0","0","0","0","0","0","0","0","0","4","0","40.0166","-75.0864","","CRASH_2001_Philadelphia"
"2001216924","06","67","67301","67301","2001","03","7","1700","17","1","1","0","4","1","","","N","01","2","00","3","0","0","2","2","N","N","40 00:44.280","75 03:30.600","9999","","9999","","0","","N","","3 ","","","","","","","","","","2","1","0","0","0","0","0","0","0","0","0","0","0","0","0","0","0","0","0","0","0","0","0","0","0","0","0","0","0","0","0","0","0","0","0","0","0","40.0125","-75.0582","","CRASH_2001_Philadelphia"
"2001240225","06","67","67301","67301","2001","04","7","1035","10","1","1","0","5","1","","","N","00","0","00","3","0","1","2","2","N","N","","","9999","","9999","","0","","N","","0 ","","","","","","","","","","2","1","0","0","0","0","0","0","0","0","0","1","1","0","0","0","0","0","0","0","0","0","0","1","0","0","0","0","0","0","0","0","0","0","0","4","0","","","","CRASH_2001_Philadelphia"
"2001243436","06","67","67301","67301","2001","05","4","0930","09","1","1","0","8","1","","","N","00","0","00","3","0","1","2","2","N","N","","","9999","","9999","","0","","N","","0 ","","","","","","","","","","1","1","0","0","0","0","0","0","0","0","0","1","1","0","0","0","0","0","0","0","0","0","1","0","0","0","0","0","0","0","0","0","1","0","0","4","0","","","","CRASH_2001_Philadelphia"
"2001208971","06","67","67301","67301","2001","01","1","1846","18","3","1","0","1","1","","","N","01","3","00","3","0","1","3","3","N","N","","","9999","","9999","","0","","N","","3 ","","","","","","","","","","2","2","0","0","0","0","0","0","0","0","1","0","1","0","0","0","0","0","0","0","0","0","0","0","0","0","0","0","0","0","0","0","1","0","0","3","0","","","","CRASH_2001_Philadelphia"
"2001216896","06","67","67301","67301","2001","03","4","1720","17","1","1","0","4","1","","","N","10","3","00","3","0","1","2","2","N","N","","","9999","","9999","","0","","N","","3 ","","","","","","","","","","2","1","0","0","0","0","1","0","0","0","0","0","0","0","1","0","0","0","0","0","0","0","0","0","0","0","0","0","0","0","0","0","0","0","0","9","0","","","","CRASH_2001_Philadelphia"
"2001231187","06","67","67301","67301","2001","03","3","1123","11","1","1","0","1","1","","","N","00","0","00","3","0","2","4","3","N","N","39 57:23.760","75 09:14.040","9999","","9999","","0","","N","","0 ","","","","","","","","","","3","3","0","0","0","0","0","0","0","0","0","0","0","0","2","0","0","0","0","0","2","0","1","0","0","0","0","0","0","0","0","0","0","0","0","9","0","39.9568","-75.1539","","CRASH_2001_Philadelphia"
"2001239098","06","67","67301","67301","2001","04","2","2255","22","3","1","0","4","1","","","N","01","3","00","3","0","1","2","2","N","N","","","9999","","9999","","0","","N","","3 ","","","","","","","","","","2","0","1","0","1","0","0","0","0","1","0","0","1","0","0","0","0","0","0","0","0","0","0","0","0","0","0","0","0","1","0","0","0","0","0","2","0","","","","CRASH_2001_Philadelphia"
"2001007254","06","67","67301","67301","2001","06","5","1430","14","1","1","0","1","1","","","N","01","0","00","3","0","1","3","2","N","N","40 04:40.881","75 01:24.390","1500","","1453","","0","","N","","0 ","","","","","","","","","","2","1","0","0","1","0","0","0","0","0","0","1","1","0","0","0","0","0","0","0","0","0","0","0","0","0","0","0","0","0","0","0","0","0","0","4","0","40.0781","-75.0236","","CRASH_2001_Philadelphia"
"2001019509","06","67","67301","67301","2001","08","3","0400","04","3","1","0","5","1","","","N","02","0","00","3","0","3","3","2","N","N","40 03:22.525","75 10:03.232","0405","","0400","","0","","Y","","0 ","","","","","","","","","","2","2","0","0","0","0","0","0","0","0","0","3","3","0","0","0","1","0","0","0","0","0","0","0","0","0","0","0","0","0","0","0","0","0","0","4","0","40.0562","-75.1675","","CRASH_2001_Philadelphia"
"2001204693","06","67","67301","67301","2001","01","4","1657","16","4","1","1","8","1","","","N","10","0","00","3","0","1","3","2","N","N","","","9999","","9999","","0","","N","","0 ","","","","","","","","","","1","1","0","0","0","0","0","0","0","0","1","0","1","0","0","0","0","0","0","0","1","0","0","0","0","0","0","0","0","0","0","0","1","0","0","3","0","","","","CRASH_2001_Philadelphia"
"2001207578","06","67","67301","67301","2001","01","3","0715","07","1","1","0","8","1","1","8","Y","02","2","00","3","0","1","2","2","N","N","39 56:44.880","75 11:54.240","9999","99","9999","","0","","N","","3 ","","U","","","U","","","","","1","0","0","0","0","0","0","0","0","0","0","1","1","0","0","0","0","0","0","0","0","0","0","0","0","0","0","0","0","0","0","0","1","0","0","4","0","39.9461","-75.1985","","CRASH_2001_Philadelphia"
"2001215708","06","67","67301","67301","2001","02","2","0730","07","1","9","9","8","1","","","N","01","3","00","3","0","1","2","2","N","N","40 02:17.715","75 08:41.264","9999","","9999","","0","","N","","3 ","","","","","","","","","","1","0","0","0","0","0","0","0","0","0","0","1","1","0","0","0","0","0","0","0","0","0","0","0","0","0","0","0","0","0","0","0","1","0","0","4","0","40.0383","-75.1448","","CRASH_2001_Philadelphia"
"2001207574","06","67","67301","67301","2001","01","3","1800","18","3","1","1","8","1","","","N","00","0","00","3","0","1","2","2","N","N","40 00:08.640","75 05:45.240","9999","","9999","","0","","N","","0 ","","","","","","","","","","1","1","0","0","0","0","0","0","0","0","0","1","1","0","0","0","0","0","0","0","0","0","0","0","0","0","0","0","0","0","0","0","1","0","0","4","0","40.0024","-75.0959","","CRASH_2001_Philadelphia"
"2001210689","06","67","67301","67301","2001","02","3","1410","14","1","1","1","4","1","","","N","01","2","00","3","0","1","4","2","N","N","","","9999","","9999","","0","","N","","3 ","","","","","","","","","","2","1","0","0","1","0","0","0","0","0","1","0","1","0","0","0","0","0","0","1","1","0","0","0","0","0","0","0","0","0","0","0","0","0","0","3","0","","","","CRASH_2001_Philadelphia"
"2001214322","06","67","67301","67301","2001","02","1","1200","12","1","1","0","9","1","","","N","00","0","00","3","0","0","1","2","N","N","40 01:26.040","75 07:53.760","9999","","9999","","0","","N","","0 ","","","","","","","","","","2","1","0","0","0","0","0","0","0","0","0","0","0","0","0","0","0","0","0","0","0","0","0","0","0","0","0","0","0","0","0","0","0","0","0","0","0","40.0239","-75.1318","","CRASH_2001_Philadelphia"
"2001223798","06","67","67301","67301","2001","03","6","2046","20","3","2","1","8","1","","","N","01","2","00","3","0","1","2","2","N","N","39 56:27.034","75 12:45.005","9999","","9999","","0","","N","","3 ","","","","","","","","","","1","1","0","0","0","0","0","0","0","0","1","0","1","0","0","0","0","0","0","0","0","0","0","0","0","0","0","0","0","0","0","0","1","0","0","3","0","39.9408","-75.2125","","CRASH_2001_Philadelphia"
"2001007259","06","67","67301","06301","2001","06","6","1900","19","1","2","1","1","1","","","N","02","2","00","3","0","0","4","2","N","N","39 54:47.867","75 13:18.906","1935","","1914","","0","","Y","","3 ","","","","","","","","","","2","2","0","0","0","0","0","0","0","0","0","0","0","0","0","0","0","0","0","0","0","0","0","0","0","0","0","0","0","0","0","0","0","0","0","0","0","39.9126","-75.2219","","CRASH_2001_Philadelphia"
"2001233162","06","67","67301","67301","2001","04","2","1320","13","1","1","0","1","1","","","N","00","0","00","3","0","2","4","3","N","N","40 06:50.400","74 59:20.040","9999","","9999","","0","","N","","0 ","","","","","","","","","","3","2","0","0","0","0","0","1","0","0","1","1","2","0","0","0","0","0","0","0","1","0","0","0","0","0","0","0","0","0","0","0","0","0","0","3","0","40.1138","-74.9889","","CRASH_2001_Philadelphia"
"2001233185","06","67","67301","67301","2001","04","6","1325","13","1","2","1","4","1","","","N","01","2","00","3","0","0","3","2","N","N","40 03:20.430","75 03:32.144","9999","","9999","","0","","N","","3 ","","","","","","","","","","2","2","0","0","0","0","0","0","0","0","0","0","0","0","0","0","0","0","0","0","0","0","1","0","0","0","0","0","0","0","0","0","0","0","0","0","0","40.0557","-75.0589","","CRASH_2001_Philadelphia"
"2001234145","06","67","67301","67501","2001","04","7","1708","17","1","1","0","1","1","","","N","00","0","03","3","0","0","9","4","N","N","","","9999","","9999","","0","","N","","0 ","","","","","","","","","","4","0","0","0","2","0","2","0","0","0","0","0","0","0","0","0","0","0","0","0","1","0","0","1","0","0","0","0","0","0","0","0","0","0","0","0","0","","","","CRASH_2001_Philadelphia"
"2001240090","06","67","67301","67301","2001","04","2","1550","15","1","1","0","8","1","","","N","01","0","00","3","0","1","2","2","N","N","40 02:44.368","75 09:00.561","9999","","9999","","0","","N","","0 ","","","","","","","","","","1","1","0","0","0","0","0","0","0","0","0","0","0","0","1","0","0","0","0","0","0","0","0","0","0","0","0","0","0","0","0","0","1","0","0","9","0","40.0457","-75.1502","","CRASH_2001_Philadelphia"
"2001240199","06","67","67301","67301","2001","04","3","1849","18","4","2","1","4","1","","","N","01","3","00","3","0","1","2","2","N","N","","","9999","","9999","","0","","N","","3 ","","","","","","","","","","1","0","0","0","0","0","0","1","1","0","0","1","1","0","0","0","0","0","0","0","1","0","0","0","0","0","0","0","0","0","0","0","0","0","0","4","0","","","","CRASH_2001_Philadelphia"
"2001240953","06","67","67301","67301","2001","04","5","0810","08","1","2","1","7","1","","","N","01","3","00","3","0","2","3","2","N","N","","","9999","","9999","","0","","N","","3 ","","","","","","","","","","2","2","0","0","0","0","0","0","0","0","0","2","2","0","0","0","0","0","0","0","0","0","0","0","0","0","0","0","0","0","0","0","0","0","0","4","0","","","","CRASH_2001_Philadelphia"
"2001243565","06","67","67301","67301","2001","04","6","2009","20","3","1","0","4","1","","","N","01","2","00","3","0","1","3","4","N","N","","","9999","","9999","","0","","N","","3 ","","","","","","","","","","3","2","0","0","0","0","0","0","0","0","1","0","1","0","0","0","0","0","0","0","1","0","0","0","0","0","0","0","0","0","0","0","1","0","0","3","0","","","","CRASH_2001_Philadelphia"
"2001007187","06","67","67301","67301","2001","07","5","0725","07","1","1","0","5","2","","","N","00","0","00","3","0","0","2","2","N","N","40 01:58.002","75 12:52.715","0740","","0730","","0","","N","","0 ","","","","","","","","","","2","2","0","0","0","0","0","0","0","0","0","0","0","0","0","0","0","0","0","0","0","0","0","1","0","0","0","0","0","0","0","0","0","0","0","0","0","40.0328","-75.2145","","CRASH_2001_Philadelphia"
"2001019603","06","67","67301","67301","2001","05","7","1223","12","1","2","1","4","1","","","N","01","2","00","3","0","1","2","2","N","N","40 01:25.463","75 12:27.940","1228","","1225","","0","","Y","","3 ","","","","","","","","","","2","2","0","0","0","0","0","0","0","0","1","0","1","0","0","0","0","0","0","0","0","0","0","0","0","0","0","0","0","0","0","0","0","0","0","3","0","40.0237","-75.2078","","CRASH_2001_Philadelphia"
"2001211727","06","67","67301","67301","2001","02","6","0820","08","1","1","0","1","1","","","N","00","0","00","3","0","1","2","2","N","N","","","9999","","9999","","0","","N","","0 ","","","","","","","","","","2","2","0","0","0","0","0","0","0","0","1","0","1","0","0","0","0","0","0","0","0","0","0","0","0","0","0","0","0","0","0","0","0","0","0","3","0","","","","CRASH_2001_Philadelphia"
"2001215580","06","67","67301","67301","2001","02","7","1700","17","4","1","0","8","1","","","N","01","2","00","3","0","1","2","2","N","N","39 57:37.080","75 08:19.680","9999","","9999","","0","","N","","3 ","","","","","","","","","","1","0","0","0","0","0","0","0","0","0","0","1","1","0","0","0","0","0","0","0","0","0","0","0","0","0","0","0","0","0","0","0","1","0","0","4","0","39.9603","-75.1389","","CRASH_2001_Philadelphia"
"2001233348","06","67","67301","67301","2001","03","1","0502","05","3","1","0","9","1","","","N","00","0","00","3","0","0","1","2","N","N","","","9999","","9999","","0","","N","","0 ","","","","","","","","","","2","1","0","0","0","0","0","0","0","0","0","0","0","0","0","0","0","0","0","0","0","0","0","0","0","0","0","0","0","0","0","0","0","0","0","0","0","","","","CRASH_2001_Philadelphia"
"2001239031","06","67","67301","67301","2001","04","3","0744","07","1","1","0","4","1","","","N","00","0","00","3","0","1","6","2","N","N","39 59:38.760","75 06:40.680","9999","","9999","","0","","N","","0 ","","","","","","","","","","2","1","1","0","0","0","0","0","0","0","0","1","1","0","0","0","0","0","0","0","1","0","0","0","0","0","0","0","0","0","0","0","0","0","0","4","0","39.9941","-75.1113","","CRASH_2001_Philadelphia"
"2001207555","06","67","67301","67301","2001","01","7","2022","20","3","1","0","1","1","","","N","01","2","00","3","0","2","3","2","N","N","40 01:36.480","75 07:02.280","9999","","9999","","0","","N","","3 ","","","","","","","","","","2","1","0","0","0","0","0","0","0","0","0","1","1","0","1","0","0","0","0","0","0","0","0","0","0","0","0","0","0","0","0","0","0","0","0","4","0","40.0268","-75.117","","CRASH_2001_Philadelphia"
"2001214330","06","67","67301","67301","2001","02","6","1220","12","1","4","1","4","1","","","N","01","2","00","3","0","3","4","2","N","N","40 00:20.520","75 05:56.400","9999","","9999","","0","","N","","3 ","","","","","","","","","","2","2","0","0","0","0","0","0","0","0","0","3","3","0","0","0","0","0","0","0","0","0","1","0","0","0","0","0","0","0","0","0","0","0","0","4","0","40.0057","-75.099","","CRASH_2001_Philadelphia"
"2001215565","06","67","67301","67301","2001","03","7","0230","02","3","1","0","1","1","","","N","01","2","00","3","0","0","2","2","N","N","39 57:28.800","75 14:00.600","9999","","9999","","0","","N","","3 ","","","","","","","","","","2","2","0","0","0","0","0","0","0","0","0","0","0","0","0","0","0","0","0","0","0","0","0","0","0","0","0","0","0","0","0","0","0","0","0","0","0","39.9579","-75.2335","","CRASH_2001_Philadelphia"
"2001215663","06","67","67301","67301","2001","02","5","1358","13","1","4","3","5","1","","","N","01","2","00","3","0","1","2","2","N","N","40 00:49.975","75 07:33.617","9999","","9999","","0","","N","","3 ","","","","","","","","","","2","2","0","0","0","0","0","0","0","0","0","1","1","0","0","0","0","0","0","1","0","0","0","0","0","0","0","0","0","0","0","0","0","0","0","4","0","40.0139","-75.126","","CRASH_2001_Philadelphia"
"2001240951","06","67","67301","67301","2001","04","1","1233","12","1","1","0","4","1","","","N","01","2","00","3","0","3","6","2","N","N","40 02:19.838","75 10:17.839","9999","","9999","","0","","N","","3 ","","","","","","","","","","2","0","0","1","1","0","0","0","0","0","0","3","3","0","0","0","0","0","0","0","0","0","0","0","0","0","0","0","0","0","0","0","0","0","0","4","1","40.0388","-75.1716","","CRASH_2001_Philadelphia"
"2001213130","06","67","67301","67301","2001","02","6","1624","16","1","2","1","1","1","","","N","02","2","00","3","0","2","3","3","N","N","40 01:10.200","75 05:45.960","9999","","9999","","0","","N","","3 ","","","","","","","","","","3","1","0","0","0","0","0","0","0","0","0","2","2","0","0","0","0","0","0","0","0","0","0","0","0","0","0","0","0","0","0","0","0","0","0","4","0","40.0199","-75.0956","","CRASH_2001_Philadelphia"
"2001233474","06","67","67301","67301","2001","03","4","0430","04","2","1","0","9","1","","","N","00","0","00","3","0","1","1","2","N","N","","","9999","","9999","","0","","N","","0 ","","","","","","","","","","2","1","0","0","0","0","0","0","0","0","0","0","0","0","1","0","0","0","0","0","0","0","0","0","0","0","0","0","0","0","0","0","0","0","0","9","0","","","","CRASH_2001_Philadelphia"
"2001239003","06","67","67301","67301","2001","04","7","1722","17","3","1","0","4","1","","","N","01","2","00","3","0","1","3","3","N","N","40 01:57.154","75 07:27.076","9999","","9999","","0","","N","","3 ","","","","","","","","","","3","2","0","0","1","0","0","0","0","1","0","0","1","0","0","0","0","0","0","0","2","0","1","0","0","0","0","0","0","0","0","0","0","0","0","2","0","40.0325","-75.1242","","CRASH_2001_Philadelphia"
"2001207479","06","67","67301","67301","2001","01","7","1100","11","1","3","1","4","1","","","N","02","2","00","3","0","0","5","2","N","N","39 59:15.720","75 12:58.320","9999","","9999","","0","","N","","3 ","","","","","","","","","","2","2","0","0","0","0","0","0","0","0","0","0","0","0","0","0","0","0","0","0","1","0","0","0","0","0","0","0","0","0","0","0","0","0","0","0","0","39.9877","-75.2161","","CRASH_2001_Philadelphia"
"2001209037","06","67","67301","67301","2001","01","7","0430","04","3","2","1","9","1","","","N","00","0","00","3","0","0","1","3","N","N","","","9999","","9999","","0","","N","","0 ","","","","","","","","","","3","1","0","0","0","0","0","0","0","0","0","0","0","0","0","0","0","0","0","0","0","0","0","0","0","0","0","0","0","0","0","0","0","0","0","0","0","","","","CRASH_2001_Philadelphia"