"CRN","DISTRICT","COUNTY","MUNICIPALITY","POLICE_AGCY","CRASH_YEAR","CRASH_MONTH","DAY_OF_WEEK","TIME_OF_DAY","HOUR_OF_DAY","ILLUMINATION","WEATHER","ROAD_CONDITION","COLLISION_TYPE","RELATION_TO_ROAD","WORK_ZONE_TYPE","WORK_ZONE_LOC","WORK_ZONE_IND","INTERSECT_TYPE","TCD_TYPE","LOCATION_TYPE","URBAN_RURAL","FATAL_COUNT","INJURY_COUNT","PERSON_COUNT","TOTAL_UNITS","SCH_BUS_IND","SCH_ZONE_IND","LATITUDE","LONGITUDE","ARRIVAL_TM","CONS_ZONE_SPD_LIM","DISPATCH_TM","EST_HRS_CLOSED","LANE_CLOSED","LN_CLOSE_DIR","NTFY_HIWY_MAINT","SPEC_JURIS_CD","TCD_FUNC_CD","TFC_DETOUR_IND","WORKERS_PRES","WZ_CLOSE_DETOUR","WZ_FLAGGER","WZ_LAW_OFFCR_IND","WZ_LN_CLOSURE","WZ_MOVING","WZ_OTHER","WZ_SHLDER_MDN","VEHICLE_COUNT","AUTOMOBILE_COUNT","MOTORCYCLE_COUNT","BUS_COUNT","SMALL_TRUCK_COUNT","HEAVY_TRUCK_COUNT","SUV_COUNT","VAN_COUNT","BICYCLE_COUNT","MAJ_INJ_COUNT","MOD_INJ_COUNT","MIN_INJ_COUNT","TOT_INJ_COUNT","UNK_INJ_DEG_COUNT","UNK_INJ_PER_COUNT","DRIVER_COUNT_16YR","DRIVER_COUNT_17YR","DRIVER_COUNT_18YR","DRIVER_COUNT_19YR","DRIVER_COUNT_20YR","DRIVER_COUNT_50_64YR","DRIVER_COUNT_65_74YR","DRIVER_COUNT_75PLUS","UNBELTED_OCC_COUNT","UNB_DEATH_COUNT","UNB_MAJ_INJ_COUNT","BELTED_DEATH_COUNT","BELTED_MAJ_INJ_COUNT","MCYCLE_DEATH_COUNT","MCYCLE_MAJ_INJ_COUNT","BICYCLE_DEATH_COUNT","BICYCLE_MAJ_INJ_COUNT","PED_COUNT","PED_DEATH_COUNT","PED_MAJ_INJ_COUNT","MAX_SEVERITY_LEVEL","COMM_VEH_COUNT","DEC_LAT","DEC_LONG","RDWY_SURF_TYPE_CD","COUNTY_YEAR"
"2001210585","06","67","67301","67301","2001","02","5","0746","07","1","1","0","4","1","","","N","01","3","00","3","0","2","2","2","N","N","","","9999","","9999","","0","","N","","3 ","","","","","","","","","","2","2","0","0","0","0","0","0","0","0","0","2","2","0","0","0","0","0","0","0","0","0","0","0","0","0","0","0","0","0","0","0","0","0","0","4","0","","","","CRASH_2001_Philadelphia"
"2001211509","06","67","67301","67301","2001","02","6","0709","07","1","1","1","7","2","","","N","00","0","00","3","0","1","1","1","N","N","40 01:54.840","75 11:34.440","9999","","9999","","0","","N","","0 ","","","","","","","","","","1","1","0","0","0","0","0","0","0","1","0","0","1","0","0","0","0","0","0","0","0","0","0","0","0","0","0","0","0","0","0","0","0","0","0","2","0","40.032","-75.1929","","CRASH_2001_Philadelphia"
"2001239042","06","67","67301","67301","2001","04","5","0815","08","1","2","1","9","1","","","N","00","0","00","3","0","1","1","2","N","N","","","9999","","9999","","0","","N","","0 ","","","","","","","","","","2","1","0","0","0","0","0","0","0","0","0","1","1","0","0","0","0","0","0","0","0","0","0","0","0","0","0","0","0","0","0","0","0","0","0","4","0","","","","CRASH_2001_Philadelphia"
"2001243110","06","67","67301","67301","2001","03","2","0147","01","3","1","0","4","1","","","N","01","2","00","3","0","1","2","2","N","N","40 03:27.720","75 02:54.960","9999","","9999","","0","","N","","3 ","","","","","","","","","","2","2","0","0","0","0","0","0","0","0","0","1","1","0","0","0","0","0","0","0","0","0","0","0","0","0","0","0","0","0","0","0","0","0","0","4","0","40.0577","-75.0486","","CRASH_2001_Philadelphia"
"2001204526","06","67","67301","67301","2001","01","2","1050","10","1","1","6","7","1","","","N","01","2","00","3","0","1","1","1","N","N","","","9999","","9999","","0","","N","","3 ","","","","","","","","","","1","1","0","0","0","0","0","0","0","0","0","1","1","0","0","0","0","0","0","0","0","0","0","0","0","0","0","0","0","0","0","0","0","0","0","4","0","","","","CRASH_2001_Philadelphia"
"2001207361","06","67","67301","67301","2001","01","3","1638","16","1","1","1","4","1","","","N","01","2","00","3","0","0","2","2","N","N","","","9999","","9999","","0","","N","","3 ","","","","","","","","","","2","2","0","0","0","0","0","0","0","0","0","0","0","0","0","0","0","0","0","0","0","0","1","0","0","0","0","0","0","0","0","0","0","0","0","0","0","","","","CRASH_2001_Philadelphia"
"2001209064","06","67","67301","67301","2001","01","2","1510","15","1","1","0","8","1","","","N","00","0","00","3","0","1","2","2","N","N","39 59:58.200","75 05:57.120","9999","","9999","","0","","N","","0 ","","","","","","","","","","1","1","0","0","0","0","0","0","0","0","0","0","0","0","1","0","0","0","0","0","0","0","0","0","0","0","0","0","0","0","0","0","1","0","0","9","0","39.9995","-75.0993","","CRASH_2001_Philadelphia"
"2001214298","06","67","67301","67301","2001","02","5","1840","18","3","4","3","4","1","","","N","01","3","00","3","0","0","2","2","N","N","","","9999","","9999","","0","","N","","3 ","","","","","","","","","","2","2","0","0","0","0","0","0","0","0","0","0","0","0","0","0","0","0","1","0","0","0","0","0","0","0","0","0","0","0","0","0","0","0","0","0","0","","","","CRASH_2001_Philadelphia"
"2001233422","06","67","67301","67301","2001","03","5","1850","18","3","2","1","9","1","","","N","00","0","00","3","0","1","2","3","N","N","40 00:20.160","75 11:00.960","9999","","9999","","0","","N","","0 ","","","","","","","","","","3","1","0","0","0","0","0","1","0","0","0","0","0","0","1","0","0","0","0","0","1","0","0","0","0","0","0","0","0","0","0","0","0","0","0","9","0","40.0055","-75.1835","","CRASH_2001_Philadelphia"
"2001244664","06","67","67301","67301","2001","05","1","0300","03","3","1","0","4","1","","","N","01","2","00","3","0","3","3","2","N","N","","","9999","","9999","","0","","N","","3 ","","","","","","","","","","2","1","0","0","0","0","1","0","0","2","1","0","3","0","0","0","0","0","0","0","0","0","0","0","0","0","0","0","0","0","0","0","0","0","0","2","0","","","","CRASH_2001_Philadelphia"
"2001007400","06","67","67301","67301","2001","06","5","1723","17","1","1","0","1","1","","","N","03","0","00","3","0","1","4","3","N","N","39 58:11.669","75 11:17.602","1732","","1728","","0","","N","","0 ","","","","","","","","","","3","2","0","0","0","0","1","0","0","0","0","0","1","1","0","0","0","0","0","0","0","0","0","3","0","0","0","0","0","0","0","0","0","0","0","8","0","39.9699","-75.1882","","CRASH_2001_Philadelphia"
"2001010292","06","67","67301","67301","2001","06","2","0624","06","1","1","0","5","6","","","N","00","0","00","3","0","0","1","3","N","N","","","0637","","0629","","0","","N","","0 ","","","","","","","","","","3","1","0","0","1","0","0","0","0","0","0","0","0","0","0","0","0","0","0","0","0","0","0","1","0","0","0","0","0","0","0","0","0","0","0","0","0","","","","CRASH_2001_Philadelphia"
"2001206213","06","67","67301","67301","2001","01","6","1619","16","1","2","1","8","1","","","N","05","2","02","3","0","1","3","2","N","N","39 57:00.360","75 08:43.440","9999","","9999","","0","","N","","3 ","","","","","","","","","","1","0","0","0","0","0","1","0","0","0","0","1","1","0","0","0","0","0","0","0","0","0","0","0","0","0","0","0","0","0","0","0","1","0","0","4","0","39.9502","-75.1456","","CRASH_2001_Philadelphia"
"2001207624","06","67","67301","67301","2001","01","3","1720","17","2","1","0","4","1","","","N","01","2","00","3","0","0","2","2","N","N","40 01:12.720","75 08:56.040","9999","","9999","","0","","N","","3 ","","","","","","","","","","2","1","0","0","0","0","1","0","0","0","0","0","0","0","0","0","0","0","0","0","0","0","0","0","0","0","0","0","0","0","0","0","0","0","0","0","0","40.0201","-75.1488","","CRASH_2001_Philadelphia"
"2001233092","06","67","67301","67301","2001","04","4","1210","12","1","1","0","5","1","","","N","00","0","00","3","0","1","2","2","N","N","","","9999","","9999","","0","","N","","0 ","","","","","","","","","","1","1","0","0","0","0","0","0","1","0","0","0","0","0","1","0","0","0","0","0","0","0","0","0","0","0","0","0","0","0","0","0","0","0","0","9","0","","","","CRASH_2001_Philadelphia"
"2001248741","06","67","67301","67301","2001","05","1","0626","06","5","1","0","9","1","","","N","00","0","00","3","0","0","1","4","N","N","40 01:18.480","75 08:55.320","9999","","9999","","0","","N","","0 ","","","","","","","","","","4","1","0","0","0","0","0","0","0","0","0","0","0","0","0","0","0","0","0","0","1","0","0","0","0","0","0","0","0","0","0","0","0","0","0","0","0","40.0216","-75.1485","","CRASH_2001_Philadelphia"
"2001204510","06","67","67301","67301","2001","01","5","1800","18","3","1","3","4","1","","","N","02","9","00","3","0","5","6","2","N","N","","","9999","","9999","","0","","N","","9 ","","","","","","","","","","2","1","0","0","1","0","0","0","0","0","0","5","5","0","0","0","0","0","0","0","0","0","0","0","0","0","0","0","0","0","0","0","0","0","0","4","0","","","","CRASH_2001_Philadelphia"
"2001208952","06","67","67301","67301","2001","01","5","0330","03","3","1","0","9","1","","","N","00","0","00","3","0","0","1","5","N","N","","","9999","","9999","","0","","N","","0 ","","","","","","","","","","5","1","0","0","0","0","0","0","0","0","0","0","0","0","0","0","0","0","0","0","0","0","0","0","0","0","0","0","0","0","0","0","0","0","0","0","0","","","","CRASH_2001_Philadelphia"
"2001223935","06","67","67301","67301","2001","03","1","0259","02","3","1","0","4","1","","","N","00","0","07","3","0","2","6","2","N","N","39 57:37.080","75 08:19.680","9999","","9999","","0","","N","","0 ","","","","","","","","","","2","2","0","0","0","0","0","0","0","0","0","2","2","0","0","0","0","0","0","0","0","0","0","0","0","0","0","0","0","0","0","0","0","0","0","4","0","39.9603","-75.139","","CRASH_2001_Philadelphia"
"2001248827","06","67","67301","67301","2001","05","1","1420","14","1","1","0","4","1","","","N","01","2","00","3","0","1","3","2","N","N","40 01:04.800","75 08:58.200","9999","","9999","","0","","N","","3 ","","","","","","","","","","2","2","0","0","0","0","0","0","0","0","0","1","1","0","0","0","0","0","0","0","0","0","0","0","0","0","0","0","0","0","0","0","0","0","0","4","0","40.0179","-75.1494","","CRASH_2001_Philadelphia"
"2001211497","06","67","67301","67301","2001","02","5","2136","21","3","2","0","4","1","","","N","01","1","00","3","0","1","4","2","N","N","40 04:07.262","75 09:24.365","9999","","9999","","0","","N","","3 ","","","","","","","","","","2","2","0","0","0","0","0","0","0","0","0","0","0","0","1","0","0","0","0","0","0","0","0","0","0","0","0","0","0","0","0","0","0","0","0","9","0","40.0687","-75.1568","","CRASH_2001_Philadelphia"
"2001215534","06","67","67301","67301","2001","03","7","9999","99","1","1","0","5","1","","","N","00","0","00","3","0","1","3","2","N","N","39 57:26.280","75 12:07.200","9999","","9999","","0","","N","","0 ","","","","","","","","","","2","1","0","0","0","0","0","1","0","0","0","1","1","0","0","0","0","0","0","0","1","0","0","0","0","0","0","0","0","0","0","0","0","0","0","4","0","39.9572","-75.202","","CRASH_2001_Philadelphia"
"2001231089","06","67","67301","67301","2001","03","6","1645","16","1","2","1","1","1","","","N","05","2","00","3","0","1","2","2","N","N","39 54:41.040","75 14:33.360","9999","","9999","","0","","N","","3 ","","","","","","","","","","2","2","0","0","0","0","0","0","0","0","0","1","1","0","0","0","0","0","0","0","0","0","0","1","0","0","0","0","0","0","0","0","0","0","0","4","0","39.9113","-75.2428","","CRASH_2001_Philadelphia"
"2001244897","06","67","67301","67301","2001","05","7","1800","18","1","1","0","8","1","","","N","02","3","00","3","0","1","2","2","N","N","","","9999","","9999","","0","","N","","3 ","","","","","","","","","","1","1","0","0","0","0","0","0","0","0","0","1","1","0","0","0","0","0","0","0","0","0","0","0","0","0","0","0","0","0","0","0","1","0","0","4","0","","","","CRASH_2001_Philadelphia"
"2001204575","06","67","67301","67301","2001","01","3","1931","19","3","1","9","4","1","","","N","01","2","00","3","0","0","2","2","N","N","40 04:14.520","75 14:28.320","9999","","9999","","0","","N","","3 ","","","","","","","","","","2","1","0","0","0","0","0","1","0","0","0","0","0","0","0","0","0","0","0","0","0","0","0","0","0","0","0","0","0","0","0","0","0","0","0","0","0","40.0709","-75.2413","","CRASH_2001_Philadelphia"
"2001223776","06","67","67301","67301","2001","03","1","1110","11","1","1","0","4","1","","","N","01","3","00","3","0","0","2","2","N","N","","","9999","","9999","","0","","N","","3 ","","","","","","","","","","2","2","0","0","0","0","0","0","0","0","0","0","0","0","0","0","0","0","0","0","1","0","0","0","0","0","0","0","0","0","0","0","0","0","0","0","0","","","","CRASH_2001_Philadelphia"
"2001210717","06","67","67301","67301","2001","02","6","0650","06","1","1","0","7","1","","","N","00","0","01","3","0","2","2","1","N","N","40 00:55.080","75 05:06.720","9999","","9999","","0","","N","","0 ","","","","","","","","","","1","1","0","0","0","0","0","0","0","0","0","2","2","0","0","0","0","1","0","0","0","0","0","0","0","0","0","0","0","0","0","0","0","0","0","4","0","40.0152","-75.0851","","CRASH_2001_Philadelphia"
"2001231115","06","67","67301","67301","2001","03","2","1905","19","3","1","0","1","1","","","N","00","0","00","3","0","1","2","2","N","N","","","9999","","9999","","0","","N","","0 ","","","","","","","","","","2","2","0","0","0","0","0","0","0","0","1","0","1","0","0","0","0","0","0","0","0","0","0","0","0","0","0","0","0","0","0","0","0","0","0","3","0","","","","CRASH_2001_Philadelphia"
"2001233250","06","67","67301","67301","2001","04","2","1653","16","1","1","0","4","1","","","N","01","2","00","3","0","1","2","2","N","N","39 59:16.440","75 09:20.880","9999","","9999","","0","","N","","3 ","","","","","","","","","","2","2","0","0","0","0","0","0","0","0","0","1","1","0","0","0","0","0","0","0","1","0","0","0","0","0","0","0","0","0","0","0","0","0","0","4","0","39.9879","-75.1558","","CRASH_2001_Philadelphia"
"2001238061","06","67","67301","67301","2001","04","7","2315","23","3","1","0","9","1","","","N","00","0","00","3","0","0","6","4","N","N","","","9999","","9999","","0","","N","","0 ","","","","","","","","","","4","1","0","0","0","0","0","0","0","0","0","0","0","0","0","0","0","0","0","0","0","0","0","0","0","0","0","0","0","0","0","0","0","0","0","0","0","","","","CRASH_2001_Philadelphia"
"2001204573","06","67","67301","67301","2001","01","2","1415","14","1","1","0","1","1","","","N","00","0","07","3","0","0","3","3","N","N","","","9999","","9999","","0","","N","","0 ","","","","","","","","","","3","1","0","0","0","0","0","2","0","0","0","0","0","0","0","0","0","0","0","0","1","0","0","0","0","0","0","0","0","0","0","0","0","0","0","0","0","","","","CRASH_2001_Philadelphia"
"2001213093","06","67","67301","67301","2001","02","7","2120","21","3","1","0","1","1","","","N","02","2","00","3","0","1","2","2","N","N","39 57:11.160","75 14:55.680","9999","","9999","","0","","N","","3 ","","","","","","","","","","2","1","0","0","0","0","0","0","0","0","1","0","1","0","0","0","0","0","0","0","0","0","1","0","0","0","0","0","0","0","0","0","0","0","0","3","0","39.9531","-75.2487","","CRASH_2001_Philadelphia"
"2001215589","06","67","67301","67301","2001","02","7","1330","13","1","1","0","4","1","","","N","01","2","00","3","0","1","3","2","N","N","39 56:32.640","75 13:08.760","9999","","9999","","0","","N","","3 ","","","","","","","","","","2","0","0","0","0","0","1","1","0","0","0","0","0","0","1","0","0","0","0","0","1","0","0","0","0","0","0","0","0","0","0","0","0","0","0","9","0","39.9423","-75.2192","","CRASH_2001_Philadelphia"
"2001217027","06","67","67301","67301","2001","03","5","1825","18","3","2","1","8","1","","","N","00","0","00","3","0","1","2","2","N","N","","","9999","","9999","","0","","N","","0 ","","","","","","","","","","1","1","0","0","0","0","0","0","0","0","1","0","1","0","0","0","0","0","0","0","0","0","0","0","0","0","0","0","0","0","0","0","1","0","0","3","0","","","","CRASH_2001_Philadelphia"
"2001233147","06","67","67301","67301","2001","04","5","1822","18","1","1","0","1","1","","","N","00","0","00","3","0","1","3","2","N","N","40 01:00.120","75 05:01.680","9999","","9999","","0","","N","","0 ","","","","","","","","","","2","2","0","0","0","0","0","0","0","0","0","1","1","0","0","0","0","1","0","0","0","0","0","0","0","0","0","0","0","0","0","0","0","0","0","4","0","40.0167","-75.0838","","CRASH_2001_Philadelphia"
"2001233172","06","67","67301","67301","2001","04","2","1119","11","1","1","0","1","1","","","N","07","0","02","3","0","1","2","2","N","N","40 00:32.400","75 12:15.480","9999","","9999","","0","","N","","0 ","","","","","","","","","","2","2","0","0","0","0","0","0","0","0","0","0","0","0","1","0","0","1","0","0","0","0","0","0","0","0","0","0","0","0","0","0","0","0","0","9","0","40.0093","-75.2049","","CRASH_2001_Philadelphia"
"2001208997","06","67","67301","67301","2001","02","1","1753","17","3","1","0","8","1","","","N","02","0","00","3","0","1","2","2","N","N","40 01:36.840","75 07:16.680","9999","","9999","","0","","N","","0 ","","","","","","","","","","1","1","0","0","0","0","0","0","0","0","0","1","1","0","0","0","0","0","0","0","0","0","0","0","0","0","0","0","0","0","0","0","1","0","0","4","0","40.0269","-75.1213","","CRASH_2001_Philadelphia"
"2001210680","06","67","67301","67301","2001","02","2","1930","19","3","4","3","9","1","","","N","00","0","00","3","0","0","1","2","N","N","","","9999","","9999","","0","","N","","0 ","","","","","","","","","","2","0","0","0","0","0","0","0","0","0","0","0","0","0","0","0","0","0","0","0","0","0","0","0","0","0","0","0","0","0","0","0","0","0","0","0","0","","","","CRASH_2001_Philadelphia"
"2001233139","06","67","67301","67301","2001","04","5","0950","09","1","1","0","4","1","","","N","01","3","00","3","0","1","2","2","N","N","","","9999","","9999","","0","","N","","3 ","","","","","","","","","","2","2","0","0","0","0","0","0","0","0","0","1","1","0","0","0","0","0","0","0","0","0","0","0","0","0","0","0","0","0","0","0","0","0","0","4","0","","","","CRASH_2001_Philadelphia"
"2001238898","06","67","67301","67301","2001","04","2","0815","08","1","2","1","1","1","","","N","00","0","00","3","0","0","2","3","N","N","40 04:14.520","75 02:18.960","9999","","9999","","0","","N","","0 ","","","","","","","","","","3","3","0","0","0","0","0","0","0","0","0","0","0","0","0","0","0","0","0","1","0","0","0","0","0","0","0","0","0","0","0","0","0","0","0","0","0","40.0707","-75.0386","","CRASH_2001_Philadelphia"
"2001017599","06","67","67301","67301","2001","05","3","1025","10","1","1","0","5","7","","","N","03","3","02","3","0","0","2","2","N","N","39 53:18.000","75 14:32.546","1054","","1028","","0","","Y","","3 ","","","","","","","","","","2","1","0","0","0","1","0","0","0","0","0","0","0","0","0","0","0","0","0","0","0","0","0","0","0","0","0","0","0","0","0","0","0","0","0","0","1","39.8913","-75.2387","","CRASH_2001_Philadelphia"
"2001019678","06","67","67301","67301","2001","06","7","1905","19","1","2","1","7","4","","","N","02","2","00","3","0","1","2","1","N","N","39 59:15.618","75 12:58.645","1910","","1906","","0","","N","","3 ","","","","","","","","","","1","0","0","0","1","0","0","0","0","0","0","1","1","0","0","0","0","0","0","1","0","0","0","0","0","0","0","0","0","0","0","0","0","0","0","4","0","39.9877","-75.2161","","CRASH_2001_Philadelphia"
"2001206068","06","67","67301","67501","2001","01","1","1107","11","1","1","0","5","1","","","N","00","0","00","3","0","1","3","2","N","N","","","9999","","9999","","0","","N","","0 ","","","","","","","","","","2","2","0","0","0","0","0","0","0","0","0","0","0","0","1","0","0","0","0","0","0","0","0","1","0","0","0","0","0","0","0","0","0","0","0","9","0","","","","CRASH_2001_Philadelphia"
"2001209042","06","67","67301","67301","2001","01","7","1458","14","1","2","1","4","1","","","N","01","3","00","3","0","2","3","2","N","N","40 00:10.868","75 07:39.525","9999","","9999","","0","","N","","3 ","","","","","","","","","","2","1","0","0","0","0","0","0","0","0","0","2","2","0","0","0","0","0","0","0","0","0","0","0","0","0","0","0","0","0","0","0","0","0","0","4","0","40.003","-75.1276","","CRASH_2001_Philadelphia"
"2001213157","06","67","67301","67301","2001","02","7","1440","14","1","1","0","1","1","","","N","00","0","07","3","0","0","3","2","N","N","","","9999","","9999","","0","","N","","0 ","","","","","","","","","","2","2","0","0","0","0","0","0","0","0","0","0","0","0","0","0","0","1","0","1","0","0","0","3","0","0","0","0","0","0","0","0","0","0","0","0","0","","","","CRASH_2001_Philadelphia"
"2001231116","06","67","67301","67301","2001","03","7","1900","19","3","1","0","1","1","","","N","02","3","00","3","0","1","4","2","N","N","40 02:18.099","75 05:08.113","9999","","9999","","0","","N","","3 ","","","","","","","","","","2","2","0","0","0","0","0","0","0","0","0","0","0","0","1","0","0","0","0","0","1","0","0","0","0","0","0","0","0","0","0","0","0","0","0","9","0","40.0384","-75.0856","","CRASH_2001_Philadelphia"
"2001007258","06","67","67301","67301","2001","05","7","0043","00","3","1","0","4","1","","","N","02","2","00","3","0","0","4","2","N","N","39 54:50.760","75 14:38.400","0049","","0043","","0","","N","","3 ","","","","","","","","","","2","2","0","0","0","0","0","0","0","0","0","0","0","0","0","0","0","0","0","2","0","0","0","0","0","0","0","0","0","0","0","0","0","0","0","0","0","39.9091","-75.2421","","CRASH_2001_Philadelphia"
"2001019694","06","67","67301","67301","2001","06","6","1340","13","1","2","1","4","1","","","N","01","0","00","3","0","0","2","2","N","N","40 03:02.710","75 08:55.715","0206","","0200","","0","","N","","0 ","","","","","","","","","","2","2","0","0","0","0","0","0","0","0","0","0","0","0","0","0","0","0","0","0","1","0","0","0","0","0","0","0","0","0","0","0","0","0","0","0","0","40.0508","-75.1487","","CRASH_2001_Philadelphia"
"2001215705","06","67","67301","67301","2001","02","1","0224","02","3","3","1","4","1","","","N","01","2","00","3","0","4","6","2","N","N","39 59:50.280","75 07:09.480","9999","","9999","","0","","N","","3 ","","","","","","","","","","2","0","0","0","0","0","2","0","0","0","0","0","0","0","4","0","0","0","0","0","0","0","0","0","0","0","0","0","0","0","0","0","0","0","0","9","0","39.9973","-75.1193","","CRASH_2001_Philadelphia"
"2001216870","06","67","67301","67301","2001","03","1","1712","17","1","1","0","4","1","","","N","01","3","00","3","0","0","2","2","N","N","40 02:26.901","75 04:22.717","9999","","9999","","0","","N","","3 ","","","","","","","","","","2","1","0","0","1","0","0","0","0","0","0","0","0","0","0","0","0","0","0","0","0","0","1","0","0","0","0","0","0","0","0","0","0","0","0","0","0","40.0408","-75.073","","CRASH_2001_Philadelphia"
"2001015117","06","67","67301","67301","2001","06","7","1112","11","1","2","1","1","1","","","N","02","2","00","3","0","4","4","2","N","N","40 04:26.400","75 05:04.920","1116","","1113","","0","","Y","","3 ","","","","","","","","","","2","1","0","0","1","0","0","0","0","0","0","4","4","0","0","0","0","0","0","0","0","0","0","0","0","0","0","0","0","0","0","0","0","0","0","4","0","40.0739","-75.0847","","CRASH_2001_Philadelphia"
"2001207370","06","67","67301","67301","2001","01","2","2230","22","3","1","0","4","1","","","N","01","2","00","3","0","1","2","2","N","N","40 01:00.840","75 08:58.560","9999","","9999","","0","","N","","3 ","","","","","","","","","","2","1","0","0","0","0","0","1","0","0","0","0","0","0","1","0","0","0","0","0","0","0","0","0","0","0","0","0","0","0","0","0","0","0","0","9","0","40.0168","-75.1496","","CRASH_2001_Philadelphia"
"2001208888","06","67","67301","67301","2001","02","2","2139","21","3","3","5","1","1","","","N","00","0","00","3","0","1","2","2","N","N","39 57:24.480","75 09:09.720","9999","","9999","","0","","N","","0 ","","","","","","","","","","2","0","0","0","0","0","0","1","0","0","1","0","1","0","0","0","0","0","0","0","0","0","0","0","0","0","0","0","0","0","0","0","0","0","0","3","0","39.957","-75.1527","","CRASH_2001_Philadelphia"
"2001215662","06","67","67301","67301","2001","02","3","0830","08","1","1","0","8","1","","","N","00","0","00","3","0","1","2","2","N","N","","","9999","","9999","","0","","N","","0 ","","","","","","","","","","1","1","0","0","0","0","0","0","0","0","0","1","1","0","0","0","0","0","0","0","1","0","0","0","0","0","0","0","0","0","0","0","1","0","0","4","0","","","","CRASH_2001_Philadelphia"
"2001240126","06","67","67301","67301","2001","04","1","1636","16","1","1","0","4","1","","","N","02","0","00","3","0","1","2","2","N","N","40 01:45.955","75 08:57.555","9999","","9999","","0","","N","","0 ","","","","","","","","","","1","1","0","0","0","0","0","0","1","0","1","0","1","0","0","0","0","0","0","0","0","0","0","0","0","0","0","0","0","0","0","0","0","0","0","3","0","40.0294","-75.1493","","CRASH_2001_Philadelphia"
"2001206185","06","67","67301","67301","2001","01","3","1100","11","1","1","0","0","1","","","N","00","0","00","3","0","0","1","1","N","N","","","9999","","9999","","0","","N","","0 ","","","","","","","","","","1","1","0","0","0","0","0","0","0","0","0","0","0","0","0","0","0","0","0","0","0","0","0","0","0","0","0","0","0","0","0","0","0","0","0","0","0","","","","CRASH_2001_Philadelphia"
"2001205958","06","67","67301","67301","2001","01","1","0304","03","3","1","0","1","1","","","N","00","0","00","3","0","11","12","2","N","N","39 52:40.440","75 15:03.600","9999","","9999","","0","","N","","0 ","","","","","","","","","","2","1","0","0","0","0","0","1","0","0","1","7","8","0","3","0","0","0","0","0","1","0","0","6","0","0","0","0","0","0","0","0","0","0","0","3","0","39.8776","-75.2521","","CRASH_2001_Philadelphia"
"2001207463","06","67","67301","67301","2001","01","5","0150","01","3","1","0","4","1","","","N","01","2","00","3","0","0","2","2","N","N","40 02:48.480","75 04:13.080","9999","","9999","","0","","N","","3 ","","","","","","","","","","2","2","0","0","0","0","0","0","0","0","0","0","0","0","0","0","0","0","0","0","0","0","0","2","0","0","0","0","0","0","0","0","0","0","0","0","0","40.0468","-75.0703","","CRASH_2001_Philadelphia"
"2001215665","06","67","67301","67301","2001","03","4","0832","08","1","1","0","4","1","","","N","01","3","00","3","0","0","2","2","N","N","40 03:16.516","75 02:47.713","9999","","9999","","0","","N","","3 ","","","","","","","","","","2","1","0","0","1","0","0","0","0","0","0","0","0","0","0","0","0","0","0","1","1","0","0","0","0","0","0","0","0","0","0","0","0","0","0","0","0","40.0546","-75.0466","","CRASH_2001_Philadelphia"
"2001216950","06","67","67301","67301","2001","03","3","1600","16","1","4","6","4","1","","","N","01","3","00","3","0","2","2","2","N","N","39 59:42.360","75 09:50.760","9999","","9999","","0","","N","","3 ","","","","","","","","","","2","1","0","0","0","0","1","0","0","0","0","2","2","0","0","0","0","0","0","0","0","0","0","0","0","0","0","0","0","0","0","0","0","0","0","4","0","39.9952","-75.164","","CRASH_2001_Philadelphia"
"2001233149","06","67","67301","67301","2001","04","5","1530","15","1","1","0","1","1","","","N","00","0","00","3","0","1","2","2","N","N","40 01:44.040","75 06:22.320","9999","","9999","","0","","N","","0 ","","","","","","","","","","2","2","0","0","0","0","0","0","0","0","0","1","1","0","0","0","0","0","0","0","1","0","0","0","0","0","0","0","0","0","0","0","0","0","0","4","0","40.0288","-75.1061","","CRASH_2001_Philadelphia"
"2001238085","06","67","67301","67301","2001","04","3","1907","19","1","1","0","8","1","","","N","01","3","00","3","0","1","2","2","N","N","","","9999","","9999","","0","","N","","3 ","","","","","","","","","","1","1","0","0","0","0","0","0","0","0","0","1","1","0","0","0","0","0","0","0","0","0","0","0","0","0","0","0","0","0","0","0","1","0","0","4","0","","","","CRASH_2001_Philadelphia"
"2001240284","06","67","67301","67301","2001","04","3","1844","18","1","1","0","4","1","","","N","01","2","00","3","0","2","3","2","N","N","","","9999","","9999","","0","","N","","3 ","","","","","","","","","","2","2","0","0","0","0","0","0","0","0","0","2","2","0","0","0","0","0","0","0","0","0","0","0","0","0","0","0","0","0","0","0","0","0","0","4","0","","","","CRASH_2001_Philadelphia"
"2001211722","06","67","67301","67301","2001","02","3","1300","13","1","1","3","4","1","","","N","01","2","00","3","0","3","8","3","N","N","40 01:53.151","75 09:17.114","9999","","9999","","0","","N","","3 ","","","","","","","","","","3","2","0","0","0","0","1","0","0","0","0","3","3","0","0","0","0","0","0","0","0","0","0","0","0","0","0","0","0","0","0","0","0","0","0","4","0","40.0314","-75.1548","","CRASH_2001_Philadelphia"