"CRN","DISTRICT","COUNTY","MUNICIPALITY","POLICE_AGCY","CRASH_YEAR","CRASH_MONTH","DAY_OF_WEEK","TIME_OF_DAY","HOUR_OF_DAY","ILLUMINATION","WEATHER","ROAD_CONDITION","COLLISION_TYPE","RELATION_TO_ROAD","WORK_ZONE_TYPE","WORK_ZONE_LOC","WORK_ZONE_IND","INTERSECT_TYPE","TCD_TYPE","LOCATION_TYPE","URBAN_RURAL","FATAL_COUNT","INJURY_COUNT","PERSON_COUNT","TOTAL_UNITS","SCH_BUS_IND","SCH_ZONE_IND","LATITUDE","LONGITUDE","ARRIVAL_TM","CONS_ZONE_SPD_LIM","DISPATCH_TM","EST_HRS_CLOSED","LANE_CLOSED","LN_CLOSE_DIR","NTFY_HIWY_MAINT","SPEC_JURIS_CD","TCD_FUNC_CD","TFC_DETOUR_IND","WORKERS_PRES","WZ_CLOSE_DETOUR","WZ_FLAGGER","WZ_LAW_OFFCR_IND","WZ_LN_CLOSURE","WZ_MOVING","WZ_OTHER","WZ_SHLDER_MDN","VEHICLE_COUNT","AUTOMOBILE_COUNT","MOTORCYCLE_COUNT","BUS_COUNT","SMALL_TRUCK_COUNT","HEAVY_TRUCK_COUNT","SUV_COUNT","VAN_COUNT","BICYCLE_COUNT","MAJ_INJ_COUNT","MOD_INJ_COUNT","MIN_INJ_COUNT","TOT_INJ_COUNT","UNK_INJ_DEG_COUNT","UNK_INJ_PER_COUNT","DRIVER_COUNT_16YR","DRIVER_COUNT_17YR","DRIVER_COUNT_18YR","DRIVER_COUNT_19YR","DRIVER_COUNT_20YR","DRIVER_COUNT_50_64YR","DRIVER_COUNT_65_74YR","DRIVER_COUNT_75PLUS","UNBELTED_OCC_COUNT","UNB_DEATH_COUNT","UNB_MAJ_INJ_COUNT","BELTED_DEATH_COUNT","BELTED_MAJ_INJ_COUNT","MCYCLE_DEATH_COUNT","MCYCLE_MAJ_INJ_COUNT","BICYCLE_DEATH_COUNT","BICYCLE_MAJ_INJ_COUNT","PED_COUNT","PED_DEATH_COUNT","PED_MAJ_INJ_COUNT","MAX_SEVERITY_LEVEL","COMM_VEH_COUNT","DEC_LAT","DEC_LONG","RDWY_SURF_TYPE_CD","COUNTY_YEAR"
"2001216946","06","67","67301","67301","2001","03","6","2340","23","3","1","0","5","1","","","N","00","0","00","3","0","0","3","2","N","N","40 01:15.240","75 08:24.360","9999","","9999","","0","","N","","0 ","","","","","","","","","","2","2","0","0","0","0","0","0","0","0","0","0","0","0","0","0","0","0","0","0","0","0","0","0","0","0","0","0","0","0","0","0","0","0","0","0","0","40.0208","-75.1401","","CRASH_2001_Philadelphia"
"2001233485","06","67","67301","67301","2001","03","3","1345","13","1","1","0","7","5","","","N","02","3","00","3","0","0","1","1","N","N","40 04:58.800","75 12:22.680","9999","","9999","","0","","N","","3 ","","","","","","","","","","1","1","0","0","0","0","0","0","0","0","0","0","0","0","0","0","0","0","0","0","0","0","0","0","0","0","0","0","0","0","0","0","0","0","0","0","0","40.0829","-75.2063","","CRASH_2001_Philadelphia"
"2001238295","06","67","67301","67301","2001","04","7","1715","17","1","1","0","9","1","","","N","02","9","00","3","0","0","2","3","N","N","40 03:28.378","75 11:43.781","9999","","9999","","0","","N","","9 ","","","","","","","","","","3","1","0","0","0","0","0","0","0","0","0","0","0","0","0","0","0","1","0","0","0","0","0","0","0","0","0","0","0","0","0","0","0","0","0","0","0","40.0579","-75.1955","","CRASH_2001_Philadelphia"
"2001205942","06","67","67301","67301","2001","01","7","0945","09","1","1","0","4","1","","","N","01","2","00","3","0","2","2","2","N","N","39 59:33.720","75 08:46.320","9999","","9999","","0","","N","","3 ","","","","","","","","","","2","1","0","0","0","0","0","1","0","0","1","1","2","0","0","0","0","0","0","0","0","0","0","0","0","0","0","0","0","0","0","0","0","0","0","3","0","39.9929","-75.1461","","CRASH_2001_Philadelphia"
"2001238049","06","67","67301","67301","2001","04","4","1824","18","1","1","0","8","1","","","N","01","0","00","3","0","1","2","2","N","N","39 55:19.920","75 13:49.800","9999","","9999","","0","","N","","0 ","","","","","","","","","","1","0","0","0","1","0","0","0","0","0","0","1","1","0","0","0","0","0","0","0","0","0","0","0","0","0","0","0","0","0","0","0","1","0","0","4","0","39.9222","-75.2303","","CRASH_2001_Philadelphia"
"2001238063","06","67","67301","67301","2001","04","6","9999","99","1","1","0","4","1","","","N","00","0","00","3","0","1","3","2","N","N","","","9999","","9999","","0","","N","","0 ","","","","","","","","","","2","1","0","0","0","0","0","1","0","0","0","1","1","0","0","0","0","0","0","0","0","0","0","0","0","0","0","0","0","0","0","0","0","0","0","4","0","","","","CRASH_2001_Philadelphia"
"2001243681","06","67","67301","67301","2001","05","3","0925","09","1","1","0","4","1","","","N","05","2","02","3","0","0","2","2","N","N","39 57:25.560","75 09:09.000","9999","","9999","","0","","N","","3 ","","","","","","","","","","2","2","0","0","0","0","0","0","0","0","0","0","0","0","0","0","0","0","0","0","1","0","0","0","0","0","0","0","0","0","0","0","0","0","0","0","0","39.9573","-75.1523","","CRASH_2001_Philadelphia"
"2001008709","06","67","67301","67301","2001","06","1","0253","02","3","1","0","1","1","","","N","01","2","00","3","0","1","6","2","N","N","40 00:35.410","75 09:04.183","0253","","0253","","0","","N","","3 ","","","","","","","","","","2","2","0","0","0","0","0","0","0","0","1","0","1","0","0","0","0","0","0","0","0","0","0","0","0","0","0","0","0","0","0","0","0","0","0","3","0","40.0098","-75.151","","CRASH_2001_Philadelphia"
"2001211346","06","67","67301","67301","2001","02","4","0903","09","1","2","1","4","1","","","N","05","3","00","3","0","1","2","2","N","N","39 59:53.463","75 06:04.518","9999","","9999","","0","","N","","3 ","","","","","","","","","","2","2","0","0","0","0","0","0","0","0","0","1","1","0","0","0","0","0","0","0","2","0","0","0","0","0","0","0","0","0","0","0","0","0","0","4","0","39.9982","-75.1013","","CRASH_2001_Philadelphia"
"2001223795","06","67","67301","67301","2001","03","6","1610","16","1","2","1","1","1","","","N","01","3","00","3","0","1","4","2","N","N","40 05:16.483","74 58:50.188","9999","","9999","","0","","N","","3 ","","","","","","","","","","2","2","0","0","0","0","0","0","0","0","0","1","1","0","0","0","0","0","0","0","0","0","0","0","0","0","0","0","0","0","0","0","0","0","0","4","0","40.0879","-74.9806","","CRASH_2001_Philadelphia"
"2001223913","06","67","67301","67301","2001","03","7","2300","23","3","2","1","4","1","","","N","01","2","00","3","0","2","3","2","N","N","40 00:41.400","75 04:11.280","9999","","9999","","0","","N","","3 ","","","","","","","","","","2","1","0","0","0","0","1","0","0","0","0","1","1","0","1","0","0","0","0","0","0","0","0","0","0","0","0","0","0","0","0","0","0","0","0","4","0","40.0115","-75.0698","","CRASH_2001_Philadelphia"
"2001015128","06","67","67301","67301","2001","06","7","2118","21","3","2","1","7","5","","","N","00","0","00","3","0","1","2","1","N","N","40 02:05.225","75 06:52.782","2123","","2119","","0","","N","","0 ","","","","","","","","","","1","1","0","0","0","0","0","0","0","0","1","0","1","0","0","0","0","0","0","0","0","0","0","0","0","0","0","0","0","0","0","0","0","0","0","3","0","40.0348","-75.1146","","CRASH_2001_Philadelphia"
"2001223803","06","67","67301","67301","2001","03","6","2040","20","3","2","1","8","1","","","N","00","0","00","3","0","2","2","2","N","N","","","9999","","9999","","0","","N","","0 ","","","","","","","","","","1","0","0","0","0","0","0","0","0","0","0","1","1","0","1","0","0","0","0","0","0","0","0","0","0","0","0","0","0","0","0","0","1","0","0","4","0","","","","CRASH_2001_Philadelphia"
"2001239926","06","67","67301","67301","2001","04","1","1330","13","1","1","0","7","5","","","N","10","0","00","3","0","1","1","1","N","N","40 05:25.357","75 00:32.853","9999","","9999","","0","","N","","0 ","","","","","","","","","","1","1","0","0","0","0","0","0","0","0","0","1","1","0","0","0","0","1","0","0","0","0","0","0","0","0","0","0","0","0","0","0","0","0","0","4","0","40.0904","-75.0091","","CRASH_2001_Philadelphia"
"2001244857","06","67","67301","67301","2001","05","6","1046","10","1","1","0","4","1","","","N","01","2","00","3","0","2","3","2","N","N","39 57:46.800","75 09:57.960","9999","","9999","","0","","N","","3 ","","","","","","","","","","2","2","0","0","0","0","0","0","0","0","0","1","1","0","1","0","0","0","0","0","0","0","0","0","0","0","0","0","0","0","0","0","0","0","0","4","0","39.963","-75.1662","","CRASH_2001_Philadelphia"
"2001207454","06","67","67301","67301","2001","01","2","0130","01","3","1","0","9","1","","","N","00","0","00","3","0","1","1","2","N","N","","","9999","","9999","","0","","N","","0 ","","","","","","","","","","2","1","0","0","0","0","0","0","0","0","0","1","1","0","0","0","0","0","0","0","0","0","0","0","0","0","0","0","0","0","0","0","0","0","0","4","0","","","","CRASH_2001_Philadelphia"
"2001211699","06","67","67301","67301","2001","02","3","1900","19","2","1","0","5","1","","","N","00","0","00","3","0","2","3","2","N","N","39 53:22.560","75 13:53.760","9999","","9999","","0","","N","","0 ","","","","","","","","","","2","2","0","0","0","0","0","0","0","0","0","2","2","0","0","0","0","0","1","0","0","0","0","0","0","0","0","0","0","0","0","0","0","0","0","4","0","39.8897","-75.2311","","CRASH_2001_Philadelphia"
"2001213134","06","67","67301","67301","2001","02","4","1830","18","3","2","1","8","1","","","N","01","2","00","3","0","1","2","2","N","N","39 57:09.360","75 11:24.360","9999","","9999","","0","","N","","3 ","","","","","","","","","","1","0","0","0","0","0","0","0","0","0","0","1","1","0","0","0","0","0","0","0","0","0","0","0","0","0","0","0","0","0","0","0","1","0","0","4","0","39.9526","-75.1901","","CRASH_2001_Philadelphia"
"2001238069","06","67","67301","67301","2001","04","7","0800","08","1","1","0","4","1","","","N","01","2","00","3","0","0","3","3","N","N","40 02:12.120","75 02:26.880","9999","","9999","","0","","N","","3 ","","","","","","","","","","3","3","0","0","0","0","0","0","0","0","0","0","0","0","0","0","0","0","0","0","1","0","0","0","0","0","0","0","0","0","0","0","0","0","0","0","0","40.0368","-75.0409","","CRASH_2001_Philadelphia"
"2001014308","06","67","67301","67301","2001","06","3","1640","16","1","1","0","4","4","","","N","02","3","00","3","0","1","2","2","N","N","40 05:47.746","74 58:32.078","1645","","1640","","0","","N","","3 ","","","","","","","","","","1","1","0","0","0","0","0","0","1","0","0","1","1","0","0","0","0","0","0","0","0","0","0","0","0","0","0","0","0","0","0","0","0","0","0","4","0","40.0965","-74.9757","","CRASH_2001_Philadelphia"
"2001200550","06","67","67301","67301","2001","01","5","0935","09","1","1","0","9","1","","","N","00","0","00","3","0","1","4","3","N","N","","","9999","","9999","","0","","N","","0 ","","","","","","","","","","2","1","0","0","0","0","0","0","0","0","0","1","1","0","0","0","0","0","0","0","0","0","0","3","0","0","0","0","0","0","0","0","1","0","0","4","0","","","","CRASH_2001_Philadelphia"
"2001233429","06","67","67301","67301","2001","03","2","2100","21","3","1","0","4","1","","","N","01","2","00","3","0","1","2","2","N","N","","","9999","","9999","","0","","N","","3 ","","","","","","","","","","2","2","0","0","0","0","0","0","0","0","0","1","1","0","0","0","0","0","0","0","0","0","0","2","0","0","0","0","0","0","0","0","0","0","0","4","0","","","","CRASH_2001_Philadelphia"
"2001233438","06","67","67301","67301","2001","03","2","0717","07","1","4","1","1","1","","","N","00","0","00","3","0","0","4","3","N","N","39 59:17.160","75 05:20.760","9999","","9999","","0","","N","","0 ","","","","","","","","","","3","2","0","0","0","0","0","1","0","0","0","0","0","0","0","0","0","0","0","0","0","0","0","0","0","0","0","0","0","0","0","0","0","0","0","0","0","39.9882","-75.089","","CRASH_2001_Philadelphia"
"2001233535","06","67","67301","67301","2001","03","5","2013","20","3","2","1","5","1","","","N","00","0","00","3","0","1","2","2","N","N","39 59:56.760","75 05:59.640","9999","","9999","","0","","N","","0 ","","","","","","","","","","2","1","0","1","0","0","0","0","0","0","0","1","1","0","0","0","0","0","0","0","1","0","0","0","0","0","0","0","0","0","0","0","0","0","0","4","1","39.999","-75.0999","","CRASH_2001_Philadelphia"
"2001238378","06","67","67301","67301","2001","04","7","1550","15","1","1","0","8","1","","","N","00","0","00","3","0","1","4","2","N","N","","","9999","","9999","","0","","N","","0 ","","","","","","","","","","1","1","0","0","0","0","0","0","0","0","0","1","1","0","0","0","0","0","0","0","0","0","0","0","0","0","0","0","0","0","0","0","1","0","0","4","0","","","","CRASH_2001_Philadelphia"
"2001231129","06","67","67301","67301","2001","03","4","1520","15","1","2","1","4","1","","","N","01","3","00","3","0","1","3","2","N","N","40 03:54.176","75 03:30.985","9999","","9999","","0","","N","","3 ","","","","","","","","","","2","2","0","0","0","0","0","0","0","0","0","1","1","0","0","0","0","1","0","0","0","1","0","0","0","0","0","0","0","0","0","0","0","0","0","4","0","40.065","-75.0586","","CRASH_2001_Philadelphia"
"2001240956","06","67","67301","67301","2001","04","7","0300","03","3","1","0","4","1","","","N","01","2","00","3","0","3","4","2","N","N","","","9999","","9999","","0","","N","","3 ","","","","","","","","","","2","2","0","0","0","0","0","0","0","0","2","1","3","0","0","0","0","0","0","0","0","0","0","0","0","0","0","0","0","0","0","0","0","0","0","3","0","","","","CRASH_2001_Philadelphia"
"2001016717","06","67","67301","67301","2001","05","1","1006","10","1","2","1","4","1","","","N","01","2","00","3","0","1","3","2","N","N","39 57:34.200","75 13:15.240","1009","","1006","","0","","N","","3 ","","","","","","","","","","2","2","0","0","0","0","0","0","0","0","0","1","1","0","0","0","0","0","0","0","0","0","0","1","0","0","0","0","0","0","0","0","0","0","0","4","0","39.9594","-75.2209","","CRASH_2001_Philadelphia"
"2001019675","06","67","67301","67301","2001","06","1","1801","18","1","1","0","4","1","","","N","01","2","00","3","0","2","7","2","N","N","39 59:08.676","75 12:56.716","1810","","1801","","0","","N","","3 ","","","","","","","","","","2","1","0","0","1","0","0","0","0","0","1","1","2","0","0","0","0","0","0","0","0","0","0","0","0","0","0","0","0","0","0","0","0","0","0","3","0","39.9858","-75.2156","","CRASH_2001_Philadelphia"
"2001207351","06","67","67301","67301","2001","01","5","1718","17","1","1","0","8","1","","","N","01","2","00","3","0","1","2","2","N","N","","","9999","","9999","","0","","N","","3 ","","","","","","","","","","1","1","0","0","0","0","0","0","0","0","0","1","1","0","0","0","0","0","0","0","0","0","0","0","0","0","0","0","0","0","0","0","1","0","0","4","0","","","","CRASH_2001_Philadelphia"
"2001209077","06","67","67301","67301","2001","01","5","1810","18","3","1","0","8","1","","","N","00","0","00","3","0","1","2","2","N","N","39 58:52.680","75 06:17.280","9999","","9999","","0","","N","","0 ","","","","","","","","","","1","1","0","0","0","0","0","0","0","0","1","0","1","0","0","0","0","0","0","0","1","0","0","0","0","0","0","0","0","0","0","0","1","0","0","3","0","39.9809","-75.1053","","CRASH_2001_Philadelphia"
"2001210672","06","67","67301","67301","2001","02","5","0938","09","1","1","0","1","1","","","N","00","0","00","3","0","0","2","2","N","N","40 00:29.160","75 12:09.360","9999","","9999","","0","","N","","0 ","","","","","","","","","","2","1","0","0","0","1","0","0","0","0","0","0","0","0","0","0","0","0","0","0","0","0","0","0","0","0","0","0","0","0","0","0","0","0","0","0","0","40.008","-75.2026","","CRASH_2001_Philadelphia"
"2001233098","06","67","67301","67301","2001","04","7","1705","17","1","1","0","1","1","1","8","Y","02","3","00","3","0","0","2","2","N","N","40 06:27.298","75 02:23.373","9999","99","9999","","0","","N","","3 ","","U","","","U","","","","","2","2","0","0","0","0","0","0","0","0","0","0","0","0","0","0","0","0","1","0","0","0","0","0","0","0","0","0","0","0","0","0","0","0","0","0","0","40.1076","-75.0398","","CRASH_2001_Philadelphia"
"2001240292","06","67","67301","67301","2001","04","7","0215","02","3","1","0","7","5","","","N","00","0","00","3","0","0","1","1","N","N","40 05:08.880","75 02:13.200","9999","","9999","","0","","N","","0 ","","","","","","","","","","1","1","0","0","0","0","0","0","0","0","0","0","0","0","0","0","0","0","0","0","0","0","0","0","0","0","0","0","0","0","0","0","0","0","0","0","0","40.0859","-75.037","","CRASH_2001_Philadelphia"
"2001244875","06","67","67301","67301","2001","05","7","0804","08","1","2","0","4","1","","","N","01","2","00","3","0","1","3","2","N","N","","","9999","","9999","","0","","N","","3 ","","","","","","","","","","2","1","0","1","0","0","0","0","0","0","0","1","1","0","0","0","0","0","0","0","0","0","0","0","0","0","0","0","0","0","0","0","0","0","0","4","1","","","","CRASH_2001_Philadelphia"
"2001007056","06","67","67301","67301","2001","05","6","2320","23","3","1","0","7","5","","","N","01","2","00","3","0","1","1","1","N","N","39 57:30.707","75 13:30.770","2323","","9999","3","2","4","Y","","9 ","Y","","","","","","","","","1","1","0","0","0","0","0","0","0","1","0","0","1","0","0","0","0","0","0","0","0","0","0","0","0","0","0","0","0","0","0","0","0","0","0","2","0","39.957","-75.2255","","CRASH_2001_Philadelphia"
"2001207439","06","67","67301","67301","2001","01","7","2100","21","3","1","0","5","1","","","N","00","0","00","3","0","2","2","2","N","N","","","9999","","9999","","0","","N","","0 ","","","","","","","","","","2","1","0","0","0","0","0","0","0","0","0","0","0","0","2","0","0","0","0","0","0","0","0","1","0","0","0","0","0","0","0","0","0","0","0","9","0","","","","CRASH_2001_Philadelphia"
"2001210735","06","67","67301","67301","2001","02","7","2343","23","3","1","0","4","1","","","N","01","2","00","3","0","1","2","2","N","N","","","9999","","9999","","0","","N","","3 ","","","","","","","","","","2","2","0","0","0","0","0","0","0","0","0","1","1","0","0","0","0","0","0","0","0","0","0","0","0","0","0","0","0","0","0","0","0","0","0","4","0","","","","CRASH_2001_Philadelphia"
"2001215658","06","67","67301","67301","2001","02","7","0019","00","3","1","5","7","5","","","N","00","0","00","3","0","1","3","1","N","N","","","9999","","9999","","0","","N","","0 ","","","","","","","","","","1","1","0","0","0","0","0","0","0","0","0","1","1","0","0","0","0","0","0","1","0","0","0","0","0","0","0","0","0","0","0","0","0","0","0","4","0","","","","CRASH_2001_Philadelphia"
"2001233378","06","67","67301","67301","2001","03","1","1636","16","1","1","0","1","1","","","N","01","2","00","3","0","0","2","2","N","N","40 00:29.520","75 12:41.040","9999","","9999","","0","","N","","3 ","","","","","","","","","","2","2","0","0","0","0","0","0","0","0","0","0","0","0","0","0","0","0","0","0","0","0","0","0","0","0","0","0","0","0","0","0","0","0","0","0","0","40.0085","-75.2107","","CRASH_2001_Philadelphia"
"2001233507","06","67","67301","67301","2001","04","1","0417","04","3","9","9","4","1","1","8","Y","02","2","00","3","0","2","7","2","N","N","39 57:36.720","75 08:14.280","9999","99","9999","","0","","N","","3 ","","U","","","U","","","","","2","2","0","0","0","0","0","0","0","0","0","2","2","0","0","0","0","0","0","0","0","0","0","0","0","0","0","0","0","0","0","0","0","0","0","4","0","39.9602","-75.1372","","CRASH_2001_Philadelphia"
"2001238942","06","67","67301","67301","2001","04","1","1844","18","1","2","1","4","1","","","N","01","3","00","3","0","3","3","2","N","N","39 54:56.880","75 09:49.680","9999","","9999","","0","","N","","3 ","","","","","","","","","","2","2","0","0","0","0","0","0","0","0","2","1","3","0","0","0","0","0","0","0","1","0","0","0","0","0","0","0","0","0","0","0","0","0","0","3","0","39.9159","-75.164","","CRASH_2001_Philadelphia"
"2001008604","06","67","67301","67301","2001","06","4","1505","15","1","1","0","8","1","","","N","00","0","00","3","0","1","2","2","N","N","39 59:47.969","75 06:13.031","1520","","1512","","0","","N","","0 ","","","","","","","","","","1","1","0","0","0","0","0","0","0","0","0","1","1","0","0","0","0","0","0","0","0","0","0","1","0","0","0","0","0","0","0","0","1","0","0","4","0","39.9966","-75.1036","","CRASH_2001_Philadelphia"
"2001204701","06","67","67301","67301","2001","01","6","1600","16","1","4","3","4","1","","","N","02","2","00","3","0","0","3","3","Y","N","","","9999","","9999","","0","","N","","3 ","","","","","","","","","","3","2","0","1","0","0","0","0","0","0","0","0","0","0","0","0","0","0","0","0","1","0","0","0","0","0","0","0","0","0","0","0","0","0","0","0","1","","","","CRASH_2001_Philadelphia"
"2001206222","06","67","67301","67301","2001","01","4","2016","20","3","1","0","4","1","","","N","01","2","00","3","0","2","2","2","N","N","40 02:12.120","75 02:26.880","9999","","9999","","0","","N","","3 ","","","","","","","","","","2","1","0","0","0","0","1","0","0","0","0","0","0","0","2","0","0","0","1","0","0","0","0","0","0","0","0","0","0","0","0","0","0","0","0","9","0","40.0368","-75.0408","","CRASH_2001_Philadelphia"
"2001211694","06","67","67301","67301","2001","02","7","0240","02","3","1","0","4","1","","","N","01","3","00","3","0","1","5","2","N","N","","","9999","","9999","","0","","N","","3 ","","","","","","","","","","2","2","0","0","0","0","0","0","0","0","0","0","0","0","1","0","0","0","0","0","0","0","0","0","0","0","0","0","0","0","0","0","0","0","0","9","0","","","","CRASH_2001_Philadelphia"
"2001238292","06","67","67301","67301","2001","04","2","0900","09","1","1","0","4","1","","","N","01","2","00","3","0","1","2","2","N","N","40 02:30.120","75 11:31.920","9999","","9999","","0","","N","","3 ","","","","","","","","","","2","2","0","0","0","0","0","0","0","0","0","0","0","0","1","0","0","0","0","0","0","0","0","0","0","0","0","0","0","0","0","0","0","0","0","9","0","40.0419","-75.1922","","CRASH_2001_Philadelphia"
"2001243317","06","67","67301","67301","2001","04","7","1930","19","1","1","0","1","1","","","N","02","3","00","3","0","0","3","2","N","N","40 02:00.614","75 09:02.930","9999","","9999","","0","","N","","3 ","","","","","","","","","","2","1","0","0","0","0","1","0","0","0","0","0","0","0","0","0","0","0","0","0","0","0","0","0","0","0","0","0","0","0","0","0","0","0","0","0","0","40.0335","-75.1508","","CRASH_2001_Philadelphia"
"2001007242","06","67","67301","67301","2001","06","6","1435","14","1","1","0","8","1","","","N","01","3","00","3","0","1","2","2","N","N","39 57:32.000","75 09:55.000","1455","","1439","","0","","N","","3 ","","","","","","","","","","1","1","0","0","0","0","0","0","0","0","0","1","1","0","0","0","0","0","0","0","0","1","0","0","0","0","0","0","0","0","0","0","1","0","0","4","0","39.9589","-75.1653","","CRASH_2001_Philadelphia"
"2001206065","06","67","67301","67501","2001","01","3","0845","08","1","1","0","1","1","","","N","00","0","03","3","0","2","2","2","N","N","","","9999","","9999","","0","","N","","0 ","","","","","","","","","","2","2","0","0","0","0","0","0","0","0","0","0","0","0","2","0","0","0","0","0","0","0","0","0","0","0","0","0","0","0","0","0","0","0","0","9","0","","","","CRASH_2001_Philadelphia"
"2001206067","06","67","67301","67501","2001","01","6","1310","13","1","4","1","1","1","","","N","00","8","05","3","0","1","3","2","N","N","","","9999","","9999","","0","","N","","3 ","","","","","","","","","","2","2","0","0","0","0","0","0","0","0","1","0","1","0","0","0","0","0","0","0","0","0","0","0","0","0","0","0","0","0","0","0","0","0","0","3","0","","","","CRASH_2001_Philadelphia"
"2001209002","06","67","67301","67301","2001","01","4","0648","06","1","1","1","1","1","","","N","06","0","02","3","0","1","4","2","N","N","40 00:49.320","75 10:46.920","9999","","9999","","0","","N","","0 ","","","","","","","","","","2","0","0","0","0","0","0","2","0","0","0","1","1","0","0","0","0","0","0","0","0","0","0","0","0","0","0","0","0","0","0","0","0","0","0","4","0","40.0137","-75.1796","","CRASH_2001_Philadelphia"
"2001215679","06","67","67301","67301","2001","03","7","0605","06","3","1","0","7","1","","","N","02","2","01","3","0","1","1","1","N","N","40 00:45.000","75 05:15.360","9999","","9999","","0","","N","","3 ","","","","","","","","","","1","1","0","0","0","0","0","0","0","0","0","1","1","0","0","0","0","0","0","0","0","0","0","1","0","0","0","0","0","0","0","0","0","0","0","4","0","40.0125","-75.0876","","CRASH_2001_Philadelphia"
"2001007148","06","67","67301","67301","2001","05","5","0155","01","3","1","0","4","1","","","N","01","2","00","3","0","0","2","2","N","N","39 57:15.921","75 09:46.685","0200","","0158","","0","","N","","3 ","","","","","","","","","","2","0","0","0","2","0","0","0","0","0","0","0","0","0","0","0","0","0","0","0","0","0","0","0","0","0","0","0","0","0","0","0","0","0","0","0","0","39.9544","-75.1631","","CRASH_2001_Philadelphia"
"2001200541","06","67","67301","67301","2001","01","5","1539","15","1","2","1","4","1","","","N","01","3","00","3","0","0","6","2","N","N","40 01:03.360","75 10:20.280","9999","","9999","","0","","N","","3 ","","","","","","","","","","2","2","0","0","0","0","0","0","0","0","0","0","0","0","0","0","1","0","0","0","0","0","1","0","0","0","0","0","0","0","0","0","0","0","0","0","0","40.0176","-75.1723","","CRASH_2001_Philadelphia"
"2001207271","06","67","67301","67301","2001","01","2","1330","13","1","4","5","1","1","","","N","00","0","00","3","0","2","2","2","N","N","","","9999","","9999","","0","","N","","0 ","","","","","","","","","","2","2","0","0","0","0","0","0","0","0","0","0","0","0","2","0","0","0","0","0","0","0","1","0","0","0","0","0","0","0","0","0","0","0","0","9","0","","","","CRASH_2001_Philadelphia"
"2001208986","06","67","67301","67301","2001","01","4","0720","07","1","1","0","4","1","","","N","01","2","00","3","0","1","2","2","N","N","","","9999","","9999","","0","","N","","3 ","","","","","","","","","","2","2","0","0","0","0","0","0","0","0","0","1","1","0","0","0","0","0","0","1","1","0","0","0","0","0","0","0","0","0","0","0","0","0","0","4","0","","","","CRASH_2001_Philadelphia"
"2001216922","06","67","67301","67301","2001","03","5","0702","07","1","1","0","4","1","","","N","01","3","00","3","0","1","2","2","N","N","39 58:56.146","75 06:15.839","9999","","9999","","0","","N","","3 ","","","","","","","","","","2","1","0","0","0","0","0","1","0","0","0","1","1","0","0","0","0","0","0","0","0","0","0","0","0","0","0","0","0","0","0","0","0","0","0","4","0","39.9823","-75.1044","","CRASH_2001_Philadelphia"
"2001205987","06","67","67301","67301","2001","01","6","1445","14","1","2","1","4","1","","","N","05","2","00","3","0","0","2","2","N","N","40 00:08.820","75 04:08.774","9999","","9999","","0","","N","","3 ","","","","","","","","","","2","0","0","0","0","0","0","2","0","0","0","0","0","0","0","0","0","0","0","0","0","0","0","0","0","0","0","0","0","0","0","0","0","0","0","0","0","40.0025","-75.0691","","CRASH_2001_Philadelphia"
"2001207842","06","67","67301","67301","2001","01","6","1426","14","1","1","0","4","1","","","N","01","3","00","3","0","3","4","2","N","N","","","9999","","9999","","0","","N","","3 ","","","","","","","","","","2","1","0","1","0","0","0","0","0","0","0","3","3","0","0","0","0","0","0","0","1","0","0","0","0","0","0","0","0","0","0","0","0","0","0","4","1","","","","CRASH_2001_Philadelphia"
"2001210802","06","67","67301","67301","2001","02","1","0042","00","3","1","0","8","1","","","N","00","0","00","3","0","1","2","2","N","N","39 55:27.480","75 10:11.280","9999","","9999","","0","","N","","0 ","","","","","","","","","","1","1","0","0","0","0","0","0","0","0","0","1","1","0","0","0","0","0","0","0","0","0","0","0","0","0","0","0","0","0","0","0","1","0","0","4","0","39.9243","-75.1698","","CRASH_2001_Philadelphia"
"2001211787","06","67","67301","67301","2001","02","7","0551","05","3","1","1","4","1","","","N","01","2","00","3","0","0","2","2","N","N","40 03:02.880","75 08:55.680","9999","","9999","","0","","N","","3 ","","","","","","","","","","2","1","0","0","1","0","0","0","0","0","0","0","0","0","0","0","0","0","0","0","1","0","0","0","0","0","0","0","0","0","0","0","0","0","0","0","0","40.0508","-75.1487","","CRASH_2001_Philadelphia"
"2001213159","06","67","67301","67301","2001","02","7","1241","12","1","1","0","4","1","","","N","01","2","00","3","0","0","2","2","N","N","40 06:18.360","75 01:58.080","9999","","9999","","0","","N","","3 ","","","","","","","","","","2","1","0","0","0","0","1","0","0","0","0","0","0","0","0","0","0","0","0","0","2","0","0","0","0","0","0","0","0","0","0","0","0","0","0","0","0","40.1051","-75.0328","","CRASH_2001_Philadelphia"
"2001214574","06","67","67301","67301","2001","02","1","0750","07","1","2","1","9","1","","","N","00","0","00","3","0","0","1","3","N","N","40 01:49.800","75 02:04.560","9999","","9999","","0","","N","","0 ","","","","","","","","","","3","0","0","0","0","0","0","0","0","0","0","0","0","0","0","0","0","0","0","0","0","0","0","0","0","0","0","0","0","0","0","0","0","0","0","0","0","40.0304","-75.0346","","CRASH_2001_Philadelphia"