"CRN","DISTRICT","COUNTY","MUNICIPALITY","POLICE_AGCY","CRASH_YEAR","CRASH_MONTH","DAY_OF_WEEK","TIME_OF_DAY","HOUR_OF_DAY","ILLUMINATION","WEATHER","ROAD_CONDITION","COLLISION_TYPE","RELATION_TO_ROAD","WORK_ZONE_TYPE","WORK_ZONE_LOC","WORK_ZONE_IND","INTERSECT_TYPE","TCD_TYPE","LOCATION_TYPE","URBAN_RURAL","FATAL_COUNT","INJURY_COUNT","PERSON_COUNT","TOTAL_UNITS","SCH_BUS_IND","SCH_ZONE_IND","LATITUDE","LONGITUDE","ARRIVAL_TM","CONS_ZONE_SPD_LIM","DISPATCH_TM","EST_HRS_CLOSED","LANE_CLOSED","LN_CLOSE_DIR","NTFY_HIWY_MAINT","SPEC_JURIS_CD","TCD_FUNC_CD","TFC_DETOUR_IND","WORKERS_PRES","WZ_CLOSE_DETOUR","WZ_FLAGGER","WZ_LAW_OFFCR_IND","WZ_LN_CLOSURE","WZ_MOVING","WZ_OTHER","WZ_SHLDER_MDN","VEHICLE_COUNT","AUTOMOBILE_COUNT","MOTORCYCLE_COUNT","BUS_COUNT","SMALL_TRUCK_COUNT","HEAVY_TRUCK_COUNT","SUV_COUNT","VAN_COUNT","BICYCLE_COUNT","MAJ_INJ_COUNT","MOD_INJ_COUNT","MIN_INJ_COUNT","TOT_INJ_COUNT","UNK_INJ_DEG_COUNT","UNK_INJ_PER_COUNT","DRIVER_COUNT_16YR","DRIVER_COUNT_17YR","DRIVER_COUNT_18YR","DRIVER_COUNT_19YR","DRIVER_COUNT_20YR","DRIVER_COUNT_50_64YR","DRIVER_COUNT_65_74YR","DRIVER_COUNT_75PLUS","UNBELTED_OCC_COUNT","UNB_DEATH_COUNT","UNB_MAJ_INJ_COUNT","BELTED_DEATH_COUNT","BELTED_MAJ_INJ_COUNT","MCYCLE_DEATH_COUNT","MCYCLE_MAJ_INJ_COUNT","BICYCLE_DEATH_COUNT","BICYCLE_MAJ_INJ_COUNT","PED_COUNT","PED_DEATH_COUNT","PED_MAJ_INJ_COUNT","MAX_SEVERITY_LEVEL","COMM_VEH_COUNT","DEC_LAT","DEC_LONG","RDWY_SURF_TYPE_CD","COUNTY_YEAR"
"2001016724","06","67","67301","67301","2001","06","7","0139","01","3","2","1","1","1","","","N","01","2","00","3","0","2","3","3","N","N","40 00:29.896","75 12:41.519","0145","","0139","","0","","N","","3 ","","","","","","","","","","3","3","0","0","0","0","0","0","0","0","0","2","2","0","1","0","0","0","0","0","0","0","0","0","0","0","0","0","0","0","0","0","0","0","0","4","0","40.0085","-75.2107","","CRASH_2001_Philadelphia"
"2001216966","06","67","67301","67301","2001","02","4","1615","16","1","1","0","8","1","","","N","01","2","00","3","0","1","3","2","N","N","40 02:35.880","75 09:40.680","9999","","9999","","0","","N","","3 ","","","","","","","","","","1","0","0","0","0","0","1","0","0","0","0","1","1","0","0","0","0","0","0","0","0","0","0","0","0","0","0","0","0","0","0","0","1","0","0","4","0","40.0433","-75.1613","","CRASH_2001_Philadelphia"
"2001229598","06","67","67301","67301","2001","03","7","1020","10","1","2","1","4","1","","","N","02","2","00","3","0","3","3","3","N","N","","","9999","","9999","","0","","N","","3 ","","","","","","","","","","3","1","0","0","0","0","1","0","0","1","1","1","3","0","0","0","1","0","0","0","1","0","0","0","0","0","0","0","0","0","0","0","0","0","0","2","0","40.0847","-75.1764","","CRASH_2001_Philadelphia"
"2001204539","06","67","67301","67301","2001","01","7","0625","06","5","1","6","4","1","","","N","01","2","00","3","0","1","2","2","N","N","","","9999","","9999","","0","","N","","3 ","","","","","","","","","","2","2","0","0","0","0","0","0","0","0","0","1","1","0","0","0","0","0","0","0","1","0","0","0","0","0","0","0","0","0","0","0","0","0","0","4","0","","","","CRASH_2001_Philadelphia"
"2001206173","06","67","67301","67301","2001","01","7","1510","15","1","2","1","4","1","","","N","01","3","00","3","0","3","4","3","N","N","","","9999","","9999","","0","","N","","3 ","","","","","","","","","","3","2","0","0","0","0","0","0","0","0","1","2","3","0","0","0","0","0","0","0","1","0","0","0","0","0","0","0","0","0","0","0","0","0","0","3","0","","","","CRASH_2001_Philadelphia"
"2001217190","06","67","67301","67301","2001","03","7","2230","22","3","1","0","1","1","","","N","01","3","00","3","0","1","3","2","N","N","","","9999","","9999","","0","","N","","3 ","","","","","","","","","","2","2","0","0","0","0","0","0","0","0","0","1","1","0","0","0","0","0","0","0","1","0","0","1","0","0","0","0","0","0","0","0","0","0","0","4","0","","","","CRASH_2001_Philadelphia"
"2001237055","06","67","67301","67301","2001","04","1","1330","13","1","1","0","4","1","","","N","01","2","00","3","0","1","2","2","N","N","39 55:26.400","75 13:40.080","9999","","9999","","0","","N","","3 ","","","","","","","","","","2","0","1","0","0","0","0","1","0","0","0","1","1","0","0","0","1","0","0","0","0","0","0","0","0","0","0","0","0","0","0","0","0","0","0","4","0","39.924","-75.2278","","CRASH_2001_Philadelphia"
"2001240286","06","67","67301","67301","2001","04","3","0720","07","1","2","1","4","1","","","N","02","3","00","3","0","1","3","2","N","N","","","9999","","9999","","0","","N","","3 ","","","","","","","","","","2","2","0","0","0","0","0","0","0","0","0","1","1","0","0","0","0","0","0","0","0","0","0","2","0","0","0","0","0","0","0","0","0","0","0","4","0","","","","CRASH_2001_Philadelphia"
"2001240945","06","67","67301","67301","2001","04","2","9999","99","1","2","1","1","1","","","N","01","2","00","3","0","2","3","2","N","N","40 01:22.080","75 08:53.880","9999","","9999","","0","","N","","3 ","","","","","","","","","","2","1","0","0","1","0","0","0","0","0","0","2","2","0","0","0","0","0","0","1","0","0","0","2","0","0","0","0","0","0","0","0","0","0","0","4","0","40.0228","-75.1483","","CRASH_2001_Philadelphia"
"2001207465","06","67","67301","67301","2001","01","6","0029","00","3","1","0","1","1","","","N","00","0","00","3","0","1","2","2","N","N","40 02:52.440","75 01:54.120","9999","","9999","","0","","N","","0 ","","","","","","","","","","2","1","0","0","0","0","0","0","0","0","0","0","0","0","1","0","0","0","0","0","0","0","0","0","0","0","0","0","0","0","0","0","0","0","0","9","0","40.048","-75.0316","","CRASH_2001_Philadelphia"
"2001215732","06","67","67301","67301","2001","01","3","1058","10","1","1","0","4","1","","","N","01","2","00","3","0","1","2","2","N","N","40 00:20.520","75 05:56.400","9999","","9999","","0","","N","","3 ","","","","","","","","","","2","1","0","0","0","0","0","0","0","0","1","0","1","0","0","0","0","0","0","0","0","0","1","0","0","0","0","0","0","0","0","0","0","0","0","3","0","40.0057","-75.099","","CRASH_2001_Philadelphia"
"2001007366","06","67","67301","67301","2001","05","3","0208","02","3","6","1","7","5","","","N","00","2","01","3","0","1","1","1","N","N","40 00:22.136","75 10:36.892","0214","","0210","2","1","4","N","","3 ","N","","","","","","","","","1","1","0","0","0","0","0","0","0","1","0","0","1","0","0","0","0","0","0","0","0","0","0","0","0","0","0","0","0","0","0","0","0","0","0","2","0","40.0063","-75.1763","","CRASH_2001_Philadelphia"
"2001211739","06","67","67301","67301","2001","02","6","1350","13","1","2","1","4","1","","","N","01","2","00","3","0","0","2","3","N","N","","","9999","","9999","","0","","N","","3 ","","","","","","","","","","3","2","0","0","0","0","0","0","0","0","0","0","0","0","0","0","0","0","0","0","0","0","0","0","0","0","0","0","0","0","0","0","0","0","0","0","0","","","","CRASH_2001_Philadelphia"
"2001233495","06","67","67301","67301","2001","03","1","1245","12","1","1","0","4","1","","","N","01","2","00","3","0","7","8","2","N","N","","","9999","","9999","","0","","N","","3 ","","","","","","","","","","2","1","0","0","0","0","0","1","0","0","0","5","5","0","2","0","0","0","0","0","1","0","0","0","0","0","0","0","0","0","0","0","0","0","0","4","0","40.0619","-75.1367","","CRASH_2001_Philadelphia"
"2001240054","06","67","67301","67301","2001","04","5","0941","09","1","1","0","4","1","","","N","01","2","00","3","0","1","2","2","N","N","39 59:00.600","75 07:09.120","9999","","9999","","0","","N","","3 ","","","","","","","","","","2","0","0","0","0","2","0","0","0","0","1","0","1","0","0","0","0","0","0","0","0","0","0","0","0","0","0","0","0","0","0","0","0","0","0","3","1","39.9834","-75.1191","","CRASH_2001_Philadelphia"
"2001244731","06","67","67301","67301","2001","05","4","0615","06","1","1","0","4","1","","","N","01","2","00","3","0","1","3","2","N","N","39 57:30.600","75 14:15.000","9999","","9999","","0","","N","","3 ","","","","","","","","","","2","2","0","0","0","0","0","0","0","0","1","0","1","0","0","0","0","1","0","0","0","0","0","0","0","0","0","0","0","0","0","0","0","0","0","3","0","39.9584","-75.2375","","CRASH_2001_Philadelphia"
"2001007360","06","67","67301","67301","2001","05","7","1427","14","1","1","0","1","1","","","N","00","0","03","3","0","2","4","2","N","N","39 54:18.000","75 11:43.364","1443","","1427","1","2","4","N","","0 ","Y","","","","","","","","","2","2","0","0","0","0","0","0","0","0","0","2","2","0","0","0","0","0","0","0","0","0","0","0","0","0","0","0","0","0","0","0","0","0","0","4","0","39.9051","-75.1954","","CRASH_2001_Philadelphia"
"2001015118","06","67","67301","67301","2001","06","1","1315","13","1","1","0","5","1","","","N","03","2","00","3","0","2","3","2","N","N","40 01:47.909","75 06:11.788","1322","","1313","","0","","N","","3 ","","","","","","","","","","2","2","0","0","0","0","0","0","0","0","0","2","2","0","0","0","0","0","0","0","0","0","0","3","0","0","0","0","0","0","0","0","0","0","0","4","0","40.03","-75.1043","","CRASH_2001_Philadelphia"
"2001205946","06","67","67301","67301","2001","01","1","0217","02","3","1","3","9","1","","","N","00","0","00","3","0","0","1","2","N","N","","","9999","","9999","","0","","N","","0 ","","","","","","","","","","2","1","0","0","0","0","0","0","0","0","0","0","0","0","0","0","0","0","0","0","0","0","0","1","0","0","0","0","0","0","0","0","0","0","0","0","0","","","","CRASH_2001_Philadelphia"
"2001206023","06","67","67301","67301","2001","01","4","0943","09","1","1","1","7","5","","","N","00","0","00","3","0","1","1","1","N","N","","","9999","","9999","","0","","N","","0 ","","","","","","","","","","1","1","0","0","0","0","0","0","0","0","0","1","1","0","0","0","0","0","0","0","0","0","0","0","0","0","0","0","0","0","0","0","0","0","0","4","0","","","","CRASH_2001_Philadelphia"
"2001206163","06","67","67301","67301","2001","01","2","2356","23","3","5","1","4","1","","","N","01","9","00","3","0","0","2","2","N","N","40 05:18.240","75 02:39.120","9999","","9999","","0","","N","","9 ","","","","","","","","","","2","2","0","0","0","0","0","0","0","0","0","0","0","0","0","0","0","0","0","0","0","0","0","0","0","0","0","0","0","0","0","0","0","0","0","0","0","40.0884","-75.044","","CRASH_2001_Philadelphia"
"2001207640","06","67","67301","67301","2001","01","7","2249","22","3","1","0","1","1","","","N","06","4","02","3","0","1","5","2","N","N","39 58:33.960","75 11:44.160","9999","","9999","","0","","N","","3 ","","","","","","","","","","2","2","0","0","0","0","0","0","0","0","0","1","1","0","0","0","0","0","0","0","1","0","0","0","0","0","0","0","0","0","0","0","0","0","0","4","0","39.9761","-75.1955","","CRASH_2001_Philadelphia"
"2001209047","06","67","67301","67301","2001","01","5","1350","13","1","1","0","4","1","","","N","01","3","00","3","0","0","2","2","N","N","40 01:11.632","75 10:52.208","9999","","9999","","0","","N","","3 ","","","","","","","","","","2","2","0","0","0","0","0","0","0","0","0","0","0","0","0","0","0","0","0","0","0","0","0","0","0","0","0","0","0","0","0","0","0","0","0","0","0","40.0199","-75.1812","","CRASH_2001_Philadelphia"
"2001007123","06","67","67301","67301","2001","05","3","1058","10","1","1","0","4","1","","","N","02","3","00","3","0","1","4","2","N","N","39 58:39.801","75 13:35.394","1058","","0055","","0","","N","","1 ","","","","","","","","","","1","1","0","0","0","0","0","0","1","0","0","1","1","0","0","0","0","0","0","0","1","0","0","0","0","0","0","0","0","0","0","0","0","0","0","4","0","39.9777","-75.2264","","CRASH_2001_Philadelphia"
"2001010385","06","67","67301","67301","2001","06","4","1500","15","1","1","0","4","1","","","N","01","3","00","3","0","1","5","3","N","N","40 01:38.690","75 07:30.352","1509","","1505","","0","","N","","3 ","","","","","","","","","","3","3","0","0","0","0","0","0","0","0","0","1","1","0","0","0","0","1","0","0","0","0","0","0","0","0","0","0","0","0","0","0","0","0","0","4","0","40.0274","-75.1251","","CRASH_2001_Philadelphia"
"2001206001","06","67","67301","67301","2001","01","1","1450","14","1","1","0","9","1","","","N","00","0","00","3","0","0","1","3","N","N","","","9999","","9999","","0","","N","","0 ","","","","","","","","","","3","1","0","0","0","0","0","0","0","0","0","0","0","0","0","0","0","0","0","0","0","0","1","0","0","0","0","0","0","0","0","0","0","0","0","0","0","","","","CRASH_2001_Philadelphia"
"2001206687","06","67","67301","67301","2001","01","2","1210","12","1","2","1","7","1","","","N","00","0","00","3","0","1","1","1","N","N","","","9999","","9999","","0","","N","","0 ","","","","","","","","","","1","1","0","0","0","0","0","0","0","0","1","0","1","0","0","0","0","0","0","0","0","0","0","0","0","0","0","0","0","0","0","0","0","0","0","3","0","","","","CRASH_2001_Philadelphia"
"2001208885","06","67","67301","67301","2001","02","2","0700","07","5","2","1","4","1","","","N","01","2","00","3","0","1","2","2","N","N","40 04:14.520","75 14:28.320","9999","","9999","","0","","N","","3 ","","","","","","","","","","2","0","0","0","0","0","1","1","0","0","0","1","1","0","0","0","0","0","0","0","1","0","0","0","0","0","0","0","0","0","0","0","0","0","0","4","0","40.0709","-75.2413","","CRASH_2001_Philadelphia"
"2001231102","06","67","67301","67301","2001","03","7","1502","15","1","2","1","4","1","","","N","01","2","00","3","0","3","6","2","N","N","40 03:21.240","75 07:37.200","9999","","9999","","0","","N","","3 ","","","","","","","","","","2","2","0","0","0","0","0","0","0","0","0","3","3","0","0","0","0","0","0","0","0","0","0","0","0","0","0","0","0","0","0","0","0","0","0","4","0","40.0559","-75.127","","CRASH_2001_Philadelphia"
"2001233494","06","67","67301","67301","2001","03","5","2200","22","3","2","1","4","1","","","N","01","3","00","3","0","2","2","2","N","N","","","9999","","9999","","0","","N","","3 ","","","","","","","","","","2","1","0","0","1","0","0","0","0","0","0","2","2","0","0","0","0","0","0","0","0","0","0","0","0","0","0","0","0","0","0","0","0","0","0","4","0","","","","CRASH_2001_Philadelphia"
"2001206064","06","67","67301","67501","2001","01","5","0807","08","1","1","0","1","1","","","N","00","0","03","3","0","0","4","3","N","N","","","9999","","9999","","0","","N","","0 ","","","","","","","","","","3","2","0","0","1","0","0","0","0","0","0","0","0","0","0","0","0","0","1","0","1","0","0","0","0","0","0","0","0","0","0","0","0","0","0","0","0","","","","CRASH_2001_Philadelphia"
"2001211391","06","67","67301","67301","2001","01","7","1051","10","1","1","1","7","5","","","N","01","1","00","3","0","0","1","1","N","N","39 54:27.360","75 11:24.000","9999","","9999","","0","","N","","3 ","","","","","","","","","","1","1","0","0","0","0","0","0","0","0","0","0","0","0","0","0","0","0","0","0","0","0","0","0","0","0","0","0","0","0","0","0","0","0","0","0","0","39.9075","-75.19","","CRASH_2001_Philadelphia"
"2001014288","06","67","67301","67504","2001","06","2","2008","20","4","1","0","5","1","","","N","01","4","00","3","0","2","5","4","N","N","39 57:20.578","75 12:07.949","2013","","2011","","0","","N","","3 ","","","","","","","","","","4","3","0","0","1","0","0","0","0","0","0","2","2","0","0","0","0","0","0","0","0","0","0","2","0","0","0","0","0","0","0","0","0","0","0","4","0","39.9541","-75.2025","","CRASH_2001_Philadelphia"
"2001216874","06","67","67301","67301","2001","03","7","0150","01","3","1","0","8","1","","","N","00","0","00","3","0","1","2","2","N","N","","","9999","","9999","","0","","N","","0 ","","","","","","","","","","1","0","0","0","0","0","0","0","0","0","0","1","1","0","0","0","0","0","0","0","0","0","0","0","0","0","0","0","0","0","0","0","1","0","0","4","0","","","","CRASH_2001_Philadelphia"
"2001233208","06","67","67301","67301","2001","03","1","0315","03","3","1","0","4","1","","","N","01","2","00","3","0","4","4","2","N","N","40 04:50.160","75 01:41.880","9999","","9999","","0","","N","","3 ","","","","","","","","","","2","1","0","0","0","0","1","0","0","0","2","2","4","0","0","0","0","0","0","0","0","0","0","0","0","0","0","0","0","0","0","0","0","0","0","3","0","40.0808","-75.0284","","CRASH_2001_Philadelphia"
"2001008763","06","67","67301","67301","2001","05","1","0045","00","3","2","1","1","1","","","N","01","2","00","3","0","1","2","2","N","N","39 55:28.920","75 10:25.680","0110","","0106","","0","","N","","3 ","","","","","","","","","","2","2","0","0","0","0","0","0","0","0","0","1","1","0","0","0","0","0","0","0","0","0","0","0","0","0","0","0","0","0","0","0","0","0","0","4","0","39.9247","-75.1738","","CRASH_2001_Philadelphia"
"2001018215","06","67","67301","67301","2001","06","5","0355","03","3","1","0","4","1","","","N","01","2","00","3","0","0","2","2","N","N","39 57:27.828","75 13:53.310","0400","","0400","","0","","N","","3 ","","","","","","","","","","2","2","0","0","0","0","0","0","0","0","0","0","0","0","0","0","0","0","0","0","0","0","0","0","0","0","0","0","0","0","0","0","0","0","0","0","0","39.9592","-75.2311","","CRASH_2001_Philadelphia"
"2001205944","06","67","67301","67301","2001","01","7","9999","99","1","1","0","9","1","","","N","00","0","02","3","0","2","2","1","N","N","","","9999","","9999","","0","","N","","0 ","","","","","","","","","","1","1","0","0","0","0","0","0","0","0","0","1","1","0","1","0","0","0","0","0","0","0","0","0","0","0","0","0","0","0","0","0","0","0","0","4","0","","","","CRASH_2001_Philadelphia"
"2001211366","06","67","67301","67301","2001","02","5","2126","21","2","1","0","8","1","","","N","00","0","00","3","0","1","2","2","N","N","","","9999","","9999","","0","","N","","0 ","","","","","","","","","","1","1","0","0","0","0","0","0","0","0","1","0","1","0","0","0","0","0","0","0","0","1","0","0","0","0","0","0","0","0","0","0","1","0","0","3","0","","","","CRASH_2001_Philadelphia"
"2001204121","06","67","67301","67301","2001","01","3","2100","21","3","1","3","9","1","","","N","00","0","00","3","0","4","6","3","N","N","","","9999","","9999","","0","","N","","0 ","","","","","","","","","","3","1","0","0","0","0","0","0","0","0","0","0","0","0","4","0","0","0","0","0","0","0","0","0","0","0","0","0","0","0","0","0","0","0","0","9","0","","","","CRASH_2001_Philadelphia"
"2001209010","06","67","67301","67301","2001","01","2","0808","08","1","1","3","4","1","","","N","01","3","00","3","0","2","3","2","N","N","40 04:01.347","75 10:24.416","9999","","9999","","0","","N","","3 ","","","","","","","","","","2","2","0","0","0","0","0","0","0","0","0","2","2","0","0","0","0","0","1","0","0","0","0","0","0","0","0","0","0","0","0","0","0","0","0","4","0","40.067","-75.1734","","CRASH_2001_Philadelphia"
"2001233403","06","67","67301","67301","2001","03","1","1500","15","1","1","0","1","1","","","N","01","2","00","3","0","1","2","2","N","N","40 03:30.240","75 11:22.200","9999","","9999","","0","","N","","3 ","","","","","","","","","","2","2","0","0","0","0","0","0","0","0","0","0","0","0","1","0","0","0","0","0","0","0","0","0","0","0","0","0","0","0","0","0","0","0","0","9","0","40.0584","-75.1894","","CRASH_2001_Philadelphia"
"2001238218","06","67","67301","67301","2001","04","5","1223","12","1","1","0","4","1","","","N","00","0","00","3","0","1","2","2","N","N","","","9999","","9999","","0","","N","","0 ","","","","","","","","","","2","2","0","0","0","0","0","0","0","0","0","0","0","0","1","0","0","0","0","0","0","1","0","0","0","0","0","0","0","0","0","0","0","0","0","9","0","","","","CRASH_2001_Philadelphia"
"2001244670","06","67","67301","67301","2001","04","3","1600","16","1","1","0","8","1","","","N","00","0","00","3","0","1","2","2","N","N","","","9999","","9999","","0","","N","","0 ","","","","","","","","","","1","1","0","0","0","0","0","0","0","0","0","1","1","0","0","0","0","0","0","0","0","0","0","0","0","0","0","0","0","0","0","0","1","0","0","4","0","","","","CRASH_2001_Philadelphia"
"2001239068","06","67","67301","67301","2001","04","5","1600","16","1","1","0","7","5","","","N","00","0","00","3","0","1","1","1","N","N","39 58:57.000","75 12:06.480","9999","","9999","","0","","N","","0 ","","","","","","","","","","1","0","0","0","0","0","1","0","0","0","0","1","1","0","0","0","0","0","0","0","0","0","0","0","0","0","0","0","0","0","0","0","0","0","0","4","0","39.9824","-75.2017","","CRASH_2001_Philadelphia"
"2001211486","06","67","67301","67301","2001","02","2","0630","06","1","1","0","8","1","","","N","01","2","00","3","0","1","2","2","N","N","40 04:26.865","75 09:30.131","9999","","9999","","0","","N","","3 ","","","","","","","","","","1","1","0","0","0","0","0","0","0","0","1","0","1","0","0","0","0","0","0","0","0","0","0","1","0","0","0","0","0","0","0","0","1","0","0","3","0","40.0741","-75.1584","","CRASH_2001_Philadelphia"
"2001215497","06","67","67301","67301","2001","03","3","1730","17","3","1","0","1","1","","","N","01","3","00","3","0","1","3","3","N","N","40 07:30.036","75 01:03.799","9999","","9999","","0","","N","","3 ","","","","","","","","","","3","1","0","0","1","0","0","0","0","0","0","0","0","0","1","0","0","0","0","1","1","0","0","0","0","0","0","0","0","0","0","0","0","0","0","9","0","40.125","-75.0177","","CRASH_2001_Philadelphia"
"2001233186","06","67","67301","67301","2001","04","6","1646","16","1","1","0","7","5","","","N","00","0","00","3","0","0","1","1","N","N","","","9999","","9999","","0","","N","","0 ","","","","","","","","","","1","1","0","0","0","0","0","0","0","0","0","0","0","0","0","0","0","0","0","0","0","0","0","0","0","0","0","0","0","0","0","0","0","0","0","0","0","","","","CRASH_2001_Philadelphia"
"2001243440","06","67","67301","67301","2001","05","3","1800","18","1","1","0","1","1","","","N","00","0","00","3","0","1","3","3","N","N","40 02:19.320","75 00:31.680","9999","","9999","","0","","N","","0 ","","","","","","","","","","3","3","0","0","0","0","0","0","0","1","0","0","1","0","0","0","0","0","0","0","0","0","0","0","0","0","0","1","0","0","0","0","0","0","0","2","0","40.0386","-75.0091","","CRASH_2001_Philadelphia"
"2001204123","06","67","67301","67301","2001","01","5","1500","15","1","1","0","8","1","","","N","00","0","00","3","0","1","2","2","N","N","40 01:50.520","75 08:47.760","9999","","9999","","0","","N","","0 ","","","","","","","","","","1","0","0","0","0","0","0","1","0","0","0","1","1","0","0","0","0","0","0","0","1","0","0","0","0","0","0","0","0","0","0","0","1","0","0","4","0","40.0306","-75.1466","","CRASH_2001_Philadelphia"
"2001204688","06","67","67301","67301","2001","01","6","1300","13","1","4","3","6","1","","","N","00","0","00","3","0","0","2","2","N","N","","","9999","","9999","","0","","N","","0 ","","","","","","","","","","2","1","0","0","1","0","0","0","0","0","0","0","0","0","0","0","0","0","0","0","0","0","0","0","0","0","0","0","0","0","0","0","0","0","0","0","0","","","","CRASH_2001_Philadelphia"
"2001211708","06","67","67301","67301","2001","02","4","0955","09","1","1","0","5","1","","","N","00","0","00","3","0","0","2","2","N","N","39 58:07.320","75 08:09.600","9999","","9999","","0","","N","","0 ","","","","","","","","","","2","2","0","0","0","0","0","0","0","0","0","0","0","0","0","0","0","0","0","0","1","0","0","2","0","0","0","0","0","0","0","0","0","0","0","0","0","39.9689","-75.136","","CRASH_2001_Philadelphia"
"2001006995","06","67","67301","67301","2001","05","4","1705","17","1","1","0","1","1","","","N","00","2","00","3","0","1","2","2","N","N","40 01:43.779","75 05:22.986","1725","","1717","","0","","N","","3 ","","","","","","","","","","2","2","0","0","0","0","0","0","0","0","0","1","1","0","0","0","0","0","0","0","1","0","0","0","0","0","0","0","0","0","0","0","0","0","0","4","0","40.0286","-75.0901","","CRASH_2001_Philadelphia"
"2001010377","06","67","67301","67301","2001","06","3","1830","18","1","1","0","4","1","","","N","01","2","00","3","0","2","4","2","N","N","39 59:49.200","75 07:02.640","1840","","1832","","0","","N","","3 ","","","","","","","","","","2","2","0","0","0","0","0","0","0","0","1","1","2","0","0","0","0","1","0","0","0","0","0","0","0","0","0","0","0","0","0","0","0","0","0","3","0","39.997","-75.1174","","CRASH_2001_Philadelphia"
"2001204137","06","67","67301","67301","2001","01","4","1123","11","1","1","3","4","1","","","N","02","2","00","3","0","2","3","2","N","N","39 55:32.060","75 14:03.558","9999","","9999","","0","","N","","3 ","","","","","","","","","","2","2","0","0","0","0","0","0","0","0","2","0","2","0","0","0","0","0","0","0","0","0","0","0","0","0","0","0","0","0","0","0","0","0","0","3","0","39.9256","-75.2343","","CRASH_2001_Philadelphia"
"2001208901","06","67","67301","67301","2001","02","7","1640","16","1","1","0","4","1","","","N","01","2","00","3","0","2","2","2","N","N","39 57:46.440","75 12:07.200","9999","","9999","","0","","N","","3 ","","","","","","","","","","2","2","0","0","0","0","0","0","0","0","1","1","2","0","0","0","0","0","0","0","0","0","0","0","0","0","0","0","0","0","0","0","0","0","0","3","0","39.9629","-75.2019","","CRASH_2001_Philadelphia"
"2001233277","06","67","67301","67301","2001","03","4","1550","15","1","1","0","1","1","","","N","00","0","00","3","0","2","6","4","N","N","39 57:26.640","75 09:01.800","9999","","9999","","0","","N","","0 ","","","","","","","","","","4","1","0","0","1","0","0","0","0","0","0","1","1","0","1","0","0","0","0","0","0","0","0","0","0","0","0","0","0","0","0","0","0","0","0","4","0","39.9575","-75.1505","","CRASH_2001_Philadelphia"
"2001239121","06","67","67301","67301","2001","04","4","9999","99","1","1","1","4","1","","","N","01","2","00","3","0","1","3","2","N","N","","","9999","","9999","","0","","N","","3 ","","","","","","","","","","2","1","0","0","0","1","0","0","0","0","0","1","1","0","0","0","0","0","0","0","2","0","0","0","0","0","0","0","0","0","0","0","0","0","0","4","0","","","","CRASH_2001_Philadelphia"
"2001240022","06","67","67301","67301","2001","04","1","0133","01","3","1","0","7","1","","","N","00","0","00","3","0","1","1","1","N","N","39 59:36.240","75 04:52.680","9999","","9999","","0","","N","","0 ","","","","","","","","","","1","0","0","0","0","0","0","1","0","0","1","0","1","0","0","0","0","0","0","0","0","0","0","1","0","0","0","0","0","0","0","0","0","0","0","3","0","39.9933","-75.0814","","CRASH_2001_Philadelphia"
"2001243279","06","67","67301","67301","2001","04","6","1530","15","1","1","0","9","1","","","N","00","0","00","3","0","0","1","2","N","N","","","9999","","9999","","0","","N","","0 ","","","","","","","","","","2","1","0","0","0","0","0","0","0","0","0","0","0","0","0","0","0","0","0","0","0","0","0","0","0","0","0","0","0","0","0","0","0","0","0","0","0","","","","CRASH_2001_Philadelphia"
"2001204630","06","67","67301","67301","2001","01","6","1415","14","1","4","3","9","1","","","N","00","0","00","3","0","1","3","2","N","N","40 01:11.640","75 12:37.440","9999","","9999","","0","","N","","0 ","","","","","","","","","","2","0","0","0","0","0","0","1","0","0","0","0","0","0","1","0","0","0","0","0","0","0","0","0","0","0","0","0","0","0","0","0","0","0","0","9","0","40.02","-75.2104","","CRASH_2001_Philadelphia"
"2001204683","06","67","67301","67301","2001","01","6","0730","07","1","9","9","4","1","","","N","00","0","00","3","0","0","4","2","N","N","","","9999","","9999","","0","","N","","0 ","","","","","","","","","","2","2","0","0","0","0","0","0","0","0","0","0","0","0","0","0","0","0","0","0","0","1","0","0","0","0","0","0","0","0","0","0","0","0","0","0","0","","","","CRASH_2001_Philadelphia"
"2001211343","06","67","67301","67301","2001","02","4","1828","18","3","2","1","4","1","","","N","05","2","00","3","0","1","2","2","N","N","39 59:13.560","75 07:21.000","9999","","9999","","0","","N","","3 ","","","","","","","","","","2","2","0","0","0","0","0","0","0","0","0","1","1","0","0","0","0","0","0","1","1","0","0","0","0","0","0","0","0","0","0","0","0","0","0","4","0","39.987","-75.1224","","CRASH_2001_Philadelphia"
"2001239013","06","67","67301","67301","2001","04","6","1645","16","1","1","0","4","1","","","N","02","3","00","3","0","1","3","2","N","N","40 01:41.801","75 07:12.241","9999","","9999","","0","","N","","3 ","","","","","","","","","","2","2","0","0","0","0","0","0","0","0","0","1","1","0","0","0","0","0","0","0","0","0","0","0","0","0","0","0","0","0","0","0","0","0","0","4","0","40.0283","-75.1201","","CRASH_2001_Philadelphia"
"2001240278","06","67","67301","67301","2001","04","3","1625","16","1","1","0","4","1","","","N","01","3","00","3","0","1","3","6","N","N","","","9999","","9999","","0","","N","","3 ","","","","","","","","","","6","2","0","0","0","0","0","0","0","0","0","1","1","0","0","0","0","0","0","0","0","0","0","0","0","0","0","0","0","0","0","0","0","0","0","4","0","","","","CRASH_2001_Philadelphia"