"CRN","DISTRICT","COUNTY","MUNICIPALITY","POLICE_AGCY","CRASH_YEAR","CRASH_MONTH","DAY_OF_WEEK","TIME_OF_DAY","HOUR_OF_DAY","ILLUMINATION","WEATHER","ROAD_CONDITION","COLLISION_TYPE","RELATION_TO_ROAD","WORK_ZONE_TYPE","WORK_ZONE_LOC","WORK_ZONE_IND","INTERSECT_TYPE","TCD_TYPE","LOCATION_TYPE","URBAN_RURAL","FATAL_COUNT","INJURY_COUNT","PERSON_COUNT","TOTAL_UNITS","SCH_BUS_IND","SCH_ZONE_IND","LATITUDE","LONGITUDE","ARRIVAL_TM","CONS_ZONE_SPD_LIM","DISPATCH_TM","EST_HRS_CLOSED","LANE_CLOSED","LN_CLOSE_DIR","NTFY_HIWY_MAINT","SPEC_JURIS_CD","TCD_FUNC_CD","TFC_DETOUR_IND","WORKERS_PRES","WZ_CLOSE_DETOUR","WZ_FLAGGER","WZ_LAW_OFFCR_IND","WZ_LN_CLOSURE","WZ_MOVING","WZ_OTHER","WZ_SHLDER_MDN","VEHICLE_COUNT","AUTOMOBILE_COUNT","MOTORCYCLE_COUNT","BUS_COUNT","SMALL_TRUCK_COUNT","HEAVY_TRUCK_COUNT","SUV_COUNT","VAN_COUNT","BICYCLE_COUNT","MAJ_INJ_COUNT","MOD_INJ_COUNT","MIN_INJ_COUNT","TOT_INJ_COUNT","UNK_INJ_DEG_COUNT","UNK_INJ_PER_COUNT","DRIVER_COUNT_16YR","DRIVER_COUNT_17YR","DRIVER_COUNT_18YR","DRIVER_COUNT_19YR","DRIVER_COUNT_20YR","DRIVER_COUNT_50_64YR","DRIVER_COUNT_65_74YR","DRIVER_COUNT_75PLUS","UNBELTED_OCC_COUNT","UNB_DEATH_COUNT","UNB_MAJ_INJ_COUNT","BELTED_DEATH_COUNT","BELTED_MAJ_INJ_COUNT","MCYCLE_DEATH_COUNT","MCYCLE_MAJ_INJ_COUNT","BICYCLE_DEATH_COUNT","BICYCLE_MAJ_INJ_COUNT","PED_COUNT","PED_DEATH_COUNT","PED_MAJ_INJ_COUNT","MAX_SEVERITY_LEVEL","COMM_VEH_COUNT","DEC_LAT","DEC_LONG","RDWY_SURF_TYPE_CD","COUNTY_YEAR"
"2001243533","06","67","67301","67301","2001","04","2","2145","21","3","1","0","5","1","","","N","00","0","00","3","0","0","2","2","N","N","39 54:38.880","75 14:34.080","9999","","9999","","0","","N","","0 ","","","","","","","","","","2","2","0","0","0","0","0","0","0","0","0","0","0","0","0","0","0","0","0","0","1","0","1","0","0","0","0","0","0","0","0","0","0","0","0","0","0","39.9106","-75.2426","","CRASH_2001_Philadelphia"
"2001243543","06","67","67301","67301","2001","05","6","1630","16","1","1","0","5","1","","","N","00","0","00","3","0","8","13","5","N","N","39 59:11.040","75 09:22.320","9999","","9999","","0","","N","","0 ","","","","","","","","","","5","3","0","1","1","0","0","0","0","0","0","0","0","0","8","0","0","0","0","0","0","2","0","0","0","0","0","0","0","0","0","0","0","0","0","9","1","39.9864","-75.1562","","CRASH_2001_Philadelphia"
"2001209085","06","67","67301","67301","2001","01","4","2038","20","3","1","0","7","5","","","N","00","0","00","3","0","0","1","1","N","N","","","9999","","9999","","0","","N","","0 ","","","","","","","","","","1","1","0","0","0","0","0","0","0","0","0","0","0","0","0","0","0","0","0","0","0","0","0","0","0","0","0","0","0","0","0","0","0","0","0","0","0","","","","CRASH_2001_Philadelphia"
"2001211367","06","67","67301","67301","2001","02","5","1811","18","1","1","0","4","1","","","N","02","3","07","3","0","2","2","2","N","N","40 05:52.263","75 03:55.519","9999","","9999","","0","","N","","3 ","","","","","","","","","","2","2","0","0","0","0","0","0","0","0","0","2","2","0","0","0","0","0","0","0","0","1","0","0","0","0","0","0","0","0","0","0","0","0","0","4","0","40.0979","-75.0654","","CRASH_2001_Philadelphia"
"2001212894","06","67","67301","67301","2001","02","1","1328","13","1","1","0","4","1","","","N","01","2","00","3","0","0","2","2","N","N","","","9999","","9999","","0","","N","","3 ","","","","","","","","","","2","2","0","0","0","0","0","0","0","0","0","0","0","0","0","0","0","0","0","0","0","0","0","0","0","0","0","0","0","0","0","0","0","0","0","0","0","","","","CRASH_2001_Philadelphia"
"2001214569","06","67","67301","67301","2001","03","6","1443","14","1","1","0","4","1","","","N","02","3","00","3","0","0","2","2","N","N","40 05:47.040","74 58:31.800","9999","","9999","","0","","N","","3 ","","","","","","","","","","2","1","0","0","1","0","0","0","0","0","0","0","0","0","0","0","0","0","0","0","0","0","0","0","0","0","0","0","0","0","0","0","0","0","0","0","0","40.0964","-74.9755","","CRASH_2001_Philadelphia"
"2001207322","06","67","67301","67301","2001","01","7","2230","22","3","2","1","1","1","","","N","01","2","00","3","0","1","2","2","N","N","40 02:55.680","75 00:44.640","9999","","9999","","0","","N","","3 ","","","","","","","","","","2","2","0","0","0","0","0","0","0","0","1","0","1","0","0","0","0","0","0","0","1","0","0","0","0","0","0","0","0","0","0","0","0","0","0","3","0","40.0488","-75.0123","","CRASH_2001_Philadelphia"
"2001210773","06","67","67301","67301","2001","02","6","1520","15","1","1","0","8","1","","","N","02","0","00","3","0","1","7","2","N","N","","","9999","","9999","","0","","N","","0 ","","","","","","","","","","1","1","0","0","0","0","0","0","0","0","0","1","1","0","0","0","0","0","0","0","0","0","0","0","0","0","0","0","0","0","0","0","1","0","0","4","0","","","","CRASH_2001_Philadelphia"
"2001238908","06","67","67301","67301","2001","04","1","0255","02","3","1","0","7","5","","","N","00","0","00","3","0","0","1","1","N","N","","","9999","","9999","","0","","N","","0 ","","","","","","","","","","1","1","0","0","0","0","0","0","0","0","0","0","0","0","0","0","0","0","0","0","0","0","0","0","0","0","0","0","0","0","0","0","0","0","0","0","0","","","","CRASH_2001_Philadelphia"
"2001240093","06","67","67301","67301","2001","04","2","0755","07","1","1","0","4","1","","","N","01","2","00","3","0","0","7","2","N","N","40 02:12.480","75 04:47.280","9999","","9999","","0","","N","","3 ","","","","","","","","","","2","2","0","0","0","0","0","0","0","0","0","0","0","0","0","0","0","0","0","0","0","0","0","3","0","0","0","0","0","0","0","0","0","0","0","0","0","40.0369","-75.0799","","CRASH_2001_Philadelphia"
"2001007002","06","67","67301","67301","2001","05","3","1230","12","1","1","0","1","1","","","N","04","2","00","3","0","1","3","2","N","N","40 01:05.357","75 05:50.528","1242","","1240","","0","","N","","3 ","","","","","","","","","","2","0","0","0","0","0","2","0","0","0","0","1","1","0","1","0","0","0","0","0","0","0","0","0","0","0","0","0","0","0","0","0","0","0","0","4","0","40.0182","-75.0974","","CRASH_2001_Philadelphia"
"2001015109","06","67","67301","67301","2001","06","3","1504","15","1","1","0","4","1","","","N","01","2","00","3","0","1","2","2","N","N","40 01:38.140","75 10:15.950","1559","","1504","","0","","N","","3 ","","","","","","","","","","2","1","0","0","1","0","0","0","0","0","0","1","1","0","0","0","0","0","0","0","1","0","0","0","0","0","0","0","0","0","0","0","0","0","0","4","0","40.0272","-75.171","","CRASH_2001_Philadelphia"
"2001019599","06","67","67301","67301","2001","05","3","1111","11","1","1","0","4","1","","","N","01","2","00","3","0","8","9","2","N","N","39 57:34.229","75 13:59.364","1113","","1111","","0","","N","","3 ","","","","","","","","","","2","1","0","1","0","0","0","0","0","0","0","8","8","0","0","0","0","0","0","0","0","0","0","0","0","0","0","0","0","0","0","0","0","0","0","4","1","39.9579","-75.2335","","CRASH_2001_Philadelphia"
"2001208977","06","67","67301","67301","2001","01","6","1250","12","1","1","0","9","1","","","N","00","0","00","3","0","0","1","2","N","N","","","9999","","9999","","0","","N","","0 ","","","","","","","","","","2","0","0","0","0","0","0","0","0","0","0","0","0","0","0","0","0","0","0","0","0","0","0","0","0","0","0","0","0","0","0","0","0","0","0","0","0","","","","CRASH_2001_Philadelphia"
"2001215527","06","67","67301","67301","2001","02","7","0137","01","3","1","0","7","5","","","N","00","0","00","3","0","2","2","1","N","N","39 58:30.000","75 11:48.120","9999","","9999","","0","","N","","0 ","","","","","","","","","","1","1","0","0","0","0","0","0","0","2","0","0","2","0","0","0","0","0","0","0","0","0","0","0","0","0","0","0","0","0","0","0","0","0","0","2","0","39.975","-75.1967","","CRASH_2001_Philadelphia"
"2001243446","06","67","67301","67301","2001","05","4","1031","10","1","1","0","1","1","","","N","01","2","00","3","0","1","2","2","N","N","40 03:14.400","75 02:56.400","9999","","9999","","0","","N","","3 ","","","","","","","","","","2","1","0","0","0","0","1","0","0","0","0","1","1","0","0","0","0","0","0","0","0","0","0","0","0","0","0","0","0","0","0","0","0","0","0","4","0","40.0541","-75.049","","CRASH_2001_Philadelphia"
"2001204119","06","67","67301","67301","2001","01","3","0840","08","1","1","0","1","1","","","N","01","2","00","3","0","1","2","2","N","N","","","9999","","9999","","0","","N","","3 ","","","","","","","","","","2","2","0","0","0","0","0","0","0","0","0","1","1","0","0","0","0","0","0","0","1","0","0","0","0","0","0","0","0","0","0","0","0","0","0","4","0","40.0619","-75.1367","","CRASH_2001_Philadelphia"
"2001204161","06","67","67301","67301","2001","01","2","0205","02","3","4","3","4","1","","","N","01","3","00","3","0","1","2","2","N","N","40 00:44.384","75 08:19.139","9999","","9999","","0","","N","","3 ","","","","","","","","","","2","2","0","0","0","0","0","0","0","0","0","1","1","0","0","0","0","0","0","0","1","0","0","0","0","0","0","0","0","0","0","0","0","0","0","4","0","40.0123","-75.1386","","CRASH_2001_Philadelphia"
"2001008602","06","67","67301","67301","2001","06","3","0412","04","3","1","0","5","1","","","N","00","0","00","3","0","2","5","2","N","N","39 58:44.232","75 05:52.199","0419","","0413","","0","","N","","0 ","","","","","","","","","","2","1","0","0","0","1","0","0","0","0","0","2","2","0","0","0","0","0","0","0","0","0","0","0","0","0","0","0","0","0","0","0","0","0","0","4","1","39.9789","-75.0979","","CRASH_2001_Philadelphia"
"2001016765","06","67","67301","67301","2001","05","5","1500","15","1","1","0","8","1","","","N","03","0","00","3","0","1","2","2","N","N","40 00:39.456","75 09:52.098","1535","","1531","","0","","N","","0 ","","","","","","","","","","1","1","0","0","0","0","0","0","0","0","0","1","1","0","0","0","0","0","0","0","0","0","0","0","0","0","0","0","0","0","0","0","1","0","0","4","0","40.0109","-75.1643","","CRASH_2001_Philadelphia"
"2001200543","06","67","67301","67301","2001","01","7","0206","02","3","1","0","7","1","","","N","00","0","00","3","0","3","3","1","N","N","","","9999","","9999","","0","","N","","0 ","","","","","","","","","","1","1","0","0","0","0","0","0","0","1","2","0","3","0","0","0","1","0","0","0","0","0","0","3","0","1","0","0","0","0","0","0","0","0","0","2","0","","","","CRASH_2001_Philadelphia"
"2001207581","06","67","67301","67301","2001","01","3","0635","06","3","1","0","7","5","","","N","00","0","00","3","0","1","1","1","N","N","","","9999","","9999","","0","","N","","0 ","","","","","","","","","","1","1","0","0","0","0","0","0","0","0","0","0","0","0","1","0","0","0","0","0","1","0","0","0","0","0","0","0","0","0","0","0","0","0","0","9","0","","","","CRASH_2001_Philadelphia"
"2001210616","06","67","67301","67301","2001","02","5","0130","01","3","1","0","7","1","","","N","00","0","00","3","0","0","1","1","N","N","40 01:06.960","75 08:57.840","9999","","9999","","0","","N","","0 ","","","","","","","","","","1","1","0","0","0","0","0","0","0","0","0","0","0","0","0","0","0","0","0","0","0","0","0","0","0","0","0","0","0","0","0","0","0","0","0","0","0","40.0185","-75.1492","","CRASH_2001_Philadelphia"
"2001210751","06","67","67301","67301","2001","02","6","2012","20","3","1","0","9","1","","","N","00","0","00","3","0","1","1","2","N","N","","","9999","","9999","","0","","N","","0 ","","","","","","","","","","2","0","0","0","1","0","0","0","0","0","0","1","1","0","0","0","0","0","0","0","0","0","0","0","0","0","0","0","0","0","0","0","0","0","0","4","0","","","","CRASH_2001_Philadelphia"
"2001233204","06","67","67301","67301","2001","03","1","1800","18","1","1","0","8","1","","","N","01","9","00","3","0","1","3","2","N","N","39 55:20.280","75 09:12.240","9999","","9999","","0","","N","","9 ","","","","","","","","","","1","0","0","0","0","0","0","1","0","0","0","1","1","0","0","0","0","0","0","0","0","0","0","0","0","0","0","0","0","0","0","0","1","0","0","4","0","39.9223","-75.1534","","CRASH_2001_Philadelphia"
"2001243342","06","67","67301","67301","2001","04","6","1751","17","1","1","0","4","1","","","N","01","2","00","3","0","1","2","2","N","N","40 01:51.960","75 10:40.080","9999","","9999","","0","","N","","3 ","","","","","","","","","","1","1","0","0","0","0","0","0","1","0","0","1","1","0","0","0","0","0","0","0","0","0","0","0","0","0","0","0","0","0","0","0","0","0","0","4","0","40.0311","-75.1778","","CRASH_2001_Philadelphia"
"2001243581","06","67","67301","67301","2001","03","4","1725","17","1","1","0","1","1","","","N","01","3","00","3","0","2","3","2","N","N","","","9999","","9999","","0","","N","","3 ","","","","","","","","","","2","2","0","0","0","0","0","0","0","0","1","0","1","0","1","0","0","0","0","0","0","1","0","0","0","0","0","0","0","0","0","0","0","0","0","3","0","","","","CRASH_2001_Philadelphia"
"2001009115","06","67","67301","67301","2001","05","2","1600","16","1","1","0","4","1","","","N","00","0","00","3","0","1","2","2","N","N","39 58:41.460","75 09:55.349","1047","","1037","","0","","N","","0 ","","","","","","","","","","1","1","0","0","0","0","0","0","1","0","0","1","1","0","0","0","0","0","0","0","0","0","0","0","0","0","0","0","0","0","0","0","0","0","0","4","0","39.9782","-75.1654","","CRASH_2001_Philadelphia"
"2001018241","06","67","67301","67301","2001","06","6","0425","04","3","1","0","7","5","","","N","00","0","02","3","0","0","1","1","N","N","40 02:39.480","75 00:07.920","0434","","0430","","0","","N","","0 ","","","","","","","","","","1","1","0","0","0","0","0","0","0","0","0","0","0","0","0","0","0","0","0","0","0","0","0","0","0","0","0","0","0","0","0","0","0","0","0","0","0","40.0436","-75.0027","","CRASH_2001_Philadelphia"
"2001211736","06","67","67301","67301","2001","02","5","1855","18","3","1","0","4","1","","","N","01","2","00","3","0","3","3","3","N","N","40 00:28.800","75 10:20.640","9999","","9999","","0","","N","","3 ","","","","","","","","","","3","3","0","0","0","0","0","0","0","0","2","0","2","0","1","0","0","0","0","0","0","1","0","0","0","0","0","0","0","0","0","0","0","0","0","3","0","40.008","-75.1724","","CRASH_2001_Philadelphia"
"2001231561","06","67","67301","67301","2001","03","1","1220","12","1","1","0","5","1","","","N","00","0","00","3","0","0","3","2","N","N","40 00:12.960","75 10:53.400","9999","","9999","","0","","N","","0 ","","","","","","","","","","2","1","0","0","0","0","0","1","0","0","0","0","0","0","0","0","0","0","0","0","0","0","0","0","0","0","0","0","0","0","0","0","0","0","0","0","0","40.0038","-75.181","","CRASH_2001_Philadelphia"
"2001019659","06","67","67301","67301","2001","06","3","2016","20","3","1","0","1","1","","","N","10","2","00","3","0","0","2","2","N","N","39 55:56.906","75 13:28.606","2016","","2009","","0","","N","","3 ","","","","","","","","","","2","2","0","0","0","0","0","0","0","0","0","0","0","0","0","0","0","1","0","0","0","0","0","1","0","0","0","0","0","0","0","0","0","0","0","0","0","39.9325","-75.2246","","CRASH_2001_Philadelphia"
"2001007032","06","67","67301","67301","2001","06","2","0653","06","1","1","0","4","1","","","N","01","2","00","3","0","1","2","2","N","N","39 58:49.348","75 10:14.957","0725","","0725","","0","","N","","3 ","","","","","","","","","","2","2","0","0","0","0","0","0","0","0","1","0","1","0","0","0","0","0","0","1","0","0","0","0","0","0","0","0","0","0","0","0","0","0","0","3","0","39.9789","-75.1594","","CRASH_2001_Philadelphia"
"2001209035","06","67","67301","67301","2001","01","2","1700","17","3","1","3","5","1","","","N","00","0","00","3","0","0","2","2","N","N","40 01:35.040","75 06:56.880","9999","","9999","","0","","N","","0 ","","","","","","","","","","2","1","0","0","0","0","0","1","0","0","0","0","0","0","0","0","0","0","1","0","0","0","0","0","0","0","0","0","0","0","0","0","0","0","0","0","0","40.0264","-75.116","","CRASH_2001_Philadelphia"
"2001209164","06","67","67301","67301","2001","01","1","2327","23","3","1","0","4","1","","","N","01","2","00","3","0","0","3","3","N","N","40 02:44.520","75 01:53.400","9999","","9999","","0","","N","","3 ","","","","","","","","","","3","1","0","0","1","0","1","0","0","0","0","0","0","0","0","0","0","0","0","0","0","0","0","0","0","0","0","0","0","0","0","0","0","0","0","0","0","40.0457","-75.0316","","CRASH_2001_Philadelphia"
"2001215618","06","67","67301","67301","2001","03","5","1528","15","1","1","0","4","1","","","N","01","2","00","3","0","1","2","2","N","N","39 57:14.760","75 10:40.440","9999","","9999","","0","","N","","3 ","","","","","","","","","","1","1","0","0","0","0","0","0","1","0","0","0","0","0","1","0","0","0","0","0","0","0","0","0","0","0","0","0","0","0","0","0","0","0","0","9","0","39.9541","-75.1778","","CRASH_2001_Philadelphia"
"2001233090","06","67","67301","67301","2001","04","4","1220","12","1","1","0","4","1","","","N","01","2","00","3","0","0","2","2","N","N","40 05:40.560","75 00:53.640","9999","","9999","","0","","N","","3 ","","","","","","","","","","2","2","0","0","0","0","0","0","0","0","0","0","0","0","0","0","0","0","0","0","0","0","0","0","0","0","0","0","0","0","0","0","0","0","0","0","0","40.0946","-75.0149","","CRASH_2001_Philadelphia"
"2001201584","06","67","67301","67301","2001","01","4","1030","10","1","1","0","8","1","","","N","00","0","00","3","0","1","3","2","N","N","","","9999","","9999","","0","","N","","0 ","","","","","","","","","","1","1","0","0","0","0","0","0","0","0","0","1","1","0","0","0","1","0","0","0","0","0","0","0","0","0","0","0","0","0","0","0","1","0","0","4","0","","","","CRASH_2001_Philadelphia"
"2001213145","06","67","67301","67301","2001","02","1","0900","09","1","1","0","5","1","","","N","00","0","00","3","0","1","2","2","N","N","","","9999","","9999","","0","","N","","0 ","","","","","","","","","","2","2","0","0","0","0","0","0","0","0","0","1","1","0","0","0","0","0","0","0","1","0","0","0","0","0","0","0","0","0","0","0","0","0","0","4","0","","","","CRASH_2001_Philadelphia"
"2001240201","06","67","67301","67301","2001","04","3","1519","15","1","1","0","4","1","","","N","01","2","00","3","0","3","3","2","N","N","39 58:04.440","75 14:01.320","9999","","9999","","0","","N","","3 ","","","","","","","","","","2","1","0","0","0","0","1","0","0","0","0","0","0","0","3","0","0","0","0","0","1","0","0","0","0","0","0","0","0","0","0","0","0","0","0","9","0","39.968","-75.2337","","CRASH_2001_Philadelphia"
"2001242207","06","67","67301","67301","2001","01","3","0926","09","1","2","1","4","1","","","N","00","0","07","3","0","1","2","2","N","N","40 01:18.120","75 12:33.480","9999","","9999","","0","","N","","0 ","","","","","","","","","","2","2","0","0","0","0","0","0","0","0","1","0","1","0","0","0","0","0","0","0","1","0","0","0","0","0","0","0","0","0","0","0","0","0","0","3","0","40.0218","-75.2093","","CRASH_2001_Philadelphia"
"2001244756","06","67","67301","67301","2001","05","7","1415","14","1","1","0","7","5","","","N","00","0","02","3","0","1","2","1","N","N","39 55:20.280","75 11:28.320","9999","","9999","","0","","N","","0 ","","","","","","","","","","1","1","0","0","0","0","0","0","0","0","0","0","0","0","1","0","0","0","0","0","0","0","0","0","0","0","0","0","0","0","0","0","0","0","0","9","0","39.9241","-75.1927","","CRASH_2001_Philadelphia"
"2001204645","06","67","67301","67301","2001","01","6","9999","99","4","4","3","7","5","","","N","00","0","00","3","0","1","1","2","N","N","39 57:22.680","75 13:10.200","9999","","9999","","0","","N","","0 ","","","","","","","","","","2","1","0","0","0","0","0","0","0","0","0","1","1","0","0","0","0","0","0","0","0","0","0","0","0","0","0","0","0","0","0","0","0","0","0","4","0","39.9562","-75.2195","","CRASH_2001_Philadelphia"
"2001207288","06","67","67301","67301","2001","01","2","0946","09","1","1","3","8","1","","","N","01","2","00","3","0","1","2","2","N","N","39 59:08.160","75 14:52.440","9999","","9999","","0","","N","","3 ","","","","","","","","","","1","1","0","0","0","0","0","0","0","0","1","0","1","0","0","0","0","0","1","0","0","0","0","0","0","0","0","0","0","0","0","0","1","0","0","3","0","39.9856","-75.2475","","CRASH_2001_Philadelphia"
"2001209305","06","67","67301","67301","2001","01","5","1050","10","1","1","0","4","1","","","N","00","0","07","3","0","1","2","2","N","N","40 04:08.760","75 00:24.840","9999","","9999","","0","","N","","0 ","","","","","","","","","","2","2","0","0","0","0","0","0","0","0","0","0","0","0","1","0","0","0","0","0","1","0","0","0","0","0","0","0","0","0","0","0","0","0","0","9","0","40.0691","-75.0071","","CRASH_2001_Philadelphia"
"2001210611","06","67","67301","67301","2001","02","5","2020","20","3","1","0","4","1","","","N","01","2","00","3","0","0","2","2","N","N","39 58:27.359","75 13:34.907","9999","","9999","","0","","N","","3 ","","","","","","","","","","2","2","0","0","0","0","0","0","0","0","0","0","0","0","0","0","0","0","0","0","0","0","0","0","0","0","0","0","0","0","0","0","0","0","0","0","0","39.9743","-75.2264","","CRASH_2001_Philadelphia"
"2001211424","06","67","67301","67301","2001","02","4","1610","16","1","1","1","7","5","","","N","00","0","00","3","0","1","1","1","N","N","","","9999","","9999","","0","","N","","0 ","","","","","","","","","","1","1","0","0","0","0","0","0","0","0","0","1","1","0","0","0","0","0","0","0","0","0","1","0","0","0","0","0","0","0","0","0","0","0","0","4","0","","","","CRASH_2001_Philadelphia"
"2001207669","06","67","67301","67301","2001","01","1","0627","06","5","1","0","1","1","","","N","01","2","00","3","0","5","5","2","N","N","40 03:40.680","75 05:00.960","9999","","9999","","0","","N","","3 ","","","","","","","","","","2","2","0","0","0","0","0","0","0","0","0","5","5","0","0","0","0","0","0","0","0","0","0","0","0","0","0","0","0","0","0","0","0","0","0","4","0","40.0613","-75.0835","","CRASH_2001_Philadelphia"
"2001209115","06","67","67301","67301","2001","02","5","1031","10","1","1","0","8","1","","","N","01","9","00","3","0","1","2","2","N","N","","","9999","","9999","","0","","N","","9 ","","","","","","","","","","1","0","0","0","0","0","0","1","0","0","0","0","0","0","1","0","0","0","0","0","0","0","0","0","0","0","0","0","0","0","0","0","1","0","0","9","0","","","","CRASH_2001_Philadelphia"
"2001216963","06","67","67301","67301","2001","02","5","1445","14","1","4","3","8","1","","","N","01","2","00","3","0","1","2","2","N","N","40 01:49.440","75 10:49.133","9999","","9999","","0","","N","","3 ","","","","","","","","","","1","1","0","0","0","0","0","0","0","0","0","1","1","0","0","0","0","0","0","0","0","0","0","0","0","0","0","0","0","0","0","0","1","0","0","4","0","40.0304","-75.1803","","CRASH_2001_Philadelphia"
"2001233376","06","67","67301","67301","2001","03","1","2330","23","3","1","0","9","1","","","N","00","0","00","3","0","0","1","2","N","N","","","9999","","9999","","0","","N","","0 ","","","","","","","","","","2","1","0","0","0","0","0","0","0","0","0","0","0","0","0","0","0","1","0","0","0","0","0","1","0","0","0","0","0","0","0","0","0","0","0","0","0","","","","CRASH_2001_Philadelphia"
"2001007012","06","67","67301","67301","2001","05","6","1715","17","4","1","0","1","1","","","N","00","0","00","3","0","1","2","2","N","N","39 58:04.148","75 12:36.005","1728","","1721","","0","","N","","0 ","","","","","","","","","","2","2","0","0","0","0","0","0","0","0","0","1","1","0","1","0","0","0","0","0","1","0","0","0","0","0","0","0","0","0","0","0","0","0","0","4","0","39.9679","-75.2099","","CRASH_2001_Philadelphia"
"2001204659","06","67","67301","67301","2001","01","2","1141","11","1","2","1","7","2","","","N","00","0","00","3","0","1","1","1","N","N","40 01:30.000","75 01:44.760","9999","","9999","","0","","N","","0 ","","","","","","","","","","1","0","0","0","0","1","0","0","0","0","0","0","0","0","1","0","0","0","0","0","0","0","0","1","0","0","0","0","0","0","0","0","0","0","0","9","0","40.0249","-75.0294","","CRASH_2001_Philadelphia"
"2001210683","06","67","67301","67301","2001","02","3","0925","09","1","1","1","1","1","","","N","00","0","00","3","0","1","4","4","N","N","39 58:06.240","75 07:45.120","9999","","9999","","0","","N","","0 ","","","","","","","","","","4","3","0","1","0","0","0","0","0","0","0","1","1","0","0","0","0","0","0","0","0","0","0","3","0","0","0","0","0","0","0","0","0","0","0","4","1","39.9685","-75.129","","CRASH_2001_Philadelphia"
"2001213196","06","67","67301","67301","2001","01","6","0737","07","1","1","0","1","1","","","N","01","1","00","3","0","1","13","2","Y","N","39 56:50.280","75 13:36.840","9999","","9999","","0","","N","","3 ","","","","","","","","","","2","0","0","1","1","0","0","0","0","0","0","1","1","0","0","0","0","0","0","0","1","0","0","0","0","0","0","0","0","0","0","0","0","0","0","4","1","39.9472","-75.2268","","CRASH_2001_Philadelphia"
"2001217200","06","67","67301","67301","2001","03","4","0904","09","1","1","0","4","1","","","N","02","3","00","3","0","2","5","2","N","N","40 03:06.004","75 09:06.674","9999","","9999","","0","","N","","3 ","","","","","","","","","","2","2","0","0","0","0","0","0","0","0","0","0","0","0","2","0","0","0","0","0","1","0","0","1","0","0","0","0","0","0","0","0","0","0","0","9","0","40.0517","-75.1519","","CRASH_2001_Philadelphia"
"2001207572","06","67","67301","67301","2001","01","3","1858","18","3","1","3","4","1","","","N","00","0","07","3","0","1","2","2","N","N","39 59:31.200","75 06:34.200","9999","","9999","","0","","N","","0 ","","","","","","","","","","2","2","0","0","0","0","0","0","0","0","0","1","1","0","0","0","0","0","0","0","0","0","0","0","0","0","0","0","0","0","0","0","0","0","0","4","0","39.992","-75.1095","","CRASH_2001_Philadelphia"
"2001215716","06","67","67301","67301","2001","02","3","1730","17","1","1","0","4","1","","","N","00","0","07","3","0","1","2","2","N","N","40 02:51.000","75 08:34.080","9999","","9999","","0","","N","","0 ","","","","","","","","","","2","1","0","0","1","0","0","0","0","0","0","0","0","0","1","0","0","0","0","0","0","0","0","0","0","0","0","0","0","0","0","0","0","0","0","9","0","40.0474","-75.1428","","CRASH_2001_Philadelphia"
"2001223806","06","67","67301","67301","2001","03","7","0215","02","3","1","1","5","1","","","N","00","0","00","3","0","1","4","2","N","N","39 58:07.680","75 11:29.400","9999","","9999","","0","","N","","0 ","","","","","","","","","","2","2","0","0","0","0","0","0","0","0","0","0","0","0","1","0","0","0","0","0","0","0","0","0","0","0","0","0","0","0","0","0","0","0","0","9","0","39.9688","-75.1914","","CRASH_2001_Philadelphia"
"2001231204","06","67","67301","67301","2001","03","7","1414","14","1","1","0","1","1","","","N","01","2","00","3","0","3","3","2","N","N","39 57:37.800","75 14:27.960","9999","","9999","","0","","N","","3 ","","","","","","","","","","2","2","0","0","0","0","0","0","0","0","0","3","3","0","0","0","0","0","0","0","0","0","0","0","0","0","0","0","0","0","0","0","0","0","0","4","0","39.9604","-75.2411","","CRASH_2001_Philadelphia"
"2001206237","06","67","67301","67301","2001","01","4","1619","16","4","1","0","9","1","","","N","00","0","00","3","0","0","2","3","N","N","","","9999","","9999","","0","","N","","0 ","","","","","","","","","","3","1","0","0","0","0","0","0","0","0","0","0","0","0","0","0","0","0","0","0","0","0","0","2","0","0","0","0","0","0","0","0","0","0","0","0","0","","","","CRASH_2001_Philadelphia"
"2001233035","06","67","67301","67301","2001","03","6","2115","21","3","1","0","4","1","","","N","01","3","00","3","0","0","2","2","N","N","40 05:16.782","74 57:52.474","9999","","9999","","0","","N","","3 ","","","","","","","","","","2","1","0","0","0","0","1","0","0","0","0","0","0","0","0","0","0","0","0","0","1","0","0","0","0","0","0","0","0","0","0","0","0","0","0","0","0","40.088","-74.9646","","CRASH_2001_Philadelphia"
"2001238932","06","67","67301","67301","2001","04","1","9999","99","1","1","0","1","1","","","N","00","0","00","3","0","2","8","4","N","N","39 59:56.760","75 13:50.880","9999","","9999","","0","","N","","0 ","","","","","","","","","","4","4","0","0","0","0","0","0","0","0","2","0","2","0","0","0","0","0","0","0","1","1","0","0","0","0","0","0","0","0","0","0","0","0","0","3","0","39.9991","-75.2308","","CRASH_2001_Philadelphia"
"2001243082","06","67","67301","67301","2001","05","2","1911","19","1","1","0","4","1","","","N","00","0","07","3","0","1","2","2","N","N","","","9999","","9999","","0","","N","","0 ","","","","","","","","","","1","1","0","0","0","0","0","0","1","0","0","1","1","0","0","0","0","0","0","0","0","0","0","0","0","0","0","0","0","0","0","0","0","0","0","4","0","","","","CRASH_2001_Philadelphia"