"CRN","DISTRICT","COUNTY","MUNICIPALITY","POLICE_AGCY","CRASH_YEAR","CRASH_MONTH","DAY_OF_WEEK","TIME_OF_DAY","HOUR_OF_DAY","ILLUMINATION","WEATHER","ROAD_CONDITION","COLLISION_TYPE","RELATION_TO_ROAD","WORK_ZONE_TYPE","WORK_ZONE_LOC","WORK_ZONE_IND","INTERSECT_TYPE","TCD_TYPE","LOCATION_TYPE","URBAN_RURAL","FATAL_COUNT","INJURY_COUNT","PERSON_COUNT","TOTAL_UNITS","SCH_BUS_IND","SCH_ZONE_IND","LATITUDE","LONGITUDE","ARRIVAL_TM","CONS_ZONE_SPD_LIM","DISPATCH_TM","EST_HRS_CLOSED","LANE_CLOSED","LN_CLOSE_DIR","NTFY_HIWY_MAINT","SPEC_JURIS_CD","TCD_FUNC_CD","TFC_DETOUR_IND","WORKERS_PRES","WZ_CLOSE_DETOUR","WZ_FLAGGER","WZ_LAW_OFFCR_IND","WZ_LN_CLOSURE","WZ_MOVING","WZ_OTHER","WZ_SHLDER_MDN","VEHICLE_COUNT","AUTOMOBILE_COUNT","MOTORCYCLE_COUNT","BUS_COUNT","SMALL_TRUCK_COUNT","HEAVY_TRUCK_COUNT","SUV_COUNT","VAN_COUNT","BICYCLE_COUNT","MAJ_INJ_COUNT","MOD_INJ_COUNT","MIN_INJ_COUNT","TOT_INJ_COUNT","UNK_INJ_DEG_COUNT","UNK_INJ_PER_COUNT","DRIVER_COUNT_16YR","DRIVER_COUNT_17YR","DRIVER_COUNT_18YR","DRIVER_COUNT_19YR","DRIVER_COUNT_20YR","DRIVER_COUNT_50_64YR","DRIVER_COUNT_65_74YR","DRIVER_COUNT_75PLUS","UNBELTED_OCC_COUNT","UNB_DEATH_COUNT","UNB_MAJ_INJ_COUNT","BELTED_DEATH_COUNT","BELTED_MAJ_INJ_COUNT","MCYCLE_DEATH_COUNT","MCYCLE_MAJ_INJ_COUNT","BICYCLE_DEATH_COUNT","BICYCLE_MAJ_INJ_COUNT","PED_COUNT","PED_DEATH_COUNT","PED_MAJ_INJ_COUNT","MAX_SEVERITY_LEVEL","COMM_VEH_COUNT","DEC_LAT","DEC_LONG","RDWY_SURF_TYPE_CD","COUNTY_YEAR"
"2001244870","06","67","67301","67301","2001","05","6","0216","02","3","1","0","8","1","","","N","00","0","00","3","0","1","2","2","N","N","","","9999","","9999","","0","","N","","0 ","","","","","","","","","","1","1","0","0","0","0","0","0","0","0","0","1","1","0","0","0","0","0","0","0","0","0","0","0","0","0","0","0","0","0","0","0","1","0","0","4","0","","","","CRASH_2001_Philadelphia"
"2001007227","06","67","67301","67301","2001","06","5","2230","22","3","1","0","1","1","","","N","01","2","00","3","0","1","2","2","N","N","39 56:36.000","75 09:55.779","2345","","2340","","0","","N","","3 ","","","","","","","","","","2","1","1","0","0","0","0","0","0","0","0","1","1","0","0","0","0","0","0","0","0","0","0","0","0","0","0","0","0","0","0","0","0","0","0","4","0","39.9436","-75.1656","","CRASH_2001_Philadelphia"
"2001019701","06","67","67301","67301","2001","10","1","2315","23","3","1","0","7","5","","","N","02","3","00","3","0","1","2","1","N","N","40 00:13.765","75 07:27.072","2315","","2315","2","1","1","N","","3 ","N","","","","","","","","","1","1","0","0","0","0","0","0","0","0","0","1","1","0","0","0","1","0","0","0","0","0","0","0","0","0","0","0","0","0","0","0","0","0","0","4","0","40.0038","-75.1242","","CRASH_2001_Philadelphia"
"2001204565","06","67","67301","67301","2001","01","7","1900","19","3","1","0","9","1","","","N","00","0","00","3","0","1","1","2","N","N","","","9999","","9999","","0","","N","","0 ","","","","","","","","","","2","1","0","0","0","0","0","0","0","0","1","0","1","0","0","0","0","0","0","0","0","0","0","0","0","0","0","0","0","0","0","0","0","0","0","3","0","","","","CRASH_2001_Philadelphia"
"2001217191","06","67","67301","67301","2001","03","4","1723","17","1","1","0","7","1","","","N","01","2","00","3","0","1","5","5","N","N","39 54:14.400","75 14:25.080","9999","","9999","","0","","N","","3 ","","","","","","","","","","5","4","0","0","0","0","1","0","0","0","0","0","0","0","1","0","0","0","0","0","0","1","0","0","0","0","0","0","0","0","0","0","0","0","0","9","0","39.904","-75.2401","","CRASH_2001_Philadelphia"
"2001233166","06","67","67301","67301","2001","04","2","1443","14","1","1","0","9","1","","","N","00","0","00","3","0","1","1","2","N","N","","","9999","","9999","","0","","N","","0 ","","","","","","","","","","2","1","0","0","0","0","0","0","0","1","0","0","1","0","0","0","0","0","0","0","0","1","0","0","0","0","0","0","0","0","0","0","0","0","0","2","0","","","","CRASH_2001_Philadelphia"
"2001007431","06","67","67301","67301","2001","05","4","2329","23","3","2","1","5","1","","","N","00","0","00","3","0","1","5","2","N","N","39 54:25.428","75 08:59.283","2340","","2329","1","2","2","N","","0 ","N","","","","","","","","","2","1","0","0","1","0","0","0","0","0","0","1","1","0","1","0","0","0","0","0","0","0","1","3","0","0","0","0","0","0","0","0","0","0","0","4","0","39.9033","-75.1506","","CRASH_2001_Philadelphia"
"2001018228","06","67","67301","67301","2001","06","4","1412","14","1","1","0","4","1","","","N","02","3","00","3","0","0","3","3","N","N","40 03:57.240","75 03:04.680","1617","","1615","","0","","N","","3 ","","","","","","","","","","3","2","0","0","1","0","0","0","0","0","0","0","0","0","0","0","0","0","0","0","0","1","0","0","0","0","0","0","0","0","0","0","0","0","0","0","0","40.0656","-75.0514","","CRASH_2001_Philadelphia"
"2001211802","06","67","67301","67301","2001","02","2","0650","06","3","1","0","1","1","","","N","02","2","00","3","0","0","2","2","N","N","39 59:22.920","75 15:02.880","9999","","9999","","0","","N","","3 ","","","","","","","","","","2","2","0","0","0","0","0","0","0","0","0","0","0","0","0","0","0","0","0","0","0","0","0","0","0","0","0","0","0","0","0","0","0","0","0","0","0","39.9898","-75.2508","","CRASH_2001_Philadelphia"
"2001240262","06","67","67301","67301","2001","04","6","2329","23","3","2","1","4","1","","","N","02","9","00","3","0","3","4","2","N","N","40 02:18.240","75 12:41.040","9999","","9999","","0","","N","","9 ","","","","","","","","","","2","1","0","0","0","0","0","1","0","0","0","0","0","0","3","0","0","0","0","0","0","0","0","0","0","0","0","0","0","0","0","0","0","0","0","9","0","40.0384","-75.2115","","CRASH_2001_Philadelphia"
"2001209083","06","67","67301","67301","2001","01","5","1644","16","1","1","0","9","1","","","N","00","0","07","3","0","0","1","3","N","N","","","9999","","9999","","0","","N","","0 ","","","","","","","","","","3","1","0","0","0","0","0","0","0","0","0","0","0","0","0","0","0","0","1","0","0","0","0","0","0","0","0","0","0","0","0","0","0","0","0","0","0","","","","CRASH_2001_Philadelphia"
"2001211215","06","67","67301","67501","2001","02","4","2028","20","3","1","1","7","5","","","N","00","0","00","3","0","0","1","1","N","N","","","9999","","9999","","0","","N","","0 ","","","","","","","","","","1","1","0","0","0","0","0","0","0","0","0","0","0","0","0","0","0","0","0","0","0","0","0","0","0","0","0","0","0","0","0","0","0","0","0","0","0","","","","CRASH_2001_Philadelphia"
"2001240078","06","67","67301","67301","2001","04","7","2130","21","3","1","0","5","1","","","N","00","0","06","3","0","0","2","2","N","N","40 02:55.680","75 03:05.760","9999","","9999","","0","","N","","0 ","","","","","","","","","","2","2","0","0","0","0","0","0","0","0","0","0","0","0","0","0","0","1","0","0","0","0","0","0","0","0","0","0","0","0","0","0","0","0","0","0","0","40.0488","-75.0516","","CRASH_2001_Philadelphia"
"2001240120","06","67","67301","67301","2001","04","5","0645","06","1","1","0","6","1","","","N","00","0","00","3","0","2","2","2","N","N","","","9999","","9999","","0","","N","","0 ","","","","","","","","","","2","2","0","0","0","0","0","0","0","0","0","0","0","0","2","0","0","0","0","0","0","0","0","0","0","0","0","0","0","0","0","0","0","0","0","9","0","","","","CRASH_2001_Philadelphia"
"2001008707","06","67","67301","67301","2001","05","2","1845","18","1","1","0","7","5","","","N","01","2","00","3","0","1","3","2","N","N","40 01:20.280","75 09:43.200","1850","","1847","","0","","N","","3 ","","","","","","","","","","1","1","0","0","0","0","0","0","0","0","0","1","1","0","0","0","0","0","0","0","0","0","0","1","0","0","0","0","0","0","0","0","0","0","0","4","0","40.0223","-75.162","","CRASH_2001_Philadelphia"
"2001207450","06","67","67301","67301","2001","01","5","1515","15","1","1","0","7","1","","","N","00","0","00","3","0","1","2","1","N","N","","","9999","","9999","","0","","N","","0 ","","","","","","","","","","1","1","0","0","0","0","0","0","0","0","0","1","1","0","0","0","0","0","0","0","0","0","0","0","0","0","0","0","0","0","0","0","0","0","0","4","0","","","","CRASH_2001_Philadelphia"
"2001207573","06","67","67301","67301","2001","01","6","0910","09","1","2","1","4","1","","","N","01","3","00","3","0","1","2","2","N","N","40 00:57.967","75 07:50.861","9999","","9999","","0","","N","","3 ","","","","","","","","","","2","1","0","0","0","0","0","1","0","0","0","1","1","0","0","0","0","0","0","0","0","0","0","0","0","0","0","0","0","0","0","0","0","0","0","4","0","40.0161","-75.1308","","CRASH_2001_Philadelphia"
"2001209086","06","67","67301","67301","2001","02","6","2258","22","3","1","0","7","1","","","N","00","0","01","3","0","1","1","1","N","N","39 57:32.400","75 12:59.760","9999","","9999","","0","","N","","0 ","","","","","","","","","","1","1","0","0","0","0","0","0","0","0","0","1","1","0","0","0","0","0","0","0","0","0","0","0","0","0","0","0","0","0","0","0","0","0","0","4","0","39.959","-75.2166","","CRASH_2001_Philadelphia"
"2001211505","06","67","67301","67301","2001","02","5","1450","14","1","1","0","8","1","","","N","02","3","00","3","0","1","2","2","N","N","40 01:40.800","75 10:21.000","9999","","9999","","0","","N","","3 ","","","","","","","","","","1","1","0","0","0","0","0","0","0","0","0","0","0","0","1","0","0","0","0","0","0","0","0","0","0","0","0","0","0","0","0","0","1","0","0","9","0","40.028","-75.1725","","CRASH_2001_Philadelphia"
"2001214278","06","67","67301","67301","2001","02","5","0600","06","5","1","0","1","1","","","N","00","0","00","3","0","1","2","2","N","N","","","9999","","9999","","0","","N","","0 ","","","","","","","","","","2","1","0","0","0","0","0","0","0","0","0","1","1","0","0","0","0","0","0","0","0","0","0","0","0","0","0","0","0","0","0","0","0","0","0","4","0","","","","CRASH_2001_Philadelphia"
"2001217022","06","67","67301","67301","2001","03","5","1600","16","1","1","0","1","1","","","N","00","0","03","3","0","1","2","2","N","N","39 55:12.000","75 12:04.680","9999","","9999","","0","","N","","0 ","","","","","","","","","","2","1","0","0","0","1","0","0","0","0","0","1","1","0","0","0","0","0","0","0","1","0","0","0","0","0","0","0","0","0","0","0","0","0","0","4","1","39.9198","-75.2025","","CRASH_2001_Philadelphia"
"2001239099","06","67","67301","67301","2001","04","7","1130","11","1","1","0","8","1","","","N","00","0","00","3","0","1","2","2","N","N","39 58:46.920","75 16:07.680","9999","","9999","","0","","N","","0 ","","","","","","","","","","1","1","0","0","0","0","0","0","0","0","1","0","1","0","0","0","0","0","0","0","0","0","0","0","0","0","0","0","0","0","0","0","1","0","0","3","0","39.9797","-75.2689","","CRASH_2001_Philadelphia"
"2001244630","06","67","67301","67301","2001","05","7","0000","00","3","1","0","4","1","","","N","01","3","00","3","0","1","3","2","N","N","39 59:34.314","75 08:00.517","9999","","9999","","0","","N","","3 ","","","","","","","","","","2","1","0","0","1","0","0","0","0","0","0","1","1","0","0","0","0","0","0","0","0","0","0","0","0","0","0","0","0","0","0","0","0","0","0","4","0","39.9929","-75.1335","","CRASH_2001_Philadelphia"
"2001007196","06","67","67301","67301","2001","05","2","1305","13","1","2","1","5","1","","","N","00","0","06","3","0","1","2","2","N","N","40 06:32.400","74 59:42.360","1320","","1310","","0","","N","","0 ","","","","","","","","","","2","2","0","0","0","0","0","0","0","0","0","1","1","0","0","0","0","0","0","0","0","0","0","0","0","0","0","0","0","0","0","0","0","0","0","4","0","40.1089","-74.9953","","CRASH_2001_Philadelphia"
"2001019642","06","67","67301","67301","2001","05","7","1447","14","1","2","1","1","1","","","N","00","0","00","3","0","1","3","2","N","N","40 05:16.080","74 58:15.600","1500","","1453","","0","","N","","0 ","","","","","","","","","","2","2","0","0","0","0","0","0","0","0","0","1","1","0","0","0","0","0","0","0","1","0","0","0","0","0","0","0","0","0","0","0","0","0","0","4","0","40.0878","-74.9711","","CRASH_2001_Philadelphia"
"2001204637","06","67","67301","67301","2001","01","6","1415","14","1","4","3","1","1","","","N","00","0","00","3","0","1","3","3","N","N","40 03:17.640","75 00:16.200","9999","","9999","","0","","N","","0 ","","","","","","","","","","3","1","0","0","1","0","0","0","0","0","0","0","0","0","1","0","0","1","0","0","1","0","0","0","0","0","0","0","0","0","0","0","0","0","0","9","0","40.0549","-75.0045","","CRASH_2001_Philadelphia"
"2001210634","06","67","67301","67301","2001","01","6","1900","19","3","1","0","4","1","","","N","01","2","00","3","0","2","2","2","N","N","39 59:26.520","75 07:51.960","9999","","9999","","0","","N","","3 ","","","","","","","","","","2","2","0","0","0","0","0","0","0","0","0","2","2","0","0","0","0","1","0","0","0","0","0","2","0","0","0","0","0","0","0","0","0","0","0","4","0","39.9909","-75.1309","","CRASH_2001_Philadelphia"
"2001211697","06","67","67301","67301","2001","02","2","1342","13","1","4","3","7","2","","","N","00","0","00","3","0","1","3","2","N","N","39 56:18.600","75 14:03.120","9999","","9999","","0","","N","","0 ","","","","","","","","","","2","2","0","0","0","0","0","0","0","0","0","1","1","0","0","0","0","1","0","0","1","0","0","0","0","0","0","0","0","0","0","0","0","0","0","4","0","39.9384","-75.2343","","CRASH_2001_Philadelphia"
"2001214241","06","67","67301","67301","2001","02","2","1511","15","1","1","0","4","1","","","N","00","2","07","3","0","2","3","2","N","N","40 00:52.200","75 11:07.440","9999","","9999","","0","","N","","3 ","","","","","","","","","","2","1","0","0","0","0","0","1","0","0","0","1","1","0","1","0","0","0","1","0","0","0","0","2","0","0","0","0","0","0","0","0","0","0","0","4","0","40.0144","-75.1853","","CRASH_2001_Philadelphia"
"2001233168","06","67","67301","67301","2001","04","2","1855","18","1","1","0","4","1","","","N","01","2","00","3","0","1","2","2","N","N","40 01:34.968","75 05:05.711","9999","","9999","","0","","N","","3 ","","","","","","","","","","2","2","0","0","0","0","0","0","0","0","0","1","1","0","0","0","0","0","0","0","0","0","0","0","0","0","0","0","0","0","0","0","0","0","0","4","0","40.0264","-75.0849","","CRASH_2001_Philadelphia"
"2001006950","06","67","67301","67301","2001","05","4","","","1","1","0","4","1","","","N","01","2","00","3","0","0","2","2","N","N","40 01:50.160","75 03:16.920","1341","","1339","","0","","N","","3 ","","","","","","","","","","2","2","0","0","0","0","0","0","0","0","0","0","0","0","0","0","0","0","0","0","0","0","0","0","0","0","0","0","0","0","0","0","0","0","0","0","0","40.0306","-75.0548","","CRASH_2001_Philadelphia"
"2001019542","06","67","67301","67301","2001","05","3","1025","10","1","1","0","4","1","","","N","01","2","00","3","0","1","2","2","N","N","","","1025","","1018","","0","","N","","3 ","","","","","","","","","","2","2","0","0","0","0","0","0","0","0","0","1","1","0","0","0","0","0","0","0","0","0","0","2","0","0","0","0","0","0","0","0","0","0","0","4","0","","","","CRASH_2001_Philadelphia"
"2001204542","06","67","67301","67301","2001","01","7","0530","05","2","1","5","7","5","","","N","00","0","00","3","0","1","1","1","N","N","39 56:51.720","75 14:58.200","9999","","9999","","0","","N","","0 ","","","","","","","","","","1","0","0","0","0","0","1","0","0","0","0","1","1","0","0","0","0","0","0","0","0","0","0","0","0","0","0","0","0","0","0","0","0","0","0","4","0","39.9477","-75.2495","","CRASH_2001_Philadelphia"
"2001223835","06","67","67301","67301","2001","03","2","0815","08","1","1","0","1","1","","","N","06","0","02","3","0","1","2","2","N","N","40 01:22.440","75 02:09.960","9999","","9999","","0","","N","","0 ","","","","","","","","","","2","1","0","0","1","0","0","0","0","0","0","0","0","0","1","0","0","0","0","0","0","0","0","0","0","0","0","0","0","0","0","0","0","0","0","9","0","40.023","-75.0359","","CRASH_2001_Philadelphia"
"2001223876","06","67","67301","67301","2001","03","1","2113","21","3","1","0","4","1","","","N","01","2","00","3","0","1","3","2","N","N","39 56:38.040","75 14:16.440","9999","","9999","","0","","N","","3 ","","","","","","","","","","2","2","0","0","0","0","0","0","0","0","0","1","1","0","0","0","0","0","0","0","0","0","0","0","0","0","0","0","0","0","0","0","0","0","0","4","0","39.9438","-75.2378","","CRASH_2001_Philadelphia"
"2001240180","06","67","67301","67301","2001","04","1","2122","21","3","1","0","4","1","","","N","01","2","00","3","0","1","2","2","N","N","40 03:08.460","75 09:27.889","9999","","9999","","0","","N","","3 ","","","","","","","","","","2","2","0","0","0","0","0","0","0","0","1","0","1","0","0","0","0","0","0","0","0","0","0","0","0","0","0","0","0","0","0","0","0","0","0","3","0","40.0524","-75.1577","","CRASH_2001_Philadelphia"
"2001007420","06","67","67301","67301","2001","06","1","1548","15","1","1","0","7","4","","","N","10","0","00","3","0","1","1","1","N","N","39 59:45.600","75 11:49.200","1551","","1548","","0","","N","","0 ","","","","","","","","","","1","1","0","0","0","0","0","0","0","0","0","1","1","0","0","0","0","0","0","0","0","0","0","0","0","0","0","0","0","0","0","0","0","0","0","4","0","39.996","-75.1971","","CRASH_2001_Philadelphia"
"2001207407","06","67","67301","67301","2001","01","4","2015","20","3","1","0","1","1","","","N","00","0","00","3","0","2","4","2","N","N","39 53:56.040","75 10:10.200","9999","","9999","","0","","N","","0 ","","","","","","","","","","2","1","0","0","0","0","1","0","0","0","0","2","2","0","0","0","0","0","0","0","0","0","0","0","0","0","0","0","0","0","0","0","0","0","0","4","0","39.8992","-75.1672","","CRASH_2001_Philadelphia"
"2001211397","06","67","67301","67301","2001","02","6","1220","12","1","1","0","4","1","","","N","01","2","00","3","0","0","2","4","N","N","39 58:44.760","75 09:39.600","9999","","9999","","0","","N","","3 ","","","","","","","","","","4","1","0","0","0","0","0","1","0","0","0","0","0","0","0","0","0","0","0","0","0","0","0","0","0","0","0","0","0","0","0","0","0","0","0","0","0","39.9791","-75.161","","CRASH_2001_Philadelphia"
"2001233380","06","67","67301","67301","2001","03","7","0733","07","1","1","0","4","1","","","N","01","2","00","3","0","1","4","2","N","N","","","9999","","9999","","0","","N","","3 ","","","","","","","","","","2","1","0","0","0","0","1","0","0","0","0","1","1","0","0","0","0","0","0","0","0","0","0","0","0","0","0","0","0","0","0","0","0","0","0","4","0","","","","CRASH_2001_Philadelphia"
"2001238917","06","67","67301","67301","2001","04","6","2055","20","3","1","0","4","1","","","N","01","2","00","3","0","0","2","2","N","N","40 03:15.480","75 02:58.200","9999","","9999","","0","","N","","3 ","","","","","","","","","","2","2","0","0","0","0","0","0","0","0","0","0","0","0","0","0","0","0","0","1","0","0","0","0","0","0","0","0","0","0","0","0","0","0","0","0","0","40.0543","-75.0495","","CRASH_2001_Philadelphia"
"2001007392","06","67","67301","67301","2001","05","2","1555","15","1","1","0","1","1","","","N","00","0","03","3","0","0","1","2","N","N","","","1602","","1555","","0","","N","","0 ","","","","","","","","","","2","2","0","0","0","0","0","0","0","0","0","0","0","0","0","0","0","0","0","0","0","0","0","0","0","0","0","0","0","0","0","0","0","0","0","0","0","","","","CRASH_2001_Philadelphia"
"2001207317","06","67","67301","67301","2001","01","7","1814","18","3","1","0","4","1","","","N","01","2","00","3","0","0","2","2","N","N","","","9999","","9999","","0","","N","","3 ","","","","","","","","","","2","1","0","0","1","0","0","0","0","0","0","0","0","0","0","0","0","0","0","0","2","0","0","0","0","0","0","0","0","0","0","0","0","0","0","0","0","","","","CRASH_2001_Philadelphia"
"2001209180","06","67","67301","67301","2001","01","4","2020","20","3","1","0","4","1","","","N","01","2","00","3","0","1","2","2","N","N","39 58:12.720","75 09:34.920","9999","","9999","","0","","N","","3 ","","","","","","","","","","1","1","0","0","0","0","0","0","1","1","0","0","1","0","0","0","0","0","0","0","1","0","0","0","0","0","0","0","0","0","0","1","0","0","0","2","0","39.9702","-75.1596","","CRASH_2001_Philadelphia"
"2001211724","06","67","67301","67301","2001","02","5","1425","14","1","1","0","4","1","","","N","01","2","00","3","0","2","3","4","N","N","40 01:52.420","75 08:44.761","9999","","9999","","0","","N","","3 ","","","","","","","","","","4","3","0","0","0","0","0","0","0","0","1","1","2","0","0","0","0","0","0","0","1","0","0","1","0","0","0","0","0","0","0","0","0","0","0","3","0","40.0312","-75.1458","","CRASH_2001_Philadelphia"
"2001215615","06","67","67301","67301","2001","02","3","1030","10","1","2","0","9","1","","","N","00","0","00","3","0","1","1","2","N","N","","","9999","","9999","","0","","N","","0 ","","","","","","","","","","2","1","0","0","0","0","0","0","0","0","0","1","1","0","0","0","0","0","0","0","0","0","0","0","0","0","0","0","0","0","0","0","0","0","0","4","0","","","","CRASH_2001_Philadelphia"
"2001231153","06","67","67301","67301","2001","03","3","1420","14","1","1","0","4","1","","","N","01","3","00","3","0","5","5","2","N","N","","","9999","","9999","","0","","N","","3 ","","","","","","","","","","2","2","0","0","0","0","0","0","0","0","0","2","2","0","3","0","0","0","0","0","1","0","0","0","0","0","0","0","0","0","0","0","0","0","0","4","0","","","","CRASH_2001_Philadelphia"
"2001239137","06","67","67301","67301","2001","04","5","0840","08","1","6","1","1","1","","","N","07","4","02","3","0","1","2","2","N","N","40 00:27.000","75 04:06.960","9999","","9999","","0","","N","","3 ","","","","","","","","","","2","2","0","0","0","0","0","0","0","0","0","1","1","0","0","0","0","0","0","0","0","0","0","0","0","0","0","0","0","0","0","0","0","0","0","4","0","40.0074","-75.0686","","CRASH_2001_Philadelphia"
"2001206187","06","67","67301","67301","2001","01","5","0950","09","1","4","0","4","1","","","N","01","3","00","3","0","1","2","2","N","N","40 03:15.141","75 01:52.215","9999","","9999","","0","","N","","3 ","","","","","","","","","","2","1","0","0","0","0","1","0","0","0","0","0","0","0","1","0","0","0","0","0","1","0","0","0","0","0","0","0","0","0","0","0","0","0","0","9","0","40.0542","-75.0312","","CRASH_2001_Philadelphia"
"2001209133","06","67","67301","67301","2001","01","4","1914","19","3","1","0","4","1","","","N","01","2","00","3","0","2","3","4","N","N","40 03:34.200","75 03:07.560","9999","","9999","","0","","N","","3 ","","","","","","","","","","4","3","0","0","0","0","0","0","0","0","0","2","2","0","0","0","0","0","0","0","1","0","1","0","0","0","0","0","0","0","0","0","0","0","0","4","0","40.0595","-75.0521","","CRASH_2001_Philadelphia"
"2001209297","06","67","67301","67301","2001","01","2","2028","20","2","1","0","4","1","","","N","01","2","00","3","0","4","4","2","N","N","39 58:30.360","75 11:41.640","9999","","9999","","0","","N","","3 ","","","","","","","","","","2","2","0","0","0","0","0","0","0","0","0","4","4","0","0","0","0","0","0","0","0","0","0","0","0","0","0","0","0","0","0","0","0","0","0","4","0","39.9751","-75.1949","","CRASH_2001_Philadelphia"
"2001211501","06","67","67301","67301","2001","02","1","1055","10","1","1","0","4","1","","","N","01","3","00","3","0","1","3","2","N","N","","","9999","","9999","","0","","N","","3 ","","","","","","","","","","2","1","0","0","0","0","0","1","0","0","0","1","1","0","0","0","0","0","0","0","0","0","0","0","0","0","0","0","0","0","0","0","0","0","0","4","0","","","","CRASH_2001_Philadelphia"
"2001223765","06","67","67301","67301","2001","03","6","0950","09","1","1","0","4","1","","","N","01","2","00","3","0","0","2","2","N","N","40 00:41.400","75 04:11.280","9999","","9999","","0","","N","","3 ","","","","","","","","","","2","2","0","0","0","0","0","0","0","0","0","0","0","0","0","0","0","0","0","0","0","0","0","2","0","0","0","0","0","0","0","0","0","0","0","0","0","40.0114","-75.0699","","CRASH_2001_Philadelphia"
"2001244640","06","67","67301","67301","2001","03","7","2056","20","3","1","0","8","1","","","N","00","0","00","3","0","1","5","2","N","N","","","9999","","9999","","0","","N","","0 ","","","","","","","","","","1","1","0","0","0","0","0","0","0","0","1","0","1","0","0","0","0","0","0","0","0","0","0","0","0","0","0","0","0","0","0","0","1","0","0","3","0","","","","CRASH_2001_Philadelphia"
"2001206209","06","67","67301","67301","2001","01","5","2030","20","3","2","1","4","1","","","N","01","2","00","3","0","1","3","2","N","N","40 04:50.160","75 01:41.880","9999","","9999","","0","","N","","3 ","","","","","","","","","","2","1","0","0","1","0","0","0","0","0","0","1","1","0","0","0","0","0","0","1","0","0","0","0","0","0","0","0","0","0","0","0","0","0","0","4","0","40.0811","-75.0289","","CRASH_2001_Philadelphia"
"2001207274","06","67","67301","67301","2001","01","2","2215","22","3","1","6","7","5","","","N","00","0","00","3","0","0","1","1","N","N","40 07:02.280","74 59:02.040","9999","","9999","","0","","N","","0 ","","","","","","","","","","1","1","0","0","0","0","0","0","0","0","0","0","0","0","0","0","0","0","0","0","0","0","0","0","0","0","0","0","0","0","0","0","0","0","0","0","0","40.1177","-74.9832","","CRASH_2001_Philadelphia"
"2001210710","06","67","67301","67301","2001","02","1","0110","01","3","1","0","1","1","","","N","00","0","00","3","0","2","3","2","N","N","39 57:16.560","75 10:52.680","9999","","9999","","0","","N","","0 ","","","","","","","","","","2","2","0","0","0","0","0","0","0","0","0","0","0","0","2","0","0","0","0","0","0","0","0","0","0","0","0","0","0","0","0","0","0","0","0","9","0","39.9545","-75.1812","","CRASH_2001_Philadelphia"
"2001215612","06","67","67301","67301","2001","02","3","1040","10","1","1","0","5","1","","","N","01","3","00","3","0","1","2","2","N","N","","","9999","","9999","","0","","N","","3 ","","","","","","","","","","2","0","0","0","0","0","0","0","0","0","1","0","1","0","0","0","0","0","1","0","0","0","0","0","0","0","0","0","0","0","0","0","0","0","0","3","0","","","","CRASH_2001_Philadelphia"
"2001233081","06","67","67301","67301","2001","04","4","1749","17","1","1","0","8","1","","","N","00","0","00","3","0","1","2","2","N","N","","","9999","","9999","","0","","N","","0 ","","","","","","","","","","1","1","0","0","0","0","0","0","0","0","1","0","1","0","0","0","0","0","0","0","1","0","0","1","0","0","0","0","0","0","0","0","1","0","0","3","0","","","","CRASH_2001_Philadelphia"
"2001007000","06","67","67301","67301","2001","06","4","0557","05","1","1","0","7","5","","","N","00","0","00","3","0","2","2","1","N","N","40 01:31.619","75 04:21.561","0605","","0600","","0","","N","","0 ","","","","","","","","","","1","1","0","0","0","0","0","0","0","0","2","0","2","0","0","0","0","0","0","0","0","0","0","2","0","0","0","0","0","0","0","0","0","0","0","3","0","40.0255","-75.0727","","CRASH_2001_Philadelphia"
"2001204669","06","67","67301","67301","2001","01","7","1609","16","4","1","0","4","1","","","N","01","3","00","3","0","1","2","2","N","N","","","9999","","9999","","0","","N","","3 ","","","","","","","","","","2","1","0","0","0","0","1","0","0","0","0","1","1","0","0","0","0","0","0","0","1","0","0","1","0","0","0","0","0","0","0","0","0","0","0","4","0","","","","CRASH_2001_Philadelphia"
"2001213175","06","67","67301","67301","2001","02","4","1100","11","1","1","0","8","1","","","N","02","2","00","3","0","1","2","2","N","N","","","9999","","9999","","0","","N","","3 ","","","","","","","","","","1","0","0","0","0","0","0","0","0","0","0","1","1","0","0","0","0","0","0","0","0","0","0","0","0","0","0","0","0","0","0","0","1","0","0","4","0","","","","CRASH_2001_Philadelphia"
"2001215751","06","67","67301","67301","2001","03","6","1607","16","1","1","0","1","1","","","N","00","0","00","3","0","2","3","2","N","N","40 02:06.360","75 06:51.840","9999","","9999","","0","","N","","0 ","","","","","","","","","","2","1","0","1","0","0","0","0","0","0","0","1","1","0","1","0","0","0","0","0","0","0","0","0","0","0","0","0","0","0","0","0","0","0","0","4","1","40.0351","-75.1143","","CRASH_2001_Philadelphia"
"2001223779","06","67","67301","67301","2001","03","1","0705","07","1","1","0","1","1","","","N","02","2","00","3","0","0","2","2","N","N","39 52:54.120","75 14:39.480","9999","","9999","","0","","N","","3 ","","","","","","","","","","2","1","0","0","1","0","0","0","0","0","0","0","0","0","0","0","0","0","0","0","0","0","0","0","0","0","0","0","0","0","0","0","0","0","0","0","0","39.8817","-75.2443","","CRASH_2001_Philadelphia"