"CRN","DISTRICT","COUNTY","MUNICIPALITY","POLICE_AGCY","CRASH_YEAR","CRASH_MONTH","DAY_OF_WEEK","TIME_OF_DAY","HOUR_OF_DAY","ILLUMINATION","WEATHER","ROAD_CONDITION","COLLISION_TYPE","RELATION_TO_ROAD","WORK_ZONE_TYPE","WORK_ZONE_LOC","WORK_ZONE_IND","INTERSECT_TYPE","TCD_TYPE","LOCATION_TYPE","URBAN_RURAL","FATAL_COUNT","INJURY_COUNT","PERSON_COUNT","TOTAL_UNITS","SCH_BUS_IND","SCH_ZONE_IND","LATITUDE","LONGITUDE","ARRIVAL_TM","CONS_ZONE_SPD_LIM","DISPATCH_TM","EST_HRS_CLOSED","LANE_CLOSED","LN_CLOSE_DIR","NTFY_HIWY_MAINT","SPEC_JURIS_CD","TCD_FUNC_CD","TFC_DETOUR_IND","WORKERS_PRES","WZ_CLOSE_DETOUR","WZ_FLAGGER","WZ_LAW_OFFCR_IND","WZ_LN_CLOSURE","WZ_MOVING","WZ_OTHER","WZ_SHLDER_MDN","VEHICLE_COUNT","AUTOMOBILE_COUNT","MOTORCYCLE_COUNT","BUS_COUNT","SMALL_TRUCK_COUNT","HEAVY_TRUCK_COUNT","SUV_COUNT","VAN_COUNT","BICYCLE_COUNT","MAJ_INJ_COUNT","MOD_INJ_COUNT","MIN_INJ_COUNT","TOT_INJ_COUNT","UNK_INJ_DEG_COUNT","UNK_INJ_PER_COUNT","DRIVER_COUNT_16YR","DRIVER_COUNT_17YR","DRIVER_COUNT_18YR","DRIVER_COUNT_19YR","DRIVER_COUNT_20YR","DRIVER_COUNT_50_64YR","DRIVER_COUNT_65_74YR","DRIVER_COUNT_75PLUS","UNBELTED_OCC_COUNT","UNB_DEATH_COUNT","UNB_MAJ_INJ_COUNT","BELTED_DEATH_COUNT","BELTED_MAJ_INJ_COUNT","MCYCLE_DEATH_COUNT","MCYCLE_MAJ_INJ_COUNT","BICYCLE_DEATH_COUNT","BICYCLE_MAJ_INJ_COUNT","PED_COUNT","PED_DEATH_COUNT","PED_MAJ_INJ_COUNT","MAX_SEVERITY_LEVEL","COMM_VEH_COUNT","DEC_LAT","DEC_LONG","RDWY_SURF_TYPE_CD","COUNTY_YEAR"
"2001238128","06","67","67301","67301","2001","04","4","1609","16","1","2","1","5","1","","","N","02","2","07","3","0","1","2","2","N","N","40 05:53.160","75 01:49.440","9999","","9999","","0","","N","","3 ","","","","","","","","","","2","2","0","0","0","0","0","0","0","0","0","1","1","0","0","0","0","0","0","0","0","0","0","0","0","0","0","0","0","0","0","0","0","0","0","4","0","40.0981","-75.0304","","CRASH_2001_Philadelphia"
"2001204156","06","67","67301","67301","2001","01","6","0259","02","3","1","0","4","1","","","N","01","2","00","3","0","2","3","2","N","N","39 59:57.271","75 08:50.495","9999","","9999","","0","","N","","3 ","","","","","","","","","","2","2","0","0","0","0","0","0","0","0","1","1","2","0","0","0","0","0","0","0","0","1","0","0","0","0","0","0","0","0","0","0","0","0","0","3","0","39.9992","-75.1474","","CRASH_2001_Philadelphia"
"2001206196","06","67","67301","67301","2001","01","6","1343","13","1","2","1","4","1","","","N","01","3","00","3","0","2","2","2","N","N","40 01:37.426","75 02:33.327","9999","","9999","","0","","N","","3 ","","","","","","","","","","2","2","0","0","0","0","0","0","0","0","1","0","1","0","1","0","0","0","0","0","0","0","0","0","0","0","0","0","0","0","0","0","0","0","0","3","0","40.0271","-75.0426","","CRASH_2001_Philadelphia"
"2001207561","06","67","67301","67301","2001","01","5","1450","14","1","1","0","4","1","","","N","01","3","00","3","0","2","3","2","N","N","40 03:44.478","75 09:50.198","9999","","9999","","0","","N","","3 ","","","","","","","","","","2","2","0","0","0","0","0","0","0","0","0","1","1","0","1","0","0","0","0","0","1","0","0","0","0","0","0","0","0","0","0","0","0","0","0","4","0","40.0624","-75.1639","","CRASH_2001_Philadelphia"
"2001238287","06","67","67301","67301","2001","04","3","1459","14","1","1","0","8","1","","","N","00","0","00","3","0","1","2","2","N","N","","","9999","","9999","","0","","N","","0 ","","","","","","","","","","1","1","0","0","0","0","0","0","0","0","1","0","1","0","0","0","0","0","0","0","0","0","0","0","0","0","0","0","0","0","0","0","1","0","0","3","0","","","","CRASH_2001_Philadelphia"
"2001244623","06","67","67301","67301","2001","05","3","1054","10","1","1","0","8","1","","","N","00","0","00","3","0","1","2","2","N","N","","","9999","","9999","","0","","N","","0 ","","","","","","","","","","1","1","0","0","0","0","0","0","0","0","0","1","1","0","0","0","0","0","0","0","1","0","0","0","0","0","0","0","0","0","0","0","1","0","0","4","0","","","","CRASH_2001_Philadelphia"
"2001204127","06","67","67301","67301","2001","01","6","0630","06","3","1","1","4","1","","","N","02","3","00","3","0","1","2","3","N","N","40 01:02.640","75 09:31.680","9999","","9999","","0","","N","","3 ","","","","","","","","","","3","2","0","0","0","0","0","0","0","0","1","0","1","0","0","0","0","0","0","0","0","0","0","0","0","0","0","0","0","0","0","0","0","0","0","3","0","40.0174","-75.1588","","CRASH_2001_Philadelphia"
"2001204620","06","67","67301","67301","2001","01","3","0600","06","5","1","0","8","1","","","N","02","0","00","3","0","2","3","3","N","N","39 57:27.720","75 13:05.160","9999","","9999","","0","","N","","0 ","","","","","","","","","","1","1","0","0","0","0","0","0","0","0","2","0","2","0","0","0","0","0","0","0","0","0","0","0","0","0","0","0","0","0","0","0","2","0","0","3","0","39.9576","-75.218","","CRASH_2001_Philadelphia"
"2001211494","06","67","67301","67301","2001","02","4","0830","08","1","1","1","4","1","","","N","00","0","07","3","0","1","2","2","N","N","39 56:25.800","75 12:06.480","9999","","9999","","0","","N","","0 ","","","","","","","","","","2","1","0","0","0","1","0","0","0","0","1","0","1","0","0","0","0","0","1","0","0","0","0","0","0","0","0","0","0","0","0","0","0","0","0","3","1","39.9404","-75.2014","","CRASH_2001_Philadelphia"
"2001213154","06","67","67301","67301","2001","02","1","1945","19","3","1","0","4","1","","","N","01","3","00","3","0","3","3","2","N","N","40 01:10.430","75 03:30.887","9999","","9999","","0","","N","","3 ","","","","","","","","","","2","2","0","0","0","0","0","0","0","0","0","1","1","0","2","0","0","0","0","0","0","0","0","0","0","0","0","0","0","0","0","0","0","0","0","4","0","40.0196","-75.0586","","CRASH_2001_Philadelphia"
"2001223815","06","67","67301","67301","2001","03","1","2003","20","3","1","0","8","1","","","N","05","2","00","3","0","1","2","2","N","N","40 03:05.760","75 09:00.720","9999","","9999","","0","","N","","3 ","","","","","","","","","","1","1","0","0","0","0","0","0","0","0","1","0","1","0","0","0","0","0","0","0","0","0","0","0","0","0","0","0","0","0","0","0","1","0","0","3","0","40.0516","-75.1502","","CRASH_2001_Philadelphia"
"2001231124","06","67","67301","67301","2001","03","4","1120","11","1","2","1","1","1","","","N","00","0","00","3","0","1","2","2","N","N","40 05:17.160","75 02:05.280","9999","","9999","","0","","N","","0 ","","","","","","","","","","2","2","0","0","0","0","0","0","0","0","0","1","1","0","0","0","0","0","0","0","0","0","0","0","0","0","0","0","0","0","0","0","0","0","0","4","0","40.0882","-75.0348","","CRASH_2001_Philadelphia"
"2001233292","06","67","67301","67301","2001","03","5","0615","06","3","2","1","8","1","","","N","01","2","00","3","0","1","2","2","N","N","40 02:03.840","75 04:55.920","9999","","9999","","0","","N","","3 ","","","","","","","","","","1","1","0","0","0","0","0","0","0","0","0","1","1","0","0","0","0","0","0","0","0","0","0","0","0","0","0","0","0","0","0","0","1","0","0","4","0","40.0345","-75.0822","","CRASH_2001_Philadelphia"
"2001019537","06","67","67301","67301","2001","05","7","0019","00","3","1","0","1","1","","","N","01","2","00","3","0","1","5","3","N","N","40 00:41.374","75 04:11.189","0030","","0020","","0","","N","","3 ","","","","","","","","","","3","3","0","0","0","0","0","0","0","0","1","0","1","0","0","0","0","0","0","0","0","0","0","0","0","0","0","0","0","0","0","0","0","0","0","3","0","40.0114","-75.0699","","CRASH_2001_Philadelphia"
"2001204652","06","67","67301","67301","2001","01","1","0837","08","1","1","0","7","1","","","N","00","0","00","3","0","1","1","1","N","N","","","9999","","9999","","0","","N","","0 ","","","","","","","","","","1","1","0","0","0","0","0","0","0","0","0","0","0","0","1","0","0","0","0","0","0","0","0","0","0","0","0","0","0","0","0","0","0","0","0","9","0","","","","CRASH_2001_Philadelphia"
"2001209172","06","67","67301","67301","2001","01","1","0605","06","5","1","0","7","1","","","N","01","2","00","3","0","1","1","1","N","N","39 57:02.880","75 09:49.680","9999","","9999","","0","","N","","3 ","","","","","","","","","","1","1","0","0","0","0","0","0","0","0","0","1","1","0","0","0","0","0","0","0","0","0","0","0","0","0","0","0","0","0","0","0","0","0","0","4","0","39.9509","-75.164","","CRASH_2001_Philadelphia"
"2001231659","06","67","67301","67301","2001","02","6","1445","14","1","2","1","8","1","","","N","01","2","00","3","0","3","3","3","N","N","39 59:14.589","75 14:56.814","9999","","9999","","0","","N","","3 ","","","","","","","","","","1","1","0","0","0","0","0","0","0","0","0","0","0","0","3","0","0","0","0","0","0","0","0","0","0","0","0","0","0","0","0","0","2","0","0","9","0","39.9874","-75.2491","","CRASH_2001_Philadelphia"
"2001233232","06","67","67301","67301","2001","04","6","1150","11","1","2","1","6","1","","","N","01","2","00","3","0","1","4","2","N","N","39 59:32.640","75 10:46.560","9999","","9999","","0","","N","","3 ","","","","","","","","","","2","2","0","0","0","0","0","0","0","0","0","1","1","0","0","0","0","0","0","0","1","0","0","1","0","0","0","0","0","0","0","0","0","0","0","4","0","39.9924","-75.1796","","CRASH_2001_Philadelphia"
"2001016706","06","67","67301","67301","2001","05","7","1710","17","1","2","1","4","1","","","N","05","2","00","3","0","2","6","3","N","N","40 02:03.840","75 04:18.840","1720","","1714","","0","","N","","3 ","","","","","","","","","","3","3","0","0","0","0","0","0","0","0","0","2","2","0","0","0","0","0","0","0","2","0","0","0","0","0","0","0","0","0","0","0","0","0","0","4","0","40.035","-75.0693","","CRASH_2001_Philadelphia"
"2001210787","06","67","67301","67301","2001","02","2","0747","07","1","9","9","8","1","","","N","01","2","00","3","0","1","2","2","N","N","39 59:38.040","75 09:16.560","9999","","9999","","0","","N","","3 ","","","","","","","","","","1","1","0","0","0","0","0","0","0","0","0","1","1","0","0","0","0","0","0","0","0","0","0","0","0","0","0","0","0","0","0","0","1","0","0","4","0","39.9941","-75.1546","","CRASH_2001_Philadelphia"
"2001214593","06","67","67301","67301","2001","02","1","0237","02","3","1","0","7","2","","","N","00","0","00","3","0","2","5","1","N","N","40 02:00.240","75 01:12.000","9999","","9999","","0","","N","","0 ","","","","","","","","","","1","1","0","0","0","0","0","0","0","0","2","0","2","0","0","0","0","0","1","0","0","0","0","0","0","0","0","0","0","0","0","0","0","0","0","3","0","40.0333","-75.0202","","CRASH_2001_Philadelphia"
"2001231098","06","67","67301","67301","2001","03","2","0702","07","1","1","0","4","1","","","N","05","2","00","3","0","3","3","2","N","N","40 04:03.000","75 08:47.760","9999","","9999","","0","","N","","3 ","","","","","","","","","","2","2","0","0","0","0","0","0","0","0","1","2","3","0","0","0","0","0","0","0","1","0","0","0","0","0","0","0","0","0","0","0","0","0","0","3","0","40.0675","-75.1466","","CRASH_2001_Philadelphia"
"2001211785","06","67","67301","67301","2001","01","3","2328","23","3","1","1","4","1","","","N","01","2","00","3","0","1","2","2","N","N","","","9999","","9999","","0","","N","","3 ","","","","","","","","","","2","2","0","0","0","0","0","0","0","0","1","0","1","0","0","0","0","1","0","0","0","0","0","0","0","0","0","0","0","0","0","0","0","0","0","3","0","","","","CRASH_2001_Philadelphia"
"2001243500","06","67","67301","67301","2001","04","1","1330","13","1","1","0","8","1","","","N","01","9","00","3","0","1","2","2","N","N","39 59:33.831","75 07:13.101","9999","","9999","","0","","N","","9 ","","","","","","","","","","1","1","0","0","0","0","0","0","0","0","0","1","1","0","0","0","0","0","0","0","0","0","0","0","0","0","0","0","0","0","0","0","1","0","0","4","0","39.9927","-75.1203","","CRASH_2001_Philadelphia"
"2001243707","06","67","67301","67301","2001","05","2","1515","15","1","1","0","9","1","","","N","00","0","00","3","0","1","1","3","N","N","","","9999","","9999","","0","","N","","0 ","","","","","","","","","","3","1","0","0","0","0","0","0","0","0","0","1","1","0","0","0","0","0","0","0","1","0","0","0","0","0","0","0","0","0","0","0","0","0","0","4","0","","","","CRASH_2001_Philadelphia"
"2001244760","06","67","67301","67301","2001","05","5","1245","12","1","1","0","5","1","","","N","00","0","00","3","0","1","4","2","N","N","39 58:48.360","75 11:50.280","9999","","9999","","0","","N","","0 ","","","","","","","","","","2","0","0","0","0","0","2","0","0","0","0","1","1","0","0","0","0","0","1","0","0","0","0","0","0","0","0","0","0","0","0","0","0","0","0","4","0","39.9801","-75.1973","","CRASH_2001_Philadelphia"
"2001019700","06","67","67301","67301","2001","09","1","1738","17","1","2","1","7","5","","","N","10","0","00","3","0","0","1","1","N","N","40 00:35.513","75 12:29.208","1740","","1738","1","2","3","N","","0 ","Y","","","","","","","","","1","1","0","0","0","0","0","0","0","0","0","0","0","0","0","0","1","0","0","0","0","0","0","0","0","0","0","0","0","0","0","0","0","0","0","0","0","40.0098","-75.208","","CRASH_2001_Philadelphia"
"2001205977","06","67","67301","67301","2001","01","5","0104","01","3","2","0","5","1","","","N","00","0","00","3","0","0","2","2","N","N","40 00:50.760","75 10:45.120","9999","","9999","","0","","N","","0 ","","","","","","","","","","2","2","0","0","0","0","0","0","0","0","0","0","0","0","0","0","0","0","0","0","1","0","0","0","0","0","0","0","0","0","0","0","0","0","0","0","0","40.014","-75.179","","CRASH_2001_Philadelphia"
"2001223860","06","67","67301","67301","2001","03","5","2031","20","3","2","0","4","1","","","N","01","3","00","3","0","0","2","5","N","N","39 59:21.788","75 10:48.874","9999","","9999","","0","","N","","3 ","","","","","","","","","","5","2","0","0","0","0","0","0","0","0","0","0","0","0","0","0","0","0","0","0","0","0","0","0","0","0","0","0","0","0","0","0","0","0","0","0","0","39.9894","-75.1802","","CRASH_2001_Philadelphia"
"2001244632","06","67","67301","67301","2001","03","6","0844","08","1","1","0","4","1","","","N","01","3","00","3","0","1","4","2","N","N","40 01:15.240","75 08:55.320","9999","","9999","","0","","N","","3 ","","","","","","","","","","2","2","0","0","0","0","0","0","0","0","0","1","1","0","0","0","0","0","0","0","1","0","0","0","0","0","0","0","0","0","0","0","0","0","0","4","0","40.0208","-75.1487","","CRASH_2001_Philadelphia"
"2001249070","06","67","67301","67301","2001","05","6","1922","19","1","1","0","9","1","","","N","00","0","00","3","0","2","2","3","N","N","","","9999","","9999","","0","","N","","0 ","","","","","","","","","","2","1","0","0","0","0","0","0","0","0","0","0","0","0","2","0","0","0","0","0","0","0","0","0","0","0","0","0","0","0","0","0","1","0","0","9","0","","","","CRASH_2001_Philadelphia"
"2001007158","06","67","67301","67301","2001","06","4","2232","22","3","1","0","4","1","","","N","01","1","00","3","0","0","4","2","N","N","39 57:02.826","75 09:01.522","2248","","2242","","0","","N","","3 ","","","","","","","","","","2","2","0","0","0","0","0","0","0","0","0","0","0","0","3","0","0","0","0","0","0","0","0","0","0","0","0","0","0","0","0","0","0","0","0","9","0","39.9508","-75.1504","","CRASH_2001_Philadelphia"
"2001204113","06","67","67301","67301","2001","01","4","1450","14","1","1","5","4","1","1","8","Y","01","2","00","3","0","0","2","2","N","N","39 58:02.640","75 07:43.320","9999","99","9999","","0","","N","","3 ","","U","","","U","","","","","2","1","0","0","0","1","0","0","0","0","0","0","0","0","0","0","0","0","0","0","0","0","0","0","0","0","0","0","0","0","0","0","0","0","0","0","1","39.967","-75.1294","","CRASH_2001_Philadelphia"
"2001204167","06","67","67301","67301","2001","01","4","0425","04","3","1","0","9","1","","","N","01","2","00","3","0","1","1","2","N","N","39 58:12.000","75 08:42.000","9999","","9999","","0","","N","","3 ","","","","","","","","","","2","1","0","0","0","0","0","0","0","0","0","0","0","0","1","0","0","0","0","0","0","0","0","0","0","0","0","0","0","0","0","0","0","0","0","9","0","39.97","-75.145","","CRASH_2001_Philadelphia"
"2001207488","06","67","67301","67301","2001","01","5","2254","22","3","1","1","4","1","","","N","01","2","00","3","0","0","2","2","N","N","39 59:27.600","75 10:47.640","9999","","9999","","0","","N","","3 ","","","","","","","","","","2","2","0","0","0","0","0","0","0","0","0","0","0","0","0","0","0","0","0","0","0","0","0","0","0","0","0","0","0","0","0","0","0","0","0","0","0","39.991","-75.1799","","CRASH_2001_Philadelphia"
"2001223882","06","67","67301","67301","2001","03","7","1437","14","1","1","0","4","1","","","N","01","3","00","3","0","3","3","2","N","N","39 54:09.000","75 13:29.280","9999","","9999","","0","","N","","3 ","","","","","","","","","","2","2","0","0","0","0","0","0","0","0","0","3","3","0","0","0","0","0","0","1","1","0","0","0","0","0","0","0","0","0","0","0","0","0","0","4","0","39.9025","-75.2248","","CRASH_2001_Philadelphia"
"2001007125","06","67","67301","67301","2001","06","4","","","3","1","0","8","1","","","N","00","0","07","3","0","1","2","2","N","N","39 58:38.643","75 13:37.868","1015","","1015","","0","","N","","0 ","","","","","","","","","","1","1","0","0","0","0","0","0","0","1","0","0","1","0","0","0","0","0","0","0","0","0","0","0","0","0","0","0","0","0","0","0","1","0","1","2","0","39.9773","-75.227","","CRASH_2001_Philadelphia"
"2001209177","06","67","67301","67301","2001","01","7","1843","18","3","1","0","4","1","","","N","01","2","00","3","0","1","2","2","N","N","40 03:03.078","75 04:38.830","9999","","9999","","0","","N","","3 ","","","","","","","","","","2","1","0","0","1","0","0","0","0","0","0","0","0","0","1","0","0","0","0","0","1","0","0","0","0","0","0","0","0","0","0","0","0","0","0","9","0","40.0509","-75.0775","","CRASH_2001_Philadelphia"
"2001233415","06","67","67301","67301","2001","04","1","2230","22","3","1","0","1","1","","","N","06","0","02","3","0","2","2","2","N","N","40 01:00.840","75 10:03.720","9999","","9999","","0","","N","","0 ","","","","","","","","","","2","1","0","0","0","0","0","0","0","0","1","0","1","0","1","0","0","0","0","0","0","0","0","0","0","0","0","0","0","0","0","0","0","0","0","3","0","40.0169","-75.1676","","CRASH_2001_Philadelphia"
"2001233418","06","67","67301","67301","2001","03","7","1148","11","1","1","0","7","5","","","N","00","0","00","3","0","1","1","1","N","N","40 01:08.400","75 09:54.720","9999","","9999","","0","","N","","0 ","","","","","","","","","","1","1","0","0","0","0","0","0","0","0","0","0","0","0","1","0","0","0","0","1","0","0","0","0","0","0","0","0","0","0","0","0","0","0","0","9","0","40.0189","-75.1653","","CRASH_2001_Philadelphia"
"2001233492","06","67","67301","67301","2001","03","1","1745","17","1","1","0","1","1","","","N","00","0","00","3","0","0","3","3","N","N","","","9999","","9999","","0","","N","","0 ","","","","","","","","","","3","3","0","0","0","0","0","0","0","0","0","0","0","0","0","0","0","0","0","0","0","0","0","3","0","0","0","0","0","0","0","0","0","0","0","0","0","","","","CRASH_2001_Philadelphia"
"2001243454","06","67","67301","67301","2001","04","1","2200","22","3","1","0","4","1","","","N","01","3","00","3","0","2","4","3","N","N","39 58:05.019","75 12:24.436","9999","","9999","","0","","N","","3 ","","","","","","","","","","3","2","0","0","0","0","0","0","0","0","0","2","2","0","0","0","0","0","0","0","0","0","0","0","0","0","0","0","0","0","0","0","0","0","0","4","0","39.9681","-75.2068","","CRASH_2001_Philadelphia"
"2001244675","06","67","67301","67301","2001","05","6","0810","08","1","1","0","9","1","","","N","00","0","00","3","0","1","1","2","N","N","","","9999","","9999","","0","","N","","0 ","","","","","","","","","","2","1","0","0","0","0","0","0","0","0","0","1","1","0","0","0","0","0","0","0","0","0","0","0","0","0","0","0","0","0","0","0","0","0","0","4","0","","","","CRASH_2001_Philadelphia"
"2001204700","06","67","67301","67301","2001","01","2","1739","17","3","1","1","1","1","","","N","07","0","02","3","0","1","5","3","N","N","40 00:34.200","75 12:32.040","9999","","9999","","0","","N","","0 ","","","","","","","","","","3","1","0","0","0","0","1","1","0","0","1","0","1","0","0","0","0","0","0","0","0","0","0","0","0","0","0","0","0","0","0","0","0","0","0","3","0","40.0099","-75.208","","CRASH_2001_Philadelphia"
"2001205947","06","67","67301","67301","2001","01","4","0733","07","1","1","0","4","1","","","N","01","2","00","3","0","0","2","2","N","N","","","9999","","9999","","0","","N","","3 ","","","","","","","","","","2","2","0","0","0","0","0","0","0","0","0","0","0","0","0","0","0","0","0","0","1","0","0","0","0","0","0","0","0","0","0","0","0","0","0","0","0","","","","CRASH_2001_Philadelphia"
"2001206172","06","67","67301","67301","2001","01","6","1545","15","1","2","1","4","1","","","N","02","0","07","3","0","1","4","2","N","N","39 54:51.480","75 09:05.400","9999","","9999","","0","","N","","0 ","","","","","","","","","","2","1","0","0","0","0","0","1","0","0","0","1","1","0","0","0","0","0","0","0","0","0","1","0","0","0","0","0","0","0","0","0","0","0","0","4","0","39.9143","-75.1515","","CRASH_2001_Philadelphia"
"2001209155","06","67","67301","67301","2001","02","5","2025","20","3","1","0","4","1","","","N","01","2","00","3","0","4","4","2","N","N","39 57:28.080","75 08:50.280","9999","","9999","","0","","N","","3 ","","","","","","","","","","2","2","0","0","0","0","0","0","0","0","0","4","4","0","0","0","0","0","0","0","0","0","0","0","0","0","0","0","0","0","0","0","0","0","0","4","0","39.9578","-75.1473","","CRASH_2001_Philadelphia"
"2001210677","06","67","67301","67301","2001","02","6","0945","09","1","1","0","1","1","","","N","01","2","00","3","0","1","2","2","N","N","","","9999","","9999","","0","","N","","3 ","","","","","","","","","","2","1","0","0","0","0","1","0","0","0","0","1","1","0","0","0","0","0","0","0","1","0","0","0","0","0","0","0","0","0","0","0","0","0","0","4","0","","","","CRASH_2001_Philadelphia"
"2001010317","06","67","67301","67301","2001","06","3","2330","23","3","1","0","4","1","","","N","01","2","00","3","0","2","5","2","N","N","40 00:16.920","75 10:37.200","2340","","2335","1","1","1","N","","3 ","N","","","","","","","","","2","2","0","0","0","0","0","0","0","0","0","2","2","0","0","0","0","0","0","0","0","1","0","1","0","0","0","0","0","0","0","0","0","0","0","4","0","40.0062","-75.1766","","CRASH_2001_Philadelphia"
"2001007086","06","67","67301","67301","2001","05","3","","","1","2","7","1","1","","","N","00","0","00","3","0","1","3","2","N","N","39 58:02.999","75 14:44.602","0700","","0655","2","2","2","N","","0 ","Y","","","","","","","","","2","2","0","0","0","0","0","0","0","0","0","1","1","0","0","0","0","0","0","0","0","0","0","0","0","0","0","0","0","0","0","0","0","0","0","4","0","39.9675","-75.2457","","CRASH_2001_Philadelphia"
"2001213207","06","67","67301","67301","2001","02","6","1445","14","1","1","0","4","1","","","N","05","2","02","3","0","0","3","3","N","N","40 00:33.120","75 04:08.400","9999","","9999","","0","","N","","3 ","","","","","","","","","","3","3","0","0","0","0","0","0","0","0","0","0","0","0","0","0","0","0","0","0","0","0","0","0","0","0","0","0","0","0","0","0","0","0","0","0","0","40.0092","-75.069","","CRASH_2001_Philadelphia"
"2001239073","06","67","67301","67301","2001","04","1","1415","14","1","1","0","4","1","","","N","01","2","00","3","0","1","2","2","N","N","39 57:41.040","75 10:30.720","9999","","9999","","0","","N","","3 ","","","","","","","","","","1","0","0","0","0","0","0","0","1","0","0","1","1","0","0","0","0","0","0","0","0","0","0","0","0","0","0","0","0","0","0","0","0","0","0","4","0","39.9614","-75.1752","","CRASH_2001_Philadelphia"
"2001243534","06","67","67301","67301","2001","04","5","1318","13","1","1","0","8","1","","","N","02","3","00","3","0","1","2","2","N","N","","","9999","","9999","","0","","N","","3 ","","","","","","","","","","1","1","0","0","0","0","0","0","0","0","0","1","1","0","0","0","0","0","1","0","0","0","0","0","0","0","0","0","0","0","0","0","1","0","0","4","0","","","","CRASH_2001_Philadelphia"
"2001244678","06","67","67301","67301","2001","05","1","2001","20","1","1","0","8","1","","","N","00","0","00","3","0","1","2","2","N","N","","","9999","","9999","","0","","N","","0 ","","","","","","","","","","1","1","0","0","0","0","0","0","0","1","0","0","1","0","0","0","0","0","0","0","0","0","0","0","0","0","0","0","0","0","0","0","1","0","1","2","0","","","","CRASH_2001_Philadelphia"
"2001248745","06","67","67301","67301","2001","05","3","1945","19","4","1","0","8","1","","","N","00","0","00","3","0","1","2","2","N","N","","","9999","","9999","","0","","N","","0 ","","","","","","","","","","1","1","0","0","0","0","0","0","0","0","0","1","1","0","0","0","0","0","0","0","0","0","0","0","0","0","0","0","0","0","0","0","1","0","0","4","0","","","","CRASH_2001_Philadelphia"
"2001249410","06","67","67301","67301","2001","04","4","1950","19","3","1","0","4","1","","","N","01","2","00","3","0","1","2","2","N","N","","","9999","","9999","","0","","N","","3 ","","","","","","","","","","2","1","0","0","1","0","0","0","0","0","0","1","1","0","0","0","1","0","0","0","0","0","0","2","0","0","0","0","0","0","0","0","0","0","0","4","0","","","","CRASH_2001_Philadelphia"
"2001014300","06","67","67301","67301","2001","09","6","0740","07","1","8","1","4","1","","","N","00","0","00","3","0","2","2","2","N","N","40 01:33.349","75 11:59.862","0802","","0757","","0","","N","","0 ","","","","","","","","","","2","2","0","0","0","0","0","0","0","0","0","2","2","0","0","0","1","0","0","0","0","0","0","0","0","0","0","0","0","0","0","0","0","0","0","4","0","40.026","-75.1998","","CRASH_2001_Philadelphia"
"2001019511","06","67","67301","67301","2001","06","2","2100","21","3","1","0","4","1","","","N","01","2","00","3","0","0","2","2","N","N","40 03:51.426","75 09:12.794","2150","","9999","","0","","N","","3 ","","","","","","","","","","2","1","0","0","0","0","0","0","0","0","0","0","0","0","2","0","0","0","1","0","0","0","0","0","0","0","0","0","0","0","0","0","0","0","0","9","0","40.0643","-75.1536","","CRASH_2001_Philadelphia"
"2001211695","06","67","67301","67301","2001","02","5","2120","21","3","1","0","1","1","","","N","00","0","00","3","0","0","3","2","N","N","39 53:06.360","75 14:39.120","9999","","9999","","0","","N","","0 ","","","","","","","","","","2","2","0","0","0","0","0","0","0","0","0","0","0","0","0","0","0","0","0","0","0","0","0","0","0","0","0","0","0","0","0","0","0","0","0","0","0","39.885","-75.2439","","CRASH_2001_Philadelphia"
"2001239006","06","67","67301","67301","2001","04","6","0120","01","3","1","0","9","1","","","N","00","0","00","3","0","0","1","2","N","N","","","9999","","9999","","0","","N","","0 ","","","","","","","","","","2","1","0","0","0","0","0","0","0","0","0","0","0","0","0","0","0","0","0","0","0","0","0","0","0","0","0","0","0","0","0","0","0","0","0","0","0","","","","CRASH_2001_Philadelphia"
"2001239096","06","67","67301","67301","2001","04","2","0655","06","1","1","0","8","1","","","N","00","0","00","3","0","1","2","2","N","N","39 57:39.240","75 13:57.000","9999","","9999","","0","","N","","0 ","","","","","","","","","","1","1","0","0","0","0","0","0","0","0","0","1","1","0","0","0","0","0","0","0","0","0","0","0","0","0","0","0","0","0","0","0","1","0","0","4","0","39.9609","-75.2325","","CRASH_2001_Philadelphia"
"2001239128","06","67","67301","67301","2001","04","6","2250","22","3","1","0","1","1","","","N","01","2","00","3","0","1","2","2","N","N","40 02:07.440","75 02:22.560","9999","","9999","","0","","N","","3 ","","","","","","","","","","2","2","0","0","0","0","0","0","0","0","0","0","0","0","1","0","0","0","0","0","0","0","0","0","0","0","0","0","0","0","0","0","0","0","0","9","0","40.0354","-75.0395","","CRASH_2001_Philadelphia"
"2001240276","06","67","67301","67301","2001","04","5","2020","20","3","1","0","7","5","","","N","01","2","00","3","0","3","3","1","N","N","39 58:28.200","75 09:31.320","9999","","9999","","0","","N","","3 ","","","","","","","","","","1","1","0","0","0","0","0","0","0","0","0","3","3","0","0","0","0","0","1","0","0","0","0","0","0","0","0","0","0","0","0","0","0","0","0","4","0","39.9749","-75.1588","","CRASH_2001_Philadelphia"
"2001245063","06","67","67301","67301","2001","05","5","1846","18","1","1","0","8","1","","","N","01","2","00","3","0","1","2","2","N","N","39 56:04.920","75 13:38.280","9999","","9999","","0","","N","","3 ","","","","","","","","","","1","1","0","0","0","0","0","0","0","0","0","1","1","0","0","1","0","0","0","0","0","0","0","0","0","0","0","0","0","0","0","0","1","0","0","4","0","39.9347","-75.2273","","CRASH_2001_Philadelphia"