"CRN","DISTRICT","COUNTY","MUNICIPALITY","POLICE_AGCY","CRASH_YEAR","CRASH_MONTH","DAY_OF_WEEK","TIME_OF_DAY","HOUR_OF_DAY","ILLUMINATION","WEATHER","ROAD_CONDITION","COLLISION_TYPE","RELATION_TO_ROAD","WORK_ZONE_TYPE","WORK_ZONE_LOC","WORK_ZONE_IND","INTERSECT_TYPE","TCD_TYPE","LOCATION_TYPE","URBAN_RURAL","FATAL_COUNT","INJURY_COUNT","PERSON_COUNT","TOTAL_UNITS","SCH_BUS_IND","SCH_ZONE_IND","LATITUDE","LONGITUDE","ARRIVAL_TM","CONS_ZONE_SPD_LIM","DISPATCH_TM","EST_HRS_CLOSED","LANE_CLOSED","LN_CLOSE_DIR","NTFY_HIWY_MAINT","SPEC_JURIS_CD","TCD_FUNC_CD","TFC_DETOUR_IND","WORKERS_PRES","WZ_CLOSE_DETOUR","WZ_FLAGGER","WZ_LAW_OFFCR_IND","WZ_LN_CLOSURE","WZ_MOVING","WZ_OTHER","WZ_SHLDER_MDN","VEHICLE_COUNT","AUTOMOBILE_COUNT","MOTORCYCLE_COUNT","BUS_COUNT","SMALL_TRUCK_COUNT","HEAVY_TRUCK_COUNT","SUV_COUNT","VAN_COUNT","BICYCLE_COUNT","MAJ_INJ_COUNT","MOD_INJ_COUNT","MIN_INJ_COUNT","TOT_INJ_COUNT","UNK_INJ_DEG_COUNT","UNK_INJ_PER_COUNT","DRIVER_COUNT_16YR","DRIVER_COUNT_17YR","DRIVER_COUNT_18YR","DRIVER_COUNT_19YR","DRIVER_COUNT_20YR","DRIVER_COUNT_50_64YR","DRIVER_COUNT_65_74YR","DRIVER_COUNT_75PLUS","UNBELTED_OCC_COUNT","UNB_DEATH_COUNT","UNB_MAJ_INJ_COUNT","BELTED_DEATH_COUNT","BELTED_MAJ_INJ_COUNT","MCYCLE_DEATH_COUNT","MCYCLE_MAJ_INJ_COUNT","BICYCLE_DEATH_COUNT","BICYCLE_MAJ_INJ_COUNT","PED_COUNT","PED_DEATH_COUNT","PED_MAJ_INJ_COUNT","MAX_SEVERITY_LEVEL","COMM_VEH_COUNT","DEC_LAT","DEC_LONG","RDWY_SURF_TYPE_CD","COUNTY_YEAR"
"2001209131","06","67","67301","67301","2001","01","4","0615","06","5","5","6","7","5","","","N","00","0","00","3","0","1","1","1","N","N","40 03:10.800","74 58:58.080","9999","","9999","","0","","N","","0 ","","","","","","","","","","1","0","0","0","1","0","0","0","0","0","0","1","1","0","0","0","0","0","0","0","0","0","0","0","0","0","0","0","0","0","0","0","0","0","0","4","0","40.053","-74.9827","","CRASH_2001_Philadelphia"
"2001239122","06","67","67301","67301","2001","04","4","0745","07","1","2","1","4","1","","","N","01","2","00","3","0","1","4","4","N","N","","","9999","","9999","","0","","N","","3 ","","","","","","","","","","4","2","0","0","0","0","0","0","0","0","1","0","1","0","0","0","0","0","0","0","0","0","0","0","0","0","0","0","0","0","0","0","0","0","0","3","0","","","","CRASH_2001_Philadelphia"
"2001007004","06","67","67301","67301","2001","05","2","1813","18","1","2","1","4","1","","","N","01","2","00","3","0","2","3","2","N","N","40 01:20.526","75 04:41.530","0615","","0613","","0","","N","","3 ","","","","","","","","","","2","1","0","1","0","0","0","0","0","0","0","2","2","0","0","0","0","0","0","0","1","0","0","0","0","0","0","0","0","0","0","0","0","0","0","4","1","40.0223","-75.0782","","CRASH_2001_Philadelphia"
"2001016756","06","67","67301","67301","2001","05","1","0336","03","3","2","1","7","4","","","N","00","0","00","3","0","1","4","3","N","N","39 57:50.760","75 11:04.200","0340","","0336","","0","","N","","0 ","","","","","","","","","","3","3","0","0","0","0","0","0","0","0","0","1","1","0","0","0","0","0","0","0","0","0","0","2","0","0","0","0","0","0","0","0","0","0","0","4","0","39.9641","-75.1844","","CRASH_2001_Philadelphia"
"2001233450","06","67","67301","67301","2001","03","5","0635","06","1","1","0","4","1","","","N","01","2","00","3","0","1","2","2","N","N","40 01:24.600","75 07:59.520","9999","","9999","","0","","N","","3 ","","","","","","","","","","1","1","0","0","0","0","0","0","1","0","1","0","1","0","0","0","0","0","0","1","0","0","0","0","0","0","0","0","0","0","0","0","0","0","0","3","0","40.0235","-75.1334","","CRASH_2001_Philadelphia"
"2001019683","06","67","67301","67301","2001","06","4","0740","07","1","1","0","1","1","","","N","00","0","00","3","0","0","2","2","N","N","39 59:00.167","75 05:54.549","0820","","0805","","0","","N","","0 ","","","","","","","","","","2","2","0","0","0","0","0","0","0","0","0","0","0","0","0","0","0","0","0","0","0","0","0","0","0","0","0","0","0","0","0","0","0","0","0","0","0","39.9832","-75.0986","","CRASH_2001_Philadelphia"
"2001207335","06","67","67301","67301","2001","01","7","0455","04","3","2","1","7","5","","","N","00","0","00","3","0","1","1","1","N","N","40 00:38.520","75 12:07.200","9999","","9999","","0","","N","","0 ","","","","","","","","","","1","1","0","0","0","0","0","0","0","0","0","1","1","0","0","0","0","0","0","0","0","0","0","0","0","0","0","0","0","0","0","0","0","0","0","4","0","40.0107","-75.202","","CRASH_2001_Philadelphia"
"2001214299","06","67","67301","67301","2001","02","5","1830","18","3","4","3","7","5","","","N","01","2","00","3","0","0","1","1","N","N","40 02:16.440","75 08:22.200","9999","","9999","","0","","N","","3 ","","","","","","","","","","1","0","0","0","0","0","1","0","0","0","0","0","0","0","0","0","0","0","0","0","0","0","0","0","0","0","0","0","0","0","0","0","0","0","0","0","0","40.0379","-75.1395","","CRASH_2001_Philadelphia"
"2001215700","06","67","67301","67301","2001","02","4","1915","19","3","1","0","8","1","","","N","00","0","00","3","0","1","2","2","N","N","40 02:09.600","75 02:33.000","9999","","9999","","0","","N","","0 ","","","","","","","","","","1","1","0","0","0","0","0","0","0","1","0","0","1","0","0","0","0","0","0","0","1","0","0","0","0","0","0","0","0","0","0","0","1","0","1","2","0","40.036","-75.0424","","CRASH_2001_Philadelphia"
"2001223780","06","67","67301","67301","2001","03","2","0221","02","3","1","0","4","1","","","N","01","0","00","3","0","0","3","2","N","N","39 57:37.080","75 08:19.680","9999","","9999","","0","","N","","0 ","","","","","","","","","","2","0","0","0","0","0","2","0","0","0","0","0","0","0","0","0","0","0","0","0","0","0","0","0","0","0","0","0","0","0","0","0","0","0","0","0","0","39.9603","-75.1381","","CRASH_2001_Philadelphia"
"2001206691","06","67","67301","67301","2001","01","7","2330","23","3","3","5","7","1","","","N","01","2","00","3","0","1","2","2","N","N","40 04:51.240","75 01:44.040","9999","","9999","","0","","N","","3 ","","","","","","","","","","2","0","0","0","0","0","1","0","0","0","0","1","1","0","0","0","0","0","0","0","1","0","0","0","0","0","0","0","0","0","0","0","0","0","0","4","0","40.0811","-75.0289","","CRASH_2001_Philadelphia"
"2001231122","06","67","67301","67301","2001","03","1","2340","23","3","1","0","4","1","","","N","01","2","00","3","0","2","2","2","N","N","40 02:32.640","75 04:57.720","9999","","9999","","0","","N","","3 ","","","","","","","","","","2","1","0","0","0","0","1","0","0","1","1","0","2","0","0","0","0","0","0","0","0","0","0","1","0","0","0","0","0","0","0","0","0","0","0","2","0","40.0424","-75.0827","","CRASH_2001_Philadelphia"
"2001233049","06","67","67301","67301","2001","04","1","0356","03","3","1","0","9","1","","","N","00","0","00","3","0","0","3","4","N","N","","","9999","","9999","","0","","N","","0 ","","","","","","","","","","4","1","0","0","0","0","0","0","0","0","0","0","0","0","0","0","0","0","0","0","0","0","0","0","0","0","0","0","0","0","0","0","0","0","0","0","0","","","","CRASH_2001_Philadelphia"
"2001204690","06","67","67301","67301","2001","01","3","2133","21","3","1","0","4","1","","","N","01","2","00","3","0","2","2","6","N","N","","","9999","","9999","","0","","N","","3 ","","","","","","","","","","6","2","0","0","0","0","0","0","0","0","0","2","2","0","0","0","0","0","0","0","0","0","0","0","0","0","0","0","0","0","0","0","0","0","0","4","0","","","","CRASH_2001_Philadelphia"
"2001208955","06","67","67301","67301","2001","01","7","1658","16","1","1","0","4","1","","","N","02","0","07","3","0","0","2","2","N","N","","","9999","","9999","","0","","N","","0 ","","","","","","","","","","2","2","0","0","0","0","0","0","0","0","0","0","0","0","0","0","0","0","0","0","0","0","0","0","0","0","0","0","0","0","0","0","0","0","0","0","0","","","","CRASH_2001_Philadelphia"
"2001216942","06","67","67301","67301","2001","03","3","1340","13","1","1","1","4","1","","","N","01","2","00","3","0","1","4","3","N","N","40 06:18.360","75 01:58.080","9999","","9999","","0","","N","","3 ","","","","","","","","","","3","3","0","0","0","0","0","0","0","0","0","1","1","0","0","0","0","0","0","1","0","0","1","0","0","0","0","0","0","0","0","0","0","0","0","4","0","40.1051","-75.0328","","CRASH_2001_Philadelphia"
"2001217018","06","67","67301","67301","2001","03","5","0300","03","3","1","0","5","1","","","N","00","0","01","3","0","1","2","2","N","N","39 57:15.480","75 10:53.040","9999","","9999","","0","","N","","0 ","","","","","","","","","","2","1","0","0","1","0","0","0","0","0","0","0","0","0","1","0","0","0","0","0","0","0","0","0","0","0","0","0","0","0","0","0","0","0","0","9","0","39.9543","-75.1813","","CRASH_2001_Philadelphia"
"2001240248","06","67","67301","67301","2001","04","2","0800","08","1","1","0","4","1","","","N","01","3","00","3","0","1","2","2","N","N","","","9999","","9999","","0","","N","","3 ","","","","","","","","","","1","1","0","0","0","0","0","0","1","0","0","1","1","0","0","0","0","0","0","0","0","0","0","0","0","0","0","0","0","0","0","0","0","0","0","4","0","","","","CRASH_2001_Philadelphia"
"2001007222","06","67","67301","67301","2001","05","7","2052","20","3","2","1","4","1","","","N","00","2","00","3","0","0","3","2","N","N","40 04:56.280","75 02:15.720","2056","","2053","","0","","N","","3 ","","","","","","","","","","2","2","0","0","0","0","0","0","0","0","0","0","0","0","0","0","0","0","1","0","0","1","0","1","0","0","0","0","0","0","0","0","0","0","0","0","0","40.0824","-75.0377","","CRASH_2001_Philadelphia"
"2001207844","06","67","67301","67301","2001","01","6","0801","08","1","1","0","1","1","","","N","00","0","00","3","0","1","4","4","N","N","","","9999","","9999","","0","","N","","0 ","","","","","","","","","","4","3","0","1","0","0","0","0","0","0","0","1","1","0","0","0","0","0","0","0","1","0","0","0","0","0","0","0","0","0","0","0","0","0","0","4","1","","","","CRASH_2001_Philadelphia"
"2001231100","06","67","67301","67301","2001","03","6","2040","20","3","2","1","4","1","","","N","01","2","00","3","0","1","4","3","N","N","39 56:20.400","75 11:53.880","9999","","9999","","0","","N","","3 ","","","","","","","","","","3","3","0","0","0","0","0","0","0","0","0","0","0","0","1","0","0","0","0","0","0","0","0","0","0","0","0","0","0","0","0","0","0","0","0","9","0","39.9396","-75.1982","","CRASH_2001_Philadelphia"
"2001231219","06","67","67301","67301","2001","03","4","0925","09","1","2","1","8","1","","","N","01","3","00","3","0","1","2","2","N","N","","","9999","","9999","","0","","N","","3 ","","","","","","","","","","1","0","0","0","0","0","0","0","0","0","0","1","1","0","0","0","0","0","0","0","0","0","0","0","0","0","0","0","0","0","0","0","1","0","0","4","0","","","","CRASH_2001_Philadelphia"
"2001240027","06","67","67301","67301","2001","04","1","2005","20","3","3","1","4","1","","","N","01","2","00","3","0","3","3","2","N","N","","","9999","","9999","","0","","N","","3 ","","","","","","","","","","2","2","0","0","0","0","0","0","0","0","3","0","3","0","0","0","0","0","0","0","0","0","0","0","0","0","0","0","0","0","0","0","0","0","0","3","0","","","","CRASH_2001_Philadelphia"
"2001240050","06","67","67301","67301","2001","04","1","2038","20","3","2","1","1","1","","","N","00","0","00","3","0","2","4","3","N","N","","","9999","","9999","","0","","N","","0 ","","","","","","","","","","3","2","0","0","0","0","0","1","0","0","1","1","2","0","0","0","0","0","0","0","0","0","0","0","0","0","0","0","0","0","0","0","0","0","0","3","0","","","","CRASH_2001_Philadelphia"
"2001007416","06","67","67301","67301","2001","05","4","1945","19","4","1","0","7","3","","","N","06","0","02","3","0","0","1","1","N","N","39 53:55.290","75 10:17.140","1955","","1950","1","2","1","N","","0 ","N","","","","","","","","","1","1","0","0","0","0","0","0","0","0","0","0","0","0","0","0","0","0","0","0","0","0","0","0","0","0","0","0","0","0","0","0","0","0","0","0","0","39.8995","-75.1636","","CRASH_2001_Philadelphia"
"2001213224","06","67","67301","67301","2001","02","4","1915","19","3","1","0","8","1","","","N","00","2","07","3","0","1","2","2","N","N","40 02:21.120","75 13:24.960","9999","","9999","","0","","N","","3 ","","","","","","","","","","1","0","0","1","0","0","0","0","0","0","0","0","0","0","1","0","0","0","0","0","1","0","0","0","0","0","0","0","0","0","0","0","1","0","0","9","1","40.039","-75.2235","","CRASH_2001_Philadelphia"
"2001244911","06","67","67301","67301","2001","05","3","1507","15","1","1","0","1","1","","","N","01","2","00","3","0","1","3","3","N","N","39 53:40.560","75 14:11.760","9999","","9999","","0","","N","","3 ","","","","","","","","","","3","1","0","0","0","0","1","1","0","0","0","1","1","0","0","0","0","0","1","0","0","0","0","0","0","0","0","0","0","0","0","0","0","0","0","4","0","39.8946","-75.2367","","CRASH_2001_Philadelphia"
"2001006944","06","67","67301","67301","2001","05","3","1700","17","1","1","0","4","1","","","N","01","2","00","3","0","2","2","2","N","N","40 01:40.800","75 03:26.640","1715","","1705","","0","","Y","","3 ","","","","","","","","","","2","2","0","0","0","0","0","0","0","0","0","2","2","0","0","0","0","0","0","0","0","0","0","0","0","0","0","0","0","0","0","0","0","0","0","4","0","40.028","-75.0574","","CRASH_2001_Philadelphia"
"2001019544","06","67","67301","67301","2001","06","3","0900","09","1","1","0","1","1","","","N","01","3","00","3","0","1","3","2","N","N","39 57:17.084","75 11:40.100","0915","","0915","","0","","N","","3 ","","","","","","","","","","2","2","0","0","0","0","0","0","0","0","0","1","1","0","1","0","0","0","0","0","0","0","0","0","0","0","0","0","0","0","0","0","0","0","0","4","0","39.9547","-75.1944","","CRASH_2001_Philadelphia"
"2001207321","06","67","67301","67301","2001","01","7","1225","12","1","2","1","4","1","","","N","01","0","00","3","0","1","3","2","N","N","39 57:37.080","75 09:42.120","9999","","9999","","0","","N","","0 ","","","","","","","","","","2","2","0","0","0","0","0","0","0","0","0","1","1","0","0","0","0","0","0","0","0","0","0","1","0","0","0","0","0","0","0","0","0","0","0","4","0","39.9603","-75.1618","","CRASH_2001_Philadelphia"
"2001213140","06","67","67301","67301","2001","02","6","0632","06","3","2","1","1","1","","","N","00","0","00","3","0","3","7","2","Y","N","39 57:56.880","75 14:46.320","9999","","9999","","0","","N","","0 ","","","","","","","","","","2","1","0","0","0","0","0","1","0","0","0","3","3","0","0","0","0","0","0","0","0","0","0","0","0","0","0","0","0","0","0","0","0","0","0","4","0","39.9659","-75.2461","","CRASH_2001_Philadelphia"
"2001214354","06","67","67301","67301","2001","02","3","1930","19","3","1","0","1","1","","","N","00","0","07","3","0","1","5","2","N","N","","","9999","","9999","","0","","N","","0 ","","","","","","","","","","2","2","0","0","0","0","0","0","0","0","0","1","1","0","0","0","0","0","0","0","1","0","0","0","0","0","0","0","0","0","0","0","0","0","0","4","0","","","","CRASH_2001_Philadelphia"
"2001217032","06","67","67301","67301","2001","03","2","1610","16","1","1","0","8","1","","","N","00","0","00","3","0","1","2","2","N","N","","","9999","","9999","","0","","N","","0 ","","","","","","","","","","1","1","0","0","0","0","0","0","0","0","0","1","1","0","0","0","0","0","0","0","0","0","1","0","0","0","0","0","0","0","0","0","1","0","0","4","0","","","","CRASH_2001_Philadelphia"
"2001207379","06","67","67301","67301","2001","01","6","0955","09","1","2","1","1","1","","","N","00","0","00","3","0","3","5","2","N","N","39 58:56.640","75 06:01.440","9999","","9999","","0","","N","","0 ","","","","","","","","","","2","1","0","0","0","0","0","1","0","0","0","0","0","0","3","0","0","0","0","0","0","1","0","0","0","0","0","0","0","0","0","0","0","0","0","9","0","39.9825","-75.1002","","CRASH_2001_Philadelphia"
"2001208897","06","67","67301","67301","2001","02","1","2205","22","3","1","0","4","1","","","N","01","2","00","3","0","0","2","2","N","N","","","9999","","9999","","0","","N","","3 ","","","","","","","","","","2","1","0","0","1","0","0","0","0","0","0","0","0","0","0","0","0","0","1","0","0","0","0","0","0","0","0","0","0","0","0","0","0","0","0","0","0","","","","CRASH_2001_Philadelphia"
"2001211484","06","67","67301","67301","2001","02","2","0953","09","1","1","0","4","1","","","N","01","2","00","3","0","1","2","2","N","N","","","9999","","9999","","0","","N","","3 ","","","","","","","","","","2","2","0","0","0","0","0","0","0","0","0","1","1","0","0","0","0","0","0","0","0","0","0","2","0","0","0","0","0","0","0","0","0","0","0","4","0","","","","CRASH_2001_Philadelphia"
"2001231564","06","67","67301","67301","2001","03","2","2126","21","3","2","1","4","1","","","N","01","2","00","3","0","1","2","2","N","N","40 00:38.808","75 07:35.921","9999","","9999","","0","","N","","3 ","","","","","","","","","","2","2","0","0","0","0","0","0","0","0","0","1","1","0","0","0","0","0","0","0","1","0","0","0","0","0","0","0","0","0","0","0","0","0","0","4","0","40.0108","-75.1266","","CRASH_2001_Philadelphia"
"2001238089","06","67","67301","67301","2001","04","6","1925","19","1","1","0","4","1","","","N","03","3","00","3","0","1","5","2","N","N","","","9999","","9999","","0","","N","","3 ","","","","","","","","","","2","2","0","0","0","0","0","0","0","0","1","0","1","0","0","0","0","0","0","0","0","0","0","0","0","0","0","0","0","0","0","0","0","0","0","3","0","","","","CRASH_2001_Philadelphia"
"2001240086","06","67","67301","67301","2001","04","3","0745","07","1","1","0","8","1","","","N","01","3","00","3","0","1","2","2","N","N","","","9999","","9999","","0","","N","","3 ","","","","","","","","","","1","1","0","0","0","0","0","0","0","0","0","1","1","0","0","0","0","0","0","0","1","0","0","0","0","0","0","0","0","0","0","0","1","0","0","4","0","","","","CRASH_2001_Philadelphia"
"2001223817","06","67","67301","67301","2001","03","6","0842","08","1","1","1","4","1","","","N","02","2","00","3","0","2","2","2","N","N","40 01:15.240","75 08:55.320","9999","","9999","","0","","N","","3 ","","","","","","","","","","2","1","0","0","0","0","0","1","0","0","0","0","0","0","2","0","0","0","0","0","0","0","0","0","0","0","0","0","0","0","0","0","0","0","0","9","0","40.0208","-75.1487","","CRASH_2001_Philadelphia"
"2001233488","06","67","67301","67301","2001","03","5","2205","22","3","3","1","1","1","","","N","01","2","00","3","0","1","3","2","N","N","39 54:21.600","75 11:37.680","9999","","9999","","0","","N","","3 ","","","","","","","","","","2","2","0","0","0","0","0","0","0","0","0","1","1","0","0","0","0","0","0","0","1","0","0","0","0","0","0","0","0","0","0","0","0","0","0","4","0","40.086","-75.2123","","CRASH_2001_Philadelphia"
"2001239033","06","67","67301","67301","2001","04","1","2045","20","3","1","0","8","1","","","N","02","2","00","3","0","1","2","2","N","N","39 59:26.520","75 06:55.440","9999","","9999","","0","","N","","3 ","","","","","","","","","","1","0","0","0","0","0","0","0","0","0","0","1","1","0","0","0","0","0","0","0","0","0","0","0","0","0","0","0","0","0","0","0","1","0","0","4","0","39.9907","-75.1153","","CRASH_2001_Philadelphia"
"2001239035","06","67","67301","67301","2001","04","6","1730","17","1","1","0","4","1","","","N","00","0","00","3","0","1","3","2","N","N","","","9999","","9999","","0","","N","","0 ","","","","","","","","","","1","1","0","0","0","0","0","0","1","0","0","1","1","0","0","0","0","0","0","0","0","0","0","0","0","0","0","0","0","0","0","0","0","0","0","4","0","","","","CRASH_2001_Philadelphia"
"2001240073","06","67","67301","67301","2001","04","6","1010","10","1","1","0","1","1","","","N","01","2","00","3","0","2","3","2","N","N","40 02:35.160","75 04:26.040","9999","","9999","","0","","N","","3 ","","","","","","","","","","2","1","0","0","0","0","0","1","0","0","0","2","2","0","0","0","0","0","0","0","0","0","1","0","0","0","0","0","0","0","0","0","0","0","0","4","0","40.0431","-75.0738","","CRASH_2001_Philadelphia"
"2001018236","06","67","67301","67301","2001","05","4","2100","21","3","1","0","7","4","","","N","00","0","00","3","0","1","1","1","N","N","39 58:25.320","75 07:10.920","2110","","2100","9","1","1","N","","0 ","N","","","","","","","","","1","1","0","0","0","0","0","0","0","0","0","1","1","0","0","0","0","0","0","0","0","0","0","0","0","0","0","0","0","0","0","0","0","0","0","4","0","39.9733","-75.1202","","CRASH_2001_Philadelphia"
"2001205962","06","67","67301","67301","2001","01","5","1340","13","1","9","9","1","1","","","N","07","3","02","3","0","0","2","2","N","N","39 53:34.800","75 14:08.160","9999","","9999","","0","","N","","3 ","","","","","","","","","","2","1","0","0","0","0","1","0","0","0","0","0","0","0","0","0","0","0","0","0","2","0","0","0","0","0","0","0","0","0","0","0","0","0","0","0","0","39.8981","-75.2384","","CRASH_2001_Philadelphia"
"2001207609","06","67","67301","67301","2001","01","1","0345","03","3","1","0","7","1","","","N","00","0","00","3","0","1","1","1","N","N","39 53:09.600","75 12:38.520","9999","","9999","","0","","N","","0 ","","","","","","","","","","1","1","0","0","0","0","0","0","0","0","0","1","1","0","0","0","0","0","0","0","0","0","0","0","0","0","0","0","0","0","0","0","0","0","0","4","0","39.886","-75.2091","","CRASH_2001_Philadelphia"
"2001213165","06","67","67301","67301","2001","02","7","0220","02","3","2","1","4","1","","","N","00","0","07","3","0","1","3","2","N","N","40 07:58.440","75 00:38.880","9999","","9999","","0","","N","","0 ","","","","","","","","","","2","2","0","0","0","0","0","0","0","0","0","1","1","0","0","0","0","0","0","1","0","0","0","0","0","0","0","0","0","0","0","0","0","0","0","4","0","40.133","-75.0108","","CRASH_2001_Philadelphia"
"2001223793","06","67","67301","67301","2001","03","6","1151","11","1","1","0","1","1","","","N","02","2","00","3","0","1","2","2","N","N","40 06:35.640","75 01:30.360","9999","","9999","","0","","N","","3 ","","","","","","","","","","2","1","0","0","0","0","0","1","0","0","0","0","0","0","1","0","0","0","0","0","0","0","0","0","0","0","0","0","0","0","0","0","0","0","0","9","0","40.1099","-75.0252","","CRASH_2001_Philadelphia"
"2001233381","06","67","67301","67301","2001","03","7","0200","02","3","1","0","1","1","","","N","05","2","02","3","0","1","2","2","N","N","39 55:17.760","75 11:26.160","9999","","9999","","0","","N","","3 ","","","","","","","","","","2","1","0","0","0","0","0","0","0","0","0","0","0","0","1","0","0","0","0","0","0","0","0","0","0","0","0","0","0","0","0","0","0","0","0","9","0","39.9217","-75.1902","","CRASH_2001_Philadelphia"
"2001207659","06","67","67301","67301","2001","01","2","0400","04","3","2","1","7","5","","","N","02","2","00","3","0","4","4","1","N","N","40 01:37.920","75 11:00.960","9999","","9999","","0","","N","","3 ","","","","","","","","","","1","1","0","0","0","0","0","0","0","0","0","0","0","0","4","0","0","0","0","0","0","0","0","3","0","0","0","0","0","0","0","0","0","0","0","9","0","40.0272","-75.1835","","CRASH_2001_Philadelphia"
"2001214430","06","67","67301","67301","2001","02","4","1300","13","1","1","0","4","1","","","N","01","2","00","3","0","0","6","2","Y","N","","","9999","","9999","","0","","N","","3 ","","","","","","","","","","2","1","0","1","0","0","0","0","0","0","0","0","0","0","0","0","0","0","0","0","0","0","0","0","0","0","0","0","0","0","0","0","0","0","0","0","1","","","","CRASH_2001_Philadelphia"
"2001231161","06","67","67301","67301","2001","03","3","0430","04","3","1","0","4","1","","","N","01","2","00","3","0","2","2","2","N","N","40 00:48.960","75 04:06.600","9999","","9999","","0","","N","","3 ","","","","","","","","","","2","1","0","0","0","0","0","0","0","0","0","1","1","0","1","0","0","0","0","0","0","0","0","0","0","0","0","0","0","0","0","0","0","0","0","4","0","40.0136","-75.0685","","CRASH_2001_Philadelphia"
"2001243586","06","67","67301","67301","2001","04","2","1937","19","4","1","0","4","1","","","N","00","0","00","3","0","1","2","2","N","N","","","9999","","9999","","0","","N","","0 ","","","","","","","","","","1","1","0","0","0","0","0","0","1","0","0","1","1","0","0","0","0","0","0","0","0","0","0","0","0","0","0","0","0","0","0","0","0","0","0","4","0","","","","CRASH_2001_Philadelphia"
"2001215673","06","67","67301","67301","2001","02","3","1144","11","1","1","0","4","1","","","N","02","0","01","3","0","1","2","2","N","N","","","9999","","9999","","0","","N","","0 ","","","","","","","","","","2","1","0","0","0","0","0","1","0","0","0","0","0","0","1","0","0","0","0","0","0","0","0","0","0","0","0","0","0","0","0","0","0","0","0","9","0","","","","CRASH_2001_Philadelphia"
"2001244914","06","67","67301","67301","2001","05","1","1700","17","1","1","0","5","1","","","N","00","0","00","3","0","1","2","2","N","N","","","9999","","9999","","0","","N","","0 ","","","","","","","","","","1","1","0","0","0","0","0","0","1","0","1","0","1","0","0","0","0","0","0","0","0","0","0","1","0","0","0","0","0","0","0","0","0","0","0","3","0","","","","CRASH_2001_Philadelphia"
"2001007226","06","67","67301","67301","2001","06","1","0210","02","3","1","0","5","1","","","N","01","2","00","3","0","1","7","2","N","N","39 56:57.177","75 09:02.751","0219","","0219","","0","","N","","3 ","","","","","","","","","","2","2","0","0","0","0","0","0","0","0","0","1","1","0","0","0","0","0","0","0","0","0","0","0","0","0","0","0","0","0","0","0","0","0","0","4","0","39.9492","-75.1508","","CRASH_2001_Philadelphia"
"2001204639","06","67","67301","67301","2001","01","6","1327","13","1","4","3","1","1","","","N","01","2","00","3","0","1","2","2","N","N","40 01:06.600","75 03:27.360","9999","","9999","","0","","N","","3 ","","","","","","","","","","2","1","0","0","1","0","0","0","0","0","0","1","1","0","0","0","0","0","0","0","0","0","0","0","0","0","0","0","0","0","0","0","0","0","0","4","0","40.0185","-75.0576","","CRASH_2001_Philadelphia"
"2001207330","06","67","67301","67301","2001","01","7","0900","09","1","2","1","8","1","","","N","00","0","00","3","0","1","2","2","N","N","","","9999","","9999","","0","","N","","0 ","","","","","","","","","","1","1","0","0","0","0","0","0","0","0","0","1","1","0","0","0","0","0","0","0","0","0","0","0","0","0","0","0","0","0","0","0","1","0","0","4","0","","","","CRASH_2001_Philadelphia"
"2001209185","06","67","67301","67301","2001","01","3","1231","12","1","2","1","4","1","","","N","01","1","00","3","0","0","2","2","N","N","39 58:33.045","75 14:27.779","9999","","9999","","0","","N","","3 ","","","","","","","","","","2","2","0","0","0","0","0","0","0","0","0","0","0","0","0","0","0","0","0","0","0","0","1","0","0","0","0","0","0","0","0","0","0","0","0","0","0","39.9758","-75.241","","CRASH_2001_Philadelphia"
"2001216899","06","67","67301","67301","2001","03","7","1309","13","1","1","0","4","1","","","N","01","3","00","3","0","1","2","2","N","N","","","9999","","9999","","0","","N","","3 ","","","","","","","","","","2","2","0","0","0","0","0","0","0","0","1","0","1","0","0","0","0","0","0","0","0","0","0","0","0","0","0","0","0","0","0","0","0","0","0","3","0","","","","CRASH_2001_Philadelphia"
"2001223848","06","67","67301","67301","2001","03","3","0250","02","3","2","1","5","1","","","N","00","0","00","3","0","1","2","2","N","N","40 01:14.160","75 09:14.760","9999","","9999","","0","","N","","0 ","","","","","","","","","","2","2","0","0","0","0","0","0","0","0","0","0","0","0","1","0","0","0","0","0","0","0","0","0","0","0","0","0","0","0","0","0","0","0","0","9","0","40.0205","-75.154","","CRASH_2001_Philadelphia"
"2001238122","06","67","67301","67301","2001","04","6","1512","15","1","1","0","8","1","","","N","00","0","00","3","0","1","2","2","N","N","","","9999","","9999","","0","","N","","0 ","","","","","","","","","","1","1","0","0","0","0","0","0","0","0","0","1","1","0","0","0","0","0","0","0","0","0","0","0","0","0","0","0","0","0","0","0","1","0","0","4","0","","","","CRASH_2001_Philadelphia"
"2001240025","06","67","67301","67301","2001","04","1","1507","15","1","1","0","4","1","","","N","01","3","00","3","0","1","2","2","N","N","","","9999","","9999","","0","","N","","3 ","","","","","","","","","","1","1","0","0","0","0","0","0","1","0","1","0","1","0","0","0","0","0","0","0","0","0","0","0","0","0","0","0","0","0","0","0","0","0","0","3","0","","","","CRASH_2001_Philadelphia"