"CRN","DISTRICT","COUNTY","MUNICIPALITY","POLICE_AGCY","CRASH_YEAR","CRASH_MONTH","DAY_OF_WEEK","TIME_OF_DAY","HOUR_OF_DAY","ILLUMINATION","WEATHER","ROAD_CONDITION","COLLISION_TYPE","RELATION_TO_ROAD","WORK_ZONE_TYPE","WORK_ZONE_LOC","WORK_ZONE_IND","INTERSECT_TYPE","TCD_TYPE","LOCATION_TYPE","URBAN_RURAL","FATAL_COUNT","INJURY_COUNT","PERSON_COUNT","TOTAL_UNITS","SCH_BUS_IND","SCH_ZONE_IND","LATITUDE","LONGITUDE","ARRIVAL_TM","CONS_ZONE_SPD_LIM","DISPATCH_TM","EST_HRS_CLOSED","LANE_CLOSED","LN_CLOSE_DIR","NTFY_HIWY_MAINT","SPEC_JURIS_CD","TCD_FUNC_CD","TFC_DETOUR_IND","WORKERS_PRES","WZ_CLOSE_DETOUR","WZ_FLAGGER","WZ_LAW_OFFCR_IND","WZ_LN_CLOSURE","WZ_MOVING","WZ_OTHER","WZ_SHLDER_MDN","VEHICLE_COUNT","AUTOMOBILE_COUNT","MOTORCYCLE_COUNT","BUS_COUNT","SMALL_TRUCK_COUNT","HEAVY_TRUCK_COUNT","SUV_COUNT","VAN_COUNT","BICYCLE_COUNT","MAJ_INJ_COUNT","MOD_INJ_COUNT","MIN_INJ_COUNT","TOT_INJ_COUNT","UNK_INJ_DEG_COUNT","UNK_INJ_PER_COUNT","DRIVER_COUNT_16YR","DRIVER_COUNT_17YR","DRIVER_COUNT_18YR","DRIVER_COUNT_19YR","DRIVER_COUNT_20YR","DRIVER_COUNT_50_64YR","DRIVER_COUNT_65_74YR","DRIVER_COUNT_75PLUS","UNBELTED_OCC_COUNT","UNB_DEATH_COUNT","UNB_MAJ_INJ_COUNT","BELTED_DEATH_COUNT","BELTED_MAJ_INJ_COUNT","MCYCLE_DEATH_COUNT","MCYCLE_MAJ_INJ_COUNT","BICYCLE_DEATH_COUNT","BICYCLE_MAJ_INJ_COUNT","PED_COUNT","PED_DEATH_COUNT","PED_MAJ_INJ_COUNT","MAX_SEVERITY_LEVEL","COMM_VEH_COUNT","DEC_LAT","DEC_LONG","RDWY_SURF_TYPE_CD","COUNTY_YEAR"
"2001007288","06","67","67301","67301","2001","05","1","1036","10","1","1","0","8","1","","","N","02","0","00","3","0","1","3","2","N","N","39 58:47.550","75 13:09.077","1041","","1037","","0","","N","","0 ","","","","","","","","","","1","1","0","0","0","0","0","0","0","0","0","1","1","0","0","0","0","0","0","0","0","1","0","0","0","0","0","0","0","0","0","0","1","0","0","4","0","39.98","-75.2193","","CRASH_2001_Philadelphia"
"2001245559","06","67","67301","67301","2001","05","5","1557","15","1","1","0","7","1","","","N","00","0","00","3","0","4","5","1","N","N","39 54:08.280","75 09:05.040","9999","","9999","","0","","N","","0 ","","","","","","","","","","1","1","0","0","0","0","0","0","0","0","0","4","4","0","0","0","0","0","0","0","0","0","0","0","0","0","0","0","0","0","0","0","0","0","0","4","0","39.903","-75.1507","","CRASH_2001_Philadelphia"
"2001261339","06","67","67301","67301","2001","06","7","1506","15","1","1","0","4","1","","","N","01","2","00","3","0","0","2","2","N","N","40 03:16.920","75 00:16.920","9999","","9999","","0","","N","","3 ","","","","","","","","","","2","2","0","0","0","0","0","0","0","0","0","0","0","0","0","0","1","1","0","0","0","0","0","0","0","0","0","0","0","0","0","0","0","0","0","0","0","40.0547","-75.0048","","CRASH_2001_Philadelphia"
"2001214287","06","67","67301","67301","2001","02","2","1415","14","1","1","0","1","1","","","N","02","1","00","3","0","1","2","2","N","N","40 02:24.720","75 01:52.680","9999","","9999","","0","","N","","3 ","","","","","","","","","","2","2","0","0","0","0","0","0","0","0","0","1","1","0","0","0","0","0","0","0","0","0","0","0","0","0","0","0","0","0","0","0","0","0","0","4","0","40.0402","-75.0313","","CRASH_2001_Philadelphia"
"2001231231","06","67","67301","67301","2001","03","6","1913","19","3","2","1","1","1","","","N","00","0","00","3","0","0","3","2","N","N","40 00:04.320","75 11:42.000","9999","","9999","","0","","N","","0 ","","","","","","","","","","2","0","0","0","0","0","1","0","0","0","0","0","0","0","0","0","0","0","0","0","0","0","0","0","0","0","0","0","0","0","0","0","0","0","0","0","0","40.0012","-75.195","","CRASH_2001_Philadelphia"
"2001204532","06","67","67301","67301","2001","01","7","1500","15","1","1","0","7","5","","","N","01","2","00","3","0","1","1","1","N","N","39 56:57.120","75 09:02.880","9999","","9999","","0","","N","","3 ","","","","","","","","","","1","1","0","0","0","0","0","0","0","1","0","0","1","0","0","0","0","0","0","0","0","0","0","0","0","0","0","0","0","0","0","0","0","0","0","2","0","39.9492","-75.1507","","CRASH_2001_Philadelphia"
"2001210776","06","67","67301","67301","2001","02","7","1446","14","1","1","0","8","1","","","N","00","0","00","3","0","2","3","3","N","N","","","9999","","9999","","0","","N","","0 ","","","","","","","","","","1","1","0","0","0","0","0","0","0","0","0","2","2","0","0","0","0","0","0","0","0","1","0","0","0","0","0","0","0","0","0","0","2","0","0","4","0","","","","CRASH_2001_Philadelphia"
"2001238182","06","67","67301","67301","2001","04","4","0737","07","1","1","0","8","1","","","N","00","0","07","3","0","1","2","2","N","N","40 00:20.160","75 06:11.160","9999","","9999","","0","","N","","0 ","","","","","","","","","","1","0","0","0","0","0","1","0","0","0","0","1","1","0","0","0","0","0","0","0","0","0","0","0","0","0","0","0","0","0","0","0","1","0","0","4","0","40.0056","-75.1032","","CRASH_2001_Philadelphia"
"2001244884","06","67","67301","67301","2001","05","7","1310","13","1","1","0","8","1","","","N","00","0","00","3","0","1","2","2","N","N","","","9999","","9999","","0","","N","","0 ","","","","","","","","","","1","1","0","0","0","0","0","0","0","0","0","1","1","0","0","0","0","0","0","0","0","0","1","0","0","0","0","0","0","0","0","0","1","0","0","4","0","","","","CRASH_2001_Philadelphia"
"2001007061","06","67","67301","67301","2001","06","3","1223","12","4","1","0","7","2","","","N","00","0","00","3","0","1","1","1","N","Y","39 56:48.489","75 14:51.539","1840","","1837","","0","","N","","0 ","","","","","","","","","","1","0","1","0","0","0","0","0","0","0","1","0","1","0","0","0","0","0","0","0","0","0","0","0","0","0","0","0","0","0","0","0","0","0","0","3","0","39.9468","-75.2479","","CRASH_2001_Philadelphia"
"2001209105","06","67","67301","67301","2001","01","4","1550","15","1","1","0","1","1","","","N","05","2","00","3","0","0","2","2","N","N","40 01:29.280","75 06:34.200","9999","","9999","","0","","N","","3 ","","","","","","","","","","2","1","1","0","0","0","0","0","0","0","0","0","0","0","0","0","0","0","0","0","0","0","0","0","0","0","0","0","0","0","0","0","0","0","0","0","0","40.0249","-75.1096","","CRASH_2001_Philadelphia"
"2001204558","06","67","67301","67301","2001","01","6","1400","14","1","1","3","1","1","","","N","00","0","00","3","0","5","5","2","N","N","","","9999","","9999","","0","","N","","0 ","","","","","","","","","","2","2","0","0","0","0","0","0","0","0","0","4","4","0","1","0","0","0","0","0","0","0","0","0","0","0","0","0","0","0","0","0","0","0","0","4","0","","","","CRASH_2001_Philadelphia"
"2001207347","06","67","67301","67301","2001","01","4","1400","14","1","1","0","4","1","","","N","01","2","00","3","0","3","3","3","N","N","39 55:32.160","75 10:44.760","9999","","9999","","0","","N","","3 ","","","","","","","","","","3","1","0","0","0","0","1","0","0","0","0","0","0","0","3","0","0","0","0","0","0","0","0","0","0","0","0","0","0","0","0","0","0","0","0","9","0","39.9256","-75.1791","","CRASH_2001_Philadelphia"
"2001207358","06","67","67301","67301","2001","01","2","1002","10","1","1","0","4","1","","","N","01","3","00","3","0","1","3","3","N","N","40 02:30.030","75 10:07.388","9999","","9999","","0","","N","","3 ","","","","","","","","","","3","2","0","0","1","0","0","0","0","0","1","0","1","0","0","0","0","0","0","1","1","1","0","0","0","0","0","0","0","0","0","0","0","0","0","3","0","40.0417","-75.1687","","CRASH_2001_Philadelphia"
"2001211379","06","67","67301","67301","2001","02","5","0839","08","1","1","0","9","1","","","N","00","0","00","3","0","2","2","4","N","N","","","9999","","9999","","0","","N","","0 ","","","","","","","","","","4","1","0","0","0","0","0","0","0","0","0","2","2","0","0","0","0","0","0","0","0","0","0","0","0","0","0","0","0","0","0","0","0","0","0","4","0","","","","CRASH_2001_Philadelphia"
"2001233300","06","67","67301","67301","2001","03","7","1000","10","1","1","1","1","1","1","8","Y","00","0","00","3","0","4","4","3","N","N","39 57:03.600","75 09:01.440","9999","99","9999","","0","","N","","0 ","","U","","","U","","","","","3","3","0","0","0","0","0","0","0","0","0","4","4","0","0","0","0","0","0","0","1","0","0","3","0","0","0","0","0","0","0","0","0","0","0","4","0","39.951","-75.1503","","CRASH_2001_Philadelphia"
"2001238195","06","67","67301","67301","2001","04","5","1310","13","1","1","0","4","1","","","N","01","2","00","3","0","0","2","2","N","N","39 56:20.400","75 11:53.880","9999","","9999","","0","","N","","3 ","","","","","","","","","","2","2","0","0","0","0","0","0","0","0","0","0","0","0","0","0","0","0","0","0","0","0","0","0","0","0","0","0","0","0","0","0","0","0","0","0","0","39.939","-75.1983","","CRASH_2001_Philadelphia"
"2001206247","06","67","67301","67301","2001","01","1","0009","00","3","1","0","6","1","","","N","00","0","00","3","0","3","6","2","N","N","","","9999","","9999","","0","","N","","0 ","","","","","","","","","","2","1","0","0","0","0","1","0","0","0","3","0","3","0","0","0","0","0","0","1","0","0","0","0","0","0","0","0","0","0","0","0","0","0","0","3","0","","","","CRASH_2001_Philadelphia"
"2001210730","06","67","67301","67301","2001","02","7","0130","01","3","1","0","8","1","","","N","02","9","00","3","0","1","2","2","N","N","39 58:10.560","75 12:46.800","9999","","9999","","0","","N","","9 ","","","","","","","","","","1","0","0","0","0","0","0","1","0","0","1","0","1","0","0","0","0","0","0","0","0","0","0","0","0","0","0","0","0","0","0","0","1","0","0","3","0","39.9697","-75.2129","","CRASH_2001_Philadelphia"
"2001223938","06","67","67301","67301","2001","03","1","0845","08","1","1","0","1","1","","","N","01","2","00","3","0","4","6","3","N","N","","","9999","","9999","","0","","N","","3 ","","","","","","","","","","3","3","0","0","0","0","0","0","0","0","0","4","4","0","0","0","0","0","0","0","2","0","0","1","0","0","0","0","0","0","0","0","0","0","0","4","0","","","","CRASH_2001_Philadelphia"
"2001223945","06","67","67301","67301","2001","03","1","1700","17","1","1","0","8","1","","","N","00","0","00","3","0","1","2","2","N","N","","","9999","","9999","","0","","N","","0 ","","","","","","","","","","1","1","0","0","0","0","0","0","0","0","0","1","1","0","0","0","0","0","0","0","1","0","0","0","0","0","0","0","0","0","0","0","1","0","0","4","0","","","","CRASH_2001_Philadelphia"
"2001233115","06","67","67301","67301","2001","03","6","2300","23","3","1","0","4","1","","","N","01","2","00","3","0","2","2","2","N","N","40 06:39.960","75 01:27.480","9999","","9999","","0","","N","","3 ","","","","","","","","","","2","2","0","0","0","0","0","0","0","0","0","2","2","0","0","0","0","0","0","0","1","0","0","0","0","0","0","0","0","0","0","0","0","0","0","4","0","40.1112","-75.0244","","CRASH_2001_Philadelphia"
"2001233468","06","67","67301","67301","2001","03","5","1328","13","1","1","0","4","1","","","N","01","2","00","3","0","0","3","2","N","N","40 01:28.920","75 07:51.240","9999","","9999","","0","","N","","3 ","","","","","","","","","","2","1","0","0","1","0","0","0","0","0","0","0","0","0","0","0","0","0","0","0","1","0","0","0","0","0","0","0","0","0","0","0","0","0","0","0","0","40.0247","-75.1304","","CRASH_2001_Philadelphia"
"2001236973","06","67","67301","67301","2001","04","3","1625","16","1","1","0","4","1","","","N","01","3","00","3","0","1","3","2","N","N","40 03:30.600","75 04:44.040","9999","","9999","","0","","N","","3 ","","","","","","","","","","2","2","0","0","0","0","0","0","0","0","0","1","1","0","0","0","1","1","0","0","0","0","0","0","0","0","0","0","0","0","0","0","0","0","0","4","0","40.0585","-75.0787","","CRASH_2001_Philadelphia"
"2001238931","06","67","67301","67301","2001","04","1","1255","12","1","1","0","7","5","","","N","00","0","00","3","0","1","2","1","N","N","","","9999","","9999","","0","","N","","0 ","","","","","","","","","","1","0","0","0","0","0","1","0","0","0","1","0","1","0","0","0","0","0","0","0","0","0","0","0","0","0","0","0","0","0","0","0","0","0","0","3","0","","","","CRASH_2001_Philadelphia"
"2001238945","06","67","67301","67301","2001","04","2","0845","08","5","2","1","4","1","","","N","01","2","00","3","0","0","2","2","N","N","39 57:20.880","75 12:56.160","9999","","9999","","0","","N","","3 ","","","","","","","","","","2","1","0","0","0","0","0","1","0","0","0","0","0","0","0","0","0","0","0","0","0","0","0","0","0","0","0","0","0","0","0","0","0","0","0","0","0","39.9557","-75.2156","","CRASH_2001_Philadelphia"
"2001018222","06","67","67301","67301","2001","05","3","1535","15","1","1","1","4","1","","","N","01","2","00","3","0","1","3","3","N","N","40 06:59.391","75 01:12.076","1540","","1535","","0","","N","","3 ","","","","","","","","","","3","2","0","0","1","0","0","0","0","0","0","1","1","0","0","0","0","0","0","0","0","1","0","3","0","0","0","0","0","0","0","0","0","0","0","4","0","40.1167","-75.0198","","CRASH_2001_Philadelphia"
"2001210593","06","67","67301","67301","2001","02","6","2210","22","2","1","1","7","5","","","N","00","0","02","3","0","0","1","1","N","N","","","9999","","9999","","0","","N","","0 ","","","","","","","","","","1","1","0","0","0","0","0","0","0","0","0","0","0","0","0","0","0","0","0","0","0","0","0","0","0","0","0","0","0","0","0","0","0","0","0","0","0","","","","CRASH_2001_Philadelphia"
"2001231627","06","67","67301","67301","2001","03","4","0820","08","1","2","1","4","1","","","N","01","1","00","3","0","1","2","2","N","N","40 03:07.920","75 00:29.160","9999","","9999","","0","","N","","3 ","","","","","","","","","","2","2","0","0","0","0","0","0","0","0","0","1","1","0","0","0","0","0","0","0","0","1","0","0","0","0","0","0","0","0","0","0","0","0","0","4","0","40.0523","-75.008","","CRASH_2001_Philadelphia"
"2001205961","06","67","67301","67301","2001","01","4","1530","15","1","1","6","4","1","","","N","01","2","00","3","0","0","2","2","N","N","39 55:13.440","75 13:58.800","9999","","9999","","0","","N","","3 ","","","","","","","","","","2","1","0","0","1","0","0","0","0","0","0","0","0","0","0","0","0","0","0","0","0","0","1","0","0","0","0","0","0","0","0","0","0","0","0","0","0","39.9204","-75.2329","","CRASH_2001_Philadelphia"
"2001212895","06","67","67301","67301","2001","02","7","1800","18","3","1","0","1","1","","","N","01","0","02","3","0","1","2","2","N","N","40 01:28.920","75 01:51.240","9999","","9999","","0","","N","","0 ","","","","","","","","","","2","1","0","0","0","0","0","0","0","0","0","0","0","0","1","0","0","0","1","0","0","0","0","0","0","0","0","0","0","0","0","0","0","0","0","9","0","40.0248","-75.031","","CRASH_2001_Philadelphia"
"2001223855","06","67","67301","67301","2001","03","1","1805","18","3","1","0","4","1","","","N","01","2","00","3","0","0","2","2","N","N","40 01:23.880","75 10:44.760","9999","","9999","","0","","N","","3 ","","","","","","","","","","2","2","0","0","0","0","0","0","0","0","0","0","0","0","0","0","0","1","0","0","0","0","0","0","0","0","0","0","0","0","0","0","0","0","0","0","0","40.0233","-75.179","","CRASH_2001_Philadelphia"
"2001243103","06","67","67301","67301","2001","05","6","0210","02","3","1","0","1","1","1","8","Y","00","0","00","3","0","2","4","3","N","N","39 59:11.400","75 05:29.400","9999","99","9999","","0","","N","","0 ","","U","","","U","","","","","3","2","0","0","1","0","0","0","0","0","1","0","1","0","1","0","0","0","0","1","0","0","0","0","0","0","0","0","0","0","0","0","0","0","0","3","0","39.9865","-75.0917","","CRASH_2001_Philadelphia"
"2001214562","06","67","67301","67301","2001","02","1","1845","18","3","6","1","8","1","","","N","01","2","00","3","0","1","3","2","N","N","40 01:43.680","75 05:23.280","9999","","9999","","0","","N","","3 ","","","","","","","","","","1","1","0","0","0","0","0","0","0","1","0","0","1","0","0","0","0","0","0","0","0","0","0","0","0","0","0","0","0","0","0","0","1","0","1","2","0","40.0291","-75.0899","","CRASH_2001_Philadelphia"
"2001233266","06","67","67301","67301","2001","03","1","1404","14","1","1","0","4","1","","","N","02","0","00","3","0","1","2","2","N","N","","","9999","","9999","","0","","N","","0 ","","","","","","","","","","1","1","0","0","0","0","0","0","1","0","0","1","1","0","0","0","0","0","0","0","0","0","0","0","0","0","0","0","0","0","0","0","0","0","0","4","0","","","","CRASH_2001_Philadelphia"
"2001238899","06","67","67301","67301","2001","04","3","1645","16","1","2","1","1","1","","","N","00","0","00","3","0","0","3","3","N","N","39 58:10.200","75 11:31.920","9999","","9999","","0","","N","","0 ","","","","","","","","","","3","2","0","0","0","0","0","1","0","0","0","0","0","0","0","0","0","0","0","0","0","0","1","0","0","0","0","0","0","0","0","0","0","0","0","0","0","39.9695","-75.1922","","CRASH_2001_Philadelphia"
"2001007287","06","67","67301","67301","2001","05","2","2244","22","6","2","1","1","1","","","N","00","2","07","3","0","1","2","2","N","N","","","1300","","1251","","0","","N","","3 ","","","","","","","","","","2","2","0","0","0","0","0","0","0","0","1","0","1","0","0","0","0","0","0","0","0","1","0","0","0","0","0","0","0","0","0","0","0","0","0","3","0","","","","CRASH_2001_Philadelphia"
"2001211428","06","67","67301","67301","2001","02","4","0113","01","3","1","0","4","1","","","N","01","2","00","3","0","1","3","2","N","N","","","9999","","9999","","0","","N","","3 ","","","","","","","","","","2","2","0","0","0","0","0","0","0","0","1","0","1","0","0","0","0","0","0","1","0","0","0","0","0","0","0","0","0","0","0","0","0","0","0","3","0","","","","CRASH_2001_Philadelphia"
"2001214580","06","67","67301","67301","2001","02","2","1650","16","1","1","0","7","5","","","N","00","0","00","3","0","0","1","1","N","N","","","9999","","9999","","0","","N","","0 ","","","","","","","","","","1","1","0","0","0","0","0","0","0","0","0","0","0","0","0","0","0","0","0","0","0","1","0","0","0","0","0","0","0","0","0","0","0","0","0","0","0","","","","CRASH_2001_Philadelphia"
"2001008785","06","67","67301","67301","2001","06","3","1350","13","1","1","0","8","1","","","N","00","0","07","3","0","1","2","2","N","N","","","1355","","1350","","0","","N","","0 ","","","","","","","","","","1","1","0","0","0","0","0","0","1","0","0","1","1","0","0","0","0","0","0","0","0","1","0","0","0","0","0","0","0","0","0","0","0","0","0","4","0","","","","CRASH_2001_Philadelphia"
"2001207356","06","67","67301","67301","2001","01","5","1430","14","1","1","0","4","1","","","N","01","3","00","3","0","4","5","2","N","N","40 02:15.720","75 04:28.200","9999","","9999","","0","","N","","3 ","","","","","","","","","","2","1","0","0","0","0","0","1","0","0","2","2","4","0","0","0","0","0","0","0","0","0","0","0","0","0","0","0","0","0","0","0","0","0","0","3","0","40.0378","-75.0744","","CRASH_2001_Philadelphia"
"2001213167","06","67","67301","67301","2001","02","7","0410","04","3","2","1","7","1","","","N","00","0","07","3","0","1","3","1","N","N","40 05:11.760","74 58:18.840","9999","","9999","","0","","N","","0 ","","","","","","","","","","1","1","0","0","0","0","0","0","0","0","0","1","1","0","0","0","0","1","0","0","0","0","0","0","0","0","0","0","0","0","0","0","0","0","0","4","0","40.0866","-74.972","","CRASH_2001_Philadelphia"
"2001243477","06","67","67301","67301","2001","05","3","0316","03","3","1","0","1","1","","","N","01","2","00","3","0","4","4","2","N","N","40 05:40.560","75 00:53.640","9999","","9999","","0","","N","","3 ","","","","","","","","","","2","1","0","0","0","0","0","1","0","0","2","0","2","0","2","0","0","0","0","0","0","0","0","0","0","0","0","0","0","0","0","0","0","0","0","3","0","40.0945","-75.015","","CRASH_2001_Philadelphia"
"2001204152","06","67","67301","67301","2001","01","3","1648","16","1","1","3","9","1","","","N","00","0","00","3","0","1","1","3","N","N","","","9999","","9999","","0","","N","","0 ","","","","","","","","","","3","1","0","0","0","0","0","0","0","0","0","1","1","0","0","0","0","0","0","0","0","0","0","0","0","0","0","0","0","0","0","0","0","0","0","4","0","","","","CRASH_2001_Philadelphia"
"2001209049","06","67","67301","67301","2001","01","4","0704","07","1","1","6","4","1","","","N","01","2","00","3","0","0","2","4","N","N","40 02:42.720","75 07:32.160","9999","","9999","","0","","N","","3 ","","","","","","","","","","4","2","0","0","0","0","0","0","0","0","0","0","0","0","0","0","0","0","0","0","1","0","0","0","0","0","0","0","0","0","0","0","0","0","0","0","0","40.0453","-75.1256","","CRASH_2001_Philadelphia"
"2001223849","06","67","67301","67301","2001","03","3","1220","12","1","2","1","4","1","","","N","01","2","00","3","0","1","2","2","N","N","40 00:55.080","75 09:00.000","9999","","9999","","0","","N","","3 ","","","","","","","","","","2","1","0","0","0","0","0","0","0","0","0","0","0","0","1","0","0","0","0","0","0","0","0","0","0","0","0","0","0","0","0","0","0","0","0","9","0","40.0153","-75.1498","","CRASH_2001_Philadelphia"
"2001233387","06","67","67301","67301","2001","03","1","1815","18","1","1","0","8","1","","","N","01","3","00","3","0","1","2","2","N","N","39 57:41.479","75 14:36.956","9999","","9999","","0","","N","","3 ","","","","","","","","","","1","1","0","0","0","0","0","0","0","0","0","1","1","0","0","0","0","0","0","0","0","0","0","0","0","0","0","0","0","0","0","0","1","0","0","4","0","39.9615","-75.2436","","CRASH_2001_Philadelphia"
"2001233467","06","67","67301","67301","2001","03","5","1710","17","1","1","0","4","1","","","N","00","0","07","3","0","3","4","3","N","N","40 02:51.360","75 08:34.800","9999","","9999","","0","","N","","0 ","","","","","","","","","","3","2","0","0","0","0","0","0","0","0","2","1","3","0","0","0","0","0","0","0","1","0","0","0","0","0","0","0","0","0","0","0","0","0","0","3","0","40.0475","-75.1429","","CRASH_2001_Philadelphia"
"2001016704","06","67","67301","67301","2001","05","4","1613","16","1","8","8","4","1","","","N","02","3","00","3","0","2","3","2","N","N","40 01:34.077","75 05:24.582","1618","","1615","","0","","N","","3 ","","","","","","","","","","2","2","0","0","0","0","0","0","0","0","0","2","2","0","0","0","0","1","0","0","0","0","0","0","0","0","0","0","0","0","0","0","0","0","0","4","0","40.0265","-75.0898","","CRASH_2001_Philadelphia"
"2001204521","06","67","67301","67301","2001","01","3","0845","08","1","1","0","1","1","","","N","00","0","00","3","0","3","4","2","N","N","40 01:45.120","75 06:19.440","9999","","9999","","0","","N","","0 ","","","","","","","","","","2","2","0","0","0","0","0","0","0","0","0","3","3","0","0","0","0","0","0","0","0","0","0","0","0","0","0","0","0","0","0","0","0","0","0","4","0","40.0293","-75.105","","CRASH_2001_Philadelphia"
"2001207325","06","67","67301","67301","2001","01","7","2105","21","2","2","1","4","1","","","N","01","2","00","3","0","1","3","2","N","N","40 06:08.640","75 01:43.320","9999","","9999","","0","","N","","3 ","","","","","","","","","","2","2","0","0","0","0","0","0","0","0","1","0","1","0","0","0","0","0","0","0","0","1","0","0","0","0","0","0","0","0","0","0","0","0","0","3","0","40.1026","-75.0289","","CRASH_2001_Philadelphia"
"2001211421","06","67","67301","67301","2001","02","3","0905","09","1","9","9","1","1","","","N","00","0","00","3","0","2","4","3","N","N","","","9999","","9999","","0","","N","","0 ","","","","","","","","","","3","3","0","0","0","0","0","0","0","1","1","0","2","0","0","0","0","0","0","0","0","1","0","0","0","0","0","1","0","0","0","0","0","0","0","2","0","","","","CRASH_2001_Philadelphia"
"2001215624","06","67","67301","67301","2001","02","4","2007","20","3","1","0","4","1","","","N","02","2","00","3","0","0","2","2","N","N","39 56:25.699","75 11:14.495","9999","","9999","","0","","N","","3 ","","","","","","","","","","2","0","0","0","0","0","2","0","0","0","0","0","0","0","0","0","0","0","0","0","0","0","0","0","0","0","0","0","0","0","0","0","0","0","0","0","0","39.9405","-75.1874","","CRASH_2001_Philadelphia"
"2001215702","06","67","67301","67301","2001","03","2","1212","12","1","4","3","1","1","","","N","00","0","07","3","0","11","12","2","Y","N","","","9999","","9999","","0","","N","","0 ","","","","","","","","","","1","0","0","1","0","0","0","0","0","0","0","11","11","0","0","0","0","0","0","0","1","0","0","0","0","0","0","0","0","0","0","0","0","0","0","4","1","","","","CRASH_2001_Philadelphia"
"2001233499","06","67","67301","67301","2001","03","1","1000","10","1","1","0","9","1","","","N","00","0","00","3","0","1","1","3","N","N","","","9999","","9999","","0","","N","","0 ","","","","","","","","","","3","1","0","0","0","0","0","0","0","0","0","0","0","0","1","0","0","0","0","0","0","0","0","0","0","0","0","0","0","0","0","0","0","0","0","9","0","","","","CRASH_2001_Philadelphia"
"2001243578","06","67","67301","67301","2001","05","7","1526","15","1","1","0","7","5","","","N","00","0","02","3","0","0","2","1","N","N","39 54:55.080","75 08:52.800","9999","","9999","","0","","N","","0 ","","","","","","","","","","1","1","0","0","0","0","0","0","0","0","0","0","0","0","0","0","0","0","0","0","0","0","0","0","0","0","0","0","0","0","0","0","0","0","0","0","0","39.9147","-75.1481","","CRASH_2001_Philadelphia"
"2001204514","06","67","67301","67301","2001","01","3","2100","21","1","4","3","1","1","","","N","01","2","00","3","0","1","2","2","N","N","39 54:57.240","75 09:52.200","9999","","9999","","0","","N","","3 ","","","","","","","","","","2","2","0","0","0","0","0","0","0","0","0","0","0","0","1","0","0","0","0","1","1","0","0","0","0","0","0","0","0","0","0","0","0","0","0","9","0","39.9159","-75.1645","","CRASH_2001_Philadelphia"
"2001207402","06","67","67301","67301","2001","01","6","1159","11","1","1","0","8","1","","","N","01","2","00","3","0","1","2","2","N","N","40 02:49.750","75 04:51.470","9999","","9999","","0","","N","","3 ","","","","","","","","","","1","1","0","0","0","0","0","0","0","0","0","1","1","0","0","0","0","0","0","0","0","0","1","0","0","0","0","0","0","0","0","0","1","0","0","4","0","40.0472","-75.081","","CRASH_2001_Philadelphia"
"2001211381","06","67","67301","67301","2001","02","4","2240","22","3","2","1","4","1","","","N","01","2","00","3","0","1","3","2","N","N","40 00:29.520","75 12:41.040","9999","","9999","","0","","N","","3 ","","","","","","","","","","2","1","0","0","0","0","1","0","0","0","0","0","0","0","1","0","0","0","0","0","0","0","0","0","0","0","0","0","0","0","0","0","0","0","0","9","0","40.0085","-75.2107","","CRASH_2001_Philadelphia"
"2001224268","06","67","67301","67501","2001","03","3","1217","12","1","1","0","1","1","","","N","00","0","05","3","0","2","3","2","N","N","","","9999","","9999","","0","","N","","0 ","","","","","","","","","","2","2","0","0","0","0","0","0","0","0","0","0","0","0","2","0","0","0","0","0","1","0","1","0","0","0","0","0","0","0","0","0","0","0","0","9","0","","","","CRASH_2001_Philadelphia"
"2001238191","06","67","67301","67301","2001","04","7","2240","22","3","1","0","4","1","","","N","01","9","00","3","0","1","2","2","N","N","","","9999","","9999","","0","","N","","9 ","","","","","","","","","","1","1","0","0","0","0","0","0","1","0","0","1","1","0","0","0","0","0","0","0","0","0","0","0","0","0","0","0","0","0","0","0","0","0","0","4","0","","","","CRASH_2001_Philadelphia"
"2001204674","06","67","67301","67301","2001","01","7","1630","16","1","2","0","6","1","","","N","00","0","00","3","0","1","2","2","N","N","40 02:40.200","75 03:15.480","9999","","9999","","0","","N","","0 ","","","","","","","","","","2","1","0","0","0","1","0","0","0","0","1","0","1","0","0","0","0","0","0","0","0","0","0","0","0","0","0","0","0","0","0","0","0","0","0","3","1","40.0445","-75.0543","","CRASH_2001_Philadelphia"
"2001207280","06","67","67301","67301","2001","01","6","1555","15","1","1","0","4","1","","","N","01","3","00","3","0","1","2","2","N","N","40 04:01.920","75 00:30.600","9999","","9999","","0","","N","","3 ","","","","","","","","","","2","2","0","0","0","0","0","0","0","0","0","1","1","0","0","0","0","0","0","0","0","1","0","0","0","0","0","0","0","0","0","0","0","0","0","4","0","40.0673","-75.0089","","CRASH_2001_Philadelphia"
"2001209144","06","67","67301","67301","2001","01","3","1558","15","1","1","1","1","1","","","N","01","2","00","3","0","1","2","2","N","N","39 59:31.920","75 14:44.160","9999","","9999","","0","","N","","3 ","","","","","","","","","","2","2","0","0","0","0","0","0","0","0","0","1","1","0","0","0","0","0","0","0","0","0","0","0","0","0","0","0","0","0","0","0","0","0","0","4","0","39.9922","-75.2457","","CRASH_2001_Philadelphia"
"2001209306","06","67","67301","67301","2001","01","3","1725","17","1","1","0","1","1","","","N","00","0","00","3","0","0","2","2","N","N","39 57:25.560","75 09:26.280","9999","","9999","","0","","N","","0 ","","","","","","","","","","2","1","0","0","0","0","1","0","0","0","0","0","0","0","0","0","0","0","0","0","0","0","0","1","0","0","0","0","0","0","0","0","0","0","0","0","0","39.9572","-75.1574","","CRASH_2001_Philadelphia"