"CRN","DISTRICT","COUNTY","MUNICIPALITY","POLICE_AGCY","CRASH_YEAR","CRASH_MONTH","DAY_OF_WEEK","TIME_OF_DAY","HOUR_OF_DAY","ILLUMINATION","WEATHER","ROAD_CONDITION","COLLISION_TYPE","RELATION_TO_ROAD","WORK_ZONE_TYPE","WORK_ZONE_LOC","WORK_ZONE_IND","INTERSECT_TYPE","TCD_TYPE","LOCATION_TYPE","URBAN_RURAL","FATAL_COUNT","INJURY_COUNT","PERSON_COUNT","TOTAL_UNITS","SCH_BUS_IND","SCH_ZONE_IND","LATITUDE","LONGITUDE","ARRIVAL_TM","CONS_ZONE_SPD_LIM","DISPATCH_TM","EST_HRS_CLOSED","LANE_CLOSED","LN_CLOSE_DIR","NTFY_HIWY_MAINT","SPEC_JURIS_CD","TCD_FUNC_CD","TFC_DETOUR_IND","WORKERS_PRES","WZ_CLOSE_DETOUR","WZ_FLAGGER","WZ_LAW_OFFCR_IND","WZ_LN_CLOSURE","WZ_MOVING","WZ_OTHER","WZ_SHLDER_MDN","VEHICLE_COUNT","AUTOMOBILE_COUNT","MOTORCYCLE_COUNT","BUS_COUNT","SMALL_TRUCK_COUNT","HEAVY_TRUCK_COUNT","SUV_COUNT","VAN_COUNT","BICYCLE_COUNT","MAJ_INJ_COUNT","MOD_INJ_COUNT","MIN_INJ_COUNT","TOT_INJ_COUNT","UNK_INJ_DEG_COUNT","UNK_INJ_PER_COUNT","DRIVER_COUNT_16YR","DRIVER_COUNT_17YR","DRIVER_COUNT_18YR","DRIVER_COUNT_19YR","DRIVER_COUNT_20YR","DRIVER_COUNT_50_64YR","DRIVER_COUNT_65_74YR","DRIVER_COUNT_75PLUS","UNBELTED_OCC_COUNT","UNB_DEATH_COUNT","UNB_MAJ_INJ_COUNT","BELTED_DEATH_COUNT","BELTED_MAJ_INJ_COUNT","MCYCLE_DEATH_COUNT","MCYCLE_MAJ_INJ_COUNT","BICYCLE_DEATH_COUNT","BICYCLE_MAJ_INJ_COUNT","PED_COUNT","PED_DEATH_COUNT","PED_MAJ_INJ_COUNT","MAX_SEVERITY_LEVEL","COMM_VEH_COUNT","DEC_LAT","DEC_LONG","RDWY_SURF_TYPE_CD","COUNTY_YEAR"
"2001210686","06","67","67301","67301","2001","02","3","1343","13","1","1","1","1","1","","","N","01","2","00","3","0","1","3","3","N","N","40 07:06.945","75 00:25.153","9999","","9999","","0","","N","","3 ","","","","","","","","","","3","3","0","0","0","0","0","0","0","0","0","1","1","0","0","0","0","0","0","0","1","0","0","0","0","0","0","0","0","0","0","0","0","0","0","4","0","40.1186","-75.007","","CRASH_2001_Philadelphia"
"2001210753","06","67","67301","67301","2001","02","6","2135","21","3","1","0","4","1","","","N","01","2","00","3","0","2","5","2","N","N","40 04:36.480","75 01:58.800","9999","","9999","","0","","N","","3 ","","","","","","","","","","2","2","0","0","0","0","0","0","0","0","0","0","0","0","2","0","0","0","0","0","0","0","0","0","0","0","0","0","0","0","0","0","0","0","0","9","0","40.0768","-75.033","","CRASH_2001_Philadelphia"
"2001215545","06","67","67301","67301","2001","03","2","1020","10","1","3","1","8","1","","","N","00","0","00","3","0","1","2","2","N","N","39 57:13.320","75 09:25.920","9999","","9999","","0","","N","","0 ","","","","","","","","","","1","1","0","0","0","0","0","0","0","0","0","1","1","0","0","0","0","0","0","0","0","0","0","0","0","0","0","0","0","0","0","0","1","0","0","4","0","39.9537","-75.1572","","CRASH_2001_Philadelphia"
"2001216919","06","67","67301","67301","2001","03","5","0853","08","1","1","0","8","1","","","N","02","0","00","3","0","1","2","2","N","N","39 59:56.238","75 06:54.064","9999","","9999","","0","","N","","0 ","","","","","","","","","","1","0","0","0","1","0","0","0","0","0","0","1","1","0","0","0","0","0","0","0","0","0","0","1","0","0","0","0","0","0","0","0","1","0","0","4","0","39.999","-75.115","","CRASH_2001_Philadelphia"
"2001223833","06","67","67301","67301","2001","03","2","1440","14","1","1","0","8","1","","","N","01","2","00","3","0","1","2","2","N","N","39 57:13.680","75 09:59.760","9999","","9999","","0","","N","","3 ","","","","","","","","","","1","0","0","0","0","0","0","1","0","0","0","1","1","0","0","0","0","0","0","0","0","0","0","0","0","0","0","0","0","0","0","0","1","0","0","4","0","39.9538","-75.1666","","CRASH_2001_Philadelphia"
"2001223875","06","67","67301","67301","2001","03","5","2215","22","3","2","1","5","1","","","N","00","0","00","3","0","0","2","2","N","N","39 54:59.400","75 14:44.520","9999","","9999","","0","","N","","0 ","","","","","","","","","","2","2","0","0","0","0","0","0","0","0","0","0","0","0","0","0","0","0","1","0","1","0","0","0","0","0","0","0","0","0","0","0","0","0","0","0","0","39.9165","-75.2457","","CRASH_2001_Philadelphia"
"2001204649","06","67","67301","67301","2001","01","1","1300","13","1","1","0","1","1","","","N","00","0","00","3","0","2","10","4","N","N","40 04:51.960","75 01:43.320","9999","","9999","","0","","N","","0 ","","","","","","","","","","4","2","0","0","0","0","2","0","0","0","0","2","2","0","0","0","0","0","0","0","1","1","0","0","0","0","0","0","0","0","0","0","0","0","0","4","0","40.0811","-75.0288","","CRASH_2001_Philadelphia"
"2001211506","06","67","67301","67301","2001","02","3","1836","18","3","1","0","4","1","","","N","01","2","00","3","0","1","3","2","N","N","40 02:56.040","75 11:35.520","9999","","9999","","0","","N","","3 ","","","","","","","","","","2","2","0","0","0","0","0","0","0","0","0","1","1","0","0","0","0","0","0","0","1","0","1","0","0","0","0","0","0","0","0","0","0","0","0","4","0","40.0491","-75.1931","","CRASH_2001_Philadelphia"
"2001240056","06","67","67301","67301","2001","04","1","0112","01","3","1","0","4","1","","","N","01","2","00","3","0","1","2","2","N","N","39 59:30.840","75 08:25.080","9999","","9999","","0","","N","","3 ","","","","","","","","","","2","2","0","0","0","0","0","0","0","0","1","0","1","0","0","0","0","0","1","0","1","0","0","1","0","0","0","0","0","0","0","0","0","0","0","3","0","39.9921","-75.1402","","CRASH_2001_Philadelphia"
"2001211483","06","67","67301","67301","2001","02","3","1901","19","3","1","0","9","1","","","N","00","0","00","3","0","0","1","4","N","N","","","9999","","9999","","0","","N","","0 ","","","","","","","","","","4","1","0","0","0","0","0","0","0","0","0","0","0","0","0","0","0","0","0","0","0","0","0","0","0","0","0","0","0","0","0","0","0","0","0","0","0","","","","CRASH_2001_Philadelphia"
"2001233325","06","67","67301","67301","2001","04","1","1655","16","1","1","0","4","1","","","N","01","0","00","3","0","1","2","2","N","N","39 58:38.244","75 08:05.614","9999","","9999","","0","","N","","0 ","","","","","","","","","","1","1","0","0","0","0","0","0","1","0","1","0","1","0","0","0","0","0","0","0","0","0","0","0","0","0","0","0","0","0","0","0","0","0","0","3","0","39.9773","-75.1349","","CRASH_2001_Philadelphia"
"2001240892","06","67","67301","67301","2001","04","2","1554","15","1","1","0","8","1","","","N","05","2","00","3","0","1","2","2","N","N","39 58:11.280","75 14:20.760","9999","","9999","","0","","N","","3 ","","","","","","","","","","1","0","0","1","0","0","0","0","0","0","0","1","1","0","0","0","0","0","0","0","0","0","0","0","0","0","0","0","0","0","0","0","1","0","0","4","1","39.9698","-75.2391","","CRASH_2001_Philadelphia"
"2001007058","06","67","67301","67301","2001","05","2","1730","17","1","2","1","4","1","","","N","02","3","01","3","0","1","3","3","N","N","39 57:42.607","75 14:24.297","1734","","1730","","0","","N","","3 ","","","","","","","","","","3","3","0","0","0","0","0","0","0","0","1","0","1","0","0","0","0","0","0","0","0","0","0","0","0","0","0","0","0","0","0","0","0","0","0","3","0","39.9618","-75.2401","","CRASH_2001_Philadelphia"
"2001014290","06","67","67301","67301","2001","06","5","1730","17","1","1","0","1","1","","","N","00","0","00","3","0","2","7","3","N","N","39 55:08.058","75 14:49.177","1837","","1829","","0","","N","","0 ","","","","","","","","","","3","3","0","0","0","0","0","0","0","0","0","2","2","0","0","0","0","0","1","1","1","0","0","0","0","0","0","0","0","0","0","0","0","0","0","4","0","39.9189","-75.2469","","CRASH_2001_Philadelphia"
"2001014314","06","67","67301","67301","2001","06","5","0145","01","3","1","0","4","1","","","N","01","2","00","3","0","2","4","2","N","N","39 56:36.138","75 13:56.364","0159","","0153","","0","","N","","3 ","","","","","","","","","","2","1","0","0","1","0","0","0","0","0","1","1","2","0","0","0","0","0","0","0","0","0","0","4","0","0","0","0","0","0","0","0","0","0","0","3","0","39.9433","-75.2324","","CRASH_2001_Philadelphia"
"2001211489","06","67","67301","67301","2001","01","1","2230","22","3","1","1","4","1","","","N","01","2","00","3","0","0","2","2","N","N","40 01:07.320","75 06:54.360","9999","","9999","","0","","N","","3 ","","","","","","","","","","2","1","0","0","1","0","0","0","0","0","0","0","0","0","0","0","0","0","0","1","0","0","0","0","0","0","0","0","0","0","0","0","0","0","0","0","0","40.0188","-75.1153","","CRASH_2001_Philadelphia"
"2001240176","06","67","67301","67301","2001","04","5","0910","09","1","1","0","1","1","","","N","01","3","00","3","0","2","2","2","N","N","40 03:57.240","75 10:35.400","9999","","9999","","0","","N","","3 ","","","","","","","","","","2","2","0","0","0","0","0","0","0","0","0","0","0","0","2","0","0","0","0","0","1","0","0","0","0","0","0","0","0","0","0","0","0","0","0","9","0","40.0659","-75.1765","","CRASH_2001_Philadelphia"
"2001243111","06","67","67301","67301","2001","05","2","2121","21","3","1","0","4","1","","","N","01","2","00","3","0","0","3","3","N","N","40 06:25.200","74 59:56.400","9999","","9999","","0","","N","","3 ","","","","","","","","","","3","2","0","0","0","1","0","0","0","0","0","0","0","0","0","0","0","0","0","0","1","0","0","0","0","0","0","0","0","0","0","0","0","0","0","0","1","40.1068","-74.9991","","CRASH_2001_Philadelphia"
"2001019594","06","67","67301","67301","2001","06","1","0710","07","1","1","0","7","5","","","N","00","2","00","3","0","0","1","1","N","N","39 58:55.748","75 14:23.459","0740","","0730","","0","","N","","3 ","","","","","","","","","","1","1","0","0","0","0","0","0","0","0","0","0","0","0","0","0","0","0","0","0","0","0","1","0","0","0","0","0","0","0","0","0","0","0","0","0","0","39.9821","-75.2395","","CRASH_2001_Philadelphia"
"2001019677","06","67","67301","67301","2001","05","2","1655","16","1","2","1","7","4","","","N","03","2","00","3","0","3","3","1","N","N","39 58:02.640","75 10:50.880","1700","","1656","","0","","N","","3 ","","","","","","","","","","1","1","0","0","0","0","0","0","0","0","0","3","3","0","0","0","0","0","0","0","0","0","0","0","0","0","0","0","0","0","0","0","0","0","0","4","0","39.9673","-75.1808","","CRASH_2001_Philadelphia"
"2001204508","06","67","67301","67301","2001","01","5","0735","07","1","1","1","4","1","","","N","01","2","00","3","0","1","2","2","N","N","","","9999","","9999","","0","","N","","3 ","","","","","","","","","","2","1","0","0","0","0","0","1","0","0","0","1","1","0","0","0","0","0","0","0","2","0","0","0","0","0","0","0","0","0","0","0","0","0","0","4","0","","","","CRASH_2001_Philadelphia"
"2001206003","06","67","67301","67301","2001","01","6","0756","07","1","1","6","5","1","","","N","00","0","00","3","0","0","2","2","N","N","","","9999","","9999","","0","","N","","0 ","","","","","","","","","","2","1","0","0","0","0","1","0","0","0","0","0","0","0","0","0","0","0","0","0","0","0","0","0","0","0","0","0","0","0","0","0","0","0","0","0","0","","","","CRASH_2001_Philadelphia"
"2001223797","06","67","67301","67301","2001","03","6","1920","19","3","2","1","8","1","","","N","01","2","00","3","0","1","2","2","N","N","39 58:03.000","75 10:47.640","9999","","9999","","0","","N","","3 ","","","","","","","","","","1","1","0","0","0","0","0","0","0","0","0","0","0","0","1","0","0","0","0","0","0","0","0","0","0","0","0","0","0","0","0","0","1","0","0","9","0","39.9675","-75.1799","","CRASH_2001_Philadelphia"
"2001231660","06","67","67301","67301","2001","03","3","1812","18","1","1","0","1","1","","","N","01","2","00","3","0","1","2","2","N","N","39 57:00.360","75 09:50.400","9999","","9999","","0","","N","","3 ","","","","","","","","","","2","2","0","0","0","0","0","0","0","0","0","0","0","0","1","0","0","0","0","0","0","0","0","0","0","0","0","0","0","0","0","0","0","0","0","9","0","39.9501","-75.164","","CRASH_2001_Philadelphia"
"2001239060","06","67","67301","67301","2001","04","3","1832","18","1","1","0","4","1","","","N","02","3","00","3","0","1","3","2","N","N","","","9999","","9999","","0","","N","","3 ","","","","","","","","","","2","0","0","0","0","0","0","1","0","0","0","1","1","0","0","0","0","0","0","0","1","0","0","0","0","0","0","0","0","0","0","0","0","0","0","4","0","","","","CRASH_2001_Philadelphia"
"2001244730","06","67","67301","67301","2001","05","4","1608","16","1","1","0","4","1","","","N","01","2","00","3","0","2","2","2","N","N","39 57:30.600","75 14:15.000","9999","","9999","","0","","N","","3 ","","","","","","","","","","2","2","0","0","0","0","0","0","0","0","1","1","2","0","0","0","0","0","0","0","0","0","0","0","0","0","0","0","0","0","0","0","0","0","0","3","0","39.9584","-75.2375","","CRASH_2001_Philadelphia"
"2001007243","06","67","67301","67301","2001","05","1","1430","14","1","1","0","8","1","","","N","01","2","00","3","0","1","2","2","N","N","39 57:11.897","75 10:59.574","1736","","1735","","0","","N","","2 ","","","","","","","","","","1","1","0","0","0","0","0","0","0","0","0","1","1","0","0","0","0","0","0","0","0","0","0","0","0","0","0","0","0","0","0","0","1","0","0","4","0","39.9517","-75.1832","","CRASH_2001_Philadelphia"
"2001210587","06","67","67301","67301","2001","02","7","0313","03","3","1","0","7","5","","","N","00","0","00","3","0","1","1","1","N","N","","","9999","","9999","","0","","N","","0 ","","","","","","","","","","1","1","0","0","0","0","0","0","0","0","0","0","0","0","1","0","0","0","0","0","0","0","0","0","0","0","0","0","0","0","0","0","0","0","0","9","0","","","","CRASH_2001_Philadelphia"
"2001215758","06","67","67301","67301","2001","02","1","1834","18","3","2","1","0","1","","","N","00","0","00","3","0","1","1","1","N","N","39 56:25.800","75 08:37.680","9999","","9999","","0","","N","","0 ","","","","","","","","","","1","0","0","0","0","0","1","0","0","0","0","1","1","0","0","0","0","0","0","0","0","0","0","0","0","0","0","0","0","0","0","0","0","0","0","4","0","39.9397","-75.1437","","CRASH_2001_Philadelphia"
"2001007393","06","67","67301","67301","2001","06","6","2050","20","2","1","0","1","1","","","N","00","0","03","3","0","2","3","2","N","N","","","2110","","2050","","0","","N","","0 ","","","","","","","","","","2","1","0","0","0","1","0","0","0","0","2","0","2","0","0","0","0","0","0","0","0","0","0","2","0","0","0","0","0","0","0","0","0","0","0","3","0","","","","CRASH_2001_Philadelphia"
"2001206211","06","67","67301","67301","2001","01","6","1815","18","3","2","1","8","1","","","N","01","2","00","3","0","1","2","2","N","N","","","9999","","9999","","0","","N","","3 ","","","","","","","","","","1","1","0","0","0","0","0","0","0","0","1","0","1","0","0","0","0","0","0","0","0","0","0","0","0","0","0","0","0","0","0","0","1","0","0","3","0","","","","CRASH_2001_Philadelphia"
"2001206242","06","67","67301","67301","2001","01","6","0712","07","3","2","1","1","1","","","N","01","2","00","3","0","0","3","2","N","N","40 04:43.320","74 59:54.240","9999","","9999","","0","","N","","3 ","","","","","","","","","","2","2","0","0","0","0","0","0","0","0","0","0","0","0","0","0","0","0","0","0","0","1","0","0","0","0","0","0","0","0","0","0","0","0","0","0","0","40.0787","-74.9985","","CRASH_2001_Philadelphia"
"2001210636","06","67","67301","67301","2001","02","3","2355","23","3","1","0","8","1","","","N","01","2","00","3","0","1","2","2","N","N","","","9999","","9999","","0","","N","","3 ","","","","","","","","","","1","0","0","0","0","0","1","0","0","0","1","0","1","0","0","0","0","0","0","0","0","0","0","0","0","0","0","0","0","0","0","0","1","0","0","3","0","","","","CRASH_2001_Philadelphia"
"2001217025","06","67","67301","67301","2001","03","5","2130","21","3","2","1","8","1","","","N","01","2","00","3","0","1","2","2","N","N","","","9999","","9999","","0","","N","","3 ","","","","","","","","","","1","1","0","0","0","0","0","0","0","0","0","0","0","0","1","0","0","0","0","0","0","0","0","0","0","0","0","0","0","0","0","0","1","0","0","9","0","","","","CRASH_2001_Philadelphia"
"2001233163","06","67","67301","67301","2001","04","2","1855","18","1","1","0","8","1","","","N","01","2","00","3","0","1","2","2","N","N","39 57:00.720","75 09:30.960","9999","","9999","","0","","N","","3 ","","","","","","","","","","1","1","0","0","0","0","0","0","0","0","0","1","1","0","0","0","0","0","0","0","0","0","0","0","0","0","0","0","0","0","0","0","1","0","0","4","0","39.9502","-75.1586","","CRASH_2001_Philadelphia"
"2001233382","06","67","67301","67301","2001","03","7","0245","02","3","1","0","7","5","","","N","00","0","00","3","0","0","1","1","N","N","40 01:00.840","75 03:59.400","9999","","9999","","0","","N","","0 ","","","","","","","","","","1","1","0","0","0","0","0","0","0","0","0","0","0","0","0","0","0","0","0","0","0","0","0","0","0","0","0","0","0","0","0","0","0","0","0","0","0","40.017","-75.0663","","CRASH_2001_Philadelphia"
"2001007378","06","67","67301","67301","2001","06","6","2155","21","3","2","1","6","1","","","N","01","0","00","3","0","3","5","3","N","N","","","2115","","2054","","0","","N","","0 ","","","","","","","","","","3","3","0","0","0","0","0","0","0","0","0","3","3","0","0","0","0","0","0","0","0","0","0","0","0","0","0","0","0","0","0","0","0","0","0","4","0","","","","CRASH_2001_Philadelphia"
"2001211691","06","67","67301","67301","2001","02","3","0210","02","3","4","6","4","1","","","N","01","2","00","3","0","1","5","2","N","N","39 55:47.640","75 08:39.120","9999","","9999","","0","","N","","3 ","","","","","","","","","","2","0","0","0","1","0","1","0","0","0","0","1","1","0","0","0","0","0","0","0","1","0","0","1","0","0","0","0","0","0","0","0","0","0","0","4","0","39.9299","-75.1445","","CRASH_2001_Philadelphia"
"2001214431","06","67","67301","67301","2001","02","5","1605","16","1","4","3","1","1","","","N","01","2","00","3","0","2","4","2","N","N","39 55:11.677","75 13:22.008","9999","","9999","","0","","N","","3 ","","","","","","","","","","2","1","0","1","0","0","0","0","0","0","0","2","2","0","0","0","0","0","0","0","0","0","0","0","0","0","0","0","0","0","0","0","0","0","0","4","1","39.9199","-75.2228","","CRASH_2001_Philadelphia"
"2001215646","06","67","67301","67301","2001","02","2","1000","10","1","1","0","4","1","","","N","01","2","00","3","0","2","3","2","N","N","40 00:08.280","75 09:28.080","9999","","9999","","0","","N","","3 ","","","","","","","","","","2","2","0","0","0","0","0","0","0","0","1","0","1","0","1","0","0","0","0","0","1","0","0","0","0","0","0","0","0","0","0","0","0","0","0","3","0","40.0023","-75.1578","","CRASH_2001_Philadelphia"
"2001216890","06","67","67301","67301","2001","03","4","1354","13","1","1","0","8","1","","","N","01","3","00","3","0","1","2","2","N","N","","","9999","","9999","","0","","N","","3 ","","","","","","","","","","1","0","0","0","0","0","1","0","0","0","0","1","1","0","0","0","0","0","0","1","0","0","0","0","0","0","0","0","0","0","0","0","1","0","0","4","0","","","","CRASH_2001_Philadelphia"
"2001216916","06","67","67301","67301","2001","03","3","2111","21","3","2","1","4","1","","","N","01","3","00","3","0","0","2","3","N","N","39 59:13.933","75 06:31.625","9999","","9999","","0","","N","","3 ","","","","","","","","","","3","1","0","0","0","0","0","0","0","0","0","0","0","0","0","0","0","0","0","0","0","0","0","0","0","0","0","0","0","0","0","0","0","0","0","0","0","39.9872","-75.1088","","CRASH_2001_Philadelphia"
"2001231222","06","67","67301","67301","2001","03","6","1530","15","1","1","0","1","1","","","N","01","9","00","3","0","3","4","2","N","N","","","9999","","9999","","0","","N","","9 ","","","","","","","","","","2","1","0","0","0","0","0","0","0","0","0","1","1","0","2","0","0","0","0","0","1","0","0","0","0","0","0","0","0","0","0","0","0","0","0","4","0","","","","CRASH_2001_Philadelphia"
"2001015112","06","67","67301","67301","2001","06","7","1259","12","1","1","0","2","9","","","N","01","0","00","3","0","1","2","2","N","N","40 02:34.000","75 03:47.292","1303","","1301","","0","","N","","0 ","","","","","","","","","","2","2","0","0","0","0","0","0","0","0","0","1","1","0","0","0","0","0","0","0","0","0","1","0","0","0","0","0","0","0","0","0","0","0","0","4","0","40.0428","-75.0631","","CRASH_2001_Philadelphia"
"2001213150","06","67","67301","67301","2001","02","1","1220","12","1","1","0","4","1","","","N","01","2","00","3","0","1","3","2","N","N","","","9999","","9999","","0","","N","","3 ","","","","","","","","","","2","2","0","0","0","0","0","0","0","0","0","1","1","0","0","0","0","0","0","0","1","0","1","0","0","0","0","0","0","0","0","0","0","0","0","4","0","","","","CRASH_2001_Philadelphia"
"2001215561","06","67","67301","67301","2001","03","4","0106","01","3","1","0","1","1","","","N","00","0","01","3","0","0","5","2","N","N","39 57:05.760","75 10:56.640","9999","","9999","","0","","N","","0 ","","","","","","","","","","2","2","0","0","0","0","0","0","0","0","0","0","0","0","0","0","0","0","0","1","0","0","0","5","0","0","0","0","0","0","0","0","0","0","0","0","0","39.9516","-75.1825","","CRASH_2001_Philadelphia"
"2001231087","06","67","67301","67301","2001","03","3","1613","16","1","1","0","4","1","","","N","01","2","00","3","0","1","2","2","N","N","39 54:15.296","75 09:52.610","9999","","9999","","0","","N","","3 ","","","","","","","","","","2","1","0","0","0","0","0","1","0","0","0","0","0","0","1","0","0","0","0","0","0","0","0","0","0","0","0","0","0","0","0","0","0","0","0","9","0","39.9042","-75.1646","","CRASH_2001_Philadelphia"
"2001233192","06","67","67301","67301","2001","04","3","0740","07","1","1","0","1","1","","","N","06","9","02","3","0","1","2","2","N","N","39 56:54.240","75 11:10.320","9999","","9999","","0","","N","","9 ","","","","","","","","","","2","1","0","0","0","1","0","0","0","0","0","0","0","0","1","0","0","0","0","0","1","0","0","0","0","0","0","0","0","0","0","0","0","0","0","9","1","39.9484","-75.1862","","CRASH_2001_Philadelphia"
"2001240066","06","67","67301","67301","2001","04","6","0031","00","3","1","0","4","1","","","N","01","3","00","3","0","5","5","2","N","N","","","9999","","9999","","0","","N","","3 ","","","","","","","","","","2","2","0","0","0","0","0","0","0","0","0","2","2","0","3","0","0","0","1","0","0","0","0","0","0","0","0","0","0","0","0","0","0","0","0","4","0","","","","CRASH_2001_Philadelphia"
"2001243080","06","67","67301","67301","2001","05","2","0945","09","1","1","0","4","1","","","N","01","2","00","3","0","1","2","2","N","N","","","9999","","9999","","0","","N","","3 ","","","","","","","","","","2","2","0","0","0","0","0","0","0","0","0","1","1","0","0","0","0","0","0","0","0","0","0","0","0","0","0","0","0","0","0","0","0","0","0","4","0","","","","CRASH_2001_Philadelphia"
"2001244620","06","67","67301","67301","2001","05","1","0253","02","3","1","0","4","1","","","N","02","3","00","3","0","1","2","2","N","N","40 07:02.773","75 01:35.057","9999","","9999","","0","","N","","3 ","","","","","","","","","","2","2","0","0","0","0","0","0","0","0","0","1","1","0","0","0","0","0","0","0","0","0","0","0","0","0","0","0","0","0","0","0","0","0","0","4","0","40.1174","-75.0264","","CRASH_2001_Philadelphia"
"2001207870","06","67","67301","67301","2001","01","6","1100","11","1","2","1","7","1","","","N","00","0","00","3","0","0","2","1","N","N","40 02:44.520","75 00:06.480","9999","","9999","","0","","N","","0 ","","","","","","","","","","1","1","0","0","0","0","0","0","0","0","0","0","0","0","0","0","0","0","0","0","0","0","0","0","0","0","0","0","0","0","0","0","0","0","0","0","0","40.0456","-75.002","","CRASH_2001_Philadelphia"
"2001214341","06","67","67301","67301","2001","02","4","9999","99","3","2","1","1","1","","","N","01","2","00","3","0","1","2","2","N","N","40 04:18.120","75 09:14.760","9999","","9999","","0","","N","","3 ","","","","","","","","","","2","2","0","0","0","0","0","0","0","0","0","1","1","0","0","0","0","0","0","0","0","0","0","0","0","0","0","0","0","0","0","0","0","0","0","4","0","40.0717","-75.1541","","CRASH_2001_Philadelphia"
"2001215471","06","67","67301","67301","2001","03","2","1904","19","3","1","1","8","1","","","N","01","2","00","3","0","1","2","2","N","N","","","9999","","9999","","0","","N","","3 ","","","","","","","","","","1","0","0","0","0","0","0","0","0","0","0","1","1","0","0","0","0","0","0","0","0","0","0","0","0","0","0","0","0","0","0","0","1","0","0","4","0","","","","CRASH_2001_Philadelphia"
"2001223774","06","67","67301","67301","2001","03","1","1520","15","1","1","0","4","1","","","N","01","2","00","3","0","0","2","2","N","N","40 01:47.280","75 03:36.720","9999","","9999","","0","","N","","3 ","","","","","","","","","","2","2","0","0","0","0","0","0","0","0","0","0","0","0","0","0","0","0","0","0","0","0","0","0","0","0","0","0","0","0","0","0","0","0","0","0","0","40.0298","-75.0601","","CRASH_2001_Philadelphia"
"2001233366","06","67","67301","67301","2001","03","4","1700","17","1","1","0","2","1","","","N","01","0","00","3","0","2","4","2","N","N","","","9999","","9999","","0","","N","","0 ","","","","","","","","","","2","2","0","0","0","0","0","0","0","0","0","1","1","0","1","0","0","0","0","0","0","0","0","0","0","0","0","0","0","0","0","0","0","0","0","4","0","","","","CRASH_2001_Philadelphia"
"2001238198","06","67","67301","67301","2001","04","7","0020","00","3","1","0","7","1","","","N","00","0","00","3","0","1","2","2","N","N","40 01:03.720","75 10:21.000","9999","","9999","","0","","N","","0 ","","","","","","","","","","2","1","0","0","0","0","1","0","0","0","0","1","1","0","0","0","0","0","0","0","0","0","0","0","0","0","0","0","0","0","0","0","0","0","0","4","0","40.0176","-75.1724","","CRASH_2001_Philadelphia"
"2001007411","06","67","67301","67301","2001","06","3","2300","23","3","2","1","7","2","","","N","02","0","00","3","0","1","1","1","N","N","40 06:41.760","75 00:03.240","2300","","2300","1","1","3","Y","","0 ","N","","","","","","","","","1","1","0","0","0","0","0","0","0","0","0","1","1","0","0","0","0","0","0","0","0","0","0","1","0","0","0","0","0","0","0","0","0","0","0","4","0","40.1114","-75.0009","","CRASH_2001_Philadelphia"
"2001007438","06","67","67301","67301","2001","05","4","1620","16","1","1","0","4","1","","","N","01","2","00","3","0","1","3","3","N","N","39 59:38.223","75 10:45.290","1520","","1520","","0","","N","","3 ","","","","","","","","","","3","3","0","0","0","0","0","0","0","0","0","1","1","0","0","0","0","0","0","0","0","1","0","0","0","0","0","0","0","0","0","0","0","0","0","4","0","39.9939","-75.1792","","CRASH_2001_Philadelphia"
"2001231628","06","67","67301","67301","2001","03","3","0818","08","1","1","0","7","5","","","N","00","0","00","3","0","1","1","1","N","N","40 01:34.320","75 05:40.920","9999","","9999","","0","","N","","0 ","","","","","","","","","","1","1","0","0","0","0","0","0","0","0","0","0","0","0","1","0","0","0","0","0","0","0","0","0","0","0","0","0","0","0","0","0","0","0","0","9","0","40.0263","-75.0941","","CRASH_2001_Philadelphia"
"2001204129","06","67","67301","67301","2001","01","3","1630","16","1","1","0","1","1","","","N","03","3","00","3","0","1","5","2","N","N","40 00:33.840","75 10:05.160","9999","","9999","","0","","N","","3 ","","","","","","","","","","2","2","0","0","0","0","0","0","0","0","0","1","1","0","0","0","0","0","0","0","0","0","0","0","0","0","0","0","0","0","0","0","0","0","0","4","0","40.0095","-75.1679","","CRASH_2001_Philadelphia"
"2001206160","06","67","67301","67301","2001","01","3","0513","05","3","2","1","7","5","","","N","00","0","00","3","0","0","1","1","N","N","","","9999","","9999","","0","","N","","0 ","","","","","","","","","","1","0","0","0","1","0","0","0","0","0","0","0","0","0","0","0","0","0","0","0","0","0","0","0","0","0","0","0","0","0","0","0","0","0","0","0","0","","","","CRASH_2001_Philadelphia"
"2001207596","06","67","67301","67301","2001","01","6","1400","14","1","2","1","4","1","","","N","01","2","00","3","0","2","3","2","N","N","39 56:32.280","75 14:01.680","9999","","9999","","0","","N","","3 ","","","","","","","","","","2","1","0","0","0","0","0","1","0","0","1","1","2","0","0","0","0","0","0","0","1","0","0","0","0","0","0","0","0","0","0","0","0","0","0","3","0","39.9423","-75.2338","","CRASH_2001_Philadelphia"
"2001231198","06","67","67301","67301","2001","03","4","1805","18","3","2","1","6","1","","","N","00","0","00","3","0","0","2","2","N","N","39 59:30.480","75 11:43.080","9999","","9999","","0","","N","","0 ","","","","","","","","","","2","2","0","0","0","0","0","0","0","0","0","0","0","0","0","0","0","0","0","0","0","1","0","0","0","0","0","0","0","0","0","0","0","0","0","0","0","39.9917","-75.1956","","CRASH_2001_Philadelphia"