"CRN","DISTRICT","COUNTY","MUNICIPALITY","POLICE_AGCY","CRASH_YEAR","CRASH_MONTH","DAY_OF_WEEK","TIME_OF_DAY","HOUR_OF_DAY","ILLUMINATION","WEATHER","ROAD_CONDITION","COLLISION_TYPE","RELATION_TO_ROAD","WORK_ZONE_TYPE","WORK_ZONE_LOC","WORK_ZONE_IND","INTERSECT_TYPE","TCD_TYPE","LOCATION_TYPE","URBAN_RURAL","FATAL_COUNT","INJURY_COUNT","PERSON_COUNT","TOTAL_UNITS","SCH_BUS_IND","SCH_ZONE_IND","LATITUDE","LONGITUDE","ARRIVAL_TM","CONS_ZONE_SPD_LIM","DISPATCH_TM","EST_HRS_CLOSED","LANE_CLOSED","LN_CLOSE_DIR","NTFY_HIWY_MAINT","SPEC_JURIS_CD","TCD_FUNC_CD","TFC_DETOUR_IND","WORKERS_PRES","WZ_CLOSE_DETOUR","WZ_FLAGGER","WZ_LAW_OFFCR_IND","WZ_LN_CLOSURE","WZ_MOVING","WZ_OTHER","WZ_SHLDER_MDN","VEHICLE_COUNT","AUTOMOBILE_COUNT","MOTORCYCLE_COUNT","BUS_COUNT","SMALL_TRUCK_COUNT","HEAVY_TRUCK_COUNT","SUV_COUNT","VAN_COUNT","BICYCLE_COUNT","MAJ_INJ_COUNT","MOD_INJ_COUNT","MIN_INJ_COUNT","TOT_INJ_COUNT","UNK_INJ_DEG_COUNT","UNK_INJ_PER_COUNT","DRIVER_COUNT_16YR","DRIVER_COUNT_17YR","DRIVER_COUNT_18YR","DRIVER_COUNT_19YR","DRIVER_COUNT_20YR","DRIVER_COUNT_50_64YR","DRIVER_COUNT_65_74YR","DRIVER_COUNT_75PLUS","UNBELTED_OCC_COUNT","UNB_DEATH_COUNT","UNB_MAJ_INJ_COUNT","BELTED_DEATH_COUNT","BELTED_MAJ_INJ_COUNT","MCYCLE_DEATH_COUNT","MCYCLE_MAJ_INJ_COUNT","BICYCLE_DEATH_COUNT","BICYCLE_MAJ_INJ_COUNT","PED_COUNT","PED_DEATH_COUNT","PED_MAJ_INJ_COUNT","MAX_SEVERITY_LEVEL","COMM_VEH_COUNT","DEC_LAT","DEC_LONG","RDWY_SURF_TYPE_CD","COUNTY_YEAR"
"2001240959","06","67","67301","67301","2001","04","1","0323","03","3","1","0","1","1","","","N","00","0","00","3","0","3","3","2","N","N","39 55:05.520","75 12:32.400","9999","","9999","","0","","N","","0 ","","","","","","","","","","2","2","0","0","0","0","0","0","0","0","3","0","3","0","0","0","0","0","0","1","0","0","0","1","0","0","0","0","0","0","0","0","0","0","0","3","0","39.9177","-75.2116","","CRASH_2001_Philadelphia"
"2001016705","06","67","67301","67301","2001","05","1","2030","20","3","2","1","4","1","","","N","01","2","00","3","0","1","2","2","N","N","40 02:35.350","75 02:41.899","2040","","2033","","0","","N","","3 ","","","","","","","","","","2","2","0","0","0","0","0","0","0","0","1","0","1","0","0","0","0","0","0","0","0","0","0","0","0","0","0","0","0","0","0","0","0","0","0","3","0","40.0432","-75.045","","CRASH_2001_Philadelphia"
"2001019611","06","67","67301","67301","2001","05","2","2055","20","3","1","0","7","5","","","N","02","3","00","3","0","0","1","1","N","N","40 01:54.274","75 13:22.659","2100","","2055","","0","","N","","3 ","","","","","","","","","","1","1","0","0","0","0","0","0","0","0","0","0","0","0","0","0","0","0","0","0","0","0","0","1","0","0","0","0","0","0","0","0","0","0","0","0","0","40.0317","-75.223","","CRASH_2001_Philadelphia"
"2001207612","06","67","67301","67301","2001","01","2","1747","17","3","1","0","8","1","","","N","01","2","00","3","0","1","2","2","N","N","","","9999","","9999","","0","","N","","3 ","","","","","","","","","","1","1","0","0","0","0","0","0","0","0","1","0","1","0","0","0","0","0","0","0","0","0","0","0","0","0","0","0","0","0","0","0","1","0","0","3","0","","","","CRASH_2001_Philadelphia"
"2001209008","06","67","67301","67301","2001","01","2","1730","17","4","1","1","4","1","","","N","01","2","00","3","0","1","5","3","N","N","40 04:35.400","75 11:42.000","9999","","9999","","0","","N","","3 ","","","","","","","","","","3","1","0","0","1","0","1","0","0","0","0","1","1","0","0","0","0","0","0","0","1","0","0","0","0","0","0","0","0","0","0","0","0","0","0","4","0","40.0765","-75.1951","","CRASH_2001_Philadelphia"
"2001211349","06","67","67301","67301","2001","02","5","2000","20","3","3","1","4","1","","","N","00","0","00","3","0","1","2","2","N","N","39 59:18.960","75 06:22.680","9999","","9999","","0","","N","","0 ","","","","","","","","","","2","2","0","0","0","0","0","0","0","0","0","1","1","0","0","0","0","1","0","0","0","0","0","1","0","0","0","0","0","0","0","0","0","0","0","4","0","39.9886","-75.1063","","CRASH_2001_Philadelphia"
"2001223861","06","67","67301","67301","2001","03","7","2140","21","3","1","0","4","1","","","N","01","2","00","3","0","1","2","3","N","N","39 58:13.108","75 07:35.525","9999","","9999","","0","","N","","3 ","","","","","","","","","","3","1","0","0","0","0","0","0","0","0","0","0","0","0","1","0","0","0","0","0","0","0","0","0","0","0","0","0","0","0","0","0","0","0","0","9","0","39.9703","-75.1265","","CRASH_2001_Philadelphia"
"2001239021","06","67","67301","67301","2001","04","3","1515","15","1","1","0","7","5","","","N","01","2","00","3","0","1","1","1","N","N","40 01:52.935","75 09:08.539","9999","","9999","","0","","N","","3 ","","","","","","","","","","1","0","0","0","0","0","0","1","0","0","0","1","1","0","0","0","0","0","0","0","0","0","0","0","0","0","0","0","0","0","0","0","0","0","0","4","0","40.0314","-75.1524","","CRASH_2001_Philadelphia"
"2001008727","06","67","67301","67301","2001","05","2","1823","18","2","2","1","1","1","","","N","02","0","00","3","0","1","2","2","N","N","40 02:40.000","75 03:40.000","1830","","1825","","0","","N","","0 ","","","","","","","","","","2","2","0","0","0","0","0","0","0","0","0","1","1","0","0","0","0","0","0","0","0","0","0","0","0","0","0","0","0","0","0","0","0","0","0","4","0","40.0447","-75.0613","","CRASH_2001_Philadelphia"
"2001207448","06","67","67301","67301","2001","01","4","0627","06","5","1","6","4","1","","","N","02","2","02","3","0","1","2","2","N","N","39 53:57.840","75 10:29.280","9999","","9999","","0","","N","","3 ","","","","","","","","","","2","0","0","0","1","0","0","1","0","0","0","1","1","0","0","0","0","0","0","0","0","0","0","0","0","0","0","0","0","0","0","0","0","0","0","4","0","39.8994","-75.1748","","CRASH_2001_Philadelphia"
"2001210615","06","67","67301","67301","2001","02","7","1006","10","1","1","0","5","1","","","N","00","0","00","3","0","2","3","3","N","N","40 00:33.120","75 11:20.400","9999","","9999","","0","","N","","0 ","","","","","","","","","","3","3","0","0","0","0","0","0","0","0","0","2","2","0","0","0","0","0","0","0","0","0","0","0","0","0","0","0","0","0","0","0","0","0","0","4","0","40.0095","-75.188","","CRASH_2001_Philadelphia"
"2001223819","06","67","67301","67301","2001","03","1","1520","15","1","1","0","1","1","","","N","02","2","00","3","0","0","2","2","N","N","40 04:46.200","75 10:03.360","9999","","9999","","0","","N","","3 ","","","","","","","","","","2","2","0","0","0","0","0","0","0","0","0","0","0","0","0","0","0","0","1","0","0","1","0","0","0","0","0","0","0","0","0","0","0","0","0","0","0","40.0794","-75.1677","","CRASH_2001_Philadelphia"
"2001243591","06","67","67301","67301","2001","05","6","2130","21","3","1","0","1","1","","","N","01","2","00","3","0","2","5","3","N","N","39 58:10.200","75 12:41.400","9999","","9999","","0","","N","","3 ","","","","","","","","","","3","3","0","0","0","0","0","0","0","0","0","2","2","0","0","0","0","0","0","0","0","1","0","0","0","0","0","0","0","0","0","0","0","0","0","4","0","39.9696","-75.2115","","CRASH_2001_Philadelphia"
"2001200980","06","67","67301","67301","2001","02","7","0050","00","3","1","0","5","1","","","N","00","0","00","3","0","0","9","2","N","N","","","9999","","9999","","0","","N","","0 ","","","","","","","","","","2","2","0","0","0","0","0","0","0","0","0","0","0","0","0","0","1","0","1","0","0","0","0","0","0","0","0","0","0","0","0","0","0","0","0","0","0","","","","CRASH_2001_Philadelphia"
"2001240052","06","67","67301","67301","2001","04","1","1250","12","1","1","0","7","5","","","N","00","0","00","3","0","1","1","1","N","N","","","9999","","9999","","0","","N","","0 ","","","","","","","","","","1","1","0","0","0","0","0","0","0","0","0","1","1","0","0","0","0","0","0","0","0","0","0","1","0","0","0","0","0","0","0","0","0","0","0","4","0","","","","CRASH_2001_Philadelphia"
"2001240256","06","67","67301","67301","2001","04","5","2100","21","3","1","0","4","1","","","N","01","2","00","3","0","2","2","2","N","N","39 59:02.760","75 11:17.160","9999","","9999","","0","","N","","3 ","","","","","","","","","","2","2","0","0","0","0","0","0","0","0","0","1","1","0","1","0","0","0","0","0","0","0","0","0","0","0","0","0","0","0","0","0","0","0","0","4","0","39.9842","-75.188","","CRASH_2001_Philadelphia"
"2001240973","06","67","67301","67301","2001","04","1","0551","05","1","1","0","7","5","","","N","00","0","00","3","0","0","1","1","N","N","","","9999","","9999","","0","","N","","0 ","","","","","","","","","","1","1","0","0","0","0","0","0","0","0","0","0","0","0","0","0","0","0","0","0","0","0","0","0","0","0","0","0","0","0","0","0","0","0","0","0","0","","","","CRASH_2001_Philadelphia"
"2001007120","06","67","67301","67301","2001","07","3","1710","17","1","2","1","7","3","","","N","00","0","01","3","0","1","1","1","N","N","39 56:42.143","75 11:53.759","1725","","1719","","0","","N","","0 ","","","","","","","","","","1","1","0","0","0","0","0","0","0","0","0","1","1","0","0","0","0","0","0","0","0","0","0","0","0","0","0","0","0","0","0","0","0","0","0","4","0","39.9448","-75.198","","CRASH_2001_Philadelphia"
"2001019598","06","67","67301","67301","2001","05","1","2200","22","3","2","1","4","1","","","N","01","0","00","3","0","1","2","2","N","N","39 56:28.612","75 12:29.627","0030","","0027","","0","","N","","0 ","","","","","","","","","","1","1","0","0","0","0","0","0","1","0","1","0","1","0","0","0","0","0","0","0","0","0","0","0","0","0","0","0","0","0","0","0","0","0","0","3","0","39.9412","-75.2122","","CRASH_2001_Philadelphia"
"2001210760","06","67","67301","67301","2001","02","2","2230","22","3","2","1","4","1","","","N","02","2","00","3","0","0","2","2","N","N","39 59:15.720","75 12:58.320","9999","","9999","","0","","N","","3 ","","","","","","","","","","2","1","0","0","0","0","0","1","0","0","0","0","0","0","0","0","0","0","0","0","0","0","0","0","0","0","0","0","0","0","0","0","0","0","0","0","0","39.9877","-75.2161","","CRASH_2001_Philadelphia"
"2001214204","06","67","67301","67301","2001","02","3","1257","12","1","1","0","4","1","","","N","02","3","00","3","0","2","2","2","N","N","40 07:18.840","75 00:58.320","9999","","9999","","0","","N","","3 ","","","","","","","","","","2","2","0","0","0","0","0","0","0","0","0","2","2","0","0","0","0","0","0","0","0","1","0","0","0","0","0","0","0","0","0","0","0","0","0","4","0","40.1219","-75.0163","","CRASH_2001_Philadelphia"
"2001215654","06","67","67301","67301","2001","02","7","0151","01","3","1","1","9","1","","","N","00","0","00","3","0","0","2","3","N","N","40 00:38.520","75 09:05.400","9999","","9999","","0","","N","","0 ","","","","","","","","","","3","0","0","0","0","0","0","0","0","0","0","0","0","0","0","0","0","0","0","0","0","0","0","0","0","0","0","0","0","0","0","0","0","0","0","0","0","40.0107","-75.1513","","CRASH_2001_Philadelphia"
"2001216915","06","67","67301","67301","2001","03","5","1700","17","1","1","0","8","1","","","N","00","0","00","3","0","1","2","2","N","N","","","9999","","9999","","0","","N","","0 ","","","","","","","","","","1","0","0","0","0","0","0","0","0","0","0","1","1","0","0","0","0","0","0","0","0","0","0","0","0","0","0","0","0","0","0","0","1","0","0","4","0","","","","CRASH_2001_Philadelphia"
"2001240099","06","67","67301","67301","2001","04","3","0639","06","1","1","0","9","1","","","N","00","0","00","3","0","0","1","2","N","N","","","9999","","9999","","0","","N","","0 ","","","","","","","","","","2","1","0","0","0","0","0","0","0","0","0","0","0","0","0","0","0","0","0","0","0","0","0","0","0","0","0","0","0","0","0","0","0","0","0","0","0","","","","CRASH_2001_Philadelphia"
"2001240117","06","67","67301","67301","2001","04","6","1318","13","1","1","0","4","1","","","N","01","0","00","3","0","3","3","2","N","N","","","9999","","9999","","0","","N","","0 ","","","","","","","","","","2","2","0","0","0","0","0","0","0","1","0","2","3","0","0","0","0","0","0","0","0","0","0","0","0","0","0","0","0","0","0","0","0","0","0","2","0","","","","CRASH_2001_Philadelphia"
"2001223920","06","67","67301","67301","2001","03","4","1115","11","1","1","0","7","5","","","N","00","0","00","3","0","2","2","1","N","N","39 58:14.520","75 07:28.200","9999","","9999","","0","","N","","0 ","","","","","","","","","","1","0","0","0","0","1","0","0","0","0","0","2","2","0","0","0","0","0","0","0","1","0","0","0","0","0","0","0","0","0","0","0","0","0","0","4","1","39.9704","-75.1251","","CRASH_2001_Philadelphia"
"2001233102","06","67","67301","67301","2001","04","7","0525","05","3","1","0","7","2","","","N","00","0","02","3","0","0","1","1","N","N","40 00:03.600","75 04:43.320","9999","","9999","","0","","N","","0 ","","","","","","","","","","1","1","0","0","0","0","0","0","0","0","0","0","0","0","0","0","0","0","0","0","0","0","0","0","0","0","0","0","0","0","0","0","0","0","0","0","0","40.0007","-75.079","","CRASH_2001_Philadelphia"
"2001243083","06","67","67301","67301","2001","03","5","1814","18","3","2","1","8","1","","","N","01","2","00","3","0","1","3","3","N","N","39 57:32.400","75 13:01.200","9999","","9999","","0","","N","","3 ","","","","","","","","","","2","1","0","0","0","0","0","0","0","0","1","0","1","0","0","0","0","0","0","0","0","0","0","0","0","0","0","0","0","0","0","0","1","0","0","3","0","39.959","-75.217","","CRASH_2001_Philadelphia"
"2001007267","06","67","67301","67301","2001","06","1","0207","02","3","1","0","1","1","","","N","01","2","00","3","0","3","4","2","N","N","39 53:40.780","75 14:12.244","0222","","0213","","0","","N","","3 ","","","","","","","","","","2","2","0","0","0","0","0","0","0","0","0","3","3","0","0","0","0","0","0","0","1","0","0","0","0","0","0","0","0","0","0","0","0","0","0","4","0","39.8997","-75.2389","","CRASH_2001_Philadelphia"
"2001211425","06","67","67301","67301","2001","02","3","1705","17","1","1","0","8","1","","","N","00","0","00","3","0","1","2","2","N","N","","","9999","","9999","","0","","N","","0 ","","","","","","","","","","1","1","0","0","0","0","0","0","0","0","0","1","1","0","0","0","0","0","0","0","0","0","1","0","0","0","0","0","0","0","0","0","1","0","0","4","0","","","","CRASH_2001_Philadelphia"
"2001231141","06","67","67301","67301","2001","03","6","1000","10","1","1","0","1","1","","","N","01","2","00","3","0","2","3","2","N","N","40 01:23.160","75 08:15.000","9999","","9999","","0","","N","","3 ","","","","","","","","","","2","2","0","0","0","0","0","0","0","0","0","2","2","0","0","0","0","0","0","0","2","0","0","0","0","0","0","0","0","0","0","0","0","0","0","4","0","40.0231","-75.1369","","CRASH_2001_Philadelphia"
"2001006984","06","67","67301","67301","2001","05","6","1430","14","1","1","0","5","1","","","N","01","2","00","3","0","3","5","2","N","N","40 02:04.560","75 04:15.960","1450","","1450","","0","","N","","3 ","","","","","","","","","","2","0","0","1","0","0","0","0","0","0","0","3","3","0","1","0","0","0","0","0","1","0","0","0","0","0","0","0","0","0","0","0","0","0","0","4","1","40.0348","-75.0711","","CRASH_2001_Philadelphia"
"2001213223","06","67","67301","67301","2001","02","4","0936","09","1","1","0","1","1","1","8","Y","01","2","00","3","0","1","3","2","N","N","","","9999","99","9999","","0","","N","","3 ","","U","","","U","","","","","2","0","0","1","0","0","0","1","0","0","0","0","0","0","1","0","0","0","0","1","0","0","0","1","0","0","0","0","0","0","0","0","0","0","0","9","1","","","","CRASH_2001_Philadelphia"
"2001238389","06","67","67301","67301","2001","04","2","1332","13","1","1","0","4","1","","","N","01","2","00","3","0","2","3","2","N","N","40 01:45.120","75 10:28.560","9999","","9999","","0","","N","","3 ","","","","","","","","","","2","2","0","0","0","0","0","0","0","0","0","2","2","0","0","0","0","0","0","0","1","0","0","0","0","0","0","0","0","0","0","0","0","0","0","4","0","40.0292","-75.1745","","CRASH_2001_Philadelphia"
"2001006964","06","67","67301","67301","2001","05","4","0622","06","1","1","0","4","1","","","N","01","3","00","3","0","1","4","2","N","N","40 03:57.171","75 10:35.492","0630","","0628","","0","","N","","1 ","","","","","","","","","","2","2","0","0","0","0","0","0","0","0","0","1","1","0","0","0","0","0","0","0","1","0","0","0","0","0","0","0","0","0","0","0","0","0","0","4","0","40.0659","-75.1765","","CRASH_2001_Philadelphia"
"2001204524","06","67","67301","67301","2001","01","4","0733","07","1","1","0","4","1","","","N","01","3","00","3","0","1","4","2","N","N","40 01:10.776","75 04:30.529","9999","","9999","","0","","N","","3 ","","","","","","","","","","2","2","0","0","0","0","0","0","0","0","0","1","1","0","0","0","0","0","0","1","0","0","0","0","0","0","0","0","0","0","0","0","0","0","0","4","0","40.0197","-75.0751","","CRASH_2001_Philadelphia"
"2001238137","06","67","67301","67301","2001","04","7","0955","09","1","1","0","7","5","","","N","00","0","00","3","0","1","2","1","N","N","39 59:56.400","75 04:51.240","9999","","9999","","0","","N","","0 ","","","","","","","","","","1","1","0","0","0","0","0","0","0","0","0","1","1","0","0","0","0","0","0","1","0","0","0","0","0","0","0","0","0","0","0","0","0","0","0","4","0","39.9989","-75.0809","","CRASH_2001_Philadelphia"
"2001204133","06","67","67301","67301","2001","01","6","0820","08","1","1","1","7","1","","","N","00","0","00","3","0","2","2","2","N","N","39 55:10.560","75 12:11.880","9999","","9999","","0","","N","","0 ","","","","","","","","","","2","2","0","0","0","0","0","0","0","0","0","2","2","0","0","0","0","0","0","0","0","0","0","0","0","0","0","0","0","0","0","0","0","0","0","4","0","39.9194","-75.2044","","CRASH_2001_Philadelphia"
"2001007241","06","67","67301","67301","2001","06","4","0820","08","1","1","0","1","1","","","N","00","0","00","3","0","1","3","2","N","N","39 57:13.788","75 10:00.388","0850","","0823","","0","","N","","0 ","","","","","","","","","","2","2","0","0","0","0","0","0","0","0","0","1","1","0","0","0","0","0","0","0","0","0","0","1","0","0","0","0","0","0","0","0","0","0","0","4","0","39.9538","-75.1669","","CRASH_2001_Philadelphia"
"2001201180","06","67","67301","67301","2001","02","1","1151","11","1","1","1","7","5","","","N","00","0","00","3","0","1","1","1","N","N","","","9999","","9999","","0","","N","","0 ","","","","","","","","","","1","1","0","0","0","0","0","0","0","0","0","1","1","0","0","0","1","0","0","0","0","0","0","0","0","0","0","0","0","0","0","0","0","0","0","4","0","","","","CRASH_2001_Philadelphia"
"2001209300","06","67","67301","67301","2001","01","1","1444","14","1","1","0","1","1","","","N","01","2","00","3","0","1","3","2","N","N","40 01:23.880","75 04:36.840","9999","","9999","","0","","N","","3 ","","","","","","","","","","2","2","0","0","0","0","0","0","0","0","0","1","1","0","0","0","0","0","1","0","0","0","0","0","0","0","0","0","0","0","0","0","0","0","0","4","0","40.0233","-75.0768","","CRASH_2001_Philadelphia"
"2001238104","06","67","67301","67301","2001","04","4","1453","14","1","2","1","1","1","","","N","00","0","00","3","0","3","5","3","N","N","39 57:30.600","75 10:01.560","9999","","9999","","0","","N","","0 ","","","","","","","","","","3","2","0","0","0","0","1","0","0","0","0","0","0","0","3","0","0","0","0","0","1","0","0","0","0","0","0","0","0","0","0","0","0","0","0","9","0","39.9585","-75.167","","CRASH_2001_Philadelphia"
"2001238141","06","67","67301","67301","2001","04","4","1200","12","1","2","1","4","1","","","N","01","3","00","3","0","1","2","2","N","N","40 00:46.440","75 04:18.840","9999","","9999","","0","","N","","3 ","","","","","","","","","","2","0","0","0","0","0","0","2","0","0","0","0","0","0","1","0","0","0","0","0","0","0","0","0","0","0","0","0","0","0","0","0","0","0","0","9","0","40.0129","-75.0719","","CRASH_2001_Philadelphia"
"2001238252","06","67","67301","67301","2001","03","6","1400","14","1","2","1","4","1","","","N","01","3","00","3","0","1","2","2","N","N","40 03:18.360","75 10:36.120","9999","","9999","","0","","N","","3 ","","","","","","","","","","2","1","0","0","0","0","0","0","0","0","1","0","1","0","0","0","0","0","0","0","0","0","0","0","0","0","0","0","0","0","0","0","0","0","0","3","0","40.0551","-75.1766","","CRASH_2001_Philadelphia"
"2001243661","06","67","67301","67301","2001","04","7","0402","04","3","1","0","4","1","","","N","01","2","00","3","0","1","2","2","N","N","39 58:18.480","75 14:41.280","9999","","9999","","0","","N","","3 ","","","","","","","","","","2","2","0","0","0","0","0","0","0","0","0","0","0","0","1","0","0","0","1","0","0","0","0","0","0","0","0","0","0","0","0","0","0","0","0","9","0","39.9719","-75.2448","","CRASH_2001_Philadelphia"
"2001244633","06","67","67301","67301","2001","05","2","1609","16","1","1","0","1","1","","","N","00","0","00","3","0","1","2","2","N","N","40 01:17.760","75 08:20.040","9999","","9999","","0","","N","","0 ","","","","","","","","","","2","1","0","0","0","0","0","1","0","0","0","1","1","0","0","0","0","0","0","0","0","0","0","0","0","0","0","0","0","0","0","0","0","0","0","4","0","40.0215","-75.1388","","CRASH_2001_Philadelphia"
"2001248530","06","67","67301","67301","2001","05","1","1130","11","1","1","0","8","1","","","N","01","3","00","3","0","1","2","2","N","N","","","9999","","9999","","0","","N","","3 ","","","","","","","","","","1","1","0","0","0","0","0","0","0","0","1","0","1","0","0","0","1","0","0","0","0","0","0","0","0","0","0","0","0","0","0","0","1","0","0","3","0","","","","CRASH_2001_Philadelphia"
"2001207284","06","67","67301","67301","2001","01","6","1311","13","1","1","0","4","1","","","N","00","1","07","3","0","1","2","2","N","N","","","9999","","9999","","0","","N","","3 ","","","","","","","","","","2","2","0","0","0","0","0","0","0","0","0","1","1","0","0","0","0","0","0","0","1","0","0","0","0","0","0","0","0","0","0","0","0","0","0","4","0","","","","CRASH_2001_Philadelphia"
"2001207360","06","67","67301","67301","2001","01","2","1940","19","3","5","0","8","1","","","N","00","0","00","3","0","1","2","2","N","N","","","9999","","9999","","0","","N","","0 ","","","","","","","","","","1","1","0","0","0","0","0","0","0","0","1","0","1","0","0","0","0","0","0","0","1","0","0","1","0","0","0","0","0","0","0","0","1","0","0","3","0","","","","CRASH_2001_Philadelphia"
"2001207553","06","67","67301","67301","2001","01","6","0745","07","1","1","0","4","1","","","N","01","2","00","3","0","1","5","3","N","N","40 03:02.160","75 08:31.560","9999","","9999","","0","","N","","3 ","","","","","","","","","","3","1","0","0","0","0","2","0","0","0","0","0","0","0","1","0","0","0","0","0","0","0","0","0","0","0","0","0","0","0","0","0","0","0","0","9","0","40.0506","-75.1421","","CRASH_2001_Philadelphia"
"2001231095","06","67","67301","67301","2001","03","6","1710","17","1","1","0","4","1","","","N","00","0","07","3","0","4","5","2","N","N","40 03:39.240","75 10:04.080","9999","","9999","","0","","N","","0 ","","","","","","","","","","2","2","0","0","0","0","0","0","0","0","0","1","1","0","3","0","0","0","0","0","1","0","0","0","0","0","0","0","0","0","0","0","0","0","0","4","0","40.0609","-75.1678","","CRASH_2001_Philadelphia"
"2001233072","06","67","67301","67301","2001","04","4","1729","17","1","1","0","4","1","","","N","01","2","00","3","0","1","3","2","N","N","39 57:44.280","75 09:40.680","9999","","9999","","0","","N","","3 ","","","","","","","","","","2","2","0","0","0","0","0","0","0","0","0","1","1","0","0","0","0","0","0","1","0","0","0","0","0","0","0","0","0","0","0","0","0","0","0","4","0","39.9623","-75.1614","","CRASH_2001_Philadelphia"
"2001233332","06","67","67301","67301","2001","03","7","2312","23","3","1","0","4","1","","","N","10","0","00","3","0","1","3","2","N","N","39 58:43.680","75 05:51.720","9999","","9999","","0","","N","","0 ","","","","","","","","","","2","1","0","0","0","0","1","0","0","0","0","0","0","0","1","0","0","0","0","0","0","0","0","0","0","0","0","0","0","0","0","0","0","0","0","9","0","39.9788","-75.0977","","CRASH_2001_Philadelphia"
"2001018434","06","67","67301","67301","2001","06","1","0535","05","1","1","0","5","1","","","N","00","0","00","3","0","0","2","2","N","N","40 01:39.637","75 05:33.687","0546","","0539","","0","","N","","0 ","","","","","","","","","","2","2","0","0","0","0","0","0","0","0","0","0","0","0","0","0","0","0","0","0","0","0","0","0","0","0","0","0","0","0","0","0","0","0","0","0","0","40.0275","-75.0928","","CRASH_2001_Philadelphia"
"2001209147","06","67","67301","67301","2001","01","3","1200","12","1","2","1","1","1","","","N","01","2","00","3","0","1","2","2","N","N","39 57:17.640","75 10:59.880","9999","","9999","","0","","N","","3 ","","","","","","","","","","2","2","0","0","0","0","0","0","0","0","0","1","1","0","0","0","0","0","0","0","1","0","0","0","0","0","0","0","0","0","0","0","0","0","0","4","0","39.9549","-75.1833","","CRASH_2001_Philadelphia"
"2001210609","06","67","67301","67301","2001","02","7","0049","00","3","1","0","9","1","","","N","00","0","00","3","0","1","4","5","N","N","","","9999","","9999","","0","","N","","0 ","","","","","","","","","","5","1","0","0","1","0","1","1","0","0","0","1","1","0","0","0","0","0","0","0","0","0","0","0","0","0","0","0","0","0","0","0","0","0","0","4","0","","","","CRASH_2001_Philadelphia"
"2001210775","06","67","67301","67301","2001","02","3","1410","14","1","1","1","4","1","","","N","01","2","00","3","0","1","2","3","N","N","","","9999","","9999","","0","","N","","3 ","","","","","","","","","","2","1","0","0","0","1","0","0","0","0","0","1","1","0","0","0","0","0","0","0","1","0","0","0","0","0","0","0","0","0","0","0","1","0","0","4","1","","","","CRASH_2001_Philadelphia"
"2001214595","06","67","67301","67301","2001","02","1","1700","17","4","2","1","4","1","","","N","01","0","00","3","0","3","5","2","N","N","40 04:26.040","75 04:39.000","9999","","9999","","0","","N","","0 ","","","","","","","","","","2","1","0","0","0","0","0","1","0","0","0","0","0","0","3","0","0","0","0","0","0","0","0","0","0","0","0","0","0","0","0","0","0","0","0","9","0","40.0739","-75.0776","","CRASH_2001_Philadelphia"
"2001215616","06","67","67301","67301","2001","03","5","0210","02","3","1","0","9","1","","","N","00","0","00","3","0","2","2","3","N","N","40 06:21.960","74 59:58.200","9999","","9999","","0","","N","","0 ","","","","","","","","","","2","0","0","0","0","0","1","0","0","0","0","1","1","0","1","0","0","0","0","0","0","0","0","0","0","0","0","0","0","0","0","0","1","0","0","4","0","40.106","-74.9996","","CRASH_2001_Philadelphia"
"2001215641","06","67","67301","67301","2001","03","6","2200","22","3","1","0","4","1","","","N","01","2","00","3","0","0","2","2","N","N","","","9999","","9999","","0","","N","","3 ","","","","","","","","","","2","2","0","0","0","0","0","0","0","0","0","0","0","0","0","0","0","0","0","1","0","0","0","0","0","0","0","0","0","0","0","0","0","0","0","0","0","","","","CRASH_2001_Philadelphia"
"2001231223","06","67","67301","67301","2001","03","3","1230","12","1","1","0","4","1","","","N","01","2","00","3","0","2","3","2","N","N","39 59:29.569","75 13:35.687","9999","","9999","","0","","N","","3 ","","","","","","","","","","2","2","0","0","0","0","0","0","0","0","0","1","1","0","1","0","0","0","0","0","1","0","0","0","0","0","0","0","0","0","0","0","0","0","0","4","0","39.9915","-75.2266","","CRASH_2001_Philadelphia"
"2001238066","06","67","67301","67301","2001","04","7","1615","16","1","1","0","4","1","","","N","00","0","00","3","0","0","2","2","N","N","40 02:17.160","75 02:14.640","9999","","9999","","0","","N","","0 ","","","","","","","","","","2","2","0","0","0","0","0","0","0","0","0","0","0","0","0","0","0","0","0","0","0","0","0","0","0","0","0","0","0","0","0","0","0","0","0","0","0","40.0381","-75.0373","","CRASH_2001_Philadelphia"
"2001243682","06","67","67301","67301","2001","05","7","0750","07","5","1","0","4","1","","","N","01","2","00","3","0","0","2","2","N","N","39 57:25.200","75 09:31.320","9999","","9999","","0","","N","","3 ","","","","","","","","","","2","1","0","0","0","0","0","1","0","0","0","0","0","0","0","0","0","0","0","0","0","0","0","0","0","0","0","0","0","0","0","0","0","0","0","0","0","39.9572","-75.1587","","CRASH_2001_Philadelphia"
"2001007088","06","67","67301","67301","2001","06","3","1701","17","1","1","0","4","1","","","N","00","0","00","3","0","1","2","2","N","N","39 58:47.402","75 14:40.020","1715","","1705","","0","","N","","0 ","","","","","","","","","","1","1","0","0","0","0","0","0","1","0","0","1","1","0","0","0","0","0","0","0","0","0","0","0","0","0","0","0","0","0","0","0","0","0","0","4","0","39.9798","-75.2445","","CRASH_2001_Philadelphia"