"CRN","DISTRICT","COUNTY","MUNICIPALITY","POLICE_AGCY","CRASH_YEAR","CRASH_MONTH","DAY_OF_WEEK","TIME_OF_DAY","HOUR_OF_DAY","ILLUMINATION","WEATHER","ROAD_CONDITION","COLLISION_TYPE","RELATION_TO_ROAD","WORK_ZONE_TYPE","WORK_ZONE_LOC","WORK_ZONE_IND","INTERSECT_TYPE","TCD_TYPE","LOCATION_TYPE","URBAN_RURAL","FATAL_COUNT","INJURY_COUNT","PERSON_COUNT","TOTAL_UNITS","SCH_BUS_IND","SCH_ZONE_IND","LATITUDE","LONGITUDE","ARRIVAL_TM","CONS_ZONE_SPD_LIM","DISPATCH_TM","EST_HRS_CLOSED","LANE_CLOSED","LN_CLOSE_DIR","NTFY_HIWY_MAINT","SPEC_JURIS_CD","TCD_FUNC_CD","TFC_DETOUR_IND","WORKERS_PRES","WZ_CLOSE_DETOUR","WZ_FLAGGER","WZ_LAW_OFFCR_IND","WZ_LN_CLOSURE","WZ_MOVING","WZ_OTHER","WZ_SHLDER_MDN","VEHICLE_COUNT","AUTOMOBILE_COUNT","MOTORCYCLE_COUNT","BUS_COUNT","SMALL_TRUCK_COUNT","HEAVY_TRUCK_COUNT","SUV_COUNT","VAN_COUNT","BICYCLE_COUNT","MAJ_INJ_COUNT","MOD_INJ_COUNT","MIN_INJ_COUNT","TOT_INJ_COUNT","UNK_INJ_DEG_COUNT","UNK_INJ_PER_COUNT","DRIVER_COUNT_16YR","DRIVER_COUNT_17YR","DRIVER_COUNT_18YR","DRIVER_COUNT_19YR","DRIVER_COUNT_20YR","DRIVER_COUNT_50_64YR","DRIVER_COUNT_65_74YR","DRIVER_COUNT_75PLUS","UNBELTED_OCC_COUNT","UNB_DEATH_COUNT","UNB_MAJ_INJ_COUNT","BELTED_DEATH_COUNT","BELTED_MAJ_INJ_COUNT","MCYCLE_DEATH_COUNT","MCYCLE_MAJ_INJ_COUNT","BICYCLE_DEATH_COUNT","BICYCLE_MAJ_INJ_COUNT","PED_COUNT","PED_DEATH_COUNT","PED_MAJ_INJ_COUNT","MAX_SEVERITY_LEVEL","COMM_VEH_COUNT","DEC_LAT","DEC_LONG","RDWY_SURF_TYPE_CD","COUNTY_YEAR"
"2001217039","06","67","67301","67301","2001","03","7","1527","15","1","1","0","8","1","","","N","01","3","00","3","0","1","3","2","N","N","","","9999","","9999","","0","","N","","3 ","","","","","","","","","","1","1","0","0","0","0","0","0","0","0","0","1","1","0","0","0","0","0","0","0","0","0","0","0","0","0","0","0","0","0","0","0","1","0","0","4","0","","","","CRASH_2001_Philadelphia"
"2001213097","06","67","67301","67301","2001","02","6","1240","12","1","2","1","1","1","","","N","00","0","00","3","0","1","3","2","N","N","39 55:27.840","75 10:10.920","9999","","9999","","0","","N","","0 ","","","","","","","","","","2","2","0","0","0","0","0","0","0","0","0","1","1","0","0","0","0","0","0","0","1","0","0","0","0","0","0","0","0","0","0","0","0","0","0","4","0","39.9244","-75.1697","","CRASH_2001_Philadelphia"
"2001231212","06","67","67301","67301","2001","03","3","0850","08","1","1","0","1","1","","","N","02","0","00","3","0","2","3","2","N","N","","","9999","","9999","","0","","N","","0 ","","","","","","","","","","2","1","0","0","0","0","0","0","0","0","0","2","2","0","0","0","0","0","0","0","0","0","0","0","0","0","0","0","0","0","0","0","0","0","0","4","0","","","","CRASH_2001_Philadelphia"
"2001233085","06","67","67301","67301","2001","04","4","1600","16","1","1","0","1","1","","","N","00","0","07","3","0","0","2","2","N","N","","","9999","","9999","","0","","N","","0 ","","","","","","","","","","2","0","0","0","1","0","1","0","0","0","0","0","0","0","0","0","0","0","0","0","0","0","0","0","0","0","0","0","0","0","0","0","0","0","0","0","0","","","","CRASH_2001_Philadelphia"
"2001238902","06","67","67301","67301","2001","04","3","1732","17","1","1","0","4","1","","","N","00","0","07","3","0","0","2","2","N","N","","","9999","","9999","","0","","N","","0 ","","","","","","","","","","2","2","0","0","0","0","0","0","0","0","0","0","0","0","0","0","0","0","0","0","0","0","0","2","0","0","0","0","0","0","0","0","0","0","0","0","0","","","","CRASH_2001_Philadelphia"
"2001210630","06","67","67301","67301","2001","01","6","1913","19","3","1","0","1","1","","","N","00","0","00","3","0","0","6","2","N","N","39 58:56.640","75 06:01.440","9999","","9999","","0","","N","","0 ","","","","","","","","","","2","2","0","0","0","0","0","0","0","0","0","0","0","0","0","0","0","0","0","0","1","0","0","0","0","0","0","0","0","0","0","0","0","0","0","0","0","39.9825","-75.1002","","CRASH_2001_Philadelphia"
"2001215475","06","67","67301","67301","2001","02","4","0710","07","1","1","0","4","1","","","N","01","2","00","3","0","2","4","2","N","N","39 59:16.440","75 09:20.880","9999","","9999","","0","","N","","3 ","","","","","","","","","","2","2","0","0","0","0","0","0","0","0","0","2","2","0","0","0","0","0","0","0","1","0","0","0","0","0","0","0","0","0","0","0","0","0","0","4","0","39.9879","-75.1558","","CRASH_2001_Philadelphia"
"2001233463","06","67","67301","67301","2001","03","6","0315","03","3","1","0","7","5","","","N","00","0","00","3","0","1","1","3","N","N","","","9999","","9999","","0","","N","","0 ","","","","","","","","","","3","1","0","0","0","0","0","0","0","0","0","0","0","0","1","0","0","0","0","0","0","0","0","0","0","0","0","0","0","0","0","0","0","0","0","9","0","","","","CRASH_2001_Philadelphia"
"2001209106","06","67","67301","67301","2001","02","1","1525","15","1","1","0","4","1","","","N","10","3","00","3","0","4","4","3","N","N","39 58:09.480","75 11:04.560","9999","","9999","","0","","N","","3 ","","","","","","","","","","3","3","0","0","0","0","0","0","0","0","0","1","1","0","3","0","0","0","0","0","0","0","0","0","0","0","0","0","0","0","0","0","0","0","0","4","0","39.9693","-75.1846","","CRASH_2001_Philadelphia"
"2001210610","06","67","67301","67301","2001","01","2","2206","22","3","1","0","7","5","1","8","Y","00","0","00","3","0","0","1","1","N","N","39 57:52.920","75 08:02.400","9999","99","9999","","0","","N","","0 ","","U","","","U","","","","","1","1","0","0","0","0","0","0","0","0","0","0","0","0","0","0","0","0","0","0","0","0","0","0","0","0","0","0","0","0","0","0","0","0","0","0","0","39.9646","-75.134","","CRASH_2001_Philadelphia"
"2001223888","06","67","67301","67301","2001","03","2","1316","13","1","9","1","4","1","","","N","02","2","00","3","0","1","2","2","N","N","39 58:36.480","75 06:47.520","9999","","9999","","0","","N","","3 ","","","","","","","","","","2","1","0","0","0","0","0","1","0","0","0","1","1","0","0","0","0","0","0","0","0","0","0","0","0","0","0","0","0","0","0","0","0","0","0","4","0","39.9768","-75.1132","","CRASH_2001_Philadelphia"
"2001239101","06","67","67301","67301","2001","04","5","2220","22","3","1","0","1","1","","","N","01","2","00","3","0","2","2","2","N","N","","","9999","","9999","","0","","N","","3 ","","","","","","","","","","2","2","0","0","0","0","0","0","0","0","0","1","1","0","1","0","0","0","1","0","0","1","0","0","0","0","0","0","0","0","0","0","0","0","0","4","0","","","","CRASH_2001_Philadelphia"
"2001207429","06","67","67301","67301","2001","01","5","1133","11","1","1","0","7","5","","","N","00","0","00","3","0","1","1","1","N","N","39 58:34.320","75 11:44.520","9999","","9999","","0","","N","","0 ","","","","","","","","","","1","0","0","0","0","1","0","0","0","0","0","1","1","0","0","0","0","0","0","0","0","0","0","0","0","0","0","0","0","0","0","0","0","0","0","4","0","39.9762","-75.1957","","CRASH_2001_Philadelphia"
"2001215643","06","67","67301","67301","2001","02","3","1315","13","1","1","0","4","1","","","N","01","0","00","3","0","2","4","2","N","N","","","9999","","9999","","0","","N","","0 ","","","","","","","","","","2","1","0","0","0","0","1","0","0","0","0","2","2","0","0","0","0","0","0","0","0","1","0","0","0","0","0","0","0","0","0","0","0","0","0","4","0","","","","CRASH_2001_Philadelphia"
"2001233399","06","67","67301","67301","2001","03","7","1009","10","1","2","1","4","1","","","N","02","3","00","3","0","0","2","2","N","N","40 04:16.489","75 11:28.823","9999","","9999","","0","","N","","3 ","","","","","","","","","","2","2","0","0","0","0","0","0","0","0","0","0","0","0","0","0","0","0","0","0","1","0","1","0","0","0","0","0","0","0","0","0","0","0","0","0","0","40.0712","-75.1913","","CRASH_2001_Philadelphia"
"2001243672","06","67","67301","67301","2001","04","3","1840","18","1","1","0","4","1","","","N","07","9","02","3","0","1","2","2","N","N","39 57:46.800","75 10:43.320","9999","","9999","","0","","N","","9 ","","","","","","","","","","1","1","0","0","0","0","0","0","1","0","0","1","1","0","0","0","0","0","0","0","0","0","0","0","0","0","0","0","0","0","0","0","0","0","0","4","0","39.9628","-75.1781","","CRASH_2001_Philadelphia"
"2001007121","06","67","67301","67301","2001","06","5","2325","23","3","1","0","4","1","","","N","01","2","00","3","0","3","4","2","N","N","39 57:38.618","75 14:35.020","2138","","2130","","0","","N","","3 ","","","","","","","","","","2","2","0","0","0","0","0","0","0","0","0","3","3","0","0","0","0","0","0","1","0","0","0","0","0","0","0","0","0","0","0","0","0","0","0","4","0","39.9592","-75.2434","","CRASH_2001_Philadelphia"
"2001007128","06","67","67301","67301","2001","06","7","1520","15","1","6","1","4","1","","","N","02","0","07","3","0","7","7","2","N","N","39 55:31.000","75 08:34.000","1525","","1522","","0","","N","","0 ","","","","","","","","","","2","2","0","0","0","0","0","0","0","0","0","7","7","0","0","0","0","0","0","0","0","0","0","0","0","0","0","0","0","0","0","0","0","0","0","4","0","39.9241","-75.1437","","CRASH_2001_Philadelphia"
"2001208907","06","67","67301","67301","2001","02","7","1820","18","3","1","0","5","1","","","N","01","2","00","3","0","1","2","2","N","N","39 58:17.400","75 13:33.240","9999","","9999","","0","","N","","3 ","","","","","","","","","","1","1","0","0","0","0","0","0","1","0","1","0","1","0","0","0","0","0","0","0","0","0","0","0","0","0","0","0","0","0","0","0","0","0","0","3","0","39.9715","-75.2259","","CRASH_2001_Philadelphia"
"2001213182","06","67","67301","67301","2001","02","4","1530","15","1","1","0","4","1","","","N","01","3","00","3","0","1","2","2","N","N","40 02:05.053","75 01:55.768","9999","","9999","","0","","N","","3 ","","","","","","","","","","2","1","0","0","0","0","0","1","0","0","0","0","0","0","1","0","0","1","0","0","0","0","0","0","0","0","0","0","0","0","0","0","0","0","0","9","0","40.0347","-75.0322","","CRASH_2001_Philadelphia"
"2001223895","06","67","67301","67301","2001","03","5","1530","15","1","1","0","4","1","","","N","01","0","00","3","0","1","2","3","N","N","39 58:12.360","75 08:44.880","9999","","9999","","0","","N","","0 ","","","","","","","","","","3","1","0","0","1","0","0","0","0","0","0","1","1","0","0","0","0","0","0","0","0","0","0","1","0","0","0","0","0","0","0","0","0","0","0","4","0","39.9703","-75.1458","","CRASH_2001_Philadelphia"
"2001223948","06","67","67301","67301","2001","03","1","1623","16","1","1","0","4","1","","","N","00","0","00","3","0","2","3","3","N","N","39 58:42.600","75 12:48.960","9999","","9999","","0","","N","","0 ","","","","","","","","","","3","2","0","0","0","0","0","1","0","0","2","0","2","0","0","0","0","0","0","0","1","0","0","0","0","0","0","0","0","0","0","0","0","0","0","3","0","39.9785","-75.2137","","CRASH_2001_Philadelphia"
"2001233066","06","67","67301","67301","2001","03","3","2130","21","3","1","0","8","1","","","N","01","2","00","3","0","1","2","2","N","N","","","9999","","9999","","0","","N","","3 ","","","","","","","","","","1","1","0","0","0","0","0","0","0","0","0","1","1","0","0","0","0","0","0","0","1","0","0","0","0","0","0","0","0","0","0","0","1","0","0","4","0","","","","CRASH_2001_Philadelphia"
"2001233262","06","67","67301","67301","2001","04","3","1535","15","1","1","0","4","1","","","N","00","2","07","3","0","1","5","2","N","N","40 00:34.920","75 10:50.160","9999","","9999","","0","","N","","3 ","","","","","","","","","","2","1","1","0","0","0","0","0","0","1","0","0","1","0","0","0","0","0","0","0","0","0","0","0","0","0","0","0","0","1","0","0","0","0","0","2","0","40.0098","-75.1806","","CRASH_2001_Philadelphia"
"2001210889","06","67","67301","67301","2001","02","2","1300","13","1","4","3","5","1","","","N","00","0","03","3","0","0","2","2","N","N","39 54:13.680","75 11:53.520","9999","","9999","","0","","N","","0 ","","","","","","","","","","2","1","0","0","0","1","0","0","0","0","0","0","0","0","0","0","0","0","0","0","0","0","0","0","0","0","0","0","0","0","0","0","0","0","0","0","1","39.9038","-75.1983","","CRASH_2001_Philadelphia"
"2001213147","06","67","67301","67301","2001","02","6","0706","07","3","2","1","8","1","","","N","01","2","00","3","0","1","2","2","N","N","39 57:48.600","75 10:15.600","9999","","9999","","0","","N","","3 ","","","","","","","","","","1","1","0","0","0","0","0","0","0","0","0","0","0","0","1","0","0","0","0","0","0","0","0","0","0","0","0","0","0","0","0","0","1","0","0","9","0","39.9635","-75.171","","CRASH_2001_Philadelphia"
"2001233356","06","67","67301","67301","2001","03","2","2110","21","3","1","0","8","1","","","N","00","0","00","3","0","2","2","2","N","N","","","9999","","9999","","0","","N","","0 ","","","","","","","","","","1","1","0","0","0","0","0","0","0","0","0","1","1","0","1","0","0","0","0","0","0","0","0","0","0","0","0","0","0","0","0","0","1","0","0","4","0","","","","CRASH_2001_Philadelphia"
"2001244659","06","67","67301","67301","2001","05","1","1858","18","1","1","0","4","1","","","N","01","2","00","3","0","1","2","2","N","N","40 00:55.080","75 09:00.000","9999","","9999","","0","","N","","3 ","","","","","","","","","","2","1","1","0","0","0","0","0","0","0","1","0","1","0","0","0","0","0","0","0","0","0","1","0","0","0","0","0","0","0","0","0","0","0","0","3","0","40.0153","-75.1498","","CRASH_2001_Philadelphia"
"2001244750","06","67","67301","67301","2001","05","4","0800","08","1","1","0","1","1","","","N","01","2","00","3","0","1","3","2","N","N","40 02:17.289","75 03:53.236","9999","","9999","","0","","N","","3 ","","","","","","","","","","2","2","0","0","0","0","0","0","0","0","0","1","1","0","0","0","0","0","0","0","0","0","0","1","0","0","0","0","0","0","0","0","0","0","0","4","0","40.0381","-75.0648","","CRASH_2001_Philadelphia"
"2001209003","06","67","67301","67301","2001","01","2","2250","22","3","1","0","4","1","","","N","01","2","00","3","0","0","2","2","N","N","40 04:18.120","75 09:14.760","9999","","9999","","0","","N","","3 ","","","","","","","","","","2","2","0","0","0","0","0","0","0","0","0","0","0","0","0","0","0","0","0","0","0","0","0","0","0","0","0","0","0","0","0","0","0","0","0","0","0","40.0717","-75.1541","","CRASH_2001_Philadelphia"
"2001210579","06","67","67301","67301","2001","02","2","2151","21","3","4","3","4","1","","","N","01","0","00","3","0","1","2","2","N","N","40 03:38.260","75 10:39.323","9999","","9999","","0","","N","","0 ","","","","","","","","","","2","1","0","0","0","0","0","0","0","0","0","0","0","0","1","0","0","0","0","0","1","0","0","0","0","0","0","0","0","0","0","0","0","0","0","9","0","40.0606","-75.1776","","CRASH_2001_Philadelphia"
"2001213109","06","67","67301","67301","2001","02","4","0830","08","1","1","0","4","1","","","N","00","0","07","3","0","0","2","2","N","N","","","9999","","9999","","0","","N","","0 ","","","","","","","","","","2","1","0","0","0","0","1","0","0","0","0","0","0","0","0","0","0","0","0","0","0","1","0","0","0","0","0","0","0","0","0","0","0","0","0","0","0","","","","CRASH_2001_Philadelphia"
"2001231151","06","67","67301","67301","2001","03","4","2227","22","3","2","1","4","1","","","N","00","0","07","3","0","1","2","2","N","N","39 58:28.560","75 11:57.120","9999","","9999","","0","","N","","0 ","","","","","","","","","","2","2","0","0","0","0","0","0","0","0","0","1","1","0","0","0","0","0","0","0","0","0","0","0","0","0","0","0","0","0","0","0","0","0","0","4","0","39.9746","-75.1994","","CRASH_2001_Philadelphia"
"2001206019","06","67","67301","67301","2001","01","1","0948","09","1","1","1","6","1","","","N","00","0","00","3","0","0","3","2","N","N","","","9999","","9999","","0","","N","","0 ","","","","","","","","","","2","2","0","0","0","0","0","0","0","0","0","0","0","0","0","0","0","0","0","0","2","0","0","0","0","0","0","0","0","0","0","0","0","0","0","0","0","","","","CRASH_2001_Philadelphia"
"2001233501","06","67","67301","67301","2001","04","1","0015","00","3","1","0","7","5","","","N","00","0","00","3","0","1","2","1","N","N","40 02:49.920","75 05:52.440","9999","","9999","","0","","N","","0 ","","","","","","","","","","1","1","0","0","0","0","0","0","0","0","0","0","0","0","1","0","0","0","0","0","0","0","0","0","0","0","0","0","0","0","0","0","0","0","0","9","0","40.0472","-75.0979","","CRASH_2001_Philadelphia"
"2001244752","06","67","67301","67301","2001","05","6","1630","16","1","1","0","4","1","","","N","01","3","00","3","0","2","2","2","N","N","40 02:38.659","75 05:57.695","9999","","9999","","0","","N","","3 ","","","","","","","","","","2","1","0","0","0","0","0","1","0","0","0","1","1","0","1","0","0","0","0","0","0","0","0","0","0","0","0","0","0","0","0","0","0","0","0","4","0","40.0441","-75.0994","","CRASH_2001_Philadelphia"
"2001209646","06","67","67301","67301","2001","01","3","1620","16","1","1","0","1","1","","","N","00","0","00","3","0","0","2","2","N","N","39 57:47.880","75 08:19.680","9999","","9999","","0","","N","","0 ","","","","","","","","","","2","1","0","0","1","0","0","0","0","0","0","0","0","0","0","0","0","0","0","0","0","0","0","0","0","0","0","0","0","0","0","0","0","0","0","0","0","39.9629","-75.139","","CRASH_2001_Philadelphia"
"2001215566","06","67","67301","67301","2001","03","6","2038","20","3","1","0","4","1","","","N","01","2","00","3","0","2","2","2","N","N","","","9999","","9999","","0","","N","","3 ","","","","","","","","","","2","1","0","0","0","0","0","0","0","0","0","1","1","0","1","0","0","0","0","0","0","0","0","0","0","0","0","0","0","0","0","0","0","0","0","4","0","","","","CRASH_2001_Philadelphia"
"2001233240","06","67","67301","67301","2001","04","2","2021","20","3","2","1","7","1","","","N","00","0","00","3","0","1","2","1","N","N","39 55:19.560","75 11:18.600","9999","","9999","","0","","N","","0 ","","","","","","","","","","1","1","0","0","0","0","0","0","0","0","0","0","0","0","1","0","0","0","0","0","0","0","0","1","0","0","0","0","0","0","0","0","0","0","0","9","0","39.9218","-75.1903","","CRASH_2001_Philadelphia"
"2001233453","06","67","67301","67301","2001","03","7","2025","20","3","1","0","8","1","","","N","02","0","00","3","0","1","2","2","N","N","39 59:17.419","75 07:42.725","9999","","9999","","0","","N","","0 ","","","","","","","","","","1","0","0","0","0","0","0","0","0","0","1","0","1","0","0","0","0","0","0","0","0","0","0","0","0","0","0","0","0","0","0","0","1","0","0","3","0","39.9882","-75.1285","","CRASH_2001_Philadelphia"
"2001238238","06","67","67301","67301","2001","04","5","1720","17","1","1","0","4","1","","","N","01","9","00","3","0","2","3","3","N","N","39 58:48.741","75 08:43.871","9999","","9999","","0","","N","","9 ","","","","","","","","","","2","1","1","0","0","0","0","0","0","0","2","0","2","0","0","0","0","0","0","0","1","0","0","0","0","0","0","0","0","0","0","0","1","0","0","3","0","39.9802","-75.1455","","CRASH_2001_Philadelphia"
"2001200440","06","67","67301","67301","2001","01","1","0235","02","3","1","9","4","1","","","N","01","0","00","3","0","0","6","2","N","N","","","9999","","9999","","0","","N","","0 ","","","","","","","","","","2","2","0","0","0","0","0","0","0","0","0","0","0","0","0","0","1","0","0","0","0","0","0","0","0","0","0","0","0","0","0","0","0","0","0","0","0","","","","CRASH_2001_Philadelphia"
"2001007391","06","67","67301","67301","2001","05","7","0147","01","3","1","0","2","1","","","N","00","0","02","3","0","2","4","2","N","N","39 56:24.000","75 08:36.600","0158","","0154","","0","","N","","0 ","","","","","","","","","","2","2","0","0","0","0","0","0","0","0","0","2","2","0","0","0","0","0","0","0","0","0","0","0","0","0","0","0","0","0","0","0","0","0","0","4","0","39.94","-75.1435","","CRASH_2001_Philadelphia"
"2001206251","06","67","67301","67301","2001","01","6","0353","03","3","2","0","7","5","","","N","00","0","00","3","0","0","1","1","N","N","","","9999","","9999","","0","","N","","0 ","","","","","","","","","","1","1","0","0","0","0","0","0","0","0","0","0","0","0","0","0","0","0","0","0","0","0","0","0","0","0","0","0","0","0","0","0","0","0","0","0","0","","","","CRASH_2001_Philadelphia"
"2001208891","06","67","67301","67301","2001","02","1","0809","08","1","1","0","7","1","","","N","03","0","02","3","0","1","1","1","N","N","40 00:11.880","75 04:39.000","9999","","9999","","0","","N","","0 ","","","","","","","","","","1","0","0","0","1","0","0","0","0","0","1","0","1","0","0","0","0","0","0","0","0","0","0","1","0","0","0","0","0","0","0","0","0","0","0","3","0","40.0019","-75.0789","","CRASH_2001_Philadelphia"
"2001209175","06","67","67301","67301","2001","01","1","2050","20","3","1","9","7","5","","","N","00","0","00","3","0","3","3","1","N","N","","","9999","","9999","","0","","N","","0 ","","","","","","","","","","1","1","0","0","0","0","0","0","0","0","3","0","3","0","0","0","0","0","1","0","0","0","0","0","0","0","0","0","0","0","0","0","0","0","0","3","0","","","","CRASH_2001_Philadelphia"
"2001211430","06","67","67301","67301","2001","02","4","0209","02","3","2","1","4","1","","","N","01","2","00","3","0","1","2","2","N","N","40 05:40.560","75 00:54.000","9999","","9999","","0","","N","","3 ","","","","","","","","","","2","0","0","0","0","1","0","1","0","0","1","0","1","0","0","0","0","0","0","0","0","0","0","0","0","0","0","0","0","0","0","0","0","0","0","3","1","40.0948","-75.0153","","CRASH_2001_Philadelphia"
"2001223842","06","67","67301","67301","2001","03","6","0300","03","3","1","0","8","1","","","N","00","0","00","3","0","2","2","2","N","N","","","9999","","9999","","0","","N","","0 ","","","","","","","","","","1","0","0","0","0","0","0","0","0","0","0","1","1","0","1","0","0","0","0","0","0","0","0","0","0","0","0","0","0","0","0","0","1","0","0","4","0","","","","CRASH_2001_Philadelphia"
"2001233263","06","67","67301","67301","2001","04","3","1325","13","1","1","0","4","1","","","N","01","3","00","3","0","1","2","2","N","N","40 01:14.520","75 08:55.680","9999","","9999","","0","","N","","3 ","","","","","","","","","","2","1","0","0","1","0","0","0","0","0","0","1","1","0","0","0","0","0","0","0","0","0","0","0","0","0","0","0","0","0","0","0","0","0","0","4","0","40.0206","-75.1488","","CRASH_2001_Philadelphia"
"2001238951","06","67","67301","67301","2001","04","7","1620","16","1","1","0","8","1","","","N","01","0","00","3","0","1","2","2","N","N","","","9999","","9999","","0","","N","","0 ","","","","","","","","","","1","1","0","0","0","0","0","0","0","0","0","0","0","0","1","0","0","0","0","0","0","0","0","0","0","0","0","0","0","0","0","0","1","0","0","9","0","","","","CRASH_2001_Philadelphia"
"2001243687","06","67","67301","67301","2001","05","1","0213","02","3","1","0","4","1","","","N","01","2","02","3","0","1","2","2","N","N","39 57:27.360","75 09:44.280","9999","","9999","","0","","N","","3 ","","","","","","","","","","2","2","0","0","0","0","0","0","0","0","0","1","1","0","0","0","0","0","0","0","0","0","0","0","0","0","0","0","0","0","0","0","0","0","0","4","0","39.9578","-75.1625","","CRASH_2001_Philadelphia"
"2001204549","06","67","67301","67301","2001","01","6","0735","07","1","1","0","8","1","","","N","01","2","00","3","0","1","3","2","N","N","40 02:51.360","75 03:35.640","9999","","9999","","0","","N","","3 ","","","","","","","","","","1","1","0","0","0","0","0","0","0","0","0","1","1","0","0","0","0","0","0","0","0","0","0","0","0","0","0","0","0","0","0","0","1","0","0","4","0","40.0477","-75.06","","CRASH_2001_Philadelphia"
"2001206183","06","67","67301","67301","2001","01","3","0810","08","1","2","0","1","1","","","N","06","4","02","3","0","1","3","3","N","N","39 56:54.240","75 11:08.880","9999","","9999","","0","","N","","3 ","","","","","","","","","","3","3","0","0","0","0","0","0","0","0","0","1","1","0","0","0","0","1","0","0","0","0","0","0","0","0","0","0","0","0","0","0","0","0","0","4","0","39.9484","-75.1858","","CRASH_2001_Philadelphia"
"2001210642","06","67","67301","67301","2001","01","3","1050","10","1","1","0","4","1","","","N","01","2","00","3","0","2","2","2","N","N","39 59:00.906","75 06:30.635","9999","","9999","","0","","N","","3 ","","","","","","","","","","2","2","0","0","0","0","0","0","0","0","1","0","1","0","1","0","0","0","0","0","1","0","0","0","0","0","0","0","0","0","0","0","0","0","0","3","0","39.9836","-75.1085","","CRASH_2001_Philadelphia"
"2001210875","06","67","67301","67301","2001","02","2","1350","13","1","4","3","1","1","","","N","01","2","00","3","0","3","5","2","N","N","40 00:21.196","75 08:59.283","9999","","9999","","0","","N","","3 ","","","","","","","","","","2","1","0","0","0","0","0","0","0","0","0","2","2","0","1","0","0","0","0","0","0","0","0","4","0","0","0","0","0","0","0","0","0","0","0","4","0","40.0059","-75.1498","","CRASH_2001_Philadelphia"
"2001211481","06","67","67301","67301","2001","02","2","0504","05","3","2","1","4","1","","","N","01","2","00","3","0","1","3","2","N","N","","","9999","","9999","","0","","N","","3 ","","","","","","","","","","2","0","0","0","0","1","0","1","0","0","1","0","1","0","0","0","0","0","0","0","0","0","0","0","0","0","0","0","0","0","0","0","0","0","0","3","1","","","","CRASH_2001_Philadelphia"
"2001214362","06","67","67301","67301","2001","02","5","1709","17","4","4","3","7","5","","","N","00","0","00","3","0","1","1","1","N","N","","","9999","","9999","","0","","N","","0 ","","","","","","","","","","1","1","0","0","0","0","0","0","0","0","0","0","0","0","1","0","0","0","0","0","0","0","0","0","0","0","0","0","0","0","0","0","0","0","0","9","0","","","","CRASH_2001_Philadelphia"
"2001231103","06","67","67301","67301","2001","03","7","1655","16","1","2","1","1","1","","","N","01","2","00","3","0","2","3","2","N","N","40 03:13.320","75 08:29.400","9999","","9999","","0","","N","","3 ","","","","","","","","","","2","2","0","0","0","0","0","0","0","0","0","0","0","0","2","0","0","0","0","0","0","0","0","0","0","0","0","0","0","0","0","0","0","0","0","9","0","40.0537","-75.1415","","CRASH_2001_Philadelphia"
"2001008736","06","67","67301","67301","2001","06","1","1030","10","1","1","0","4","1","","","N","01","2","00","3","0","2","5","2","N","N","40 02:25.080","75 03:30.600","1040","","1030","","0","","N","","3 ","","","","","","","","","","2","2","0","0","0","0","0","0","0","0","0","2","2","0","0","0","0","0","0","0","1","1","0","0","0","0","0","0","0","0","0","0","0","0","0","4","0","40.0405","-75.0589","","CRASH_2001_Philadelphia"
"2001016768","06","67","67301","67301","2001","05","2","2105","21","3","1","0","7","1","","","N","00","0","00","3","0","1","4","2","N","N","40 05:26.221","74 58:33.167","2113","","2110","","0","","N","","0 ","","","","","","","","","","2","1","1","0","0","0","0","0","0","0","0","1","1","0","0","0","0","0","0","0","2","0","0","0","0","0","0","0","0","0","0","0","0","0","0","4","0","40.0906","-74.9762","","CRASH_2001_Philadelphia"
"2001214597","06","67","67301","67504","2001","02","3","0620","06","5","1","0","4","1","","","N","02","9","00","3","0","1","2","2","N","N","39 56:50.333","75 11:41.630","9999","","9999","","0","","N","","9 ","","","","","","","","","","2","2","0","0","0","0","0","0","0","0","1","0","1","0","0","0","0","0","0","0","1","0","0","0","0","0","0","0","0","0","0","0","0","0","0","3","0","39.9473","-75.1949","","CRASH_2001_Philadelphia"
"2001233167","06","67","67301","67301","2001","04","2","1058","10","1","1","0","1","1","","","N","03","2","00","3","0","1","2","2","N","N","40 03:12.600","75 00:30.960","9999","","9999","","0","","N","","3 ","","","","","","","","","","2","2","0","0","0","0","0","0","0","0","0","0","0","0","1","0","0","0","0","0","1","0","0","0","0","0","0","0","0","0","0","0","0","0","0","9","0","40.0534","-75.0085","","CRASH_2001_Philadelphia"
"2001205991","06","67","67301","67301","2001","01","2","0330","03","3","1","5","7","5","","","N","01","3","00","3","0","0","1","1","N","N","","","9999","","9999","","0","","N","","3 ","","","","","","","","","","1","1","0","0","0","0","0","0","0","0","0","0","0","0","0","0","0","0","0","0","0","0","0","0","0","0","0","0","0","0","0","0","0","0","0","0","0","","","","CRASH_2001_Philadelphia"
"2001206013","06","67","67301","67301","2001","01","5","0826","08","1","1","0","1","1","","","N","00","0","00","3","0","0","5","4","N","N","","","9999","","9999","","0","","N","","0 ","","","","","","","","","","4","3","0","0","0","0","0","0","0","0","0","0","0","0","0","0","0","0","0","0","0","0","0","0","0","0","0","0","0","0","0","0","0","0","0","0","0","","","","CRASH_2001_Philadelphia"