"CRN","DISTRICT","COUNTY","MUNICIPALITY","POLICE_AGCY","CRASH_YEAR","CRASH_MONTH","DAY_OF_WEEK","TIME_OF_DAY","HOUR_OF_DAY","ILLUMINATION","WEATHER","ROAD_CONDITION","COLLISION_TYPE","RELATION_TO_ROAD","WORK_ZONE_TYPE","WORK_ZONE_LOC","WORK_ZONE_IND","INTERSECT_TYPE","TCD_TYPE","LOCATION_TYPE","URBAN_RURAL","FATAL_COUNT","INJURY_COUNT","PERSON_COUNT","TOTAL_UNITS","SCH_BUS_IND","SCH_ZONE_IND","LATITUDE","LONGITUDE","ARRIVAL_TM","CONS_ZONE_SPD_LIM","DISPATCH_TM","EST_HRS_CLOSED","LANE_CLOSED","LN_CLOSE_DIR","NTFY_HIWY_MAINT","SPEC_JURIS_CD","TCD_FUNC_CD","TFC_DETOUR_IND","WORKERS_PRES","WZ_CLOSE_DETOUR","WZ_FLAGGER","WZ_LAW_OFFCR_IND","WZ_LN_CLOSURE","WZ_MOVING","WZ_OTHER","WZ_SHLDER_MDN","VEHICLE_COUNT","AUTOMOBILE_COUNT","MOTORCYCLE_COUNT","BUS_COUNT","SMALL_TRUCK_COUNT","HEAVY_TRUCK_COUNT","SUV_COUNT","VAN_COUNT","BICYCLE_COUNT","MAJ_INJ_COUNT","MOD_INJ_COUNT","MIN_INJ_COUNT","TOT_INJ_COUNT","UNK_INJ_DEG_COUNT","UNK_INJ_PER_COUNT","DRIVER_COUNT_16YR","DRIVER_COUNT_17YR","DRIVER_COUNT_18YR","DRIVER_COUNT_19YR","DRIVER_COUNT_20YR","DRIVER_COUNT_50_64YR","DRIVER_COUNT_65_74YR","DRIVER_COUNT_75PLUS","UNBELTED_OCC_COUNT","UNB_DEATH_COUNT","UNB_MAJ_INJ_COUNT","BELTED_DEATH_COUNT","BELTED_MAJ_INJ_COUNT","MCYCLE_DEATH_COUNT","MCYCLE_MAJ_INJ_COUNT","BICYCLE_DEATH_COUNT","BICYCLE_MAJ_INJ_COUNT","PED_COUNT","PED_DEATH_COUNT","PED_MAJ_INJ_COUNT","MAX_SEVERITY_LEVEL","COMM_VEH_COUNT","DEC_LAT","DEC_LONG","RDWY_SURF_TYPE_CD","COUNTY_YEAR"
"2001231179","06","67","67301","67301","2001","03","4","2315","23","3","2","1","1","1","","","N","01","2","00","3","0","0","2","2","N","N","39 55:16.320","75 11:39.120","9999","","9999","","0","","N","","3 ","","","","","","","","","","2","2","0","0","0","0","0","0","0","0","0","0","0","0","0","0","0","0","0","0","0","0","0","0","0","0","0","0","0","0","0","0","0","0","0","0","0","39.9211","-75.1938","","CRASH_2001_Philadelphia"
"2001240032","06","67","67301","67301","2001","04","2","2035","20","3","1","0","4","1","","","N","01","2","00","3","0","1","3","2","N","N","40 00:21.240","75 06:48.600","9999","","9999","","0","","N","","3 ","","","","","","","","","","2","2","0","0","0","0","0","0","0","0","0","1","1","0","0","0","0","0","0","0","0","0","0","1","0","0","0","0","0","0","0","0","0","0","0","4","0","40.0059","-75.1135","","CRASH_2001_Philadelphia"
"2001240198","06","67","67301","67301","2001","04","3","1755","17","1","1","0","1","1","","","N","01","2","00","3","0","1","3","2","N","N","40 00:49.320","75 03:21.960","9999","","9999","","0","","N","","3 ","","","","","","","","","","2","1","0","0","0","0","1","0","0","0","0","1","1","0","0","0","0","0","0","0","0","0","1","0","0","0","0","0","0","0","0","0","0","0","0","4","0","40.0139","-75.0556","","CRASH_2001_Philadelphia"
"2001204562","06","67","67301","67301","2001","01","5","2240","22","3","1","5","7","9","","","N","01","3","00","3","0","1","1","1","N","N","39 58:30.313","75 07:35.032","9999","","9999","","0","","N","","3 ","","","","","","","","","","1","1","0","0","0","0","0","0","0","0","0","1","1","0","0","0","0","0","0","1","0","0","0","0","0","0","0","0","0","0","0","0","0","0","0","4","0","39.9751","-75.1264","","CRASH_2001_Philadelphia"
"2001211360","06","67","67301","67301","2001","02","5","1523","15","1","1","0","8","1","","","N","00","0","00","3","0","1","3","2","N","N","","","9999","","9999","","0","","N","","0 ","","","","","","","","","","1","1","0","0","0","0","0","0","0","0","0","1","1","0","0","0","0","0","0","0","1","0","0","0","0","0","0","0","0","0","0","0","1","0","0","4","0","","","","CRASH_2001_Philadelphia"
"2001223775","06","67","67301","67301","2001","03","1","1505","15","1","1","0","4","1","","","N","01","2","00","3","0","0","2","2","N","N","39 57:06.840","75 08:36.240","9999","","9999","","0","","N","","3 ","","","","","","","","","","2","2","0","0","0","0","0","0","0","0","0","0","0","0","0","0","0","0","1","0","0","0","0","0","0","0","0","0","0","0","0","0","0","0","0","0","0","39.9519","-75.1433","","CRASH_2001_Philadelphia"
"2001239077","06","67","67301","67301","2001","04","1","0954","09","1","1","0","1","1","","","N","02","2","00","3","0","1","2","2","N","N","39 58:32.520","75 15:46.800","9999","","9999","","0","","N","","3 ","","","","","","","","","","2","0","0","0","0","0","0","2","0","0","0","1","1","0","0","0","0","0","0","0","0","0","0","0","0","0","0","0","0","0","0","0","0","0","0","4","0","39.9757","-75.263","","CRASH_2001_Philadelphia"
"2001240303","06","67","67301","67301","2001","04","6","0551","05","5","1","0","4","1","","","N","01","3","00","3","0","0","2","2","N","N","","","9999","","9999","","0","","N","","3 ","","","","","","","","","","2","2","0","0","0","0","0","0","0","0","0","0","0","0","0","0","0","1","0","0","0","0","0","0","0","0","0","0","0","0","0","0","0","0","0","0","0","","","","CRASH_2001_Philadelphia"
"2001007015","06","67","67301","67301","2001","06","6","1427","14","1","1","1","1","1","","","N","02","2","00","3","0","1","2","2","N","N","39 58:34.680","75 12:34.200","1431","","1428","","0","","N","","3 ","","","","","","","","","","2","2","0","0","0","0","0","0","0","0","0","1","1","0","0","0","0","0","0","0","0","2","0","1","0","0","0","0","0","0","0","0","0","0","0","4","0","39.9763","-75.2095","","CRASH_2001_Philadelphia"
"2001207426","06","67","67301","67301","2001","01","5","0645","06","3","1","0","1","1","","","N","06","0","02","3","0","2","2","2","N","N","39 55:24.600","75 11:30.480","9999","","9999","","0","","N","","0 ","","","","","","","","","","2","2","0","0","0","0","0","0","0","0","0","2","2","0","0","0","0","0","0","0","0","0","0","2","0","0","0","0","0","0","0","0","0","0","0","4","0","39.9252","-75.1933","","CRASH_2001_Philadelphia"
"2001207661","06","67","67301","67301","2001","01","3","0054","00","3","1","1","9","1","","","N","00","0","00","3","0","0","1","3","N","N","39 56:01.680","75 13:42.960","9999","","9999","","0","","N","","0 ","","","","","","","","","","3","1","0","0","0","0","0","0","0","0","0","0","0","0","0","0","0","0","0","0","0","0","0","0","0","0","0","0","0","0","0","0","0","0","0","0","0","39.9337","-75.2286","","CRASH_2001_Philadelphia"
"2001215728","06","67","67301","67301","2001","03","3","1306","13","1","4","9","1","1","","","N","00","0","00","3","0","0","2","2","N","N","","","9999","","9999","","0","","N","","0 ","","","","","","","","","","2","1","0","0","1","0","0","0","0","0","0","0","0","0","0","0","0","0","0","0","0","0","0","0","0","0","0","0","0","0","0","0","0","0","0","0","0","","","","CRASH_2001_Philadelphia"
"2001239107","06","67","67301","67301","2001","04","5","1300","13","1","1","0","8","1","","","N","02","2","00","3","0","1","2","2","N","N","39 57:05.400","75 09:24.120","9999","","9999","","0","","N","","3 ","","","","","","","","","","1","1","0","0","0","0","0","0","0","0","0","1","1","0","0","0","0","0","0","0","0","0","0","0","0","0","0","0","0","0","0","0","1","0","0","4","0","39.9515","-75.1567","","CRASH_2001_Philadelphia"
"2001214285","06","67","67301","67301","2001","02","1","1928","19","3","2","1","4","1","","","N","00","0","00","3","0","2","4","2","N","N","39 57:44.640","75 14:48.840","9999","","9999","","0","","N","","0 ","","","","","","","","","","2","2","0","0","0","0","0","0","0","0","1","1","2","0","0","0","0","0","0","0","0","0","0","0","0","0","0","0","0","0","0","0","0","0","0","3","0","39.9623","-75.2469","","CRASH_2001_Philadelphia"
"2001239069","06","67","67301","67301","2001","04","5","2235","22","3","1","0","8","1","","","N","00","0","00","3","0","1","3","2","N","N","","","9999","","9999","","0","","N","","0 ","","","","","","","","","","1","1","0","0","0","0","0","0","0","0","1","0","1","0","0","0","0","0","0","0","0","0","0","0","0","0","0","0","0","0","0","0","1","0","0","3","0","","","","CRASH_2001_Philadelphia"
"2001244878","06","67","67301","67301","2001","05","3","1837","18","1","1","0","4","1","","","N","01","2","00","3","0","1","2","2","N","N","39 58:41.880","75 14:45.960","9999","","9999","","0","","N","","3 ","","","","","","","","","","1","1","0","0","0","0","0","0","1","0","0","1","1","0","0","0","0","0","0","0","0","0","1","0","0","0","0","0","0","0","0","0","0","0","0","4","0","39.9783","-75.2461","","CRASH_2001_Philadelphia"
"2001210762","06","67","67301","67301","2001","02","2","2040","20","3","4","3","9","1","","","N","00","0","00","3","0","1","2","4","N","N","39 52:33.960","75 15:11.160","9999","","9999","","0","","N","","0 ","","","","","","","","","","3","2","0","0","0","0","0","0","0","0","1","0","1","0","0","0","0","0","0","0","0","0","0","0","0","0","0","0","0","0","0","0","1","0","0","3","0","39.8761","-75.2531","","CRASH_2001_Philadelphia"
"2001240042","06","67","67301","67301","2001","04","6","1436","14","1","1","0","1","1","","","N","01","2","00","3","0","1","2","2","N","N","40 01:34.320","75 10:09.120","9999","","9999","","0","","N","","3 ","","","","","","","","","","2","1","0","0","0","0","0","1","0","0","1","0","1","0","0","0","0","0","0","0","0","0","0","0","0","0","0","0","0","0","0","0","0","0","0","3","0","40.0262","-75.1692","","CRASH_2001_Philadelphia"
"2001240085","06","67","67301","67301","2001","04","3","1100","11","1","1","0","4","1","","","N","00","0","07","3","0","3","4","3","N","N","40 02:29.400","75 08:38.760","9999","","9999","","0","","N","","0 ","","","","","","","","","","3","2","0","0","1","0","0","0","0","0","0","2","2","0","1","0","0","0","0","0","0","1","0","0","0","0","0","0","0","0","0","0","0","0","0","4","0","40.0414","-75.1441","","CRASH_2001_Philadelphia"
"2001008588","06","67","67301","67301","2001","05","2","2140","21","3","1","0","4","1","","","N","00","0","07","3","0","1","6","2","N","N","39 59:33.910","75 05:54.567","2205","","2208","","0","","N","","0 ","","","","","","","","","","2","1","0","0","1","0","0","0","0","0","0","1","1","0","0","0","0","0","0","0","0","0","0","1","0","0","0","0","0","0","0","0","0","0","0","4","0","39.9927","-75.0985","","CRASH_2001_Philadelphia"
"2001007246","06","67","67301","67301","2001","05","5","1900","19","1","1","1","8","1","","","N","01","2","00","3","0","1","2","2","N","N","39 57:24.489","75 10:08.643","1950","","1955","","0","","N","","3 ","","","","","","","","","","1","0","0","0","1","0","0","0","0","0","1","0","1","0","0","0","0","0","0","0","0","0","0","0","0","0","0","0","0","0","0","0","1","0","0","3","0","39.9581","-75.1698","","CRASH_2001_Philadelphia"
"2001207400","06","67","67301","67301","2001","01","6","1625","16","1","2","1","1","1","","","N","00","0","00","3","0","1","3","2","N","N","39 58:56.640","75 12:52.920","9999","","9999","","0","","N","","0 ","","","","","","","","","","2","1","0","0","0","0","0","1","0","0","0","1","1","0","0","0","1","0","0","0","0","0","0","0","0","0","0","0","0","0","0","0","0","0","0","4","0","39.9824","-75.2147","","CRASH_2001_Philadelphia"
"2001209151","06","67","67301","67301","2001","02","5","2243","22","3","1","0","4","1","","","N","01","2","00","3","0","3","3","3","N","N","40 04:50.160","75 01:41.880","9999","","9999","","0","","N","","3 ","","","","","","","","","","3","3","0","0","0","0","0","0","0","0","1","0","1","0","2","0","0","0","0","0","0","0","0","1","0","0","0","0","0","0","0","0","0","0","0","3","0","40.0808","-75.0284","","CRASH_2001_Philadelphia"
"2001214226","06","67","67301","67301","2001","02","1","1155","11","1","2","1","4","1","","","N","02","2","00","3","0","2","5","2","N","N","40 04:19.560","75 01:58.440","9999","","9999","","0","","N","","3 ","","","","","","","","","","2","2","0","0","0","0","0","0","0","0","0","0","0","0","2","0","0","0","0","0","0","0","0","0","0","0","0","0","0","0","0","0","0","0","0","9","0","40.0721","-75.033","","CRASH_2001_Philadelphia"
"2001215488","06","67","67301","67301","2001","03","3","1630","16","4","1","0","4","1","","","N","00","0","07","3","0","0","2","2","N","N","40 04:42.960","75 02:34.800","9999","","9999","","0","","N","","0 ","","","","","","","","","","2","1","0","0","0","0","0","1","0","0","0","0","0","0","0","0","0","0","0","0","2","0","0","0","0","0","0","0","0","0","0","0","0","0","0","0","0","40.0788","-75.0429","","CRASH_2001_Philadelphia"
"2001200299","06","67","67301","67301","2001","01","1","1810","18","3","1","1","7","5","","","N","00","0","00","3","0","2","2","1","N","N","40 03:56.520","75 02:27.240","9999","","9999","","0","","N","","0 ","","","","","","","","","","1","1","0","0","0","0","0","0","0","0","1","1","2","0","0","0","1","0","0","0","0","0","0","0","0","0","0","0","0","0","0","0","0","0","0","3","0","40.0659","-75.041","","CRASH_2001_Philadelphia"
"2001200542","06","67","67301","67301","2001","01","6","1515","15","1","2","1","1","1","","","N","02","2","00","3","0","1","4","4","N","N","39 53:40.920","75 13:46.200","9999","","9999","","0","","N","","3 ","","","","","","","","","","4","4","0","0","0","0","0","0","0","0","0","0","0","0","1","0","1","0","0","0","0","0","0","0","0","0","0","0","0","0","0","0","0","0","0","9","0","39.8947","-75.2295","","CRASH_2001_Philadelphia"
"2001204590","06","67","67301","67301","2001","01","7","1630","16","1","1","0","4","1","","","N","02","0","07","3","0","0","2","2","N","N","40 02:18.240","75 06:35.280","9999","","9999","","0","","N","","0 ","","","","","","","","","","2","1","0","0","0","0","0","0","0","0","0","0","0","0","0","0","0","0","0","0","0","0","0","0","0","0","0","0","0","0","0","0","0","0","0","0","0","40.0385","-75.1096","","CRASH_2001_Philadelphia"
"2001204601","06","67","67301","67301","2001","01","6","1334","13","1","4","3","1","1","","","N","02","2","00","3","0","1","3","2","N","N","40 02:15.360","75 12:37.080","9999","","9999","","0","","N","","3 ","","","","","","","","","","2","2","0","0","0","0","0","0","0","0","0","1","1","0","0","0","0","0","1","0","0","0","0","0","0","0","0","0","0","0","0","0","0","0","0","4","0","40.0375","-75.2104","","CRASH_2001_Philadelphia"
"2001209065","06","67","67301","67301","2001","01","7","1445","14","1","2","1","9","1","","","N","00","0","00","3","0","0","1","5","N","N","39 58:11.640","75 08:34.440","9999","","9999","","0","","N","","0 ","","","","","","","","","","5","0","0","0","1","0","0","0","0","0","0","0","0","0","0","0","0","0","0","0","0","0","0","0","0","0","0","0","0","0","0","0","0","0","0","0","0","39.97","-75.1429","","CRASH_2001_Philadelphia"
"2001211210","06","67","67301","67501","2001","02","5","1440","14","1","1","0","2","1","1","8","Y","00","0","03","3","0","2","2","2","N","N","","","9999","99","9999","","0","","N","","0 ","","U","","","U","","","","","2","2","0","0","0","0","0","0","0","0","2","0","2","0","0","0","0","0","0","0","0","0","0","1","0","0","0","0","0","0","0","0","0","0","0","3","0","","","","CRASH_2001_Philadelphia"
"2001238075","06","67","67301","67301","2001","04","7","0014","00","3","1","0","8","1","","","N","00","0","00","3","0","1","2","2","N","N","","","9999","","9999","","0","","N","","0 ","","","","","","","","","","1","1","0","0","0","0","0","0","0","0","0","1","1","0","0","0","0","0","0","0","0","0","0","0","0","0","0","0","0","0","0","0","1","0","0","4","0","","","","CRASH_2001_Philadelphia"
"2001243678","06","67","67301","67301","2001","05","7","1210","12","1","1","0","4","1","","","N","01","9","00","3","0","1","2","2","N","N","","","9999","","9999","","0","","N","","9 ","","","","","","","","","","1","0","0","0","0","0","0","1","1","0","0","1","1","0","0","0","0","0","0","0","0","0","0","0","0","0","0","0","0","0","0","0","0","0","0","4","0","","","","CRASH_2001_Philadelphia"
"2001244891","06","67","67301","67301","2001","05","6","1450","14","1","1","0","4","1","","","N","01","2","00","3","0","3","3","2","N","N","39 59:06.360","75 14:51.360","9999","","9999","","0","","N","","3 ","","","","","","","","","","2","0","0","0","1","0","1","0","0","0","0","3","3","0","0","0","0","0","0","0","0","0","0","0","0","0","0","0","0","0","0","0","0","0","0","4","0","39.9851","-75.2474","","CRASH_2001_Philadelphia"
"2001215657","06","67","67301","67301","2001","02","7","1109","11","1","1","0","1","1","1","8","Y","01","3","00","3","0","1","3","2","N","N","40 01:25.680","75 08:01.320","9999","99","9999","","0","","N","","3 ","","U","","","U","","","","","2","2","0","0","0","0","0","0","0","0","0","1","1","0","0","0","0","0","0","0","0","0","0","3","0","0","0","0","0","0","0","0","0","0","0","4","0","40.0238","-75.1337","","CRASH_2001_Philadelphia"
"2001233534","06","67","67301","67301","2001","03","2","0659","06","1","4","1","4","1","","","N","00","0","00","3","0","3","5","2","N","N","39 59:53.880","75 07:43.320","9999","","9999","","0","","N","","0 ","","","","","","","","","","2","1","0","1","0","0","0","0","0","0","0","3","3","0","0","0","0","0","0","0","0","0","0","0","0","0","0","0","0","0","0","0","0","0","0","4","1","39.9984","-75.1288","","CRASH_2001_Philadelphia"
"2001008601","06","67","67301","67301","2001","06","6","2200","22","3","2","7","4","1","","","N","00","0","00","3","0","1","3","2","N","N","40 00:19.683","75 06:26.890","2218","","2210","","0","","N","","0 ","","","","","","","","","","2","2","0","0","0","0","0","0","0","0","1","0","1","0","0","0","0","0","0","0","0","0","0","0","0","0","0","0","0","0","0","0","0","0","0","3","0","40.0054","-75.1075","","CRASH_2001_Philadelphia"
"2001210706","06","67","67301","67301","2001","02","4","1529","15","1","1","6","1","1","","","N","00","0","07","3","0","0","3","3","N","N","","","9999","","9999","","0","","N","","0 ","","","","","","","","","","3","3","0","0","0","0","0","0","0","0","0","0","0","0","0","0","0","0","0","0","1","2","0","0","0","0","0","0","0","0","0","0","0","0","0","0","0","","","","CRASH_2001_Philadelphia"
"2001215595","06","67","67301","67301","2001","02","4","2330","23","2","1","0","7","1","","","N","00","0","00","3","0","1","1","1","N","N","","","9999","","9999","","0","","N","","0 ","","","","","","","","","","1","1","0","0","0","0","0","0","0","0","1","0","1","0","0","0","0","0","0","0","1","0","0","0","0","0","0","0","0","0","0","0","0","0","0","3","0","","","","CRASH_2001_Philadelphia"
"2001216905","06","67","67301","67301","2001","01","4","1211","12","1","1","0","4","1","","","N","01","2","00","3","0","1","2","2","N","N","","","9999","","9999","","0","","N","","3 ","","","","","","","","","","2","2","0","0","0","0","0","0","0","0","0","1","1","0","0","0","0","0","0","0","0","0","0","0","0","0","0","0","0","0","0","0","0","0","0","4","0","","","","CRASH_2001_Philadelphia"
"2001238969","06","67","67301","67301","2001","04","6","0250","02","3","1","0","4","1","","","N","01","2","00","3","0","2","3","2","N","N","39 55:00.000","75 10:16.768","9999","","9999","","0","","N","","3 ","","","","","","","","","","2","1","0","0","0","0","0","1","0","0","0","2","2","0","0","0","0","0","0","0","0","0","0","0","0","0","0","0","0","0","0","0","0","0","0","4","0","39.9168","-75.1713","","CRASH_2001_Philadelphia"
"2001015111","06","67","67301","67301","2001","06","7","1905","19","4","2","1","4","1","","","N","01","2","00","3","0","1","5","2","N","N","40 02:02.040","75 04:27.840","1913","","1910","","0","","N","","3 ","","","","","","","","","","2","1","0","0","1","0","0","0","0","0","0","1","1","0","0","0","0","1","0","0","0","0","0","0","0","0","0","0","0","0","0","0","0","0","0","4","0","40.0343","-75.0746","","CRASH_2001_Philadelphia"
"2001204684","06","67","67301","67301","2001","01","6","1327","13","1","4","3","7","1","","","N","00","0","00","3","0","0","2","2","N","N","40 02:24.000","75 03:32.040","9999","","9999","","0","","N","","0 ","","","","","","","","","","2","2","0","0","0","0","0","0","0","0","0","0","0","0","0","0","0","0","0","0","0","0","0","0","0","0","0","0","0","0","0","0","0","0","0","0","0","40.04","-75.0589","","CRASH_2001_Philadelphia"
"2001207492","06","67","67301","67301","2001","01","3","1125","11","1","1","0","5","1","","","N","01","2","00","3","0","1","3","2","N","N","39 57:03.960","75 09:12.960","9999","","9999","","0","","N","","3 ","","","","","","","","","","2","1","0","0","0","0","0","1","0","0","0","1","1","0","0","0","0","0","0","0","1","0","0","0","0","0","0","0","0","0","0","0","0","0","0","4","0","39.9511","-75.1536","","CRASH_2001_Philadelphia"
"2001216975","06","67","67301","67301","2001","03","4","1257","12","1","1","0","4","1","","","N","01","3","00","3","0","3","3","2","N","N","","","9999","","9999","","0","","N","","3 ","","","","","","","","","","2","2","0","0","0","0","0","0","0","0","0","3","3","0","0","0","0","0","0","0","0","0","1","0","0","0","0","0","0","0","0","0","0","0","0","4","0","","","","CRASH_2001_Philadelphia"
"2001223891","06","67","67301","67301","2001","03","7","1234","12","1","1","9","8","1","","","N","00","0","00","3","0","1","2","2","N","N","","","9999","","9999","","0","","N","","0 ","","","","","","","","","","1","1","0","0","0","0","0","0","0","0","0","1","1","0","0","0","0","0","0","0","0","1","0","0","0","0","0","0","0","0","0","0","1","0","0","4","0","","","","CRASH_2001_Philadelphia"
"2001233368","06","67","67301","67301","2001","03","4","1442","14","1","1","1","4","1","","","N","02","3","00","3","0","1","3","2","N","N","","","9999","","9999","","0","","N","","3 ","","","","","","","","","","2","2","0","0","0","0","0","0","0","0","0","1","1","0","0","0","0","0","0","0","1","0","0","0","0","0","0","0","0","0","0","0","0","0","0","4","0","","","","CRASH_2001_Philadelphia"
"2001238144","06","67","67301","67301","2001","04","6","2030","20","2","1","0","1","1","","","N","01","2","00","3","0","3","3","2","N","N","40 00:47.520","75 04:13.440","9999","","9999","","0","","N","","3 ","","","","","","","","","","2","1","0","0","1","0","0","0","0","0","0","0","0","0","3","0","0","0","0","0","0","0","0","0","0","0","0","0","0","0","0","0","0","0","0","9","0","40.0132","-75.0704","","CRASH_2001_Philadelphia"
"2001204559","06","67","67301","67301","2001","01","2","1930","19","3","2","1","4","1","","","N","01","3","00","3","0","3","4","3","N","N","40 00:29.880","75 08:38.040","9999","","9999","","0","","N","","3 ","","","","","","","","","","3","1","0","0","0","0","0","0","0","0","0","3","3","0","0","0","0","0","0","0","0","0","0","0","0","0","0","0","0","0","0","0","0","0","0","4","0","40.0083","-75.1439","","CRASH_2001_Philadelphia"
"2001209653","06","67","67301","67301","2001","01","3","1033","10","1","1","0","1","1","","","N","00","0","00","3","0","1","2","2","Y","N","39 58:49.440","75 09:26.640","9999","","9999","","0","","N","","0 ","","","","","","","","","","2","0","0","1","0","0","0","0","0","0","0","1","1","0","0","0","0","0","0","0","0","0","0","0","0","0","0","0","0","0","0","0","0","0","0","4","1","39.9803","-75.1574","","CRASH_2001_Philadelphia"
"2001210872","06","67","67301","67301","2001","02","4","1655","16","1","1","0","4","1","","","N","01","2","00","3","0","3","5","2","N","N","40 04:44.472","75 10:26.371","9999","","9999","","0","","N","","3 ","","","","","","","","","","2","0","0","1","0","0","1","0","0","0","0","3","3","0","0","0","0","0","0","0","1","0","0","0","0","0","0","0","0","0","0","0","0","0","0","4","1","40.079","-75.174","","CRASH_2001_Philadelphia"
"2001233445","06","67","67301","67301","2001","03","2","1245","12","1","1","0","9","1","","","N","00","0","00","3","0","0","2","3","N","N","","","9999","","9999","","0","","N","","0 ","","","","","","","","","","3","0","0","0","0","0","0","1","0","0","0","0","0","0","0","0","0","1","0","0","0","0","0","0","0","0","0","0","0","0","0","0","0","0","0","0","0","","","","CRASH_2001_Philadelphia"
"2001209082","06","67","67301","67301","2001","01","4","1437","14","1","1","0","1","1","","","N","07","0","02","3","0","1","6","5","N","N","39 56:29.760","75 11:40.200","9999","","9999","","0","","N","","0 ","","","","","","","","","","5","3","0","0","1","1","0","0","0","0","0","0","0","0","1","0","0","0","0","0","1","0","0","0","0","0","0","0","0","0","0","0","0","0","0","9","1","39.9409","-75.1952","","CRASH_2001_Philadelphia"
"2001215683","06","67","67301","67301","2001","03","4","1405","14","1","1","0","4","1","","","N","01","2","00","3","0","3","3","2","N","N","40 02:40.560","75 03:16.920","9999","","9999","","0","","N","","3 ","","","","","","","","","","2","1","0","0","0","1","0","0","0","0","0","0","0","0","3","0","0","0","1","0","0","0","1","0","0","0","0","0","0","0","0","0","0","0","0","9","0","40.0446","-75.0547","","CRASH_2001_Philadelphia"
"2001215698","06","67","67301","67301","2001","03","4","2219","22","3","1","0","9","1","","","N","00","0","00","3","0","1","1","3","N","N","","","9999","","9999","","0","","N","","0 ","","","","","","","","","","3","1","0","0","0","0","0","0","0","0","0","1","1","0","0","0","0","0","0","0","0","0","0","1","0","0","0","0","0","0","0","0","0","0","0","4","0","","","","CRASH_2001_Philadelphia"
"2001208886","06","67","67301","67301","2001","02","2","2357","23","3","3","3","6","1","","","N","00","0","00","3","0","2","2","2","N","N","40 01:33.600","75 11:58.920","9999","","9999","","0","","N","","0 ","","","","","","","","","","2","1","0","0","0","0","1","0","0","0","1","1","2","0","0","0","0","0","0","0","0","0","0","0","0","0","0","0","0","0","0","0","0","0","0","3","0","40.0259","-75.1997","","CRASH_2001_Philadelphia"
"2001210600","06","67","67301","67301","2001","02","1","1208","12","1","1","0","4","1","","","N","02","3","00","3","0","1","2","2","N","N","39 55:50.268","75 10:10.109","9999","","9999","","0","","N","","3 ","","","","","","","","","","1","1","0","0","0","0","0","0","1","0","0","1","1","0","0","0","0","0","0","0","0","0","0","0","0","0","0","0","0","0","0","0","0","0","0","4","0","39.9306","-75.1695","","CRASH_2001_Philadelphia"
"2001214591","06","67","67301","67301","2001","02","1","0740","07","1","1","1","1","1","","","N","01","2","00","3","0","1","2","2","N","N","40 02:01.680","75 04:27.840","9999","","9999","","0","","N","","3 ","","","","","","","","","","2","0","0","0","2","0","0","0","0","0","0","0","0","0","1","0","0","0","0","0","1","0","0","0","0","0","0","0","0","0","0","0","0","0","0","9","0","40.034","-75.0744","","CRASH_2001_Philadelphia"
"2001238086","06","67","67301","67301","2001","04","6","1116","11","1","2","1","1","1","","","N","02","3","00","3","0","1","6","2","N","N","","","9999","","9999","","0","","N","","3 ","","","","","","","","","","2","2","0","0","0","0","0","0","0","0","1","0","1","0","0","0","0","0","0","0","0","0","0","1","0","0","0","0","0","0","0","0","0","0","0","3","0","","","","CRASH_2001_Philadelphia"
"2001240222","06","67","67301","67301","2001","04","7","1428","14","1","1","0","4","1","","","N","00","0","07","3","0","5","5","2","N","N","","","9999","","9999","","0","","N","","0 ","","","","","","","","","","2","2","0","0","0","0","0","0","0","0","5","0","5","0","0","0","0","0","0","0","0","0","0","0","0","0","0","0","0","0","0","0","0","0","0","3","0","","","","CRASH_2001_Philadelphia"
"2001014287","06","67","67301","67301","2001","06","7","1533","15","1","2","1","1","1","","","N","02","0","00","3","0","2","3","2","N","N","39 58:34.929","75 12:34.699","1552","","1548","","0","","N","","0 ","","","","","","","","","","2","1","0","1","0","0","0","0","0","0","0","2","2","0","0","0","0","0","0","0","0","0","0","0","0","0","0","0","0","0","0","0","0","0","0","4","1","39.9764","-75.2096","","CRASH_2001_Philadelphia"
"2001213105","06","67","67301","67301","2001","02","1","2150","21","3","1","0","1","1","","","N","01","2","00","3","0","1","3","2","N","N","39 57:05.400","75 11:56.760","9999","","9999","","0","","N","","3 ","","","","","","","","","","2","0","0","0","0","0","1","0","0","0","1","0","1","0","0","0","0","0","0","0","0","0","0","0","0","0","0","0","0","0","0","0","0","0","0","3","0","39.9515","-75.1991","","CRASH_2001_Philadelphia"
"2001215670","06","67","67301","67301","2001","03","6","0800","08","3","1","0","7","5","","","N","00","0","00","3","0","1","1","1","N","N","40 00:34.560","75 03:50.400","9999","","9999","","0","","N","","0 ","","","","","","","","","","1","1","0","0","0","0","0","0","0","0","0","1","1","0","0","0","0","0","0","0","0","0","0","0","0","0","0","0","0","0","0","0","0","0","0","4","0","40.0097","-75.0638","","CRASH_2001_Philadelphia"
"2001243508","06","67","67301","67301","2001","04","7","0015","00","3","1","0","4","1","","","N","01","2","00","3","0","2","2","2","N","N","40 02:26.250","75 10:28.527","9999","","9999","","0","","N","","3 ","","","","","","","","","","2","2","0","0","0","0","0","0","0","0","1","1","2","0","0","0","0","0","0","0","0","0","0","0","0","0","0","0","0","0","0","0","0","0","0","3","0","40.0406","-75.1746","","CRASH_2001_Philadelphia"