"CRN","DISTRICT","COUNTY","MUNICIPALITY","POLICE_AGCY","CRASH_YEAR","CRASH_MONTH","DAY_OF_WEEK","TIME_OF_DAY","HOUR_OF_DAY","ILLUMINATION","WEATHER","ROAD_CONDITION","COLLISION_TYPE","RELATION_TO_ROAD","WORK_ZONE_TYPE","WORK_ZONE_LOC","WORK_ZONE_IND","INTERSECT_TYPE","TCD_TYPE","LOCATION_TYPE","URBAN_RURAL","FATAL_COUNT","INJURY_COUNT","PERSON_COUNT","TOTAL_UNITS","SCH_BUS_IND","SCH_ZONE_IND","LATITUDE","LONGITUDE","ARRIVAL_TM","CONS_ZONE_SPD_LIM","DISPATCH_TM","EST_HRS_CLOSED","LANE_CLOSED","LN_CLOSE_DIR","NTFY_HIWY_MAINT","SPEC_JURIS_CD","TCD_FUNC_CD","TFC_DETOUR_IND","WORKERS_PRES","WZ_CLOSE_DETOUR","WZ_FLAGGER","WZ_LAW_OFFCR_IND","WZ_LN_CLOSURE","WZ_MOVING","WZ_OTHER","WZ_SHLDER_MDN","VEHICLE_COUNT","AUTOMOBILE_COUNT","MOTORCYCLE_COUNT","BUS_COUNT","SMALL_TRUCK_COUNT","HEAVY_TRUCK_COUNT","SUV_COUNT","VAN_COUNT","BICYCLE_COUNT","MAJ_INJ_COUNT","MOD_INJ_COUNT","MIN_INJ_COUNT","TOT_INJ_COUNT","UNK_INJ_DEG_COUNT","UNK_INJ_PER_COUNT","DRIVER_COUNT_16YR","DRIVER_COUNT_17YR","DRIVER_COUNT_18YR","DRIVER_COUNT_19YR","DRIVER_COUNT_20YR","DRIVER_COUNT_50_64YR","DRIVER_COUNT_65_74YR","DRIVER_COUNT_75PLUS","UNBELTED_OCC_COUNT","UNB_DEATH_COUNT","UNB_MAJ_INJ_COUNT","BELTED_DEATH_COUNT","BELTED_MAJ_INJ_COUNT","MCYCLE_DEATH_COUNT","MCYCLE_MAJ_INJ_COUNT","BICYCLE_DEATH_COUNT","BICYCLE_MAJ_INJ_COUNT","PED_COUNT","PED_DEATH_COUNT","PED_MAJ_INJ_COUNT","MAX_SEVERITY_LEVEL","COMM_VEH_COUNT","DEC_LAT","DEC_LONG","RDWY_SURF_TYPE_CD","COUNTY_YEAR"
"2001207563","06","67","67301","67301","2001","01","4","0809","08","1","1","0","4","1","","","N","01","2","00","3","0","0","3","2","N","N","","","9999","","9999","","0","","N","","3 ","","","","","","","","","","2","1","0","0","0","0","1","0","0","0","0","0","0","0","0","0","0","0","0","0","1","0","0","0","0","0","0","0","0","0","0","0","0","0","0","0","0","","","","CRASH_2001_Philadelphia"
"2001213148","06","67","67301","67301","2001","02","6","1102","11","1","2","1","5","1","","","N","00","0","00","3","0","1","2","2","N","N","","","9999","","9999","","0","","N","","0 ","","","","","","","","","","1","0","0","0","0","0","0","1","1","0","0","1","1","0","0","0","0","0","0","0","0","0","0","0","0","0","0","0","0","0","0","0","0","0","0","4","0","","","","CRASH_2001_Philadelphia"
"2001239030","06","67","67301","67301","2001","04","7","0100","01","3","1","0","4","1","","","N","05","2","00","3","0","1","3","2","N","N","39 59:13.560","75 07:21.000","9999","","9999","","0","","N","","3 ","","","","","","","","","","2","2","0","0","0","0","0","0","0","0","0","1","1","0","0","0","0","1","0","1","0","0","0","0","0","0","0","0","0","0","0","0","0","0","0","4","0","39.9871","-75.1223","","CRASH_2001_Philadelphia"
"2001008705","06","67","67301","67301","2001","06","2","2040","20","3","1","0","7","5","","","N","00","0","00","3","0","1","1","1","N","N","40 00:55.159","75 10:12.227","2045","","2042","","9","","Y","","0 ","U","","","","","","","","","1","1","0","0","0","0","0","0","0","0","1","0","1","0","0","0","0","0","0","0","0","0","0","1","0","0","0","0","0","0","0","0","0","0","0","3","0","40.0152","-75.1699","","CRASH_2001_Philadelphia"
"2001019644","06","67","67301","67301","2001","06","5","2000","20","3","1","0","8","1","","","N","00","0","00","3","0","1","2","2","N","N","","","0730","","0718","","0","","N","","0 ","","","","","","","","","","1","0","1","0","0","0","0","0","0","0","1","0","1","0","1","0","0","0","0","0","0","0","0","0","0","0","0","0","0","0","0","0","1","0","0","3","0","","","","CRASH_2001_Philadelphia"
"2001211731","06","67","67301","67301","2001","02","2","1239","12","1","4","3","7","5","","","N","00","0","00","3","0","1","1","1","N","N","40 01:22.800","75 08:15.360","9999","","9999","","0","","N","","0 ","","","","","","","","","","1","1","0","0","0","0","0","0","0","0","1","0","1","0","0","0","0","0","0","0","0","0","0","0","0","0","0","0","0","0","0","0","0","0","0","3","0","40.023","-75.1371","","CRASH_2001_Philadelphia"
"2001008663","06","67","67301","67301","2001","05","3","1010","10","1","1","1","4","1","","","N","08","2","06","3","0","2","3","2","N","N","39 58:12.794","75 07:27.481","1015","","1010","","0","","N","","3 ","","","","","","","","","","2","2","0","0","0","0","0","0","0","0","1","1","2","0","0","0","0","0","0","0","0","1","0","0","0","0","0","0","0","0","0","0","0","0","0","3","0","39.9707","-75.124","","CRASH_2001_Philadelphia"
"2001207323","06","67","67301","67301","2001","01","7","1841","18","3","2","1","8","1","","","N","00","0","00","3","0","1","2","2","N","N","39 57:06.480","75 09:34.560","9999","","9999","","0","","N","","0 ","","","","","","","","","","1","1","0","0","0","0","0","0","0","0","1","0","1","0","0","0","0","0","0","0","0","0","0","0","0","0","0","0","0","0","0","0","1","0","0","3","0","39.9518","-75.1597","","CRASH_2001_Philadelphia"
"2001215681","06","67","67301","67301","2001","03","5","0716","07","1","1","0","1","1","","","N","00","0","00","3","0","2","2","2","N","N","39 55:42.960","75 11:48.120","9999","","9999","","0","","N","","0 ","","","","","","","","","","2","1","0","0","0","0","1","0","0","0","0","0","0","0","2","0","0","0","0","0","0","0","0","0","0","0","0","0","0","0","0","0","0","0","0","9","0","39.9288","-75.1969","","CRASH_2001_Philadelphia"
"2001223829","06","67","67301","67301","2001","03","2","1037","10","1","1","0","1","1","","","N","00","0","00","3","0","2","3","2","N","N","39 57:11.880","75 08:59.640","9999","","9999","","0","","N","","0 ","","","","","","","","","","2","2","0","0","0","0","0","0","0","0","1","0","1","0","1","0","0","0","0","0","0","0","0","0","0","0","0","0","0","0","0","0","0","0","0","3","0","39.9533","-75.1498","","CRASH_2001_Philadelphia"
"2001233086","06","67","67301","67301","2001","04","1","1557","15","1","1","0","4","1","","","N","01","2","00","3","0","1","2","2","N","N","","","9999","","9999","","0","","N","","3 ","","","","","","","","","","2","2","0","0","0","0","0","0","0","0","0","1","1","0","0","0","0","0","0","0","2","0","0","0","0","0","0","0","0","0","0","0","0","0","0","4","0","","","","CRASH_2001_Philadelphia"
"2001233316","06","67","67301","67301","2001","03","5","2042","20","3","1","0","4","1","","","N","01","2","00","3","0","0","2","2","N","N","39 54:14.400","75 14:25.080","9999","","9999","","0","","N","","3 ","","","","","","","","","","2","2","0","0","0","0","0","0","0","0","0","0","0","0","0","0","0","0","0","0","0","0","0","0","0","0","0","0","0","0","0","0","0","0","0","0","0","39.904","-75.2403","","CRASH_2001_Philadelphia"
"2001243523","06","67","67301","67301","2001","04","7","0450","04","3","1","0","9","1","","","N","00","0","00","3","0","0","1","2","N","N","40 04:01.200","75 10:42.240","9999","","9999","","0","","N","","0 ","","","","","","","","","","2","1","0","0","0","0","0","0","0","0","0","0","0","0","0","0","0","0","0","0","0","0","0","1","0","0","0","0","0","0","0","0","0","0","0","0","0","40.067","-75.1784","","CRASH_2001_Philadelphia"
"2001018239","06","67","67301","67301","2001","06","5","0028","00","3","2","0","1","1","","","N","06","0","08","3","0","0","2","2","N","N","39 56:42.720","75 11:24.720","0028","","0028","","0","","N","","0 ","","","","","","","","","","2","1","1","0","0","0","0","0","0","0","0","0","0","0","0","0","0","0","0","0","0","0","0","0","0","0","0","0","0","0","0","0","0","0","0","0","0","39.9452","-75.1902","","CRASH_2001_Philadelphia"
"2001210654","06","67","67301","67301","2001","02","4","1050","10","1","1","0","1","1","","","N","00","0","00","3","0","1","3","2","N","N","39 57:41.760","75 10:57.720","9999","","9999","","0","","N","","0 ","","","","","","","","","","2","1","0","0","0","0","1","0","0","0","0","1","1","0","0","0","0","0","0","0","1","0","0","3","0","0","0","0","0","0","0","0","0","0","0","4","0","39.9616","-75.1826","","CRASH_2001_Philadelphia"
"2001210887","06","67","67301","67301","2001","02","5","1700","17","1","1","0","7","2","","","N","00","0","00","3","0","2","2","1","N","N","40 03:14.040","74 59:09.960","9999","","9999","","0","","N","","0 ","","","","","","","","","","1","1","0","0","0","0","0","0","0","0","1","1","2","0","0","0","0","0","0","0","0","0","0","0","0","0","0","0","0","0","0","0","0","0","0","3","0","40.0539","-74.9861","","CRASH_2001_Philadelphia"
"2001233070","06","67","67301","67301","2001","04","4","1808","18","1","1","0","8","1","","","N","01","2","00","3","0","1","2","2","N","N","40 05:49.711","75 01:05.375","9999","","9999","","0","","N","","3 ","","","","","","","","","","1","0","0","0","1","0","0","0","0","0","1","0","1","0","0","0","0","0","0","0","0","0","0","0","0","0","0","0","0","0","0","0","1","0","0","3","0","40.0971","-75.0182","","CRASH_2001_Philadelphia"
"2001233161","06","67","67301","67301","2001","04","2","1652","16","1","1","0","4","1","","","N","01","2","00","3","0","0","3","2","N","N","39 57:16.560","75 10:22.800","9999","","9999","","0","","N","","3 ","","","","","","","","","","2","1","0","1","0","0","0","0","0","0","0","0","0","0","0","0","0","0","0","0","1","0","0","0","0","0","0","0","0","0","0","0","0","0","0","0","1","39.9546","-75.173","","CRASH_2001_Philadelphia"
"2001238249","06","67","67301","67301","2001","04","5","1400","14","1","1","0","1","1","","","N","01","2","00","3","0","1","2","2","N","N","40 03:47.160","75 09:42.840","9999","","9999","","0","","N","","3 ","","","","","","","","","","2","1","0","0","0","0","1","0","0","0","0","1","1","0","0","0","0","0","0","0","1","0","0","0","0","0","0","0","0","0","0","0","0","0","0","4","0","40.0632","-75.162","","CRASH_2001_Philadelphia"
"2001238960","06","67","67301","67301","2001","04","7","1845","18","1","1","0","4","1","","","N","01","2","00","3","0","1","3","2","N","N","","","9999","","9999","","0","","N","","3 ","","","","","","","","","","2","2","0","0","0","0","0","0","0","0","0","0","0","0","1","0","0","0","0","0","0","1","0","0","0","0","0","0","0","0","0","0","0","0","0","9","0","","","","CRASH_2001_Philadelphia"
"2001204120","06","67","67301","67301","2001","01","4","1732","17","3","1","0","8","1","","","N","01","2","00","3","0","1","2","2","N","N","40 03:08.460","75 09:27.889","9999","","9999","","0","","N","","3 ","","","","","","","","","","1","1","0","0","0","0","0","0","0","0","1","0","1","0","0","0","0","0","0","0","0","0","0","0","0","0","0","0","0","0","0","0","1","0","0","3","0","40.0524","-75.1577","","CRASH_2001_Philadelphia"
"2001204139","06","67","67301","67301","2001","01","2","1435","14","1","2","1","8","1","","","N","01","9","00","3","0","1","2","2","N","N","40 01:10.200","75 10:28.560","9999","","9999","","0","","N","","9 ","","","","","","","","","","1","0","0","0","0","0","1","0","0","0","0","1","1","0","0","0","0","0","0","0","0","0","0","0","0","0","0","0","0","0","0","0","1","0","0","4","0","40.0195","-75.1746","","CRASH_2001_Philadelphia"
"2001206153","06","67","67301","67301","2001","01","5","1725","17","3","1","0","4","1","","","N","02","0","07","3","0","2","4","2","N","N","39 58:19.920","75 14:57.840","9999","","9999","","0","","N","","0 ","","","","","","","","","","2","2","0","0","0","0","0","0","0","0","0","2","2","0","0","0","0","0","0","0","0","0","0","0","0","0","0","0","0","0","0","0","0","0","0","4","0","39.9723","-75.2494","","CRASH_2001_Philadelphia"
"2001207558","06","67","67301","67301","2001","01","1","1550","15","1","1","9","8","1","","","N","01","2","00","3","0","1","2","2","N","N","40 01:36.480","75 07:02.280","9999","","9999","","0","","N","","3 ","","","","","","","","","","1","0","0","0","0","0","0","0","0","0","1","0","1","0","0","0","0","0","0","0","0","0","0","0","0","0","0","0","0","0","0","0","1","0","0","3","0","40.0268","-75.117","","CRASH_2001_Philadelphia"
"2001209167","06","67","67301","67301","2001","01","1","0300","03","3","1","0","9","1","","","N","00","0","00","3","0","0","1","2","N","N","","","9999","","9999","","0","","N","","0 ","","","","","","","","","","2","0","0","0","0","0","0","0","0","0","0","0","0","0","0","0","0","0","0","0","0","0","0","0","0","0","0","0","0","0","0","0","0","0","0","0","0","","","","CRASH_2001_Philadelphia"
"2001233198","06","67","67301","67301","2001","04","3","1600","16","1","1","0","1","1","","","N","00","0","00","3","0","3","4","3","N","N","40 03:48.960","75 00:34.200","9999","","9999","","0","","N","","0 ","","","","","","","","","","3","2","0","0","0","0","0","1","0","0","0","3","3","0","0","0","0","0","0","0","0","0","0","0","0","0","0","0","0","0","0","0","0","0","0","4","0","40.0635","-75.0095","","CRASH_2001_Philadelphia"
"2001233293","06","67","67301","67301","2001","03","7","0817","08","1","2","1","5","1","","","N","01","2","00","3","0","1","2","2","N","N","39 57:34.200","75 13:59.520","9999","","9999","","0","","N","","3 ","","","","","","","","","","2","2","0","0","0","0","0","0","0","0","0","0","0","0","1","0","0","0","0","0","0","0","0","0","0","0","0","0","0","0","0","0","0","0","0","9","0","39.9595","-75.2332","","CRASH_2001_Philadelphia"
"2001205951","06","67","67301","67301","2001","01","2","0133","01","3","1","1","4","1","","","N","01","3","00","3","0","2","4","4","N","N","","","9999","","9999","","0","","N","","3 ","","","","","","","","","","4","2","0","0","0","0","0","0","0","0","0","2","2","0","0","0","0","0","0","0","0","0","0","0","0","0","0","0","0","0","0","0","0","0","0","4","0","","","","CRASH_2001_Philadelphia"
"2001206188","06","67","67301","67301","2001","01","1","1545","15","1","1","1","1","1","","","N","01","2","00","3","0","1","3","2","N","N","39 59:08.880","75 12:56.520","9999","","9999","","0","","N","","3 ","","","","","","","","","","2","1","0","0","0","0","0","1","0","0","0","1","1","0","0","0","0","0","0","0","1","0","0","0","0","0","0","0","0","0","0","0","0","0","0","4","0","39.9858","-75.2156","","CRASH_2001_Philadelphia"
"2001211714","06","67","67301","67301","2001","02","4","1215","12","1","1","0","1","1","","","N","00","0","00","3","0","1","1","2","N","N","39 59:05.280","75 07:13.080","9999","","9999","","0","","N","","0 ","","","","","","","","","","2","1","0","0","0","1","0","0","0","0","0","1","1","0","0","0","0","0","0","0","0","0","0","0","0","0","0","0","0","0","0","0","0","0","0","4","1","39.9847","-75.1202","","CRASH_2001_Philadelphia"
"2001238380","06","67","67301","67301","2001","04","1","1142","11","1","2","1","4","1","","","N","01","9","00","3","0","0","3","2","N","N","39 56:13.200","75 13:26.400","9999","","9999","","0","","N","","9 ","","","","","","","","","","2","2","0","0","0","0","0","0","0","0","0","0","0","0","0","0","0","0","0","0","0","0","0","0","0","0","0","0","0","0","0","0","0","0","0","0","0","39.937","-75.224","","CRASH_2001_Philadelphia"
"2001214257","06","67","67301","67301","2001","02","7","1336","13","1","1","0","8","1","","","N","00","0","00","3","0","1","2","2","N","N","40 03:36.360","75 05:06.720","9999","","9999","","0","","N","","0 ","","","","","","","","","","1","1","0","0","0","0","0","0","0","0","1","0","1","0","0","0","0","0","0","0","1","0","0","0","0","0","0","0","0","0","0","0","1","0","0","3","0","40.0601","-75.0852","","CRASH_2001_Philadelphia"
"2001214275","06","67","67301","67301","2001","02","3","1223","12","1","1","0","4","1","","","N","01","3","00","3","0","0","2","2","N","N","","","9999","","9999","","0","","N","","3 ","","","","","","","","","","2","2","0","0","0","0","0","0","0","0","0","0","0","0","0","0","0","0","0","0","1","0","0","0","0","0","0","0","0","0","0","0","0","0","0","0","0","","","","CRASH_2001_Philadelphia"
"2001243692","06","67","67301","67301","2001","03","3","0927","09","1","1","0","1","1","","","N","01","2","02","3","0","2","5","2","N","N","39 57:23.400","75 09:05.040","9999","","9999","","0","","N","","3 ","","","","","","","","","","2","1","0","0","0","0","0","1","0","0","0","2","2","0","0","0","0","0","0","0","2","0","0","0","0","0","0","0","0","0","0","0","0","0","0","4","0","39.9565","-75.1514","","CRASH_2001_Philadelphia"
"2001243715","06","67","67301","67301","2001","05","7","2000","20","3","1","0","1","1","","","N","00","0","00","3","0","1","2","2","N","N","39 57:05.400","75 09:49.680","9999","","9999","","0","","N","","0 ","","","","","","","","","","2","2","0","0","0","0","0","0","0","0","0","1","1","0","0","0","0","0","0","0","0","0","0","1","0","0","0","0","0","0","0","0","0","0","0","4","0","39.9515","-75.1638","","CRASH_2001_Philadelphia"
"2001019638","06","67","67301","67301","2001","06","2","0049","00","3","1","0","1","1","","","N","01","2","00","3","0","1","5","2","N","N","39 56:57.442","75 09:51.314","0051","","0050","","0","","N","","3 ","","","","","","","","","","1","1","0","0","0","0","0","0","1","0","1","0","1","0","0","0","0","0","0","0","0","0","0","4","0","0","0","0","0","0","0","0","0","0","0","3","0","39.9493","-75.1643","","CRASH_2001_Philadelphia"
"2001204635","06","67","67301","67301","2001","01","6","0715","07","1","1","0","7","1","","","N","00","0","00","3","0","1","1","1","N","N","40 03:18.360","74 59:06.000","9999","","9999","","0","","N","","0 ","","","","","","","","","","1","1","0","0","0","0","0","0","0","0","0","1","1","0","0","0","0","1","0","0","0","0","0","0","0","0","0","0","0","0","0","0","0","0","0","4","0","40.0552","-74.9849","","CRASH_2001_Philadelphia"
"2001206158","06","67","67301","67301","2001","01","2","0026","00","3","2","1","7","5","","","N","00","0","00","3","0","0","1","1","N","N","39 59:59.280","75 11:26.520","9999","","9999","","0","","N","","0 ","","","","","","","","","","1","1","0","0","0","0","0","0","0","0","0","0","0","0","0","0","0","0","0","0","0","0","0","0","0","0","0","0","0","0","0","0","0","0","0","0","0","39.9995","-75.1906","","CRASH_2001_Philadelphia"
"2001204604","06","67","67301","67301","2001","01","1","2220","22","3","1","0","4","1","","","N","01","2","00","3","0","1","3","2","N","N","39 58:17.400","75 13:33.240","9999","","9999","","0","","N","","3 ","","","","","","","","","","2","2","0","0","0","0","0","0","0","0","0","1","1","0","0","0","0","0","0","0","0","0","0","2","0","0","0","0","0","0","0","0","0","0","0","4","0","39.9715","-75.2259","","CRASH_2001_Philadelphia"
"2001210698","06","67","67301","67301","2001","02","2","1709","17","1","1","0","8","1","","","N","00","0","00","3","0","1","2","2","N","N","39 57:02.880","75 10:35.400","9999","","9999","","0","","N","","0 ","","","","","","","","","","1","1","0","0","0","0","0","0","0","0","0","1","1","0","0","0","0","0","0","0","0","0","0","0","0","0","0","0","0","0","0","0","1","0","0","4","0","39.9509","-75.1765","","CRASH_2001_Philadelphia"
"2001231136","06","67","67301","67301","2001","03","6","2225","22","3","2","1","4","1","","","N","01","3","00","3","0","1","3","2","N","N","39 59:31.560","75 08:29.760","9999","","9999","","0","","N","","3 ","","","","","","","","","","2","2","0","0","0","0","0","0","0","0","0","1","1","0","0","0","0","0","0","0","0","0","0","3","0","0","0","0","0","0","0","0","0","0","0","4","0","39.9921","-75.1416","","CRASH_2001_Philadelphia"
"2001233260","06","67","67301","67301","2001","04","1","2250","22","3","1","0","4","1","","","N","01","2","00","3","0","1","2","2","N","N","40 05:40.560","75 00:54.000","9999","","9999","","0","","N","","3 ","","","","","","","","","","2","2","0","0","0","0","0","0","0","0","0","1","1","0","0","0","0","0","0","1","0","0","0","0","0","0","0","0","0","0","0","0","0","0","0","4","0","40.0948","-75.0153","","CRASH_2001_Philadelphia"
"2001233444","06","67","67301","67301","2001","03","5","1156","11","1","1","0","6","1","","","N","01","2","00","3","0","2","2","2","N","N","39 56:25.080","75 12:04.320","9999","","9999","","0","","N","","3 ","","","","","","","","","","2","2","0","0","0","0","0","0","0","0","0","0","0","0","2","0","0","0","1","0","0","0","0","1","0","0","0","0","0","0","0","0","0","0","0","9","0","39.9402","-75.2012","","CRASH_2001_Philadelphia"
"2001008619","06","67","67301","67301","2001","06","3","0231","02","3","1","0","1","1","","","N","01","2","00","3","0","1","2","2","N","N","40 00:46.169","75 07:10.170","0235","","0231","","0","","N","","3 ","","","","","","","","","","2","1","1","0","0","0","0","0","0","0","0","1","1","0","0","0","0","0","0","0","0","0","0","0","0","0","0","0","0","0","0","0","0","0","0","4","0","40.013","-75.1194","","CRASH_2001_Philadelphia"
"2001206006","06","67","67301","67301","2001","01","6","1445","14","1","1","0","1","1","","","N","01","3","00","3","0","0","2","2","N","N","","","9999","","9999","","0","","N","","3 ","","","","","","","","","","2","0","0","0","0","0","0","2","0","0","0","0","0","0","0","0","0","0","0","0","1","1","0","0","0","0","0","0","0","0","0","0","0","0","0","0","0","","","","CRASH_2001_Philadelphia"
"2001206246","06","67","67301","67301","2001","01","7","0318","03","3","2","1","1","1","","","N","00","0","00","3","0","0","3","2","N","N","39 55:39.000","75 11:44.520","9999","","9999","","0","","N","","0 ","","","","","","","","","","2","2","0","0","0","0","0","0","0","0","0","0","0","0","0","0","0","0","0","0","0","0","0","0","0","0","0","0","0","0","0","0","0","0","0","0","0","39.9278","-75.1959","","CRASH_2001_Philadelphia"
"2001213143","06","67","67301","67301","2001","02","1","0003","00","3","1","0","1","1","","","N","01","2","00","3","0","1","2","2","N","N","","","9999","","9999","","0","","N","","3 ","","","","","","","","","","2","1","0","0","0","0","0","0","0","0","0","1","1","0","0","0","0","0","0","0","0","0","0","0","0","0","0","0","0","0","0","0","0","0","0","4","0","","","","CRASH_2001_Philadelphia"
"2001214250","06","67","67301","67301","2001","02","7","0139","01","3","1","0","7","1","","","N","00","0","00","3","0","1","1","1","N","N","40 02:42.360","75 00:06.840","9999","","9999","","0","","N","","0 ","","","","","","","","","","1","1","0","0","0","0","0","0","0","0","0","0","0","0","1","0","0","0","0","0","0","0","0","0","0","0","0","0","0","0","0","0","0","0","0","9","0","40.045","-75.0021","","CRASH_2001_Philadelphia"
"2001233138","06","67","67301","67301","2001","04","5","1250","12","1","1","0","1","1","","","N","00","0","00","3","0","1","2","2","N","N","39 56:55.320","75 09:32.760","9999","","9999","","0","","N","","0 ","","","","","","","","","","2","2","0","0","0","0","0","0","0","0","1","0","1","0","0","0","0","0","0","0","1","0","0","0","0","0","0","0","0","0","0","0","0","0","0","3","0","39.9487","-75.1591","","CRASH_2001_Philadelphia"
"2001207455","06","67","67301","67301","2001","01","2","1050","10","1","1","0","1","1","","","N","00","0","00","3","0","2","4","2","N","N","39 59:03.120","75 11:16.800","9999","","9999","","0","","N","","0 ","","","","","","","","","","2","2","0","0","0","0","0","0","0","0","1","0","1","0","1","0","0","0","0","0","0","0","0","0","0","0","0","0","0","0","0","0","0","0","0","3","0","39.9843","-75.188","","CRASH_2001_Philadelphia"
"2001207628","06","67","67301","67301","2001","01","4","1132","11","1","1","0","4","1","","","N","01","2","00","3","0","2","2","2","N","N","40 02:37.165","75 08:59.326","9999","","9999","","0","","N","","3 ","","","","","","","","","","2","1","0","0","1","0","0","0","0","0","0","2","2","0","0","0","0","0","0","0","0","0","0","0","0","0","0","0","0","0","0","0","0","0","0","4","0","40.0437","-75.1498","","CRASH_2001_Philadelphia"
"2001233508","06","67","67301","67301","2001","04","1","1455","14","1","1","0","5","1","","","N","01","3","00","3","0","2","3","2","N","N","40 03:18.147","74 59:55.409","9999","","9999","","0","","N","","3 ","","","","","","","","","","2","2","0","0","0","0","0","0","0","0","0","0","0","0","2","0","0","0","0","0","0","0","1","0","0","0","0","0","0","0","0","0","0","0","0","9","0","40.055","-74.9987","","CRASH_2001_Philadelphia"
"2001243469","06","67","67301","67301","2001","04","7","0120","01","3","1","0","8","1","","","N","00","0","00","3","0","1","2","2","N","N","39 58:54.120","75 10:26.400","9999","","9999","","0","","N","","0 ","","","","","","","","","","1","0","0","0","0","0","0","0","0","1","0","0","1","0","0","0","0","0","0","0","0","0","0","0","0","0","0","0","0","0","0","0","1","0","1","2","0","39.9817","-75.174","","CRASH_2001_Philadelphia"
"2001007093","06","67","67301","67301","2001","06","2","0900","09","1","1","0","8","9","","","N","05","2","00","3","0","1","2","2","N","N","39 58:11.000","75 14:21.300","1930","","1928","","0","","N","","9 ","","","","","","","","","","1","0","0","0","0","0","0","0","0","0","0","1","1","0","0","0","0","0","0","0","0","0","0","0","0","0","0","0","0","0","0","0","1","0","0","4","0","39.9699","-75.2392","","CRASH_2001_Philadelphia"
"2001018192","06","67","67301","67301","2001","06","6","1600","16","1","2","1","1","1","","","N","01","2","00","3","0","1","2","2","N","Y","40 01:00.159","75 04:00.449","1616","","1611","","0","","N","","3 ","","","","","","","","","","2","2","0","0","0","0","0","0","0","0","0","1","1","0","0","0","0","0","0","0","0","0","0","0","0","0","0","0","0","0","0","0","0","0","0","4","0","40.0167","-75.0668","","CRASH_2001_Philadelphia"
"2001209664","06","67","67301","67301","2001","01","1","0310","03","3","1","0","4","1","","","N","01","2","00","3","0","1","6","3","N","N","39 57:38.160","75 08:28.320","9999","","9999","","0","","N","","3 ","","","","","","","","","","3","2","0","0","0","0","1","0","0","0","0","1","1","0","0","0","0","0","0","0","0","0","0","0","0","0","0","0","0","0","0","0","0","0","0","4","0","39.9606","-75.1414","","CRASH_2001_Philadelphia"
"2001210774","06","67","67301","67301","2001","02","1","1759","17","3","1","0","4","1","","","N","01","2","00","3","0","1","4","2","N","N","40 01:28.513","75 07:23.473","9999","","9999","","0","","N","","3 ","","","","","","","","","","2","2","0","0","0","0","0","0","0","0","0","1","1","0","0","0","0","1","0","0","0","0","0","0","0","0","0","0","0","0","0","0","0","0","0","4","0","40.0246","-75.1232","","CRASH_2001_Philadelphia"
"2001214304","06","67","67301","67301","2001","02","6","1233","12","1","2","1","1","1","","","N","00","0","00","3","0","0","2","2","N","N","","","9999","","9999","","0","","N","","0 ","","","","","","","","","","2","2","0","0","0","0","0","0","0","0","0","0","0","0","0","0","0","0","0","0","0","0","0","0","0","0","0","0","0","0","0","0","0","0","0","0","0","","","","CRASH_2001_Philadelphia"
"2001214559","06","67","67301","67301","2001","01","7","1127","11","1","1","0","4","1","","","N","03","0","00","3","0","2","2","2","N","N","40 00:01.828","75 05:47.284","9999","","9999","","0","","N","","0 ","","","","","","","","","","2","0","0","0","0","0","2","0","0","0","2","0","2","0","0","0","0","0","0","0","1","0","0","0","0","0","0","0","0","0","0","0","0","0","0","3","0","40.0005","-75.0965","","CRASH_2001_Philadelphia"
"2001215755","06","67","67301","67301","2001","02","3","1720","17","1","1","0","4","1","","","N","03","0","01","3","0","1","2","2","N","N","39 57:22.401","75 10:58.697","9999","","9999","","0","","N","","0 ","","","","","","","","","","2","1","0","0","0","0","0","1","0","0","0","1","1","0","0","0","0","0","0","0","2","0","0","0","0","0","0","0","0","0","0","0","0","0","0","4","0","39.9562","-75.183","","CRASH_2001_Philadelphia"
"2001233344","06","67","67301","67301","2001","03","7","1715","17","1","1","0","8","1","","","N","00","0","00","3","0","2","2","2","N","N","","","9999","","9999","","0","","N","","0 ","","","","","","","","","","1","0","0","0","0","0","0","0","0","0","0","1","1","0","1","0","0","0","0","0","0","0","0","0","0","0","0","0","0","0","0","0","1","0","0","4","0","","","","CRASH_2001_Philadelphia"
"2001213208","06","67","67301","67301","2001","02","4","0123","01","3","1","0","7","1","","","N","00","0","00","3","0","1","1","1","N","N","39 57:45.720","75 11:00.600","9999","","9999","","0","","N","","0 ","","","","","","","","","","1","0","0","0","0","0","1","0","0","0","0","0","0","0","1","0","0","0","0","0","0","0","0","0","0","0","0","0","0","0","0","0","0","0","0","9","0","39.9627","-75.1834","","CRASH_2001_Philadelphia"
"2001233093","06","67","67301","67301","2001","04","4","0225","02","3","1","0","9","1","","","N","00","0","00","3","0","0","1","5","N","N","40 01:26.400","75 06:37.440","9999","","9999","","0","","N","","0 ","","","","","","","","","","5","0","0","0","0","0","1","0","0","0","0","0","0","0","0","0","0","0","0","0","0","0","0","0","0","0","0","0","0","0","0","0","0","0","0","0","0","40.0241","-75.1104","","CRASH_2001_Philadelphia"
"2001233150","06","67","67301","67301","2001","04","4","1305","13","1","1","0","8","1","","","N","01","2","00","3","0","4","4","3","N","N","39 59:29.040","75 08:10.680","9999","","9999","","0","","N","","3 ","","","","","","","","","","2","2","0","0","0","0","0","0","0","0","0","0","0","0","4","0","0","0","0","0","0","0","0","0","0","0","0","0","0","0","0","0","1","0","0","9","0","39.9914","-75.1363","","CRASH_2001_Philadelphia"