"CRN","DISTRICT","COUNTY","MUNICIPALITY","POLICE_AGCY","CRASH_YEAR","CRASH_MONTH","DAY_OF_WEEK","TIME_OF_DAY","HOUR_OF_DAY","ILLUMINATION","WEATHER","ROAD_CONDITION","COLLISION_TYPE","RELATION_TO_ROAD","WORK_ZONE_TYPE","WORK_ZONE_LOC","WORK_ZONE_IND","INTERSECT_TYPE","TCD_TYPE","LOCATION_TYPE","URBAN_RURAL","FATAL_COUNT","INJURY_COUNT","PERSON_COUNT","TOTAL_UNITS","SCH_BUS_IND","SCH_ZONE_IND","LATITUDE","LONGITUDE","ARRIVAL_TM","CONS_ZONE_SPD_LIM","DISPATCH_TM","EST_HRS_CLOSED","LANE_CLOSED","LN_CLOSE_DIR","NTFY_HIWY_MAINT","SPEC_JURIS_CD","TCD_FUNC_CD","TFC_DETOUR_IND","WORKERS_PRES","WZ_CLOSE_DETOUR","WZ_FLAGGER","WZ_LAW_OFFCR_IND","WZ_LN_CLOSURE","WZ_MOVING","WZ_OTHER","WZ_SHLDER_MDN","VEHICLE_COUNT","AUTOMOBILE_COUNT","MOTORCYCLE_COUNT","BUS_COUNT","SMALL_TRUCK_COUNT","HEAVY_TRUCK_COUNT","SUV_COUNT","VAN_COUNT","BICYCLE_COUNT","MAJ_INJ_COUNT","MOD_INJ_COUNT","MIN_INJ_COUNT","TOT_INJ_COUNT","UNK_INJ_DEG_COUNT","UNK_INJ_PER_COUNT","DRIVER_COUNT_16YR","DRIVER_COUNT_17YR","DRIVER_COUNT_18YR","DRIVER_COUNT_19YR","DRIVER_COUNT_20YR","DRIVER_COUNT_50_64YR","DRIVER_COUNT_65_74YR","DRIVER_COUNT_75PLUS","UNBELTED_OCC_COUNT","UNB_DEATH_COUNT","UNB_MAJ_INJ_COUNT","BELTED_DEATH_COUNT","BELTED_MAJ_INJ_COUNT","MCYCLE_DEATH_COUNT","MCYCLE_MAJ_INJ_COUNT","BICYCLE_DEATH_COUNT","BICYCLE_MAJ_INJ_COUNT","PED_COUNT","PED_DEATH_COUNT","PED_MAJ_INJ_COUNT","MAX_SEVERITY_LEVEL","COMM_VEH_COUNT","DEC_LAT","DEC_LONG","RDWY_SURF_TYPE_CD","COUNTY_YEAR"
"2001238385","06","67","67301","67301","2001","04","7","0103","01","3","1","0","7","2","","","N","01","9","00","3","0","1","1","1","N","N","40 04:57.327","74 57:57.675","9999","","9999","","0","","N","","9 ","","","","","","","","","","1","1","0","0","0","0","0","0","0","1","0","0","1","0","0","0","0","0","0","0","0","0","0","0","0","0","0","0","0","0","0","0","0","0","0","2","0","40.0826","-74.966","","CRASH_2001_Philadelphia"
"2001240075","06","67","67301","67301","2001","04","5","2247","22","3","1","0","4","1","","","N","01","3","00","3","0","1","2","2","N","N","","","9999","","9999","","0","","N","","3 ","","","","","","","","","","2","1","0","0","1","0","0","0","0","0","0","0","0","0","1","0","0","0","0","0","0","0","0","0","0","0","0","0","0","0","0","0","0","0","0","9","0","","","","CRASH_2001_Philadelphia"
"2001006936","06","67","67301","67301","2001","05","4","2033","20","3","1","0","4","1","","","N","01","2","00","3","0","1","2","2","N","N","40 02:05.640","75 04:09.840","2036","","2033","","0","","N","","3 ","","","","","","","","","","2","2","0","0","0","0","0","0","0","0","0","1","1","0","0","0","0","0","0","0","0","0","0","2","0","0","0","0","0","0","0","0","0","0","0","4","0","40.0349","-75.0694","","CRASH_2001_Philadelphia"
"2001007039","06","67","67301","67301","2001","05","4","1615","16","1","1","0","1","1","","","N","00","0","00","3","0","1","4","3","N","N","39 59:21.699","75 15:04.850","1620","","1646","","0","","N","","0 ","","","","","","","","","","3","2","0","0","1","0","0","0","0","0","0","1","1","0","0","0","0","0","0","0","1","0","0","1","0","0","0","0","0","0","0","0","0","0","0","4","0","39.9895","-75.2514","","CRASH_2001_Philadelphia"
"2001007202","06","67","67301","67301","2001","06","1","1400","14","1","1","0","4","1","","","N","01","2","00","3","0","1","7","2","N","N","40 05:36.240","74 58:48.000","1435","","1421","","0","","N","","3 ","","","","","","","","","","2","2","0","0","0","0","0","0","0","0","0","1","1","0","0","0","0","0","0","0","1","0","0","0","0","0","0","0","0","0","0","0","0","0","0","4","0","40.0934","-74.98","","CRASH_2001_Philadelphia"
"2001007292","06","67","67301","67301","2001","06","4","1900","19","1","1","0","6","1","","","N","00","0","00","3","0","0","2","3","N","N","","","1225","","1200","3","9","4","N","","0 ","N","","","","","","","","","3","3","0","0","0","0","0","0","0","0","0","0","0","0","1","0","0","0","0","0","0","0","0","0","0","0","0","0","0","0","0","0","0","0","0","9","0","","","","CRASH_2001_Philadelphia"
"2001208961","06","67","67301","67301","2001","01","6","2130","21","3","2","1","4","1","","","N","01","2","00","3","0","1","2","2","N","N","","","9999","","9999","","0","","N","","3 ","","","","","","","","","","2","2","0","0","0","0","0","0","0","0","0","1","1","0","0","0","0","0","0","0","0","0","0","0","0","0","0","0","0","0","0","0","0","0","0","4","0","","","","CRASH_2001_Philadelphia"
"2001214281","06","67","67301","67301","2001","02","5","1440","14","1","4","3","1","1","","","N","00","0","00","3","0","1","2","2","N","N","40 01:23.520","75 08:13.920","9999","","9999","","0","","N","","0 ","","","","","","","","","","2","1","0","0","0","0","0","0","0","0","0","1","1","0","0","0","0","0","0","0","0","0","0","0","0","0","0","0","0","0","0","0","0","0","0","4","0","40.0229","-75.1371","","CRASH_2001_Philadelphia"
"2001223905","06","67","67301","67301","2001","03","3","1955","19","3","1","0","4","1","","","N","00","2","07","3","0","1","2","2","N","N","","","9999","","9999","","0","","N","","3 ","","","","","","","","","","2","2","0","0","0","0","0","0","0","0","0","1","1","0","0","0","0","0","0","0","0","0","0","0","0","0","0","0","0","0","0","0","0","0","0","4","0","","","","CRASH_2001_Philadelphia"
"2001233243","06","67","67301","67301","2001","04","2","0513","05","3","1","0","4","1","","","N","01","2","00","3","0","2","2","2","N","N","40 02:21.480","75 04:38.640","9999","","9999","","0","","N","","3 ","","","","","","","","","","2","2","0","0","0","0","0","0","0","0","1","1","2","0","0","0","0","0","0","0","0","0","0","0","0","0","0","0","0","0","0","0","0","0","0","3","0","40.0395","-75.0774","","CRASH_2001_Philadelphia"
"2001238257","06","67","67301","67301","2001","04","2","0652","06","1","6","1","4","1","","","N","01","2","00","3","0","4","5","2","N","N","","","9999","","9999","","0","","N","","3 ","","","","","","","","","","2","2","0","0","0","0","0","0","0","0","0","0","0","0","4","0","0","0","0","0","0","0","0","0","0","0","0","0","0","0","0","0","0","0","0","9","0","","","","CRASH_2001_Philadelphia"
"2001238919","06","67","67301","67301","2001","04","1","0715","07","1","1","0","9","1","","","N","00","0","00","3","0","0","1","4","N","N","","","9999","","9999","","0","","N","","0 ","","","","","","","","","","4","1","0","0","0","0","0","0","0","0","0","0","0","0","0","0","0","1","0","0","0","0","0","0","0","0","0","0","0","0","0","0","0","0","0","0","0","","","","CRASH_2001_Philadelphia"
"2001200544","06","67","67301","67301","2001","01","4","1503","15","1","1","0","8","1","","","N","00","0","00","3","0","1","2","2","N","N","","","9999","","9999","","0","","N","","0 ","","","","","","","","","","1","1","0","0","0","0","0","0","0","0","0","1","1","0","0","0","1","0","0","0","0","0","0","0","0","0","0","0","0","0","0","0","1","0","0","4","0","","","","CRASH_2001_Philadelphia"
"2001214323","06","67","67301","67301","2001","02","2","0740","07","1","1","0","4","1","","","N","01","2","00","3","0","2","2","2","N","N","39 58:12.720","75 08:47.400","9999","","9999","","0","","N","","3 ","","","","","","","","","","2","2","0","0","0","0","0","0","0","0","0","2","2","0","0","0","0","0","0","0","0","0","0","0","0","0","0","0","0","0","0","0","0","0","0","4","0","39.9703","-75.1466","","CRASH_2001_Philadelphia"
"2001214587","06","67","67301","67301","2001","02","1","2227","22","3","1","1","4","1","","","N","00","0","07","3","0","1","7","3","N","N","","","9999","","9999","","0","","N","","0 ","","","","","","","","","","3","1","0","0","1","0","0","0","0","0","0","1","1","0","0","0","0","0","1","0","0","0","0","0","0","0","0","0","0","0","0","0","0","0","0","4","0","","","","CRASH_2001_Philadelphia"
"2001234141","06","67","67301","67501","2001","04","1","1128","11","1","1","0","7","1","","","N","00","0","05","3","0","0","1","1","N","N","","","9999","","9999","","0","","N","","0 ","","","","","","","","","","1","0","1","0","0","0","0","0","0","0","0","0","0","0","0","0","0","0","0","0","0","0","0","0","0","0","0","0","0","0","0","0","0","0","0","0","0","","","","CRASH_2001_Philadelphia"
"2001240306","06","67","67301","67301","2001","04","6","2223","22","3","1","0","1","1","","","N","00","0","00","3","0","0","5","2","N","N","39 57:20.880","75 12:56.520","9999","","9999","","0","","N","","0 ","","","","","","","","","","2","1","0","0","0","0","0","1","0","0","0","0","0","0","0","0","0","0","0","0","1","0","0","5","0","0","0","0","0","0","0","0","0","0","0","0","0","39.9557","-75.2157","","CRASH_2001_Philadelphia"
"2001243069","06","67","67301","67301","2001","05","1","1940","19","1","1","0","9","1","","","N","00","0","00","3","0","1","1","2","N","N","39 57:23.760","75 14:53.160","9999","","9999","","0","","N","","0 ","","","","","","","","","","2","1","0","0","0","0","0","0","0","0","1","0","1","0","0","0","0","0","0","0","0","0","0","0","0","0","0","0","0","0","0","0","0","0","0","3","0","39.9566","-75.248","","CRASH_2001_Philadelphia"
"2001007303","06","67","67301","67301","2001","05","1","0735","07","1","1","0","8","1","","","N","00","2","00","3","0","1","2","2","N","N","39 56:44.824","75 14:24.499","0800","","0759","","0","","N","","3 ","","","","","","","","","","1","1","0","0","0","0","0","0","0","0","0","1","1","0","0","0","0","0","0","0","0","1","0","0","0","0","0","0","0","0","0","0","1","0","0","4","0","39.9458","-75.2405","","CRASH_2001_Philadelphia"
"2001015114","06","67","67301","67301","2001","06","3","0700","07","1","1","0","8","1","","","N","01","2","00","3","0","1","2","2","N","N","39 55:31.664","75 10:10.182","0800","","0800","","0","","N","","3 ","","","","","","","","","","1","1","0","0","0","0","0","0","0","0","0","1","1","0","0","0","0","0","0","0","0","0","0","0","0","0","0","0","0","0","0","0","1","0","0","4","0","39.9213","-75.1938","","CRASH_2001_Philadelphia"
"2001204550","06","67","67301","67301","2001","01","6","1001","10","1","1","0","4","1","","","N","01","2","00","3","0","1","4","3","N","N","40 02:57.480","75 04:04.440","9999","","9999","","0","","N","","3 ","","","","","","","","","","3","3","0","0","0","0","0","0","0","0","0","1","1","0","0","0","0","0","0","0","0","1","1","0","0","0","0","0","0","0","0","0","0","0","0","4","0","40.0493","-75.0679","","CRASH_2001_Philadelphia"
"2001210580","06","67","67301","67301","2001","01","1","1705","17","1","1","0","4","1","","","N","01","2","00","3","0","4","4","2","N","N","40 02:08.520","75 11:36.960","9999","","9999","","0","","N","","3 ","","","","","","","","","","2","1","0","0","0","0","0","1","0","0","2","2","4","0","0","0","0","0","0","0","0","0","0","0","0","0","0","0","0","0","0","0","0","0","0","3","0","40.0357","-75.1936","","CRASH_2001_Philadelphia"
"2001215717","06","67","67301","67301","2001","02","3","1228","12","1","1","0","9","1","","","N","00","0","00","3","0","4","5","2","N","N","40 02:29.040","75 08:39.120","9999","","9999","","0","","N","","0 ","","","","","","","","","","2","1","0","0","0","0","0","0","0","0","0","3","3","0","1","0","0","0","0","0","0","0","0","0","0","0","0","0","0","0","0","0","0","0","0","4","0","40.0413","-75.1441","","CRASH_2001_Philadelphia"
"2001243509","06","67","67301","67301","2001","04","3","2135","21","3","1","0","4","1","","","N","01","3","00","3","0","5","5","2","N","N","40 02:49.812","75 10:45.299","9999","","9999","","0","","N","","3 ","","","","","","","","","","2","1","0","0","0","0","0","1","0","0","0","0","0","0","5","0","0","0","0","0","0","0","0","0","0","0","0","0","0","0","0","0","0","0","0","9","0","40.0472","-75.1792","","CRASH_2001_Philadelphia"
"2001248737","06","67","67301","67301","2001","05","6","2300","23","3","1","0","8","1","","","N","01","3","00","3","0","2","2","2","N","N","","","9999","","9999","","0","","N","","3 ","","","","","","","","","","1","0","0","0","1","0","0","0","0","0","0","1","1","0","1","0","0","0","0","0","0","0","0","0","0","0","0","0","0","0","0","0","1","0","0","4","0","","","","CRASH_2001_Philadelphia"
"2001204599","06","67","67301","67301","2001","01","6","0850","08","1","1","0","1","1","","","N","01","2","00","3","0","1","2","2","N","N","40 03:35.280","75 14:17.520","9999","","9999","","0","","N","","3 ","","","","","","","","","","2","1","0","0","0","0","0","0","0","0","0","0","0","0","1","0","0","0","0","0","0","0","0","0","0","0","0","0","0","0","0","0","0","0","0","9","0","40.0598","-75.2382","","CRASH_2001_Philadelphia"
"2001207416","06","67","67301","67301","2001","01","6","1239","12","1","1","0","4","1","","","N","01","3","00","3","0","2","2","2","N","N","40 02:30.786","75 02:00.401","9999","","9999","","0","","N","","3 ","","","","","","","","","","2","2","0","0","0","0","0","0","0","0","0","0","0","0","2","0","0","0","0","0","0","0","1","0","0","0","0","0","0","0","0","0","0","0","0","9","0","40.0419","-75.0334","","CRASH_2001_Philadelphia"
"2001214307","06","67","67301","67301","2001","02","4","1519","15","1","1","0","1","1","","","N","00","0","00","3","0","1","3","3","N","N","39 55:25.680","75 11:31.560","9999","","9999","","0","","N","","0 ","","","","","","","","","","3","2","0","0","0","0","0","1","0","0","0","1","1","0","0","0","0","0","0","0","0","0","0","0","0","0","0","0","0","0","0","0","0","0","0","4","0","39.9252","-75.1934","","CRASH_2001_Philadelphia"
"2001214625","06","67","67301","67301","2001","02","4","0723","07","1","1","0","7","2","","","N","00","0","00","3","0","1","1","1","N","N","40 00:54.000","75 03:15.480","9999","","9999","","0","","N","","0 ","","","","","","","","","","1","1","0","0","0","0","0","0","0","0","0","1","1","0","0","0","0","0","0","0","0","0","0","0","0","0","0","0","0","0","0","0","0","0","0","4","0","40.0149","-75.0543","","CRASH_2001_Philadelphia"
"2001233127","06","67","67301","67301","2001","03","6","1030","10","1","2","1","8","1","","","N","01","2","00","3","0","2","2","2","N","N","39 57:39.240","75 13:58.440","9999","","9999","","0","","N","","3 ","","","","","","","","","","1","1","0","0","0","0","0","0","0","0","0","1","1","0","1","0","0","0","0","0","0","0","0","0","0","0","0","0","0","0","0","0","1","0","0","4","0","39.9609","-75.2329","","CRASH_2001_Philadelphia"
"2001243072","06","67","67301","67301","2001","05","7","2015","20","3","1","0","1","1","","","N","01","3","00","3","0","2","3","2","N","N","39 57:19.080","75 13:33.240","9999","","9999","","0","","N","","3 ","","","","","","","","","","2","1","0","0","1","0","0","0","0","0","2","0","2","0","0","0","0","0","0","0","0","0","0","1","0","0","0","0","0","0","0","0","0","0","0","3","0","39.9552","-75.2259","","CRASH_2001_Philadelphia"
"2001243728","06","67","67301","67301","2001","05","7","1903","19","1","1","0","4","1","","","N","01","3","00","3","0","1","2","2","N","N","","","9999","","9999","","0","","N","","3 ","","","","","","","","","","1","1","0","0","0","0","0","0","1","0","0","0","0","0","1","0","0","0","0","0","1","0","0","0","0","0","0","0","0","0","0","0","0","0","0","9","0","","","","CRASH_2001_Philadelphia"
"2001211710","06","67","67301","67301","2001","02","5","2130","21","3","1","0","7","1","","","N","03","9","00","3","0","0","1","1","N","N","39 58:07.320","75 07:37.200","9999","","9999","","0","","N","","9 ","","","","","","","","","","1","0","0","0","0","0","0","1","0","0","0","0","0","0","0","0","0","0","0","0","0","0","0","0","0","0","0","0","0","0","0","0","0","0","0","0","0","39.9681","-75.1278","","CRASH_2001_Philadelphia"
"2001214208","06","67","67301","67301","2001","02","3","1430","14","1","1","0","4","1","","","N","01","2","00","3","0","1","2","2","N","N","40 02:15.360","75 12:37.080","9999","","9999","","0","","N","","3 ","","","","","","","","","","2","2","0","0","0","0","0","0","0","0","0","1","1","0","0","0","0","0","0","0","0","0","1","0","0","0","0","0","0","0","0","0","0","0","0","4","0","40.0375","-75.2104","","CRASH_2001_Philadelphia"
"2001215630","06","67","67301","67301","2001","02","4","1350","13","1","1","0","1","1","","","N","01","2","00","3","0","3","3","2","N","N","40 00:11.160","75 09:51.840","9999","","9999","","0","","N","","3 ","","","","","","","","","","2","2","0","0","0","0","0","0","0","0","2","0","2","0","1","0","0","0","0","0","0","0","0","0","0","0","0","0","0","0","0","0","0","0","0","3","0","40.0031","-75.1643","","CRASH_2001_Philadelphia"
"2001216868","06","67","67301","67301","2001","03","1","0155","01","3","1","0","7","5","","","N","00","0","00","3","0","1","1","1","N","N","","","9999","","9999","","0","","N","","0 ","","","","","","","","","","1","1","0","0","0","0","0","0","0","0","0","1","1","0","0","0","0","0","0","0","0","0","0","0","0","0","0","0","0","0","0","0","0","0","0","4","0","","","","CRASH_2001_Philadelphia"
"2001223810","06","67","67301","67301","2001","03","5","1425","14","1","1","0","8","1","","","N","00","0","00","3","0","2","2","2","N","N","","","9999","","9999","","0","","N","","0 ","","","","","","","","","","1","0","0","0","1","0","0","0","0","0","0","1","1","0","1","0","0","0","0","0","1","0","0","0","0","0","0","0","0","0","0","0","1","0","0","4","0","","","","CRASH_2001_Philadelphia"
"2001206159","06","67","67301","67301","2001","01","3","0025","00","3","6","1","4","1","","","N","01","2","00","3","0","0","2","2","N","N","","","9999","","9999","","0","","N","","3 ","","","","","","","","","","2","2","0","0","0","0","0","0","0","0","0","0","0","0","0","0","0","0","0","0","0","0","0","0","0","0","0","0","0","0","0","0","0","0","0","0","0","","","","CRASH_2001_Philadelphia"
"2001208957","06","67","67301","67301","2001","01","7","0725","07","1","2","1","4","1","","","N","01","3","00","3","0","1","2","2","N","N","","","9999","","9999","","0","","N","","3 ","","","","","","","","","","2","0","0","0","0","0","2","0","0","0","1","0","1","0","0","0","0","0","0","0","0","0","0","0","0","0","0","0","0","0","0","0","0","0","0","3","0","","","","CRASH_2001_Philadelphia"
"2001211495","06","67","67301","67301","2001","02","2","9999","99","1","1","0","1","1","","","N","01","3","00","3","0","0","2","2","N","N","39 56:24.370","75 11:17.123","9999","","9999","","0","","N","","3 ","","","","","","","","","","2","2","0","0","0","0","0","0","0","0","0","0","0","0","0","0","0","0","0","0","0","0","0","0","0","0","0","0","0","0","0","0","0","0","0","0","0","39.9401","-75.1881","","CRASH_2001_Philadelphia"
"2001233304","06","67","67301","67301","2001","03","1","0942","09","1","1","0","6","1","","","N","02","0","00","3","0","1","2","2","N","N","40 03:14.040","75 11:11.760","9999","","9999","","0","","N","","0 ","","","","","","","","","","2","2","0","0","0","0","0","0","0","0","0","0","0","0","1","0","0","0","0","0","1","0","1","0","0","0","0","0","0","0","0","0","0","0","0","9","0","40.054","-75.1865","","CRASH_2001_Philadelphia"
"2001240092","06","67","67301","67301","2001","04","2","9999","99","2","1","0","9","1","","","N","00","0","00","3","0","1","1","2","N","N","40 03:40.680","75 03:23.400","9999","","9999","","0","","N","","0 ","","","","","","","","","","2","1","0","0","0","0","0","0","0","0","0","0","0","0","1","0","0","0","0","0","0","0","0","0","0","0","0","0","0","0","0","0","0","0","0","9","0","40.0613","-75.0565","","CRASH_2001_Philadelphia"
"2001231088","06","67","67301","67301","2001","03","5","2014","20","3","1","0","7","5","","","N","00","0","00","3","0","1","1","1","N","N","","","9999","","9999","","0","","N","","0 ","","","","","","","","","","1","1","0","0","0","0","0","0","0","0","1","0","1","0","0","0","0","0","0","1","0","0","0","1","0","0","0","0","0","0","0","0","0","0","0","3","0","","","","CRASH_2001_Philadelphia"
"2001233036","06","67","67301","67301","2001","03","6","1044","10","1","2","1","7","5","","","N","01","2","00","3","0","1","1","1","N","N","39 59:19.320","75 09:43.920","9999","","9999","","0","","N","","3 ","","","","","","","","","","1","1","0","0","0","0","0","0","0","0","0","0","0","0","1","0","0","0","0","0","0","0","0","0","0","0","0","0","0","0","0","0","0","0","0","9","0","39.9887","-75.1622","","CRASH_2001_Philadelphia"
"2001238107","06","67","67301","67301","2001","04","4","1220","12","1","2","1","1","1","","","N","05","2","00","3","0","2","4","2","N","N","39 57:51.120","75 10:34.680","9999","","9999","","0","","N","","3 ","","","","","","","","","","2","2","0","0","0","0","0","0","0","0","0","2","2","0","0","0","0","0","0","1","1","0","0","0","0","0","0","0","0","0","0","0","0","0","0","4","0","39.9644","-75.1763","","CRASH_2001_Philadelphia"
"2001243473","06","67","67301","67301","2001","05","7","1649","16","1","1","0","4","1","","","N","00","0","07","3","0","1","2","2","N","N","","","9999","","9999","","0","","N","","0 ","","","","","","","","","","2","2","0","0","0","0","0","0","0","0","0","1","1","0","0","0","0","0","0","0","1","0","0","0","0","0","0","0","0","0","0","0","0","0","0","4","0","","","","CRASH_2001_Philadelphia"
"2001204519","06","67","67301","67301","2001","01","3","2200","22","3","1","3","1","1","","","N","01","2","00","3","0","2","7","4","N","N","","","9999","","9999","","0","","N","","3 ","","","","","","","","","","4","2","0","0","0","0","0","1","0","0","0","1","1","0","1","0","0","0","0","0","1","0","0","0","0","0","0","0","0","0","0","0","0","0","0","4","0","","","","CRASH_2001_Philadelphia"
"2001209031","06","67","67301","67301","2001","01","2","0845","08","1","1","3","8","1","","","N","00","0","00","3","0","1","2","2","N","N","","","9999","","9999","","0","","N","","0 ","","","","","","","","","","1","0","0","0","0","0","0","1","0","0","0","1","1","0","0","0","0","0","0","0","1","0","0","0","0","0","0","0","0","0","0","0","1","0","0","4","0","","","","CRASH_2001_Philadelphia"
"2001233135","06","67","67301","67301","2001","04","5","1720","17","1","1","0","1","1","","","N","00","0","00","3","0","2","2","2","N","N","39 57:03.960","75 10:42.240","9999","","9999","","0","","N","","0 ","","","","","","","","","","1","1","0","0","0","0","0","0","1","0","0","1","1","0","1","0","0","0","0","0","0","0","0","0","0","0","0","0","0","0","0","0","0","0","0","4","0","39.9511","-75.1785","","CRASH_2001_Philadelphia"
"2001243077","06","67","67301","67301","2001","05","2","1215","12","1","1","0","1","1","","","N","06","9","02","3","0","3","4","3","N","N","39 56:54.240","75 11:08.880","9999","","9999","","0","","N","","9 ","","","","","","","","","","3","3","0","0","0","0","0","0","0","0","0","3","3","0","0","0","0","0","0","0","1","0","0","0","0","0","0","0","0","0","0","0","0","0","0","4","0","39.9484","-75.1858","","CRASH_2001_Philadelphia"
"2001244711","06","67","67301","67301","2001","05","3","0810","08","1","1","0","5","1","","","N","00","0","00","3","0","0","2","2","N","N","40 02:40.200","75 07:10.200","9999","","9999","","0","","N","","0 ","","","","","","","","","","2","2","0","0","0","0","0","0","0","0","0","0","0","0","0","0","0","0","0","0","0","0","0","0","0","0","0","0","0","0","0","0","0","0","0","0","0","40.0445","-75.1195","","CRASH_2001_Philadelphia"
"2001010121","06","67","67301","67301","2001","06","1","0335","03","3","1","1","4","5","1","8","Y","02","2","99","3","0","3","4","2","N","N","","","0341","99","0335","","0","","N","","3 ","","U","","","U","","","","","2","0","0","0","1","1","0","0","0","0","0","3","3","0","0","0","0","0","0","0","1","0","0","0","0","0","0","0","0","0","0","0","0","0","0","4","1","","","","CRASH_2001_Philadelphia"
"2001010379","06","67","67301","67301","2001","06","3","1435","14","1","1","0","4","1","","","N","01","2","00","3","0","1","4","2","N","N","40 01:32.118","75 07:20.418","1440","","1438","","0","","N","","3 ","","","","","","","","","","2","2","0","0","0","0","0","0","0","0","0","1","1","0","0","0","0","0","0","0","0","0","0","0","0","0","0","0","0","0","0","0","0","0","0","4","0","40.0255","-75.1225","","CRASH_2001_Philadelphia"
"2001017677","06","67","67301","67301","2001","05","1","0328","03","6","1","0","4","1","","","N","00","0","00","3","0","2","2","4","N","N","39 59:50.734","75 07:11.850","0355","","0349","","0","","N","","0 ","","","","","","","","","","4","4","0","0","0","0","0","0","0","0","1","1","2","0","0","0","0","0","0","0","0","0","0","0","0","0","0","0","0","0","0","0","0","0","0","3","0","39.9974","-75.12","","CRASH_2001_Philadelphia"
"2001205973","06","67","67301","67301","2001","01","2","0315","03","3","1","1","1","1","","","N","01","2","00","3","0","5","5","3","N","N","40 02:23.640","75 08:40.200","9999","","9999","","0","","N","","3 ","","","","","","","","","","3","2","0","0","0","0","0","1","0","0","1","4","5","0","0","0","0","0","0","0","0","0","0","0","0","0","0","0","0","0","0","0","0","0","0","3","0","40.0398","-75.1445","","CRASH_2001_Philadelphia"
"2001210747","06","67","67301","67301","2001","02","4","2040","20","3","1","5","9","1","","","N","00","0","00","3","0","0","2","5","N","N","","","9999","","9999","","0","","N","","0 ","","","","","","","","","","5","1","0","0","0","0","0","0","0","0","0","0","0","0","0","0","0","0","0","0","1","0","0","0","0","0","0","0","0","0","0","0","0","0","0","0","0","","","","CRASH_2001_Philadelphia"
"2001215661","06","67","67301","67301","2001","02","7","0130","01","3","1","0","7","5","","","N","00","0","00","3","0","1","1","1","N","N","","","9999","","9999","","0","","N","","0 ","","","","","","","","","","1","1","0","0","0","0","0","0","0","0","0","0","0","0","1","0","0","0","0","0","0","0","0","0","0","0","0","0","0","0","0","0","0","0","0","9","0","","","","CRASH_2001_Philadelphia"
"2001233159","06","67","67301","67301","2001","04","2","1512","15","1","2","0","1","1","","","N","00","0","00","3","0","3","10","7","N","N","40 00:45.000","75 10:53.040","9999","","9999","","0","","N","","0 ","","","","","","","","","","7","6","0","0","0","0","0","1","0","0","0","3","3","0","0","0","0","0","0","0","1","0","0","0","0","0","0","0","0","0","0","0","0","0","0","4","0","40.0125","-75.1813","","CRASH_2001_Philadelphia"
"2001233346","06","67","67301","67301","2001","04","1","0700","07","1","1","0","7","5","","","N","00","0","00","3","0","1","1","1","N","N","40 00:03.960","75 09:10.800","9999","","9999","","0","","N","","0 ","","","","","","","","","","1","1","0","0","0","0","0","0","0","0","1","0","1","0","0","0","0","0","0","0","0","0","0","1","0","0","0","0","0","0","0","0","0","0","0","3","0","40.001","-75.1529","","CRASH_2001_Philadelphia"
"2001243525","06","67","67301","67301","2001","04","4","1500","15","1","1","0","4","1","","","N","02","3","00","3","0","3","3","2","N","N","40 02:28.320","75 11:30.120","9999","","9999","","0","","N","","3 ","","","","","","","","","","2","1","0","0","0","0","1","0","0","0","1","2","3","0","0","0","0","0","0","1","0","0","0","0","0","0","0","0","0","0","0","0","0","0","0","3","0","40.0414","-75.1917","","CRASH_2001_Philadelphia"
"2001204163","06","67","67301","67301","2001","01","4","0900","09","1","1","9","4","1","","","N","01","3","00","3","0","2","3","2","N","N","40 00:18.108","75 08:10.960","9999","","9999","","0","","N","","3 ","","","","","","","","","","2","2","0","0","0","0","0","0","0","0","0","2","2","0","0","0","0","0","0","0","0","0","0","0","0","0","0","0","0","0","0","0","0","0","0","4","0","40.005","-75.1364","","CRASH_2001_Philadelphia"
"2001210679","06","67","67301","67301","2001","02","3","1815","18","3","1","0","8","1","","","N","01","2","00","3","0","1","2","2","N","N","","","9999","","9999","","0","","N","","3 ","","","","","","","","","","1","1","0","0","0","0","0","0","0","0","0","1","1","0","0","0","0","0","0","0","0","0","0","0","0","0","0","0","0","0","0","0","1","0","0","4","0","","","","CRASH_2001_Philadelphia"
"2001238240","06","67","67301","67301","2001","04","6","1955","19","3","1","0","8","1","","","N","00","0","00","3","0","1","2","2","N","N","39 56:30.120","75 13:12.720","9999","","9999","","0","","N","","0 ","","","","","","","","","","1","1","0","0","0","0","0","0","0","0","0","1","1","0","0","0","0","0","0","0","0","0","0","0","0","0","0","0","0","0","0","0","1","0","0","4","0","39.9416","-75.2201","","CRASH_2001_Philadelphia"
"2001238379","06","67","67301","67301","2001","04","6","0841","08","1","3","1","8","1","","","N","00","0","00","3","0","1","2","2","N","N","39 53:42.720","75 14:51.720","9999","","9999","","0","","N","","0 ","","","","","","","","","","1","0","0","0","0","0","0","1","0","0","0","1","1","0","0","0","0","0","0","0","0","0","0","0","0","0","0","0","0","0","0","0","1","0","0","4","0","39.8949","-75.2473","","CRASH_2001_Philadelphia"