"CRN","DISTRICT","COUNTY","MUNICIPALITY","POLICE_AGCY","CRASH_YEAR","CRASH_MONTH","DAY_OF_WEEK","TIME_OF_DAY","HOUR_OF_DAY","ILLUMINATION","WEATHER","ROAD_CONDITION","COLLISION_TYPE","RELATION_TO_ROAD","WORK_ZONE_TYPE","WORK_ZONE_LOC","WORK_ZONE_IND","INTERSECT_TYPE","TCD_TYPE","LOCATION_TYPE","URBAN_RURAL","FATAL_COUNT","INJURY_COUNT","PERSON_COUNT","TOTAL_UNITS","SCH_BUS_IND","SCH_ZONE_IND","LATITUDE","LONGITUDE","ARRIVAL_TM","CONS_ZONE_SPD_LIM","DISPATCH_TM","EST_HRS_CLOSED","LANE_CLOSED","LN_CLOSE_DIR","NTFY_HIWY_MAINT","SPEC_JURIS_CD","TCD_FUNC_CD","TFC_DETOUR_IND","WORKERS_PRES","WZ_CLOSE_DETOUR","WZ_FLAGGER","WZ_LAW_OFFCR_IND","WZ_LN_CLOSURE","WZ_MOVING","WZ_OTHER","WZ_SHLDER_MDN","VEHICLE_COUNT","AUTOMOBILE_COUNT","MOTORCYCLE_COUNT","BUS_COUNT","SMALL_TRUCK_COUNT","HEAVY_TRUCK_COUNT","SUV_COUNT","VAN_COUNT","BICYCLE_COUNT","MAJ_INJ_COUNT","MOD_INJ_COUNT","MIN_INJ_COUNT","TOT_INJ_COUNT","UNK_INJ_DEG_COUNT","UNK_INJ_PER_COUNT","DRIVER_COUNT_16YR","DRIVER_COUNT_17YR","DRIVER_COUNT_18YR","DRIVER_COUNT_19YR","DRIVER_COUNT_20YR","DRIVER_COUNT_50_64YR","DRIVER_COUNT_65_74YR","DRIVER_COUNT_75PLUS","UNBELTED_OCC_COUNT","UNB_DEATH_COUNT","UNB_MAJ_INJ_COUNT","BELTED_DEATH_COUNT","BELTED_MAJ_INJ_COUNT","MCYCLE_DEATH_COUNT","MCYCLE_MAJ_INJ_COUNT","BICYCLE_DEATH_COUNT","BICYCLE_MAJ_INJ_COUNT","PED_COUNT","PED_DEATH_COUNT","PED_MAJ_INJ_COUNT","MAX_SEVERITY_LEVEL","COMM_VEH_COUNT","DEC_LAT","DEC_LONG","RDWY_SURF_TYPE_CD","COUNTY_YEAR"
"2001240137","06","67","67301","67301","2001","04","3","1313","13","1","1","0","1","1","","","N","00","0","00","3","0","1","3","2","N","N","40 06:46.080","75 01:23.160","9999","","9999","","0","","N","","0 ","","","","","","","","","","2","1","0","0","0","0","1","0","0","0","0","1","1","0","0","0","0","0","0","0","0","0","0","0","0","0","0","0","0","0","0","0","0","0","0","4","0","40.1128","-75.0231","","CRASH_2001_Philadelphia"
"2001243696","06","67","67301","67301","2001","05","1","1900","19","1","1","0","4","1","","","N","02","3","00","3","0","1","2","2","N","N","40 03:46.951","75 01:13.619","9999","","9999","","0","","N","","3 ","","","","","","","","","","1","1","0","0","0","0","0","0","1","0","0","1","1","0","0","0","0","0","0","0","0","0","0","0","0","0","0","0","0","0","0","0","0","0","0","4","0","40.063","-75.0204","","CRASH_2001_Philadelphia"
"2001018216","06","67","67301","67301","2001","06","6","1620","16","1","1","0","4","1","","","N","01","2","00","3","0","1","2","2","N","N","39 58:02.230","75 14:44.766","1630","","1621","","0","","N","","3 ","","","","","","","","","","2","2","0","0","0","0","0","0","0","0","0","1","1","0","0","0","0","0","0","0","2","0","0","0","0","0","0","0","0","0","0","0","0","0","0","4","0","39.9673","-75.2458","","CRASH_2001_Philadelphia"
"2001206204","06","67","67301","67301","2001","01","6","1435","14","1","6","1","4","1","","","N","00","0","07","3","0","1","3","2","N","N","","","9999","","9999","","0","","N","","0 ","","","","","","","","","","2","2","0","0","0","0","0","0","0","0","0","0","0","0","1","0","0","0","0","0","0","0","0","0","0","0","0","0","0","0","0","0","0","0","0","9","0","","","","CRASH_2001_Philadelphia"
"2001207660","06","67","67301","67301","2001","01","6","1536","15","1","1","0","4","1","","","N","05","2","00","3","0","3","6","3","N","N","39 58:45.480","75 07:06.240","9999","","9999","","0","","N","","3 ","","","","","","","","","","3","3","0","0","0","0","0","0","0","0","0","3","3","0","0","0","0","0","0","0","0","0","0","0","0","0","0","0","0","0","0","0","0","0","0","4","0","39.9771","-75.1194","","CRASH_2001_Philadelphia"
"2001213180","06","67","67301","67301","2001","02","4","2225","22","3","1","0","8","1","","","N","01","2","00","3","0","1","2","2","N","N","39 58:01.920","75 14:44.880","9999","","9999","","0","","N","","3 ","","","","","","","","","","1","0","0","0","0","0","1","0","0","0","0","1","1","0","0","0","0","0","0","0","0","0","0","0","0","0","0","0","0","0","0","0","1","0","0","4","0","39.9673","-75.2457","","CRASH_2001_Philadelphia"
"2001215498","06","67","67301","67301","2001","03","4","1730","17","1","1","0","8","1","","","N","00","0","00","3","0","1","2","2","N","N","39 57:49.680","75 09:31.320","9999","","9999","","0","","N","","0 ","","","","","","","","","","1","1","0","0","0","0","0","0","0","0","0","1","1","0","0","0","0","0","0","1","0","0","0","0","0","0","0","0","0","0","0","0","1","0","0","4","0","39.9637","-75.1588","","CRASH_2001_Philadelphia"
"2001216943","06","67","67301","67301","2001","01","2","1107","11","1","1","0","4","1","","","N","01","3","00","3","0","4","4","5","N","N","40 00:49.006","75 08:12.569","9999","","9999","","0","","N","","3 ","","","","","","","","","","5","2","0","0","0","0","0","0","0","0","4","0","4","0","0","0","0","0","0","0","0","0","0","0","0","0","0","0","0","0","0","0","0","0","0","3","0","40.0136","-75.1368","","CRASH_2001_Philadelphia"
"2001238875","06","67","67301","67301","2001","04","2","1910","19","3","1","0","3","1","","","N","00","0","07","3","0","1","3","2","N","N","40 02:51.360","75 03:34.560","9999","","9999","","0","","N","","0 ","","","","","","","","","","2","1","0","0","0","0","0","0","0","0","0","1","1","0","0","0","0","0","0","0","0","1","0","0","0","0","0","0","0","0","0","0","0","0","0","4","0","40.0476","-75.0597","","CRASH_2001_Philadelphia"
"2001016709","06","67","67301","67301","2001","06","7","1055","10","1","2","1","4","1","","","N","01","2","00","3","0","1","2","2","N","N","39 57:45.134","75 14:41.203","1101","","1059","","0","","N","","3 ","","","","","","","","","","2","2","0","0","0","0","0","0","0","0","0","1","1","0","0","0","0","0","0","0","2","0","0","0","0","0","0","0","0","0","0","0","0","0","0","4","0","39.9625","-75.2447","","CRASH_2001_Philadelphia"
"2001212903","06","67","67301","67301","2001","02","6","2151","21","3","2","1","9","1","","","N","01","2","00","3","0","0","1","2","N","N","39 57:19.440","75 11:59.640","9999","","9999","","0","","N","","3 ","","","","","","","","","","2","1","0","0","0","0","0","0","0","0","0","0","0","0","0","0","0","0","0","0","1","0","0","0","0","0","0","0","0","0","0","0","0","0","0","0","0","39.9554","-75.1999","","CRASH_2001_Philadelphia"
"2001006296","06","67","67301","67301","2001","06","3","1645","16","1","1","0","4","1","","","N","01","2","00","3","0","1","6","2","N","N","39 57:06.723","75 11:04.360","1710","","1703","","0","","N","","3 ","","","","","","","","","","2","2","0","0","0","0","0","0","0","0","0","1","1","0","0","0","0","0","0","0","0","0","0","1","0","0","0","0","0","0","0","0","0","0","0","4","0","39.9533","-75.1838","","CRASH_2001_Philadelphia"
"2001007091","06","67","67301","67301","2001","06","6","0637","06","1","1","0","1","1","","","N","01","0","00","3","0","1","3","2","N","N","39 59:06.388","75 14:51.395","0645","","0640","","0","","N","","0 ","","","","","","","","","","2","2","0","0","0","0","0","0","0","0","0","1","1","0","0","0","0","0","0","0","0","0","0","0","0","0","0","0","0","0","0","0","0","0","0","4","0","39.9851","-75.2474","","CRASH_2001_Philadelphia"
"2001007230","06","67","67301","67301","2001","06","7","1420","14","1","2","1","4","1","","","N","01","2","00","3","0","1","2","2","N","N","39 57:41.000","75 09:21.966","1435","","1428","","0","","N","","3 ","","","","","","","","","","2","2","0","0","0","0","0","0","0","0","0","1","1","0","0","0","0","0","0","0","0","0","0","0","0","0","0","0","0","0","0","0","0","0","0","4","0","39.9617","-75.1561","","CRASH_2001_Philadelphia"
"2001210639","06","67","67301","67301","2001","02","6","1235","12","1","1","0","4","1","","","N","02","2","07","3","0","1","2","2","N","N","39 53:31.560","75 14:33.360","9999","","9999","","0","","N","","3 ","","","","","","","","","","2","2","0","0","0","0","0","0","0","0","0","0","0","0","1","0","0","0","0","0","0","0","0","0","0","0","0","0","0","0","0","0","0","0","0","9","0","39.8921","-75.2426","","CRASH_2001_Philadelphia"
"2001213094","06","67","67301","67301","2001","02","7","1001","10","1","1","0","4","1","","","N","01","2","00","3","0","4","5","2","N","N","","","9999","","9999","","0","","N","","3 ","","","","","","","","","","2","2","0","0","0","0","0","0","0","0","0","4","4","0","0","0","0","0","0","0","0","0","1","0","0","0","0","0","0","0","0","0","0","0","0","4","0","","","","CRASH_2001_Philadelphia"
"2001233395","06","67","67301","67301","2001","04","1","1022","10","1","1","0","1","1","","","N","01","2","00","3","0","2","3","2","N","N","40 02:43.800","75 09:53.640","9999","","9999","","0","","N","","3 ","","","","","","","","","","2","2","0","0","0","0","0","0","0","0","0","2","2","0","0","0","0","0","0","0","1","0","0","0","0","0","0","0","0","0","0","0","0","0","0","4","0","40.0455","-75.1649","","CRASH_2001_Philadelphia"
"2001204176","06","67","67301","67301","2001","01","3","2311","23","3","1","0","1","1","","","N","00","0","00","3","0","0","2","2","N","N","40 00:34.920","75 11:13.200","9999","","9999","","0","","N","","0 ","","","","","","","","","","2","2","0","0","0","0","0","0","0","0","0","0","0","0","0","0","0","0","0","0","0","0","0","0","0","0","0","0","0","0","0","0","0","0","0","0","0","40.0097","-75.1869","","CRASH_2001_Philadelphia"
"2001204623","06","67","67301","67301","2001","01","7","0645","06","3","1","0","1","1","","","N","01","2","00","3","0","0","2","2","N","N","40 02:12.840","75 00:40.680","9999","","9999","","0","","N","","3 ","","","","","","","","","","2","1","0","0","0","0","0","0","0","0","0","0","0","0","0","0","0","0","0","0","1","0","0","0","0","0","0","0","0","0","0","0","0","0","0","0","0","40.037","-75.0114","","CRASH_2001_Philadelphia"
"2001223915","06","67","67301","67301","2001","03","7","1125","11","1","1","0","4","1","","","N","02","3","00","3","0","1","2","2","N","N","39 58:20.640","75 12:42.840","9999","","9999","","0","","N","","3 ","","","","","","","","","","2","2","0","0","0","0","0","0","0","0","0","1","1","0","0","0","0","0","0","0","0","0","0","0","0","0","0","0","0","0","0","0","0","0","0","4","0","39.9724","-75.212","","CRASH_2001_Philadelphia"
"2001206248","06","67","67301","67301","2001","01","1","0224","02","3","1","0","7","1","","","N","00","0","01","3","0","1","1","1","N","N","39 56:42.360","75 11:53.880","9999","","9999","","0","","N","","0 ","","","","","","","","","","1","1","0","0","0","0","0","0","0","0","0","1","1","0","0","0","0","0","0","0","0","0","0","0","0","0","0","0","0","0","0","0","0","0","0","4","0","39.9453","-75.1983","","CRASH_2001_Philadelphia"
"2001208959","06","67","67301","67301","2001","01","3","0043","00","3","2","6","4","1","","","N","01","3","00","3","0","1","2","2","N","N","","","9999","","9999","","0","","N","","3 ","","","","","","","","","","2","1","0","0","1","0","0","0","0","0","0","1","1","0","0","0","0","0","0","0","0","0","0","0","0","0","0","0","0","0","0","0","0","0","0","4","0","","","","CRASH_2001_Philadelphia"
"2001210789","06","67","67301","67301","2001","02","6","1756","17","3","1","0","4","1","","","N","01","3","00","3","0","0","2","2","N","N","40 01:06.992","75 10:59.131","9999","","9999","","0","","N","","3 ","","","","","","","","","","2","2","0","0","0","0","0","0","0","0","0","0","0","0","0","0","0","0","0","0","0","1","0","0","0","0","0","0","0","0","0","0","0","0","0","0","0","40.0186","-75.1831","","CRASH_2001_Philadelphia"
"2001233392","06","67","67301","67301","2001","03","1","1630","16","1","1","0","8","1","","","N","00","0","00","3","0","3","3","2","N","N","","","9999","","9999","","0","","N","","0 ","","","","","","","","","","1","0","0","0","0","0","0","0","0","0","0","1","1","0","2","0","0","0","0","0","0","0","0","0","0","0","0","0","0","0","0","0","1","0","0","4","0","","","","CRASH_2001_Philadelphia"
"2001007189","06","67","67301","67301","2001","06","4","1645","16","1","1","0","8","1","","","N","00","0","00","3","0","1","2","2","N","N","40 02:22.920","75 13:26.400","1650","","1649","","0","","N","","0 ","","","","","","","","","","1","1","0","0","0","0","0","0","0","0","1","0","1","0","0","0","0","0","0","0","0","0","0","0","0","0","0","0","0","0","0","0","1","0","0","3","0","40.0395","-75.2239","","CRASH_2001_Philadelphia"
"2001206249","06","67","67301","67301","2001","01","1","0131","01","3","1","0","1","1","","","N","00","0","00","3","0","1","2","3","N","N","39 57:30.960","75 12:50.400","9999","","9999","","0","","N","","0 ","","","","","","","","","","3","2","0","0","0","0","0","0","0","0","0","1","1","0","0","0","0","0","0","1","0","0","0","0","0","0","0","0","0","0","0","0","0","0","0","4","0","39.9586","-75.2139","","CRASH_2001_Philadelphia"
"2001212892","06","67","67301","67301","2001","02","1","0430","04","3","1","0","4","1","","","N","01","3","00","3","0","0","2","2","N","N","40 01:58.897","75 13:03.154","9999","","9999","","0","","N","","3 ","","","","","","","","","","2","1","0","0","1","0","0","0","0","0","0","0","0","0","0","0","0","0","0","0","0","0","0","0","0","0","0","0","0","0","0","0","0","0","0","0","0","40.033","-75.2175","","CRASH_2001_Philadelphia"
"2001213209","06","67","67301","67301","2001","02","1","0940","09","1","1","0","7","1","","","N","00","0","00","3","0","0","1","1","N","N","39 56:54.600","75 11:08.160","9999","","9999","","0","","N","","0 ","","","","","","","","","","1","1","0","0","0","0","0","0","0","0","0","0","0","0","0","0","0","0","0","0","0","0","0","0","0","0","0","0","0","0","0","0","0","0","0","0","0","39.9485","-75.1856","","CRASH_2001_Philadelphia"
"2001223858","06","67","67301","67301","2001","03","3","0048","00","3","6","1","7","5","","","N","02","2","00","3","0","1","1","1","N","N","39 56:25.080","75 12:04.320","9999","","9999","","0","","N","","3 ","","","","","","","","","","1","1","0","0","0","0","0","0","0","0","0","0","0","0","1","0","0","0","0","0","0","0","0","0","0","0","0","0","0","0","0","0","0","0","0","9","0","39.9402","-75.2012","","CRASH_2001_Philadelphia"
"2001200916","06","67","67301","67301","2001","02","4","0448","04","3","1","1","7","5","","","N","01","2","00","3","0","1","1","1","N","N","","","9999","","9999","","0","","N","","3 ","","","","","","","","","","1","1","0","0","0","0","0","0","0","0","0","1","1","0","0","0","1","0","0","0","0","0","0","0","0","0","0","0","0","0","0","0","0","0","0","4","0","","","","CRASH_2001_Philadelphia"
"2001204571","06","67","67301","67301","2001","01","7","0745","07","1","1","1","4","1","","","N","01","2","00","3","0","0","2","2","N","N","","","9999","","9999","","0","","N","","3 ","","","","","","","","","","2","1","0","0","0","0","1","0","0","0","0","0","0","0","0","0","0","0","0","0","0","0","0","0","0","0","0","0","0","0","0","0","0","0","0","0","0","","","","CRASH_2001_Philadelphia"
"2001233268","06","67","67301","67301","2001","03","4","0745","07","1","1","0","1","1","","","N","06","4","02","3","0","0","2","2","N","N","39 53:09.240","75 12:47.160","9999","","9999","","0","","N","","3 ","","","","","","","","","","2","2","0","0","0","0","0","0","0","0","0","0","0","0","0","0","0","0","0","0","0","0","0","0","0","0","0","0","0","0","0","0","0","0","0","0","0","39.8874","-75.2043","","CRASH_2001_Philadelphia"
"2001244874","06","67","67301","67301","2001","05","7","0849","08","1","1","0","4","1","","","N","01","2","00","3","0","1","2","2","N","N","39 59:13.920","75 11:14.640","9999","","9999","","0","","N","","3 ","","","","","","","","","","1","1","0","0","0","0","0","0","1","0","0","1","1","0","0","0","0","0","1","0","0","0","0","0","0","0","0","0","0","0","0","0","0","0","0","4","0","39.9872","-75.1874","","CRASH_2001_Philadelphia"
"2001018199","06","67","67301","67301","2001","05","3","1545","15","1","1","1","1","1","","","N","00","0","00","3","0","1","2","2","N","N","40 02:30.660","75 11:32.555","1640","","1633","","0","","N","","0 ","","","","","","","","","","2","2","0","0","0","0","0","0","0","0","0","1","1","0","0","0","0","0","0","0","1","0","0","0","0","0","0","0","0","0","0","0","0","0","0","4","0","40.0419","-75.1923","","CRASH_2001_Philadelphia"
"2001201579","06","67","67301","67301","2001","02","7","0403","04","5","1","0","4","1","","","N","01","0","00","3","0","2","4","2","N","N","","","9999","","9999","","0","","N","","0 ","","","","","","","","","","2","2","0","0","0","0","0","0","0","0","0","0","0","0","2","0","1","0","0","0","0","0","0","0","0","0","0","0","0","0","0","0","0","0","0","9","0","","","","CRASH_2001_Philadelphia"
"2001207334","06","67","67301","67301","2001","01","4","1859","18","3","1","6","8","1","","","N","00","0","00","3","0","1","2","2","N","N","","","9999","","9999","","0","","N","","0 ","","","","","","","","","","1","0","0","0","0","0","0","1","0","0","0","1","1","0","0","0","0","0","0","0","0","0","0","0","0","0","0","0","0","0","0","0","1","0","0","4","0","","","","CRASH_2001_Philadelphia"
"2001207663","06","67","67301","67301","2001","01","1","2235","22","3","1","0","3","1","","","N","00","0","00","3","0","0","3","2","N","N","","","9999","","9999","","0","","N","","0 ","","","","","","","","","","2","2","0","0","0","0","0","0","0","0","0","0","0","0","0","0","0","0","0","0","1","0","0","0","0","0","0","0","0","0","0","0","0","0","0","0","0","","","","CRASH_2001_Philadelphia"
"2001211800","06","67","67301","67301","2001","02","4","0147","01","3","1","0","6","1","","","N","00","0","00","3","0","1","3","2","N","N","39 56:51.720","75 13:38.640","9999","","9999","","0","","N","","0 ","","","","","","","","","","2","2","0","0","0","0","0","0","0","0","0","0","0","0","1","0","0","0","0","0","0","0","0","0","0","0","0","0","0","0","0","0","0","0","0","9","0","39.9477","-75.2273","","CRASH_2001_Philadelphia"
"2001223885","06","67","67301","67301","2001","03","1","2147","21","3","3","1","7","5","","","N","00","0","02","3","0","0","1","1","N","N","39 53:36.960","75 13:15.960","9999","","9999","","0","","N","","0 ","","","","","","","","","","1","0","0","0","1","0","0","0","0","0","0","0","0","0","0","0","0","0","0","0","0","0","0","0","0","0","0","0","0","0","0","0","0","0","0","0","0","39.8935","-75.2213","","CRASH_2001_Philadelphia"
"2001238057","06","67","67301","67301","2001","03","6","0615","06","1","2","1","4","1","","","N","02","0","00","3","0","1","2","2","N","N","40 04:14.901","75 11:55.093","9999","","9999","","0","","N","","0 ","","","","","","","","","","2","2","0","0","0","0","0","0","0","0","0","1","1","0","0","0","0","0","0","0","0","1","0","0","0","0","0","0","0","0","0","0","0","0","0","4","0","40.0708","-75.1986","","CRASH_2001_Philadelphia"
"2001238080","06","67","67301","67301","2001","04","6","1958","19","3","1","0","4","1","","","N","02","0","00","3","0","4","4","2","N","N","39 58:43.680","75 13:49.080","9999","","9999","","0","","N","","0 ","","","","","","","","","","2","1","0","0","0","0","1","0","0","0","3","1","4","0","0","0","0","0","0","0","1","0","0","0","0","0","0","0","0","0","0","0","0","0","0","3","0","39.9788","-75.2301","","CRASH_2001_Philadelphia"
"2001010309","06","67","67301","67301","2001","06","3","2300","23","3","1","0","4","1","","","N","00","1","07","3","0","1","2","2","N","N","40 04:15.975","75 00:39.900","1300","","1257","","0","","N","","3 ","","","","","","","","","","2","1","0","0","0","1","0","0","0","0","0","1","1","0","0","0","0","0","0","0","0","1","1","0","0","0","0","0","0","0","0","0","0","0","0","4","1","40.0711","-75.0112","","CRASH_2001_Philadelphia"
"2001204698","06","67","67301","67301","2001","01","4","9999","99","1","1","3","7","5","","","N","01","2","00","3","0","1","2","2","N","N","","","9999","","9999","","0","","N","","3 ","","","","","","","","","","1","0","0","1","0","0","0","0","0","0","1","0","1","0","0","0","0","0","0","0","1","0","0","0","0","0","0","0","0","0","0","0","1","0","0","3","1","","","","CRASH_2001_Philadelphia"
"2001215614","06","67","67301","67301","2001","02","2","1300","13","1","1","0","4","1","","","N","01","2","00","3","0","0","4","2","N","N","","","9999","","9999","","0","","N","","3 ","","","","","","","","","","2","0","0","0","2","0","0","0","0","0","0","0","0","0","0","0","0","0","0","0","1","0","0","4","0","0","0","0","0","0","0","0","0","0","0","0","0","","","","CRASH_2001_Philadelphia"
"2001233278","06","67","67301","67301","2001","03","5","2208","22","3","2","1","9","1","","","N","00","0","00","3","0","1","3","4","N","N","39 58:48.720","75 10:10.560","9999","","9999","","0","","N","","0 ","","","","","","","","","","4","1","0","0","0","0","0","0","0","0","0","1","1","0","0","0","0","0","0","0","0","0","1","0","0","0","0","0","0","0","0","0","0","0","0","4","0","39.9802","-75.1696","","CRASH_2001_Philadelphia"
"2001206156","06","67","67301","67301","2001","01","5","1450","14","1","1","0","8","1","","","N","00","0","00","3","0","1","2","2","N","N","","","9999","","9999","","0","","N","","0 ","","","","","","","","","","1","1","0","0","0","0","0","0","0","0","0","1","1","0","0","0","0","0","0","0","0","0","0","0","0","0","0","0","0","0","0","0","1","0","0","4","0","","","","CRASH_2001_Philadelphia"
"2001215629","06","67","67301","67301","2001","03","5","0905","09","1","1","0","7","5","","","N","00","0","00","3","0","5","5","1","N","N","","","9999","","9999","","0","","N","","0 ","","","","","","","","","","1","1","0","0","0","0","0","0","0","2","3","0","5","0","0","0","0","0","0","1","0","0","0","0","0","0","0","1","0","0","0","0","0","0","0","2","0","","","","CRASH_2001_Philadelphia"
"2001216976","06","67","67301","67301","2001","03","6","2145","21","3","1","0","4","1","","","N","01","2","00","3","0","0","2","2","N","N","39 56:16.800","75 11:55.320","9999","","9999","","0","","N","","3 ","","","","","","","","","","2","2","0","0","0","0","0","0","0","0","0","0","0","0","0","0","0","0","0","0","0","0","0","0","0","0","0","0","0","0","0","0","0","0","0","0","0","39.938","-75.1987","","CRASH_2001_Philadelphia"
"2001219084","06","67","67301","67301","2001","04","4","2030","20","3","1","0","4","1","","","N","01","2","00","3","0","7","14","4","N","N","","","9999","","9999","","0","","N","","3 ","","","","","","","","","","4","2","0","1","0","0","0","0","0","0","0","0","0","0","7","0","0","0","0","0","0","0","0","0","0","0","0","0","0","0","0","0","0","0","0","9","1","","","","CRASH_2001_Philadelphia"
"2001231144","06","67","67301","67301","2001","03","7","1320","13","1","1","0","4","1","","","N","01","3","00","3","0","1","2","2","N","N","40 03:06.505","75 09:16.250","9999","","9999","","0","","N","","3 ","","","","","","","","","","2","1","0","0","0","0","1","0","0","0","0","1","1","0","0","0","0","0","0","0","0","0","0","0","0","0","0","0","0","0","0","0","0","0","0","4","0","40.0518","-75.1545","","CRASH_2001_Philadelphia"
"2001238995","06","67","67301","67301","2001","04","3","1430","14","1","1","0","4","1","","","N","01","2","00","3","0","4","4","2","N","N","","","9999","","9999","","0","","N","","3 ","","","","","","","","","","2","2","0","0","0","0","0","0","0","0","0","2","2","0","2","0","0","1","0","0","0","0","0","0","0","0","0","0","0","0","0","0","0","0","0","4","0","","","","CRASH_2001_Philadelphia"
"2001008712","06","67","67301","67301","2001","07","6","1838","18","1","1","0","1","1","","","N","01","2","00","3","0","2","3","2","N","N","39 55:23.259","75 10:11.852","2300","","2035","","0","","N","","3 ","","","","","","","","","","2","2","0","0","0","0","0","0","0","0","0","2","2","0","0","0","0","0","0","0","0","0","0","0","0","0","0","0","0","0","0","0","0","0","0","4","0","39.9231","-75.17","","CRASH_2001_Philadelphia"
"2001206223","06","67","67301","67301","2001","01","4","1030","10","1","1","0","4","1","","","N","01","2","00","3","0","1","2","2","N","N","39 57:48.087","75 11:15.011","9999","","9999","","0","","N","","3 ","","","","","","","","","","2","2","0","0","0","0","0","0","0","0","0","1","1","0","0","0","0","0","0","0","0","0","0","0","0","0","0","0","0","0","0","0","0","0","0","4","0","39.9634","-75.1875","","CRASH_2001_Philadelphia"
"2001214624","06","67","67301","67301","2001","02","5","1607","16","1","4","3","5","1","","","N","00","0","00","3","0","0","2","2","N","N","39 53:33.720","75 14:02.760","9999","","9999","","0","","N","","0 ","","","","","","","","","","2","0","0","0","0","1","0","1","0","0","0","0","0","0","0","0","0","0","0","0","0","0","0","0","0","0","0","0","0","0","0","0","0","0","0","0","1","39.8927","-75.2338","","CRASH_2001_Philadelphia"
"2001215620","06","67","67301","67301","2001","02","4","1317","13","1","1","0","1","1","","","N","01","2","00","3","0","1","3","2","N","N","40 02:30.120","75 11:31.920","9999","","9999","","0","","N","","3 ","","","","","","","","","","2","2","0","0","0","0","0","0","0","0","0","1","1","0","0","0","0","0","0","0","0","1","0","0","0","0","0","0","0","0","0","0","0","0","0","4","0","40.0419","-75.1922","","CRASH_2001_Philadelphia"
"2001233244","06","67","67301","67301","2001","04","2","2158","21","3","2","1","5","1","","","N","00","0","00","3","0","0","1","2","N","N","","","9999","","9999","","0","","N","","0 ","","","","","","","","","","2","1","0","0","1","0","0","0","0","0","0","0","0","0","0","0","0","0","0","0","0","0","1","0","0","0","0","0","0","0","0","0","0","0","0","0","0","","","","CRASH_2001_Philadelphia"
"2001007239","06","67","67301","67301","2001","05","5","1056","10","1","1","0","7","5","","","N","00","0","03","3","0","2","3","1","N","N","40 01:05.160","75 10:15.960","1105","","1058","2","1","2","N","","0 ","N","","","","","","","","","1","1","0","0","0","0","0","0","0","0","0","2","2","0","0","0","0","0","1","0","0","0","0","3","0","0","0","0","0","0","0","0","0","0","0","4","0","40.0181","-75.171","","CRASH_2001_Philadelphia"
"2001207376","06","67","67301","67301","2001","01","1","2155","21","3","2","1","4","1","","","N","01","2","00","3","0","1","2","2","N","N","40 00:31.680","75 08:51.720","9999","","9999","","0","","N","","3 ","","","","","","","","","","2","1","0","0","1","0","0","0","0","0","1","0","1","0","0","0","0","0","0","0","0","1","0","0","0","0","0","0","0","0","0","0","0","0","0","3","0","40.0088","-75.1477","","CRASH_2001_Philadelphia"
"2001207851","06","67","67301","67301","2001","01","2","0203","02","3","1","5","1","1","","","N","01","3","00","3","0","4","6","3","N","N","","","9999","","9999","","0","","N","","3 ","","","","","","","","","","3","1","0","0","0","0","1","0","0","0","0","0","0","0","4","0","0","0","0","0","0","0","0","2","0","0","0","0","0","0","0","0","0","0","0","9","0","","","","CRASH_2001_Philadelphia"
"2001210759","06","67","67301","67301","2001","02","7","1445","14","1","1","0","1","1","","","N","00","0","03","3","0","0","2","2","N","N","39 56:39.120","75 11:29.400","9999","","9999","","0","","N","","0 ","","","","","","","","","","2","1","0","0","0","0","1","0","0","0","0","0","0","0","0","0","0","0","0","0","0","0","0","0","0","0","0","0","0","0","0","0","0","0","0","0","0","39.9429","-75.1931","","CRASH_2001_Philadelphia"
"2001211344","06","67","67301","67301","2001","02","2","1535","15","1","1","0","1","1","","","N","00","0","00","3","0","0","3","3","N","N","","","9999","","9999","","0","","N","","0 ","","","","","","","","","","3","1","0","0","1","1","0","0","0","0","0","0","0","0","0","0","0","0","0","0","0","0","0","3","0","0","0","0","0","0","0","0","0","0","0","0","0","","","","CRASH_2001_Philadelphia"
"2001240028","06","67","67301","67301","2001","04","1","1711","17","4","1","0","4","1","","","N","00","0","00","3","0","1","2","2","N","N","39 59:54.600","75 07:44.760","9999","","9999","","0","","N","","0 ","","","","","","","","","","2","1","0","0","0","0","1","0","0","0","0","1","1","0","0","0","0","0","0","0","0","0","0","0","0","0","0","0","0","0","0","0","0","0","0","4","0","39.9985","-75.1291","","CRASH_2001_Philadelphia"
"2001244666","06","67","67301","67301","2001","04","5","0830","08","1","1","0","5","1","","","N","00","0","00","3","0","2","3","2","N","N","","","9999","","9999","","0","","N","","0 ","","","","","","","","","","2","0","0","0","1","0","1","0","0","1","0","1","2","0","0","0","0","0","0","0","1","0","0","2","0","0","0","1","0","0","0","0","0","0","0","2","0","","","","CRASH_2001_Philadelphia"
"2001244681","06","67","67301","67301","2001","05","7","1420","14","1","1","0","4","1","","","N","01","3","00","3","0","1","2","2","N","N","","","9999","","9999","","0","","N","","3 ","","","","","","","","","","1","1","0","0","0","0","0","0","1","0","0","1","1","0","0","0","0","0","0","0","0","0","0","0","0","0","0","0","0","0","0","0","0","0","0","4","0","","","","CRASH_2001_Philadelphia"