"CRN","DISTRICT","COUNTY","MUNICIPALITY","POLICE_AGCY","CRASH_YEAR","CRASH_MONTH","DAY_OF_WEEK","TIME_OF_DAY","HOUR_OF_DAY","ILLUMINATION","WEATHER","ROAD_CONDITION","COLLISION_TYPE","RELATION_TO_ROAD","WORK_ZONE_TYPE","WORK_ZONE_LOC","WORK_ZONE_IND","INTERSECT_TYPE","TCD_TYPE","LOCATION_TYPE","URBAN_RURAL","FATAL_COUNT","INJURY_COUNT","PERSON_COUNT","TOTAL_UNITS","SCH_BUS_IND","SCH_ZONE_IND","LATITUDE","LONGITUDE","ARRIVAL_TM","CONS_ZONE_SPD_LIM","DISPATCH_TM","EST_HRS_CLOSED","LANE_CLOSED","LN_CLOSE_DIR","NTFY_HIWY_MAINT","SPEC_JURIS_CD","TCD_FUNC_CD","TFC_DETOUR_IND","WORKERS_PRES","WZ_CLOSE_DETOUR","WZ_FLAGGER","WZ_LAW_OFFCR_IND","WZ_LN_CLOSURE","WZ_MOVING","WZ_OTHER","WZ_SHLDER_MDN","VEHICLE_COUNT","AUTOMOBILE_COUNT","MOTORCYCLE_COUNT","BUS_COUNT","SMALL_TRUCK_COUNT","HEAVY_TRUCK_COUNT","SUV_COUNT","VAN_COUNT","BICYCLE_COUNT","MAJ_INJ_COUNT","MOD_INJ_COUNT","MIN_INJ_COUNT","TOT_INJ_COUNT","UNK_INJ_DEG_COUNT","UNK_INJ_PER_COUNT","DRIVER_COUNT_16YR","DRIVER_COUNT_17YR","DRIVER_COUNT_18YR","DRIVER_COUNT_19YR","DRIVER_COUNT_20YR","DRIVER_COUNT_50_64YR","DRIVER_COUNT_65_74YR","DRIVER_COUNT_75PLUS","UNBELTED_OCC_COUNT","UNB_DEATH_COUNT","UNB_MAJ_INJ_COUNT","BELTED_DEATH_COUNT","BELTED_MAJ_INJ_COUNT","MCYCLE_DEATH_COUNT","MCYCLE_MAJ_INJ_COUNT","BICYCLE_DEATH_COUNT","BICYCLE_MAJ_INJ_COUNT","PED_COUNT","PED_DEATH_COUNT","PED_MAJ_INJ_COUNT","MAX_SEVERITY_LEVEL","COMM_VEH_COUNT","DEC_LAT","DEC_LONG","RDWY_SURF_TYPE_CD","COUNTY_YEAR"
"2001206016","06","67","67301","67301","2001","01","7","0016","00","3","4","3","9","1","","","N","00","0","00","3","0","0","1","2","N","N","","","9999","","9999","","0","","N","","0 ","","","","","","","","","","2","1","0","0","0","0","0","0","0","0","0","0","0","0","0","0","0","0","0","0","0","0","0","0","0","0","0","0","0","0","0","0","0","0","0","0","0","","","","CRASH_2001_Philadelphia"
"2001210657","06","67","67301","67301","2001","02","4","2330","23","3","1","1","5","1","","","N","00","0","01","3","0","1","3","2","N","N","39 57:37.800","75 13:43.680","9999","","9999","","0","","N","","0 ","","","","","","","","","","2","2","0","0","0","0","0","0","0","0","0","1","1","0","0","0","0","0","0","0","0","0","0","0","0","0","0","0","0","0","0","0","0","0","0","4","0","39.9605","-75.2288","","CRASH_2001_Philadelphia"
"2001215550","06","67","67301","67301","2001","03","2","1140","11","1","4","3","5","1","","","N","00","0","00","3","0","2","4","2","N","N","39 57:02.520","75 09:45.720","9999","","9999","","0","","N","","0 ","","","","","","","","","","2","1","0","0","0","0","0","1","0","0","0","2","2","0","0","0","0","0","0","0","0","0","0","0","0","0","0","0","0","0","0","0","0","0","0","4","0","39.9507","-75.1627","","CRASH_2001_Philadelphia"
"2001231084","06","67","67301","67301","2001","03","3","0745","07","1","1","0","8","1","","","N","01","2","00","3","0","1","2","2","N","N","39 59:16.440","75 09:20.880","9999","","9999","","0","","N","","3 ","","","","","","","","","","1","1","0","0","0","0","0","0","0","0","1","0","1","0","0","0","0","0","0","0","0","0","0","0","0","0","0","0","0","0","0","0","1","0","0","3","0","39.9879","-75.1558","","CRASH_2001_Philadelphia"
"2001007306","06","67","67301","67301","2001","05","5","1918","19","2","1","0","1","1","","","N","02","0","00","3","0","1","3","2","N","N","","","1922","","1920","1","1","1","N","","0 ","N","","","","","","","","","2","2","0","0","0","0","0","0","0","0","0","1","1","0","0","0","0","0","0","0","0","0","0","1","0","0","0","0","0","0","0","0","0","0","0","4","0","","","","CRASH_2001_Philadelphia"
"2001204516","06","67","67301","67301","2001","01","3","2100","21","3","1","1","7","5","","","N","00","0","00","3","0","1","1","1","N","N","","","9999","","9999","","0","","N","","0 ","","","","","","","","","","1","1","0","0","0","0","0","0","0","0","0","1","1","0","0","0","0","0","0","0","0","0","0","0","0","0","0","0","0","0","0","0","0","0","0","4","0","","","","CRASH_2001_Philadelphia"
"2001208923","06","67","67301","67301","2001","01","4","2253","22","3","1","0","4","1","","","N","01","3","00","3","0","1","2","2","N","N","","","9999","","9999","","0","","N","","3 ","","","","","","","","","","2","2","0","0","0","0","0","0","0","0","0","1","1","0","0","0","0","0","0","0","0","0","0","0","0","0","0","0","0","0","0","0","0","0","0","4","0","","","","CRASH_2001_Philadelphia"
"2001208933","06","67","67301","67301","2001","01","5","0645","06","3","1","1","8","1","","","N","01","2","00","3","0","1","2","2","N","N","40 02:16.440","75 08:22.200","9999","","9999","","0","","N","","3 ","","","","","","","","","","1","1","0","0","0","0","0","0","0","0","0","1","1","0","0","0","0","0","0","0","0","0","0","0","0","0","0","0","0","0","0","0","1","0","0","4","0","40.0379","-75.1395","","CRASH_2001_Philadelphia"
"2001231649","06","67","67301","67301","2001","03","6","0712","07","1","1","0","1","1","","","N","01","2","00","3","0","1","2","2","N","N","39 58:30.360","75 11:41.640","9999","","9999","","0","","N","","3 ","","","","","","","","","","2","1","0","1","0","0","0","0","0","0","0","1","1","0","0","0","0","0","0","1","0","0","0","0","0","0","0","0","0","0","0","0","0","0","0","4","1","39.9752","-75.1949","","CRASH_2001_Philadelphia"
"2001233058","06","67","67301","67301","2001","04","5","1330","13","1","1","0","5","1","","","N","00","0","07","3","0","3","3","3","N","N","39 59:18.600","75 15:11.880","9999","","9999","","0","","N","","0 ","","","","","","","","","","3","0","0","0","0","1","2","0","0","0","0","1","1","0","2","0","0","0","0","0","0","0","1","0","0","0","0","0","0","0","0","0","0","0","0","4","0","39.9885","-75.2533","","CRASH_2001_Philadelphia"
"2001014305","06","67","67301","67301","2001","06","2","0650","06","1","1","0","4","1","","","N","05","2","00","3","0","1","2","2","N","N","40 03:23.087","75 01:44.916","0657","","0652","","0","","N","","3 ","","","","","","","","","","2","2","0","0","0","0","0","0","0","0","0","1","1","0","0","0","0","0","0","0","1","0","0","0","0","0","0","0","0","0","0","0","0","0","0","4","0","40.0564","-75.0291","","CRASH_2001_Philadelphia"
"2001019646","06","67","67301","67301","2001","05","3","0315","03","3","1","1","4","1","","","N","01","2","00","3","0","1","6","2","N","N","39 53:51.108","75 15:08.597","0400","","0350","1","1","2","N","","2 ","N","","","","","","","","","2","1","0","0","0","1","0","0","0","0","0","1","1","0","0","0","0","0","0","0","0","0","0","1","0","0","0","0","0","0","0","0","0","0","0","4","1","39.8974","-75.2522","","CRASH_2001_Philadelphia"
"2001204544","06","67","67301","67301","2001","01","5","1730","17","3","1","6","7","1","","","N","00","0","00","3","0","0","1","1","N","N","","","9999","","9999","","0","","N","","0 ","","","","","","","","","","1","1","0","0","0","0","0","0","0","0","0","0","0","0","0","0","0","0","0","0","0","0","0","0","0","0","0","0","0","0","0","0","0","0","0","0","0","","","","CRASH_2001_Philadelphia"
"2001207411","06","67","67301","67301","2001","01","6","1936","19","3","1","0","4","1","","","N","02","3","00","3","0","1","3","2","N","N","40 07:22.609","75 00:51.321","9999","","9999","","0","","N","","3 ","","","","","","","","","","2","1","0","0","1","0","0","0","0","0","0","1","1","0","0","0","0","0","0","0","0","0","0","1","0","0","0","0","0","0","0","0","0","0","0","4","0","40.1229","-75.0143","","CRASH_2001_Philadelphia"
"2001215634","06","67","67301","67301","2001","02","3","0150","01","3","1","0","4","1","","","N","01","3","00","3","0","2","4","2","N","N","40 04:03.345","75 10:28.851","9999","","9999","","0","","N","","3 ","","","","","","","","","","2","2","0","0","0","0","0","0","0","0","1","1","2","0","0","0","0","0","0","0","0","0","0","0","0","0","0","0","0","0","0","0","0","0","0","3","0","40.0676","-75.1747","","CRASH_2001_Philadelphia"
"2001217206","06","67","67301","67301","2001","03","7","1855","18","3","1","0","1","1","","","N","00","0","00","3","0","0","6","6","N","N","39 58:30.000","75 11:39.480","9999","","9999","","0","","N","","0 ","","","","","","","","","","6","4","0","0","0","0","1","0","0","0","0","0","0","0","0","0","0","0","0","0","0","0","0","0","0","0","0","0","0","0","0","0","0","0","0","0","0","39.975","-75.1943","","CRASH_2001_Philadelphia"
"2001239084","06","67","67301","67301","2001","04","1","1543","15","1","1","0","2","1","","","N","02","3","00","3","0","1","2","2","N","N","","","9999","","9999","","0","","N","","3 ","","","","","","","","","","1","0","0","0","1","0","0","0","1","0","0","0","0","0","1","0","0","0","0","0","0","0","0","0","0","0","0","0","0","0","0","0","0","0","0","9","0","","","","CRASH_2001_Philadelphia"
"2001016714","06","67","67301","67301","2001","06","6","1745","17","1","2","1","4","1","","","N","01","2","00","3","0","1","2","2","N","N","39 57:10.080","75 11:31.560","2230","","2225","","0","","N","","3 ","","","","","","","","","","1","1","0","0","0","0","0","0","1","0","0","1","1","0","0","0","0","0","0","0","0","0","0","0","0","0","0","0","0","0","0","0","0","0","0","4","0","39.9528","-75.1921","","CRASH_2001_Philadelphia"
"2001210638","06","67","67301","67301","2001","01","3","1313","13","1","2","1","7","1","","","N","00","0","00","3","0","1","2","1","N","N","","","9999","","9999","","0","","N","","0 ","","","","","","","","","","1","1","0","0","0","0","0","0","0","0","1","0","1","0","0","0","0","0","0","0","0","0","0","0","0","0","0","0","0","0","0","0","0","0","0","3","0","","","","CRASH_2001_Philadelphia"
"2001220856","06","67","67301","67501","2001","04","6","1410","14","1","2","1","7","2","","","N","00","0","00","3","0","0","3","1","N","N","","","9999","","9999","","0","","N","","0 ","","","","","","","","","","1","0","0","0","1","0","0","0","0","0","0","0","0","0","0","0","1","0","0","0","0","0","0","0","0","0","0","0","0","0","0","0","0","0","0","0","0","","","","CRASH_2001_Philadelphia"
"2001204572","06","67","67301","67301","2001","01","7","1933","19","3","1","0","4","1","","","N","01","2","00","3","0","0","2","2","N","N","39 57:19.800","75 11:17.520","9999","","9999","","0","","N","","3 ","","","","","","","","","","2","2","0","0","0","0","0","0","0","0","0","0","0","0","0","0","0","0","0","0","1","0","0","0","0","0","0","0","0","0","0","0","0","0","0","0","0","39.9555","-75.1882","","CRASH_2001_Philadelphia"
"2001233397","06","67","67301","67301","2001","03","4","0600","06","5","1","0","9","1","","","N","00","0","00","3","0","1","1","4","N","N","","","9999","","9999","","0","","N","","0 ","","","","","","","","","","4","0","1","0","0","0","0","0","0","0","1","0","1","0","0","0","0","0","0","0","0","0","0","0","0","0","0","0","0","0","0","0","0","0","0","3","0","","","","CRASH_2001_Philadelphia"
"2001019602","06","67","67301","67301","2001","05","4","1700","17","1","1","0","8","1","","","N","02","3","00","3","0","1","2","2","N","N","40 01:38.694","75 13:27.289","1732","","1720","","0","","N","","3 ","","","","","","","","","","1","1","0","0","0","0","0","0","0","0","1","0","1","0","0","0","0","0","0","0","0","0","0","1","0","0","0","0","0","0","0","0","1","0","0","3","0","40.0274","-75.2242","","CRASH_2001_Philadelphia"
"2001215523","06","67","67301","67301","2001","03","6","2030","20","3","1","0","4","1","","","N","02","3","07","3","0","0","2","2","N","N","","","9999","","9999","","0","","N","","3 ","","","","","","","","","","2","1","0","0","0","0","0","1","0","0","0","0","0","0","0","0","0","1","0","0","0","0","0","0","0","0","0","0","0","0","0","0","0","0","0","0","0","","","","CRASH_2001_Philadelphia"
"2001016971","06","67","67301","67301","2001","05","7","1211","12","1","2","1","4","1","","","N","01","2","00","3","0","1","3","2","N","N","40 02:42.000","75 05:18.960","1233","","1230","","0","","N","","3 ","","","","","","","","","","2","2","0","0","0","0","0","0","0","0","1","0","1","0","0","0","0","0","0","0","0","0","0","0","0","0","0","0","0","0","0","0","0","0","0","3","0","40.0455","-75.0883","","CRASH_2001_Philadelphia"
"2001210659","06","67","67301","67301","2001","02","2","1253","12","1","3","1","7","1","","","N","00","0","00","3","0","3","3","1","N","N","39 54:19.440","75 11:39.840","9999","","9999","","0","","N","","0 ","","","","","","","","","","1","1","0","0","0","0","0","0","0","0","0","3","3","0","0","0","0","0","0","0","0","0","0","0","0","0","0","0","0","0","0","0","0","0","0","4","0","39.9054","-75.1945","","CRASH_2001_Philadelphia"
"2001238243","06","67","67301","67301","2001","04","1","1215","12","1","2","1","4","1","","","N","01","3","00","3","0","0","2","2","N","N","","","9999","","9999","","0","","N","","3 ","","","","","","","","","","2","1","0","0","0","0","0","1","0","0","0","0","0","0","0","0","0","0","0","0","0","0","1","0","0","0","0","0","0","0","0","0","0","0","0","0","0","","","","CRASH_2001_Philadelphia"
"2001238998","06","67","67301","67301","2001","02","5","1745","17","1","1","0","4","1","","","N","01","2","00","3","0","6","6","6","N","N","40 01:04.800","75 08:58.200","9999","","9999","","0","","N","","3 ","","","","","","","","","","3","2","0","0","0","0","0","0","0","0","0","3","3","0","3","0","0","0","0","0","0","1","0","0","0","0","0","0","0","0","0","0","3","0","0","4","0","40.0179","-75.1494","","CRASH_2001_Philadelphia"
"2001244676","06","67","67301","67301","2001","05","5","1848","18","1","1","0","8","1","","","N","00","0","00","3","0","1","2","2","N","N","","","9999","","9999","","0","","N","","0 ","","","","","","","","","","1","1","0","0","0","0","0","0","0","0","0","1","1","0","0","0","0","0","0","0","1","0","0","1","0","0","0","0","0","0","0","0","1","0","0","4","0","","","","CRASH_2001_Philadelphia"
"2001009687","06","67","67301","67301","2001","07","4","0415","04","3","1","0","1","1","","","N","01","2","00","3","0","0","2","2","N","N","40 02:09.600","75 02:32.640","0422","","0422","","0","","N","","3 ","","","","","","","","","","2","2","0","0","0","0","0","0","0","0","0","0","0","0","1","0","0","1","0","0","0","0","0","0","0","0","0","0","0","0","0","0","0","0","0","9","0","40.036","-75.0425","","CRASH_2001_Philadelphia"
"2001016962","06","67","67301","67301","2001","05","7","0900","09","1","2","1","7","4","","","N","00","2","03","3","0","1","1","1","N","N","39 55:10.560","75 12:09.360","0915","","0910","","0","","N","","3 ","","","","","","","","","","1","1","0","0","0","0","0","0","0","0","0","1","1","0","0","0","0","0","0","0","0","0","0","0","0","0","0","0","0","0","0","0","0","0","0","4","0","39.9197","-75.2024","","CRASH_2001_Philadelphia"
"2001209076","06","67","67301","67301","2001","01","1","0645","06","3","1","5","7","1","","","N","01","2","00","3","0","1","1","1","N","N","39 54:14.400","75 14:25.080","9999","","9999","","0","","N","","3 ","","","","","","","","","","1","1","0","0","0","0","0","0","0","0","1","0","1","0","0","0","0","0","0","0","0","1","0","0","0","0","0","0","0","0","0","0","0","0","0","3","0","39.9041","-75.2403","","CRASH_2001_Philadelphia"
"2001233319","06","67","67301","67301","2001","03","3","2026","20","3","1","0","1","1","","","N","01","2","00","3","0","1","3","2","N","N","","","9999","","9999","","0","","N","","3 ","","","","","","","","","","2","2","0","0","0","0","0","0","0","0","0","0","0","0","1","0","0","0","0","0","0","0","0","0","0","0","0","0","0","0","0","0","0","0","0","9","0","","","","CRASH_2001_Philadelphia"
"2001211487","06","67","67301","67301","2001","02","2","0804","08","1","1","0","8","1","","","N","00","0","07","3","0","1","2","2","N","N","40 03:02.880","75 08:56.400","9999","","9999","","0","","N","","0 ","","","","","","","","","","1","1","0","0","0","0","0","0","0","0","0","1","1","0","0","0","0","0","0","0","1","0","0","0","0","0","0","0","0","0","0","0","1","0","0","4","0","40.0508","-75.1488","","CRASH_2001_Philadelphia"
"2001238106","06","67","67301","67301","2001","04","4","0935","09","1","1","1","4","1","","","N","01","3","00","3","0","1","2","2","N","N","","","9999","","9999","","0","","N","","3 ","","","","","","","","","","2","2","0","0","0","0","0","0","0","0","0","1","1","0","0","0","0","0","0","0","0","0","0","0","0","0","0","0","0","0","0","0","0","0","0","4","0","","","","CRASH_2001_Philadelphia"
"2001243462","06","67","67301","67301","2001","05","4","1700","17","1","2","0","8","1","","","N","00","0","00","3","0","1","2","2","N","N","","","9999","","9999","","0","","N","","0 ","","","","","","","","","","1","1","0","0","0","0","0","0","0","0","0","1","1","0","0","0","0","0","0","0","0","0","0","0","0","0","0","0","0","0","0","0","1","0","0","4","0","","","","CRASH_2001_Philadelphia"
"2001244903","06","67","67301","67301","2001","05","2","9999","99","1","1","0","1","1","","","N","02","0","00","3","0","1","7","2","N","N","40 00:57.960","75 08:59.280","9999","","9999","","0","","N","","0 ","","","","","","","","","","2","2","0","0","0","0","0","0","0","0","0","1","1","0","0","0","0","0","0","0","0","0","0","0","0","0","0","0","0","0","0","0","0","0","0","4","0","40.0161","-75.1496","","CRASH_2001_Philadelphia"
"2001008630","06","67","67301","67301","2001","06","1","1314","13","1","1","0","4","1","","","N","02","0","00","3","0","1","2","2","N","N","39 59:52.917","75 07:33.988","1322","","1315","","0","","N","","0 ","","","","","","","","","","2","2","0","0","0","0","0","0","0","0","0","1","1","0","0","0","0","0","0","0","0","0","0","2","0","0","0","0","0","0","0","0","0","0","0","4","0","39.998","-75.1261","","CRASH_2001_Philadelphia"
"2001204168","06","67","67301","67301","2001","01","6","2045","20","3","2","1","7","1","","","N","01","2","01","3","0","0","1","1","N","N","39 59:47.400","75 06:48.600","9999","","9999","","0","","N","","3 ","","","","","","","","","","1","1","0","0","0","0","0","0","0","0","0","0","0","0","0","0","0","0","0","0","0","0","0","0","0","0","0","0","0","0","0","0","0","0","0","0","0","39.9965","-75.1135","","CRASH_2001_Philadelphia"
"2001207836","06","67","67301","67301","2001","01","2","1526","15","1","1","0","4","1","","","N","01","2","00","3","0","3","4","2","Y","N","39 59:28.320","75 08:06.000","9999","","9999","","0","","N","","3 ","","","","","","","","","","2","1","0","1","0","0","0","0","0","0","0","3","3","0","0","0","0","0","0","0","1","0","0","0","0","0","0","0","0","0","0","0","0","0","0","4","1","39.9912","-75.135","","CRASH_2001_Philadelphia"
"2001209056","06","67","67301","67301","2001","01","2","0629","06","3","1","6","1","1","","","N","00","0","00","3","0","1","6","5","N","N","39 58:56.640","75 06:01.440","9999","","9999","","0","","N","","0 ","","","","","","","","","","5","3","0","0","0","0","1","1","0","0","0","0","0","0","1","0","0","0","1","0","1","0","0","0","0","0","0","0","0","0","0","0","0","0","0","9","0","39.9825","-75.1002","","CRASH_2001_Philadelphia"
"2001209097","06","67","67301","67301","2001","02","2","0700","07","5","2","1","8","1","","","N","01","2","00","3","0","2","4","4","N","N","40 02:32.280","75 03:02.520","9999","","9999","","0","","N","","3 ","","","","","","","","","","2","1","0","0","0","0","0","1","0","0","0","2","2","0","0","0","0","0","0","0","1","0","0","0","0","0","0","0","0","0","0","0","2","0","0","4","0","40.0424","-75.0506","","CRASH_2001_Philadelphia"
"2001216873","06","67","67301","67301","2001","03","7","1237","12","1","1","0","8","1","","","N","00","0","00","3","0","1","2","2","N","N","39 58:54.840","75 11:18.960","9999","","9999","","0","","N","","0 ","","","","","","","","","","1","1","0","0","0","0","0","0","0","0","1","0","1","0","0","0","0","0","0","0","0","0","0","0","0","0","0","0","0","0","0","0","1","0","0","3","0","39.9821","-75.1885","","CRASH_2001_Philadelphia"
"2001007359","06","67","67301","67301","2001","05","3","1614","16","1","1","0","1","1","","","N","00","0","00","3","0","3","7","4","N","N","39 54:00.360","75 09:37.080","1624","","1615","1","2","2","N","","0 ","N","","","","","","","","","4","4","0","0","0","0","0","0","0","0","0","3","3","0","0","0","0","0","0","0","1","0","0","3","0","0","0","0","0","0","0","0","0","0","0","4","0","39.9003","-75.1585","","CRASH_2001_Philadelphia"
"2001207388","06","67","67301","67301","2001","01","1","1727","17","3","1","0","8","1","","","N","00","0","00","3","0","2","2","2","N","N","","","9999","","9999","","0","","N","","0 ","","","","","","","","","","1","1","0","0","0","0","0","0","0","0","0","1","1","0","1","0","0","0","0","0","0","0","0","0","0","0","0","0","0","0","0","0","1","0","0","4","0","","","","CRASH_2001_Philadelphia"
"2001204547","06","67","67301","67301","2001","01","4","1835","18","3","1","6","1","1","","","N","00","0","00","3","0","0","2","2","N","N","40 04:27.480","75 05:05.280","9999","","9999","","0","","N","","0 ","","","","","","","","","","2","2","0","0","0","0","0","0","0","0","0","0","0","0","0","0","0","1","0","0","0","1","0","0","0","0","0","0","0","0","0","0","0","0","0","0","0","40.0742","-75.0848","","CRASH_2001_Philadelphia"
"2001204598","06","67","67301","67301","2001","01","5","2001","20","1","1","1","7","5","","","N","00","2","07","3","0","1","1","2","N","N","","","9999","","9999","","0","","N","","3 ","","","","","","","","","","2","1","0","0","0","0","0","0","0","0","1","0","1","0","0","0","0","0","0","0","0","0","1","0","0","0","0","0","0","0","0","0","0","0","0","3","0","","","","CRASH_2001_Philadelphia"
"2001207589","06","67","67301","67301","2001","01","6","1907","19","3","2","1","8","1","","","N","01","2","00","3","0","3","3","3","N","N","40 02:03.840","75 04:55.920","9999","","9999","","0","","N","","3 ","","","","","","","","","","1","0","0","0","0","0","0","0","0","0","2","0","2","0","1","0","0","0","0","0","0","0","0","0","0","0","0","0","0","0","0","0","2","0","0","3","0","40.0344","-75.0822","","CRASH_2001_Philadelphia"
"2001210716","06","67","67301","67301","2001","02","7","1606","16","1","1","0","5","1","","","N","00","0","00","3","0","1","3","3","N","N","39 58:31.080","75 11:30.480","9999","","9999","","0","","N","","0 ","","","","","","","","","","3","2","0","0","0","0","1","0","0","0","1","0","1","0","0","0","0","0","0","0","0","0","0","0","0","0","0","0","0","0","0","0","0","0","0","3","0","39.9753","-75.1917","","CRASH_2001_Philadelphia"
"2001214581","06","67","67301","67301","2001","02","2","1630","16","1","1","0","8","1","","","N","01","2","00","3","0","1","2","2","N","N","39 57:45.360","75 14:48.120","9999","","9999","","0","","N","","3 ","","","","","","","","","","1","1","0","0","0","0","0","0","0","0","0","1","1","0","0","0","0","0","0","0","0","0","0","0","0","0","0","0","0","0","0","0","1","0","0","4","0","39.9626","-75.2468","","CRASH_2001_Philadelphia"
"2001231092","06","67","67301","67301","2001","03","7","1827","18","3","2","1","1","1","","","N","05","2","00","3","0","2","4","2","N","N","40 04:06.960","75 09:24.480","9999","","9999","","0","","N","","3 ","","","","","","","","","","2","2","0","0","0","0","0","0","0","0","0","2","2","0","0","0","0","0","0","0","0","0","0","0","0","0","0","0","0","0","0","0","0","0","0","4","0","40.0686","-75.1568","","CRASH_2001_Philadelphia"
"2001233258","06","67","67301","67301","2001","04","1","1349","13","1","2","1","8","1","","","N","00","0","00","3","0","1","2","2","N","N","","","9999","","9999","","0","","N","","0 ","","","","","","","","","","1","1","0","0","0","0","0","0","0","0","0","0","0","0","1","0","0","0","0","0","0","0","0","0","0","0","0","0","0","0","0","0","1","0","0","9","0","","","","CRASH_2001_Philadelphia"
"2001238072","06","67","67301","67301","2001","04","6","9999","99","5","2","1","4","1","","","N","01","2","00","3","0","1","2","2","N","N","","","9999","","9999","","0","","N","","3 ","","","","","","","","","","1","0","0","0","0","0","0","0","1","0","0","1","1","0","0","0","0","0","0","0","0","0","0","0","0","0","0","0","0","0","0","0","0","0","0","4","0","","","","CRASH_2001_Philadelphia"
"2001240128","06","67","67301","67301","2001","04","5","0005","00","3","2","1","4","1","","","N","01","3","00","3","0","1","2","2","N","N","","","9999","","9999","","0","","N","","3 ","","","","","","","","","","2","2","0","0","0","0","0","0","0","0","0","1","1","0","0","0","0","1","0","0","0","0","0","0","0","0","0","0","0","0","0","0","0","0","0","4","0","","","","CRASH_2001_Philadelphia"
"2001244869","06","67","67301","67301","2001","05","6","1859","18","1","2","0","4","1","","","N","01","2","00","3","0","1","2","2","N","N","39 57:39.240","75 08:41.280","9999","","9999","","0","","N","","3 ","","","","","","","","","","2","1","0","0","1","0","0","0","0","0","0","1","1","0","0","0","0","0","0","0","0","0","0","0","0","0","0","0","0","0","0","0","0","0","0","4","0","39.9609","-75.145","","CRASH_2001_Philadelphia"
"2001207868","06","67","67301","67301","2001","01","7","1530","15","1","2","1","4","1","","","N","01","2","00","3","0","0","3","2","N","N","39 55:21.000","75 09:18.000","9999","","9999","","0","","N","","3 ","","","","","","","","","","2","2","0","0","0","0","0","0","0","0","0","0","0","0","0","0","0","0","0","0","1","0","0","0","0","0","0","0","0","0","0","0","0","0","0","0","0","39.9225","-75.155","","CRASH_2001_Philadelphia"
"2001204699","06","67","67301","67301","2001","01","7","0149","01","3","1","1","7","5","","","N","01","2","00","3","0","0","1","1","N","N","39 57:03.600","75 09:55.440","9999","","9999","","0","","N","","3 ","","","","","","","","","","1","1","0","0","0","0","0","0","0","0","0","0","0","0","0","0","0","0","0","0","0","0","0","0","0","0","0","0","0","0","0","0","0","0","0","0","0","39.951","-75.1654","","CRASH_2001_Philadelphia"
"2001214272","06","67","67301","67301","2001","02","4","0850","08","1","1","0","4","1","","","N","01","3","00","3","0","1","3","2","N","N","40 00:05.400","75 09:06.120","9999","","9999","","0","","N","","3 ","","","","","","","","","","2","2","0","0","0","0","0","0","0","0","0","1","1","0","0","0","0","0","0","0","0","0","0","0","0","0","0","0","0","0","0","0","0","0","0","4","0","40.0014","-75.1516","","CRASH_2001_Philadelphia"
"2001223909","06","67","67301","67301","2001","03","3","1540","15","1","2","1","4","1","","","N","01","0","00","3","0","1","2","2","N","N","","","9999","","9999","","0","","N","","0 ","","","","","","","","","","2","2","0","0","0","0","0","0","0","0","0","0","0","0","1","0","0","0","0","0","1","0","0","0","0","0","0","0","0","0","0","0","0","0","0","9","0","","","","CRASH_2001_Philadelphia"
"2001231186","06","67","67301","67301","2001","03","3","0121","01","3","1","0","1","1","","","N","01","2","00","3","0","2","3","2","N","N","40 05:07.080","75 02:14.280","9999","","9999","","0","","N","","3 ","","","","","","","","","","2","2","0","0","0","0","0","0","0","0","0","0","0","0","2","0","0","0","0","0","1","0","0","0","0","0","0","0","0","0","0","0","0","0","0","9","0","40.0855","-75.0374","","CRASH_2001_Philadelphia"
"2001243610","06","67","67301","67301","2001","04","3","0705","07","1","1","0","7","1","","","N","00","0","00","3","0","1","2","1","N","N","39 54:51.480","75 13:17.040","9999","","9999","","0","","N","","0 ","","","","","","","","","","1","1","0","0","0","0","0","0","0","0","0","1","1","0","0","0","0","0","0","0","0","0","0","0","0","0","0","0","0","0","0","0","0","0","0","4","0","39.9129","-75.2218","","CRASH_2001_Philadelphia"
"2001243646","06","67","67301","67301","2001","05","5","0314","03","3","1","0","7","5","","","N","00","0","00","3","0","1","1","1","N","N","","","9999","","9999","","0","","N","","0 ","","","","","","","","","","1","1","0","0","0","0","0","0","0","0","1","0","1","0","0","0","0","0","0","0","0","0","0","0","0","0","0","0","0","0","0","0","0","0","0","3","0","","","","CRASH_2001_Philadelphia"
"2001243750","06","67","67301","67301","2001","04","1","1612","16","1","1","0","4","1","","","N","01","2","00","3","0","2","2","3","N","N","40 02:12.120","75 07:57.000","9999","","9999","","0","","N","","3 ","","","","","","","","","","3","2","0","0","0","0","0","0","0","0","0","2","2","0","0","0","0","0","0","0","0","0","0","0","0","0","0","0","0","0","0","0","0","0","0","4","0","40.0367","-75.1325","","CRASH_2001_Philadelphia"
"2001244740","06","67","67301","67301","2001","05","7","1335","13","1","1","0","8","1","","","N","01","2","00","3","0","1","2","2","N","N","39 55:22.440","75 09:29.160","9999","","9999","","0","","N","","3 ","","","","","","","","","","1","1","0","0","0","0","0","0","0","0","0","0","0","0","1","0","0","0","0","0","0","0","0","0","0","0","0","0","0","0","0","0","1","0","0","9","0","39.9229","-75.1581","","CRASH_2001_Philadelphia"
"2001244851","06","67","67301","67301","2001","05","5","1543","15","1","1","0","4","1","","","N","01","2","00","3","0","1","33","2","Y","N","40 01:42.960","75 05:23.640","9999","","9999","","0","","N","","3 ","","","","","","","","","","2","1","0","1","0","0","0","0","0","0","1","0","1","0","0","0","0","0","0","0","2","0","0","0","0","0","0","0","0","0","0","0","0","0","0","3","1","40.029","-75.0892","","CRASH_2001_Philadelphia"