"CRN","DISTRICT","COUNTY","MUNICIPALITY","POLICE_AGCY","CRASH_YEAR","CRASH_MONTH","DAY_OF_WEEK","TIME_OF_DAY","HOUR_OF_DAY","ILLUMINATION","WEATHER","ROAD_CONDITION","COLLISION_TYPE","RELATION_TO_ROAD","WORK_ZONE_TYPE","WORK_ZONE_LOC","WORK_ZONE_IND","INTERSECT_TYPE","TCD_TYPE","LOCATION_TYPE","URBAN_RURAL","FATAL_COUNT","INJURY_COUNT","PERSON_COUNT","TOTAL_UNITS","SCH_BUS_IND","SCH_ZONE_IND","LATITUDE","LONGITUDE","ARRIVAL_TM","CONS_ZONE_SPD_LIM","DISPATCH_TM","EST_HRS_CLOSED","LANE_CLOSED","LN_CLOSE_DIR","NTFY_HIWY_MAINT","SPEC_JURIS_CD","TCD_FUNC_CD","TFC_DETOUR_IND","WORKERS_PRES","WZ_CLOSE_DETOUR","WZ_FLAGGER","WZ_LAW_OFFCR_IND","WZ_LN_CLOSURE","WZ_MOVING","WZ_OTHER","WZ_SHLDER_MDN","VEHICLE_COUNT","AUTOMOBILE_COUNT","MOTORCYCLE_COUNT","BUS_COUNT","SMALL_TRUCK_COUNT","HEAVY_TRUCK_COUNT","SUV_COUNT","VAN_COUNT","BICYCLE_COUNT","MAJ_INJ_COUNT","MOD_INJ_COUNT","MIN_INJ_COUNT","TOT_INJ_COUNT","UNK_INJ_DEG_COUNT","UNK_INJ_PER_COUNT","DRIVER_COUNT_16YR","DRIVER_COUNT_17YR","DRIVER_COUNT_18YR","DRIVER_COUNT_19YR","DRIVER_COUNT_20YR","DRIVER_COUNT_50_64YR","DRIVER_COUNT_65_74YR","DRIVER_COUNT_75PLUS","UNBELTED_OCC_COUNT","UNB_DEATH_COUNT","UNB_MAJ_INJ_COUNT","BELTED_DEATH_COUNT","BELTED_MAJ_INJ_COUNT","MCYCLE_DEATH_COUNT","MCYCLE_MAJ_INJ_COUNT","BICYCLE_DEATH_COUNT","BICYCLE_MAJ_INJ_COUNT","PED_COUNT","PED_DEATH_COUNT","PED_MAJ_INJ_COUNT","MAX_SEVERITY_LEVEL","COMM_VEH_COUNT","DEC_LAT","DEC_LONG","RDWY_SURF_TYPE_CD","COUNTY_YEAR"
"2001201580","06","67","67301","67301","2001","03","6","0915","09","1","1","0","1","1","","","N","02","3","00","3","0","2","3","2","N","N","40 00:26.687","75 05:27.357","9999","","9999","","0","","N","","3 ","","","","","","","","","","2","2","0","0","0","0","0","0","0","0","0","0","0","0","2","0","1","0","0","0","0","0","0","0","0","0","0","0","0","0","0","0","0","0","0","9","0","40.0074","-75.0909","","CRASH_2001_Philadelphia"
"2001214337","06","67","67301","67301","2001","02","6","1945","19","3","2","1","2","1","","","N","01","2","00","3","0","4","5","5","N","N","40 02:40.200","75 08:36.600","9999","","9999","","0","","N","","3 ","","","","","","","","","","5","5","0","0","0","0","0","0","0","0","0","1","1","0","3","0","0","0","0","0","2","0","0","0","0","0","0","0","0","0","0","0","0","0","0","4","0","40.0444","-75.1434","","CRASH_2001_Philadelphia"
"2001229599","06","67","67301","67301","2001","03","1","1420","14","1","1","0","4","1","","","N","01","9","00","3","0","1","5","2","N","N","","","9999","","9999","","0","","N","","9 ","","","","","","","","","","2","1","0","0","0","0","0","1","0","0","1","0","1","0","0","0","1","0","0","0","0","0","0","0","0","0","0","0","0","0","0","0","0","0","0","3","0","","","","CRASH_2001_Philadelphia"
"2001238167","06","67","67301","67301","2001","04","1","0238","02","3","1","0","6","1","","","N","00","0","00","3","0","0","2","5","N","N","","","9999","","9999","","0","","N","","0 ","","","","","","","","","","5","1","0","0","1","0","0","0","0","0","0","0","0","0","0","0","0","0","0","0","0","0","0","0","0","0","0","0","0","0","0","0","0","0","0","0","0","","","","CRASH_2001_Philadelphia"
"2001243499","06","67","67301","67301","2001","04","1","1735","17","1","1","0","5","1","","","N","00","0","00","3","0","1","2","2","N","N","39 58:54.120","75 07:02.640","9999","","9999","","0","","N","","0 ","","","","","","","","","","1","1","0","0","0","0","0","0","1","0","0","1","1","0","0","0","0","0","0","0","0","0","0","0","0","0","0","0","0","0","0","0","0","0","0","4","0","39.9806","-75.1179","","CRASH_2001_Philadelphia"
"2001206018","06","67","67301","67301","2001","01","1","0224","02","2","1","0","6","1","","","N","00","0","00","3","0","0","4","2","N","N","","","9999","","9999","","0","","N","","0 ","","","","","","","","","","2","2","0","0","0","0","0","0","0","0","0","0","0","0","0","0","0","0","0","0","0","0","0","0","0","0","0","0","0","0","0","0","0","0","0","0","0","","","","CRASH_2001_Philadelphia"
"2001207667","06","67","67301","67301","2001","01","7","0024","00","3","2","1","4","1","","","N","01","3","00","3","0","0","3","2","N","N","","","9999","","9999","","0","","N","","3 ","","","","","","","","","","2","1","0","0","1","0","0","0","0","0","0","0","0","0","0","0","0","0","0","1","0","0","0","0","0","0","0","0","0","0","0","0","0","0","0","0","0","","","","CRASH_2001_Philadelphia"
"2001211476","06","67","67301","67301","2001","02","2","0334","03","3","2","1","7","5","","","N","00","0","02","3","0","1","1","1","N","N","40 00:15.480","75 11:40.200","9999","","9999","","0","","N","","0 ","","","","","","","","","","1","1","0","0","0","0","0","0","0","0","0","1","1","0","0","0","0","0","0","0","0","0","0","1","0","0","0","0","0","0","0","0","0","0","0","4","0","40.0028","-75.1944","","CRASH_2001_Philadelphia"
"2001215533","06","67","67301","67301","2001","03","3","1340","13","1","3","1","8","1","","","N","00","0","00","3","0","1","2","2","N","N","39 58:34.320","75 12:34.200","9999","","9999","","0","","N","","0 ","","","","","","","","","","1","0","0","0","0","0","0","0","0","0","0","1","1","0","0","0","0","0","0","0","0","0","0","0","0","0","0","0","0","0","0","0","1","0","0","4","0","39.9763","-75.2096","","CRASH_2001_Philadelphia"
"2001240103","06","67","67301","67301","2001","04","5","0930","09","1","1","0","4","1","","","N","00","0","07","3","0","0","3","2","N","N","40 07:09.840","75 01:03.720","9999","","9999","","0","","N","","0 ","","","","","","","","","","2","2","0","0","0","0","0","0","0","0","0","0","0","0","0","0","0","0","0","0","0","1","0","0","0","0","0","0","0","0","0","0","0","0","0","0","0","40.1194","-75.0177","","CRASH_2001_Philadelphia"
"2001244829","06","67","67301","67301","2001","05","1","1135","11","1","1","0","9","1","","","N","00","0","00","3","0","1","1","3","N","N","39 58:15.600","75 12:54.720","9999","","9999","","0","","N","","0 ","","","","","","","","","","3","1","0","0","0","0","0","0","0","0","0","1","1","0","0","0","0","0","0","0","0","0","0","0","0","0","0","0","0","0","0","0","0","0","0","4","0","39.971","-75.2151","","CRASH_2001_Philadelphia"
"2001007014","06","67","67301","67301","2001","06","1","1854","18","1","1","0","2","1","","","N","00","0","00","3","0","0","2","3","N","N","39 57:46.282","75 13:02.614","1857","","1855","","0","","N","","0 ","","","","","","","","","","3","2","1","0","0","0","0","0","0","0","0","0","0","0","0","0","0","0","0","0","0","0","1","0","0","0","0","0","0","0","0","0","0","0","0","0","0","39.9625","-75.2162","","CRASH_2001_Philadelphia"
"2001008711","06","67","67301","67301","2001","05","2","1600","16","1","2","1","4","1","","","N","01","3","00","3","0","1","2","2","N","N","40 01:24.000","75 09:51.042","0415","","0410","","0","","N","","9 ","","","","","","","","","","2","2","0","0","0","0","0","0","0","0","1","0","1","0","0","0","0","0","0","0","0","0","0","0","0","0","0","0","0","0","0","0","0","0","0","3","0","40.0234","-75.164","","CRASH_2001_Philadelphia"
"2001209142","06","67","67301","67301","2001","01","4","1400","14","1","1","0","4","1","","","N","01","3","00","3","0","2","4","3","N","N","39 55:39.360","75 11:38.400","9999","","9999","","0","","N","","3 ","","","","","","","","","","3","2","0","1","0","0","0","0","0","0","0","2","2","0","0","0","0","0","0","0","0","0","0","0","0","0","0","0","0","0","0","0","0","0","0","4","1","39.9275","-75.1941","","CRASH_2001_Philadelphia"
"2001211350","06","67","67301","67301","2001","02","4","1754","17","3","2","1","6","1","","","N","00","0","00","3","0","2","4","3","N","N","","","9999","","9999","","0","","N","","0 ","","","","","","","","","","3","1","0","0","0","0","1","0","0","0","0","2","2","0","0","0","0","0","0","0","0","0","0","0","0","0","0","0","0","0","0","0","0","0","0","4","0","","","","CRASH_2001_Philadelphia"
"2001015113","06","67","67301","67301","2001","06","7","0605","06","5","1","0","4","1","","","N","01","2","00","3","0","1","5","2","N","N","39 55:30.550","75 10:16.611","0607","","0605","","0","","N","","3 ","","","","","","","","","","2","1","0","0","1","0","0","0","0","0","0","1","1","0","0","0","0","0","0","0","0","0","0","0","0","0","0","0","0","0","0","0","0","0","0","4","0","39.9252","-75.1713","","CRASH_2001_Philadelphia"
"2001204538","06","67","67301","67301","2001","01","7","1300","13","1","1","6","9","1","","","N","00","0","00","3","0","1","1","3","N","N","","","9999","","9999","","0","","N","","0 ","","","","","","","","","","3","1","0","0","0","0","0","0","0","0","0","1","1","0","0","0","0","0","0","0","0","0","0","0","0","0","0","0","0","0","0","0","0","0","0","4","0","","","","CRASH_2001_Philadelphia"
"2001223850","06","67","67301","67301","2001","03","2","2200","22","3","2","1","9","1","","","N","00","0","00","3","0","1","1","2","N","N","40 01:35.760","75 09:37.440","9999","","9999","","0","","N","","0 ","","","","","","","","","","2","0","0","0","1","0","0","0","0","0","0","1","1","0","0","0","0","0","0","0","0","0","0","0","0","0","0","0","0","0","0","0","0","0","0","4","0","40.0266","-75.1605","","CRASH_2001_Philadelphia"
"2001223907","06","67","67301","67301","2001","03","1","0131","01","3","1","0","9","1","","","N","00","0","00","3","0","0","1","2","N","N","","","9999","","9999","","0","","N","","0 ","","","","","","","","","","2","1","0","0","0","0","0","0","0","0","0","0","0","0","0","0","0","0","0","0","0","0","0","0","0","0","0","0","0","0","0","0","0","0","0","0","0","","","","CRASH_2001_Philadelphia"
"2001217037","06","67","67301","67301","2001","03","7","2022","20","3","1","0","1","1","","","N","00","0","00","3","0","1","4","2","N","N","","","9999","","9999","","0","","N","","0 ","","","","","","","","","","2","1","0","0","0","0","0","0","0","0","0","1","1","0","0","0","0","0","0","0","0","0","0","0","0","0","0","0","0","0","0","0","0","0","0","4","0","","","","CRASH_2001_Philadelphia"
"2001223838","06","67","67301","67301","2001","03","2","1710","17","1","1","0","8","1","","","N","01","2","00","3","0","2","2","2","N","N","","","9999","","9999","","0","","N","","3 ","","","","","","","","","","1","0","0","0","0","0","0","0","0","0","0","0","0","0","2","0","0","0","0","0","0","0","0","0","0","0","0","0","0","0","0","0","1","0","0","9","0","","","","CRASH_2001_Philadelphia"
"2001233242","06","67","67301","67301","2001","04","2","1740","17","1","1","0","8","1","","","N","00","0","00","3","0","1","2","2","N","N","","","9999","","9999","","0","","N","","0 ","","","","","","","","","","1","1","0","0","0","0","0","0","0","0","0","0","0","0","1","0","0","0","0","0","0","0","0","1","0","0","0","0","0","0","0","0","1","0","0","9","0","","","","CRASH_2001_Philadelphia"
"2001233333","06","67","67301","67301","2001","03","3","1400","14","1","1","0","8","1","","","N","01","3","00","3","0","2","2","2","N","N","40 00:06.037","75 07:44.813","9999","","9999","","0","","N","","3 ","","","","","","","","","","1","0","0","0","0","0","0","0","0","1","0","0","1","0","1","0","0","0","0","0","0","0","0","0","0","0","0","0","0","0","0","0","1","0","1","2","0","40.0017","-75.1291","","CRASH_2001_Philadelphia"
"2001233487","06","67","67301","67301","2001","03","7","0030","00","3","1","0","7","5","","","N","00","0","00","3","0","1","1","1","N","N","","","9999","","9999","","0","","N","","0 ","","","","","","","","","","1","1","0","0","0","0","0","0","0","0","0","1","1","0","0","0","0","0","0","1","0","0","0","0","0","0","0","0","0","0","0","0","0","0","0","4","0","","","","CRASH_2001_Philadelphia"
"2001238110","06","67","67301","67301","2001","04","7","0510","05","3","1","0","7","2","","","N","00","0","00","3","0","0","1","1","N","N","39 57:42.480","75 10:57.360","9999","","9999","","0","","N","","0 ","","","","","","","","","","1","1","0","0","0","0","0","0","0","0","0","0","0","0","0","0","0","0","0","0","0","0","0","0","0","0","0","0","0","0","0","0","0","0","0","0","0","39.9617","-75.1825","","CRASH_2001_Philadelphia"
"2001243284","06","67","67301","67301","2001","04","1","0300","03","3","1","0","9","1","","","N","02","3","00","3","0","0","1","2","N","N","","","9999","","9999","","0","","N","","3 ","","","","","","","","","","2","1","0","0","0","0","0","0","0","0","0","0","0","0","0","0","0","0","0","0","0","0","0","0","0","0","0","0","0","0","0","0","0","0","0","0","0","","","","CRASH_2001_Philadelphia"
"2001016729","06","67","67301","67301","2001","06","2","0045","00","3","1","0","4","1","1","8","Y","03","2","00","3","0","2","4","2","N","N","39 57:52.336","75 08:03.421","1300","35","0055","","0","","N","","3 ","","N","","","U","","","","","2","2","0","0","0","0","0","0","0","0","0","2","2","0","0","0","0","0","1","0","0","0","0","0","0","0","0","0","0","0","0","0","0","0","0","4","0","39.9644","-75.1343","","CRASH_2001_Philadelphia"
"2001201183","06","67","67301","67301","2001","02","4","1740","17","3","1","0","6","1","","","N","01","0","00","3","0","1","3","2","N","N","40 05:27.960","75 02:49.200","9999","","9999","","0","","N","","0 ","","","","","","","","","","2","1","0","0","0","0","1","0","0","0","0","1","1","0","0","0","1","0","0","0","0","0","0","0","0","0","0","0","0","0","0","0","0","0","0","4","0","40.0911","-75.047","","CRASH_2001_Philadelphia"
"2001209157","06","67","67301","67301","2001","02","5","1047","10","1","1","0","9","1","","","N","00","0","00","3","0","1","1","5","N","N","","","9999","","9999","","0","","N","","0 ","","","","","","","","","","5","1","0","0","0","0","0","0","0","0","0","0","0","0","1","0","0","0","0","0","0","0","0","0","0","0","0","0","0","0","0","0","0","0","0","9","0","","","","CRASH_2001_Philadelphia"
"2001240045","06","67","67301","67301","2001","04","2","2322","23","3","1","0","1","1","","","N","00","0","03","3","0","1","3","3","N","N","40 01:14.160","75 09:32.040","9999","","9999","","0","","N","","0 ","","","","","","","","","","3","2","0","0","0","0","0","0","0","0","0","1","1","0","0","0","0","1","1","0","0","0","0","0","0","0","0","0","0","0","0","0","0","0","0","4","0","40.0206","-75.1589","","CRASH_2001_Philadelphia"
"2001008710","06","67","67301","67301","2001","06","6","1340","13","1","1","0","5","1","","","N","01","2","00","3","0","3","6","3","N","N","39 59:44.089","75 10:03.345","1350","","1346","","0","","N","","3 ","","","","","","","","","","3","3","0","0","0","0","0","0","0","0","0","3","3","0","0","0","0","0","0","0","0","0","0","0","0","0","0","0","0","0","0","0","0","0","0","4","0","39.9956","-75.1675","","CRASH_2001_Philadelphia"
"2001213089","06","67","67301","67301","2001","02","7","0107","01","3","2","1","7","5","","","N","00","0","00","3","0","1","2","1","N","N","39 57:43.560","75 10:58.080","9999","","9999","","0","","N","","0 ","","","","","","","","","","1","1","0","0","0","0","0","0","0","0","0","0","0","0","1","0","0","0","0","0","0","0","0","0","0","0","0","0","0","0","0","0","0","0","0","9","0","39.9621","-75.1828","","CRASH_2001_Philadelphia"
"2001231569","06","67","67301","67301","2001","03","6","0600","06","5","2","1","9","1","8","8","Y","00","0","00","3","0","1","1","4","N","N","","","9999","99","9999","","0","","N","","0 ","","U","","","U","","","","","4","0","0","0","0","0","1","0","0","0","0","1","1","0","0","0","0","0","1","0","0","0","0","0","0","0","0","0","0","0","0","0","0","0","0","4","0","","","","CRASH_2001_Philadelphia"
"2001008762","06","67","67301","67301","2001","05","2","0120","01","3","2","1","1","1","","","N","02","2","00","3","0","1","2","2","N","N","39 55:47.280","75 08:39.120","0125","","0120","","0","","N","","3 ","","","","","","","","","","2","2","0","0","0","0","0","0","0","0","0","1","1","0","0","0","0","0","0","0","0","0","0","0","0","0","0","0","0","0","0","0","0","0","0","4","0","39.9298","-75.1442","","CRASH_2001_Philadelphia"
"2001207368","06","67","67301","67301","2001","01","3","1605","16","1","1","1","4","1","","","N","01","3","00","3","0","1","2","2","N","N","39 59:44.937","75 07:56.495","9999","","9999","","0","","N","","3 ","","","","","","","","","","2","1","0","0","1","0","0","0","0","0","0","1","1","0","0","0","0","0","0","0","0","0","0","0","0","0","0","0","0","0","0","0","0","0","0","4","0","39.9958","-75.1324","","CRASH_2001_Philadelphia"
"2001211364","06","67","67301","67301","2001","02","4","1330","13","1","1","0","4","1","","","N","02","3","00","3","0","1","3","2","N","N","40 07:22.609","75 00:51.321","9999","","9999","","0","","N","","3 ","","","","","","","","","","2","2","0","0","0","0","0","0","0","0","0","0","0","0","1","0","0","0","0","0","0","0","0","0","0","0","0","0","0","0","0","0","0","0","0","9","0","40.1229","-75.0143","","CRASH_2001_Philadelphia"
"2001223811","06","67","67301","67301","2001","03","1","0625","06","1","1","0","4","1","","","N","01","2","00","3","0","2","2","2","N","N","39 56:02.760","75 10:03.000","9999","","9999","","0","","N","","3 ","","","","","","","","","","1","0","0","0","0","0","0","1","1","0","1","0","1","0","1","0","0","0","0","0","0","0","0","0","0","0","0","0","0","0","0","0","0","0","0","3","0","39.9341","-75.1675","","CRASH_2001_Philadelphia"
"2001231140","06","67","67301","67301","2001","03","2","1905","19","3","1","0","4","1","","","N","01","3","00","3","0","1","2","2","N","N","40 02:28.449","75 08:34.976","9999","","9999","","0","","N","","3 ","","","","","","","","","","2","1","0","0","0","0","1","0","0","0","0","0","0","0","1","0","0","0","1","0","0","0","0","0","0","0","0","0","0","0","0","0","0","0","0","9","0","40.0412","-75.143","","CRASH_2001_Philadelphia"
"2001231226","06","67","67301","67301","2001","03","2","2328","23","3","1","0","4","1","","","N","01","2","00","3","0","0","2","2","N","N","","","9999","","9999","","0","","N","","3 ","","","","","","","","","","2","2","0","0","0","0","0","0","0","0","0","0","0","0","0","0","0","0","0","0","0","0","0","0","0","0","0","0","0","0","0","0","0","0","0","0","0","","","","CRASH_2001_Philadelphia"
"2001238955","06","67","67301","67301","2001","04","7","0647","06","5","1","0","7","1","","","N","00","0","00","3","0","0","3","1","N","N","40 01:14.520","75 09:22.320","9999","","9999","","0","","N","","0 ","","","","","","","","","","1","1","0","0","0","0","0","0","0","0","0","0","0","0","0","0","0","1","0","0","0","0","0","0","0","0","0","0","0","0","0","0","0","0","0","0","0","40.0206","-75.1561","","CRASH_2001_Philadelphia"
"2001206162","06","67","67301","67301","2001","01","3","0900","09","1","1","5","6","1","","","N","00","0","00","3","0","0","2","2","N","N","","","9999","","9999","","0","","N","","0 ","","","","","","","","","","2","1","0","0","1","0","0","0","0","0","0","0","0","0","0","0","0","0","0","0","1","0","0","0","0","0","0","0","0","0","0","0","0","0","0","0","0","","","","CRASH_2001_Philadelphia"
"2001206686","06","67","67301","67301","2001","01","7","0625","06","3","1","0","5","1","","","N","07","0","02","3","0","2","3","2","N","N","40 00:37.440","75 11:06.360","9999","","9999","","0","","N","","0 ","","","","","","","","","","2","1","0","0","0","0","0","0","0","0","0","0","0","0","2","0","0","0","0","0","0","0","0","2","0","0","0","0","0","0","0","0","0","0","0","9","0","40.0106","-75.1846","","CRASH_2001_Philadelphia"
"2001206720","06","67","67301","67301","2001","01","6","0910","09","1","2","1","4","1","","","N","01","3","00","3","0","1","3","2","Y","N","40 02:15.720","75 04:28.200","9999","","9999","","0","","N","","3 ","","","","","","","","","","2","1","0","1","0","0","0","0","0","0","0","0","0","0","1","0","0","0","0","0","0","0","0","0","0","0","0","0","0","0","0","0","0","0","0","9","1","40.0378","-75.0744","","CRASH_2001_Philadelphia"
"2001207425","06","67","67301","67301","2001","01","5","0943","09","1","1","0","5","1","","","N","02","0","00","3","0","1","3","2","N","N","39 56:21.793","75 11:20.817","9999","","9999","","0","","N","","0 ","","","","","","","","","","2","2","0","0","0","0","0","0","0","0","0","0","0","0","1","0","0","0","0","0","0","0","0","0","0","0","0","0","0","0","0","0","0","0","0","9","0","39.9394","-75.1891","","CRASH_2001_Philadelphia"
"2001223784","06","67","67301","67301","2001","03","3","1645","16","1","2","1","1","1","","","N","01","2","00","3","0","4","4","3","N","N","40 03:09.360","75 13:37.200","9999","","9999","","0","","N","","3 ","","","","","","","","","","3","3","0","0","0","0","0","0","0","0","0","0","0","0","4","0","0","0","0","0","0","0","0","0","0","0","0","0","0","0","0","0","0","0","0","9","0","40.0528","-75.2276","","CRASH_2001_Philadelphia"
"2001233434","06","67","67301","67301","2001","03","5","1500","15","1","2","0","8","1","","","N","01","2","00","3","0","1","2","2","N","N","39 59:48.480","75 06:12.240","9999","","9999","","0","","N","","3 ","","","","","","","","","","1","1","0","0","0","0","0","0","0","0","1","0","1","0","0","0","0","0","0","0","0","0","0","0","0","0","0","0","0","0","0","0","1","0","0","3","0","39.9968","-75.1034","","CRASH_2001_Philadelphia"
"2001208937","06","67","67301","67301","2001","01","5","0721","07","1","1","0","4","1","","","N","01","3","00","3","0","1","2","2","N","N","40 04:17.421","75 09:55.555","9999","","9999","","0","","N","","3 ","","","","","","","","","","2","1","0","0","0","0","1","0","0","0","0","0","0","0","1","0","0","0","0","0","2","0","0","0","0","0","0","0","0","0","0","0","0","0","0","9","0","40.0715","-75.1654","","CRASH_2001_Philadelphia"
"2001239074","06","67","67301","67301","2001","04","2","0843","08","1","1","0","8","1","","","N","01","2","00","3","0","1","2","2","N","N","39 55:24.549","75 09:45.954","9999","","9999","","0","","N","","3 ","","","","","","","","","","1","1","0","0","0","0","0","0","0","0","1","0","1","0","0","0","0","0","0","0","0","0","0","0","0","0","0","0","0","0","0","0","1","0","0","3","0","39.9235","-75.1628","","CRASH_2001_Philadelphia"
"2001240183","06","67","67301","67301","2001","04","4","1400","14","1","1","0","4","1","","","N","01","3","00","3","0","1","2","2","N","N","40 03:52.970","75 10:39.784","9999","","9999","","0","","N","","3 ","","","","","","","","","","2","0","0","0","1","0","0","1","0","0","0","0","0","0","1","0","0","0","1","0","0","0","0","0","0","0","0","0","0","0","0","0","0","0","0","9","0","40.0647","-75.1777","","CRASH_2001_Philadelphia"
"2001007300","06","67","67301","67301","2001","05","1","1515","15","1","1","0","1","1","","","N","01","9","00","3","0","2","2","3","N","N","","","1527","","1522","","0","","N","","3 ","","","","","","","","","","3","1","2","0","0","0","0","0","0","0","1","1","2","0","0","0","0","0","0","1","0","0","0","0","0","0","0","0","0","0","0","0","0","0","0","3","0","","","","CRASH_2001_Philadelphia"
"2001207611","06","67","67301","67301","2001","01","6","1215","12","1","1","0","4","1","","","N","01","2","00","3","0","2","2","2","N","N","39 56:26.160","75 13:08.040","9999","","9999","","0","","N","","3 ","","","","","","","","","","2","2","0","0","0","0","0","0","0","0","0","1","1","0","1","0","0","0","0","0","0","1","0","0","0","0","0","0","0","0","0","0","0","0","0","4","0","39.9406","-75.2189","","CRASH_2001_Philadelphia"
"2001207618","06","67","67301","67301","2001","01","6","1315","13","1","2","1","8","1","","","N","01","9","00","3","0","1","2","2","N","N","40 00:11.880","75 09:57.600","9999","","9999","","0","","N","","9 ","","","","","","","","","","1","1","0","0","0","0","0","0","0","0","0","1","1","0","0","0","0","0","0","0","1","0","0","0","0","0","0","0","0","0","0","0","1","0","0","4","0","40.0033","-75.1659","","CRASH_2001_Philadelphia"
"2001209168","06","67","67301","67301","2001","01","1","1530","15","1","1","0","4","1","","","N","01","2","00","3","0","1","2","2","N","N","39 57:27.360","75 13:02.280","9999","","9999","","0","","N","","3 ","","","","","","","","","","1","0","0","0","1","0","0","0","1","0","1","0","1","0","0","0","0","0","0","0","1","0","0","0","0","0","0","0","0","0","0","0","0","0","0","3","0","39.9575","-75.2173","","CRASH_2001_Philadelphia"
"2001217204","06","67","67301","67301","2001","03","1","0104","01","3","1","0","7","1","","","N","00","0","00","3","0","0","1","1","N","N","39 57:45.000","75 08:21.480","9999","","9999","","0","","N","","0 ","","","","","","","","","","1","1","0","0","0","0","0","0","0","0","0","0","0","0","0","0","0","0","0","0","1","0","0","0","0","0","0","0","0","0","0","0","0","0","0","0","0","39.9622","-75.1394","","CRASH_2001_Philadelphia"
"2001231650","06","67","67301","67301","2001","03","7","0715","07","5","2","0","1","1","","","N","00","0","00","3","0","1","7","2","N","N","39 59:49.920","75 07:09.120","9999","","9999","","0","","N","","0 ","","","","","","","","","","2","1","0","1","0","0","0","0","0","0","0","0","0","0","1","0","0","0","0","0","0","0","0","0","0","0","0","0","0","0","0","0","0","0","0","9","1","39.9972","-75.1192","","CRASH_2001_Philadelphia"
"2001239083","06","67","67301","67301","2001","04","1","1322","13","1","1","0","1","1","","","N","01","2","00","3","0","1","4","2","N","N","40 04:08.760","75 00:25.560","9999","","9999","","0","","N","","3 ","","","","","","","","","","2","2","0","0","0","0","0","0","0","0","1","0","1","0","0","0","0","0","0","0","0","1","0","0","0","0","0","0","0","0","0","0","0","0","0","3","0","40.0691","-75.0073","","CRASH_2001_Philadelphia"
"2001006533","06","67","67301","67301","2001","06","3","1955","19","1","1","0","4","1","","","N","00","2","00","3","0","1","3","2","N","N","39 57:13.000","75 11:10.167","1957","","1955","","0","","N","","3 ","","","","","","","","","","2","2","0","0","0","0","0","0","0","0","0","1","1","0","0","0","0","0","0","0","1","0","0","0","0","0","0","0","0","0","0","0","0","0","0","4","0","39.9536","-75.1861","","CRASH_2001_Philadelphia"
"2001209093","06","67","67301","67301","2001","02","7","2100","21","3","1","0","4","1","","","N","01","2","00","3","0","2","3","2","N","N","40 07:24.600","75 00:55.080","9999","","9999","","0","","N","","3 ","","","","","","","","","","2","1","0","0","1","0","0","0","0","0","0","0","0","0","2","0","0","0","0","0","1","0","0","0","0","0","0","0","0","0","0","0","0","0","0","9","0","40.1235","-75.0154","","CRASH_2001_Philadelphia"
"2001215554","06","67","67301","67301","2001","03","1","1005","10","1","2","1","0","5","","","N","00","0","00","3","0","1","1","1","N","N","39 55:06.240","75 12:29.880","9999","","9999","","0","","N","","0 ","","","","","","","","","","1","1","0","0","0","0","0","0","0","0","1","0","1","0","0","0","0","0","0","0","0","0","0","0","0","0","0","0","0","0","0","0","0","0","0","3","0","39.9178","-75.2109","","CRASH_2001_Philadelphia"
"2001223914","06","67","67301","67301","2001","03","6","0722","07","3","2","1","1","1","","","N","00","0","00","3","0","4","4","2","N","N","39 58:22.080","75 11:36.960","9999","","9999","","0","","N","","0 ","","","","","","","","","","2","2","0","0","0","0","0","0","0","0","0","3","3","0","1","0","0","0","0","0","0","0","0","1","0","0","0","0","0","0","0","0","0","0","0","4","0","39.9728","-75.1936","","CRASH_2001_Philadelphia"
"2001233514","06","67","67301","67301","2001","03","5","2325","23","3","2","1","7","1","","","N","03","3","02","3","0","1","1","1","N","N","","","9999","","9999","","0","","N","","3 ","","","","","","","","","","1","1","0","0","0","0","0","0","0","0","0","1","1","0","0","0","0","0","0","0","0","0","0","0","0","0","0","0","0","0","0","0","0","0","0","4","0","","","","CRASH_2001_Philadelphia"
"2001240272","06","67","67301","67301","2001","04","7","1400","14","1","1","0","4","1","","","N","01","2","00","3","0","3","5","2","N","N","39 56:28.320","75 12:33.840","9999","","9999","","0","","N","","3 ","","","","","","","","","","2","1","0","0","0","0","0","0","0","0","3","0","3","0","0","0","0","0","0","0","0","0","0","0","0","0","0","0","0","0","0","0","0","0","0","3","0","39.9413","-75.2094","","CRASH_2001_Philadelphia"
"2001009255","06","67","67301","67301","2001","06","4","1751","17","1","1","0","8","1","","","N","01","2","00","3","0","1","3","2","N","N","39 58:25.927","75 10:41.847","1758","","1751","","0","","N","","3 ","","","","","","","","","","1","0","0","0","1","0","0","0","0","0","0","1","1","0","0","0","0","0","0","0","0","0","0","0","0","0","0","0","0","0","0","0","1","0","0","4","0","39.9739","-75.1783","","CRASH_2001_Philadelphia"
"2001019657","06","67","67301","67301","2001","05","5","1930","19","1","1","0","4","1","","","N","02","0","00","3","0","1","3","2","N","N","39 56:09.731","75 14:04.091","1933","","1932","","0","","N","","0 ","","","","","","","","","","2","2","0","0","0","0","0","0","0","0","1","0","1","0","0","0","0","0","0","0","0","0","0","0","0","0","0","0","0","0","0","0","0","0","0","3","0","39.936","-75.2345","","CRASH_2001_Philadelphia"