"CRN","DISTRICT","COUNTY","MUNICIPALITY","POLICE_AGCY","CRASH_YEAR","CRASH_MONTH","DAY_OF_WEEK","TIME_OF_DAY","HOUR_OF_DAY","ILLUMINATION","WEATHER","ROAD_CONDITION","COLLISION_TYPE","RELATION_TO_ROAD","WORK_ZONE_TYPE","WORK_ZONE_LOC","WORK_ZONE_IND","INTERSECT_TYPE","TCD_TYPE","LOCATION_TYPE","URBAN_RURAL","FATAL_COUNT","INJURY_COUNT","PERSON_COUNT","TOTAL_UNITS","SCH_BUS_IND","SCH_ZONE_IND","LATITUDE","LONGITUDE","ARRIVAL_TM","CONS_ZONE_SPD_LIM","DISPATCH_TM","EST_HRS_CLOSED","LANE_CLOSED","LN_CLOSE_DIR","NTFY_HIWY_MAINT","SPEC_JURIS_CD","TCD_FUNC_CD","TFC_DETOUR_IND","WORKERS_PRES","WZ_CLOSE_DETOUR","WZ_FLAGGER","WZ_LAW_OFFCR_IND","WZ_LN_CLOSURE","WZ_MOVING","WZ_OTHER","WZ_SHLDER_MDN","VEHICLE_COUNT","AUTOMOBILE_COUNT","MOTORCYCLE_COUNT","BUS_COUNT","SMALL_TRUCK_COUNT","HEAVY_TRUCK_COUNT","SUV_COUNT","VAN_COUNT","BICYCLE_COUNT","MAJ_INJ_COUNT","MOD_INJ_COUNT","MIN_INJ_COUNT","TOT_INJ_COUNT","UNK_INJ_DEG_COUNT","UNK_INJ_PER_COUNT","DRIVER_COUNT_16YR","DRIVER_COUNT_17YR","DRIVER_COUNT_18YR","DRIVER_COUNT_19YR","DRIVER_COUNT_20YR","DRIVER_COUNT_50_64YR","DRIVER_COUNT_65_74YR","DRIVER_COUNT_75PLUS","UNBELTED_OCC_COUNT","UNB_DEATH_COUNT","UNB_MAJ_INJ_COUNT","BELTED_DEATH_COUNT","BELTED_MAJ_INJ_COUNT","MCYCLE_DEATH_COUNT","MCYCLE_MAJ_INJ_COUNT","BICYCLE_DEATH_COUNT","BICYCLE_MAJ_INJ_COUNT","PED_COUNT","PED_DEATH_COUNT","PED_MAJ_INJ_COUNT","MAX_SEVERITY_LEVEL","COMM_VEH_COUNT","DEC_LAT","DEC_LONG","RDWY_SURF_TYPE_CD","COUNTY_YEAR"
"2001200298","06","67","67301","67301","2001","01","3","1406","14","1","1","1","7","5","","","N","02","2","00","3","0","1","1","1","N","N","40 01:46.200","75 06:14.400","9999","","9999","","0","","N","","3 ","","","","","","","","","","1","1","0","0","0","0","0","0","0","0","1","0","1","0","0","0","1","0","0","0","0","0","0","1","0","0","0","0","0","0","0","0","0","0","0","3","0","40.0295","-75.1038","","CRASH_2001_Philadelphia"
"2001207339","06","67","67301","67301","2001","01","4","1450","14","1","1","0","5","1","","","N","00","0","00","3","0","1","2","2","N","N","39 56:58.200","75 09:56.520","9999","","9999","","0","","N","","0 ","","","","","","","","","","2","1","0","0","0","0","0","1","0","0","0","1","1","0","0","0","0","0","0","1","0","0","0","0","0","0","0","0","0","0","0","0","0","0","0","4","0","39.9495","-75.1657","","CRASH_2001_Philadelphia"
"2001207594","06","67","67301","67301","2001","01","1","0220","02","3","1","0","7","1","","","N","00","0","00","3","0","1","1","1","N","N","39 58:13.080","75 08:50.640","9999","","9999","","0","","N","","0 ","","","","","","","","","","1","1","0","0","0","0","0","0","0","0","0","0","0","0","1","0","0","0","0","0","0","0","0","0","0","0","0","0","0","0","0","0","0","0","0","9","0","39.9705","-75.1473","","CRASH_2001_Philadelphia"
"2001209004","06","67","67301","67301","2001","01","4","0715","07","1","1","1","9","1","","","N","00","0","00","3","0","1","1","2","N","N","","","9999","","9999","","0","","N","","0 ","","","","","","","","","","2","1","0","0","0","0","0","0","0","0","0","1","1","0","0","0","0","0","0","0","1","0","0","0","0","0","0","0","0","0","0","0","0","0","0","4","0","","","","CRASH_2001_Philadelphia"
"2001210766","06","67","67301","67301","2001","02","5","0933","09","1","1","0","1","1","","","N","02","9","00","3","0","3","6","3","N","N","","","9999","","9999","","0","","N","","9 ","","","","","","","","","","3","3","0","0","0","0","0","0","0","0","0","2","2","0","1","0","0","0","0","0","0","0","0","0","0","0","0","0","0","0","0","0","0","0","0","4","0","40.0643","-75.1409","","CRASH_2001_Philadelphia"
"2001238054","06","67","67301","67301","2001","04","7","1037","10","1","1","1","4","1","","","N","01","3","00","3","0","1","3","2","N","N","","","9999","","9999","","0","","N","","3 ","","","","","","","","","","2","2","0","0","0","0","0","0","0","0","0","1","1","0","0","0","0","0","0","0","0","1","0","1","0","0","0","0","0","0","0","0","0","0","0","4","0","","","","CRASH_2001_Philadelphia"
"2001007388","06","67","67301","67301","2001","06","2","2230","22","3","1","0","5","1","2","8","Y","00","0","00","3","0","1","2","2","N","N","39 59:00.413","75 05:53.744","2316","40","2316","9","1","2","N","","0 ","N","N","","","U","","","","Y","2","2","0","0","0","0","0","0","0","0","0","1","1","0","0","0","0","0","0","0","0","0","0","0","0","0","0","0","0","0","0","0","0","0","0","4","0","39.9835","-75.0981","","CRASH_2001_Philadelphia"
"2001213106","06","67","67301","67301","2001","02","2","1150","11","1","1","0","4","1","","","N","01","9","00","3","0","1","2","2","N","N","","","9999","","9999","","0","","N","","9 ","","","","","","","","","","2","1","0","0","0","0","0","0","0","0","0","1","1","0","0","0","0","0","0","0","0","0","0","0","0","0","0","0","0","0","0","0","0","0","0","4","0","","","","CRASH_2001_Philadelphia"
"2001223827","06","67","67301","67301","2001","03","2","9999","99","1","1","0","4","1","","","N","01","3","00","3","0","1","2","2","N","N","39 55:17.400","75 08:50.280","9999","","9999","","0","","N","","3 ","","","","","","","","","","2","2","0","0","0","0","0","0","0","0","0","1","1","0","0","0","0","0","0","0","1","0","0","0","0","0","0","0","0","0","0","0","0","0","0","4","0","39.9215","-75.1473","","CRASH_2001_Philadelphia"
"2001231162","06","67","67301","67301","2001","03","3","2250","22","3","2","0","8","1","","","N","00","0","00","3","0","3","3","3","N","N","40 01:46.560","75 03:21.240","9999","","9999","","0","","N","","0 ","","","","","","","","","","1","0","0","0","0","0","0","0","0","0","1","1","2","0","1","0","0","0","0","0","0","0","0","0","0","0","0","0","0","0","0","0","2","0","0","3","0","40.0295","-75.0559","","CRASH_2001_Philadelphia"
"2001019520","06","67","67301","67301","2001","05","3","0535","05","1","1","0","8","1","","","N","01","2","00","3","0","1","5","2","N","N","40 04:35.483","75 11:41.812","1745","","1739","","0","","N","","3 ","","","","","","","","","","1","1","0","0","0","0","0","0","0","0","0","1","1","0","0","0","0","0","0","0","0","0","0","2","0","0","0","0","0","0","0","0","1","0","0","4","0","40.0765","-75.1949","","CRASH_2001_Philadelphia"
"2001207565","06","67","67301","67301","2001","01","1","1600","16","1","1","0","1","1","","","N","00","0","00","3","0","2","2","2","N","N","","","9999","","9999","","0","","N","","0 ","","","","","","","","","","1","1","0","0","0","0","0","0","1","0","1","0","1","0","1","0","0","0","0","0","1","0","0","0","0","0","0","0","0","0","0","0","0","0","0","3","0","","","","CRASH_2001_Philadelphia"
"2001223877","06","67","67301","67301","2001","03","1","1502","15","1","1","0","4","1","","","N","01","2","00","3","0","2","3","2","N","N","39 54:32.400","75 14:30.840","9999","","9999","","0","","N","","3 ","","","","","","","","","","1","1","0","0","0","0","0","0","0","0","1","1","2","0","0","0","0","0","0","0","0","0","0","0","0","0","0","0","0","0","0","0","0","0","0","3","0","39.9091","-75.2421","","CRASH_2001_Philadelphia"
"2001231200","06","67","67301","67301","2001","03","5","0843","08","1","2","1","8","1","","","N","05","2","00","3","0","1","2","2","N","N","39 57:29.160","75 10:10.920","9999","","9999","","0","","N","","3 ","","","","","","","","","","1","1","0","0","0","0","0","0","0","1","0","0","1","0","0","0","0","0","0","0","0","0","0","0","0","0","0","0","0","0","0","0","1","0","1","2","0","39.9581","-75.1698","","CRASH_2001_Philadelphia"
"2001238112","06","67","67301","67301","2001","04","3","0950","09","1","1","1","1","1","","","N","00","0","07","3","0","2","2","2","N","N","40 03:10.440","75 03:52.560","9999","","9999","","0","","N","","0 ","","","","","","","","","","2","2","0","0","0","0","0","0","0","0","0","2","2","0","0","0","0","0","0","0","1","1","0","0","0","0","0","0","0","0","0","0","0","0","0","4","0","40.0529","-75.0646","","CRASH_2001_Philadelphia"
"2001239029","06","67","67301","67301","2001","04","6","2310","23","3","1","0","1","1","","","N","00","0","00","3","0","8","17","6","N","N","39 59:06.000","75 05:41.280","9999","","9999","","0","","N","","0 ","","","","","","","","","","6","4","0","0","0","0","2","0","0","0","0","8","8","0","0","0","0","0","0","2","0","0","0","0","0","0","0","0","0","0","0","0","0","0","0","4","0","39.9851","-75.0946","","CRASH_2001_Philadelphia"
"2001016719","06","67","67301","67301","2001","06","7","1730","17","1","1","0","1","1","","","N","01","2","00","3","0","1","5","3","N","N","39 57:08.327","75 11:16.864","1750","","1745","","0","","N","","3 ","","","","","","","","","","3","3","0","0","0","0","0","0","0","0","1","0","1","0","0","0","0","1","0","0","0","0","0","0","0","0","0","0","0","0","0","0","0","0","0","3","0","39.9538","-75.1875","","CRASH_2001_Philadelphia"
"2001207599","06","67","67301","67301","2001","01","6","1540","15","1","2","1","1","1","","","N","02","2","00","3","0","3","3","2","N","N","39 55:05.520","75 14:09.600","9999","","9999","","0","","N","","3 ","","","","","","","","","","2","1","0","0","0","0","0","1","0","0","0","2","2","0","1","0","0","0","0","0","0","0","0","0","0","0","0","0","0","0","0","0","0","0","0","4","0","39.9182","-75.236","","CRASH_2001_Philadelphia"
"2001209187","06","67","67301","67301","2001","02","5","0705","07","1","1","0","4","1","","","N","01","0","00","3","0","0","2","2","N","N","40 03:46.800","75 03:17.640","9999","","9999","","0","","N","","0 ","","","","","","","","","","2","2","0","0","0","0","0","0","0","0","0","0","0","0","0","0","0","0","0","0","1","0","0","0","0","0","0","0","0","0","0","0","0","0","0","0","0","40.063","-75.0549","","CRASH_2001_Philadelphia"
"2001231120","06","67","67301","67301","2001","03","6","1405","14","1","1","0","4","1","","","N","01","2","00","3","0","0","3","2","N","N","40 03:34.200","75 03:07.560","9999","","9999","","0","","N","","3 ","","","","","","","","","","2","2","0","0","0","0","0","0","0","0","0","0","0","0","0","0","0","0","0","1","1","0","0","0","0","0","0","0","0","0","0","0","0","0","0","0","0","40.0595","-75.052","","CRASH_2001_Philadelphia"
"2001207490","06","67","67301","67301","2001","01","3","0100","01","3","6","1","5","1","","","N","00","0","00","3","0","1","3","2","N","N","39 57:24.120","75 09:10.800","9999","","9999","","0","","N","","0 ","","","","","","","","","","2","2","0","0","0","0","0","0","0","0","0","0","0","0","1","0","0","0","0","0","0","0","0","0","0","0","0","0","0","0","0","0","0","0","0","9","0","39.9569","-75.1531","","CRASH_2001_Philadelphia"
"2001207568","06","67","67301","67301","2001","01","3","1025","10","1","1","5","4","1","","","N","01","3","00","3","0","1","3","4","N","N","39 59:58.833","75 07:00.613","9999","","9999","","0","","N","","3 ","","","","","","","","","","4","1","0","0","0","0","0","1","0","0","1","0","1","0","0","0","0","1","1","0","0","0","0","0","0","0","0","0","0","0","0","0","0","0","0","3","0","39.9997","-75.1168","","CRASH_2001_Philadelphia"
"2001210627","06","67","67301","67301","2001","02","6","2150","21","3","1","0","8","1","","","N","00","0","00","3","0","1","2","2","N","N","","","9999","","9999","","0","","N","","0 ","","","","","","","","","","1","1","0","0","0","0","0","0","0","0","0","0","0","0","1","0","0","0","0","0","0","0","0","0","0","0","0","0","0","0","0","0","1","0","0","9","0","","","","CRASH_2001_Philadelphia"
"2001213146","06","67","67301","67301","2001","02","1","0340","03","3","1","0","9","1","","","N","00","0","00","3","0","1","1","2","N","N","40 02:57.120","75 13:12.000","9999","","9999","","0","","N","","0 ","","","","","","","","","","2","1","0","0","0","0","0","0","0","0","0","1","1","0","0","0","0","0","0","0","0","0","0","0","0","0","0","0","0","0","0","0","0","0","0","4","0","40.0492","-75.22","","CRASH_2001_Philadelphia"
"2001223816","06","67","67301","67301","2001","03","5","0900","09","1","1","0","7","1","","","N","00","0","01","3","0","1","1","1","N","N","","","9999","","9999","","0","","N","","0 ","","","","","","","","","","1","1","0","0","0","0","0","0","0","0","0","0","0","0","1","0","0","0","0","0","0","0","0","0","0","0","0","0","0","0","0","0","0","0","0","9","0","","","","CRASH_2001_Philadelphia"
"2001243639","06","67","67301","67301","2001","05","5","1600","16","1","1","0","4","1","","","N","02","3","00","3","0","1","2","2","N","N","40 01:44.400","75 12:38.160","9999","","9999","","0","","N","","3 ","","","","","","","","","","1","0","0","0","0","0","0","1","1","0","0","1","1","0","0","0","0","0","0","0","0","0","0","0","0","0","0","0","0","0","0","0","0","0","0","4","0","40.029","-75.2106","","CRASH_2001_Philadelphia"
"2001016968","06","67","67301","67301","2001","05","5","2300","23","3","1","0","4","1","","","N","01","2","00","3","0","1","3","2","N","N","40 03:41.400","75 05:02.040","2339","","2331","","0","","N","","3 ","","","","","","","","","","2","2","0","0","0","0","0","0","0","0","0","1","1","0","0","0","0","0","0","0","1","0","0","0","0","0","0","0","0","0","0","0","0","0","0","4","0","40.0615","-75.0838","","CRASH_2001_Philadelphia"
"2001207278","06","67","67301","67301","2001","01","6","0018","00","3","1","0","4","1","","","N","01","2","00","3","0","2","6","2","N","N","40 01:57.720","75 04:19.920","9999","","9999","","0","","N","","3 ","","","","","","","","","","2","2","0","0","0","0","0","0","0","0","0","2","2","0","0","0","0","0","0","0","0","0","0","0","0","0","0","0","0","0","0","0","0","0","0","4","0","40.0327","-75.0722","","CRASH_2001_Philadelphia"
"2001236979","06","67","67301","67301","2001","04","1","2205","22","3","2","1","4","1","","","N","01","2","00","3","0","0","2","2","N","N","39 58:38.280","75 13:36.840","9999","","9999","","0","","N","","3 ","","","","","","","","","","2","1","0","0","0","0","1","0","0","0","0","0","0","0","0","0","0","1","0","0","0","0","0","0","0","0","0","0","0","0","0","0","0","0","0","0","0","39.9772","-75.2268","","CRASH_2001_Philadelphia"
"2001019653","06","67","67301","67301","2001","05","5","1945","19","4","1","0","4","1","","","N","01","3","06","3","0","0","4","2","N","N","","","2017","","2010","","0","","N","","3 ","","","","","","","","","","2","2","0","0","0","0","0","0","0","0","0","0","0","0","0","0","0","0","0","1","0","0","0","0","0","0","0","0","0","0","0","0","0","0","0","0","0","","","","CRASH_2001_Philadelphia"
"2001019687","06","67","67301","67301","2001","06","6","1430","14","1","1","0","1","5","","","N","07","0","02","3","0","1","2","2","N","N","39 57:24.480","75 09:10.080","1455","","1443","","0","","N","","0 ","","","","","","","","","","2","2","0","0","0","0","0","0","0","0","0","1","1","0","0","0","0","0","0","0","0","0","0","0","0","0","0","0","0","0","0","0","0","0","0","4","0","39.9568","-75.1528","","CRASH_2001_Philadelphia"
"2001208989","06","67","67301","67301","2001","01","2","1820","18","3","1","0","4","1","","","N","02","0","00","3","0","1","2","2","N","N","40 00:12.513","75 08:26.134","9999","","9999","","0","","N","","0 ","","","","","","","","","","1","0","0","0","0","0","1","0","1","0","0","1","1","0","0","0","0","0","0","0","0","0","0","0","0","0","0","0","0","0","0","0","0","0","0","4","0","40.0035","-75.1406","","CRASH_2001_Philadelphia"
"2001210752","06","67","67301","67301","2001","02","6","1943","19","3","1","0","8","1","","","N","00","0","00","3","0","1","3","2","N","N","39 57:20.520","75 12:06.120","9999","","9999","","0","","N","","0 ","","","","","","","","","","1","1","0","0","0","0","0","0","0","0","0","1","1","0","0","0","0","0","0","0","0","0","0","0","0","0","0","0","0","0","0","0","1","0","0","4","0","39.9556","-75.2017","","CRASH_2001_Philadelphia"
"2001212898","06","67","67301","67301","2001","02","2","0430","04","3","1","0","7","5","","","N","00","0","00","3","0","1","1","1","N","N","","","9999","","9999","","0","","N","","0 ","","","","","","","","","","1","0","0","0","0","0","1","0","0","0","0","1","1","0","0","0","0","0","0","0","0","0","0","0","0","0","0","0","0","0","0","0","0","0","0","4","0","","","","CRASH_2001_Philadelphia"
"2001213226","06","67","67301","67301","2001","02","1","0559","05","3","1","0","5","1","","","N","00","0","00","3","0","2","3","2","N","N","","","9999","","9999","","0","","N","","0 ","","","","","","","","","","2","1","0","1","0","0","0","0","0","0","0","0","0","0","2","0","0","0","0","0","0","0","0","1","0","0","0","0","0","0","0","0","0","0","0","9","1","","","","CRASH_2001_Philadelphia"
"2001215738","06","67","67301","67301","2001","02","1","0325","03","3","1","0","4","1","","","N","01","2","00","3","0","1","7","2","N","N","39 57:02.520","75 10:32.160","9999","","9999","","0","","N","","3 ","","","","","","","","","","2","1","0","0","1","0","0","0","0","0","0","0","0","0","1","0","0","0","0","0","0","0","0","0","0","0","0","0","0","0","0","0","0","0","0","9","0","39.9508","-75.1757","","CRASH_2001_Philadelphia"
"2001240061","06","67","67301","67301","2001","04","5","0905","09","1","1","0","8","1","","","N","01","2","00","3","0","1","2","2","N","N","40 01:28.560","75 08:52.440","9999","","9999","","0","","N","","3 ","","","","","","","","","","1","1","0","0","0","0","0","0","0","0","0","0","0","0","1","0","0","0","0","0","0","0","0","0","0","0","0","0","0","0","0","0","1","0","0","9","0","40.0245","-75.1479","","CRASH_2001_Philadelphia"
"2001244789","06","67","67301","67301","2001","05","6","2028","20","3","1","0","1","1","","","N","06","4","02","3","0","1","5","2","N","N","39 56:42.720","75 11:24.720","9999","","9999","","0","","N","","3 ","","","","","","","","","","2","2","0","0","0","0","0","0","0","0","0","0","0","0","1","0","0","0","0","0","0","0","0","0","0","0","0","0","0","0","0","0","0","0","0","9","0","39.9454","-75.1904","","CRASH_2001_Philadelphia"
"2001007070","06","67","67301","67301","2001","06","1","1900","19","1","1","0","8","1","","","N","00","0","00","3","0","1","2","2","N","N","39 56:01.000","75 10:29.000","1948","","1942","","0","","N","","0 ","","","","","","","","","","1","1","0","0","0","0","0","0","0","0","0","1","1","0","0","0","0","0","0","0","0","0","0","0","0","0","0","0","0","0","0","0","1","0","0","4","0","39.9336","-75.1747","","CRASH_2001_Philadelphia"
"2001200725","06","67","67301","67301","2001","01","2","1457","14","1","1","0","4","1","","","N","00","0","07","3","0","0","4","2","N","N","39 54:50.760","75 13:17.400","9999","","9999","","0","","N","","0 ","","","","","","","","","","2","2","0","0","0","0","0","0","0","0","0","0","0","0","0","0","1","0","0","0","0","0","0","0","0","0","0","0","0","0","0","0","0","0","0","0","0","39.9127","-75.2219","","CRASH_2001_Philadelphia"
"2001210746","06","67","67301","67301","2001","02","4","0217","02","3","1","1","7","5","","","N","00","0","00","3","0","0","1","1","N","N","39 58:09.480","75 11:31.920","9999","","9999","","0","","N","","0 ","","","","","","","","","","1","1","0","0","0","0","0","0","0","0","0","0","0","0","0","0","0","0","0","0","0","0","0","0","0","0","0","0","0","0","0","0","0","0","0","0","0","39.9692","-75.1921","","CRASH_2001_Philadelphia"
"2001215718","06","67","67301","67301","2001","02","3","2330","23","3","1","0","4","1","","","N","01","2","00","3","0","1","2","2","N","N","40 03:06.267","75 09:10.785","9999","","9999","","0","","N","","3 ","","","","","","","","","","2","2","0","0","0","0","0","0","0","0","0","1","1","0","0","1","0","0","0","0","0","0","0","2","0","0","0","0","0","0","0","0","0","0","0","4","0","40.0517","-75.153","","CRASH_2001_Philadelphia"
"2001238142","06","67","67301","67301","2001","04","3","1705","17","1","1","0","8","1","","","N","00","0","00","3","0","1","3","2","N","N","","","9999","","9999","","0","","N","","0 ","","","","","","","","","","1","1","0","0","0","0","0","0","0","0","0","1","1","0","0","0","0","0","0","0","0","0","0","0","0","0","0","0","0","0","0","0","1","0","0","4","0","","","","CRASH_2001_Philadelphia"
"2001240277","06","67","67301","67301","2001","04","3","2315","23","3","1","0","4","1","","","N","00","0","00","3","0","1","4","2","N","N","","","9999","","9999","","0","","N","","0 ","","","","","","","","","","2","2","0","0","0","0","0","0","0","0","0","1","1","0","0","0","0","0","0","0","0","0","0","0","0","0","0","0","0","0","0","0","0","0","0","4","0","","","","CRASH_2001_Philadelphia"
"2001240934","06","67","67301","67301","2001","04","1","1645","16","1","1","0","4","1","","","N","01","2","00","3","0","5","5","2","N","N","39 56:53.880","75 09:20.520","9999","","9999","","0","","N","","3 ","","","","","","","","","","2","2","0","0","0","0","0","0","0","0","0","0","0","0","5","0","0","0","0","0","0","0","0","0","0","0","0","0","0","0","0","0","0","0","0","9","0","39.9483","-75.1558","","CRASH_2001_Philadelphia"
"2001006935","06","67","67301","67301","2001","05","2","1930","19","1","2","1","1","1","","","N","00","0","00","3","0","2","5","4","N","N","39 58:32.266","75 09:30.491","1935","","1930","","0","","N","","0 ","","","","","","","","","","4","4","0","0","0","0","0","0","0","0","0","2","2","0","0","0","0","0","1","0","1","1","0","1","0","0","0","0","0","0","0","0","0","0","0","4","0","39.9757","-75.1585","","CRASH_2001_Philadelphia"
"2001209148","06","67","67301","67301","2001","02","5","0800","08","1","1","0","8","1","","","N","01","2","00","3","0","1","2","2","N","N","39 57:23.040","75 09:51.840","9999","","9999","","0","","N","","3 ","","","","","","","","","","1","0","0","0","0","0","1","0","0","0","1","0","1","0","0","0","0","0","0","0","0","0","0","0","0","0","0","0","0","0","0","0","1","0","0","3","0","39.9564","-75.1644","","CRASH_2001_Philadelphia"
"2001210623","06","67","67301","67301","2001","02","4","0945","09","1","1","0","4","1","","","N","01","3","00","3","0","1","2","3","N","N","40 03:31.870","75 03:52.124","9999","","9999","","0","","N","","3 ","","","","","","","","","","3","2","0","0","0","0","0","0","0","0","0","1","1","0","0","0","0","0","0","0","0","1","0","0","0","0","0","0","0","0","0","0","0","0","0","4","0","40.0589","-75.0645","","CRASH_2001_Philadelphia"
"2001213179","06","67","67301","67301","2001","02","4","1045","10","1","1","0","1","1","","","N","00","0","07","3","0","1","4","3","N","N","39 58:53.760","75 15:56.520","9999","","9999","","0","","N","","0 ","","","","","","","","","","3","3","0","0","0","0","0","0","0","0","0","1","1","0","0","0","0","0","0","0","0","1","0","0","0","0","0","0","0","0","0","0","0","0","0","4","0","39.9785","-75.2729","","CRASH_2001_Philadelphia"
"2001207620","06","67","67301","67301","2001","01","1","1518","15","1","1","5","1","1","","","N","01","2","00","3","0","2","2","2","N","N","40 00:55.080","75 09:19.080","9999","","9999","","0","","N","","3 ","","","","","","","","","","2","1","0","0","0","0","0","0","0","0","0","0","0","0","2","0","0","0","0","0","0","0","0","0","0","0","0","0","0","0","0","0","0","0","0","9","0","40.0152","-75.1552","","CRASH_2001_Philadelphia"
"2001210576","06","67","67301","67301","2001","02","1","1800","18","3","1","0","4","1","","","N","01","3","00","3","0","1","2","2","N","N","","","9999","","9999","","0","","N","","3 ","","","","","","","","","","2","1","0","0","0","0","0","1","0","0","0","0","0","0","1","0","0","0","0","0","1","0","0","0","0","0","0","0","0","0","0","0","0","0","0","9","0","","","","CRASH_2001_Philadelphia"
"2001216878","06","67","67301","67301","2001","03","4","1420","14","1","1","0","4","1","","","N","01","0","00","3","0","0","2","2","N","N","39 57:51.120","75 14:47.040","9999","","9999","","0","","N","","0 ","","","","","","","","","","2","2","0","0","0","0","0","0","0","0","0","0","0","0","0","0","0","0","0","0","0","0","1","0","0","0","0","0","0","0","0","0","0","0","0","0","0","39.9643","-75.2465","","CRASH_2001_Philadelphia"
"2001205950","06","67","67301","67301","2001","01","7","1515","15","1","1","0","4","1","1","8","Y","01","2","00","3","0","2","3","3","N","N","","","9999","99","9999","","0","","N","","3 ","","U","","","U","","","","","3","2","0","0","1","0","0","0","0","0","1","0","1","0","1","0","0","0","0","0","0","0","0","0","0","0","0","0","0","0","0","0","0","0","0","3","0","","","","CRASH_2001_Philadelphia"
"2001216945","06","67","67301","67301","2001","03","4","1858","18","3","1","0","4","1","","","N","01","2","00","3","0","2","2","2","N","N","40 01:21.720","75 09:32.400","9999","","9999","","0","","N","","3 ","","","","","","","","","","2","1","0","0","0","0","1","0","0","0","0","0","0","0","2","0","0","0","0","0","1","0","0","0","0","0","0","0","0","0","0","0","0","0","0","9","0","40.0228","-75.159","","CRASH_2001_Philadelphia"
"2001233510","06","67","67301","67301","2001","04","1","1336","13","1","1","0","8","1","","","N","01","2","00","3","0","1","6","2","N","N","39 57:16.920","75 11:40.200","9999","","9999","","0","","N","","3 ","","","","","","","","","","1","1","0","0","0","0","0","0","0","0","1","0","1","0","0","0","0","0","0","0","0","0","0","2","0","0","0","0","0","0","0","0","1","0","0","3","0","39.9547","-75.1944","","CRASH_2001_Philadelphia"
"2001238168","06","67","67301","67301","2001","04","3","0655","06","1","1","0","4","1","","","N","01","3","00","3","0","2","2","2","N","N","39 59:03.239","75 05:56.509","9999","","9999","","0","","N","","3 ","","","","","","","","","","1","0","0","0","0","0","0","0","1","0","0","2","2","0","0","0","0","0","0","0","0","0","0","0","0","0","0","0","0","0","0","0","0","0","0","4","0","39.9842","-75.099","","CRASH_2001_Philadelphia"
"2001238231","06","67","67301","67301","2001","04","6","2110","21","3","1","0","1","1","","","N","02","3","00","3","0","1","2","2","N","N","","","9999","","9999","","0","","N","","3 ","","","","","","","","","","2","1","0","0","0","0","0","0","0","0","0","1","1","0","0","0","0","0","0","0","0","0","0","0","0","0","0","0","0","0","0","0","0","0","0","4","0","","","","CRASH_2001_Philadelphia"
"2001243489","06","67","67301","67301","2001","04","2","1500","15","1","1","0","8","1","","","N","00","0","00","3","0","1","2","2","N","N","","","9999","","9999","","0","","N","","0 ","","","","","","","","","","1","0","0","0","0","0","0","1","0","0","0","0","0","0","1","0","0","0","0","0","0","0","0","0","0","0","0","0","0","0","0","0","1","0","0","9","0","","","","CRASH_2001_Philadelphia"
"2001208896","06","67","67301","67301","2001","02","7","2145","21","3","1","0","4","1","","","N","01","2","00","3","0","1","3","2","N","N","","","9999","","9999","","0","","N","","3 ","","","","","","","","","","2","2","0","0","0","0","0","0","0","0","0","1","1","0","0","0","0","0","0","0","1","0","0","0","0","0","0","0","0","0","0","0","0","0","0","4","0","","","","CRASH_2001_Philadelphia"
"2001210741","06","67","67301","67301","2001","02","5","1815","18","3","1","0","4","1","","","N","01","2","00","3","0","1","2","2","N","N","40 01:13.800","75 03:13.320","9999","","9999","","0","","N","","3 ","","","","","","","","","","2","2","0","0","0","0","0","0","0","0","0","1","1","0","0","0","0","0","0","0","0","0","0","0","0","0","0","0","0","0","0","0","0","0","0","4","0","40.0205","-75.0537","","CRASH_2001_Philadelphia"
"2001206062","06","67","67301","67501","2001","01","6","1805","18","3","2","1","1","1","","","N","00","0","03","3","0","1","2","2","N","N","","","9999","","9999","","0","","N","","0 ","","","","","","","","","","2","1","0","0","0","1","0","0","0","0","0","1","1","0","0","0","0","0","0","0","1","0","0","0","0","0","0","0","0","0","0","0","0","0","0","4","1","","","","CRASH_2001_Philadelphia"
"2001215745","06","67","67301","67301","2001","02","3","1409","14","1","1","0","4","1","","","N","01","3","00","3","0","2","2","3","N","N","","","9999","","9999","","0","","N","","3 ","","","","","","","","","","3","1","0","0","0","0","0","1","0","0","1","1","2","0","0","0","0","0","0","0","0","0","0","0","0","0","0","0","0","0","0","0","0","0","0","3","0","","","","CRASH_2001_Philadelphia"
"2001233400","06","67","67301","67301","2001","03","1","1447","14","1","1","0","4","1","","","N","00","0","00","3","0","1","2","2","N","N","","","9999","","9999","","0","","N","","0 ","","","","","","","","","","2","2","0","0","0","0","0","0","0","0","1","0","1","0","0","0","0","0","0","0","0","0","0","1","0","0","0","0","0","0","0","0","0","0","0","3","0","","","","CRASH_2001_Philadelphia"
"2001006922","06","67","67301","67301","2001","05","3","0306","03","3","2","1","7","4","","","N","01","2","99","3","0","0","1","1","N","N","40 03:22.525","75 10:03.232","9999","","0306","","0","","N","","3 ","","","","","","","","","","1","1","0","0","0","0","0","0","0","0","0","0","0","0","0","0","0","0","0","1","0","0","0","0","0","0","0","0","0","0","0","0","0","0","0","0","0","40.0562","-75.1675","","CRASH_2001_Philadelphia"