"CRN","DISTRICT","COUNTY","MUNICIPALITY","POLICE_AGCY","CRASH_YEAR","CRASH_MONTH","DAY_OF_WEEK","TIME_OF_DAY","HOUR_OF_DAY","ILLUMINATION","WEATHER","ROAD_CONDITION","COLLISION_TYPE","RELATION_TO_ROAD","WORK_ZONE_TYPE","WORK_ZONE_LOC","WORK_ZONE_IND","INTERSECT_TYPE","TCD_TYPE","LOCATION_TYPE","URBAN_RURAL","FATAL_COUNT","INJURY_COUNT","PERSON_COUNT","TOTAL_UNITS","SCH_BUS_IND","SCH_ZONE_IND","LATITUDE","LONGITUDE","ARRIVAL_TM","CONS_ZONE_SPD_LIM","DISPATCH_TM","EST_HRS_CLOSED","LANE_CLOSED","LN_CLOSE_DIR","NTFY_HIWY_MAINT","SPEC_JURIS_CD","TCD_FUNC_CD","TFC_DETOUR_IND","WORKERS_PRES","WZ_CLOSE_DETOUR","WZ_FLAGGER","WZ_LAW_OFFCR_IND","WZ_LN_CLOSURE","WZ_MOVING","WZ_OTHER","WZ_SHLDER_MDN","VEHICLE_COUNT","AUTOMOBILE_COUNT","MOTORCYCLE_COUNT","BUS_COUNT","SMALL_TRUCK_COUNT","HEAVY_TRUCK_COUNT","SUV_COUNT","VAN_COUNT","BICYCLE_COUNT","MAJ_INJ_COUNT","MOD_INJ_COUNT","MIN_INJ_COUNT","TOT_INJ_COUNT","UNK_INJ_DEG_COUNT","UNK_INJ_PER_COUNT","DRIVER_COUNT_16YR","DRIVER_COUNT_17YR","DRIVER_COUNT_18YR","DRIVER_COUNT_19YR","DRIVER_COUNT_20YR","DRIVER_COUNT_50_64YR","DRIVER_COUNT_65_74YR","DRIVER_COUNT_75PLUS","UNBELTED_OCC_COUNT","UNB_DEATH_COUNT","UNB_MAJ_INJ_COUNT","BELTED_DEATH_COUNT","BELTED_MAJ_INJ_COUNT","MCYCLE_DEATH_COUNT","MCYCLE_MAJ_INJ_COUNT","BICYCLE_DEATH_COUNT","BICYCLE_MAJ_INJ_COUNT","PED_COUNT","PED_DEATH_COUNT","PED_MAJ_INJ_COUNT","MAX_SEVERITY_LEVEL","COMM_VEH_COUNT","DEC_LAT","DEC_LONG","RDWY_SURF_TYPE_CD","COUNTY_YEAR"
"2001008665","06","67","67301","67301","2001","06","1","2311","23","3","1","0","0","1","","","N","01","2","00","3","0","1","1","1","N","N","39 58:31.152","75 07:57.113","2311","","2311","","0","","N","","3 ","","","","","","","","","","1","0","1","0","0","0","0","0","0","0","0","1","1","0","0","0","0","0","0","0","0","0","0","0","0","0","0","0","0","0","0","0","0","0","0","4","0","39.9754","-75.1326","","CRASH_2001_Philadelphia"
"2001223839","06","67","67301","67301","2001","03","2","1640","16","1","1","0","1","1","","","N","01","3","00","3","0","1","2","2","N","N","","","9999","","9999","","0","","N","","3 ","","","","","","","","","","1","1","0","0","0","0","0","0","1","0","0","1","1","0","0","0","0","0","0","0","0","0","0","0","0","0","0","0","0","0","0","0","0","0","0","4","0","","","","CRASH_2001_Philadelphia"
"2001236848","06","67","67301","67301","2001","04","2","1645","16","1","1","0","4","1","","","N","01","2","00","3","0","1","2","2","N","N","39 59:11.923","75 05:39.698","9999","","9999","","0","","N","","3 ","","","","","","","","","","2","2","0","0","0","0","0","0","0","0","0","1","1","0","0","0","0","1","0","0","0","0","0","0","0","0","0","0","0","0","0","0","0","0","0","4","0","39.9866","-75.0944","","CRASH_2001_Philadelphia"
"2001248817","06","67","67301","67301","2001","05","4","1555","15","1","1","0","1","1","","","N","01","2","00","3","0","1","2","2","N","N","39 54:14.400","75 14:25.080","9999","","9999","","0","","N","","3 ","","","","","","","","","","2","2","0","0","0","0","0","0","0","0","0","1","1","0","0","0","0","0","0","0","0","0","0","0","0","0","0","0","0","0","0","0","0","0","0","4","0","39.904","-75.2403","","CRASH_2001_Philadelphia"
"2001207641","06","67","67301","67301","2001","01","7","2026","20","3","1","0","9","1","","","N","00","0","00","3","0","2","2","2","N","N","","","9999","","9999","","0","","N","","0 ","","","","","","","","","","2","1","0","0","0","0","0","0","0","0","0","2","2","0","0","1","0","0","0","0","0","0","0","2","0","0","0","0","0","0","0","0","0","0","0","4","0","","","","CRASH_2001_Philadelphia"
"2001208994","06","67","67301","67301","2001","01","1","1800","18","3","1","0","4","1","","","N","01","2","00","3","0","0","2","2","N","N","39 58:40.422","75 07:31.292","9999","","9999","","0","","N","","3 ","","","","","","","","","","2","2","0","0","0","0","0","0","0","0","0","0","0","0","0","0","0","1","0","0","0","0","0","0","0","0","0","0","0","0","0","0","0","0","0","0","0","39.9779","-75.1254","","CRASH_2001_Philadelphia"
"2001213098","06","67","67301","67301","2001","02","6","2020","20","3","2","1","8","1","","","N","00","0","00","3","0","1","2","2","N","N","40 02:43.440","75 03:21.960","9999","","9999","","0","","N","","0 ","","","","","","","","","","1","1","0","0","0","0","0","0","0","0","0","0","0","0","1","0","0","0","0","0","0","0","1","0","0","0","0","0","0","0","0","0","1","0","0","9","0","40.0454","-75.0561","","CRASH_2001_Philadelphia"
"2001214332","06","67","67301","67301","2001","02","2","0516","05","5","1","0","4","1","","","N","01","2","00","3","0","2","2","2","N","N","40 03:02.160","75 10:23.880","9999","","9999","","0","","N","","3 ","","","","","","","","","","2","1","0","0","0","0","0","1","0","1","0","0","1","0","1","0","0","0","0","0","1","0","0","0","0","0","0","0","0","0","0","0","0","0","0","2","0","40.0507","-75.1733","","CRASH_2001_Philadelphia"
"2001217016","06","67","67301","67301","2001","03","5","1435","14","1","1","0","4","1","","","N","01","2","00","3","0","4","4","2","N","N","","","9999","","9999","","0","","N","","3 ","","","","","","","","","","2","1","0","0","0","0","1","0","0","0","4","0","4","0","0","0","0","0","0","0","0","0","0","0","0","0","0","0","0","0","0","0","0","0","0","3","0","","","","CRASH_2001_Philadelphia"
"2001233191","06","67","67301","67301","2001","04","2","2144","21","3","1","0","1","1","","","N","01","2","00","3","0","0","2","2","N","N","39 58:25.680","75 13:11.280","9999","","9999","","0","","N","","3 ","","","","","","","","","","2","1","0","0","0","0","0","0","0","0","0","0","0","0","0","0","0","0","0","0","0","0","0","0","0","0","0","0","0","0","0","0","0","0","0","0","0","39.9738","-75.2198","","CRASH_2001_Philadelphia"
"2001233226","06","67","67301","67301","2001","02","2","1030","10","1","1","1","8","1","","","N","01","2","00","3","0","1","2","2","N","N","39 57:25.920","75 12:06.840","9999","","9999","","0","","N","","3 ","","","","","","","","","","1","1","0","0","0","0","0","0","0","0","0","1","1","0","0","0","0","0","0","0","0","0","0","0","0","0","0","0","0","0","0","0","1","0","0","4","0","39.9572","-75.2019","","CRASH_2001_Philadelphia"
"2001240235","06","67","67301","67301","2001","04","5","1430","14","1","1","0","1","1","","","N","01","2","00","3","0","3","3","2","N","N","39 57:36.720","75 13:36.480","9999","","9999","","0","","N","","3 ","","","","","","","","","","2","2","0","0","0","0","0","0","0","0","0","2","2","0","1","0","0","0","0","0","0","1","0","0","0","0","0","0","0","0","0","0","0","0","0","4","0","39.9602","-75.2269","","CRASH_2001_Philadelphia"
"2001243519","06","67","67301","67301","2001","04","2","2130","21","3","1","0","9","1","","","N","00","0","00","3","0","0","1","2","N","N","","","9999","","9999","","0","","N","","0 ","","","","","","","","","","2","0","0","0","0","0","0","0","0","0","0","0","0","0","0","0","0","0","0","0","0","0","0","0","0","0","0","0","0","0","0","0","0","0","0","0","0","","","","CRASH_2001_Philadelphia"
"2001009131","06","67","67301","67301","2001","06","2","1158","11","1","1","0","7","5","","","N","05","2","00","3","0","1","2","2","N","N","","","1159","","1158","","0","","N","","3 ","","","","","","","","","","1","1","0","0","0","0","0","0","0","0","0","1","1","0","0","0","0","0","0","0","0","0","0","0","0","0","0","0","0","0","0","0","0","0","0","4","0","","","","CRASH_2001_Philadelphia"
"2001206214","06","67","67301","67301","2001","01","6","0640","06","3","2","1","8","1","","","N","02","3","00","3","0","1","2","2","N","N","39 56:52.800","75 09:11.520","9999","","9999","","0","","N","","3 ","","","","","","","","","","1","1","0","0","0","0","0","0","0","0","0","1","1","0","0","0","0","0","0","0","0","0","0","0","0","0","0","0","0","0","0","0","1","0","0","4","0","39.948","-75.1532","","CRASH_2001_Philadelphia"
"2001236978","06","67","67301","67301","2001","04","6","0130","01","3","1","0","7","5","","","N","02","2","00","3","0","0","2","1","N","N","39 59:42.360","75 09:50.760","9999","","9999","","0","","N","","3 ","","","","","","","","","","1","0","0","0","0","0","1","0","0","0","0","0","0","0","0","0","1","0","0","0","0","0","0","2","0","0","0","0","0","0","0","0","0","0","0","0","0","39.9952","-75.164","","CRASH_2001_Philadelphia"
"2001019521","06","67","67301","67301","2001","06","6","2105","21","3","2","1","1","6","","","N","00","0","00","3","0","3","6","2","N","N","40 02:50.830","75 09:03.769","1705","","1651","","0","","N","","0 ","","","","","","","","","","2","2","0","0","0","0","0","0","0","0","0","3","3","0","1","0","0","0","0","0","0","0","0","1","0","0","0","0","0","0","0","0","0","0","0","4","0","40.0475","-75.151","","CRASH_2001_Philadelphia"
"2001204592","06","67","67301","67301","2001","01","6","1530","15","1","4","3","7","1","","","N","00","0","00","3","0","0","1","1","N","N","","","9999","","9999","","0","","N","","0 ","","","","","","","","","","1","0","0","0","0","0","0","1","0","0","0","0","0","0","0","0","0","0","0","0","0","0","0","0","0","0","0","0","0","0","0","0","0","0","0","0","0","","","","CRASH_2001_Philadelphia"
"2001204606","06","67","67301","67301","2001","01","4","1550","15","1","1","0","8","1","","","N","00","0","00","3","0","1","2","2","N","N","39 56:24.000","75 09:58.320","9999","","9999","","0","","N","","0 ","","","","","","","","","","1","0","0","0","0","0","0","0","0","0","0","0","0","0","1","0","0","0","0","0","0","0","0","0","0","0","0","0","0","0","0","0","1","0","0","9","0","39.9401","-75.1662","","CRASH_2001_Philadelphia"
"2001204607","06","67","67301","67301","2001","01","4","1743","17","3","1","0","1","1","","","N","00","2","07","3","0","1","2","2","N","N","40 06:19.080","75 00:05.040","9999","","9999","","0","","N","","3 ","","","","","","","","","","2","1","0","0","0","0","0","1","0","0","0","1","1","0","0","0","0","0","0","0","2","0","0","0","0","0","0","0","0","0","0","0","0","0","0","4","0","40.1052","-75.0015","","CRASH_2001_Philadelphia"
"2001207393","06","67","67301","67301","2001","01","2","0100","01","3","1","0","7","5","","","N","00","0","00","3","0","0","1","1","N","N","39 58:13.080","75 09:52.560","9999","","9999","","0","","N","","0 ","","","","","","","","","","1","1","0","0","0","0","0","0","0","0","0","0","0","0","0","0","0","0","0","0","0","0","0","0","0","0","0","0","0","0","0","0","0","0","0","0","0","39.9703","-75.1646","","CRASH_2001_Philadelphia"
"2001213151","06","67","67301","67301","2001","02","1","1645","16","1","1","0","1","1","","","N","00","0","00","3","0","2","2","2","N","N","","","9999","","9999","","0","","N","","0 ","","","","","","","","","","2","1","0","0","0","0","1","0","0","0","0","1","1","0","1","0","0","0","0","0","1","1","0","0","0","0","0","0","0","0","0","0","0","0","0","4","0","","","","CRASH_2001_Philadelphia"
"2001214328","06","67","67301","67301","2001","02","6","1614","16","1","4","6","4","1","","","N","00","0","07","3","0","2","3","3","N","N","","","9999","","9999","","0","","N","","0 ","","","","","","","","","","3","3","0","0","0","0","0","0","0","1","0","0","1","0","1","0","0","0","0","0","1","0","0","0","0","0","0","0","0","0","0","0","0","0","0","2","0","","","","CRASH_2001_Philadelphia"
"2001215552","06","67","67301","67301","2001","03","5","0730","07","1","1","0","8","1","","","N","01","2","00","3","0","1","2","2","N","N","39 57:16.920","75 11:40.200","9999","","9999","","0","","N","","3 ","","","","","","","","","","1","1","0","0","0","0","0","0","0","0","0","1","1","0","0","0","0","0","0","0","0","0","0","0","0","0","0","0","0","0","0","0","1","0","0","4","0","39.9547","-75.1944","","CRASH_2001_Philadelphia"
"2001009070","06","67","67301","67301","2001","06","3","1000","10","1","1","0","4","1","","","N","04","3","00","3","0","2","3","2","N","N","40 01:04.949","75 05:49.270","1010","","1003","","0","","N","","3 ","","","","","","","","","","2","1","0","0","0","1","0","0","0","0","1","1","2","0","0","0","0","0","0","0","1","0","0","0","0","0","0","0","0","0","0","0","0","0","0","3","1","40.0183","-75.0969","","CRASH_2001_Philadelphia"
"2001008768","06","67","67301","67301","2001","05","2","1440","14","1","1","0","1","1","","","N","01","2","00","3","0","1","2","2","N","N","40 01:46.560","75 06:12.600","1452","","1441","","0","","N","","3 ","","","","","","","","","","2","2","0","0","0","0","0","0","0","0","1","0","1","0","0","0","0","0","0","0","0","0","0","0","0","0","0","0","0","0","0","0","0","0","0","3","0","40.0296","-75.1039","","CRASH_2001_Philadelphia"
"2001019569","06","67","67301","67301","2001","06","2","0048","00","3","1","0","4","1","","","N","02","2","00","3","0","0","2","2","N","N","39 57:32.262","75 14:29.253","0051","","0048","","0","","N","","2 ","","","","","","","","","","2","2","0","0","0","0","0","0","0","0","0","0","0","0","0","0","0","0","0","0","0","0","0","0","0","0","0","0","0","0","0","0","0","0","0","0","0","39.9604","-75.2411","","CRASH_2001_Philadelphia"
"2001214284","06","67","67301","67301","2001","02","3","9999","99","1","1","0","1","1","","","N","01","2","00","3","0","0","2","2","N","N","39 56:55.680","75 09:37.800","9999","","9999","","0","","N","","3 ","","","","","","","","","","2","1","0","0","0","0","0","0","0","0","0","0","0","0","0","0","0","0","0","0","0","0","0","0","0","0","0","0","0","0","0","0","0","0","0","0","0","39.9489","-75.1605","","CRASH_2001_Philadelphia"
"2001238374","06","67","67301","67301","2001","04","6","1010","10","1","2","1","7","5","","","N","00","0","00","3","0","2","2","1","N","N","40 00:20.160","75 06:12.600","9999","","9999","","0","","N","","0 ","","","","","","","","","","1","0","0","0","0","0","0","1","0","0","0","2","2","0","0","0","0","0","0","0","0","0","0","0","0","0","0","0","0","0","0","0","0","0","0","4","0","40.0056","-75.1035","","CRASH_2001_Philadelphia"
"2001007027","06","67","67301","67301","2001","05","1","1640","16","1","1","0","7","4","","","N","01","0","00","3","0","0","1","1","N","N","","","1640","","1640","","0","","N","","0 ","","","","","","","","","","1","0","0","0","1","0","0","0","0","0","0","0","0","0","0","0","0","0","0","0","0","0","0","0","0","0","0","0","0","0","0","0","0","0","0","0","0","","","","CRASH_2001_Philadelphia"
"2001209104","06","67","67301","67301","2001","01","4","1318","13","1","1","0","3","1","","","N","00","0","00","3","0","0","2","2","N","N","","","9999","","9999","","0","","N","","0 ","","","","","","","","","","2","1","0","0","0","1","0","0","0","0","0","0","0","0","0","0","0","0","0","0","0","0","0","0","0","0","0","0","0","0","0","0","0","0","0","0","0","","","","CRASH_2001_Philadelphia"
"2001243612","06","67","67301","67301","2001","04","7","2024","20","3","1","0","8","1","","","N","00","0","00","3","0","1","2","2","N","N","","","9999","","9999","","0","","N","","0 ","","","","","","","","","","1","1","0","0","0","0","0","0","0","0","0","1","1","0","0","0","0","0","0","0","0","0","0","0","0","0","0","0","0","0","0","0","1","0","0","4","0","","","","CRASH_2001_Philadelphia"
"2001014291","06","67","67301","67301","2001","09","1","1332","13","1","1","0","4","1","","","N","01","2","00","3","0","1","3","2","N","N","39 58:54.000","75 14:21.165","1339","","1333","","0","","N","","3 ","","","","","","","","","","2","2","0","0","0","0","0","0","0","0","0","1","1","0","0","0","0","1","0","0","0","0","0","0","0","0","0","0","0","0","0","0","0","0","0","4","0","39.9819","-75.239","","CRASH_2001_Philadelphia"
"2001206195","06","67","67301","67301","2001","01","6","1745","17","3","2","1","1","1","","","N","00","0","00","3","0","2","2","2","N","N","39 53:23.280","75 13:50.880","9999","","9999","","0","","N","","0 ","","","","","","","","","","2","1","0","0","0","0","0","1","0","0","0","0","0","0","2","0","0","0","0","0","0","0","0","0","0","0","0","0","0","0","0","0","0","0","0","9","0","39.8901","-75.2303","","CRASH_2001_Philadelphia"
"2001208949","06","67","67301","67301","2001","01","6","1438","14","1","1","0","4","1","","","N","01","3","00","3","0","0","2","2","N","N","","","9999","","9999","","0","","N","","3 ","","","","","","","","","","2","1","0","0","0","0","0","0","0","0","0","0","0","0","0","0","0","0","0","0","1","0","0","0","0","0","0","0","0","0","0","0","0","0","0","0","0","","","","CRASH_2001_Philadelphia"
"2001214568","06","67","67301","67301","2001","03","5","2245","22","3","1","0","2","1","","","N","00","0","00","3","0","1","2","2","N","N","","","9999","","9999","","0","","N","","0 ","","","","","","","","","","2","1","0","0","1","0","0","0","0","0","0","0","0","0","1","0","0","0","0","0","0","0","0","0","0","0","0","0","0","0","0","0","0","0","0","9","0","","","","CRASH_2001_Philadelphia"
"2001238175","06","67","67301","67301","2001","03","6","1630","16","1","1","0","4","1","","","N","01","2","00","3","0","2","2","2","N","N","40 01:02.280","75 06:57.960","9999","","9999","","0","","N","","3 ","","","","","","","","","","2","2","0","0","0","0","0","0","0","0","0","2","2","0","0","0","0","0","0","0","0","0","0","0","0","0","0","0","0","0","0","0","0","0","0","4","0","40.0174","-75.1162","","CRASH_2001_Philadelphia"
"2001248811","06","67","67301","67301","2001","05","4","1947","19","4","1","0","8","1","","","N","00","0","00","3","0","1","2","2","N","N","","","9999","","9999","","0","","N","","0 ","","","","","","","","","","1","0","0","0","0","0","0","1","0","0","0","1","1","0","0","0","0","0","0","0","0","0","0","0","0","0","0","0","0","0","0","0","1","0","0","4","0","","","","CRASH_2001_Philadelphia"
"2001007399","06","67","67301","67301","2001","06","3","1752","17","1","1","0","4","1","","","N","01","2","00","3","0","1","2","2","N","N","39 57:32.328","75 10:18.764","1757","","1754","","0","","N","","3 ","","","","","","","","","","1","1","0","0","0","0","0","0","1","0","1","0","1","0","0","0","0","0","0","0","1","0","0","0","0","0","0","0","0","0","0","0","0","0","0","3","0","39.9591","-75.172","","CRASH_2001_Philadelphia"
"2001019575","06","67","67301","67301","2001","06","3","1805","18","1","1","0","4","1","","","N","01","2","00","3","0","1","2","2","N","N","","","1807","","1806","","0","","N","","2 ","","","","","","","","","","1","1","0","0","0","0","0","0","1","0","0","1","1","0","0","0","0","0","0","0","0","0","0","1","0","0","0","0","0","0","0","0","0","0","0","4","0","","","","CRASH_2001_Philadelphia"
"2001204160","06","67","67301","67301","2001","01","2","2300","23","3","1","0","8","1","","","N","00","0","00","3","0","1","3","2","N","N","40 00:15.480","75 07:26.760","9999","","9999","","0","","N","","0 ","","","","","","","","","","1","0","0","0","0","0","1","0","0","0","1","0","1","0","0","0","0","1","0","0","0","0","0","0","0","0","0","0","0","0","0","0","1","0","0","3","0","40.0043","-75.1241","","CRASH_2001_Philadelphia"
"2001204576","06","67","67301","67301","2001","01","3","1748","17","3","1","0","1","1","","","N","06","0","02","3","0","0","4","4","N","N","40 00:16.920","75 11:45.240","9999","","9999","","0","","N","","0 ","","","","","","","","","","4","4","0","0","0","0","0","0","0","0","0","0","0","0","0","0","0","0","0","0","0","0","0","0","0","0","0","0","0","0","0","0","0","0","0","0","0","40.0047","-75.1959","","CRASH_2001_Philadelphia"
"2001212899","06","67","67301","67301","2001","02","6","1712","17","1","2","1","4","1","","","N","00","0","07","3","0","0","3","3","N","N","","","9999","","9999","","0","","N","","0 ","","","","","","","","","","3","3","0","0","0","0","0","0","0","0","0","0","0","0","0","0","0","0","0","0","0","0","0","0","0","0","0","0","0","0","0","0","0","0","0","0","0","","","","CRASH_2001_Philadelphia"
"2001215517","06","67","67301","67301","2001","02","1","0738","07","1","2","1","4","1","","","N","01","2","00","3","0","1","5","2","N","N","39 58:49.440","75 10:15.240","9999","","9999","","0","","N","","3 ","","","","","","","","","","2","1","0","0","1","0","0","0","0","0","0","0","0","0","1","0","0","0","0","0","2","0","0","0","0","0","0","0","0","0","0","0","0","0","0","9","0","39.9804","-75.1709","","CRASH_2001_Philadelphia"
"2001223790","06","67","67301","67301","2001","03","6","1736","17","4","2","1","8","1","","","N","01","2","00","3","0","1","2","2","N","N","39 57:00.720","75 09:30.960","9999","","9999","","0","","N","","3 ","","","","","","","","","","1","1","0","0","0","0","0","0","0","0","0","1","1","0","0","0","0","0","0","0","0","0","0","0","0","0","0","0","0","0","0","0","1","0","0","4","0","39.9502","-75.1586","","CRASH_2001_Philadelphia"
"2001223951","06","67","67301","67301","2001","03","7","1019","10","1","1","0","4","1","","","N","01","2","00","3","0","4","4","2","N","N","39 57:43.200","75 09:33.120","9999","","9999","","0","","N","","3 ","","","","","","","","","","2","2","0","0","0","0","0","0","0","0","4","0","4","0","0","0","0","0","0","0","0","0","0","0","0","0","0","0","0","0","0","0","0","0","0","3","0","39.962","-75.1593","","CRASH_2001_Philadelphia"
"2001010313","06","67","67301","67301","2001","06","5","0344","03","3","1","0","4","1","","","N","01","2","00","3","0","1","2","2","N","N","39 55:01.789","75 14:47.151","0352","","0348","","0","","N","","3 ","","","","","","","","","","1","1","0","0","0","0","0","0","1","1","0","0","1","0","0","0","0","0","0","0","0","0","0","0","0","0","0","0","0","0","0","1","0","0","0","2","0","39.917","-75.2462","","CRASH_2001_Philadelphia"
"2001016947","06","67","67301","67301","2001","05","4","1715","17","1","1","0","4","1","","","N","01","2","00","3","0","0","3","3","N","N","40 02:07.049","75 08:44.218","1725","","1718","","0","","N","","3 ","","","","","","","","","","3","2","0","0","1","0","0","0","0","0","0","0","0","0","0","0","0","0","0","0","0","0","0","0","0","0","0","0","0","0","0","0","0","0","0","0","0","40.0352","-75.1456","","CRASH_2001_Philadelphia"
"2001207353","06","67","67301","67301","2001","01","5","1305","13","1","1","0","4","1","","","N","01","2","07","3","0","1","2","2","N","N","","","9999","","9999","","0","","N","","3 ","","","","","","","","","","2","1","0","1","0","0","0","0","0","0","1","0","1","0","0","0","0","0","0","0","2","0","0","1","0","0","0","0","0","0","0","0","0","0","0","3","1","","","","CRASH_2001_Philadelphia"
"2001215594","06","67","67301","67301","2001","02","2","1330","13","1","1","0","4","1","","","N","02","3","00","3","0","1","2","2","N","N","","","9999","","9999","","0","","N","","3 ","","","","","","","","","","1","0","0","0","0","0","0","0","1","0","0","1","1","0","0","0","0","0","0","0","0","0","0","0","0","0","0","0","0","0","0","0","0","0","0","4","0","","","","CRASH_2001_Philadelphia"
"2001224006","06","67","67301","67301","2001","03","7","1802","18","3","2","1","2","1","","","N","00","0","00","3","0","2","3","3","N","N","39 58:26.400","75 12:14.760","9999","","9999","","0","","N","","0 ","","","","","","","","","","3","1","0","1","0","0","0","0","0","0","2","0","2","0","0","0","0","0","0","1","0","0","0","0","0","0","0","0","0","0","0","0","0","0","0","3","1","39.9741","-75.2044","","CRASH_2001_Philadelphia"
"2001233334","06","67","67301","67301","2001","03","4","2310","23","3","1","0","9","1","","","N","00","0","00","3","0","1","1","4","N","N","","","9999","","9999","","0","","N","","0 ","","","","","","","","","","4","1","0","0","0","0","0","0","0","0","0","1","1","0","0","0","0","0","0","1","0","0","0","0","0","0","0","0","0","0","0","0","0","0","0","4","0","","","","CRASH_2001_Philadelphia"
"2001244614","06","67","67301","67301","2001","04","6","0800","08","1","1","0","4","1","","","N","01","3","00","3","0","2","3","2","N","N","40 01:23.484","75 07:27.893","9999","","9999","","0","","N","","3 ","","","","","","","","","","2","1","0","0","0","0","1","0","0","0","0","2","2","0","0","0","0","1","0","0","0","0","0","0","0","0","0","0","0","0","0","0","0","0","0","4","0","40.0232","-75.1244","","CRASH_2001_Philadelphia"
"2001210685","06","67","67301","67301","2001","02","2","1100","11","1","2","1","8","1","","","N","00","0","00","3","0","1","2","2","N","N","","","9999","","9999","","0","","N","","0 ","","","","","","","","","","1","0","0","0","0","0","0","0","0","0","0","1","1","0","0","0","0","0","0","0","0","0","0","0","0","0","0","0","0","0","0","0","1","0","0","4","0","","","","CRASH_2001_Philadelphia"
"2001213142","06","67","67301","67301","2001","02","1","0015","00","3","1","0","4","1","","","N","02","3","00","3","0","1","4","2","N","N","39 55:28.200","75 10:15.240","9999","","9999","","0","","N","","3 ","","","","","","","","","","2","2","0","0","0","0","0","0","0","0","0","1","1","0","0","0","0","0","0","1","0","0","0","0","0","0","0","0","0","0","0","0","0","0","0","4","0","39.9245","-75.1708","","CRASH_2001_Philadelphia"
"2001215494","06","67","67301","67301","2001","03","7","1924","19","3","1","0","4","1","","","N","00","0","00","3","0","2","2","2","N","N","39 58:51.600","75 14:11.760","9999","","9999","","0","","N","","0 ","","","","","","","","","","2","2","0","0","0","0","0","0","0","0","0","2","2","0","0","0","0","0","0","0","0","0","0","0","0","0","0","0","0","0","0","0","0","0","0","4","0","39.981","-75.2364","","CRASH_2001_Philadelphia"
"2001233486","06","67","67301","67301","2001","03","3","1140","11","1","1","0","7","5","","","N","00","0","00","3","0","1","1","1","N","N","40 05:07.800","75 12:37.080","9999","","9999","","0","","N","","0 ","","","","","","","","","","1","1","0","0","0","0","0","0","0","0","1","0","1","0","0","0","0","0","0","0","0","0","1","0","0","0","0","0","0","0","0","0","0","0","0","3","0","40.0854","-75.2103","","CRASH_2001_Philadelphia"
"2001207600","06","67","67301","67301","2001","01","5","1530","15","1","1","0","8","1","","","N","00","0","00","3","0","1","2","2","N","N","","","9999","","9999","","0","","N","","0 ","","","","","","","","","","1","0","0","0","0","0","0","1","0","0","0","1","1","0","0","0","0","0","0","0","1","0","0","0","0","0","0","0","0","0","0","0","1","0","0","4","0","","","","CRASH_2001_Philadelphia"
"2001210604","06","67","67301","67301","2001","01","3","1237","12","1","2","1","1","1","","","N","01","2","00","3","0","1","2","2","N","N","","","9999","","9999","","0","","N","","3 ","","","","","","","","","","2","1","0","0","0","0","1","0","0","0","0","1","1","0","0","0","0","0","0","0","1","0","0","0","0","0","0","0","0","0","0","0","0","0","0","4","0","","","","CRASH_2001_Philadelphia"
"2001223773","06","67","67301","67301","2001","03","1","1715","17","1","1","0","5","1","","","N","00","0","00","3","0","0","2","2","N","N","40 03:01.440","75 05:41.280","9999","","9999","","0","","N","","0 ","","","","","","","","","","2","2","0","0","0","0","0","0","0","0","0","0","0","0","0","0","0","0","0","0","0","0","0","0","0","0","0","0","0","0","0","0","0","0","0","0","0","40.0504","-75.0948","","CRASH_2001_Philadelphia"
"2001231127","06","67","67301","67301","2001","03","4","1901","19","1","2","1","4","1","","","N","02","0","00","3","0","2","2","2","N","N","40 05:37.338","75 02:20.511","9999","","9999","","0","","N","","0 ","","","","","","","","","","2","0","0","0","0","0","0","2","0","0","0","2","2","0","0","0","0","0","0","0","0","0","1","0","0","0","0","0","0","0","0","0","0","0","0","4","0","40.0937","-75.039","","CRASH_2001_Philadelphia"
"2001233143","06","67","67301","67301","2001","04","5","1543","15","1","1","0","4","1","","","N","05","2","02","3","0","2","2","2","N","N","39 55:18.120","75 11:25.440","9999","","9999","","0","","N","","3 ","","","","","","","","","","2","2","0","0","0","0","0","0","0","0","0","0","0","0","2","0","0","0","0","0","0","0","0","0","0","0","0","0","0","0","0","0","0","0","0","9","0","39.9217","-75.19","","CRASH_2001_Philadelphia"
"2001233509","06","67","67301","67301","2001","04","1","1430","14","1","1","0","4","1","","","N","01","2","00","3","0","1","2","2","N","N","39 57:25.920","75 12:51.480","9999","","9999","","0","","N","","3 ","","","","","","","","","","2","0","0","0","0","0","0","1","1","0","0","0","0","0","1","0","0","0","0","0","0","1","0","0","0","0","0","0","0","0","0","0","0","0","0","9","0","39.9572","-75.2143","","CRASH_2001_Philadelphia"
"2001243510","06","67","67301","67301","2001","04","6","1535","15","1","1","0","8","1","","","N","01","2","00","3","0","1","2","2","N","N","40 04:44.472","75 10:26.371","9999","","9999","","0","","N","","3 ","","","","","","","","","","1","1","0","0","0","0","0","0","0","0","0","1","1","0","0","0","0","0","0","0","0","0","0","0","0","0","0","0","0","0","0","0","1","0","0","4","0","40.079","-75.174","","CRASH_2001_Philadelphia"