"CRN","DISTRICT","COUNTY","MUNICIPALITY","POLICE_AGCY","CRASH_YEAR","CRASH_MONTH","DAY_OF_WEEK","TIME_OF_DAY","HOUR_OF_DAY","ILLUMINATION","WEATHER","ROAD_CONDITION","COLLISION_TYPE","RELATION_TO_ROAD","WORK_ZONE_TYPE","WORK_ZONE_LOC","WORK_ZONE_IND","INTERSECT_TYPE","TCD_TYPE","LOCATION_TYPE","URBAN_RURAL","FATAL_COUNT","INJURY_COUNT","PERSON_COUNT","TOTAL_UNITS","SCH_BUS_IND","SCH_ZONE_IND","LATITUDE","LONGITUDE","ARRIVAL_TM","CONS_ZONE_SPD_LIM","DISPATCH_TM","EST_HRS_CLOSED","LANE_CLOSED","LN_CLOSE_DIR","NTFY_HIWY_MAINT","SPEC_JURIS_CD","TCD_FUNC_CD","TFC_DETOUR_IND","WORKERS_PRES","WZ_CLOSE_DETOUR","WZ_FLAGGER","WZ_LAW_OFFCR_IND","WZ_LN_CLOSURE","WZ_MOVING","WZ_OTHER","WZ_SHLDER_MDN","VEHICLE_COUNT","AUTOMOBILE_COUNT","MOTORCYCLE_COUNT","BUS_COUNT","SMALL_TRUCK_COUNT","HEAVY_TRUCK_COUNT","SUV_COUNT","VAN_COUNT","BICYCLE_COUNT","MAJ_INJ_COUNT","MOD_INJ_COUNT","MIN_INJ_COUNT","TOT_INJ_COUNT","UNK_INJ_DEG_COUNT","UNK_INJ_PER_COUNT","DRIVER_COUNT_16YR","DRIVER_COUNT_17YR","DRIVER_COUNT_18YR","DRIVER_COUNT_19YR","DRIVER_COUNT_20YR","DRIVER_COUNT_50_64YR","DRIVER_COUNT_65_74YR","DRIVER_COUNT_75PLUS","UNBELTED_OCC_COUNT","UNB_DEATH_COUNT","UNB_MAJ_INJ_COUNT","BELTED_DEATH_COUNT","BELTED_MAJ_INJ_COUNT","MCYCLE_DEATH_COUNT","MCYCLE_MAJ_INJ_COUNT","BICYCLE_DEATH_COUNT","BICYCLE_MAJ_INJ_COUNT","PED_COUNT","PED_DEATH_COUNT","PED_MAJ_INJ_COUNT","MAX_SEVERITY_LEVEL","COMM_VEH_COUNT","DEC_LAT","DEC_LONG","RDWY_SURF_TYPE_CD","COUNTY_YEAR"
"2001207272","06","67","67301","67301","2001","01","2","0644","06","3","3","6","8","1","","","N","01","2","00","3","0","1","2","2","N","N","39 57:09.000","75 09:55.080","9999","","9999","","0","","N","","3 ","","","","","","","","","","1","0","0","0","1","0","0","0","0","0","0","1","1","0","0","0","0","0","0","0","0","0","0","0","0","0","0","0","0","0","0","0","1","0","0","4","0","39.9525","-75.1653","","CRASH_2001_Philadelphia"
"2001207486","06","67","67301","67301","2001","01","2","0410","04","3","1","3","7","1","","","N","00","0","00","3","0","1","1","2","N","N","","","9999","","9999","","0","","N","","0 ","","","","","","","","","","2","0","0","0","1","0","0","0","0","0","0","0","0","0","1","0","0","0","0","0","0","0","0","0","0","0","0","0","0","0","0","0","0","0","0","9","0","","","","CRASH_2001_Philadelphia"
"2001224269","06","67","67301","67501","2001","03","5","0129","01","3","1","0","1","1","","","N","00","0","05","3","0","1","4","2","N","N","","","9999","","9999","","0","","N","","0 ","","","","","","","","","","2","2","0","0","0","0","0","0","0","0","0","0","0","0","1","0","0","0","1","0","0","0","0","0","0","0","0","0","0","0","0","0","0","0","0","9","0","","","","CRASH_2001_Philadelphia"
"2001238244","06","67","67301","67301","2001","04","7","0150","01","3","1","0","7","1","","","N","00","0","00","3","0","2","2","1","N","N","","","9999","","9999","","0","","N","","0 ","","","","","","","","","","1","1","0","0","0","0","0","0","0","0","0","2","2","0","0","0","0","1","0","0","0","0","0","2","0","0","0","0","0","0","0","0","0","0","0","4","0","","","","CRASH_2001_Philadelphia"
"2001238948","06","67","67301","67301","2001","04","4","2000","20","3","2","1","8","1","","","N","01","2","00","3","0","2","3","3","N","N","40 01:32.160","75 07:20.280","9999","","9999","","0","","N","","3 ","","","","","","","","","","1","1","0","0","0","0","0","0","0","0","0","2","2","0","0","0","0","0","0","0","0","0","0","0","0","0","0","0","0","0","0","0","2","0","0","4","0","40.0256","-75.1223","","CRASH_2001_Philadelphia"
"2001007021","06","67","67301","67301","2001","05","1","1027","10","1","1","0","4","1","","","N","01","2","00","3","0","3","3","2","N","N","39 58:22.071","75 12:58.816","1033","","1029","","0","","N","","9 ","","","","","","","","","","2","2","0","0","0","0","0","0","0","0","3","0","3","0","0","0","0","0","0","0","0","0","1","0","0","0","0","0","0","0","0","0","0","0","0","3","0","39.9728","-75.2163","","CRASH_2001_Philadelphia"
"2001007129","06","67","67301","67301","2001","05","2","1645","16","1","2","1","4","1","","","N","00","0","07","3","0","1","2","2","N","Y","39 55:27.635","75 10:10.327","1655","","1648","","0","","N","","0 ","","","","","","","","","","2","2","0","0","0","0","0","0","0","0","0","1","1","0","0","0","0","0","0","0","0","0","0","0","0","0","0","0","0","0","0","0","0","0","0","4","0","39.9244","-75.1695","","CRASH_2001_Philadelphia"
"2001215558","06","67","67301","67301","2001","03","7","1528","15","1","1","0","4","1","","","N","00","0","07","3","0","1","3","2","N","N","","","9999","","9999","","0","","N","","0 ","","","","","","","","","","1","1","0","0","0","0","0","0","1","0","0","1","1","0","0","0","0","0","0","0","0","0","0","0","0","0","0","0","0","0","0","0","0","0","0","4","0","","","","CRASH_2001_Philadelphia"
"2001224004","06","67","67301","67301","2001","03","6","0143","01","3","1","0","4","1","","","N","01","2","00","3","0","13","18","2","N","N","39 59:38.040","75 09:16.560","9999","","9999","","0","","N","","3 ","","","","","","","","","","2","0","0","1","0","0","1","0","0","0","1","12","13","0","0","0","0","0","0","0","0","0","0","1","0","0","0","0","0","0","0","0","0","0","0","3","1","39.9941","-75.1546","","CRASH_2001_Philadelphia"
"2001233207","06","67","67301","67301","2001","03","1","1225","12","1","1","0","7","5","","","N","01","2","00","3","0","1","2","1","N","N","39 57:48.600","75 10:15.600","9999","","9999","","0","","N","","3 ","","","","","","","","","","1","1","0","0","0","0","0","0","0","0","0","1","1","0","0","0","0","0","0","0","0","1","0","0","0","0","0","0","0","0","0","0","0","0","0","4","0","39.9635","-75.171","","CRASH_2001_Philadelphia"
"2001207610","06","67","67301","67301","2001","01","6","1255","12","1","2","1","4","1","","","N","01","3","00","3","0","1","2","2","N","N","","","9999","","9999","","0","","N","","3 ","","","","","","","","","","1","1","0","0","0","0","0","0","1","0","0","1","1","0","0","0","0","0","0","0","0","0","0","0","0","0","0","0","0","0","0","0","0","0","0","4","0","","","","CRASH_2001_Philadelphia"
"2001216893","06","67","67301","67301","2001","03","5","0805","08","1","1","0","4","1","","","N","01","2","00","3","0","0","2","2","N","N","39 55:27.120","75 14:43.800","9999","","9999","","0","","N","","3 ","","","","","","","","","","2","1","0","0","0","0","0","1","0","0","0","0","0","0","0","0","0","0","0","0","0","1","0","0","0","0","0","0","0","0","0","0","0","0","0","0","0","39.9243","-75.2454","","CRASH_2001_Philadelphia"
"2001231109","06","67","67301","67301","2001","03","1","1606","16","1","1","0","1","1","","","N","00","0","00","3","0","0","8","3","N","N","39 58:26.040","75 07:09.840","9999","","9999","","0","","N","","0 ","","","","","","","","","","3","3","0","0","0","0","0","0","0","0","0","0","0","0","0","0","0","0","0","0","1","0","0","0","0","0","0","0","0","0","0","0","0","0","0","0","0","39.9735","-75.1199","","CRASH_2001_Philadelphia"
"2001238206","06","67","67301","67301","2001","03","6","2242","22","3","1","0","4","1","","","N","01","2","00","3","0","1","2","2","N","N","40 00:51.570","75 10:41.163","9999","","9999","","0","","N","","3 ","","","","","","","","","","2","2","0","0","0","0","0","0","0","0","0","1","1","0","0","0","0","0","0","0","0","0","0","0","0","0","0","0","0","0","0","0","0","0","0","4","0","40.0143","-75.1781","","CRASH_2001_Philadelphia"
"2001210599","06","67","67301","67301","2001","02","4","2157","21","2","1","0","5","1","","","N","00","0","00","3","0","0","2","2","N","N","39 58:12.720","75 07:28.200","9999","","9999","","0","","N","","0 ","","","","","","","","","","2","1","0","0","0","1","0","0","0","0","0","0","0","0","0","0","0","0","0","0","1","0","0","0","0","0","0","0","0","0","0","0","0","0","0","0","1","39.9706","-75.1241","","CRASH_2001_Philadelphia"
"2001210700","06","67","67301","67301","2001","02","2","0810","08","1","1","0","4","1","","","N","01","2","00","3","0","1","4","2","N","N","40 02:26.160","75 04:34.320","9999","","9999","","0","","N","","3 ","","","","","","","","","","2","2","0","0","0","0","0","0","0","0","0","1","1","0","0","0","0","0","0","0","0","0","0","4","0","0","0","0","0","0","0","0","0","0","0","4","0","40.0407","-75.0762","","CRASH_2001_Philadelphia"
"2001233182","06","67","67301","67301","2001","04","6","1140","11","1","2","1","4","1","","","N","02","3","00","3","0","0","2","2","N","N","","","9999","","9999","","0","","N","","3 ","","","","","","","","","","2","2","0","0","0","0","0","0","0","0","0","0","0","0","0","0","0","0","0","0","0","0","0","0","0","0","0","0","0","0","0","0","0","0","0","0","0","","","","CRASH_2001_Philadelphia"
"2001016964","06","67","67301","67301","2001","05","6","0235","02","3","1","0","4","1","","","N","01","2","00","3","0","1","2","2","N","N","39 55:49.403","75 10:05.991","0242","","0238","","0","","N","","3 ","","","","","","","","","","1","1","0","0","0","0","0","0","1","0","0","1","1","0","1","0","0","0","0","0","0","0","0","0","0","0","0","0","0","0","0","0","0","0","0","4","0","39.9305","-75.1683","","CRASH_2001_Philadelphia"
"2001019551","06","67","67301","67301","2001","06","1","0040","00","3","1","0","4","1","","","N","02","0","00","3","0","1","2","2","N","N","","","0035","","0035","","0","","N","","0 ","","","","","","","","","","2","2","0","0","0","0","0","0","0","0","1","0","1","0","0","0","0","0","0","0","1","0","0","0","0","0","0","0","0","0","0","0","0","0","0","3","0","","","","CRASH_2001_Philadelphia"
"2001211498","06","67","67301","67301","2001","02","5","1230","12","1","1","0","7","1","","","N","00","0","00","3","0","1","2","1","N","N","","","9999","","9999","","0","","N","","0 ","","","","","","","","","","1","1","0","0","0","0","0","0","0","0","0","1","1","0","0","0","0","0","0","0","0","0","0","0","0","0","0","0","0","0","0","0","0","0","0","4","0","","","","CRASH_2001_Philadelphia"
"2001207681","06","67","67301","67301","2001","01","2","0715","07","1","1","0","1","1","","","N","00","0","00","3","0","1","2","2","N","N","40 02:07.080","75 04:14.160","9999","","9999","","0","","N","","0 ","","","","","","","","","","2","1","0","0","0","0","0","1","0","0","0","1","1","0","0","0","0","0","0","0","0","0","0","0","0","0","0","0","0","0","0","0","0","0","0","4","0","40.0354","-75.0704","","CRASH_2001_Philadelphia"
"2001211374","06","67","67301","67301","2001","02","5","0320","03","3","1","1","7","1","","","N","00","0","00","3","0","1","2","1","N","N","40 04:22.440","75 00:51.120","9999","","9999","","0","","N","","0 ","","","","","","","","","","1","1","0","0","0","0","0","0","0","0","0","0","0","0","1","0","0","0","0","0","0","0","0","0","0","0","0","0","0","0","0","0","0","0","0","9","0","40.073","-75.0144","","CRASH_2001_Philadelphia"
"2001231168","06","67","67301","67301","2001","03","4","0020","00","3","1","0","4","1","","","N","02","2","00","3","0","1","2","2","N","N","40 02:41.280","75 01:03.000","9999","","9999","","0","","N","","3 ","","","","","","","","","","2","0","0","0","0","0","1","0","0","0","0","0","0","0","1","0","0","0","0","0","0","0","0","0","0","0","0","0","0","0","0","0","0","0","0","9","0","40.0448","-75.0175","","CRASH_2001_Philadelphia"
"2001233050","06","67","67301","67301","2001","04","1","0355","03","3","1","0","4","1","","","N","05","2","00","3","0","0","6","2","N","N","39 55:31.440","75 10:10.200","9999","","9999","","0","","N","","3 ","","","","","","","","","","2","2","0","0","0","0","0","0","0","0","0","0","0","0","0","0","0","0","1","0","0","0","0","0","0","0","0","0","0","0","0","0","0","0","0","0","0","39.9255","-75.1695","","CRASH_2001_Philadelphia"
"2001007156","06","67","67301","67301","2001","06","7","2337","23","3","1","0","1","1","","","N","02","2","00","3","0","2","7","2","N","N","39 57:12.616","75 08:23.586","2340","","2338","","0","","N","","3 ","","","","","","","","","","2","2","0","0","0","0","0","0","0","0","0","2","2","0","0","0","0","0","1","0","0","0","0","0","0","0","0","0","0","0","0","0","0","0","0","4","0","39.9537","-75.1397","","CRASH_2001_Philadelphia"
"2001205981","06","67","67301","67301","2001","01","1","0205","02","3","1","0","0","1","","","N","00","0","00","3","0","0","2","1","N","N","39 53:20.040","75 13:08.040","9999","","9999","","0","","N","","0 ","","","","","","","","","","1","0","0","0","0","0","1","0","0","0","0","0","0","0","0","0","0","0","0","0","0","0","0","0","0","0","0","0","0","0","0","0","0","0","0","0","0","39.8888","-75.2183","","CRASH_2001_Philadelphia"
"2001223868","06","67","67301","67301","2001","03","2","2251","22","3","2","1","4","1","","","N","01","3","00","3","0","6","6","2","N","N","40 03:01.648","75 09:16.588","9999","","9999","","0","","N","","3 ","","","","","","","","","","2","2","0","0","0","0","0","0","0","0","5","0","5","0","1","0","0","0","0","0","0","0","0","0","0","0","0","0","0","0","0","0","0","0","0","3","0","40.0505","-75.1546","","CRASH_2001_Philadelphia"
"2001207366","06","67","67301","67301","2001","01","6","1610","16","1","1","0","1","1","","","N","00","0","00","3","0","6","7","3","N","N","","","9999","","9999","","0","","N","","0 ","","","","","","","","","","3","2","0","0","0","0","1","0","0","0","0","0","0","0","6","0","0","0","0","0","2","0","0","2","0","0","0","0","0","0","0","0","0","0","0","9","0","","","","CRASH_2001_Philadelphia"
"2001207839","06","67","67301","67301","2001","01","3","1502","15","1","1","0","4","1","","","N","01","3","00","3","0","1","2","2","N","N","","","9999","","9999","","0","","N","","3 ","","","","","","","","","","1","0","0","1","0","0","0","0","1","0","0","1","1","0","0","0","0","0","0","0","0","0","0","0","0","0","0","0","0","0","0","0","0","0","0","4","1","","","","CRASH_2001_Philadelphia"
"2001233265","06","67","67301","67301","2001","04","3","1650","16","1","9","9","8","1","","","N","00","0","00","3","0","1","2","2","N","N","","","9999","","9999","","0","","N","","0 ","","","","","","","","","","1","1","0","0","0","0","0","0","0","0","1","0","1","0","0","0","0","0","0","0","0","0","0","0","0","0","0","0","0","0","0","0","1","0","0","3","0","","","","CRASH_2001_Philadelphia"
"2001233288","06","67","67301","67301","2001","03","5","1858","18","3","2","1","4","1","","","N","01","2","00","3","0","1","5","2","N","N","40 01:13.800","75 03:13.320","9999","","9999","","0","","N","","3 ","","","","","","","","","","2","2","0","0","0","0","0","0","0","0","0","1","1","0","0","0","0","0","0","0","1","0","0","0","0","0","0","0","0","0","0","0","0","0","0","4","0","40.0205","-75.0537","","CRASH_2001_Philadelphia"
"2001007192","06","67","67301","67301","2001","05","6","1640","16","1","1","0","4","1","","","N","02","3","00","3","0","1","3","2","N","N","40 04:18.245","75 01:57.241","1650","","1645","","0","","N","","2 ","","","","","","","","","","2","1","0","0","1","0","0","0","0","0","0","1","1","0","0","0","0","0","0","0","0","0","1","0","0","0","0","0","0","0","0","0","0","0","0","4","0","40.0718","-75.0326","","CRASH_2001_Philadelphia"
"2001208900","06","67","67301","67301","2001","02","7","0228","02","3","1","0","7","1","","","N","00","0","01","3","0","1","1","1","N","N","40 01:05.160","75 04:57.000","9999","","9999","","0","","N","","0 ","","","","","","","","","","1","1","0","0","0","0","0","0","0","0","0","1","1","0","0","0","0","0","0","0","0","1","0","0","0","0","0","0","0","0","0","0","0","0","0","4","0","40.018","-75.0825","","CRASH_2001_Philadelphia"
"2001209061","06","67","67301","67301","2001","01","2","0212","02","3","1","0","4","1","","","N","01","2","00","3","0","1","3","2","N","N","39 59:27.381","75 06:05.712","9999","","9999","","0","","N","","3 ","","","","","","","","","","2","2","0","0","0","0","0","0","0","0","1","0","1","0","0","0","0","0","0","0","0","0","0","0","0","0","0","0","0","0","0","0","0","0","0","3","0","39.9909","-75.1016","","CRASH_2001_Philadelphia"
"2001215635","06","67","67301","67301","2001","02","3","0630","06","3","1","0","8","1","","","N","00","0","00","3","0","1","2","2","N","N","","","9999","","9999","","0","","N","","0 ","","","","","","","","","","1","1","0","0","0","0","0","0","0","0","0","1","1","0","0","0","0","0","0","0","0","0","0","0","0","0","0","0","0","0","0","0","1","0","0","4","0","","","","CRASH_2001_Philadelphia"
"2001019607","06","67","67301","67301","2001","05","5","1935","19","3","1","0","8","1","","","N","01","2","00","3","0","1","3","2","N","N","39 57:03.000","75 09:12.884","2010","","2003","1","2","3","N","","3 ","N","","","","","","","","","1","1","0","0","0","0","0","0","0","1","0","0","1","0","0","0","0","0","0","0","0","0","0","0","0","0","0","0","0","0","0","0","1","0","1","2","0","39.9511","-75.1536","","CRASH_2001_Philadelphia"
"2001233158","06","67","67301","67301","2001","03","6","2219","22","3","1","0","8","1","","","N","01","3","00","3","0","1","2","2","N","N","40 00:48.243","75 08:50.035","9999","","9999","","0","","N","","3 ","","","","","","","","","","1","1","0","0","0","0","0","0","0","0","0","1","1","0","0","0","0","0","0","0","0","0","0","0","0","0","0","0","0","0","0","0","1","0","0","4","0","40.0134","-75.1472","","CRASH_2001_Philadelphia"
"2001233496","06","67","67301","67301","2001","04","1","0530","05","5","1","0","1","1","","","N","01","2","00","3","0","1","2","2","N","N","40 02:07.800","75 07:26.040","9999","","9999","","0","","N","","3 ","","","","","","","","","","2","2","0","0","0","0","0","0","0","0","0","0","0","0","1","0","0","0","0","0","0","0","0","0","0","0","0","0","0","0","0","0","0","0","0","9","0","40.0356","-75.1239","","CRASH_2001_Philadelphia"
"2001238133","06","67","67301","67301","2001","04","6","1757","17","1","1","0","7","5","","","N","00","0","00","3","0","0","1","1","N","N","40 03:08.640","75 00:28.800","9999","","9999","","0","","N","","0 ","","","","","","","","","","1","1","0","0","0","0","0","0","0","0","0","0","0","0","0","0","0","0","0","0","0","0","0","0","0","0","0","0","0","0","0","0","0","0","0","0","0","40.0524","-75.008","","CRASH_2001_Philadelphia"
"2001243733","06","67","67301","67301","2001","03","2","0915","09","1","4","1","7","5","","","N","00","0","07","3","0","5","29","1","N","N","","","9999","","9999","","0","","N","","0 ","","","","","","","","","","1","0","0","1","0","0","0","0","0","0","0","5","5","0","0","0","0","0","0","0","0","0","0","0","0","0","0","0","0","0","0","0","0","0","0","4","1","","","","CRASH_2001_Philadelphia"
"2001014293","06","67","67301","67301","2001","06","7","0447","04","6","1","0","4","1","","","N","01","2","00","3","0","1","2","2","N","N","39 57:42.000","75 09:27.671","0455","","0451","1","2","3","N","","3 ","Y","","","","","","","","","2","2","0","0","0","0","0","0","0","0","0","1","1","0","0","0","0","0","0","0","0","0","0","0","0","0","0","0","0","0","0","0","0","0","0","4","0","39.9617","-75.1577","","CRASH_2001_Philadelphia"
"2001206174","06","67","67301","67301","2001","01","2","2325","23","3","4","9","4","1","","","N","01","3","00","3","0","1","4","2","N","N","39 58:54.400","75 10:54.828","9999","","9999","","0","","N","","3 ","","","","","","","","","","2","2","0","0","0","0","0","0","0","0","0","1","1","0","0","0","0","0","0","0","0","0","0","0","0","0","0","0","0","0","0","0","0","0","0","4","0","39.9818","-75.1819","","CRASH_2001_Philadelphia"
"2001215525","06","67","67301","67301","2001","03","2","1332","13","1","3","1","5","1","","","N","01","2","00","3","0","2","5","4","N","N","40 05:40.560","75 00:54.000","9999","","9999","","0","","N","","3 ","","","","","","","","","","4","2","0","0","0","1","1","0","0","0","0","2","2","0","0","0","0","0","0","0","0","0","0","0","0","0","0","0","0","0","0","0","0","0","0","4","1","40.0948","-75.0153","","CRASH_2001_Philadelphia"
"2001216969","06","67","67301","67301","2001","03","6","0238","02","3","1","0","4","1","","","N","01","3","00","3","0","2","6","2","N","N","","","9999","","9999","","0","","N","","3 ","","","","","","","","","","2","1","0","0","0","0","0","1","0","0","0","1","1","0","1","0","0","0","0","0","0","0","0","0","0","0","0","0","0","0","0","0","0","0","0","4","0","","","","CRASH_2001_Philadelphia"
"2001233087","06","67","67301","67301","2001","04","4","1127","11","1","1","0","4","1","","","N","01","2","00","3","0","0","5","2","N","N","40 04:27.120","75 02:04.920","9999","","9999","","0","","N","","3 ","","","","","","","","","","2","2","0","0","0","0","0","0","0","0","0","0","0","0","0","0","0","0","0","0","1","0","0","0","0","0","0","0","0","0","0","0","0","0","0","0","0","40.0742","-75.0347","","CRASH_2001_Philadelphia"
"2001238162","06","67","67301","67301","2001","04","2","0537","05","3","2","1","4","1","","","N","01","2","00","3","0","1","2","2","N","N","40 01:31.800","75 07:20.640","9999","","9999","","0","","N","","3 ","","","","","","","","","","2","2","0","0","0","0","0","0","0","0","1","0","1","0","0","0","0","0","0","0","0","0","0","0","0","0","0","0","0","0","0","0","0","0","0","3","0","40.0254","-75.1227","","CRASH_2001_Philadelphia"
"2001248785","06","67","67301","67301","2001","05","4","1730","17","1","1","0","4","1","","","N","01","3","00","3","0","0","3","2","N","N","40 03:35.316","75 12:34.340","9999","","9999","","0","","N","","3 ","","","","","","","","","","2","1","0","0","0","0","0","1","0","0","0","0","0","0","0","0","0","0","0","0","1","0","0","0","0","0","0","0","0","0","0","0","0","0","0","0","0","40.0598","-75.2095","","CRASH_2001_Philadelphia"
"2001233082","06","67","67301","67301","2001","04","4","1030","10","1","1","0","8","1","","","N","01","2","00","3","0","1","2","2","N","N","39 59:10.680","75 09:22.320","9999","","9999","","0","","N","","3 ","","","","","","","","","","1","1","0","0","0","0","0","0","0","0","0","1","1","0","0","0","0","0","0","0","0","1","0","0","0","0","0","0","0","0","0","0","1","0","0","4","0","39.9863","-75.1563","","CRASH_2001_Philadelphia"
"2001239091","06","67","67301","67301","2001","04","1","1635","16","1","1","0","1","1","","","N","07","0","02","3","0","5","16","4","N","N","39 53:56.040","75 10:09.840","9999","","9999","","0","","N","","0 ","","","","","","","","","","4","3","0","0","0","0","0","1","0","0","0","5","5","0","0","0","0","0","0","0","1","0","0","0","0","0","0","0","0","0","0","0","0","0","0","4","0","39.8992","-75.1671","","CRASH_2001_Philadelphia"
"2001007368","06","67","67301","67301","2001","05","7","2319","23","3","2","1","4","1","","","N","01","2","00","3","0","2","4","3","N","N","40 00:27.720","75 09:05.760","2322","","2319","","0","","N","","3 ","","","","","","","","","","3","3","0","0","0","0","0","0","0","0","0","2","2","0","0","0","0","0","0","0","0","0","0","1","0","0","0","0","0","0","0","0","0","0","0","4","0","40.0077","-75.1516","","CRASH_2001_Philadelphia"
"2001018238","06","67","67301","67301","2001","06","4","1031","10","1","1","0","1","1","","","N","00","0","00","3","0","0","4","4","N","N","40 00:19.359","75 11:48.344","1031","","1031","1","1","3","N","","0 ","N","","","","","","","","","4","2","0","0","2","0","0","0","0","0","0","0","0","0","0","0","0","0","0","0","0","0","0","0","0","0","0","0","0","0","0","0","0","0","0","0","0","40.0079","-75.2022","","CRASH_2001_Philadelphia"
"2001207858","06","67","67301","67301","2001","01","5","1435","14","1","1","0","4","1","","","N","01","2","00","3","0","2","4","2","N","N","","","9999","","9999","","0","","N","","3 ","","","","","","","","","","2","2","0","0","0","0","0","0","0","0","0","0","0","0","2","0","0","0","0","0","0","0","0","0","0","0","0","0","0","0","0","0","0","0","0","9","0","","","","CRASH_2001_Philadelphia"
"2001223828","06","67","67301","67301","2001","03","2","1330","13","1","1","0","8","1","","","N","01","2","00","3","0","1","2","2","N","N","39 56:54.600","75 08:43.080","9999","","9999","","0","","N","","3 ","","","","","","","","","","1","1","0","0","0","0","0","0","0","0","0","0","0","0","1","0","0","0","0","0","0","0","0","0","0","0","0","0","0","0","0","0","1","0","0","9","0","39.9485","-75.1453","","CRASH_2001_Philadelphia"
"2001008741","06","67","67301","67301","2001","06","7","1830","18","1","1","0","1","1","","","N","01","2","00","3","0","1","3","2","N","N","40 02:13.042","75 04:47.464","1838","","1833","","0","","N","","3 ","","","","","","","","","","2","2","0","0","0","0","0","0","0","0","1","0","1","0","0","0","0","0","0","0","1","0","0","3","0","0","0","0","0","0","0","0","0","0","0","3","0","40.0369","-75.0799","","CRASH_2001_Philadelphia"
"2001010390","06","67","67301","67301","2001","06","3","1739","17","1","1","0","1","1","","","N","00","0","00","3","0","1","4","3","N","N","40 03:12.414","75 08:29.831","1815","","1810","","0","","N","","0 ","","","","","","","","","","3","3","0","0","0","0","0","0","0","0","0","1","1","0","0","0","0","0","0","0","1","0","0","0","0","0","0","0","0","0","0","0","0","0","0","4","0","40.0535","-75.1416","","CRASH_2001_Philadelphia"
"2001238183","06","67","67301","67301","2001","04","4","1935","19","3","1","0","5","1","","","N","00","0","00","3","0","2","5","3","N","N","39 58:56.280","75 06:02.520","9999","","9999","","0","","N","","0 ","","","","","","","","","","3","2","0","0","0","0","0","1","0","0","0","2","2","0","0","0","0","0","1","0","0","1","0","0","0","0","0","0","0","0","0","0","0","0","0","4","0","39.9824","-75.1005","","CRASH_2001_Philadelphia"
"2001243528","06","67","67301","67301","2001","04","2","1825","18","1","1","0","4","1","","","N","01","3","00","3","0","1","2","2","N","N","40 03:44.571","75 09:38.105","9999","","9999","","0","","N","","3 ","","","","","","","","","","1","1","0","0","0","0","0","0","1","0","0","1","1","0","0","0","0","0","0","0","0","0","0","0","0","0","0","0","0","0","0","0","0","0","0","4","0","40.0624","-75.1606","","CRASH_2001_Philadelphia"
"2001019541","06","67","67301","67301","2001","06","1","1524","15","1","1","0","4","1","","","N","01","2","00","3","0","2","3","2","N","N","40 02:22.319","75 02:45.128","1530","","1524","","0","","N","","3 ","","","","","","","","","","2","1","0","0","1","0","0","0","0","0","0","2","2","0","0","0","0","0","0","0","0","0","0","0","0","0","0","0","0","0","0","0","0","0","0","4","0","40.0395","-75.0459","","CRASH_2001_Philadelphia"
"2001204143","06","67","67301","67301","2001","01","6","1015","10","1","1","0","1","1","","","N","01","3","00","3","0","1","3","2","N","N","40 04:00.120","75 10:40.800","9999","","9999","","0","","N","","3 ","","","","","","","","","","2","2","0","0","0","0","0","0","0","0","0","1","1","0","0","0","0","0","0","0","0","0","0","0","0","0","0","0","0","0","0","0","0","0","0","4","0","40.0667","-75.178","","CRASH_2001_Philadelphia"
"2001207570","06","67","67301","67301","2001","01","6","2200","22","3","2","1","1","1","","","N","01","2","00","3","0","2","4","2","N","N","40 00:46.800","75 07:09.840","9999","","9999","","0","","N","","3 ","","","","","","","","","","2","2","0","0","0","0","0","0","0","0","0","2","2","0","0","0","0","0","0","1","1","0","0","2","0","0","0","0","0","0","0","0","0","0","0","4","0","40.013","-75.1195","","CRASH_2001_Philadelphia"
"2001216917","06","67","67301","67301","2001","03","5","0825","08","1","1","0","1","1","","","N","00","0","00","3","0","0","3","3","N","N","39 58:56.640","75 06:01.440","9999","","9999","","0","","N","","0 ","","","","","","","","","","3","3","0","0","0","0","0","0","0","0","0","0","0","0","0","0","0","0","0","0","1","0","0","0","0","0","0","0","0","0","0","0","0","0","0","0","0","39.9825","-75.1002","","CRASH_2001_Philadelphia"
"2001216926","06","67","67301","67301","2001","03","1","2103","21","3","1","0","4","1","","","N","01","2","00","3","0","1","8","2","N","N","39 58:48.720","75 16:09.120","9999","","9999","","0","","N","","3 ","","","","","","","","","","2","2","0","0","0","0","0","0","0","0","0","1","1","0","0","0","0","0","0","0","0","0","0","0","0","0","0","0","0","0","0","0","0","0","0","4","0","39.9802","-75.2693","","CRASH_2001_Philadelphia"
"2001210665","06","67","67301","67301","2001","02","2","9999","99","1","4","3","9","1","","","N","02","3","00","3","0","0","1","2","N","N","40 02:59.280","75 11:39.120","9999","","9999","","0","","N","","3 ","","","","","","","","","","2","0","0","0","0","0","0","0","0","0","0","0","0","0","0","0","0","0","0","0","0","0","0","0","0","0","0","0","0","0","0","0","0","0","0","0","0","40.0499","-75.1941","","CRASH_2001_Philadelphia"
"2001210772","06","67","67301","67301","2001","02","5","9999","99","3","1","0","8","1","","","N","00","0","00","3","0","1","2","2","N","N","","","9999","","9999","","0","","N","","0 ","","","","","","","","","","1","0","0","0","0","0","1","0","0","0","0","1","1","0","0","0","0","0","0","0","0","0","0","0","0","0","0","0","0","0","0","0","1","0","0","4","0","","","","CRASH_2001_Philadelphia"