"CRN","DISTRICT","COUNTY","MUNICIPALITY","POLICE_AGCY","CRASH_YEAR","CRASH_MONTH","DAY_OF_WEEK","TIME_OF_DAY","HOUR_OF_DAY","ILLUMINATION","WEATHER","ROAD_CONDITION","COLLISION_TYPE","RELATION_TO_ROAD","WORK_ZONE_TYPE","WORK_ZONE_LOC","WORK_ZONE_IND","INTERSECT_TYPE","TCD_TYPE","LOCATION_TYPE","URBAN_RURAL","FATAL_COUNT","INJURY_COUNT","PERSON_COUNT","TOTAL_UNITS","SCH_BUS_IND","SCH_ZONE_IND","LATITUDE","LONGITUDE","ARRIVAL_TM","CONS_ZONE_SPD_LIM","DISPATCH_TM","EST_HRS_CLOSED","LANE_CLOSED","LN_CLOSE_DIR","NTFY_HIWY_MAINT","SPEC_JURIS_CD","TCD_FUNC_CD","TFC_DETOUR_IND","WORKERS_PRES","WZ_CLOSE_DETOUR","WZ_FLAGGER","WZ_LAW_OFFCR_IND","WZ_LN_CLOSURE","WZ_MOVING","WZ_OTHER","WZ_SHLDER_MDN","VEHICLE_COUNT","AUTOMOBILE_COUNT","MOTORCYCLE_COUNT","BUS_COUNT","SMALL_TRUCK_COUNT","HEAVY_TRUCK_COUNT","SUV_COUNT","VAN_COUNT","BICYCLE_COUNT","MAJ_INJ_COUNT","MOD_INJ_COUNT","MIN_INJ_COUNT","TOT_INJ_COUNT","UNK_INJ_DEG_COUNT","UNK_INJ_PER_COUNT","DRIVER_COUNT_16YR","DRIVER_COUNT_17YR","DRIVER_COUNT_18YR","DRIVER_COUNT_19YR","DRIVER_COUNT_20YR","DRIVER_COUNT_50_64YR","DRIVER_COUNT_65_74YR","DRIVER_COUNT_75PLUS","UNBELTED_OCC_COUNT","UNB_DEATH_COUNT","UNB_MAJ_INJ_COUNT","BELTED_DEATH_COUNT","BELTED_MAJ_INJ_COUNT","MCYCLE_DEATH_COUNT","MCYCLE_MAJ_INJ_COUNT","BICYCLE_DEATH_COUNT","BICYCLE_MAJ_INJ_COUNT","PED_COUNT","PED_DEATH_COUNT","PED_MAJ_INJ_COUNT","MAX_SEVERITY_LEVEL","COMM_VEH_COUNT","DEC_LAT","DEC_LONG","RDWY_SURF_TYPE_CD","COUNTY_YEAR"
"2001007190","06","67","67301","67301","2001","05","4","0711","07","1","1","1","8","1","","","N","02","2","00","3","0","1","2","2","N","N","40 02:37.715","75 13:43.075","0720","","0711","","0","","N","","3 ","","","","","","","","","","1","1","0","0","0","0","0","0","0","0","0","1","1","0","0","0","0","0","0","0","0","0","0","0","0","0","0","0","0","0","0","0","1","0","0","4","0","40.0437","-75.2283","","CRASH_2001_Philadelphia"
"2001008586","06","67","67301","67301","2001","05","3","1900","19","1","1","0","8","1","","","N","01","2","00","3","0","1","3","2","N","N","40 00:19.000","75 06:18.600","1920","","1914","","0","","N","","2 ","","","","","","","","","","1","1","0","0","0","0","0","0","0","0","0","1","1","0","0","0","0","0","0","0","0","0","0","0","0","0","0","0","0","0","0","0","1","0","0","4","0","40.0055","-75.105","","CRASH_2001_Philadelphia"
"2001204625","06","67","67301","67301","2001","01","7","1636","16","1","1","0","5","1","","","N","00","0","00","3","0","0","4","2","N","N","39 58:14.160","75 09:15.120","9999","","9999","","0","","N","","0 ","","","","","","","","","","2","2","0","0","0","0","0","0","0","0","0","0","0","0","0","0","0","0","0","0","0","0","0","0","0","0","0","0","0","0","0","0","0","0","0","0","0","39.9707","-75.1542","","CRASH_2001_Philadelphia"
"2001207662","06","67","67301","67301","2001","01","1","1100","11","1","1","0","8","1","","","N","01","3","00","3","0","1","2","2","N","N","39 59:27.805","75 08:41.413","9999","","9999","","0","","N","","3 ","","","","","","","","","","1","0","0","0","0","0","0","0","0","0","0","1","1","0","0","0","0","0","0","0","0","0","0","0","0","0","0","0","0","0","0","0","1","0","0","4","0","39.9911","-75.1448","","CRASH_2001_Philadelphia"
"2001208889","06","67","67301","67301","2001","02","2","1700","17","3","1","0","4","1","","","N","01","0","00","3","0","1","3","2","N","N","40 03:23.400","75 00:47.160","9999","","9999","","0","","N","","0 ","","","","","","","","","","2","2","0","0","0","0","0","0","0","0","0","1","1","0","0","0","0","0","0","0","0","0","1","0","0","0","0","0","0","0","0","0","0","0","0","4","0","40.0564","-75.0128","","CRASH_2001_Philadelphia"
"2001019528","06","67","67301","67301","2001","05","5","1500","15","1","1","0","8","1","","","N","01","2","00","3","0","1","2","2","N","Y","40 03:12.600","75 10:40.800","0950","","0950","","0","","N","","3 ","","","","","","","","","","1","1","0","0","0","0","0","0","0","0","0","1","1","0","0","0","0","0","0","0","0","0","0","1","0","0","0","0","0","0","0","0","1","0","0","4","0","40.0536","-75.178","","CRASH_2001_Philadelphia"
"2001204170","06","67","67301","67301","2001","01","3","1717","17","3","1","3","4","1","","","N","01","3","00","3","0","0","2","2","N","N","40 04:00.750","75 12:16.639","9999","","9999","","0","","N","","3 ","","","","","","","","","","2","2","0","0","0","0","0","0","0","0","0","0","0","0","0","0","0","0","0","0","0","0","0","0","0","0","0","0","0","0","0","0","0","0","0","0","0","40.0669","-75.2046","","CRASH_2001_Philadelphia"
"2001211728","06","67","67301","67301","2001","02","2","0205","02","3","2","1","7","5","","","N","00","0","00","3","0","1","4","1","N","N","40 02:46.320","75 08:35.160","9999","","9999","","0","","N","","0 ","","","","","","","","","","1","1","0","0","0","0","0","0","0","0","0","1","1","0","0","0","1","0","0","0","0","0","0","0","0","0","0","0","0","0","0","0","0","0","0","4","0","40.0461","-75.1431","","CRASH_2001_Philadelphia"
"2001239089","06","67","67301","67301","2001","04","1","1545","15","1","1","0","5","1","","","N","00","0","00","3","0","1","2","2","N","N","39 57:42.840","75 09:23.400","9999","","9999","","0","","N","","0 ","","","","","","","","","","1","0","0","0","1","0","0","0","1","0","0","1","1","0","0","0","0","0","0","0","0","0","0","0","0","0","0","0","0","0","0","0","0","0","0","4","0","39.9618","-75.1564","","CRASH_2001_Philadelphia"
"2001019527","06","67","67301","67301","2001","06","2","0010","00","3","1","0","4","1","","","N","01","0","00","3","0","1","3","2","N","N","40 03:40.715","75 10:19.524","0022","","0013","","0","","N","","0 ","","","","","","","","","","2","2","0","0","0","0","0","0","0","0","0","1","1","0","0","0","0","0","0","0","1","0","0","0","0","0","0","0","0","0","0","0","0","0","0","4","0","40.0613","-75.1721","","CRASH_2001_Philadelphia"
"2001216978","06","67","67301","67301","2001","03","4","1523","15","1","1","0","8","1","","","N","01","7","00","3","0","1","2","2","N","N","39 58:49.322","75 10:15.323","9999","","9999","","0","","N","","3 ","","","","","","","","","","1","1","0","0","0","0","0","0","0","0","0","1","1","0","0","0","0","0","0","0","0","0","0","1","0","0","0","0","0","0","0","0","1","0","0","4","0","39.9804","-75.1709","","CRASH_2001_Philadelphia"
"2001223799","06","67","67301","67301","2001","03","6","1530","15","1","2","1","4","1","","","N","01","3","00","3","0","2","3","2","N","N","","","9999","","9999","","0","","N","","3 ","","","","","","","","","","2","2","0","0","0","0","0","0","0","0","1","1","2","0","0","0","0","0","0","0","1","0","1","0","0","0","0","0","0","0","0","0","0","0","0","3","0","","","","CRASH_2001_Philadelphia"
"2001237064","06","67","67301","67301","2001","04","6","0918","09","1","1","0","9","1","","","N","00","0","00","3","0","0","2","3","N","N","","","9999","","9999","","0","","N","","0 ","","","","","","","","","","3","2","0","0","0","0","0","0","0","0","0","0","0","0","0","0","1","0","0","0","0","0","0","0","0","0","0","0","0","0","0","0","0","0","0","0","0","","","","CRASH_2001_Philadelphia"
"2001016944","06","67","67301","67301","2001","05","6","0140","01","3","1","0","4","1","","","N","00","0","00","3","0","1","3","2","N","N","39 58:08.982","75 07:34.064","0150","","0144","","0","","N","","0 ","","","","","","","","","","2","2","0","0","0","0","0","0","0","0","0","1","1","0","0","0","0","0","0","0","1","0","0","0","0","0","0","0","0","0","0","0","0","0","0","4","0","39.9688","-75.1269","","CRASH_2001_Philadelphia"
"2001206198","06","67","67301","67301","2001","01","6","1613","16","1","2","1","8","1","","","N","00","0","00","3","0","1","2","2","N","N","40 00:01.440","75 04:02.640","9999","","9999","","0","","N","","0 ","","","","","","","","","","1","0","0","0","0","0","0","1","0","0","0","1","1","0","0","0","0","0","0","0","1","0","0","1","0","0","0","0","0","0","0","0","1","0","0","4","0","40.0004","-75.0674","","CRASH_2001_Philadelphia"
"2001207664","06","67","67301","67301","2001","01","6","1845","18","3","1","0","1","1","","","N","00","0","00","3","0","0","2","2","N","N","39 59:23.280","75 07:32.520","9999","","9999","","0","","N","","0 ","","","","","","","","","","2","1","0","0","1","0","0","0","0","0","0","0","0","0","0","0","0","0","0","0","0","0","0","0","0","0","0","0","0","0","0","0","0","0","0","0","0","39.9898","-75.1256","","CRASH_2001_Philadelphia"
"2001239018","06","67","67301","67301","2001","04","4","1833","18","1","2","1","1","1","","","N","01","2","00","3","0","3","5","2","N","N","40 02:44.160","75 07:42.600","9999","","9999","","0","","N","","3 ","","","","","","","","","","2","2","0","0","0","0","0","0","0","0","0","0","0","0","3","0","0","0","0","0","0","0","0","0","0","0","0","0","0","0","0","0","0","0","0","9","0","40.0456","-75.1285","","CRASH_2001_Philadelphia"
"2001008738","06","67","67301","67301","2001","06","6","1513","15","1","2","1","1","1","","","N","01","2","00","3","0","3","4","2","N","N","40 03:22.000","75 04:29.000","1530","","1514","","0","","N","","3 ","","","","","","","","","","2","2","0","0","0","0","0","0","0","0","0","3","3","0","0","0","0","0","0","0","0","0","0","0","0","0","0","0","0","0","0","0","0","0","0","4","0","40.0564","-75.0751","","CRASH_2001_Philadelphia"
"2001207401","06","67","67301","67301","2001","01","6","1154","11","1","1","0","4","1","","","N","01","2","00","3","0","0","2","2","N","N","39 55:16.320","75 11:39.120","9999","","9999","","0","","N","","3 ","","","","","","","","","","2","1","0","0","1","0","0","0","0","0","0","0","0","0","0","0","0","0","0","0","1","0","0","0","0","0","0","0","0","0","0","0","0","0","0","0","0","39.9212","-75.1942","","CRASH_2001_Philadelphia"
"2001208950","06","67","67301","67301","2001","01","2","1702","17","1","1","0","4","1","","","N","01","2","00","3","0","1","4","2","N","N","40 01:01.560","75 11:18.240","9999","","9999","","0","","N","","3 ","","","","","","","","","","2","2","0","0","0","0","0","0","0","0","0","1","1","0","0","0","0","0","0","0","1","0","0","0","0","0","0","0","0","0","0","0","0","0","0","4","0","40.017","-75.1884","","CRASH_2001_Philadelphia"
"2001215617","06","67","67301","67301","2001","02","7","1529","15","4","1","1","9","1","","","N","00","0","00","3","0","0","1","3","N","N","","","9999","","9999","","0","","N","","0 ","","","","","","","","","","3","1","0","0","0","0","0","0","0","0","0","0","0","0","0","0","0","0","0","0","0","0","0","0","0","0","0","0","0","0","0","0","0","0","0","0","0","","","","CRASH_2001_Philadelphia"
"2001233178","06","67","67301","67301","2001","04","6","1645","16","1","2","1","4","1","","","N","01","2","00","3","0","0","3","3","N","N","","","9999","","9999","","0","","N","","3 ","","","","","","","","","","3","1","0","0","0","0","2","0","0","0","0","0","0","0","0","0","0","0","0","0","0","0","0","0","0","0","0","0","0","0","0","0","0","0","0","0","0","","","","CRASH_2001_Philadelphia"
"2001239100","06","67","67301","67301","2001","04","5","1630","16","1","1","0","8","1","","","N","00","0","00","3","0","1","2","2","N","N","","","9999","","9999","","0","","N","","0 ","","","","","","","","","","1","1","0","0","0","0","0","0","0","0","0","0","0","0","1","0","0","0","0","0","0","0","0","0","0","0","0","0","0","0","0","0","1","0","0","9","0","","","","CRASH_2001_Philadelphia"
"2001007369","06","67","67301","67301","2001","06","6","1525","15","1","2","1","1","1","","","N","02","3","00","3","0","2","5","4","N","N","40 02:07.720","75 06:50.726","1535","","1527","","0","","N","","3 ","","","","","","","","","","4","4","0","0","0","0","0","0","0","1","0","1","2","0","0","0","0","0","1","1","0","0","0","0","0","0","0","1","0","0","0","0","0","0","0","2","0","40.0355","-75.114","","CRASH_2001_Philadelphia"
"2001206236","06","67","67301","67301","2001","01","4","0915","09","1","1","0","7","5","","","N","01","2","00","3","0","0","1","1","N","N","","","9999","","9999","","0","","N","","3 ","","","","","","","","","","1","1","0","0","0","0","0","0","0","0","0","0","0","0","0","0","0","0","0","0","0","0","0","0","0","0","0","0","0","0","0","0","0","0","0","0","0","","","","CRASH_2001_Philadelphia"
"2001208983","06","67","67301","67301","2001","02","6","1510","15","1","1","0","8","1","","","N","00","0","00","3","0","1","2","2","N","N","39 59:44.160","75 06:19.800","9999","","9999","","0","","N","","0 ","","","","","","","","","","1","1","0","0","0","0","0","0","0","0","0","1","1","0","0","0","0","0","0","0","0","0","0","0","0","0","0","0","0","0","0","0","1","0","0","4","0","39.9955","-75.1054","","CRASH_2001_Philadelphia"
"2001238289","06","67","67301","67301","2001","04","7","1115","11","1","1","0","8","1","","","N","00","0","00","3","0","1","2","2","N","N","","","9999","","9999","","0","","N","","0 ","","","","","","","","","","1","1","0","0","0","0","0","0","0","0","0","1","1","0","0","0","0","0","0","0","0","0","0","0","0","0","0","0","0","0","0","0","1","0","0","4","0","","","","CRASH_2001_Philadelphia"
"2001239012","06","67","67301","67301","2001","04","3","0840","08","1","1","0","8","1","","","N","00","0","00","3","0","1","2","2","N","N","","","9999","","9999","","0","","N","","0 ","","","","","","","","","","1","1","0","0","0","0","0","0","0","0","0","1","1","0","0","0","0","0","0","0","0","0","0","1","0","0","0","0","0","0","0","0","1","0","0","4","0","","","","CRASH_2001_Philadelphia"
"2001243749","06","67","67301","67301","2001","04","1","1653","16","1","1","0","7","5","","","N","00","0","00","3","0","0","1","1","N","N","39 56:24.720","75 12:03.960","9999","","9999","","0","","N","","0 ","","","","","","","","","","1","1","0","0","0","0","0","0","0","0","0","0","0","0","0","0","0","0","0","0","0","0","0","0","0","0","0","0","0","0","0","0","0","0","0","0","0","39.9402","-75.2011","","CRASH_2001_Philadelphia"
"2001008750","06","67","67301","67301","2001","06","1","1419","14","1","1","0","1","1","","","N","05","2","00","3","0","2","4","2","N","N","39 54:42.678","75 10:21.929","1511","","1455","","0","","N","","2 ","","","","","","","","","","2","2","0","0","0","0","0","0","0","0","0","2","2","0","0","0","0","0","0","0","0","0","0","0","0","0","0","0","0","0","0","0","0","0","0","4","0","39.9119","-75.1728","","CRASH_2001_Philadelphia"
"2001019595","06","67","67301","67301","2001","05","3","2030","20","3","1","0","4","1","","","N","01","2","00","3","0","1","3","3","N","N","39 57:39.489","75 14:42.096","2047","","2041","","0","","N","","3 ","","","","","","","","","","3","3","0","0","0","0","0","0","0","0","1","0","1","0","0","0","0","0","0","1","0","0","0","0","0","0","0","0","0","0","0","0","0","0","0","3","0","39.961","-75.245","","CRASH_2001_Philadelphia"
"2001238975","06","67","67301","67301","2001","04","6","1730","17","1","1","0","8","1","","","N","01","3","00","3","0","1","2","2","N","N","","","9999","","9999","","0","","N","","3 ","","","","","","","","","","1","1","0","0","0","0","0","0","0","0","0","1","1","0","0","0","0","0","0","0","1","0","0","0","0","0","0","0","0","0","0","0","1","0","0","4","0","","","","CRASH_2001_Philadelphia"
"2001239138","06","67","67301","67301","2001","04","5","1440","14","1","1","0","7","5","","","N","00","0","00","3","0","2","3","1","N","N","","","9999","","9999","","0","","N","","0 ","","","","","","","","","","1","1","0","0","0","0","0","0","0","0","0","2","2","0","0","0","0","0","0","0","0","0","0","3","0","0","0","0","0","0","0","0","0","0","0","4","0","","","","CRASH_2001_Philadelphia"
"2001009135","06","67","67301","67301","2001","05","7","0310","03","3","1","0","1","1","","","N","00","0","00","3","0","1","3","2","N","N","39 58:58.798","75 09:24.754","0320","","0317","","0","","N","","0 ","","","","","","","","","","2","2","0","0","0","0","0","0","0","0","0","1","1","0","0","0","0","0","0","0","0","0","0","0","0","0","0","0","0","0","0","0","0","0","0","4","0","39.983","-75.1569","","CRASH_2001_Philadelphia"
"2001018425","06","67","67301","67301","2001","06","6","0450","04","6","1","0","1","1","","","N","00","2","00","3","0","0","2","2","N","N","","","0500","","0454","","0","","N","","3 ","","","","","","","","","","2","1","0","1","0","0","0","0","0","0","0","0","0","0","0","0","0","0","0","0","1","0","0","0","0","0","0","0","0","0","0","0","0","0","0","0","1","","","","CRASH_2001_Philadelphia"
"2001233218","06","67","67301","67301","2001","04","1","1349","13","1","1","0","4","1","","","N","01","2","00","3","0","1","6","2","N","N","39 55:27.840","75 10:10.920","9999","","9999","","0","","N","","3 ","","","","","","","","","","2","2","0","0","0","0","0","0","0","0","0","0","0","0","1","0","0","0","0","0","0","0","0","0","0","0","0","0","0","0","0","0","0","0","0","9","0","39.9244","-75.1697","","CRASH_2001_Philadelphia"
"2001016743","06","67","67301","67301","2001","05","4","0945","09","1","1","0","4","1","","","N","01","2","00","3","0","2","5","2","N","N","40 05:46.045","74 58:35.501","0958","","0950","","0","","N","","3 ","","","","","","","","","","2","2","0","0","0","0","0","0","0","0","1","1","2","0","0","0","0","1","0","0","1","0","0","0","0","0","0","0","0","0","0","0","0","0","0","3","0","40.0961","-74.9767","","CRASH_2001_Philadelphia"
"2001019556","06","67","67301","67301","2001","05","7","1811","18","1","2","1","8","1","","","N","01","2","00","3","0","1","2","2","N","N","39 58:20.280","75 15:11.520","1811","","1311","2","1","4","N","","2 ","Y","","","","","","","","","1","1","0","0","0","0","0","0","0","1","0","0","1","0","0","0","0","0","0","0","0","0","0","1","0","0","0","0","0","0","0","0","1","0","1","2","0","39.9724","-75.2533","","CRASH_2001_Philadelphia"
"2001210653","06","67","67301","67301","2001","01","3","2023","20","3","1","0","1","1","","","N","01","2","00","3","0","2","3","2","N","N","39 59:26.520","75 07:51.960","9999","","9999","","0","","N","","3 ","","","","","","","","","","2","1","0","0","0","0","0","1","0","0","0","2","2","0","0","0","0","0","0","0","0","0","0","0","0","0","0","0","0","0","0","0","0","0","0","4","0","39.9909","-75.1309","","CRASH_2001_Philadelphia"
"2001211474","06","67","67301","67301","2001","01","2","0118","01","3","1","0","8","1","","","N","00","0","00","3","0","1","4","2","N","N","40 00:36.000","75 09:04.680","9999","","9999","","0","","N","","0 ","","","","","","","","","","1","0","0","0","0","0","0","1","0","1","0","0","1","0","0","0","0","0","0","0","0","0","0","0","0","0","0","0","0","0","0","0","1","0","1","2","0","40.01","-75.151","","CRASH_2001_Philadelphia"
"2001243567","06","67","67301","67301","2001","04","2","0832","08","1","1","0","8","1","","","N","01","3","00","3","0","1","2","2","N","N","","","9999","","9999","","0","","N","","3 ","","","","","","","","","","1","1","0","0","0","0","0","0","0","0","1","0","1","0","0","0","0","0","0","0","0","0","0","0","0","0","0","0","0","0","0","0","1","0","0","3","0","","","","CRASH_2001_Philadelphia"
"2001204627","06","67","67301","67301","2001","01","2","1156","11","1","2","2","9","1","","","N","00","0","00","3","0","0","2","2","N","N","","","9999","","9999","","0","","N","","0 ","","","","","","","","","","2","1","0","0","0","0","0","0","0","0","0","0","0","0","0","0","0","0","0","0","0","0","0","0","0","0","0","0","0","0","0","0","0","0","0","0","0","","","","CRASH_2001_Philadelphia"
"2001206721","06","67","67301","67301","2001","01","1","0315","03","3","4","3","1","1","","","N","01","2","00","3","0","1","3","2","N","N","39 57:28.440","75 12:29.160","9999","","9999","","0","","N","","3 ","","","","","","","","","","2","1","0","1","0","0","0","0","0","0","0","1","1","0","0","0","0","0","0","0","0","0","0","0","0","0","0","0","0","0","0","0","0","0","0","4","1","39.9579","-75.2081","","CRASH_2001_Philadelphia"
"2001215650","06","67","67301","67301","2001","02","5","2336","23","3","1","0","7","1","","","N","00","0","00","3","0","2","3","1","N","N","40 00:37.800","75 11:05.280","9999","","9999","","0","","N","","0 ","","","","","","","","","","1","1","0","0","0","0","0","0","0","0","0","2","2","0","0","0","0","0","0","0","0","0","0","0","0","0","0","0","0","0","0","0","0","0","0","4","0","40.0107","-75.1843","","CRASH_2001_Philadelphia"
"2001238236","06","67","67301","67301","2001","04","2","1220","12","1","1","0","4","1","","","N","01","2","00","3","0","1","2","2","N","N","39 58:34.680","75 07:11.280","9999","","9999","","0","","N","","3 ","","","","","","","","","","2","1","0","0","0","0","1","0","0","0","0","1","1","0","0","0","0","0","0","0","0","0","0","0","0","0","0","0","0","0","0","0","0","0","0","4","0","39.9763","-75.1198","","CRASH_2001_Philadelphia"
"2001240104","06","67","67301","67301","2001","04","3","1655","16","1","1","0","1","1","","","N","00","0","00","3","0","0","2","2","N","N","39 58:04.440","75 11:24.000","9999","","9999","","0","","N","","0 ","","","","","","","","","","2","2","0","0","0","0","0","0","0","0","0","0","0","0","0","0","0","0","0","0","0","0","0","0","0","0","0","0","0","0","0","0","0","0","0","0","0","39.9679","-75.19","","CRASH_2001_Philadelphia"
"2001240296","06","67","67301","67301","2001","04","7","0035","00","3","1","0","9","1","","","N","00","0","00","3","0","0","1","3","N","N","","","9999","","9999","","0","","N","","0 ","","","","","","","","","","3","1","0","0","0","0","0","0","0","0","0","0","0","0","0","0","0","0","0","0","1","0","0","0","0","0","0","0","0","0","0","0","0","0","0","0","0","","","","CRASH_2001_Philadelphia"
"2001243334","06","67","67301","67301","2001","04","2","0912","09","1","1","0","8","1","","","N","02","9","00","3","0","1","2","2","N","N","40 00:55.037","75 09:18.905","9999","","9999","","0","","N","","9 ","","","","","","","","","","1","1","0","0","0","0","0","0","0","0","0","1","1","0","0","0","0","0","0","0","0","0","1","0","0","0","0","0","0","0","0","0","1","0","0","4","0","40.0153","-75.1553","","CRASH_2001_Philadelphia"
"2001206020","06","67","67301","67301","2001","01","1","2154","21","2","1","0","4","1","","","N","01","2","00","3","0","0","3","4","N","N","40 02:29.040","75 08:38.760","9999","","9999","","0","","N","","3 ","","","","","","","","","","4","2","0","0","0","0","0","0","0","0","0","0","0","0","0","0","0","0","0","0","0","0","0","0","0","0","0","0","0","0","0","0","0","0","0","0","0","40.0414","-75.1441","","CRASH_2001_Philadelphia"
"2001206191","06","67","67301","67301","2001","01","1","1005","10","1","1","3","5","1","","","N","00","0","00","3","0","1","2","2","N","N","40 02:52.080","74 59:58.200","9999","","9999","","0","","N","","0 ","","","","","","","","","","2","1","0","0","1","0","0","0","0","0","0","1","1","0","0","0","0","0","0","0","2","0","0","0","0","0","0","0","0","0","0","0","0","0","0","4","0","40.0479","-74.9998","","CRASH_2001_Philadelphia"
"2001233301","06","67","67301","67301","2001","03","7","1234","12","1","1","0","1","1","","","N","06","0","02","3","0","2","5","2","N","N","39 57:35.280","75 10:39.000","9999","","9999","","0","","N","","0 ","","","","","","","","","","2","2","0","0","0","0","0","0","0","0","0","2","2","0","0","0","0","0","0","0","1","0","0","0","0","0","0","0","0","0","0","0","0","0","0","4","0","39.9598","-75.1775","","CRASH_2001_Philadelphia"
"2001200548","06","67","67301","67301","2001","01","3","2140","21","3","1","0","4","1","","","N","01","2","00","3","0","0","2","2","N","N","40 01:28.740","75 07:25.247","9999","","9999","","0","","N","","3 ","","","","","","","","","","2","2","0","0","0","0","0","0","0","0","0","0","0","0","0","1","0","0","0","0","0","0","0","0","0","0","0","0","0","0","0","0","0","0","0","0","0","40.0247","-75.1237","","CRASH_2001_Philadelphia"
"2001200979","06","67","67301","67301","2001","02","4","1607","16","1","1","0","4","1","","","N","01","2","00","3","0","3","4","2","N","N","40 05:35.880","74 57:43.200","9999","","9999","","0","","N","","3 ","","","","","","","","","","2","2","0","0","0","0","0","0","0","0","2","1","3","0","0","0","1","1","0","0","0","0","0","2","0","0","0","0","0","0","0","0","0","0","0","3","0","40.0933","-74.9621","","CRASH_2001_Philadelphia"
"2001215707","06","67","67301","67301","2001","02","3","1130","11","1","1","0","1","1","","","N","02","0","00","3","0","0","2","3","N","N","40 02:21.840","75 09:13.320","9999","","9999","","0","","N","","0 ","","","","","","","","","","3","1","0","0","0","0","0","1","0","0","0","0","0","0","0","0","0","0","0","0","0","0","0","2","0","0","0","0","0","0","0","0","0","0","0","0","0","40.0394","-75.1537","","CRASH_2001_Philadelphia"
"2001231132","06","67","67301","67301","2001","03","2","1323","13","1","1","0","8","1","","","N","01","2","00","3","0","1","2","2","N","N","40 07:08.040","75 01:04.800","9999","","9999","","0","","N","","3 ","","","","","","","","","","1","1","0","0","0","0","0","0","0","0","1","0","1","0","0","0","0","0","0","0","0","1","0","0","0","0","0","0","0","0","0","0","1","0","0","3","0","40.1189","-75.0181","","CRASH_2001_Philadelphia"
"2001233133","06","67","67301","67301","2001","03","6","1756","17","1","1","0","7","1","","","N","00","0","00","3","0","1","1","1","N","N","","","9999","","9999","","0","","N","","0 ","","","","","","","","","","1","1","0","0","0","0","0","0","0","0","0","1","1","0","0","0","0","0","0","0","0","0","0","0","0","0","0","0","0","0","0","0","0","0","0","4","0","","","","CRASH_2001_Philadelphia"
"2001233307","06","67","67301","67301","2001","03","5","1700","17","1","1","0","4","1","","","N","01","2","00","3","0","4","4","2","N","N","40 03:35.280","75 10:24.240","9999","","9999","","0","","N","","3 ","","","","","","","","","","2","1","0","0","0","0","0","0","0","0","0","0","0","0","4","0","0","0","0","0","0","0","0","0","0","0","0","0","0","0","0","0","0","0","0","9","0","40.0598","-75.1734","","CRASH_2001_Philadelphia"
"2001233374","06","67","67301","67301","2001","03","1","1550","15","1","1","0","4","1","","","N","00","0","00","3","0","0","2","2","N","N","40 04:49.080","75 01:40.080","9999","","9999","","0","","N","","0 ","","","","","","","","","","2","2","0","0","0","0","0","0","0","0","0","0","0","0","0","0","0","0","0","0","0","0","0","0","0","0","0","0","0","0","0","0","0","0","0","0","0","40.0804","-75.0279","","CRASH_2001_Philadelphia"
"2001233471","06","67","67301","67301","2001","03","3","1705","17","1","1","0","8","1","","","N","00","0","00","3","0","1","2","2","N","N","","","9999","","9999","","0","","N","","0 ","","","","","","","","","","1","1","0","0","0","0","0","0","0","0","0","0","0","0","1","0","0","0","0","0","1","0","0","0","0","0","0","0","0","0","0","0","1","0","0","9","0","","","","CRASH_2001_Philadelphia"
"2001207861","06","67","67301","67301","2001","01","6","0130","01","3","3","1","0","1","","","N","00","0","00","3","0","1","2","1","N","N","40 02:45.960","75 00:05.400","9999","","9999","","0","","N","","0 ","","","","","","","","","","1","1","0","0","0","0","0","0","0","0","0","1","1","0","0","0","0","0","1","0","0","0","0","0","0","0","0","0","0","0","0","0","0","0","0","4","0","40.0461","-75.0017","","CRASH_2001_Philadelphia"
"2001213230","06","67","67301","67301","2001","02","6","1547","15","1","2","1","1","1","","","N","01","2","00","3","0","1","2","2","N","N","39 57:07.560","75 08:43.080","9999","","9999","","0","","N","","3 ","","","","","","","","","","2","1","0","0","0","0","0","1","0","0","0","1","1","0","0","0","0","0","0","0","0","0","0","0","0","0","0","0","0","0","0","0","0","0","0","4","0","39.9521","-75.1453","","CRASH_2001_Philadelphia"
"2001215715","06","67","67301","67301","2001","02","7","0930","09","1","1","0","1","1","","","N","02","3","00","3","0","2","3","2","N","N","","","9999","","9999","","0","","N","","3 ","","","","","","","","","","2","1","0","0","0","0","1","0","0","0","0","1","1","0","1","0","0","0","0","0","0","0","0","2","0","0","0","0","0","0","0","0","0","0","0","4","0","","","","CRASH_2001_Philadelphia"
"2001216925","06","67","67301","67301","2001","03","2","1225","12","1","1","0","1","1","","","N","00","0","00","3","0","1","3","2","N","N","39 58:38.280","75 13:36.840","9999","","9999","","0","","N","","0 ","","","","","","","","","","2","2","0","0","0","0","0","0","0","0","0","1","1","0","0","0","0","0","0","0","1","0","0","0","0","0","0","0","0","0","0","0","0","0","0","4","0","39.9772","-75.2268","","CRASH_2001_Philadelphia"
"2001233324","06","67","67301","67301","2001","03","5","1956","19","3","2","1","1","1","","","N","00","0","00","3","0","0","2","2","N","N","39 58:42.600","75 06:38.160","9999","","9999","","0","","N","","0 ","","","","","","","","","","2","2","0","0","0","0","0","0","0","0","0","0","0","0","0","0","0","0","0","0","0","0","0","0","0","0","0","0","0","0","0","0","0","0","0","0","0","39.9791","-75.1092","","CRASH_2001_Philadelphia"