"CRN","DISTRICT","COUNTY","MUNICIPALITY","POLICE_AGCY","CRASH_YEAR","CRASH_MONTH","DAY_OF_WEEK","TIME_OF_DAY","HOUR_OF_DAY","ILLUMINATION","WEATHER","ROAD_CONDITION","COLLISION_TYPE","RELATION_TO_ROAD","WORK_ZONE_TYPE","WORK_ZONE_LOC","WORK_ZONE_IND","INTERSECT_TYPE","TCD_TYPE","LOCATION_TYPE","URBAN_RURAL","FATAL_COUNT","INJURY_COUNT","PERSON_COUNT","TOTAL_UNITS","SCH_BUS_IND","SCH_ZONE_IND","LATITUDE","LONGITUDE","ARRIVAL_TM","CONS_ZONE_SPD_LIM","DISPATCH_TM","EST_HRS_CLOSED","LANE_CLOSED","LN_CLOSE_DIR","NTFY_HIWY_MAINT","SPEC_JURIS_CD","TCD_FUNC_CD","TFC_DETOUR_IND","WORKERS_PRES","WZ_CLOSE_DETOUR","WZ_FLAGGER","WZ_LAW_OFFCR_IND","WZ_LN_CLOSURE","WZ_MOVING","WZ_OTHER","WZ_SHLDER_MDN","VEHICLE_COUNT","AUTOMOBILE_COUNT","MOTORCYCLE_COUNT","BUS_COUNT","SMALL_TRUCK_COUNT","HEAVY_TRUCK_COUNT","SUV_COUNT","VAN_COUNT","BICYCLE_COUNT","MAJ_INJ_COUNT","MOD_INJ_COUNT","MIN_INJ_COUNT","TOT_INJ_COUNT","UNK_INJ_DEG_COUNT","UNK_INJ_PER_COUNT","DRIVER_COUNT_16YR","DRIVER_COUNT_17YR","DRIVER_COUNT_18YR","DRIVER_COUNT_19YR","DRIVER_COUNT_20YR","DRIVER_COUNT_50_64YR","DRIVER_COUNT_65_74YR","DRIVER_COUNT_75PLUS","UNBELTED_OCC_COUNT","UNB_DEATH_COUNT","UNB_MAJ_INJ_COUNT","BELTED_DEATH_COUNT","BELTED_MAJ_INJ_COUNT","MCYCLE_DEATH_COUNT","MCYCLE_MAJ_INJ_COUNT","BICYCLE_DEATH_COUNT","BICYCLE_MAJ_INJ_COUNT","PED_COUNT","PED_DEATH_COUNT","PED_MAJ_INJ_COUNT","MAX_SEVERITY_LEVEL","COMM_VEH_COUNT","DEC_LAT","DEC_LONG","RDWY_SURF_TYPE_CD","COUNTY_YEAR"
"2001233390","06","67","67301","67301","2001","03","1","1801","18","1","1","0","8","1","","","N","01","3","00","3","0","1","2","2","N","N","39 58:20.247","75 14:38.914","9999","","9999","","0","","N","","3 ","","","","","","","","","","1","0","0","0","0","0","1","0","0","0","0","1","1","0","0","0","0","0","0","0","0","0","0","0","0","0","0","0","0","0","0","0","1","0","0","4","0","39.9723","-75.2441","","CRASH_2001_Philadelphia"
"2001214365","06","67","67301","67301","2001","02","5","1416","14","1","4","5","7","5","","","N","00","0","00","3","0","2","2","1","N","N","40 02:15.720","75 12:38.160","9999","","9999","","0","","N","","0 ","","","","","","","","","","1","1","0","0","0","0","0","0","0","0","2","0","2","0","0","0","0","0","0","0","0","0","0","2","0","0","0","0","0","0","0","0","0","0","0","3","0","40.0377","-75.2106","","CRASH_2001_Philadelphia"
"2001233128","06","67","67301","67301","2001","03","6","0807","08","1","2","1","4","1","","","N","01","3","00","3","0","1","2","2","N","N","","","9999","","9999","","0","","N","","3 ","","","","","","","","","","2","1","0","0","0","0","1","0","0","0","0","1","1","0","0","0","0","0","0","0","0","0","0","0","0","0","0","0","0","0","0","0","0","0","0","4","0","","","","CRASH_2001_Philadelphia"
"2001206063","06","67","67301","67501","2001","01","7","2127","21","3","3","5","1","1","","","N","00","0","03","3","0","0","5","3","N","N","","","9999","","9999","","0","","N","","0 ","","","","","","","","","","3","2","0","0","0","0","1","0","0","0","0","0","0","0","0","0","0","0","0","1","1","0","0","0","0","0","0","0","0","0","0","0","0","0","0","0","0","","","","CRASH_2001_Philadelphia"
"2001207436","06","67","67301","67301","2001","01","1","0500","05","3","1","0","1","1","","","N","01","2","00","3","0","2","2","2","N","N","","","9999","","9999","","0","","N","","3 ","","","","","","","","","","2","2","0","0","0","0","0","0","0","0","0","1","1","0","1","0","0","0","0","0","0","0","0","0","0","0","0","0","0","0","0","0","0","0","0","4","0","","","","CRASH_2001_Philadelphia"
"2001233140","06","67","67301","67301","2001","04","5","2045","20","3","1","0","7","1","","","N","00","0","00","3","0","1","1","1","N","N","39 54:59.760","75 10:09.120","9999","","9999","","0","","N","","0 ","","","","","","","","","","1","0","1","0","0","0","0","0","0","0","1","0","1","0","0","0","0","0","0","0","0","0","0","0","0","0","0","0","0","0","0","0","0","0","0","3","0","39.9166","-75.1692","","CRASH_2001_Philadelphia"
"2001239051","06","67","67301","67301","2001","04","1","1540","15","1","1","0","1","1","","","N","00","0","00","3","0","1","2","2","N","N","39 55:35.760","75 11:40.560","9999","","9999","","0","","N","","0 ","","","","","","","","","","2","1","1","0","0","0","0","0","0","0","0","0","0","0","1","0","0","0","0","0","0","0","0","0","0","0","0","0","0","0","0","0","0","0","0","9","0","39.9274","-75.1954","","CRASH_2001_Philadelphia"
"2001240307","06","67","67301","67301","2001","04","6","0212","02","3","1","0","9","1","","","N","00","0","00","3","0","0","1","3","N","N","","","9999","","9999","","0","","N","","0 ","","","","","","","","","","3","1","0","0","0","0","0","0","0","0","0","0","0","0","0","0","0","1","0","0","0","0","0","0","0","0","0","0","0","0","0","0","0","0","0","0","0","","","","CRASH_2001_Philadelphia"
"2001008729","06","67","67301","67301","2001","06","2","0915","09","1","1","0","1","1","","","N","01","2","00","3","0","2","3","2","N","N","40 03:34.585","75 04:49.875","0919","","0916","","0","","N","","3 ","","","","","","","","","","2","2","0","0","0","0","0","0","0","0","0","2","2","0","0","0","0","0","0","0","0","0","1","0","0","0","0","0","0","0","0","0","0","0","0","4","0","40.0595","-75.0806","","CRASH_2001_Philadelphia"
"2001204655","06","67","67301","67301","2001","01","2","1558","15","1","2","1","9","1","","","N","00","0","00","3","0","0","1","4","N","N","39 57:07.200","75 11:07.080","9999","","9999","","0","","N","","0 ","","","","","","","","","","4","1","0","0","0","0","0","0","0","0","0","0","0","0","0","0","0","0","0","0","0","0","0","0","0","0","0","0","0","0","0","0","0","0","0","0","0","39.952","-75.1852","","CRASH_2001_Philadelphia"
"2001215602","06","67","67301","67301","2001","02","1","1515","15","1","2","1","3","1","","","N","01","3","00","3","0","2","3","2","N","N","","","9999","","9999","","0","","N","","3 ","","","","","","","","","","2","2","0","0","0","0","0","0","0","0","1","0","1","0","1","0","0","0","0","0","1","0","0","0","0","0","0","0","0","0","0","0","0","0","0","3","0","","","","CRASH_2001_Philadelphia"
"2001223950","06","67","67301","67301","2001","03","7","1800","18","3","2","1","9","1","","","N","00","0","00","3","0","1","1","2","N","N","40 03:05.040","75 03:56.880","9999","","9999","","0","","N","","0 ","","","","","","","","","","2","1","0","0","0","0","0","0","0","0","0","1","1","0","0","0","0","0","0","0","0","0","1","0","0","0","0","0","0","0","0","0","0","0","0","4","0","40.0514","-75.0658","","CRASH_2001_Philadelphia"
"2001236850","06","67","67301","67301","2001","04","5","1450","14","1","1","0","4","1","","","N","00","0","07","3","0","0","2","2","N","N","","","9999","","9999","","0","","N","","0 ","","","","","","","","","","2","1","0","0","0","0","1","0","0","0","0","0","0","0","0","1","0","0","0","0","0","0","0","0","0","0","0","0","0","0","0","0","0","0","0","0","0","","","","CRASH_2001_Philadelphia"
"2001238228","06","67","67301","67301","2001","04","2","1518","15","1","1","0","4","1","","","N","01","2","00","3","0","1","2","2","N","N","40 01:31.800","75 07:20.640","9999","","9999","","0","","N","","3 ","","","","","","","","","","2","1","1","0","0","0","0","0","0","0","1","0","1","0","0","0","0","0","0","1","0","0","0","0","0","0","0","0","0","0","0","0","0","0","0","3","0","40.0255","-75.1224","","CRASH_2001_Philadelphia"
"2001240203","06","67","67301","67301","2001","04","3","1000","10","1","1","0","4","1","","","N","01","2","00","3","0","4","9","4","N","N","39 58:38.280","75 09:29.160","9999","","9999","","0","","N","","3 ","","","","","","","","","","4","3","0","0","0","0","0","1","0","0","0","2","2","0","2","0","0","1","0","0","0","1","0","0","0","0","0","0","0","0","0","0","0","0","0","4","0","39.9773","-75.1581","","CRASH_2001_Philadelphia"
"2001244689","06","67","67301","67301","2001","05","2","1550","15","1","1","0","1","1","","","N","01","2","00","3","0","3","5","2","N","N","39 55:27.120","75 14:43.800","9999","","9999","","0","","N","","3 ","","","","","","","","","","2","1","0","0","0","0","1","0","0","0","0","3","3","0","0","0","0","0","0","0","0","0","0","0","0","0","0","0","0","0","0","0","0","0","0","4","0","39.9243","-75.2454","","CRASH_2001_Philadelphia"
"2001244906","06","67","67301","67301","2001","05","5","1600","16","1","1","0","4","1","","","N","01","2","00","3","0","1","2","2","N","N","39 55:00.840","75 14:48.840","9999","","9999","","0","","N","","3 ","","","","","","","","","","2","1","0","0","0","0","0","1","0","0","0","1","1","0","0","0","0","0","0","0","0","0","0","0","0","0","0","0","0","0","0","0","0","0","0","4","0","39.9169","-75.2469","","CRASH_2001_Philadelphia"
"2001244926","06","67","67301","67301","2001","05","7","1950","19","3","1","0","4","1","","","N","01","9","00","3","0","1","2","2","N","N","39 58:57.720","75 10:31.440","9999","","9999","","0","","N","","9 ","","","","","","","","","","1","0","0","0","0","0","0","0","1","0","0","1","1","0","0","0","0","0","0","0","0","0","0","0","0","0","0","0","0","0","0","0","0","0","0","4","0","39.9827","-75.1753","","CRASH_2001_Philadelphia"
"2001019488","06","67","67301","68K01","2001","08","5","2141","21","3","1","0","1","1","1","3","Y","00","0","00","3","0","0","3","2","N","N","39 57:32.580","75 08:27.562","2206","40","2142","","0","","N","","0 ","","N","","","U","Y","","","","2","2","0","0","0","0","0","0","0","0","0","0","0","0","0","0","0","0","1","0","0","0","0","0","0","0","0","0","0","0","0","0","0","0","0","0","0","39.9659","-75.1367","","CRASH_2001_Philadelphia"
"2001019637","06","67","67301","67301","2001","05","2","1530","15","1","1","0","4","1","","","N","01","2","00","3","0","0","3","2","N","N","39 57:22.967","75 09:51.896","1553","","1533","","0","","N","","3 ","","","","","","","","","","2","2","0","0","0","0","0","0","0","0","0","0","0","0","0","0","0","0","0","0","0","0","0","0","0","0","0","0","0","0","0","0","0","0","0","0","0","39.9564","-75.1645","","CRASH_2001_Philadelphia"
"2001243668","06","67","67301","67301","2001","05","2","1824","18","1","1","0","4","1","","","N","00","0","00","3","0","1","2","2","N","N","","","9999","","9999","","0","","N","","0 ","","","","","","","","","","1","1","0","0","0","0","0","0","1","0","0","1","1","0","0","0","0","0","0","0","1","0","0","0","0","0","0","0","0","0","0","0","0","0","0","4","0","","","","CRASH_2001_Philadelphia"
"2001244839","06","67","67301","67301","2001","05","6","1300","13","1","1","0","9","1","","","N","00","0","00","3","0","0","1","3","N","N","40 01:55.560","75 01:53.760","9999","","9999","","0","","N","","0 ","","","","","","","","","","3","0","0","0","0","0","1","0","0","0","0","0","0","0","0","0","0","0","0","0","0","0","0","0","0","0","0","0","0","0","0","0","0","0","0","0","0","40.032","-75.0315","","CRASH_2001_Philadelphia"
"2001014286","06","67","67301","67301","2001","06","7","0110","01","3","1","0","4","1","","","N","05","2","00","3","0","1","3","2","N","N","39 57:50.140","75 13:13.801","0119","","0114","","0","","N","","3 ","","","","","","","","","","2","2","0","0","0","0","0","0","0","0","0","1","1","0","0","0","0","0","0","0","0","0","0","0","0","0","0","0","0","0","0","0","0","0","0","4","0","39.9638","-75.2201","","CRASH_2001_Philadelphia"
"2001200913","06","67","67301","67301","2001","02","1","2100","21","3","1","0","4","1","","","N","01","2","00","3","0","0","4","2","N","N","40 05:18.096","75 02:38.680","9999","","9999","","0","","N","","3 ","","","","","","","","","","2","2","0","0","0","0","0","0","0","0","0","0","0","0","0","0","0","2","0","0","0","0","0","0","0","0","0","0","0","0","0","0","0","0","0","0","0","40.0884","-75.0441","","CRASH_2001_Philadelphia"
"2001206716","06","67","67301","67301","2001","01","5","1020","10","1","2","1","6","1","","","N","00","0","00","3","0","2","3","5","N","N","39 57:30.600","75 12:46.440","9999","","9999","","0","","N","","0 ","","","","","","","","","","5","1","0","0","0","0","0","1","0","0","1","1","2","0","0","0","0","0","0","0","0","0","0","0","0","0","0","0","0","0","0","0","0","0","0","3","0","39.9584","-75.2128","","CRASH_2001_Philadelphia"
"2001208985","06","67","67301","67301","2001","01","3","1618","16","1","1","0","4","1","","","N","01","3","00","3","0","1","3","2","N","N","39 59:39.055","75 07:54.278","9999","","9999","","0","","N","","3 ","","","","","","","","","","2","2","0","0","0","0","0","0","0","0","0","1","1","0","0","0","0","0","0","0","0","0","0","3","0","0","0","0","0","0","0","0","0","0","0","4","0","39.9942","-75.1317","","CRASH_2001_Philadelphia"
"2001007141","06","67","67301","67301","2001","06","2","0100","01","3","1","0","1","1","","","N","02","2","00","3","0","1","3","3","N","N","39 57:50.170","75 09:39.375","0110","","0100","","0","","N","","3 ","","","","","","","","","","3","1","0","0","2","0","0","0","0","0","0","1","1","0","0","0","0","1","0","0","0","0","0","1","0","0","0","0","0","0","0","0","0","0","0","4","0","39.964","-75.161","","CRASH_2001_Philadelphia"
"2001209301","06","67","67301","67301","2001","02","1","1905","19","1","1","0","4","1","","","N","01","3","00","3","0","1","2","2","N","N","","","9999","","9999","","0","","N","","3 ","","","","","","","","","","1","1","0","0","0","0","0","0","1","0","0","0","0","0","1","0","0","0","0","0","0","0","0","0","0","0","0","0","0","0","0","0","0","0","0","9","0","","","","CRASH_2001_Philadelphia"
"2001210697","06","67","67301","67301","2001","02","2","1710","17","1","1","0","8","1","","","N","01","2","00","3","0","1","2","2","N","N","40 01:24.960","75 03:23.400","9999","","9999","","0","","N","","3 ","","","","","","","","","","1","1","0","0","0","0","0","0","0","0","1","0","1","0","0","0","0","0","0","0","1","0","0","0","0","0","0","0","0","0","0","0","1","0","0","3","0","40.0236","-75.0565","","CRASH_2001_Philadelphia"
"2001243557","06","67","67301","67301","2001","05","7","1930","19","1","1","0","4","1","","","N","01","3","00","3","0","1","6","2","N","N","","","9999","","9999","","0","","N","","3 ","","","","","","","","","","2","2","0","0","0","0","0","0","0","0","0","1","1","0","0","0","0","0","0","0","1","0","0","0","0","0","0","0","0","0","0","0","0","0","0","4","0","","","","CRASH_2001_Philadelphia"
"2001019655","06","67","67301","67301","2001","06","7","1026","10","1","1","0","2","6","","","N","00","0","99","3","0","0","1","4","N","N","39 56:02.587","75 13:35.328","1026","","1020","","0","","N","","0 ","","","","","","","","","","4","2","0","0","0","0","0","0","0","0","0","0","0","0","0","0","0","0","0","0","0","0","0","1","0","0","0","0","0","0","0","0","0","0","0","0","0","39.9341","-75.2265","","CRASH_2001_Philadelphia"
"2001205953","06","67","67301","67301","2001","01","7","0131","01","3","1","3","1","1","","","N","02","9","00","3","0","5","5","2","N","N","","","9999","","9999","","0","","N","","9 ","","","","","","","","","","2","1","0","0","0","0","0","1","0","0","0","0","0","0","5","0","0","0","0","0","0","0","0","0","0","0","0","0","0","0","0","0","0","0","0","9","0","","","","CRASH_2001_Philadelphia"
"2001211705","06","67","67301","67301","2001","02","4","2200","22","3","1","0","4","1","","","N","01","2","00","3","0","0","3","2","N","N","39 59:34.800","75 06:37.440","9999","","9999","","0","","N","","3 ","","","","","","","","","","2","1","0","0","1","0","0","0","0","0","0","0","0","0","0","0","0","0","1","0","0","0","0","0","0","0","0","0","0","0","0","0","0","0","0","0","0","39.993","-75.1104","","CRASH_2001_Philadelphia"
"2001233122","06","67","67301","67301","2001","03","6","0422","04","3","6","1","1","1","","","N","00","0","00","3","0","1","1","2","N","N","40 01:40.080","75 03:37.080","9999","","9999","","0","","N","","0 ","","","","","","","","","","2","2","0","0","0","0","0","0","0","0","0","1","1","0","0","0","0","0","0","0","0","1","0","0","0","0","0","0","0","0","0","0","0","0","0","4","0","40.0278","-75.0603","","CRASH_2001_Philadelphia"
"2001238993","06","67","67301","67301","2001","04","6","0055","00","3","1","0","7","5","","","N","00","0","00","3","0","1","1","1","N","N","","","9999","","9999","","0","","N","","0 ","","","","","","","","","","1","0","0","0","0","0","0","0","0","0","0","1","1","0","0","0","0","1","0","0","0","0","0","0","0","0","0","0","0","0","0","0","0","0","0","4","0","","","","CRASH_2001_Philadelphia"
"2001244726","06","67","67301","67301","2001","05","7","2144","21","3","1","0","1","1","","","N","06","0","02","3","0","1","2","2","N","N","39 56:54.240","75 11:08.880","9999","","9999","","0","","N","","0 ","","","","","","","","","","2","2","0","0","0","0","0","0","0","0","0","0","0","0","1","0","0","0","0","0","1","0","0","0","0","0","0","0","0","0","0","0","0","0","0","9","0","39.9484","-75.1858","","CRASH_2001_Philadelphia"
"2001248797","06","67","67301","67301","2001","05","7","0655","06","1","1","0","8","1","","","N","01","2","00","3","0","1","2","2","N","N","","","9999","","9999","","0","","N","","3 ","","","","","","","","","","1","0","0","0","0","0","0","0","0","0","0","1","1","0","0","0","0","0","0","0","0","0","0","0","0","0","0","0","0","0","0","0","1","0","0","4","0","","","","CRASH_2001_Philadelphia"
"2001205974","06","67","67301","67301","2001","01","4","2030","20","3","1","5","9","1","","","N","00","0","00","3","0","0","1","3","N","N","","","9999","","9999","","0","","N","","0 ","","","","","","","","","","3","1","0","0","0","0","0","0","0","0","0","0","0","0","0","0","0","0","0","0","0","0","0","0","0","0","0","0","0","0","0","0","0","0","0","0","0","","","","CRASH_2001_Philadelphia"
"2001215489","06","67","67301","67301","2001","03","4","9999","99","1","1","0","4","1","","","N","01","3","00","3","0","0","2","2","N","N","","","9999","","9999","","0","","N","","3 ","","","","","","","","","","2","1","0","0","0","0","1","0","0","0","0","0","0","0","0","0","0","0","0","0","0","0","0","0","0","0","0","0","0","0","0","0","0","0","0","0","0","","","","CRASH_2001_Philadelphia"
"2001216941","06","67","67301","67301","2001","03","3","0850","08","1","2","1","5","1","","","N","00","0","00","3","0","1","4","4","N","N","","","9999","","9999","","0","","N","","0 ","","","","","","","","","","4","2","0","0","0","0","0","2","0","0","0","1","1","0","0","0","0","0","0","0","3","0","0","0","0","0","0","0","0","0","0","0","0","0","0","4","0","","","","CRASH_2001_Philadelphia"
"2001223939","06","67","67301","67301","2001","03","1","2056","20","3","1","0","9","1","","","N","02","3","00","3","0","1","1","2","N","N","40 01:52.089","75 03:40.355","9999","","9999","","0","","N","","3 ","","","","","","","","","","2","0","0","0","0","0","0","1","0","0","0","0","0","0","1","0","0","0","0","0","1","0","0","0","0","0","0","0","0","0","0","0","0","0","0","9","0","40.0311","-75.0612","","CRASH_2001_Philadelphia"
"2001204149","06","67","67301","67301","2001","01","7","0925","09","1","1","6","1","1","","","N","01","3","00","3","0","1","2","2","N","N","","","9999","","9999","","0","","N","","3 ","","","","","","","","","","2","2","0","0","0","0","0","0","0","0","0","0","0","0","1","0","0","0","0","1","0","0","0","0","0","0","0","0","0","0","0","0","0","0","0","9","0","","","","CRASH_2001_Philadelphia"
"2001209051","06","67","67301","67301","2001","01","2","1130","11","1","1","0","1","1","","","N","01","2","00","3","0","1","2","2","N","N","","","9999","","9999","","0","","N","","3 ","","","","","","","","","","2","2","0","0","0","0","0","0","0","0","0","1","1","0","0","0","0","0","0","0","1","0","0","0","0","0","0","0","0","0","0","0","0","0","0","4","0","","","","CRASH_2001_Philadelphia"
"2001231189","06","67","67301","67301","2001","03","5","1345","13","1","1","0","4","1","","","N","01","3","00","3","0","2","3","2","N","N","","","9999","","9999","","0","","N","","3 ","","","","","","","","","","2","1","0","0","0","0","0","0","0","0","1","0","1","0","1","0","0","0","0","0","1","0","0","0","0","0","0","0","0","0","0","0","0","0","0","3","0","","","","CRASH_2001_Philadelphia"
"2001016721","06","67","67301","67301","2001","06","6","1722","17","1","2","1","8","1","","","N","00","0","00","3","0","1","2","2","N","N","","","1740","","1733","","0","","N","","0 ","","","","","","","","","","1","1","0","0","0","0","0","0","0","0","0","1","1","0","0","0","0","0","0","0","0","0","0","0","0","0","0","0","0","0","0","0","1","0","0","4","0","","","","CRASH_2001_Philadelphia"
"2001214261","06","67","67301","67301","2001","03","5","2016","20","3","1","0","4","1","","","N","00","0","07","3","0","0","2","2","N","N","40 03:47.520","74 59:07.440","9999","","9999","","0","","N","","0 ","","","","","","","","","","2","2","0","0","0","0","0","0","0","0","0","0","0","0","0","0","0","0","0","0","0","1","0","0","0","0","0","0","0","0","0","0","0","0","0","0","0","40.0633","-74.9856","","CRASH_2001_Philadelphia"
"2001214594","06","67","67301","67301","2001","02","1","1855","18","3","2","1","8","1","","","N","01","2","00","3","0","1","2","2","N","N","40 07:54.120","75 00:43.920","9999","","9999","","0","","N","","3 ","","","","","","","","","","1","0","0","0","0","0","0","0","0","0","0","1","1","0","0","0","0","0","0","0","0","0","0","0","0","0","0","0","0","0","0","0","1","0","0","4","0","40.1317","-75.0123","","CRASH_2001_Philadelphia"
"2001234534","06","67","67301","67301","2001","04","5","1735","17","1","1","0","8","1","","","N","00","0","00","3","0","1","3","2","N","N","","","9999","","9999","","0","","N","","0 ","","","","","","","","","","1","1","0","0","0","0","0","0","0","0","0","1","1","0","0","0","1","0","0","0","0","0","0","0","0","0","0","0","0","0","0","0","1","0","0","4","0","","","","CRASH_2001_Philadelphia"
"2001238164","06","67","67301","67301","2001","03","2","1150","11","1","1","0","8","1","","","N","01","2","00","3","0","1","2","2","N","N","","","9999","","9999","","0","","N","","3 ","","","","","","","","","","1","1","0","0","0","0","0","0","0","0","0","1","1","0","0","0","0","0","0","0","0","0","0","0","0","0","0","0","0","0","0","0","1","0","0","4","0","","","","CRASH_2001_Philadelphia"
"2001238982","06","67","67301","67301","2001","04","2","0830","08","1","1","0","4","1","","","N","01","9","00","3","0","1","2","2","N","N","","","9999","","9999","","0","","N","","9 ","","","","","","","","","","1","0","0","1","0","0","0","0","1","0","0","1","1","0","0","0","0","0","0","0","0","0","0","0","0","0","0","0","0","0","0","0","0","0","0","4","1","","","","CRASH_2001_Philadelphia"
"2001239139","06","67","67301","67301","2001","04","1","2230","22","3","2","1","1","1","","","N","02","2","00","3","0","1","6","2","N","N","40 04:30.360","75 00:05.040","9999","","9999","","0","","N","","3 ","","","","","","","","","","2","2","0","0","0","0","0","0","0","0","0","1","1","0","0","0","0","0","0","0","2","0","0","0","0","0","0","0","0","0","0","0","0","0","0","4","0","40.0751","-75.0015","","CRASH_2001_Philadelphia"
"2001243647","06","67","67301","67301","2001","05","1","0047","00","3","1","0","9","1","","","N","00","0","00","3","0","0","1","2","N","N","","","9999","","9999","","0","","N","","0 ","","","","","","","","","","2","1","0","0","0","0","0","0","0","0","0","0","0","0","0","0","0","0","0","0","0","0","0","0","0","0","0","0","0","0","0","0","0","0","0","0","0","","","","CRASH_2001_Philadelphia"
"2001210578","06","67","67301","67301","2001","01","7","1322","13","1","1","0","4","1","","","N","02","3","00","3","0","2","2","2","N","N","39 56:28.557","75 11:09.873","9999","","9999","","0","","N","","3 ","","","","","","","","","","2","2","0","0","0","0","0","0","0","0","0","2","2","0","0","0","0","0","0","0","0","0","0","0","0","0","0","0","0","0","0","0","0","0","0","4","0","39.9413","-75.1861","","CRASH_2001_Philadelphia"
"2001229596","06","67","67301","67301","2001","03","7","1954","19","3","2","2","4","1","","","N","01","2","00","3","0","1","3","2","N","N","40 01:57.154","75 07:27.076","9999","","9999","","0","","N","","3 ","","","","","","","","","","2","2","0","0","0","0","0","0","0","0","0","1","1","0","0","0","1","0","0","0","0","0","0","3","0","0","0","0","0","0","0","0","0","0","0","4","0","40.0325","-75.1242","","CRASH_2001_Philadelphia"
"2001240251","06","67","67301","67301","2001","04","2","1600","16","1","1","0","4","1","","","N","00","0","07","3","0","1","3","2","N","N","39 59:39.480","75 14:28.680","9999","","9999","","0","","N","","0 ","","","","","","","","","","2","2","0","0","0","0","0","0","0","0","0","0","0","0","1","0","0","0","0","1","1","0","0","0","0","0","0","0","0","0","0","0","0","0","0","9","0","39.9942","-75.2413","","CRASH_2001_Philadelphia"
"2001206224","06","67","67301","67301","2001","01","4","1225","12","1","1","0","4","1","","","N","01","2","00","3","0","1","3","2","N","N","39 57:19.080","75 12:41.760","9999","","9999","","0","","N","","3 ","","","","","","","","","","2","2","0","0","0","0","0","0","0","0","1","0","1","0","0","0","0","0","0","0","1","0","0","0","0","0","0","0","0","0","0","0","0","0","0","3","0","39.9553","-75.2116","","CRASH_2001_Philadelphia"
"2001211734","06","67","67301","67301","2001","02","4","1425","14","1","1","0","4","1","","","N","01","2","00","3","0","0","2","2","N","N","40 00:11.880","75 09:57.600","9999","","9999","","0","","N","","3 ","","","","","","","","","","2","1","0","0","0","0","1","0","0","0","0","0","0","0","0","0","0","0","0","0","1","0","0","0","0","0","0","0","0","0","0","0","0","0","0","0","0","40.0033","-75.166","","CRASH_2001_Philadelphia"
"2001244754","06","67","67301","67301","2001","05","5","0830","08","1","1","0","4","1","","","N","01","3","00","3","0","2","2","2","N","N","","","9999","","9999","","0","","N","","3 ","","","","","","","","","","2","2","0","0","0","0","0","0","0","0","0","2","2","0","0","0","0","0","0","0","1","0","0","0","0","0","0","0","0","0","0","0","0","0","0","4","0","","","","CRASH_2001_Philadelphia"
"2001244917","06","67","67301","67301","2001","05","6","0730","07","1","1","0","4","1","","","N","02","3","00","3","0","0","2","2","N","N","40 03:23.400","75 10:58.080","9999","","9999","","0","","N","","3 ","","","","","","","","","","2","1","0","0","0","0","0","0","0","0","0","0","0","0","0","0","0","0","0","0","0","0","0","0","0","0","0","0","0","0","0","0","0","0","0","0","0","40.0565","-75.1828","","CRASH_2001_Philadelphia"
"2001006923","06","67","67301","67301","2001","06","7","","","1","1","0","4","1","","","N","00","0","00","3","0","0","1","2","N","N","40 03:20.421","75 10:34.835","1859","","1859","","0","","N","","0 ","","","","","","","","","","2","2","0","0","0","0","0","0","0","0","0","0","0","0","0","0","0","0","0","0","0","0","0","0","0","0","0","0","0","0","0","0","0","0","0","0","0","40.0557","-75.1763","","CRASH_2001_Philadelphia"
"2001208954","06","67","67301","67301","2001","01","2","1040","10","1","1","0","4","1","","","N","01","2","00","3","0","0","2","2","N","N","40 01:53.760","75 12:27.720","9999","","9999","","0","","N","","3 ","","","","","","","","","","2","0","0","0","1","0","1","0","0","0","0","0","0","0","0","0","0","0","0","0","1","0","0","0","0","0","0","0","0","0","0","0","0","0","0","0","0","40.0316","-75.2076","","CRASH_2001_Philadelphia"
"2001240113","06","67","67301","67301","2001","04","1","9999","99","3","1","0","4","1","","","N","01","2","00","3","0","1","2","2","N","N","40 01:30.360","75 07:31.800","9999","","9999","","0","","N","","3 ","","","","","","","","","","2","1","0","0","0","0","0","1","0","1","0","0","1","0","0","0","0","0","0","0","1","0","0","1","0","1","0","0","0","0","0","0","0","0","0","2","0","40.025","-75.1257","","CRASH_2001_Philadelphia"
"2001244927","06","67","67301","67301","2001","05","4","0435","04","3","1","0","7","1","","","N","00","0","00","3","0","1","2","2","N","N","39 59:35.520","75 08:57.480","9999","","9999","","0","","N","","0 ","","","","","","","","","","1","1","0","0","0","0","0","0","0","0","1","0","1","0","0","0","0","0","0","0","0","0","0","0","0","0","0","0","0","0","0","0","1","0","0","3","0","39.9933","-75.1493","","CRASH_2001_Philadelphia"
"2001016754","06","67","67301","67301","2001","05","6","1714","17","1","1","0","1","1","","","N","02","0","00","3","0","4","5","2","N","N","39 56:31.786","75 14:19.278","1720","","1714","","0","","N","","0 ","","","","","","","","","","2","2","0","0","0","0","0","0","0","0","0","4","4","0","0","0","0","0","0","0","0","0","0","0","0","0","0","0","0","0","0","0","0","0","0","4","0","39.9421","-75.2387","","CRASH_2001_Philadelphia"
"2001206168","06","67","67301","67301","2001","01","4","0945","09","1","1","0","8","1","","","N","01","3","00","3","0","1","2","2","N","N","39 59:14.676","75 09:53.870","9999","","9999","","0","","N","","3 ","","","","","","","","","","1","1","0","0","0","0","0","0","0","0","0","1","1","0","0","0","0","0","0","0","0","0","0","0","0","0","0","0","0","0","0","0","1","0","0","4","0","39.9874","-75.165","","CRASH_2001_Philadelphia"