"CRN","DISTRICT","COUNTY","MUNICIPALITY","POLICE_AGCY","CRASH_YEAR","CRASH_MONTH","DAY_OF_WEEK","TIME_OF_DAY","HOUR_OF_DAY","ILLUMINATION","WEATHER","ROAD_CONDITION","COLLISION_TYPE","RELATION_TO_ROAD","WORK_ZONE_TYPE","WORK_ZONE_LOC","WORK_ZONE_IND","INTERSECT_TYPE","TCD_TYPE","LOCATION_TYPE","URBAN_RURAL","FATAL_COUNT","INJURY_COUNT","PERSON_COUNT","TOTAL_UNITS","SCH_BUS_IND","SCH_ZONE_IND","LATITUDE","LONGITUDE","ARRIVAL_TM","CONS_ZONE_SPD_LIM","DISPATCH_TM","EST_HRS_CLOSED","LANE_CLOSED","LN_CLOSE_DIR","NTFY_HIWY_MAINT","SPEC_JURIS_CD","TCD_FUNC_CD","TFC_DETOUR_IND","WORKERS_PRES","WZ_CLOSE_DETOUR","WZ_FLAGGER","WZ_LAW_OFFCR_IND","WZ_LN_CLOSURE","WZ_MOVING","WZ_OTHER","WZ_SHLDER_MDN","VEHICLE_COUNT","AUTOMOBILE_COUNT","MOTORCYCLE_COUNT","BUS_COUNT","SMALL_TRUCK_COUNT","HEAVY_TRUCK_COUNT","SUV_COUNT","VAN_COUNT","BICYCLE_COUNT","MAJ_INJ_COUNT","MOD_INJ_COUNT","MIN_INJ_COUNT","TOT_INJ_COUNT","UNK_INJ_DEG_COUNT","UNK_INJ_PER_COUNT","DRIVER_COUNT_16YR","DRIVER_COUNT_17YR","DRIVER_COUNT_18YR","DRIVER_COUNT_19YR","DRIVER_COUNT_20YR","DRIVER_COUNT_50_64YR","DRIVER_COUNT_65_74YR","DRIVER_COUNT_75PLUS","UNBELTED_OCC_COUNT","UNB_DEATH_COUNT","UNB_MAJ_INJ_COUNT","BELTED_DEATH_COUNT","BELTED_MAJ_INJ_COUNT","MCYCLE_DEATH_COUNT","MCYCLE_MAJ_INJ_COUNT","BICYCLE_DEATH_COUNT","BICYCLE_MAJ_INJ_COUNT","PED_COUNT","PED_DEATH_COUNT","PED_MAJ_INJ_COUNT","MAX_SEVERITY_LEVEL","COMM_VEH_COUNT","DEC_LAT","DEC_LONG","RDWY_SURF_TYPE_CD","COUNTY_YEAR"
"2001208984","06","67","67301","67301","2001","01","3","1327","13","1","1","1","1","1","","","N","01","2","00","3","0","2","4","2","N","N","40 01:15.600","75 08:23.640","9999","","9999","","0","","N","","3 ","","","","","","","","","","2","1","0","0","0","0","1","0","0","0","0","2","2","0","0","0","0","1","0","0","0","0","0","0","0","0","0","0","0","0","0","0","0","0","0","4","0","40.021","-75.1399","","CRASH_2001_Philadelphia"
"2001209057","06","67","67301","67301","2001","01","2","0620","06","5","1","0","4","1","","","N","01","2","00","3","0","0","2","2","N","N","40 00:15.120","75 05:57.480","9999","","9999","","0","","N","","3 ","","","","","","","","","","2","1","0","0","1","0","0","0","0","0","0","0","0","0","0","0","0","0","0","1","0","0","0","0","0","0","0","0","0","0","0","0","0","0","0","0","0","40.0042","-75.0993","","CRASH_2001_Philadelphia"
"2001007077","06","67","67301","67301","2001","05","3","2200","22","3","2","1","5","1","","","N","00","0","00","3","0","3","4","3","N","N","39 56:24.269","75 12:00.777","2215","","2210","","0","","N","","0 ","","","","","","","","","","3","3","0","0","0","0","0","0","0","0","0","3","3","0","0","0","0","0","0","0","1","0","0","0","0","0","0","0","0","0","0","0","0","0","0","4","0","39.9408","-75.2036","","CRASH_2001_Philadelphia"
"2001007085","06","67","67301","67301","2001","06","7","1302","13","1","1","0","4","1","","","N","01","0","00","3","0","4","4","2","N","N","39 59:06.388","75 14:51.395","1306","","1302","","0","","N","","0 ","","","","","","","","","","2","2","0","0","0","0","0","0","0","0","1","3","4","0","0","0","0","0","0","0","0","0","0","0","0","0","0","0","0","0","0","0","0","0","0","3","0","39.9851","-75.2474","","CRASH_2001_Philadelphia"
"2001207349","06","67","67301","67301","2001","01","5","1020","10","1","1","0","4","1","","","N","01","2","00","3","0","2","3","3","N","N","39 59:34.800","75 13:03.360","9999","","9999","","0","","N","","3 ","","","","","","","","","","3","2","0","0","0","0","0","1","0","0","0","2","2","0","0","0","0","0","0","0","0","1","0","0","0","0","0","0","0","0","0","0","0","0","0","4","0","39.9929","-75.2177","","CRASH_2001_Philadelphia"
"2001207604","06","67","67301","67301","2001","01","2","1420","14","1","2","1","4","1","","","N","01","2","07","3","0","2","3","2","N","N","39 55:05.520","75 12:31.680","9999","","9999","","0","","N","","3 ","","","","","","","","","","2","2","0","0","0","0","0","0","0","0","2","0","2","0","0","0","0","0","0","0","0","1","1","0","0","0","0","0","0","0","0","0","0","0","0","3","0","39.9176","-75.2126","","CRASH_2001_Philadelphia"
"2001208903","06","67","67301","67301","2001","02","7","2340","23","3","1","0","4","1","","","N","01","2","00","3","0","1","2","2","N","N","","","9999","","9999","","0","","N","","3 ","","","","","","","","","","2","2","0","0","0","0","0","0","0","0","0","1","1","0","0","0","0","0","0","0","0","0","0","0","0","0","0","0","0","0","0","0","0","0","0","4","0","","","","CRASH_2001_Philadelphia"
"2001214291","06","67","67301","67301","2001","02","5","1500","15","1","4","3","2","1","","","N","00","0","00","3","0","0","3","2","N","N","","","9999","","9999","","0","","N","","0 ","","","","","","","","","","2","1","0","0","0","0","0","1","0","0","0","0","0","0","0","0","0","0","0","0","0","1","0","0","0","0","0","0","0","0","0","0","0","0","0","0","0","","","","CRASH_2001_Philadelphia"
"2001231114","06","67","67301","67301","2001","03","6","0040","00","3","1","0","9","1","","","N","00","0","00","3","0","0","2","4","N","N","39 57:06.120","75 08:30.840","9999","","9999","","0","","N","","0 ","","","","","","","","","","4","1","0","0","0","0","0","0","0","0","0","0","0","0","0","0","0","0","0","0","0","0","0","0","0","0","0","0","0","0","0","0","0","0","0","0","0","39.9517","-75.1418","","CRASH_2001_Philadelphia"
"2001207680","06","67","67301","67301","2001","01","7","1255","12","1","1","0","8","1","","","N","01","2","00","3","0","1","2","2","N","N","40 02:12.120","75 02:26.880","9999","","9999","","0","","N","","3 ","","","","","","","","","","1","1","0","0","0","0","0","0","0","0","1","0","1","0","0","0","0","1","0","0","0","0","0","0","0","0","0","0","0","0","0","0","1","0","0","3","0","40.0368","-75.0408","","CRASH_2001_Philadelphia"
"2001210584","06","67","67301","67301","2001","01","4","1405","14","1","1","0","4","1","","","N","00","0","00","3","0","2","3","2","N","N","40 05:02.400","75 12:29.160","9999","","9999","","0","","N","","0 ","","","","","","","","","","2","1","0","0","0","0","0","1","0","0","0","2","2","0","0","0","0","0","0","0","0","0","0","0","0","0","0","0","0","0","0","0","0","0","0","4","0","40.084","-75.2081","","CRASH_2001_Philadelphia"
"2001233326","06","67","67301","67301","2001","03","4","1848","18","3","1","0","4","1","","","N","01","2","00","3","0","2","3","3","N","N","39 59:18.600","75 06:22.680","9999","","9999","","0","","N","","3 ","","","","","","","","","","3","2","0","0","0","0","0","0","0","0","0","0","0","0","2","0","0","0","0","0","0","0","0","0","0","0","0","0","0","0","0","0","0","0","0","9","0","39.9885","-75.1063","","CRASH_2001_Philadelphia"
"2001240015","06","67","67301","67301","2001","04","5","2000","20","4","1","0","8","1","","","N","01","2","00","3","0","1","2","2","N","N","39 59:34.800","75 06:37.440","9999","","9999","","0","","N","","3 ","","","","","","","","","","1","0","0","0","0","0","0","1","0","0","0","0","0","0","1","0","0","0","0","1","0","0","0","0","0","0","0","0","0","0","0","0","1","0","0","9","0","39.993","-75.1103","","CRASH_2001_Philadelphia"
"2001007160","06","67","67301","67301","2001","05","7","1850","18","1","1","0","5","1","","","N","00","0","00","3","0","1","2","2","N","N","39 57:07.491","75 08:41.749","1905","","1900","","0","","N","","0 ","","","","","","","","","","2","2","0","0","0","0","0","0","0","0","0","1","1","0","0","0","0","0","0","0","1","0","0","0","0","0","0","0","0","0","0","0","0","0","0","4","0","39.9521","-75.1448","","CRASH_2001_Philadelphia"
"2001210692","06","67","67301","67301","2001","02","3","0205","02","3","2","1","1","1","","","N","01","2","00","3","0","1","2","2","N","N","","","9999","","9999","","0","","N","","3 ","","","","","","","","","","2","2","0","0","0","0","0","0","0","0","0","0","0","0","1","0","0","1","0","0","0","0","0","0","0","0","0","0","0","0","0","0","0","0","0","9","0","","","","CRASH_2001_Philadelphia"
"2001239064","06","67","67301","67301","2001","04","5","1659","16","1","1","1","4","1","","","N","01","2","00","3","0","0","5","2","N","N","39 57:13.680","75 09:28.440","9999","","9999","","0","","N","","3 ","","","","","","","","","","2","1","0","0","0","0","1","0","0","0","0","0","0","0","0","0","0","0","0","0","0","0","0","0","0","0","0","0","0","0","0","0","0","0","0","0","0","39.9538","-75.1579","","CRASH_2001_Philadelphia"
"2001215474","06","67","67301","67301","2001","02","6","0820","08","1","1","3","8","1","","","N","00","0","00","3","0","1","3","2","N","N","39 57:15.480","75 09:43.200","9999","","9999","","0","","N","","0 ","","","","","","","","","","1","0","0","0","0","0","0","1","0","0","0","1","1","0","0","0","0","0","0","0","1","0","0","0","0","0","0","0","0","0","0","0","1","0","0","4","0","39.9543","-75.162","","CRASH_2001_Philadelphia"
"2001215741","06","67","67301","67301","2001","02","6","0600","06","3","1","0","7","1","","","N","00","0","00","3","0","1","1","1","N","N","","","9999","","9999","","0","","N","","0 ","","","","","","","","","","1","1","0","0","0","0","0","0","0","0","0","1","1","0","0","0","0","0","0","0","0","0","0","0","0","0","0","0","0","0","0","0","0","0","0","4","0","","","","CRASH_2001_Philadelphia"
"2001007191","06","67","67301","67301","2001","07","3","2330","23","3","1","0","4","1","","","N","01","2","00","3","0","8","8","2","N","N","40 04:50.160","75 01:42.240","2340","","2335","","0","","N","","3 ","","","","","","","","","","2","2","0","0","0","0","0","0","0","0","0","8","8","0","0","0","0","0","0","0","1","0","0","7","0","0","0","0","0","0","0","0","0","0","0","4","0","40.0808","-75.0286","","CRASH_2001_Philadelphia"
"2001007405","06","67","67301","67301","2001","05","3","0825","08","1","2","1","1","1","","","N","02","2","00","3","0","1","3","3","N","N","39 52:52.942","75 14:38.121","0830","","9999","","0","","Y","","3 ","","","","","","","","","","3","2","0","0","1","0","0","0","0","0","0","1","1","0","0","0","0","0","0","0","0","1","0","0","0","0","0","0","0","0","0","0","0","0","0","4","0","39.8814","-75.2439","","CRASH_2001_Philadelphia"
"2001214211","06","67","67301","67301","2001","02","3","1926","19","2","1","0","4","1","","","N","01","2","00","3","0","1","2","2","N","N","40 00:29.880","75 11:40.200","9999","","9999","","0","","N","","3 ","","","","","","","","","","2","2","0","0","0","0","0","0","0","0","0","1","1","0","0","0","0","1","0","0","0","0","0","0","0","0","0","0","0","0","0","0","0","0","0","4","0","40.0083","-75.1945","","CRASH_2001_Philadelphia"
"2001214567","06","67","67301","67301","2001","03","6","1650","16","1","1","0","5","1","","","N","00","0","00","3","0","0","2","2","N","N","","","9999","","9999","","0","","N","","0 ","","","","","","","","","","2","1","0","0","0","0","0","1","0","0","0","0","0","0","0","0","0","0","0","0","0","0","0","0","0","0","0","0","0","0","0","0","0","0","0","0","0","","","","CRASH_2001_Philadelphia"
"2001007250","06","67","67301","67301","2001","06","5","2330","23","3","1","0","1","1","","","N","00","0","00","3","0","1","2","2","N","N","39 56:58.000","75 10:33.000","0035","","0025","","0","","N","","0 ","","","","","","","","","","2","2","0","0","0","0","0","0","0","0","0","1","1","0","0","0","0","0","0","0","0","0","0","0","0","0","0","0","0","0","0","0","0","0","0","4","0","39.9494","-75.1758","","CRASH_2001_Philadelphia"
"2001016701","06","67","67301","67301","2001","06","6","1130","11","1","1","0","5","1","","","N","00","0","00","3","0","2","2","3","N","N","40 01:46.200","75 03:21.960","1138","","1134","","0","","N","","0 ","","","","","","","","","","3","3","0","0","0","0","0","0","0","0","0","2","2","0","0","0","0","0","0","0","0","1","0","0","0","0","0","0","0","0","0","0","0","0","0","4","0","40.0294","-75.0561","","CRASH_2001_Philadelphia"
"2001206182","06","67","67301","67301","2001","01","4","1510","15","1","1","9","8","1","","","N","00","0","00","3","0","1","2","2","N","N","","","9999","","9999","","0","","N","","0 ","","","","","","","","","","1","1","0","0","0","0","0","0","0","0","0","1","1","0","0","0","0","0","0","0","0","0","0","0","0","0","0","0","0","0","0","0","1","0","0","4","0","","","","CRASH_2001_Philadelphia"
"2001209070","06","67","67301","67301","2001","01","7","0232","02","3","4","1","4","1","","","N","01","3","00","3","0","1","3","2","N","N","39 58:55.750","75 07:54.137","9999","","9999","","0","","N","","3 ","","","","","","","","","","2","1","0","0","0","0","0","0","0","1","0","0","1","0","0","0","0","0","0","1","0","0","0","0","0","0","0","0","0","0","0","0","0","0","0","2","0","39.9822","-75.1317","","CRASH_2001_Philadelphia"
"2001211803","06","67","67301","67301","2001","02","2","1333","13","1","1","0","7","5","","","N","00","0","00","3","0","0","2","1","N","N","39 57:43.920","75 09:33.120","9999","","9999","","0","","N","","0 ","","","","","","","","","","1","1","0","0","0","0","0","0","0","0","0","0","0","0","0","0","0","0","0","0","0","1","0","0","0","0","0","0","0","0","0","0","0","0","0","0","0","39.962","-75.1592","","CRASH_2001_Philadelphia"
"2001233375","06","67","67301","67301","2001","03","1","2342","23","3","1","0","7","1","","","N","01","2","00","3","0","0","1","1","N","N","39 57:28.800","75 08:56.040","9999","","9999","","0","","N","","3 ","","","","","","","","","","1","1","0","0","0","0","0","0","0","0","0","0","0","0","0","0","0","0","0","0","0","0","0","0","0","0","0","0","0","0","0","0","0","0","0","0","0","39.958","-75.1488","","CRASH_2001_Philadelphia"
"2001233441","06","67","67301","67301","2001","03","6","1724","17","1","2","1","5","1","","","N","00","0","00","3","0","2","4","2","N","N","39 55:36.840","75 11:41.640","9999","","9999","","0","","N","","0 ","","","","","","","","","","2","0","0","0","0","1","0","1","0","0","0","2","2","0","0","0","0","0","0","0","0","0","0","0","0","0","0","0","0","0","0","0","0","0","0","4","1","39.9277","-75.1957","","CRASH_2001_Philadelphia"
"2001204150","06","67","67301","67301","2001","01","2","1851","18","3","3","5","4","1","","","N","01","0","00","3","0","2","3","2","N","N","","","9999","","9999","","0","","N","","0 ","","","","","","","","","","2","1","0","0","0","0","0","1","0","0","0","1","1","0","1","0","0","0","0","0","0","0","0","0","0","0","0","0","0","0","0","0","0","0","0","4","0","","","","CRASH_2001_Philadelphia"
"2001207417","06","67","67301","67301","2001","01","3","0646","06","3","1","5","5","1","","","N","00","0","00","3","0","1","2","2","N","N","40 05:19.680","75 03:27.000","9999","","9999","","0","","N","","0 ","","","","","","","","","","2","2","0","0","0","0","0","0","0","0","0","0","0","0","1","0","0","0","0","0","1","0","0","0","0","0","0","0","0","0","0","0","0","0","0","9","0","40.0889","-75.0575","","CRASH_2001_Philadelphia"
"2001207441","06","67","67301","67301","2001","01","7","1515","15","1","1","0","4","1","","","N","01","2","00","3","0","3","3","2","N","N","39 57:26.280","75 14:52.440","9999","","9999","","0","","N","","3 ","","","","","","","","","","2","1","0","0","0","0","0","0","0","0","0","2","2","0","1","0","0","0","0","0","0","0","0","0","0","0","0","0","0","0","0","0","0","0","0","4","0","39.9573","-75.2479","","CRASH_2001_Philadelphia"
"2001207493","06","67","67301","67301","2001","01","3","1845","18","3","1","0","8","1","","","N","02","2","00","3","0","1","2","2","N","N","40 02:41.280","75 01:03.000","9999","","9999","","0","","N","","3 ","","","","","","","","","","1","1","0","0","0","0","0","0","0","0","1","0","1","0","0","0","0","0","0","0","0","1","0","0","0","0","0","0","0","0","0","0","1","0","0","3","0","40.0448","-75.0175","","CRASH_2001_Philadelphia"
"2001215462","06","67","67301","67301","2001","03","2","1248","12","1","4","3","7","5","","","N","03","2","00","3","0","1","1","1","N","N","39 59:43.440","75 13:05.880","9999","","9999","","0","","N","","3 ","","","","","","","","","","1","1","0","0","0","0","0","0","0","0","0","1","1","0","0","0","0","0","0","0","0","0","0","1","0","0","0","0","0","0","0","0","0","0","0","4","0","39.9954","-75.2183","","CRASH_2001_Philadelphia"
"2001215724","06","67","67301","67301","2001","02","2","0830","08","1","1","0","4","1","","","N","02","3","00","3","0","4","4","2","N","N","39 59:20.760","75 05:22.920","9999","","9999","","0","","N","","3 ","","","","","","","","","","2","0","0","0","0","1","1","0","0","0","0","4","4","0","0","0","0","0","0","0","1","0","0","0","0","0","0","0","0","0","0","0","0","0","0","4","1","39.9891","-75.0896","","CRASH_2001_Philadelphia"
"2001238858","06","67","67301","67301","2001","04","3","1429","14","1","1","0","4","1","","","N","01","2","00","3","0","1","3","2","N","N","40 04:50.160","75 01:42.240","9999","","9999","","0","","N","","3 ","","","","","","","","","","2","2","0","0","0","0","0","0","0","0","0","1","1","0","0","0","0","0","0","0","0","0","2","0","0","0","0","0","0","0","0","0","0","0","0","4","0","40.0808","-75.0286","","CRASH_2001_Philadelphia"
"2001243675","06","67","67301","67301","2001","05","2","1730","17","1","1","0","4","1","","","N","02","0","00","3","0","0","2","2","N","N","","","9999","","9999","","0","","N","","0 ","","","","","","","","","","2","1","0","0","0","0","1","0","0","0","0","0","0","0","0","0","0","0","0","1","0","0","0","2","0","0","0","0","0","0","0","0","0","0","0","0","0","","","","CRASH_2001_Philadelphia"
"2001014319","06","67","67301","67301","2001","06","3","1835","18","1","1","0","1","1","","","N","00","0","00","3","0","1","3","3","N","N","39 57:33.132","75 10:20.336","1855","","1846","","0","","N","","0 ","","","","","","","","","","3","3","0","0","0","0","0","0","0","0","0","1","1","0","0","0","0","0","0","0","0","0","0","0","0","0","0","0","0","0","0","0","0","0","0","4","0","39.9592","-75.1724","","CRASH_2001_Philadelphia"
"2001206180","06","67","67301","67301","2001","01","2","1050","10","1","1","6","4","1","","","N","02","3","00","3","0","0","2","2","N","N","40 01:34.820","75 13:25.489","9999","","9999","","0","","N","","3 ","","","","","","","","","","2","2","0","0","0","0","0","0","0","0","0","0","0","0","0","0","0","0","0","0","0","1","0","0","0","0","0","0","0","0","0","0","0","0","0","0","0","40.0263","-75.2237","","CRASH_2001_Philadelphia"
"2001211707","06","67","67301","67301","2001","02","6","1545","15","1","1","0","6","1","","","N","00","0","00","3","0","0","2","2","N","N","39 59:26.520","75 07:52.320","9999","","9999","","0","","N","","0 ","","","","","","","","","","2","1","0","0","0","0","0","0","0","0","0","0","0","0","0","0","0","0","0","0","1","0","0","0","0","0","0","0","0","0","0","0","0","0","0","0","0","39.9909","-75.1311","","CRASH_2001_Philadelphia"
"2001211730","06","67","67301","67301","2001","02","5","1745","17","3","1","0","4","1","","","N","00","2","07","3","0","1","3","2","N","N","40 02:13.560","75 08:42.360","9999","","9999","","0","","N","","3 ","","","","","","","","","","2","2","0","0","0","0","0","0","0","0","0","1","1","0","0","0","0","0","0","1","0","1","0","0","0","0","0","0","0","0","0","0","0","0","0","4","0","40.037","-75.1451","","CRASH_2001_Philadelphia"
"2001223998","06","67","67301","67301","2001","03","7","0020","00","3","2","1","4","1","","","N","01","2","00","3","0","5","5","2","N","N","","","9999","","9999","","0","","N","","3 ","","","","","","","","","","2","2","0","0","0","0","0","0","0","0","0","0","0","0","5","0","0","0","0","0","1","0","0","0","0","0","0","0","0","0","0","0","0","0","0","9","0","","","","CRASH_2001_Philadelphia"
"2001014321","06","67","67301","67301","2001","09","4","1410","14","1","1","0","1","1","","","N","00","0","01","3","0","0","2","2","N","N","39 57:32.229","75 10:13.163","1440","","1412","","0","","N","","0 ","","","","","","","","","","2","2","0","0","0","0","0","0","0","0","0","0","0","0","0","0","1","0","0","0","1","0","0","0","0","0","0","0","0","0","0","0","0","0","0","0","0","39.9589","-75.1704","","CRASH_2001_Philadelphia"
"2001209062","06","67","67301","67301","2001","01","4","1605","16","1","1","0","4","1","","","N","05","2","00","3","0","1","2","2","N","N","39 59:47.400","75 06:48.600","9999","","9999","","0","","N","","3 ","","","","","","","","","","2","2","0","0","0","0","0","0","0","0","1","0","1","0","0","0","0","0","0","0","0","0","0","0","0","0","0","0","0","0","0","0","0","0","0","3","0","39.9965","-75.1135","","CRASH_2001_Philadelphia"
"2001248750","06","67","67301","67301","2001","04","2","0400","04","5","1","0","9","1","","","N","00","0","00","3","0","1","2","6","N","N","","","9999","","9999","","0","","N","","0 ","","","","","","","","","","6","1","0","0","0","0","0","0","0","0","0","0","0","0","1","0","0","0","0","0","0","0","0","1","0","0","0","0","0","0","0","0","0","0","0","9","0","","","","CRASH_2001_Philadelphia"
"2001248776","06","67","67301","67301","2001","05","5","1715","17","1","1","0","5","1","","","N","01","3","00","3","0","1","2","2","N","N","","","9999","","9999","","0","","N","","3 ","","","","","","","","","","1","1","0","0","0","0","0","0","1","0","0","1","1","0","0","0","0","0","0","0","0","0","0","0","0","0","0","0","0","0","0","0","0","0","0","4","0","","","","CRASH_2001_Philadelphia"
"2001231036","06","67","67301","67301","2001","03","5","0115","01","3","1","0","7","1","","","N","00","0","00","3","0","1","1","1","N","N","40 01:31.800","75 07:19.920","9999","","9999","","0","","N","","0 ","","","","","","","","","","1","1","0","0","0","0","0","0","0","0","1","0","1","0","0","0","0","0","0","0","0","0","0","1","0","0","0","0","0","0","0","0","0","0","0","3","0","40.0255","-75.1225","","CRASH_2001_Philadelphia"
"2001214270","06","67","67301","67301","2001","02","7","1815","18","1","1","0","7","1","","","N","00","0","00","3","0","0","1","1","N","N","39 57:27.360","75 09:34.200","9999","","9999","","0","","N","","0 ","","","","","","","","","","1","1","0","0","0","0","0","0","0","0","0","0","0","0","0","0","0","0","0","0","0","0","0","1","0","0","0","0","0","0","0","0","0","0","0","0","0","39.9576","-75.1596","","CRASH_2001_Philadelphia"
"2001216934","06","67","67301","67301","2001","03","2","2233","22","3","2","1","8","1","","","N","01","2","00","3","0","1","2","2","N","N","39 56:59.280","75 08:37.680","9999","","9999","","0","","N","","3 ","","","","","","","","","","1","0","0","0","0","0","1","0","0","0","0","1","1","0","0","0","0","0","0","0","0","0","0","0","0","0","0","0","0","0","0","0","1","0","0","4","0","39.9499","-75.1437","","CRASH_2001_Philadelphia"
"2001217014","06","67","67301","67301","2001","03","5","2242","22","3","2","1","7","2","","","N","00","0","00","3","0","1","3","1","N","N","39 59:36.960","75 11:57.840","9999","","9999","","0","","N","","0 ","","","","","","","","","","1","1","0","0","0","0","0","0","0","0","0","1","1","0","0","0","0","0","0","0","0","0","0","0","0","0","0","0","0","0","0","0","0","0","0","4","0","39.9936","-75.1995","","CRASH_2001_Philadelphia"
"2001231181","06","67","67301","67301","2001","03","4","2140","21","3","2","1","7","1","","","N","00","0","00","3","0","0","1","1","N","N","","","9999","","9999","","0","","N","","0 ","","","","","","","","","","1","1","0","0","0","0","0","0","0","0","0","0","0","0","0","0","0","0","0","0","0","0","0","0","0","0","0","0","0","0","0","0","0","0","0","0","0","","","","CRASH_2001_Philadelphia"
"2001238073","06","67","67301","67301","2001","04","6","0155","01","3","1","0","8","1","","","N","02","0","00","3","0","1","2","2","N","N","","","9999","","9999","","0","","N","","0 ","","","","","","","","","","1","0","0","0","0","0","0","1","0","0","0","1","1","0","0","0","0","0","0","0","0","0","0","0","0","0","0","0","0","0","0","0","1","0","0","4","0","","","","CRASH_2001_Philadelphia"
"2001238139","06","67","67301","67301","2001","04","7","2035","20","3","1","0","4","1","","","N","01","2","00","3","0","1","2","2","N","N","40 02:21.840","75 02:00.240","9999","","9999","","0","","N","","3 ","","","","","","","","","","2","2","0","0","0","0","0","0","0","0","0","0","0","0","1","0","0","0","0","0","0","0","0","0","0","0","0","0","0","0","0","0","0","0","0","9","0","40.0394","-75.0334","","CRASH_2001_Philadelphia"
"2001210705","06","67","67301","67301","2001","02","6","2245","22","3","1","0","1","1","","","N","00","0","00","3","0","0","2","3","N","N","","","9999","","9999","","0","","N","","0 ","","","","","","","","","","3","0","1","0","1","0","0","0","0","0","0","0","0","0","0","0","0","0","0","0","0","0","0","0","0","0","0","0","0","0","0","0","0","0","0","0","0","","","","CRASH_2001_Philadelphia"
"2001223767","06","67","67301","67301","2001","03","6","1910","19","3","2","1","1","1","","","N","00","0","00","3","0","1","4","3","N","N","40 00:25.920","75 12:00.720","9999","","9999","","0","","N","","0 ","","","","","","","","","","3","1","0","0","1","0","0","0","0","0","0","0","0","0","1","0","0","0","0","0","1","0","0","0","0","0","0","0","0","0","0","0","0","0","0","9","0","40.0072","-75.2002","","CRASH_2001_Philadelphia"
"2001244746","06","67","67301","67301","2001","05","2","1630","16","1","1","0","7","1","","","N","01","0","00","3","0","1","2","2","N","N","40 01:49.839","75 06:24.742","9999","","9999","","0","","N","","0 ","","","","","","","","","","1","0","0","0","0","0","0","0","0","0","0","1","1","0","0","0","0","0","0","0","0","0","0","0","0","0","0","0","0","0","0","0","1","0","0","4","0","40.0305","-75.1069","","CRASH_2001_Philadelphia"
"2001245061","06","67","67301","67301","2001","05","1","1532","15","1","1","0","5","1","","","N","00","0","00","3","0","0","5","3","N","N","","","9999","","9999","","0","","N","","0 ","","","","","","","","","","3","2","0","0","0","0","0","0","0","0","0","0","0","0","0","0","1","0","0","0","0","0","0","0","0","0","0","0","0","0","0","0","0","0","0","0","0","","","","CRASH_2001_Philadelphia"
"2001223760","06","67","67301","67301","2001","03","7","1730","17","1","2","1","7","5","","","N","00","0","00","3","0","1","1","1","N","N","","","9999","","9999","","0","","N","","0 ","","","","","","","","","","1","1","0","0","0","0","0","0","0","0","0","0","0","0","1","0","0","0","0","0","0","0","0","0","0","0","0","0","0","0","0","0","0","0","0","9","0","","","","CRASH_2001_Philadelphia"
"2001007145","06","67","67301","67301","2001","05","4","2250","22","3","1","0","4","1","","","N","02","2","00","3","0","1","2","2","N","N","39 57:38.000","75 08:33.300","2251","","2250","","0","","N","","3 ","","","","","","","","","","2","1","0","0","1","0","0","0","0","0","0","1","1","0","0","0","0","0","0","0","0","0","0","0","0","0","0","0","0","0","0","0","0","0","0","4","0","39.9608","-75.1425","","CRASH_2001_Philadelphia"
"2001016954","06","67","67301","67301","2001","05","7","1630","16","1","1","0","4","1","","","N","01","2","00","3","0","1","2","2","N","N","40 00:52.739","75 09:23.913","1650","","1641","","0","","N","","3 ","","","","","","","","","","2","2","0","0","0","0","0","0","0","0","0","1","1","0","0","0","0","0","0","0","2","0","0","0","0","0","0","0","0","0","0","0","0","0","0","4","0","40.0146","-75.1567","","CRASH_2001_Philadelphia"
"2001207340","06","67","67301","67301","2001","01","4","1102","11","1","1","0","4","1","","","N","01","2","00","3","0","1","2","2","N","N","40 03:00.360","75 03:51.120","9999","","9999","","0","","N","","3 ","","","","","","","","","","2","2","0","0","0","0","0","0","0","0","0","1","1","0","0","0","0","0","0","0","1","0","0","0","0","0","0","0","0","0","0","0","0","0","0","4","0","40.0501","-75.0642","","CRASH_2001_Philadelphia"
"2001209660","06","67","67301","67301","2001","01","7","0358","03","3","2","1","4","1","","","N","01","2","00","3","0","1","2","2","N","N","39 56:02.760","75 10:03.000","9999","","9999","","0","","N","","3 ","","","","","","","","","","2","2","0","0","0","0","0","0","0","0","0","1","1","0","0","0","0","0","1","0","0","0","0","0","0","0","0","0","0","0","0","0","0","0","0","4","0","39.9342","-75.1675","","CRASH_2001_Philadelphia"
"2001233061","06","67","67301","67301","2001","04","5","0542","05","1","1","0","4","1","","","N","01","2","00","3","0","6","6","2","N","N","","","9999","","9999","","0","","N","","3 ","","","","","","","","","","2","2","0","0","0","0","0","0","0","0","0","5","5","0","1","0","0","0","0","0","0","0","0","0","0","0","0","0","0","0","0","0","0","0","0","4","0","","","","CRASH_2001_Philadelphia"
"2001233153","06","67","67301","67301","2001","04","2","1030","10","1","1","0","5","1","","","N","00","0","00","3","0","1","2","2","N","N","39 55:40.440","75 11:45.600","9999","","9999","","0","","N","","0 ","","","","","","","","","","2","1","0","0","0","1","0","0","0","0","0","0","0","0","1","0","0","0","0","0","0","0","0","0","0","0","0","0","0","0","0","0","0","0","0","9","1","39.9282","-75.1963","","CRASH_2001_Philadelphia"