"CRN","DISTRICT","COUNTY","MUNICIPALITY","POLICE_AGCY","CRASH_YEAR","CRASH_MONTH","DAY_OF_WEEK","TIME_OF_DAY","HOUR_OF_DAY","ILLUMINATION","WEATHER","ROAD_CONDITION","COLLISION_TYPE","RELATION_TO_ROAD","WORK_ZONE_TYPE","WORK_ZONE_LOC","WORK_ZONE_IND","INTERSECT_TYPE","TCD_TYPE","LOCATION_TYPE","URBAN_RURAL","FATAL_COUNT","INJURY_COUNT","PERSON_COUNT","TOTAL_UNITS","SCH_BUS_IND","SCH_ZONE_IND","LATITUDE","LONGITUDE","ARRIVAL_TM","CONS_ZONE_SPD_LIM","DISPATCH_TM","EST_HRS_CLOSED","LANE_CLOSED","LN_CLOSE_DIR","NTFY_HIWY_MAINT","SPEC_JURIS_CD","TCD_FUNC_CD","TFC_DETOUR_IND","WORKERS_PRES","WZ_CLOSE_DETOUR","WZ_FLAGGER","WZ_LAW_OFFCR_IND","WZ_LN_CLOSURE","WZ_MOVING","WZ_OTHER","WZ_SHLDER_MDN","VEHICLE_COUNT","AUTOMOBILE_COUNT","MOTORCYCLE_COUNT","BUS_COUNT","SMALL_TRUCK_COUNT","HEAVY_TRUCK_COUNT","SUV_COUNT","VAN_COUNT","BICYCLE_COUNT","MAJ_INJ_COUNT","MOD_INJ_COUNT","MIN_INJ_COUNT","TOT_INJ_COUNT","UNK_INJ_DEG_COUNT","UNK_INJ_PER_COUNT","DRIVER_COUNT_16YR","DRIVER_COUNT_17YR","DRIVER_COUNT_18YR","DRIVER_COUNT_19YR","DRIVER_COUNT_20YR","DRIVER_COUNT_50_64YR","DRIVER_COUNT_65_74YR","DRIVER_COUNT_75PLUS","UNBELTED_OCC_COUNT","UNB_DEATH_COUNT","UNB_MAJ_INJ_COUNT","BELTED_DEATH_COUNT","BELTED_MAJ_INJ_COUNT","MCYCLE_DEATH_COUNT","MCYCLE_MAJ_INJ_COUNT","BICYCLE_DEATH_COUNT","BICYCLE_MAJ_INJ_COUNT","PED_COUNT","PED_DEATH_COUNT","PED_MAJ_INJ_COUNT","MAX_SEVERITY_LEVEL","COMM_VEH_COUNT","DEC_LAT","DEC_LONG","RDWY_SURF_TYPE_CD","COUNTY_YEAR"
"2001240232","06","67","67301","67301","2001","04","5","1817","18","1","1","0","4","1","","","N","01","2","00","3","0","3","3","2","N","N","","","9999","","9999","","0","","N","","3 ","","","","","","","","","","2","2","0","0","0","0","0","0","0","0","1","2","3","0","0","0","0","0","0","0","1","0","0","1","0","0","0","0","0","0","0","0","0","0","0","3","0","","","","CRASH_2001_Philadelphia"
"2001240285","06","67","67301","67301","2001","04","3","1135","11","1","1","0","4","1","","","N","01","3","00","3","0","2","2","2","N","N","40 03:31.320","74 59:43.800","9999","","9999","","0","","N","","3 ","","","","","","","","","","2","2","0","0","0","0","0","0","0","0","0","2","2","0","0","0","0","0","0","0","1","1","0","0","0","0","0","0","0","0","0","0","0","0","0","4","0","40.0587","-74.9957","","CRASH_2001_Philadelphia"
"2001243594","06","67","67301","67301","2001","05","2","2212","22","3","1","0","8","1","","","N","00","0","00","3","0","1","2","2","N","N","39 57:21.600","75 11:29.400","9999","","9999","","0","","N","","0 ","","","","","","","","","","1","1","0","0","0","0","0","0","0","0","0","1","1","0","0","0","0","0","0","0","0","0","0","0","0","0","0","0","0","0","0","0","1","0","0","4","0","39.9559","-75.1915","","CRASH_2001_Philadelphia"
"2001243632","06","67","67301","67301","2001","05","5","1215","12","1","1","0","4","1","","","N","00","0","00","3","0","3","3","2","N","N","","","9999","","9999","","0","","N","","0 ","","","","","","","","","","2","2","0","0","0","0","0","0","0","0","0","0","0","0","3","0","0","0","0","0","0","0","0","3","0","0","0","0","0","0","0","0","0","0","0","9","0","","","","CRASH_2001_Philadelphia"
"2001007389","06","67","67301","67301","2001","06","6","1713","17","1","1","0","1","1","","","N","00","0","00","3","0","0","3","3","N","N","39 57:50.488","75 11:05.113","1715","","1713","1","1","3","Y","","0 ","N","","","","","","","","","3","2","0","0","1","0","0","0","0","0","0","0","0","0","0","0","0","0","0","0","0","0","0","0","0","0","0","0","0","0","0","0","0","0","0","0","0","39.9635","-75.1842","","CRASH_2001_Philadelphia"
"2001207554","06","67","67301","67301","2001","01","7","1530","15","1","1","0","4","1","","","N","01","3","00","3","0","3","3","2","N","N","","","9999","","9999","","0","","N","","3 ","","","","","","","","","","2","1","0","0","0","0","0","0","0","0","0","2","2","0","1","0","0","0","0","0","0","0","0","0","0","0","0","0","0","0","0","0","0","0","0","4","0","","","","CRASH_2001_Philadelphia"
"2001215593","06","67","67301","67301","2001","02","2","0945","09","1","1","0","8","1","","","N","00","0","07","3","0","1","2","2","N","N","","","9999","","9999","","0","","N","","0 ","","","","","","","","","","1","1","0","0","0","0","0","0","0","0","1","0","1","0","0","0","0","0","0","0","0","0","0","0","0","0","0","0","0","0","0","0","1","0","0","3","0","","","","CRASH_2001_Philadelphia"
"2001216957","06","67","67301","67301","2001","03","5","1440","14","1","1","0","4","1","","","N","01","2","00","3","0","1","2","2","N","N","40 04:55.524","75 13:11.308","9999","","9999","","0","","N","","3 ","","","","","","","","","","2","1","0","0","0","0","1","0","0","0","0","1","1","0","0","0","0","0","0","0","0","0","1","0","0","0","0","0","0","0","0","0","0","0","0","4","0","40.0821","-75.2198","","CRASH_2001_Philadelphia"
"2001223813","06","67","67301","67301","2001","03","3","1055","10","1","2","1","4","1","","","N","01","2","00","3","0","2","2","2","N","N","","","9999","","9999","","0","","N","","3 ","","","","","","","","","","2","1","0","0","0","0","0","0","0","0","0","1","1","0","1","0","0","0","0","0","0","0","0","0","0","0","0","0","0","0","0","0","0","0","0","4","0","","","","CRASH_2001_Philadelphia"
"2001233511","06","67","67301","67301","2001","03","5","1710","17","4","2","1","4","1","","","N","01","0","00","3","0","3","3","2","N","N","40 03:10.350","75 10:30.712","9999","","9999","","0","","N","","0 ","","","","","","","","","","2","2","0","0","0","0","0","0","0","0","0","0","0","0","3","0","0","0","0","0","0","0","0","0","0","0","0","0","0","0","0","0","0","0","0","9","0","40.0529","-75.1752","","CRASH_2001_Philadelphia"
"2001204632","06","67","67301","67301","2001","01","6","1435","14","1","4","1","1","1","","","N","00","0","00","3","0","2","3","2","N","N","40 06:30.240","74 59:48.840","9999","","9999","","0","","N","","0 ","","","","","","","","","","2","1","0","0","1","0","0","0","0","0","0","2","2","0","0","0","0","0","0","0","0","0","0","0","0","0","0","0","0","0","0","0","0","0","0","4","0","40.1083","-74.997","","CRASH_2001_Philadelphia"
"2001206238","06","67","67301","67301","2001","01","4","1400","14","1","1","0","9","1","","","N","00","0","00","3","0","0","1","2","N","N","","","9999","","9999","","0","","N","","0 ","","","","","","","","","","2","1","0","0","0","0","0","0","0","0","0","0","0","0","0","0","0","0","0","0","0","0","1","1","0","0","0","0","0","0","0","0","0","0","0","0","0","","","","CRASH_2001_Philadelphia"
"2001208929","06","67","67301","67301","2001","01","4","2120","21","3","1","0","4","1","","","N","01","2","00","3","0","1","3","2","N","N","","","9999","","9999","","0","","N","","3 ","","","","","","","","","","2","1","0","0","0","0","0","0","0","0","0","0","0","0","1","0","0","0","0","0","0","1","0","0","0","0","0","0","0","0","0","0","0","0","0","9","0","","","","CRASH_2001_Philadelphia"
"2001211352","06","67","67301","67301","2001","02","2","0905","09","1","2","1","4","1","","","N","01","2","00","3","0","2","4","2","N","N","39 54:32.400","75 14:30.840","9999","","9999","","0","","N","","3 ","","","","","","","","","","1","0","0","0","1","0","0","0","0","0","0","2","2","0","0","0","0","0","0","0","1","0","0","0","0","0","0","0","0","0","0","0","0","0","0","4","0","39.909","-75.2419","","CRASH_2001_Philadelphia"
"2001211799","06","67","67301","67301","2001","02","2","1400","14","1","1","0","4","1","","","N","03","3","00","3","0","1","2","2","N","N","","","9999","","9999","","0","","N","","3 ","","","","","","","","","","2","1","0","1","0","0","0","0","0","0","0","0","0","0","1","0","0","0","0","0","0","0","0","0","0","0","0","0","0","0","0","0","0","0","0","9","1","","","","CRASH_2001_Philadelphia"
"2001220831","06","67","67301","67301","2001","03","6","1200","12","1","1","0","4","1","","","N","00","0","07","3","0","1","3","2","N","N","","","9999","","9999","","0","","N","","0 ","","","","","","","","","","2","1","0","0","0","0","0","1","0","0","0","0","0","0","1","0","1","0","0","0","0","0","0","0","0","0","0","0","0","0","0","0","0","0","0","9","0","","","","CRASH_2001_Philadelphia"
"2001233044","06","67","67301","67301","2001","04","5","2142","21","3","1","0","7","5","","","N","00","0","00","3","0","1","2","4","N","N","40 03:17.280","74 59:05.640","9999","","9999","","0","","N","","0 ","","","","","","","","","","4","4","0","0","0","0","0","0","0","0","0","0","0","0","1","0","0","0","0","0","0","0","0","0","0","0","0","0","0","0","0","0","0","0","0","9","0","40.0547","-74.9849","","CRASH_2001_Philadelphia"
"2001209096","06","67","67301","67301","2001","02","2","1249","12","1","4","3","4","1","","","N","00","0","07","3","0","1","2","2","N","N","40 05:52.080","75 01:49.440","9999","","9999","","0","","N","","0 ","","","","","","","","","","2","2","0","0","0","0","0","0","0","0","0","1","1","0","0","0","0","0","0","0","0","0","0","0","0","0","0","0","0","0","0","0","0","0","0","4","0","40.0978","-75.0304","","CRASH_2001_Philadelphia"
"2001211704","06","67","67301","67301","2001","02","2","0250","02","3","1","0","9","1","","","N","00","0","00","3","0","0","1","2","N","N","","","9999","","9999","","0","","N","","0 ","","","","","","","","","","2","1","0","0","0","0","0","0","0","0","0","0","0","0","0","0","0","0","0","0","0","0","0","0","0","0","0","0","0","0","0","0","0","0","0","0","0","","","","CRASH_2001_Philadelphia"
"2001214308","06","67","67301","67301","2001","02","6","0735","07","1","2","1","1","1","","","N","01","2","00","3","0","1","3","2","N","N","39 59:16.800","75 06:21.240","9999","","9999","","0","","N","","3 ","","","","","","","","","","2","2","0","0","0","0","0","0","0","0","1","0","1","0","0","0","0","0","0","0","0","0","0","0","0","0","0","0","0","0","0","0","0","0","0","3","0","39.988","-75.106","","CRASH_2001_Philadelphia"
"2001244637","06","67","67301","67301","2001","03","4","0400","04","3","1","0","9","1","","","N","00","0","00","3","0","1","1","3","N","N","","","9999","","9999","","0","","N","","0 ","","","","","","","","","","3","1","0","0","0","0","0","0","0","0","0","0","0","0","1","0","0","0","0","0","0","0","0","0","0","0","0","0","0","0","0","0","0","0","0","9","0","","","","CRASH_2001_Philadelphia"
"2001019629","06","67","67301","67301","2001","05","2","1538","15","1","1","0","1","1","","","N","00","0","00","3","0","1","4","4","N","N","40 06:17.640","75 00:03.960","1600","","1544","","0","","N","","0 ","","","","","","","","","","4","3","0","0","1","0","0","0","0","0","1","0","1","0","0","0","0","0","0","0","1","1","0","0","0","0","0","0","0","0","0","0","0","0","0","3","0","40.1048","-75.0013","","CRASH_2001_Philadelphia"
"2001208890","06","67","67301","67301","2001","02","1","1625","16","1","1","0","4","1","","","N","01","2","00","3","0","1","2","2","N","N","40 03:23.400","75 00:47.160","9999","","9999","","0","","N","","3 ","","","","","","","","","","2","1","0","0","0","0","1","0","0","0","0","1","1","0","0","0","0","0","0","0","0","0","0","0","0","0","0","0","0","0","0","0","0","0","0","4","0","40.0566","-75.0132","","CRASH_2001_Philadelphia"
"2001211375","06","67","67301","67301","2001","02","5","0000","00","3","6","1","9","1","","","N","00","0","00","3","0","0","2","2","N","N","","","9999","","9999","","0","","N","","0 ","","","","","","","","","","2","1","0","0","0","0","0","0","0","0","0","0","0","0","0","0","0","0","0","0","0","0","0","0","0","0","0","0","0","0","0","0","0","0","0","0","0","","","","CRASH_2001_Philadelphia"
"2001204560","06","67","67301","67301","2001","01","7","1759","17","3","1","0","9","1","","","N","00","0","00","3","0","0","1","2","N","N","","","9999","","9999","","0","","N","","0 ","","","","","","","","","","2","0","0","0","1","0","0","0","0","0","0","0","0","0","0","0","0","0","0","0","0","0","0","0","0","0","0","0","0","0","0","0","0","0","0","0","0","","","","CRASH_2001_Philadelphia"
"2001211741","06","67","67301","67301","2001","02","6","1800","18","3","2","1","1","1","","","N","02","3","00","3","0","0","4","4","N","N","40 03:07.200","75 07:12.000","9999","","9999","","0","","N","","3 ","","","","","","","","","","4","4","0","0","0","0","0","0","0","0","0","0","0","0","0","0","0","0","0","0","1","0","0","0","0","0","0","0","0","0","0","0","0","0","0","0","0","40.0519","-75.12","","CRASH_2001_Philadelphia"
"2001214288","06","67","67301","67301","2001","02","2","1200","12","1","1","0","4","1","","","N","02","2","00","3","0","1","4","4","N","N","40 04:47.640","74 59:49.560","9999","","9999","","0","","N","","3 ","","","","","","","","","","4","4","0","0","0","0","0","0","0","0","0","1","1","0","0","0","0","0","0","0","0","0","0","0","0","0","0","0","0","0","0","0","0","0","0","4","0","40.0802","-74.9973","","CRASH_2001_Philadelphia"
"2001215598","06","67","67301","67301","2001","02","1","1600","16","4","2","1","7","1","","","N","00","0","00","3","0","2","4","1","N","N","39 54:53.640","75 13:16.320","9999","","9999","","0","","N","","0 ","","","","","","","","","","1","1","0","0","0","0","0","0","0","0","0","2","2","0","0","0","0","0","0","0","0","0","0","4","0","0","0","0","0","0","0","0","0","0","0","4","0","39.9134","-75.2216","","CRASH_2001_Philadelphia"
"2001215668","06","67","67301","67301","2001","03","2","0722","07","1","3","6","7","1","","","N","00","0","01","3","0","0","1","1","N","N","40 01:13.800","75 04:48.720","9999","","9999","","0","","N","","0 ","","","","","","","","","","1","1","0","0","0","0","0","0","0","0","0","0","0","0","0","0","0","0","0","0","0","0","0","0","0","0","0","0","0","0","0","0","0","0","0","0","0","40.0205","-75.0802","","CRASH_2001_Philadelphia"
"2001214571","06","67","67301","67301","2001","03","6","2340","23","3","1","0","7","5","","","N","00","0","02","3","0","0","1","1","N","N","39 57:37.440","75 08:26.880","9999","","9999","","0","","N","","0 ","","","","","","","","","","1","1","0","0","0","0","0","0","0","0","0","0","0","0","0","0","0","0","0","0","0","0","0","0","0","0","0","0","0","0","0","0","0","0","0","0","0","39.9648","-75.138","","CRASH_2001_Philadelphia"
"2001014325","06","67","67301","67301","2001","06","7","0215","02","3","1","0","5","1","","","N","01","2","00","3","0","1","3","2","N","N","39 51:59.720","75 17:43.689","0245","","9999","","0","","N","","3 ","","","","","","","","","","2","2","0","0","0","0","0","0","0","0","0","1","1","0","1","0","0","0","0","0","0","0","0","0","0","0","0","0","0","0","0","0","0","0","0","4","0","39.8666","-75.2955","","CRASH_2001_Philadelphia"
"2001205955","06","67","67301","67301","2001","01","7","0329","03","3","1","0","4","1","","","N","01","2","00","3","0","3","3","3","N","N","","","9999","","9999","","0","","N","","3 ","","","","","","","","","","3","2","0","0","0","0","0","0","0","0","2","1","3","0","0","0","0","0","0","0","0","0","0","3","0","0","0","0","0","0","0","0","0","0","0","3","0","","","","CRASH_2001_Philadelphia"
"2001208963","06","67","67301","67301","2001","02","2","2105","21","3","4","3","0","1","","","N","00","0","00","3","0","1","2","1","N","N","","","9999","","9999","","0","","N","","0 ","","","","","","","","","","1","1","0","0","0","0","0","0","0","0","1","0","1","0","0","0","0","0","0","0","0","0","0","0","0","0","0","0","0","0","0","0","0","0","0","3","0","","","","CRASH_2001_Philadelphia"
"2001209045","06","67","67301","67301","2001","01","7","0230","02","3","2","1","9","1","","","N","02","3","00","3","0","1","1","2","N","N","40 01:26.040","75 09:34.560","9999","","9999","","0","","N","","3 ","","","","","","","","","","2","1","0","0","0","0","0","0","0","0","0","1","1","0","0","0","0","0","0","0","0","0","0","0","0","0","0","0","0","0","0","0","0","0","0","4","0","40.024","-75.1596","","CRASH_2001_Philadelphia"
"2001211347","06","67","67301","67301","2001","02","4","1720","17","3","2","1","1","1","","","N","00","0","00","3","0","2","2","2","N","N","39 58:54.480","75 06:06.120","9999","","9999","","0","","N","","0 ","","","","","","","","","","2","1","0","0","0","0","1","0","0","0","0","0","0","0","2","0","0","0","0","0","1","1","0","0","0","0","0","0","0","0","0","0","0","0","0","9","0","39.9819","-75.1016","","CRASH_2001_Philadelphia"
"2001231220","06","67","67301","67301","2001","03","3","0804","08","1","1","0","4","1","","","N","03","3","00","3","0","1","3","2","N","N","39 58:29.280","75 13:18.120","9999","","9999","","0","","N","","3 ","","","","","","","","","","2","1","0","0","1","0","0","0","0","0","0","1","1","0","0","0","0","0","0","0","0","0","0","0","0","0","0","0","0","0","0","0","0","0","0","4","0","39.9748","-75.2215","","CRASH_2001_Philadelphia"
"2001233176","06","67","67301","67301","2001","04","6","1613","16","1","1","1","5","1","","","N","00","0","00","3","0","0","2","3","N","N","39 58:50.160","75 14:47.760","9999","","9999","","0","","N","","0 ","","","","","","","","","","3","2","0","0","0","0","0","0","0","0","0","0","0","0","0","0","0","0","0","0","0","0","0","0","0","0","0","0","0","0","0","0","0","0","0","0","0","39.9806","-75.2465","","CRASH_2001_Philadelphia"
"2001240139","06","67","67301","67301","2001","04","3","1435","14","1","1","0","1","1","","","N","01","2","00","3","0","2","3","2","N","N","40 03:16.326","75 01:40.889","9999","","9999","","0","","N","","3 ","","","","","","","","","","2","1","0","0","1","0","0","0","0","0","0","2","2","0","0","0","0","0","0","0","0","0","0","0","0","0","0","0","0","0","0","0","0","0","0","4","0","40.0545","-75.028","","CRASH_2001_Philadelphia"
"2001008612","06","67","67301","67301","2001","06","3","1940","19","1","1","0","4","1","","","N","01","2","00","3","0","1","2","2","N","N","39 58:58.828","75 06:05.310","1942","","1940","","0","","N","","9 ","","","","","","","","","","2","1","0","0","0","1","0","0","0","0","0","1","1","0","0","0","0","0","0","1","0","0","0","0","0","0","0","0","0","0","0","0","0","0","0","4","1","39.983","-75.1014","","CRASH_2001_Philadelphia"
"2001008673","06","67","67301","67301","2001","05","7","1820","18","1","2","1","2","1","","","N","01","3","00","3","0","1","2","2","N","N","40 01:39.720","75 08:49.920","1840","","1840","","0","","N","","3 ","","","","","","","","","","2","1","0","0","1","0","0","0","0","0","0","1","1","0","0","0","0","0","0","0","0","0","0","1","0","0","0","0","0","0","0","0","0","0","0","4","0","40.0276","-75.1472","","CRASH_2001_Philadelphia"
"2001233362","06","67","67301","67301","2001","04","3","0950","09","1","2","0","4","1","","","N","01","3","00","3","0","5","5","2","N","N","","","9999","","9999","","0","","N","","3 ","","","","","","","","","","2","2","0","0","0","0","0","0","0","0","0","0","0","0","5","0","0","0","0","0","0","0","0","0","0","0","0","0","0","0","0","0","0","0","0","9","0","","","","CRASH_2001_Philadelphia"
"2001243281","06","67","67301","67301","2001","04","1","1835","18","1","1","0","4","1","","","N","01","2","00","3","0","0","2","2","N","N","","","9999","","9999","","0","","N","","3 ","","","","","","","","","","2","2","0","0","0","0","0","0","0","0","0","0","0","0","0","0","0","0","0","0","0","0","0","0","0","0","0","0","0","0","0","0","0","0","0","0","0","","","","CRASH_2001_Philadelphia"
"2001243467","06","67","67301","67301","2001","03","6","1805","18","4","2","1","8","1","","","N","00","0","00","3","0","1","2","2","N","N","","","9999","","9999","","0","","N","","0 ","","","","","","","","","","1","1","0","0","0","0","0","0","0","0","0","1","1","0","0","0","0","0","0","0","1","0","0","0","0","0","0","0","0","0","0","0","1","0","0","4","0","","","","CRASH_2001_Philadelphia"
"2001007094","06","67","67301","67301","2001","05","2","1043","10","1","1","0","7","1","","","N","02","2","01","3","0","1","2","1","N","N","39 57:45.708","75 14:45.817","1047","","1045","","0","","N","","3 ","","","","","","","","","","1","1","0","0","0","0","0","0","0","0","0","1","1","0","0","0","0","0","0","0","0","1","0","2","0","0","0","0","0","0","0","0","0","0","0","4","0","39.9626","-75.2459","","CRASH_2001_Philadelphia"
"2001209169","06","67","67301","67301","2001","01","1","1515","15","1","1","0","4","1","","","N","01","2","00","3","0","5","6","3","N","N","","","9999","","9999","","0","","N","","3 ","","","","","","","","","","3","2","0","0","0","0","0","1","0","0","2","1","3","0","2","0","0","0","0","0","1","0","0","1","0","0","0","0","0","0","0","0","0","0","0","3","0","","","","CRASH_2001_Philadelphia"
"2001215591","06","67","67301","67301","2001","02","1","1313","13","1","2","1","4","1","","","N","01","2","00","3","0","1","7","2","N","N","39 55:40.440","75 14:13.560","9999","","9999","","0","","N","","3 ","","","","","","","","","","2","1","0","0","0","0","0","1","0","0","0","1","1","0","0","0","0","0","0","0","0","0","0","1","0","0","0","0","0","0","0","0","0","0","0","4","0","39.9278","-75.237","","CRASH_2001_Philadelphia"
"2001006943","06","67","67301","67301","2001","05","4","1620","16","1","1","0","4","1","","","N","01","2","00","3","0","1","5","3","N","N","40 02:39.453","75 03:14.906","1620","","1620","","0","","N","","3 ","","","","","","","","","","3","3","0","0","0","0","0","0","0","0","1","0","1","0","0","0","0","0","1","0","0","0","0","1","0","0","0","0","0","0","0","0","0","0","0","3","0","40.0446","-75.0547","","CRASH_2001_Philadelphia"
"2001210879","06","67","67301","67301","2001","01","4","1320","13","1","1","0","4","1","","","N","01","3","00","3","0","4","4","2","N","N","39 57:05.760","75 09:29.520","9999","","9999","","0","","N","","3 ","","","","","","","","","","2","0","0","1","0","1","0","0","0","0","1","2","3","0","1","0","0","0","0","0","0","0","0","0","0","0","0","0","0","0","0","0","0","0","0","3","1","39.9517","-75.1583","","CRASH_2001_Philadelphia"
"2001016738","06","67","67301","67301","2001","05","7","1054","10","1","2","1","4","1","","","N","01","2","00","3","0","1","3","2","N","N","40 04:51.240","75 01:44.040","1054","","1054","","0","","N","","3 ","","","","","","","","","","2","1","0","0","1","0","0","0","0","0","0","1","1","0","0","0","0","0","0","0","2","0","0","0","0","0","0","0","0","0","0","0","0","0","0","4","0","40.081","-75.0289","","CRASH_2001_Philadelphia"
"2001223814","06","67","67301","67301","2001","03","7","0228","02","3","1","1","5","1","","","N","00","0","00","3","0","3","5","2","N","N","","","9999","","9999","","0","","N","","0 ","","","","","","","","","","2","1","0","0","0","1","0","0","0","0","3","0","3","0","0","0","0","0","0","0","0","0","0","0","0","0","0","0","0","0","0","0","0","0","0","3","0","","","","CRASH_2001_Philadelphia"
"2001233336","06","67","67301","67301","2001","03","4","1215","12","1","1","0","8","1","","","N","00","0","00","3","0","2","2","2","N","N","40 00:24.480","75 07:57.720","9999","","9999","","0","","N","","0 ","","","","","","","","","","1","1","0","0","0","0","0","0","0","0","0","0","0","0","2","0","0","0","0","0","1","0","0","0","0","0","0","0","0","0","0","0","1","0","0","9","0","40.0068","-75.1326","","CRASH_2001_Philadelphia"
"2001234536","06","67","67301","67301","2001","03","6","1432","14","1","1","0","1","1","","","N","00","0","00","3","0","5","5","3","N","N","40 05:12.480","74 58:19.200","9999","","9999","","0","","N","","0 ","","","","","","","","","","3","2","0","1","0","0","0","0","0","0","0","2","2","0","3","1","0","0","0","0","1","0","0","0","0","0","0","0","0","0","0","0","0","0","0","4","1","40.0868","-74.972","","CRASH_2001_Philadelphia"
"2001007299","06","67","67301","67301","2001","05","7","1508","15","1","2","1","4","1","","","N","01","3","00","3","0","2","4","2","N","N","","","1512","","1510","","0","","N","","3 ","","","","","","","","","","2","2","0","0","0","0","0","0","0","0","0","2","2","0","0","0","0","0","0","0","0","1","0","0","0","0","0","0","0","0","0","0","0","0","0","4","0","","","","CRASH_2001_Philadelphia"
"2001210693","06","67","67301","67301","2001","02","3","1100","11","1","1","0","1","1","","","N","01","3","00","3","0","1","4","2","N","N","39 57:18.720","75 11:53.880","9999","","9999","","0","","N","","3 ","","","","","","","","","","2","0","0","0","0","0","1","1","0","0","0","0","0","0","1","0","0","0","0","0","0","0","0","0","0","0","0","0","0","0","0","0","0","0","0","9","0","39.9552","-75.1983","","CRASH_2001_Philadelphia"
"2001207560","06","67","67301","67301","2001","01","3","1655","16","1","1","0","4","1","","","N","05","2","00","3","0","0","2","2","N","N","","","9999","","9999","","0","","N","","3 ","","","","","","","","","","2","1","0","0","0","0","1","0","0","0","0","0","0","0","0","0","0","0","0","0","0","1","0","0","0","0","0","0","0","0","0","0","0","0","0","0","0","","","","CRASH_2001_Philadelphia"
"2001207587","06","67","67301","67301","2001","01","3","0821","08","1","3","5","1","1","","","N","01","2","00","3","0","1","5","2","Y","N","40 02:32.276","75 11:21.944","9999","","9999","","0","","N","","3 ","","","","","","","","","","2","1","0","1","0","0","0","0","0","0","0","1","1","0","0","0","0","0","0","0","0","0","0","0","0","0","0","0","0","0","0","0","0","0","0","4","1","40.0423","-75.1894","","CRASH_2001_Philadelphia"
"2001240229","06","67","67301","67301","2001","04","5","1550","15","1","1","0","1","1","","","N","02","2","07","3","0","2","2","2","N","N","40 06:43.560","74 59:25.800","9999","","9999","","0","","N","","3 ","","","","","","","","","","2","1","0","0","0","0","1","0","0","0","0","2","2","0","0","0","0","0","0","1","0","0","0","0","0","0","0","0","0","0","0","0","0","0","0","4","0","40.1121","-74.9907","","CRASH_2001_Philadelphia"
"2001016742","06","67","67301","67301","2001","05","2","2141","21","3","1","0","1","1","","","N","00","2","00","3","0","1","2","2","N","N","40 03:17.300","75 00:16.592","2143","","2143","","0","","N","","3 ","","","","","","","","","","2","2","0","0","0","0","0","0","0","0","0","1","1","0","0","0","0","0","0","0","0","0","0","0","0","0","0","0","0","0","0","0","0","0","0","4","0","40.055","-75.0045","","CRASH_2001_Philadelphia"
"2001200724","06","67","67301","67301","2001","01","6","1414","14","1","1","6","4","1","","","N","02","2","00","3","0","2","5","2","N","N","39 56:04.920","75 13:38.280","9999","","9999","","0","","N","","3 ","","","","","","","","","","2","2","0","0","0","0","0","0","0","0","2","0","2","0","0","0","1","0","0","0","0","1","0","0","0","0","0","0","0","0","0","0","0","0","0","3","0","39.9346","-75.2273","","CRASH_2001_Philadelphia"
"2001206718","06","67","67301","67301","2001","01","6","1939","19","3","4","3","6","1","","","N","01","9","00","3","0","2","2","2","N","N","39 58:22.440","75 07:10.560","9999","","9999","","0","","N","","9 ","","","","","","","","","","2","1","0","1","0","0","0","0","0","0","1","0","1","0","1","0","0","0","0","0","0","0","0","0","0","0","0","0","0","0","0","0","0","0","0","3","1","39.9734","-75.1207","","CRASH_2001_Philadelphia"
"2001207847","06","67","67301","67301","2001","01","7","1730","17","2","2","1","4","1","","","N","01","0","00","3","0","0","5","2","N","N","39 57:41.400","75 13:28.200","9999","","9999","","0","","N","","0 ","","","","","","","","","","2","1","0","1","0","0","0","0","0","0","0","0","0","0","0","0","0","0","0","0","1","0","0","0","0","0","0","0","0","0","0","0","0","0","0","0","1","39.9615","-75.2245","","CRASH_2001_Philadelphia"
"2001211470","06","67","67301","67301","2001","01","7","0014","00","3","1","0","4","1","","","N","01","2","00","3","0","3","3","2","N","N","40 01:34.968","75 05:05.711","9999","","9999","","0","","N","","3 ","","","","","","","","","","2","2","0","0","0","0","0","0","0","0","2","1","3","0","0","0","0","0","0","0","0","0","0","1","0","0","0","0","0","0","0","0","0","0","0","3","0","40.0264","-75.0849","","CRASH_2001_Philadelphia"
"2001213119","06","67","67301","67301","2001","02","5","1559","15","1","4","3","8","1","","","N","00","0","00","3","0","1","2","2","N","N","39 58:49.800","75 14:03.480","9999","","9999","","0","","N","","0 ","","","","","","","","","","1","1","0","0","0","0","0","0","0","0","1","0","1","0","0","0","0","0","0","0","0","0","0","0","0","0","0","0","0","0","0","0","1","0","0","3","0","39.9804","-75.2342","","CRASH_2001_Philadelphia"
"2001223879","06","67","67301","67301","2001","03","3","1206","12","1","1","0","4","1","","","N","01","3","00","3","0","1","2","2","N","N","","","9999","","9999","","0","","N","","3 ","","","","","","","","","","2","1","0","0","0","0","0","0","0","0","0","0","0","0","1","0","0","0","0","0","0","0","0","0","0","0","0","0","0","0","0","0","0","0","0","9","0","","","","CRASH_2001_Philadelphia"
"2001238259","06","67","67301","67301","2001","03","6","0626","06","5","1","1","7","1","","","N","00","0","00","3","0","1","1","1","N","N","39 55:02.640","75 12:49.680","9999","","9999","","0","","N","","0 ","","","","","","","","","","1","0","0","0","0","0","0","1","0","0","0","1","1","0","0","0","0","0","0","0","0","0","0","0","0","0","0","0","0","0","0","0","0","0","0","4","0","39.9167","-75.2177","","CRASH_2001_Philadelphia"