"CRN","DISTRICT","COUNTY","MUNICIPALITY","POLICE_AGCY","CRASH_YEAR","CRASH_MONTH","DAY_OF_WEEK","TIME_OF_DAY","HOUR_OF_DAY","ILLUMINATION","WEATHER","ROAD_CONDITION","COLLISION_TYPE","RELATION_TO_ROAD","WORK_ZONE_TYPE","WORK_ZONE_LOC","WORK_ZONE_IND","INTERSECT_TYPE","TCD_TYPE","LOCATION_TYPE","URBAN_RURAL","FATAL_COUNT","INJURY_COUNT","PERSON_COUNT","TOTAL_UNITS","SCH_BUS_IND","SCH_ZONE_IND","LATITUDE","LONGITUDE","ARRIVAL_TM","CONS_ZONE_SPD_LIM","DISPATCH_TM","EST_HRS_CLOSED","LANE_CLOSED","LN_CLOSE_DIR","NTFY_HIWY_MAINT","SPEC_JURIS_CD","TCD_FUNC_CD","TFC_DETOUR_IND","WORKERS_PRES","WZ_CLOSE_DETOUR","WZ_FLAGGER","WZ_LAW_OFFCR_IND","WZ_LN_CLOSURE","WZ_MOVING","WZ_OTHER","WZ_SHLDER_MDN","VEHICLE_COUNT","AUTOMOBILE_COUNT","MOTORCYCLE_COUNT","BUS_COUNT","SMALL_TRUCK_COUNT","HEAVY_TRUCK_COUNT","SUV_COUNT","VAN_COUNT","BICYCLE_COUNT","MAJ_INJ_COUNT","MOD_INJ_COUNT","MIN_INJ_COUNT","TOT_INJ_COUNT","UNK_INJ_DEG_COUNT","UNK_INJ_PER_COUNT","DRIVER_COUNT_16YR","DRIVER_COUNT_17YR","DRIVER_COUNT_18YR","DRIVER_COUNT_19YR","DRIVER_COUNT_20YR","DRIVER_COUNT_50_64YR","DRIVER_COUNT_65_74YR","DRIVER_COUNT_75PLUS","UNBELTED_OCC_COUNT","UNB_DEATH_COUNT","UNB_MAJ_INJ_COUNT","BELTED_DEATH_COUNT","BELTED_MAJ_INJ_COUNT","MCYCLE_DEATH_COUNT","MCYCLE_MAJ_INJ_COUNT","BICYCLE_DEATH_COUNT","BICYCLE_MAJ_INJ_COUNT","PED_COUNT","PED_DEATH_COUNT","PED_MAJ_INJ_COUNT","MAX_SEVERITY_LEVEL","COMM_VEH_COUNT","DEC_LAT","DEC_LONG","RDWY_SURF_TYPE_CD","COUNTY_YEAR"
"2001019686","06","67","67301","67301","2001","05","5","1923","19","1","2","1","7","4","","","N","00","0","02","3","0","0","3","1","N","N","40 01:23.520","75 01:55.920","1930","","1923","","0","","N","","0 ","","","","","","","","","","1","1","0","0","0","0","0","0","0","0","0","0","0","0","0","0","0","0","0","0","0","0","0","0","0","0","0","0","0","0","0","0","0","0","0","0","0","40.0233","-75.0318","","CRASH_2001_Philadelphia"
"2001006988","06","67","67301","67301","2001","06","7","1950","19","1","1","0","1","6","","","N","00","0","00","3","0","0","1","3","N","N","","","1950","","1950","","0","","N","","0 ","","","","","","","","","","3","3","0","0","0","0","0","0","0","0","0","0","0","0","0","0","0","0","0","0","0","0","0","0","0","0","0","0","0","0","0","0","0","0","0","0","0","","","","CRASH_2001_Philadelphia"
"2001204515","06","67","67301","67301","2001","01","3","1213","12","1","1","1","4","1","","","N","01","2","00","3","0","1","3","2","N","N","40 04:06.240","75 14:25.080","9999","","9999","","0","","N","","3 ","","","","","","","","","","2","1","0","0","1","0","0","0","0","0","0","1","1","0","0","0","0","0","0","1","0","0","0","3","0","0","0","0","0","0","0","0","0","0","0","4","0","40.0687","-75.2404","","CRASH_2001_Philadelphia"
"2001207279","06","67","67301","67301","2001","01","6","1630","16","1","1","0","1","1","","","N","01","2","00","3","0","3","3","2","N","N","40 06:52.200","74 59:17.160","9999","","9999","","0","","N","","3 ","","","","","","","","","","2","2","0","0","0","0","0","0","0","0","0","2","2","0","1","0","0","0","0","0","1","0","0","0","0","0","0","0","0","0","0","0","0","0","0","4","0","40.1144","-74.9881","","CRASH_2001_Philadelphia"
"2001209649","06","67","67301","67301","2001","02","5","1455","14","1","1","0","7","5","","","N","00","0","00","3","0","0","1","1","N","N","39 53:23.000","75 14:01.560","9999","","9999","","0","","N","","0 ","","","","","","","","","","1","0","0","0","0","0","1","0","0","0","0","0","0","0","0","0","0","0","0","0","0","0","0","0","0","0","0","0","0","0","0","0","0","0","0","0","0","39.8898","-75.2338","","CRASH_2001_Philadelphia"
"2001210624","06","67","67301","67301","2001","02","4","0830","08","5","1","6","4","1","","","N","03","2","00","3","0","1","4","2","N","N","40 05:13.920","75 02:27.600","9999","","9999","","0","","N","","3 ","","","","","","","","","","2","2","0","0","0","0","0","0","0","0","1","0","1","0","0","0","0","0","0","0","1","0","0","0","0","0","0","0","0","0","0","0","0","0","0","3","0","40.0872","-75.0412","","CRASH_2001_Philadelphia"
"2001213128","06","67","67301","67301","2001","02","6","1659","16","1","2","1","8","1","","","N","01","3","00","3","0","1","2","2","N","N","39 56:51.720","75 09:03.960","9999","","9999","","0","","N","","3 ","","","","","","","","","","1","1","0","0","0","0","0","0","0","0","0","1","1","0","0","0","0","0","0","0","0","0","0","0","0","0","0","0","0","0","0","0","1","0","0","4","0","39.9477","-75.1511","","CRASH_2001_Philadelphia"
"2001213129","06","67","67301","67301","2001","02","6","1729","17","4","2","1","1","1","","","N","00","0","00","3","0","2","3","2","N","N","40 04:50.880","75 04:04.080","9999","","9999","","0","","N","","0 ","","","","","","","","","","2","2","0","0","0","0","0","0","0","0","0","2","2","0","0","0","0","0","0","0","0","0","0","0","0","0","0","0","0","0","0","0","0","0","0","4","0","40.0808","-75.0678","","CRASH_2001_Philadelphia"
"2001214557","06","67","67301","67301","2001","02","3","2045","20","3","1","0","9","1","","","N","00","0","00","3","0","0","1","2","N","N","39 55:30.000","75 13:17.040","9999","","9999","","0","","N","","0 ","","","","","","","","","","2","1","0","0","0","0","0","0","0","0","0","0","0","0","0","0","0","0","0","0","0","0","0","0","0","0","0","0","0","0","0","0","0","0","0","0","0","39.925","-75.2214","","CRASH_2001_Philadelphia"
"2001216955","06","67","67301","67301","2001","02","3","0855","08","1","1","0","4","1","","","N","01","3","00","3","0","1","5","3","N","N","40 01:25.320","75 09:52.560","9999","","9999","","0","","N","","3 ","","","","","","","","","","2","2","0","0","0","0","0","0","0","0","0","0","0","0","1","0","0","0","0","0","1","0","0","0","0","0","0","0","0","0","0","0","1","0","0","9","0","40.0237","-75.1645","","CRASH_2001_Philadelphia"
"2001006934","06","67","67301","67301","2001","05","1","2240","22","3","2","1","1","1","","","N","01","2","00","3","0","1","2","2","N","N","39 58:52.000","75 11:19.036","2255","","2250","","0","","N","","3 ","","","","","","","","","","2","2","0","0","0","0","0","0","0","0","0","1","1","0","0","0","0","0","0","0","1","0","0","0","0","0","0","0","0","0","0","0","0","0","0","4","0","39.9824","-75.1884","","CRASH_2001_Philadelphia"
"2001207275","06","67","67301","67301","2001","01","6","1815","18","3","1","0","1","1","","","N","00","0","00","3","0","1","2","2","N","N","40 01:36.480","75 05:53.160","9999","","9999","","0","","N","","0 ","","","","","","","","","","2","1","0","0","0","0","1","0","0","0","0","1","1","0","0","0","0","0","0","0","0","0","0","0","0","0","0","0","0","0","0","0","0","0","0","4","0","40.0264","-75.0977","","CRASH_2001_Philadelphia"
"2001233114","06","67","67301","67301","2001","03","5","2310","23","3","2","1","8","1","","","N","01","9","00","3","0","1","2","2","N","N","","","9999","","9999","","0","","N","","9 ","","","","","","","","","","1","0","0","0","1","0","0","0","0","0","0","1","1","0","0","0","0","0","0","0","0","0","0","0","0","0","0","0","0","0","0","0","1","0","0","4","0","","","","CRASH_2001_Philadelphia"
"2001233224","06","67","67301","67301","2001","04","6","2257","22","3","1","0","1","1","","","N","00","0","00","3","0","1","3","2","N","N","40 04:30.360","75 00:04.680","9999","","9999","","0","","N","","0 ","","","","","","","","","","1","1","0","0","0","0","0","0","1","0","1","0","1","0","0","0","0","0","0","0","1","0","0","0","0","0","0","0","0","0","0","0","0","0","0","3","0","40.0752","-75.0015","","CRASH_2001_Philadelphia"
"2001008784","06","67","67301","67301","2001","06","4","1115","11","1","1","0","1","1","","","N","01","3","00","3","0","1","3","3","N","N","40 03:10.148","75 04:51.592","1120","","1115","","0","","N","","3 ","","","","","","","","","","3","0","0","0","3","0","0","0","0","0","0","1","1","0","0","0","0","0","0","0","2","0","0","3","0","0","0","0","0","0","0","0","0","0","0","4","0","40.0528","-75.081","","CRASH_2001_Philadelphia"
"2001204118","06","67","67301","67301","2001","01","3","1601","16","1","4","1","4","1","","","N","01","2","00","3","0","6","7","3","N","N","39 58:45.886","75 13:31.197","9999","","9999","","0","","N","","3 ","","","","","","","","","","3","2","0","0","1","0","0","0","0","0","0","0","0","0","6","0","0","0","1","0","0","0","0","0","0","0","0","0","0","0","0","0","0","0","0","9","0","39.9794","-75.2253","","CRASH_2001_Philadelphia"
"2001207590","06","67","67301","67301","2001","01","7","1912","19","3","2","1","4","1","","","N","01","2","00","3","0","1","5","2","N","N","","","9999","","9999","","0","","N","","3 ","","","","","","","","","","2","1","0","0","0","0","0","0","0","0","0","1","1","0","0","0","0","0","0","0","1","0","0","0","0","0","0","0","0","0","0","0","0","0","0","4","0","","","","CRASH_2001_Philadelphia"
"2001216984","06","67","67301","67301","2001","03","2","1940","19","3","1","0","1","1","","","N","00","0","03","3","0","0","3","3","N","N","","","9999","","9999","","0","","N","","0 ","","","","","","","","","","3","2","0","0","0","0","1","0","0","0","0","0","0","0","0","0","0","0","0","0","1","0","1","0","0","0","0","0","0","0","0","0","0","0","0","0","0","","","","CRASH_2001_Philadelphia"
"2001237057","06","67","67301","67301","2001","04","4","2047","20","3","1","0","9","1","","","N","00","0","00","3","0","1","1","4","N","N","","","9999","","9999","","0","","N","","0 ","","","","","","","","","","4","1","0","0","0","0","0","0","0","0","0","0","0","0","1","0","1","0","0","0","0","0","0","1","0","0","0","0","0","0","0","0","0","0","0","9","0","","","","CRASH_2001_Philadelphia"
"2001238138","06","67","67301","67301","2001","04","4","0850","08","1","2","1","4","1","","","N","01","3","00","3","0","2","3","2","N","N","40 02:11.281","75 02:04.394","9999","","9999","","0","","N","","3 ","","","","","","","","","","2","2","0","0","0","0","0","0","0","0","0","2","2","0","0","0","0","0","0","0","1","1","0","0","0","0","0","0","0","0","0","0","0","0","0","4","0","40.0365","-75.0346","","CRASH_2001_Philadelphia"
"2001204125","06","67","67301","67301","2001","01","6","1330","13","1","4","1","8","1","","","N","01","1","00","3","0","1","2","2","N","N","40 01:03.720","75 09:32.400","9999","","9999","","0","","N","","3 ","","","","","","","","","","1","1","0","0","0","0","0","0","0","0","1","0","1","0","0","0","0","0","0","0","0","0","0","0","0","0","0","0","0","0","0","0","1","0","0","3","0","40.0177","-75.159","","CRASH_2001_Philadelphia"
"2001209034","06","67","67301","67301","2001","01","2","1845","18","1","1","0","4","1","","","N","01","2","00","3","0","1","4","2","N","N","39 55:20.640","75 13:23.160","9999","","9999","","0","","N","","3 ","","","","","","","","","","2","2","0","0","0","0","0","0","0","0","0","1","1","0","0","0","0","1","0","0","0","0","0","0","0","0","0","0","0","0","0","0","0","0","0","4","0","39.9224","-75.2231","","CRASH_2001_Philadelphia"
"2001233328","06","67","67301","67301","2001","03","5","1620","16","4","2","1","8","1","","","N","01","3","00","3","0","1","2","2","N","N","39 59:41.193","75 06:55.627","9999","","9999","","0","","N","","3 ","","","","","","","","","","1","1","0","0","0","0","0","0","0","0","0","1","1","0","0","0","0","0","0","0","0","0","0","1","0","0","0","0","0","0","0","0","1","0","0","4","0","39.9948","-75.1155","","CRASH_2001_Philadelphia"
"2001244688","06","67","67301","67301","2001","05","6","1436","14","1","1","0","4","1","","","N","00","2","07","3","0","0","2","2","N","N","","","9999","","9999","","0","","N","","3 ","","","","","","","","","","2","2","0","0","0","0","0","0","0","0","0","0","0","0","0","0","0","0","0","0","0","0","0","0","0","0","0","0","0","0","0","0","0","0","0","0","0","","","","CRASH_2001_Philadelphia"
"2001007365","06","67","67301","67301","2001","06","7","1030","10","1","1","1","2","1","","","N","05","2","00","3","0","1","3","2","N","N","40 00:17.823","75 10:44.573","1038","","1030","","0","","Y","","3 ","","","","","","","","","","2","2","0","0","0","0","0","0","0","0","1","0","1","0","0","0","0","0","0","0","1","0","0","0","0","0","0","0","0","0","0","0","0","0","0","3","0","40.005","-75.1789","","CRASH_2001_Philadelphia"
"2001206199","06","67","67301","67301","2001","01","6","2000","20","3","2","1","8","1","","","N","01","0","00","3","0","1","2","2","N","N","40 01:12.021","75 05:03.361","9999","","9999","","0","","N","","0 ","","","","","","","","","","1","1","0","0","0","0","0","0","0","0","0","1","1","0","0","0","0","0","0","1","0","0","0","0","0","0","0","0","0","0","0","0","1","0","0","4","0","40.02","-75.0843","","CRASH_2001_Philadelphia"
"2001215521","06","67","67301","67301","2001","03","7","0915","09","1","1","0","4","1","","","N","01","0","00","3","0","0","4","2","N","N","","","9999","","9999","","0","","N","","0 ","","","","","","","","","","2","1","0","0","1","0","0","0","0","0","0","0","0","0","0","0","0","0","0","0","0","0","1","0","0","0","0","0","0","0","0","0","0","0","0","0","0","","","","CRASH_2001_Philadelphia"
"2001215607","06","67","67301","67301","2001","02","2","0710","07","3","1","0","4","1","","","N","02","3","00","3","0","0","2","2","N","N","40 04:11.280","75 11:00.240","9999","","9999","","0","","N","","3 ","","","","","","","","","","2","2","0","0","0","0","0","0","0","0","0","0","0","0","0","0","0","0","1","0","0","1","0","0","0","0","0","0","0","0","0","0","0","0","0","0","0","40.0698","-75.1834","","CRASH_2001_Philadelphia"
"2001231097","06","67","67301","67301","2001","03","2","1304","13","1","1","0","1","1","","","N","00","0","07","3","0","3","3","2","N","N","","","9999","","9999","","0","","N","","0 ","","","","","","","","","","2","2","0","0","0","0","0","0","0","0","0","3","3","0","0","0","0","0","0","0","0","0","0","0","0","0","0","0","0","0","0","0","0","0","0","4","0","","","","CRASH_2001_Philadelphia"
"2001239023","06","67","67301","67301","2001","04","4","1232","12","1","2","1","1","1","","","N","01","2","00","3","0","1","2","2","N","N","40 01:55.920","75 08:46.320","9999","","9999","","0","","N","","3 ","","","","","","","","","","2","2","0","0","0","0","0","0","0","0","0","0","0","0","1","0","0","0","0","0","0","0","0","0","0","0","0","0","0","0","0","0","0","0","0","9","0","40.0321","-75.1461","","CRASH_2001_Philadelphia"
"2001243105","06","67","67301","67301","2001","05","5","1700","17","1","1","0","1","1","","","N","06","0","02","3","0","0","2","2","N","N","40 00:33.120","75 04:01.200","9999","","9999","","0","","N","","0 ","","","","","","","","","","2","1","0","0","1","0","0","0","0","0","0","0","0","0","0","0","0","0","1","0","0","0","0","0","0","0","0","0","0","0","0","0","0","0","0","0","0","40.0091","-75.0671","","CRASH_2001_Philadelphia"
"2001204631","06","67","67301","67301","2001","01","6","0025","00","3","1","3","7","1","","","N","00","0","00","3","0","1","3","1","N","N","","","9999","","9999","","0","","N","","0 ","","","","","","","","","","1","1","0","0","0","0","0","0","0","0","0","1","1","0","0","0","0","0","0","0","0","0","0","0","0","0","0","0","0","0","0","0","0","0","0","4","0","","","","CRASH_2001_Philadelphia"
"2001207579","06","67","67301","67301","2001","01","3","1620","16","1","1","0","4","1","","","N","01","2","00","3","0","0","2","2","N","N","40 00:00.000","75 09:11.520","9999","","9999","","0","","N","","3 ","","","","","","","","","","2","2","0","0","0","0","0","0","0","0","0","0","0","0","0","0","0","0","0","0","0","0","0","0","0","0","0","0","0","0","0","0","0","0","0","0","0","40","-75.1533","","CRASH_2001_Philadelphia"
"2001223808","06","67","67301","67301","2001","03","2","0713","07","1","1","0","9","1","","","N","00","0","00","3","0","1","1","2","N","N","39 58:37.560","75 13:35.760","9999","","9999","","0","","N","","0 ","","","","","","","","","","2","1","0","0","0","0","0","0","0","0","1","0","1","0","0","0","0","0","0","0","0","0","0","0","0","0","0","0","0","0","0","0","0","0","0","3","0","39.9771","-75.2264","","CRASH_2001_Philadelphia"
"2001017590","06","67","67301","67301","2001","06","2","0812","08","1","1","0","4","1","","","N","01","1","00","3","0","0","2","2","N","N","40 03:18.000","75 03:14.400","0734","","0732","","0","","N","","3 ","","","","","","","","","","2","2","0","0","0","0","0","0","0","0","0","0","0","0","0","0","0","0","0","0","0","0","0","0","0","0","0","0","0","0","0","0","0","0","0","0","0","40.0549","-75.0539","","CRASH_2001_Philadelphia"
"2001204108","06","67","67301","67301","2001","01","3","2010","20","3","1","1","4","1","","","N","01","2","00","3","0","1","3","2","N","N","39 55:57.360","75 13:49.080","9999","","9999","","0","","N","","3 ","","","","","","","","","","2","2","0","0","0","0","0","0","0","0","0","1","1","0","0","0","0","1","0","0","0","0","0","0","0","0","0","0","0","0","0","0","0","0","0","4","0","39.9326","-75.2303","","CRASH_2001_Philadelphia"
"2001204132","06","67","67301","67301","2001","01","3","1845","18","1","1","1","8","1","","","N","02","2","02","3","0","1","2","2","N","N","39 55:52.320","75 08:38.040","9999","","9999","","0","","N","","3 ","","","","","","","","","","1","0","0","0","0","0","1","0","0","0","0","1","1","0","0","0","0","0","0","0","0","0","0","0","0","0","0","0","0","0","0","0","1","0","0","4","0","39.9311","-75.1439","","CRASH_2001_Philadelphia"
"2001207445","06","67","67301","67301","2001","01","6","0635","06","2","1","0","8","1","","","N","00","0","00","3","0","1","2","2","N","N","","","9999","","9999","","0","","N","","0 ","","","","","","","","","","1","0","0","0","1","0","0","0","0","0","1","0","1","0","0","0","0","0","0","0","0","0","0","0","0","0","0","0","0","0","0","0","1","0","0","3","0","","","","CRASH_2001_Philadelphia"
"2001008678","06","67","67301","67301","2001","06","1","1145","11","1","1","0","4","1","","","N","01","0","00","3","0","3","6","2","N","N","40 02:33.748","75 06:49.033","1151","","1145","","0","","N","","0 ","","","","","","","","","","2","2","0","0","0","0","0","0","0","0","0","3","3","0","0","0","0","0","0","0","1","0","0","2","0","0","0","0","0","0","0","0","0","0","0","4","0","40.0427","-75.1136","","CRASH_2001_Philadelphia"
"2001205978","06","67","67301","67301","2001","01","7","1110","11","1","1","1","4","1","","","N","03","3","00","3","0","5","5","2","N","N","40 01:15.960","75 09:27.000","9999","","9999","","0","","N","","3 ","","","","","","","","","","2","2","0","0","0","0","0","0","0","0","0","5","5","0","0","0","0","0","0","0","0","0","0","0","0","0","0","0","0","0","0","0","0","0","0","4","0","40.0211","-75.1575","","CRASH_2001_Philadelphia"
"2001231085","06","67","67301","67301","2001","03","3","1330","13","1","1","0","4","1","","","N","01","2","00","3","0","1","3","2","N","N","39 59:32.640","75 10:46.560","9999","","9999","","0","","N","","3 ","","","","","","","","","","2","1","0","0","0","0","0","0","0","0","1","0","1","0","0","0","0","0","0","0","0","1","0","0","0","0","0","0","0","0","0","0","0","0","0","3","0","39.9924","-75.1796","","CRASH_2001_Philadelphia"
"2001006999","06","67","67301","67301","2001","06","2","1400","14","1","1","0","8","1","","","N","00","2","00","3","0","1","2","2","N","N","","","1435","","1035","","0","","N","","3 ","","","","","","","","","","1","0","0","0","1","0","0","0","0","0","0","1","1","0","1","0","0","0","0","0","0","0","0","0","0","0","0","0","0","0","0","0","1","0","0","4","0","","","","CRASH_2001_Philadelphia"
"2001207668","06","67","67301","67301","2001","01","1","0340","03","3","1","0","7","1","","","N","00","0","00","3","0","1","1","1","N","N","","","9999","","9999","","0","","N","","0 ","","","","","","","","","","1","0","0","0","0","0","1","0","0","1","0","0","1","0","0","0","0","0","0","0","0","0","0","1","0","1","0","0","0","0","0","0","0","0","0","2","0","","","","CRASH_2001_Philadelphia"
"2001207865","06","67","67301","67301","2001","01","6","1349","13","1","1","0","7","1","","","N","00","0","00","3","0","2","2","1","N","N","40 00:33.480","75 04:01.200","9999","","9999","","0","","N","","0 ","","","","","","","","","","1","1","0","0","0","0","0","0","0","0","2","0","2","0","0","0","0","0","0","0","0","0","0","2","0","0","0","0","0","0","0","0","0","0","0","3","0","40.0093","-75.0669","","CRASH_2001_Philadelphia"
"2001210601","06","67","67301","67301","2001","02","4","0615","06","3","1","0","4","1","","","N","01","2","00","3","0","1","2","2","N","N","39 54:41.040","75 14:33.360","9999","","9999","","0","","N","","3 ","","","","","","","","","","1","1","0","0","0","0","0","0","0","0","0","0","0","0","1","0","0","0","0","0","0","0","0","0","0","0","0","0","0","0","0","0","0","0","0","9","0","39.9113","-75.2427","","CRASH_2001_Philadelphia"
"2001223781","06","67","67301","67301","2001","03","2","0918","09","1","1","0","4","1","","","N","00","0","00","3","0","1","2","2","N","N","40 00:53.280","75 12:23.040","9999","","9999","","0","","N","","0 ","","","","","","","","","","2","1","0","0","0","0","0","0","0","0","0","0","0","0","1","0","0","0","0","0","0","0","0","0","0","0","0","0","0","0","0","0","0","0","0","9","0","40.0149","-75.2066","","CRASH_2001_Philadelphia"
"2001240223","06","67","67301","67301","2001","04","7","2046","20","3","1","0","8","1","","","N","00","0","00","3","0","1","2","2","N","N","","","9999","","9999","","0","","N","","0 ","","","","","","","","","","1","1","0","0","0","0","0","0","0","0","0","1","1","0","0","0","0","0","0","0","0","0","0","0","0","0","0","0","0","0","0","0","1","0","0","4","0","","","","CRASH_2001_Philadelphia"
"2001243688","06","67","67301","67301","2001","05","6","2039","20","3","1","0","0","1","","","N","01","2","00","3","0","1","2","1","N","N","","","9999","","9999","","0","","N","","3 ","","","","","","","","","","1","0","1","0","0","0","0","0","0","0","0","1","1","0","0","0","0","0","1","0","0","0","0","0","0","0","0","0","0","0","0","0","0","0","0","4","0","","","","CRASH_2001_Philadelphia"
"2001244919","06","67","67301","67301","2001","05","5","2126","21","3","1","0","4","1","","","N","01","2","00","3","0","0","2","2","N","N","","","9999","","9999","","0","","N","","3 ","","","","","","","","","","2","2","0","0","0","0","0","0","0","0","0","0","0","0","0","0","0","0","0","0","0","0","0","0","0","0","0","0","0","0","0","0","0","0","0","0","0","","","","CRASH_2001_Philadelphia"
"2001007181","06","67","67301","67301","2001","06","3","1118","11","1","1","0","4","1","","","N","02","2","00","3","0","2","2","2","N","N","40 05:53.160","75 01:49.440","1121","","1121","","0","","N","","3 ","","","","","","","","","","2","2","0","0","0","0","0","0","0","0","0","2","2","0","0","0","0","0","0","0","0","0","1","0","0","0","0","0","0","0","0","0","0","0","0","4","0","40.098","-75.0305","","CRASH_2001_Philadelphia"
"2001215564","06","67","67301","67301","2001","03","7","9999","99","2","1","0","8","1","","","N","00","0","00","3","0","1","2","2","N","N","","","9999","","9999","","0","","N","","0 ","","","","","","","","","","1","1","0","0","0","0","0","0","0","0","0","0","0","0","1","0","0","0","0","0","0","0","0","0","0","0","0","0","0","0","0","0","1","0","0","9","0","","","","CRASH_2001_Philadelphia"
"2001215573","06","67","67301","67301","2001","03","7","0200","02","3","1","0","6","1","","","N","00","0","00","3","0","4","4","2","N","N","40 00:31.320","75 11:44.160","9999","","9999","","0","","N","","0 ","","","","","","","","","","2","2","0","0","0","0","0","0","0","0","3","1","4","0","0","0","0","0","0","0","0","0","0","0","0","0","0","0","0","0","0","0","0","0","0","3","0","40.0087","-75.1956","","CRASH_2001_Philadelphia"
"2001215648","06","67","67301","67301","2001","02","5","0220","02","3","1","1","7","1","","","N","02","4","00","3","0","1","1","1","N","N","40 01:02.640","75 10:19.560","9999","","9999","","0","","N","","3 ","","","","","","","","","","1","1","0","0","0","0","0","0","0","0","1","0","1","0","0","0","0","0","0","0","0","0","0","0","0","0","0","0","0","0","0","0","0","0","0","3","0","40.0174","-75.1721","","CRASH_2001_Philadelphia"
"2001007221","06","67","67301","67301","2001","06","7","1345","13","1","1","1","4","1","","","N","01","2","00","3","0","1","3","2","N","N","40 04:51.600","75 01:43.320","1345","","1338","","0","","N","","3 ","","","","","","","","","","2","2","0","0","0","0","0","0","0","0","0","1","1","0","0","0","0","0","0","0","0","0","0","3","0","0","0","0","0","0","0","0","0","0","0","4","0","40.0809","-75.0288","","CRASH_2001_Philadelphia"
"2001204564","06","67","67301","67301","2001","01","2","0834","08","1","1","0","9","1","","","N","00","0","00","3","0","3","4","2","N","N","40 02:40.200","75 07:10.200","9999","","9999","","0","","N","","0 ","","","","","","","","","","2","0","0","0","1","0","0","0","0","0","0","3","3","0","0","0","0","0","0","0","0","0","0","1","0","0","0","0","0","0","0","0","0","0","0","4","0","40.0445","-75.1195","","CRASH_2001_Philadelphia"
"2001006972","06","67","67301","67301","2001","05","3","1500","15","1","1","0","8","2","","","N","01","2","00","3","0","1","2","2","N","N","40 01:54.343","75 10:44.535","1505","","1500","","0","","N","","3 ","","","","","","","","","","1","1","0","0","0","0","0","0","0","0","0","1","1","0","0","0","0","0","0","0","0","0","0","0","0","0","0","0","0","0","0","0","1","0","0","4","0","40.0317","-75.1789","","CRASH_2001_Philadelphia"
"2001215701","06","67","67301","67301","2001","03","5","1801","18","4","1","0","7","5","","","N","00","0","00","3","0","1","1","1","N","N","39 58:49.080","75 09:27.360","9999","","9999","","0","","N","","0 ","","","","","","","","","","1","0","0","0","0","0","0","1","0","0","0","1","1","0","0","0","0","0","0","0","0","0","0","1","0","0","0","0","0","0","0","0","0","0","0","4","0","39.9803","-75.1576","","CRASH_2001_Philadelphia"
"2001233146","06","67","67301","67301","2001","04","5","1043","10","1","1","0","8","1","","","N","01","2","00","3","0","1","2","2","N","N","","","9999","","9999","","0","","N","","3 ","","","","","","","","","","1","1","0","0","0","0","0","0","0","0","0","1","1","0","0","0","0","0","0","0","0","0","0","0","0","0","0","0","0","0","0","0","1","0","0","4","0","","","","CRASH_2001_Philadelphia"
"2001019689","06","67","67301","67301","2001","06","1","1640","16","1","2","1","5","1","","","N","00","0","00","3","0","5","6","2","N","N","39 58:46.480","75 12:15.006","1649","","0443","","0","","N","","0 ","","","","","","","","","","2","2","0","0","0","0","0","0","0","0","0","5","5","0","0","0","0","0","0","0","1","0","0","0","0","0","0","0","0","0","0","0","0","0","0","4","0","39.9797","-75.2044","","CRASH_2001_Philadelphia"
"2001204670","06","67","67301","67301","2001","01","7","0125","01","3","1","0","8","1","","","N","01","2","00","3","0","1","2","2","N","N","39 57:36.720","75 13:36.480","9999","","9999","","0","","N","","3 ","","","","","","","","","","1","0","0","0","1","0","0","0","0","0","0","1","1","0","0","0","0","0","0","0","0","0","0","0","0","0","0","0","0","0","0","0","1","0","0","4","0","39.9603","-75.2268","","CRASH_2001_Philadelphia"
"2001207601","06","67","67301","67301","2001","01","6","1554","15","1","2","1","8","1","","","N","00","0","00","3","0","2","2","2","N","N","39 56:00.960","75 12:55.800","9999","","9999","","0","","N","","0 ","","","","","","","","","","1","0","0","0","0","0","0","0","0","0","0","1","1","0","1","0","0","0","0","0","0","0","0","0","0","0","0","0","0","0","0","0","1","0","0","4","0","39.9336","-75.2155","","CRASH_2001_Philadelphia"
"2001217024","06","67","67301","67301","2001","03","5","1835","18","3","2","0","8","1","","","N","01","2","00","3","0","1","2","2","N","N","39 57:14.760","75 10:40.440","9999","","9999","","0","","N","","3 ","","","","","","","","","","1","1","0","0","0","0","0","0","0","0","1","0","1","0","0","0","0","0","0","0","0","0","0","0","0","0","0","0","0","0","0","0","1","0","0","3","0","39.9541","-75.1779","","CRASH_2001_Philadelphia"
"2001217192","06","67","67301","67301","2001","03","2","1600","16","1","1","0","5","1","","","N","00","0","00","3","0","1","3","2","N","N","39 58:31.440","75 11:22.560","9999","","9999","","0","","N","","0 ","","","","","","","","","","2","2","0","0","0","0","0","0","0","0","0","0","0","0","1","0","0","0","0","0","0","0","0","0","0","0","0","0","0","0","0","0","0","0","0","9","0","39.9754","-75.1896","","CRASH_2001_Philadelphia"
"2001238225","06","67","67301","67301","2001","03","5","2015","20","3","2","1","8","1","","","N","01","2","00","3","0","1","2","2","N","N","40 03:00.190","75 09:01.655","9999","","9999","","0","","N","","3 ","","","","","","","","","","1","1","0","0","0","0","0","0","0","0","0","1","1","0","0","0","0","0","0","0","0","0","0","0","0","0","0","0","0","0","0","0","1","0","0","4","0","40.0501","-75.1505","","CRASH_2001_Philadelphia"