"CRN","DISTRICT","COUNTY","MUNICIPALITY","POLICE_AGCY","CRASH_YEAR","CRASH_MONTH","DAY_OF_WEEK","TIME_OF_DAY","HOUR_OF_DAY","ILLUMINATION","WEATHER","ROAD_CONDITION","COLLISION_TYPE","RELATION_TO_ROAD","WORK_ZONE_TYPE","WORK_ZONE_LOC","WORK_ZONE_IND","INTERSECT_TYPE","TCD_TYPE","LOCATION_TYPE","URBAN_RURAL","FATAL_COUNT","INJURY_COUNT","PERSON_COUNT","TOTAL_UNITS","SCH_BUS_IND","SCH_ZONE_IND","LATITUDE","LONGITUDE","ARRIVAL_TM","CONS_ZONE_SPD_LIM","DISPATCH_TM","EST_HRS_CLOSED","LANE_CLOSED","LN_CLOSE_DIR","NTFY_HIWY_MAINT","SPEC_JURIS_CD","TCD_FUNC_CD","TFC_DETOUR_IND","WORKERS_PRES","WZ_CLOSE_DETOUR","WZ_FLAGGER","WZ_LAW_OFFCR_IND","WZ_LN_CLOSURE","WZ_MOVING","WZ_OTHER","WZ_SHLDER_MDN","VEHICLE_COUNT","AUTOMOBILE_COUNT","MOTORCYCLE_COUNT","BUS_COUNT","SMALL_TRUCK_COUNT","HEAVY_TRUCK_COUNT","SUV_COUNT","VAN_COUNT","BICYCLE_COUNT","MAJ_INJ_COUNT","MOD_INJ_COUNT","MIN_INJ_COUNT","TOT_INJ_COUNT","UNK_INJ_DEG_COUNT","UNK_INJ_PER_COUNT","DRIVER_COUNT_16YR","DRIVER_COUNT_17YR","DRIVER_COUNT_18YR","DRIVER_COUNT_19YR","DRIVER_COUNT_20YR","DRIVER_COUNT_50_64YR","DRIVER_COUNT_65_74YR","DRIVER_COUNT_75PLUS","UNBELTED_OCC_COUNT","UNB_DEATH_COUNT","UNB_MAJ_INJ_COUNT","BELTED_DEATH_COUNT","BELTED_MAJ_INJ_COUNT","MCYCLE_DEATH_COUNT","MCYCLE_MAJ_INJ_COUNT","BICYCLE_DEATH_COUNT","BICYCLE_MAJ_INJ_COUNT","PED_COUNT","PED_DEATH_COUNT","PED_MAJ_INJ_COUNT","MAX_SEVERITY_LEVEL","COMM_VEH_COUNT","DEC_LAT","DEC_LONG","RDWY_SURF_TYPE_CD","COUNTY_YEAR"
"2001240095","06","67","67301","67301","2001","04","4","1737","17","1","1","0","9","1","","","N","00","0","00","3","0","0","1","2","N","N","","","9999","","9999","","0","","N","","0 ","","","","","","","","","","2","1","0","0","0","0","0","0","0","0","0","0","0","0","0","0","0","0","0","0","0","0","0","0","0","0","0","0","0","0","0","0","0","0","0","0","0","","","","CRASH_2001_Philadelphia"
"2001240212","06","67","67301","67301","2001","04","7","0826","08","1","1","0","4","1","","","N","00","0","00","3","0","2","3","3","N","N","","","9999","","9999","","0","","N","","0 ","","","","","","","","","","3","3","0","0","0","0","0","0","0","0","0","2","2","0","0","0","0","0","0","0","1","1","0","0","0","0","0","0","0","0","0","0","0","0","0","4","0","","","","CRASH_2001_Philadelphia"
"2001244774","06","67","67301","67301","2001","05","5","1950","19","1","1","0","4","1","","","N","02","2","00","3","0","0","2","2","N","N","40 04:47.640","74 59:49.560","9999","","9999","","0","","N","","3 ","","","","","","","","","","2","2","0","0","0","0","0","0","0","0","0","0","0","0","0","0","0","1","0","0","0","0","0","0","0","0","0","0","0","0","0","0","0","0","0","0","0","40.0802","-74.9973","","CRASH_2001_Philadelphia"
"2001016943","06","67","67301","67301","2001","05","6","1320","13","1","1","0","1","1","","","N","00","0","00","3","0","2","2","2","N","N","39 58:42.960","75 07:07.320","1326","","1321","","0","","N","","0 ","","","","","","","","","","2","2","0","0","0","0","0","0","0","0","0","2","2","0","0","0","0","0","1","0","0","0","0","0","0","0","0","0","0","0","0","0","0","0","0","4","0","39.9762","-75.1198","","CRASH_2001_Philadelphia"
"2001206164","06","67","67301","67301","2001","01","2","2300","23","3","6","1","4","1","","","N","01","3","00","3","0","0","5","2","N","N","40 02:59.280","75 03:29.160","9999","","9999","","0","","N","","3 ","","","","","","","","","","2","2","0","0","0","0","0","0","0","0","0","0","0","0","0","0","0","0","2","0","0","0","0","0","0","0","0","0","0","0","0","0","0","0","0","0","0","40.0499","-75.0581","","CRASH_2001_Philadelphia"
"2001207428","06","67","67301","67301","2001","01","1","0930","09","1","4","3","4","1","","","N","01","2","00","3","0","2","4","2","N","N","","","9999","","9999","","0","","N","","3 ","","","","","","","","","","2","2","0","0","0","0","0","0","0","0","0","0","0","0","2","0","0","0","0","0","0","0","0","0","0","0","0","0","0","0","0","0","0","0","0","9","0","","","","CRASH_2001_Philadelphia"
"2001207871","06","67","67301","67301","2001","01","4","0558","05","3","1","6","7","1","","","N","00","0","00","3","0","1","1","1","N","N","40 01:22.440","75 02:11.040","9999","","9999","","0","","N","","0 ","","","","","","","","","","1","1","0","0","0","0","0","0","0","0","0","1","1","0","0","0","0","0","0","0","0","0","0","0","0","0","0","0","0","0","0","0","0","0","0","4","0","40.0229","-75.0362","","CRASH_2001_Philadelphia"
"2001208956","06","67","67301","67301","2001","01","2","0643","06","1","1","0","5","1","","","N","00","0","00","3","0","0","3","2","N","N","40 02:20.760","75 08:41.640","9999","","9999","","0","","N","","0 ","","","","","","","","","","2","2","0","0","0","0","0","0","0","0","0","0","0","0","0","0","0","0","0","0","0","0","0","0","0","0","0","0","0","0","0","0","0","0","0","0","0","40.0391","-75.1449","","CRASH_2001_Philadelphia"
"2001215642","06","67","67301","67301","2001","02","1","1730","17","3","2","1","4","1","","","N","00","0","07","3","0","0","2","2","N","N","39 56:34.080","75 09:55.800","9999","","9999","","0","","N","","0 ","","","","","","","","","","2","2","0","0","0","0","0","0","0","0","0","0","0","0","0","0","0","0","0","0","0","0","1","0","0","0","0","0","0","0","0","0","0","0","0","0","0","39.9429","-75.1656","","CRASH_2001_Philadelphia"
"2001210607","06","67","67301","67301","2001","02","2","1555","15","1","4","1","4","1","","","N","01","3","00","3","0","1","2","2","N","N","","","9999","","9999","","0","","N","","3 ","","","","","","","","","","2","2","0","0","0","0","0","0","0","0","0","1","1","0","0","0","0","0","0","0","0","0","0","0","0","0","0","0","0","0","0","0","0","0","0","4","0","","","","CRASH_2001_Philadelphia"
"2001215496","06","67","67301","67301","2001","03","6","1743","17","3","1","0","8","1","","","N","00","0","00","3","0","1","2","2","N","N","39 59:21.120","75 09:20.520","9999","","9999","","0","","N","","0 ","","","","","","","","","","1","1","0","0","0","0","0","0","0","1","0","0","1","0","0","0","0","0","0","0","0","0","0","0","0","0","0","0","0","0","0","0","1","0","1","2","0","39.9892","-75.1556","","CRASH_2001_Philadelphia"
"2001215586","06","67","67301","67301","2001","02","3","1405","14","1","1","0","4","1","","","N","02","4","02","3","0","1","2","2","N","N","39 53:34.800","75 14:08.160","9999","","9999","","0","","N","","3 ","","","","","","","","","","2","2","0","0","0","0","0","0","0","0","0","0","0","0","1","0","0","0","0","0","1","0","0","0","0","0","0","0","0","0","0","0","0","0","0","9","0","39.8981","-75.2384","","CRASH_2001_Philadelphia"
"2001216983","06","67","67301","67301","2001","03","3","0825","08","1","2","1","1","1","","","N","06","9","02","3","0","0","2","2","N","N","39 56:42.360","75 11:26.520","9999","","9999","","0","","N","","9 ","","","","","","","","","","2","2","0","0","0","0","0","0","0","0","0","0","0","0","0","0","0","0","0","0","0","0","0","0","0","0","0","0","0","0","0","0","0","0","0","0","0","39.9451","-75.1907","","CRASH_2001_Philadelphia"
"2001017597","06","67","67301","67301","2001","05","5","1935","19","1","2","1","2","1","","","N","00","0","00","3","0","0","2","2","N","N","40 02:38.994","75 06:59.525","1951","","1937","","0","","N","","0 ","","","","","","","","","","2","2","0","0","0","0","0","0","0","0","0","0","0","0","0","0","0","0","0","0","0","0","0","0","0","0","0","0","0","0","0","0","0","0","0","0","0","40.0441","-75.1167","","CRASH_2001_Philadelphia"
"2001238377","06","67","67301","67301","2001","04","1","1515","15","1","1","0","8","1","","","N","00","0","00","3","0","1","2","2","N","N","","","9999","","9999","","0","","N","","0 ","","","","","","","","","","1","1","0","0","0","0","0","0","0","0","0","1","1","0","0","0","0","0","1","0","0","0","0","0","0","0","0","0","0","0","0","0","1","0","0","4","0","","","","CRASH_2001_Philadelphia"
"2001238862","06","67","67301","67301","2001","04","3","1916","19","1","1","0","4","1","","","N","05","2","00","3","0","4","4","3","N","N","39 57:29.520","75 09:56.880","9999","","9999","","0","","N","","3 ","","","","","","","","","","3","3","0","0","0","0","0","0","0","0","0","0","0","0","4","0","0","0","0","0","0","0","0","0","0","0","0","0","0","0","0","0","0","0","0","9","0","39.9582","-75.1658","","CRASH_2001_Philadelphia"
"2001240299","06","67","67301","67301","2001","04","1","0037","00","3","1","0","9","1","","","N","00","0","00","3","0","0","1","2","N","N","","","9999","","9999","","0","","N","","0 ","","","","","","","","","","2","0","0","0","1","0","0","0","0","0","0","0","0","0","0","0","0","0","0","0","0","0","0","0","0","0","0","0","0","0","0","0","0","0","0","0","0","","","","CRASH_2001_Philadelphia"
"2001200638","06","67","67301","67301","2001","01","7","2335","23","3","1","0","4","1","","","N","01","2","00","3","0","1","6","2","N","N","","","9999","","9999","","0","","N","","3 ","","","","","","","","","","2","2","0","0","0","0","0","0","0","0","0","1","1","0","0","0","1","0","0","0","0","0","0","0","0","0","0","0","0","0","0","0","0","0","0","4","0","","","","CRASH_2001_Philadelphia"
"2001206193","06","67","67301","67301","2001","01","1","9999","99","1","1","5","4","1","","","N","01","2","00","3","0","1","2","2","N","N","40 04:51.240","75 01:44.040","9999","","9999","","0","","N","","3 ","","","","","","","","","","2","2","0","0","0","0","0","0","0","0","0","1","1","0","0","0","0","0","0","0","1","0","0","0","0","0","0","0","0","0","0","0","0","0","0","4","0","40.0811","-75.0289","","CRASH_2001_Philadelphia"
"2001207343","06","67","67301","67301","2001","01","3","1350","13","1","1","0","4","1","","","N","01","2","00","3","0","1","2","2","N","N","40 01:46.200","75 05:22.560","9999","","9999","","0","","N","","3 ","","","","","","","","","","2","2","0","0","0","0","0","0","0","0","0","1","1","0","0","0","0","0","0","0","0","1","0","0","0","0","0","0","0","0","0","0","0","0","0","4","0","40.0293","-75.09","","CRASH_2001_Philadelphia"
"2001210581","06","67","67301","67301","2001","01","3","1618","16","1","1","1","1","1","","","N","00","0","00","3","0","1","2","2","N","N","","","9999","","9999","","0","","N","","0 ","","","","","","","","","","2","2","0","0","0","0","0","0","0","0","0","1","1","0","0","0","0","1","0","0","0","0","0","0","0","0","0","0","0","0","0","0","0","0","0","4","0","","","","CRASH_2001_Philadelphia"
"2001223809","06","67","67301","67301","2001","03","2","1311","13","1","1","0","4","1","","","N","02","9","00","3","0","1","2","2","N","N","40 02:27.189","75 01:01.567","9999","","9999","","0","","N","","9 ","","","","","","","","","","2","1","0","0","0","1","0","0","0","0","0","0","0","0","1","0","0","0","0","0","0","0","1","0","0","0","0","0","0","0","0","0","0","0","0","9","0","40.0409","-75.0171","","CRASH_2001_Philadelphia"
"2001015115","06","67","67301","67301","2001","06","1","0230","02","3","2","1","7","3","","","N","00","2","03","3","0","0","1","1","N","N","39 55:16.100","75 11:41.908","0235","","0235","","0","","N","","3 ","","","","","","","","","","1","1","0","0","0","0","0","0","0","0","0","0","0","0","0","0","0","0","0","0","0","0","0","0","0","0","0","0","0","0","0","0","0","0","0","0","0","39.9211","-75.195","","CRASH_2001_Philadelphia"
"2001209011","06","67","67301","67301","2001","01","2","0810","08","1","1","0","8","1","","","N","00","0","00","3","0","1","2","2","N","N","40 01:54.840","75 10:45.120","9999","","9999","","0","","N","","0 ","","","","","","","","","","1","1","0","0","0","0","0","0","0","0","0","1","1","0","0","0","0","0","0","0","0","0","0","0","0","0","0","0","0","0","0","0","1","0","0","4","0","40.0319","-75.1792","","CRASH_2001_Philadelphia"
"2001211436","06","67","67301","67301","2001","02","4","1805","18","3","2","1","8","1","","","N","00","0","00","3","0","1","2","2","N","N","39 55:24.600","75 10:50.160","9999","","9999","","0","","N","","0 ","","","","","","","","","","1","1","0","0","0","0","0","0","0","1","0","0","1","0","0","0","0","0","0","0","0","0","0","0","0","0","0","0","0","0","0","0","1","0","1","2","0","39.9232","-75.1822","","CRASH_2001_Philadelphia"
"2001215500","06","67","67301","67301","2001","03","6","1600","16","1","1","0","1","1","","","N","00","0","00","3","0","0","3","3","N","N","40 06:50.400","74 59:15.000","9999","","9999","","0","","N","","0 ","","","","","","","","","","3","2","0","0","1","0","0","0","0","0","0","0","0","0","0","0","0","0","0","0","1","0","0","0","0","0","0","0","0","0","0","0","0","0","0","0","0","40.114","-74.9876","","CRASH_2001_Philadelphia"
"2001215672","06","67","67301","67301","2001","03","5","0735","07","1","1","0","8","1","","","N","01","2","00","3","0","1","2","2","N","N","40 00:30.960","75 04:08.040","9999","","9999","","0","","N","","3 ","","","","","","","","","","1","0","0","0","0","0","0","0","0","0","1","0","1","0","0","0","0","0","0","0","0","0","0","0","0","0","0","0","0","0","0","0","1","0","0","3","0","40.0087","-75.069","","CRASH_2001_Philadelphia"
"2001223772","06","67","67301","67301","2001","03","1","1750","17","1","1","0","4","1","","","N","01","2","00","3","0","0","2","3","N","N","40 04:12.720","75 04:13.440","9999","","9999","","0","","N","","3 ","","","","","","","","","","3","1","0","0","1","0","0","0","0","0","0","0","0","0","0","0","1","0","0","0","0","0","0","0","0","0","0","0","0","0","0","0","0","0","0","0","0","40.0702","-75.0704","","CRASH_2001_Philadelphia"
"2001233205","06","67","67301","67301","2001","03","1","0344","03","3","1","0","4","1","","","N","01","2","00","3","0","1","4","2","N","N","39 55:38.640","75 08:40.920","9999","","9999","","0","","N","","3 ","","","","","","","","","","2","1","0","1","0","0","0","0","0","0","0","1","1","0","0","0","0","0","0","0","0","0","0","0","0","0","0","0","0","0","0","0","0","0","0","4","1","39.9274","-75.145","","CRASH_2001_Philadelphia"
"2001243090","06","67","67301","67301","2001","04","2","0803","08","1","1","0","7","2","","","N","00","0","00","3","0","1","1","1","N","N","40 01:03.360","75 02:57.120","9999","","9999","","0","","N","","0 ","","","","","","","","","","1","1","0","0","0","0","0","0","0","0","0","1","1","0","0","0","0","0","0","0","0","0","0","0","0","0","0","0","0","0","0","0","0","0","0","4","0","40.0174","-75.0491","","CRASH_2001_Philadelphia"
"2001016755","06","67","67301","67301","2001","05","4","1250","12","1","1","1","7","1","","","N","03","2","00","3","0","0","1","2","N","N","40 00:54.685","75 10:12.082","0100","","1255","","0","","N","","3 ","","","","","","","","","","1","1","0","0","0","0","0","0","0","0","0","0","0","0","0","0","0","0","0","0","0","0","0","0","0","0","0","0","0","0","0","0","0","0","0","0","0","40.0152","-75.1698","","CRASH_2001_Philadelphia"
"2001204680","06","67","67301","67301","2001","01","2","1848","18","3","2","1","4","1","","","N","00","2","07","3","0","4","5","2","N","N","","","9999","","9999","","0","","N","","3 ","","","","","","","","","","2","2","0","0","0","0","0","0","0","0","0","0","0","0","4","0","0","0","0","0","0","0","0","0","0","0","0","0","0","0","0","0","0","0","0","9","0","","","","CRASH_2001_Philadelphia"
"2001208906","06","67","67301","67301","2001","02","6","0250","02","3","1","0","4","1","","","N","01","2","00","3","0","1","2","2","N","N","39 57:11.520","75 11:41.280","9999","","9999","","0","","N","","3 ","","","","","","","","","","1","0","0","0","0","0","0","1","1","0","1","0","1","0","0","0","0","0","0","0","0","0","0","0","0","0","0","0","0","0","0","0","0","0","0","3","0","39.9531","-75.1947","","CRASH_2001_Philadelphia"
"2001210740","06","67","67301","67301","2001","02","5","1225","12","1","1","0","4","1","","","N","01","2","00","3","0","1","2","2","N","N","","","9999","","9999","","0","","N","","3 ","","","","","","","","","","2","1","0","0","0","0","0","1","0","0","0","0","0","0","1","0","0","0","0","0","1","0","0","0","0","0","0","0","0","0","0","0","0","0","0","9","0","","","","CRASH_2001_Philadelphia"
"2001213186","06","67","67301","67301","2001","02","4","1040","10","1","1","0","1","1","","","N","00","0","07","3","0","1","2","2","N","N","","","9999","","9999","","0","","N","","0 ","","","","","","","","","","2","0","0","0","0","0","1","1","0","0","0","1","1","0","0","0","0","0","0","0","0","0","0","0","0","0","0","0","0","0","0","0","0","0","0","4","0","","","","CRASH_2001_Philadelphia"
"2001233197","06","67","67301","67301","2001","04","3","1420","14","1","1","0","7","1","","","N","01","2","00","3","0","1","2","2","N","N","40 04:15.240","75 02:16.080","9999","","9999","","0","","N","","3 ","","","","","","","","","","2","2","0","0","0","0","0","0","0","0","0","0","0","0","1","0","0","0","0","0","0","0","0","0","0","0","0","0","0","0","0","0","0","0","0","9","0","40.0709","-75.0378","","CRASH_2001_Philadelphia"
"2001217013","06","67","67301","67301","2001","03","3","2320","23","3","1","0","1","1","","","N","01","2","00","3","0","1","3","3","N","N","40 01:44.040","75 06:21.600","9999","","9999","","0","","N","","3 ","","","","","","","","","","3","2","0","0","0","0","1","0","0","0","0","1","1","0","0","0","0","0","0","0","1","0","0","1","0","0","0","0","0","0","0","0","0","0","0","4","0","40.0288","-75.106","","CRASH_2001_Philadelphia"
"2001223896","06","67","67301","67301","2001","03","2","1722","17","1","1","0","7","1","","","N","00","0","03","3","0","3","3","1","N","N","39 55:09.120","75 12:19.440","9999","","9999","","0","","N","","0 ","","","","","","","","","","1","1","0","0","0","0","0","0","0","0","0","1","1","0","2","0","0","0","0","0","0","0","0","0","0","0","0","0","0","0","0","0","0","0","0","4","0","39.9191","-75.2063","","CRASH_2001_Philadelphia"
"2001007197","06","67","67301","67301","2001","06","1","0830","08","1","2","1","7","4","","","N","00","0","00","3","0","1","1","1","N","N","40 07:00.840","74 59:00.600","0844","","0839","","0","","Y","","0 ","","","","","","","","","","1","1","0","0","0","0","0","0","0","0","0","1","1","0","0","0","0","0","0","0","0","1","0","0","0","0","0","0","0","0","0","0","0","0","0","4","0","40.1178","-74.9826","","CRASH_2001_Philadelphia"
"2001204621","06","67","67301","67301","2001","01","7","0630","06","3","1","0","7","5","","","N","00","0","00","3","0","0","1","1","N","N","","","9999","","9999","","0","","N","","0 ","","","","","","","","","","1","1","0","0","0","0","0","0","0","0","0","0","0","0","0","0","0","0","0","0","0","0","0","0","0","0","0","0","0","0","0","0","0","0","0","0","0","","","","CRASH_2001_Philadelphia"
"2001205988","06","67","67301","67301","2001","01","2","0135","01","3","1","0","1","1","","","N","01","2","00","3","0","2","6","2","N","N","39 54:14.400","75 14:25.080","9999","","9999","","0","","N","","3 ","","","","","","","","","","2","2","0","0","0","0","0","0","0","0","2","0","2","0","0","0","0","0","0","0","1","0","0","0","0","0","0","0","0","0","0","0","0","0","0","3","0","39.904","-75.2401","","CRASH_2001_Philadelphia"
"2001207452","06","67","67301","67301","2001","01","4","1338","13","1","1","6","4","1","","","N","01","2","00","3","0","1","2","2","N","N","","","9999","","9999","","0","","N","","3 ","","","","","","","","","","2","1","0","0","0","0","0","0","0","0","0","1","1","0","0","0","0","0","1","0","0","1","0","0","0","0","0","0","0","0","0","0","0","0","0","4","0","","","","CRASH_2001_Philadelphia"
"2001239066","06","67","67301","67301","2001","04","4","1400","14","1","1","0","5","1","","","N","00","0","00","3","0","0","2","2","N","N","40 02:42.000","75 03:14.760","9999","","9999","","0","","N","","0 ","","","","","","","","","","2","1","0","0","0","0","0","0","0","0","0","0","0","0","0","0","0","0","0","0","0","0","0","0","0","0","0","0","0","0","0","0","0","0","0","0","0","40.045","-75.0539","","CRASH_2001_Philadelphia"
"2001206155","06","67","67301","67301","2001","01","5","2000","20","3","1","0","8","1","","","N","01","2","00","3","0","1","2","2","N","N","","","9999","","9999","","0","","N","","3 ","","","","","","","","","","1","1","0","0","0","0","0","0","0","0","0","0","0","0","1","0","0","0","0","0","0","0","0","0","0","0","0","0","0","0","0","0","1","0","0","9","0","","","","CRASH_2001_Philadelphia"
"2001207346","06","67","67301","67301","2001","01","4","0545","05","2","1","0","8","1","","","N","00","0","00","3","0","1","2","2","N","N","","","9999","","9999","","0","","N","","0 ","","","","","","","","","","1","1","0","0","0","0","0","0","0","1","0","0","1","0","0","0","0","0","0","0","0","0","0","0","0","0","0","0","0","0","0","0","1","0","1","2","0","","","","CRASH_2001_Philadelphia"
"2001216871","06","67","67301","67301","2001","03","7","1700","17","1","1","0","4","1","","","N","01","2","00","3","0","1","2","2","N","N","","","9999","","9999","","0","","N","","3 ","","","","","","","","","","2","0","0","0","1","0","0","1","0","0","0","1","1","0","0","0","0","0","0","0","0","0","0","0","0","0","0","0","0","0","0","0","0","0","0","4","0","","","","CRASH_2001_Philadelphia"
"2001233545","06","67","67301","67301","2001","03","5","1540","15","1","2","1","4","1","","","N","02","3","00","3","0","0","2","3","N","N","39 55:30.950","75 10:00.519","9999","","9999","","0","","N","","3 ","","","","","","","","","","3","2","0","0","0","0","0","0","0","0","0","0","0","0","0","0","0","0","1","0","0","0","0","0","0","0","0","0","0","0","0","0","0","0","0","0","0","39.9253","-75.1668","","CRASH_2001_Philadelphia"
"2001204586","06","67","67301","67301","2001","01","6","0745","07","1","1","1","1","1","","","N","01","2","00","3","0","0","2","2","N","N","40 06:16.920","75 00:04.680","9999","","9999","","0","","N","","3 ","","","","","","","","","","2","1","0","0","0","0","0","1","0","0","0","0","0","0","0","0","0","0","0","0","0","0","0","0","0","0","0","0","0","0","0","0","0","0","0","0","0","40.1047","-75.0015","","CRASH_2001_Philadelphia"
"2001206243","06","67","67301","67301","2001","01","6","0429","04","3","2","1","7","1","","","N","07","0","02","3","0","0","1","1","N","N","39 58:05.520","75 07:46.920","9999","","9999","","0","","N","","0 ","","","","","","","","","","1","1","0","0","0","0","0","0","0","0","0","0","0","0","0","0","0","0","0","0","0","1","0","0","0","0","0","0","0","0","0","0","0","0","0","0","0","39.9684","-75.1295","","CRASH_2001_Philadelphia"
"2001207474","06","67","67301","67301","2001","01","2","1615","16","1","1","1","7","2","","","N","00","0","00","3","0","0","1","1","N","N","","","9999","","9999","","0","","N","","0 ","","","","","","","","","","1","1","0","0","0","0","0","0","0","0","0","0","0","0","0","0","0","0","0","0","0","0","0","0","0","0","0","0","0","0","0","0","0","0","0","0","0","","","","CRASH_2001_Philadelphia"
"2001210726","06","67","67301","67301","2001","02","2","1335","13","1","1","0","1","1","","","N","01","2","00","3","0","0","3","2","N","N","40 04:43.320","74 59:54.240","9999","","9999","","0","","N","","3 ","","","","","","","","","","2","2","0","0","0","0","0","0","0","0","0","0","0","0","0","0","0","0","0","0","0","2","0","0","0","0","0","0","0","0","0","0","0","0","0","0","0","40.0787","-74.9985","","CRASH_2001_Philadelphia"
"2001239078","06","67","67301","67301","2001","04","1","2116","21","3","1","0","1","1","","","N","00","0","00","3","0","1","5","2","N","N","39 59:21.480","75 12:22.680","9999","","9999","","0","","N","","0 ","","","","","","","","","","2","2","0","0","0","0","0","0","0","0","0","0","0","0","1","0","0","0","1","0","0","0","0","0","0","0","0","0","0","0","0","0","0","0","0","9","0","39.9894","-75.2064","","CRASH_2001_Philadelphia"
"2001231131","06","67","67301","67301","2001","03","3","2007","20","3","1","0","4","1","","","N","00","0","07","3","0","0","2","2","N","N","40 05:09.600","75 02:18.240","9999","","9999","","0","","N","","0 ","","","","","","","","","","2","2","0","0","0","0","0","0","0","0","0","0","0","0","0","0","0","0","0","0","0","0","1","0","0","0","0","0","0","0","0","0","0","0","0","0","0","40.0861","-75.0385","","CRASH_2001_Philadelphia"
"2001233065","06","67","67301","67301","2001","04","4","1334","13","1","1","0","4","1","","","N","01","2","00","3","0","3","3","2","N","N","39 57:29.880","75 09:43.560","9999","","9999","","0","","N","","3 ","","","","","","","","","","2","2","0","0","0","0","0","0","0","0","0","3","3","0","0","0","0","0","0","0","0","0","0","0","0","0","0","0","0","0","0","0","0","0","0","4","0","39.9584","-75.1622","","CRASH_2001_Philadelphia"
"2001016753","06","67","67301","67301","2001","05","2","1442","14","1","1","0","4","1","","","N","01","2","00","3","0","1","3","2","N","N","39 55:57.369","75 13:48.968","1501","","1448","","0","","N","","3 ","","","","","","","","","","2","2","0","0","0","0","0","0","0","0","0","1","1","0","0","0","0","0","0","0","0","0","0","0","0","0","0","0","0","0","0","0","0","0","0","4","0","39.9325","-75.2303","","CRASH_2001_Philadelphia"
"2001213183","06","67","67301","67301","2001","02","3","1530","15","1","1","0","8","1","","","N","01","0","00","3","0","1","2","2","Y","N","40 03:16.200","75 05:26.880","9999","","9999","","0","","N","","0 ","","","","","","","","","","1","0","0","0","0","0","0","1","0","0","0","1","1","0","0","0","0","0","0","0","1","0","0","0","0","0","0","0","0","0","0","0","1","0","0","4","0","40.0545","-75.0908","","CRASH_2001_Philadelphia"
"2001223942","06","67","67301","67301","2001","03","2","1800","18","3","1","0","8","1","","","N","00","0","00","3","0","2","2","3","N","N","","","9999","","9999","","0","","N","","0 ","","","","","","","","","","2","2","0","0","0","0","0","0","0","0","0","2","2","0","0","0","0","0","0","0","0","0","0","0","0","0","0","0","0","0","0","0","1","0","0","4","0","","","","CRASH_2001_Philadelphia"
"2001238096","06","67","67301","67301","2001","04","4","0203","02","3","1","0","7","1","","","N","00","0","06","3","0","1","1","1","N","N","40 02:22.200","75 03:36.360","9999","","9999","","0","","N","","0 ","","","","","","","","","","1","1","0","0","0","0","0","0","0","1","0","0","1","0","0","0","0","0","0","0","0","0","0","1","0","1","0","0","0","0","0","0","0","0","0","2","0","40.0394","-75.06","","CRASH_2001_Philadelphia"
"2001243081","06","67","67301","67301","2001","05","2","1615","16","1","1","0","4","1","","","N","01","2","00","3","0","2","2","2","N","N","39 57:30.960","75 12:50.400","9999","","9999","","0","","N","","3 ","","","","","","","","","","2","2","0","0","0","0","0","0","0","0","0","1","1","0","1","0","0","0","0","0","0","0","0","0","0","0","0","0","0","0","0","0","0","0","0","4","0","39.9586","-75.214","","CRASH_2001_Philadelphia"
"2001016760","06","67","67301","67301","2001","05","7","1105","11","1","1","0","8","3","","","N","01","2","00","3","0","1","2","2","N","N","40 00:22.545","75 09:07.372","1110","","1105","","0","","N","","3 ","","","","","","","","","","1","1","0","0","0","0","0","0","0","0","0","1","1","0","0","0","0","0","0","0","0","0","0","0","0","0","0","0","0","0","0","0","1","0","0","4","0","40.0062","-75.1519","","CRASH_2001_Philadelphia"
"2001207459","06","67","67301","67301","2001","01","2","1508","15","1","1","0","4","1","","","N","01","2","00","3","0","0","2","2","N","N","40 02:34.080","75 03:47.520","9999","","9999","","0","","N","","3 ","","","","","","","","","","2","2","0","0","0","0","0","0","0","0","0","0","0","0","0","0","0","0","0","0","1","0","0","0","0","0","0","0","0","0","0","0","0","0","0","0","0","40.0428","-75.0631","","CRASH_2001_Philadelphia"
"2001207564","06","67","67301","67301","2001","01","1","0602","06","3","1","0","1","1","","","N","05","2","00","3","0","3","3","2","N","N","40 01:35.616","75 09:02.840","9999","","9999","","0","","N","","3 ","","","","","","","","","","2","2","0","0","0","0","0","0","0","0","3","0","3","0","0","0","0","0","0","0","0","0","0","0","0","0","0","0","0","0","0","0","0","0","0","3","0","40.0266","-75.1508","","CRASH_2001_Philadelphia"
"2001216909","06","67","67301","67301","2001","03","4","1634","16","1","1","0","4","1","","","N","01","3","00","3","0","3","3","2","N","N","40 02:56.760","75 08:33.000","9999","","9999","","0","","N","","3 ","","","","","","","","","","2","1","0","0","0","0","1","0","0","0","3","0","3","0","0","0","0","0","0","0","1","0","1","0","0","0","0","0","0","0","0","0","0","0","0","3","0","40.0491","-75.1424","","CRASH_2001_Philadelphia"
"2001019576","06","67","67301","67301","2001","05","2","1055","10","1","1","0","4","1","","","N","01","2","00","3","0","0","3","2","N","N","","","1100","","1059","","0","","N","","3 ","","","","","","","","","","2","2","0","0","0","0","0","0","0","0","0","0","0","0","0","0","0","0","0","0","1","0","0","0","0","0","0","0","0","0","0","0","0","0","0","0","0","","","","CRASH_2001_Philadelphia"