"CRN","DISTRICT","COUNTY","MUNICIPALITY","POLICE_AGCY","CRASH_YEAR","CRASH_MONTH","DAY_OF_WEEK","TIME_OF_DAY","HOUR_OF_DAY","ILLUMINATION","WEATHER","ROAD_CONDITION","COLLISION_TYPE","RELATION_TO_ROAD","WORK_ZONE_TYPE","WORK_ZONE_LOC","WORK_ZONE_IND","INTERSECT_TYPE","TCD_TYPE","LOCATION_TYPE","URBAN_RURAL","FATAL_COUNT","INJURY_COUNT","PERSON_COUNT","TOTAL_UNITS","SCH_BUS_IND","SCH_ZONE_IND","LATITUDE","LONGITUDE","ARRIVAL_TM","CONS_ZONE_SPD_LIM","DISPATCH_TM","EST_HRS_CLOSED","LANE_CLOSED","LN_CLOSE_DIR","NTFY_HIWY_MAINT","SPEC_JURIS_CD","TCD_FUNC_CD","TFC_DETOUR_IND","WORKERS_PRES","WZ_CLOSE_DETOUR","WZ_FLAGGER","WZ_LAW_OFFCR_IND","WZ_LN_CLOSURE","WZ_MOVING","WZ_OTHER","WZ_SHLDER_MDN","VEHICLE_COUNT","AUTOMOBILE_COUNT","MOTORCYCLE_COUNT","BUS_COUNT","SMALL_TRUCK_COUNT","HEAVY_TRUCK_COUNT","SUV_COUNT","VAN_COUNT","BICYCLE_COUNT","MAJ_INJ_COUNT","MOD_INJ_COUNT","MIN_INJ_COUNT","TOT_INJ_COUNT","UNK_INJ_DEG_COUNT","UNK_INJ_PER_COUNT","DRIVER_COUNT_16YR","DRIVER_COUNT_17YR","DRIVER_COUNT_18YR","DRIVER_COUNT_19YR","DRIVER_COUNT_20YR","DRIVER_COUNT_50_64YR","DRIVER_COUNT_65_74YR","DRIVER_COUNT_75PLUS","UNBELTED_OCC_COUNT","UNB_DEATH_COUNT","UNB_MAJ_INJ_COUNT","BELTED_DEATH_COUNT","BELTED_MAJ_INJ_COUNT","MCYCLE_DEATH_COUNT","MCYCLE_MAJ_INJ_COUNT","BICYCLE_DEATH_COUNT","BICYCLE_MAJ_INJ_COUNT","PED_COUNT","PED_DEATH_COUNT","PED_MAJ_INJ_COUNT","MAX_SEVERITY_LEVEL","COMM_VEH_COUNT","DEC_LAT","DEC_LONG","RDWY_SURF_TYPE_CD","COUNTY_YEAR"
"2001204642","06","67","67301","67301","2001","01","6","0759","07","1","1","5","6","1","","","N","00","0","00","3","0","1","2","2","N","N","","","9999","","9999","","0","","N","","0 ","","","","","","","","","","2","2","0","0","0","0","0","0","0","0","0","1","1","0","0","0","0","0","0","0","1","0","0","0","0","0","0","0","0","0","0","0","0","0","0","4","0","","","","CRASH_2001_Philadelphia"
"2001211427","06","67","67301","67301","2001","02","4","1500","15","4","2","1","1","1","","","N","01","2","00","3","0","1","3","2","N","N","39 59:38.040","75 09:16.560","9999","","9999","","0","","N","","3 ","","","","","","","","","","2","1","0","0","0","0","0","0","0","0","1","0","1","0","0","0","0","0","0","0","0","0","0","0","0","0","0","0","0","0","0","0","0","0","0","3","0","39.9939","-75.1545","","CRASH_2001_Philadelphia"
"2001214333","06","67","67301","67301","2001","02","6","1420","14","1","4","1","1","1","","","N","01","3","00","3","0","1","3","2","N","N","","","9999","","9999","","0","","N","","3 ","","","","","","","","","","2","1","0","0","0","1","0","0","0","0","0","0","0","0","1","0","0","0","0","0","0","1","0","0","0","0","0","0","0","0","0","0","0","0","0","9","0","","","","CRASH_2001_Philadelphia"
"2001239093","06","67","67301","67301","2001","04","1","0009","00","3","1","0","6","1","","","N","00","0","00","3","0","1","3","3","N","N","40 03:27.000","75 04:36.840","9999","","9999","","0","","N","","0 ","","","","","","","","","","3","3","0","0","0","0","0","0","0","0","0","1","1","0","0","0","0","0","0","0","1","0","0","0","0","0","0","0","0","0","0","0","0","0","0","4","0","40.0575","-75.0768","","CRASH_2001_Philadelphia"
"2001010122","06","67","67301","67301","2001","06","5","2022","20","4","1","1","1","1","","","N","01","2","00","3","0","1","2","2","N","N","40 02:00.340","75 05:26.221","2055","","2052","","0","","N","","3 ","","","","","","","","","","2","2","0","0","0","0","0","0","0","0","0","1","1","0","0","0","0","0","0","0","0","0","0","0","0","0","0","0","0","0","0","0","0","0","0","4","0","40.0334","-75.0906","","CRASH_2001_Philadelphia"
"2001008597","06","67","67301","67301","2001","05","6","1755","17","1","1","0","4","1","","","N","02","3","07","3","0","2","3","4","N","N","39 59:32.280","75 06:35.280","1800","","1758","","0","","N","","9 ","","","","","","","","","","4","2","0","0","0","0","0","0","0","0","0","2","2","0","0","0","0","0","0","0","0","0","0","0","0","0","0","0","0","0","0","0","0","0","0","4","0","39.9923","-75.1098","","CRASH_2001_Philadelphia"
"2001207470","06","67","67301","67301","2001","01","2","2300","23","3","1","0","1","1","","","N","00","0","00","3","0","0","2","2","N","N","40 01:24.600","75 01:59.520","9999","","9999","","0","","N","","0 ","","","","","","","","","","2","1","0","0","1","0","0","0","0","0","0","0","0","0","0","0","0","0","0","0","0","0","0","0","0","0","0","0","0","0","0","0","0","0","0","0","0","40.0235","-75.0333","","CRASH_2001_Philadelphia"
"2001209014","06","67","67301","67301","2001","01","6","2000","20","3","1","9","9","1","","","N","00","0","00","3","0","0","1","2","N","N","","","9999","","9999","","0","","N","","0 ","","","","","","","","","","2","0","0","0","0","0","0","0","0","0","0","0","0","0","0","0","0","0","0","0","0","0","0","0","0","0","0","0","0","0","0","0","0","0","0","0","0","","","","CRASH_2001_Philadelphia"
"2001233475","06","67","67301","67301","2001","03","3","2100","21","3","1","0","4","1","","","N","01","2","00","3","0","1","3","2","N","N","","","9999","","9999","","0","","N","","3 ","","","","","","","","","","2","2","0","0","0","0","0","0","0","0","0","0","0","0","1","0","0","0","0","0","0","0","0","2","0","0","0","0","0","0","0","0","0","0","0","9","0","","","","CRASH_2001_Philadelphia"
"2001240026","06","67","67301","67301","2001","04","5","1450","14","1","1","0","4","1","1","8","Y","02","0","07","3","0","2","4","2","N","N","","","9999","99","9999","","0","","N","","0 ","","U","","","U","","","","","2","2","0","0","0","0","0","0","0","0","0","2","2","0","0","0","0","0","0","0","2","0","0","0","0","0","0","0","0","0","0","0","0","0","0","4","0","","","","CRASH_2001_Philadelphia"
"2001240071","06","67","67301","67301","2001","04","6","2350","23","3","1","0","4","1","","","N","01","2","00","3","0","2","3","2","N","N","","","9999","","9999","","0","","N","","3 ","","","","","","","","","","2","2","0","0","0","0","0","0","0","0","1","1","2","0","0","0","0","0","0","0","0","0","0","0","0","0","0","0","0","0","0","0","0","0","0","3","0","","","","CRASH_2001_Philadelphia"
"2001206245","06","67","67301","67301","2001","01","1","1420","14","1","1","5","7","1","","","N","00","0","00","3","0","0","1","1","N","N","40 06:06.840","75 02:58.560","9999","","9999","","0","","N","","0 ","","","","","","","","","","1","1","0","0","0","0","0","0","0","0","0","0","0","0","0","0","0","0","0","0","0","0","0","0","0","0","0","0","0","0","0","0","0","0","0","0","0","40.102","-75.0495","","CRASH_2001_Philadelphia"
"2001213123","06","67","67301","67301","2001","02","6","1000","10","1","1","9","1","1","","","N","07","2","02","3","0","1","2","2","N","N","39 57:34.560","75 09:55.080","9999","","9999","","0","","N","","3 ","","","","","","","","","","2","1","0","0","0","0","0","0","0","0","0","1","1","0","0","0","0","0","0","0","1","0","0","0","0","0","0","0","0","0","0","0","0","0","0","4","0","39.9596","-75.1653","","CRASH_2001_Philadelphia"
"2001214249","06","67","67301","67301","2001","02","7","0920","09","1","1","0","4","1","","","N","01","2","00","3","0","1","3","2","N","N","39 57:10.440","75 10:06.600","9999","","9999","","0","","N","","3 ","","","","","","","","","","2","1","0","0","0","0","0","1","0","0","0","1","1","0","0","0","0","0","0","0","1","0","0","2","0","0","0","0","0","0","0","0","0","0","0","4","0","39.953","-75.1685","","CRASH_2001_Philadelphia"
"2001244724","06","67","67301","67301","2001","05","7","1600","16","1","1","0","9","1","","","N","00","0","00","3","0","1","1","2","N","N","","","9999","","9999","","0","","N","","0 ","","","","","","","","","","2","1","0","0","0","0","0","0","0","0","0","0","0","0","1","0","0","0","0","0","1","0","0","0","0","0","0","0","0","0","0","0","0","0","0","9","0","","","","CRASH_2001_Philadelphia"
"2001211362","06","67","67301","67301","2001","02","5","0750","07","1","1","0","5","1","","","N","01","2","00","3","0","1","2","2","N","N","39 57:28.080","75 08:50.280","9999","","9999","","0","","N","","3 ","","","","","","","","","","2","2","0","0","0","0","0","0","0","0","1","0","1","0","0","0","0","0","0","0","0","0","0","0","0","0","0","0","0","0","0","0","0","0","0","3","0","39.9578","-75.1472","","CRASH_2001_Philadelphia"
"2001215601","06","67","67301","67301","2001","03","5","1605","16","1","1","0","8","1","","","N","00","0","00","3","0","1","2","2","N","N","","","9999","","9999","","0","","N","","0 ","","","","","","","","","","1","1","0","0","0","0","0","0","0","0","0","1","1","0","0","0","0","0","0","0","1","0","0","0","0","0","0","0","0","0","0","0","1","0","0","4","0","","","","CRASH_2001_Philadelphia"
"2001216876","06","67","67301","67301","2001","03","5","2130","21","3","2","1","4","1","","","N","01","2","00","3","0","0","2","2","N","N","39 57:51.120","75 10:34.680","9999","","9999","","0","","N","","3 ","","","","","","","","","","2","1","0","0","1","0","0","0","0","0","0","0","0","0","0","0","0","0","0","0","0","0","0","0","0","0","0","0","0","0","0","0","0","0","0","0","0","39.9642","-75.1763","","CRASH_2001_Philadelphia"
"2001217007","06","67","67301","67301","2001","03","3","1906","19","3","1","0","6","1","","","N","01","2","00","3","0","1","2","2","N","N","39 58:54.840","75 14:21.120","9999","","9999","","0","","N","","3 ","","","","","","","","","","2","2","0","0","0","0","0","0","0","0","1","0","1","0","0","0","0","0","0","0","0","0","0","0","0","0","0","0","0","0","0","0","0","0","0","3","0","39.9819","-75.2392","","CRASH_2001_Philadelphia"
"2001009254","06","67","67301","67301","2001","05","3","1646","16","1","1","0","4","1","","","N","00","0","00","3","0","1","2","2","N","N","39 58:37.684","75 10:09.468","1646","","1646","","0","","N","","0 ","","","","","","","","","","1","1","0","0","0","0","0","0","1","0","0","1","1","0","0","0","0","0","0","0","0","0","0","0","0","0","0","0","0","0","0","0","0","0","0","4","0","39.9771","-75.1693","","CRASH_2001_Philadelphia"
"2001019673","06","67","67301","67301","2001","06","1","1640","16","1","1","0","6","1","","","N","01","3","00","3","0","1","3","2","N","N","","","1654","","1640","","0","","N","","3 ","","","","","","","","","","2","2","0","0","0","0","0","0","0","0","0","1","1","0","0","0","0","0","0","0","0","0","0","0","0","0","0","0","0","0","0","0","0","0","0","4","0","","","","CRASH_2001_Philadelphia"
"2001213132","06","67","67301","67301","2001","02","6","2314","23","3","2","1","4","1","","","N","04","2","00","3","0","1","2","2","N","N","40 01:54.059","75 05:01.805","9999","","9999","","0","","N","","3 ","","","","","","","","","","2","2","0","0","0","0","0","0","0","0","1","0","1","0","0","0","0","0","0","0","0","0","0","0","0","0","0","0","0","0","0","0","0","0","0","3","0","40.0317","-75.0838","","CRASH_2001_Philadelphia"
"2001007207","06","67","67301","67301","2001","05","6","0740","07","1","1","0","4","1","","","N","01","3","00","3","0","3","4","2","N","N","40 04:02.139","75 00:30.610","0745","","0742","","0","","N","","3 ","","","","","","","","","","2","2","0","0","0","0","0","0","0","0","0","3","3","0","0","0","0","0","0","0","0","0","0","0","0","0","0","0","0","0","0","0","0","0","0","4","0","40.0673","-75.0089","","CRASH_2001_Philadelphia"
"2001010323","06","67","67301","67301","2001","06","5","0925","09","1","1","0","4","1","","","N","01","0","00","3","0","1","6","2","N","N","40 01:15.154","75 08:55.922","0935","","0928","","0","","N","","0 ","","","","","","","","","","2","2","0","0","0","0","0","0","0","0","0","1","1","0","0","0","0","0","0","0","0","0","0","0","0","0","0","0","0","0","0","0","0","0","0","4","0","40.0207","-75.1487","","CRASH_2001_Philadelphia"
"2001233231","06","67","67301","67301","2001","04","5","1730","17","1","1","0","8","1","","","N","01","2","00","3","0","2","2","2","N","N","39 59:39.480","75 09:28.080","9999","","9999","","0","","N","","3 ","","","","","","","","","","1","1","0","0","0","0","0","0","0","0","1","0","1","0","1","0","0","0","0","0","0","0","0","0","0","0","0","0","0","0","0","0","1","0","0","3","0","39.9943","-75.1577","","CRASH_2001_Philadelphia"
"2001238209","06","67","67301","67301","2001","03","6","0045","00","3","2","1","8","1","","","N","00","0","00","3","0","1","2","2","N","N","40 00:41.040","75 12:01.440","9999","","9999","","0","","N","","0 ","","","","","","","","","","1","1","0","0","0","0","0","0","0","0","1","0","1","0","0","0","0","0","0","0","0","0","0","0","0","0","0","0","0","0","0","0","1","0","0","3","0","40.0114","-75.2003","","CRASH_2001_Philadelphia"
"2001238915","06","67","67301","67301","2001","04","5","1920","19","1","1","0","9","1","","","N","00","0","00","3","0","1","1","2","N","N","","","9999","","9999","","0","","N","","0 ","","","","","","","","","","2","0","0","0","1","0","0","0","0","0","0","0","0","0","1","0","0","0","0","0","0","0","0","0","0","0","0","0","0","0","0","0","0","0","0","9","0","","","","CRASH_2001_Philadelphia"
"2001240283","06","67","67301","67301","2001","04","3","1230","12","1","1","0","8","1","","","N","01","2","00","3","0","1","2","2","N","N","39 57:05.760","75 09:29.520","9999","","9999","","0","","N","","3 ","","","","","","","","","","1","0","0","0","0","0","0","0","0","1","0","0","1","0","0","0","0","0","0","0","0","0","0","0","0","0","0","0","0","0","0","0","1","0","1","2","0","39.9516","-75.1582","","CRASH_2001_Philadelphia"
"2001007175","06","67","67301","67301","2001","05","3","0752","07","1","1","0","4","1","","","N","01","2","00","3","0","1","3","3","N","N","40 06:50.760","74 59:15.000","0814","","0814","","0","","N","","3 ","","","","","","","","","","3","3","0","0","0","0","0","0","0","0","0","1","1","0","0","0","0","0","0","0","1","0","0","0","0","0","0","0","0","0","0","0","0","0","0","4","0","40.1143","-74.9879","","CRASH_2001_Philadelphia"
"2001209666","06","67","67301","67301","2001","01","3","0830","08","1","1","0","4","1","","","N","01","3","00","3","0","1","2","2","N","N","","","9999","","9999","","0","","N","","3 ","","","","","","","","","","2","2","0","0","0","0","0","0","0","0","1","0","1","0","0","0","0","0","0","0","0","0","0","0","0","0","0","0","0","0","0","0","0","0","0","3","0","","","","CRASH_2001_Philadelphia"
"2001008751","06","67","67301","67301","2001","06","4","1045","10","1","1","0","8","1","","","N","00","0","00","3","0","1","2","2","N","N","39 58:49.440","75 10:16.680","1146","","1140","","9","","N","","0 ","U","","","","","","","","","1","1","0","0","0","0","0","0","0","0","0","1","1","0","0","0","0","0","0","0","0","0","0","1","0","0","0","0","0","0","0","0","1","0","0","4","0","39.9804","-75.1712","","CRASH_2001_Philadelphia"
"2001207489","06","67","67301","67301","2001","01","3","1600","16","1","1","0","8","1","","","N","00","0","00","3","0","2","2","2","N","N","40 02:38.400","75 13:43.320","9999","","9999","","0","","N","","0 ","","","","","","","","","","1","1","0","0","0","0","0","0","0","0","0","1","1","0","1","0","0","0","0","0","0","0","0","0","0","0","0","0","0","0","0","0","1","0","0","4","0","40.0438","-75.2284","","CRASH_2001_Philadelphia"
"2001210625","06","67","67301","67301","2001","02","4","0103","01","3","1","1","9","1","","","N","00","0","00","3","0","1","1","2","N","N","","","9999","","9999","","0","","N","","0 ","","","","","","","","","","2","1","0","0","0","0","0","0","0","0","0","1","1","0","0","0","0","0","0","0","0","0","0","0","0","0","0","0","0","0","0","0","0","0","0","4","0","","","","CRASH_2001_Philadelphia"
"2001233237","06","67","67301","67301","2001","04","7","2210","22","3","1","0","7","2","","","N","00","0","00","3","0","1","1","1","N","N","","","9999","","9999","","0","","N","","0 ","","","","","","","","","","1","1","0","0","0","0","0","0","0","1","0","0","1","0","0","0","0","0","0","0","1","0","0","0","0","0","0","0","0","0","0","0","0","0","0","2","0","","","","CRASH_2001_Philadelphia"
"2001239007","06","67","67301","67301","2001","04","5","0425","04","3","1","0","9","1","","","N","00","0","00","3","0","0","1","2","N","N","","","9999","","9999","","0","","N","","0 ","","","","","","","","","","2","1","0","0","0","0","0","0","0","0","0","0","0","0","0","0","0","0","0","0","0","0","0","0","0","0","0","0","0","0","0","0","0","0","0","0","0","","","","CRASH_2001_Philadelphia"
"2001243518","06","67","67301","67301","2001","04","2","1907","19","1","1","0","5","1","","","N","00","0","00","3","0","1","2","2","N","N","","","9999","","9999","","0","","N","","0 ","","","","","","","","","","2","0","1","0","0","0","0","1","0","1","0","0","1","0","0","0","0","0","0","0","0","0","0","1","0","0","0","0","0","1","0","0","0","0","0","2","0","","","","CRASH_2001_Philadelphia"
"2001243713","06","67","67301","67301","2001","05","7","0140","01","3","2","0","4","1","","","N","01","2","00","3","0","0","4","2","N","N","39 57:13.680","75 10:30.720","9999","","9999","","0","","N","","3 ","","","","","","","","","","2","2","0","0","0","0","0","0","0","0","0","0","0","0","0","0","0","0","0","0","0","0","0","0","0","0","0","0","0","0","0","0","0","0","0","0","0","39.9538","-75.1751","","CRASH_2001_Philadelphia"
"2001244707","06","67","67301","67301","2001","05","1","1730","17","1","1","0","1","1","","","N","01","2","00","3","0","0","2","2","N","N","40 02:20.400","75 09:00.360","9999","","9999","","0","","N","","3 ","","","","","","","","","","2","2","0","0","0","0","0","0","0","0","0","0","0","0","0","0","0","0","0","1","1","0","0","0","0","0","0","0","0","0","0","0","0","0","0","0","0","40.039","-75.1501","","CRASH_2001_Philadelphia"
"2001205937","06","67","67301","67301","2001","01","2","0441","04","3","3","3","4","1","","","N","01","2","00","3","0","0","2","2","N","N","","","9999","","9999","","0","","N","","3 ","","","","","","","","","","2","2","0","0","0","0","0","0","0","0","0","0","0","0","0","0","0","1","0","0","0","0","0","0","0","0","0","0","0","0","0","0","0","0","0","0","0","","","","CRASH_2001_Philadelphia"
"2001209026","06","67","67301","67301","2001","01","3","0915","09","1","1","6","4","1","","","N","03","3","00","3","0","1","3","2","N","N","39 55:06.960","75 14:49.200","9999","","9999","","0","","N","","3 ","","","","","","","","","","2","2","0","0","0","0","0","0","0","0","0","1","1","0","0","0","0","0","1","0","0","1","0","0","0","0","0","0","0","0","0","0","0","0","0","4","0","39.9187","-75.2469","","CRASH_2001_Philadelphia"
"2001214223","06","67","67301","67301","2001","02","3","1245","12","1","1","0","1","1","","","N","02","2","00","3","0","1","3","2","N","N","40 02:50.640","75 00:50.760","9999","","9999","","0","","N","","3 ","","","","","","","","","","2","1","0","0","0","0","0","1","0","0","0","0","0","0","1","0","0","0","0","0","2","0","0","0","0","0","0","0","0","0","0","0","0","0","0","9","0","40.0474","-75.0141","","CRASH_2001_Philadelphia"
"2001216900","06","67","67301","67301","2001","03","6","1235","12","1","1","0","4","1","","","N","01","2","00","3","0","1","2","2","N","N","39 54:14.400","75 14:25.080","9999","","9999","","0","","N","","3 ","","","","","","","","","","2","1","0","0","0","0","1","0","0","0","0","0","0","0","1","0","0","0","0","0","0","1","0","0","0","0","0","0","0","0","0","0","0","0","0","9","0","39.904","-75.2403","","CRASH_2001_Philadelphia"
"2001239020","06","67","67301","67301","2001","04","4","0520","05","3","2","1","4","1","","","N","01","3","00","3","0","3","9","3","N","N","40 01:34.665","75 07:30.964","9999","","9999","","0","","N","","3 ","","","","","","","","","","3","1","0","0","0","0","0","1","0","0","0","0","0","0","3","0","0","0","0","0","0","0","0","0","0","0","0","0","0","0","0","0","0","0","0","9","0","40.0263","-75.1253","","CRASH_2001_Philadelphia"
"2001007108","06","67","67301","67301","2001","07","6","1950","19","1","1","0","4","1","","","N","01","2","00","3","0","1","9","2","N","N","39 58:19.138","75 15:04.901","1952","","1942","","0","","N","","3 ","","","","","","","","","","2","2","0","0","0","0","0","0","0","0","0","1","1","0","1","0","0","0","0","0","0","0","0","4","0","0","0","0","0","0","0","0","0","0","0","4","0","39.9721","-75.2514","","CRASH_2001_Philadelphia"
"2001209108","06","67","67301","67301","2001","02","6","1608","16","1","1","0","1","1","","","N","01","0","00","3","0","1","2","2","N","N","39 58:49.857","75 10:59.725","9999","","9999","","0","","N","","0 ","","","","","","","","","","2","1","0","0","1","0","0","0","0","0","0","1","1","0","0","0","0","0","0","0","1","0","0","0","0","0","0","0","0","0","0","0","0","0","0","4","0","39.9805","-75.1833","","CRASH_2001_Philadelphia"
"2001210661","06","67","67301","67301","2001","02","2","0650","06","5","2","1","8","1","","","N","00","0","00","3","0","1","2","2","N","N","","","9999","","9999","","0","","N","","0 ","","","","","","","","","","1","1","0","0","0","0","0","0","0","0","1","0","1","0","0","0","0","0","0","0","1","0","0","0","0","0","0","0","0","0","0","0","1","0","0","3","0","","","","CRASH_2001_Philadelphia"
"2001214417","06","67","67301","67301","2001","02","3","1436","14","1","1","0","8","1","","","N","01","2","00","3","0","1","2","2","N","N","39 56:57.480","75 09:50.760","9999","","9999","","0","","N","","3 ","","","","","","","","","","1","1","0","0","0","0","0","0","0","0","0","0","0","0","1","0","0","0","0","0","1","0","0","0","0","0","0","0","0","0","0","0","1","0","0","9","0","39.9493","-75.1642","","CRASH_2001_Philadelphia"
"2001215706","06","67","67301","67301","2001","02","1","1856","18","3","2","1","8","1","","","N","01","2","00","3","0","1","2","2","N","N","","","9999","","9999","","0","","N","","3 ","","","","","","","","","","1","1","0","0","0","0","0","0","0","0","0","1","1","0","0","0","0","0","0","0","0","0","0","0","0","0","0","0","0","0","0","0","1","0","0","4","0","","","","CRASH_2001_Philadelphia"
"2001233322","06","67","67301","67301","2001","03","2","0625","06","1","4","1","7","2","","","N","00","0","02","3","0","0","1","1","N","N","39 53:23.640","75 13:50.880","9999","","9999","","0","","N","","0 ","","","","","","","","","","1","1","0","0","0","0","0","0","0","0","0","0","0","0","0","0","0","0","0","0","0","0","0","0","0","0","0","0","0","0","0","0","0","0","0","0","0","39.8896","-75.2314","","CRASH_2001_Philadelphia"
"2001233476","06","67","67301","67301","2001","03","4","0645","06","5","1","0","4","1","","","N","01","2","00","3","0","3","3","2","N","N","40 01:57.154","75 07:27.076","9999","","9999","","0","","N","","3 ","","","","","","","","","","2","2","0","0","0","0","0","0","0","0","1","2","3","0","0","0","0","0","0","0","0","0","0","0","0","0","0","0","0","0","0","0","0","0","0","3","0","40.0325","-75.1242","","CRASH_2001_Philadelphia"
"2001019660","06","67","67301","67301","2001","06","6","1225","12","1","1","0","1","1","","","N","01","2","00","3","0","1","3","2","N","N","39 53:51.108","75 15:08.597","1235","","1229","","0","","N","","3 ","","","","","","","","","","2","2","0","0","0","0","0","0","0","0","0","1","1","0","0","0","0","0","0","0","1","0","0","0","0","0","0","0","0","0","0","0","0","0","0","4","0","39.8974","-75.2522","","CRASH_2001_Philadelphia"
"2001204136","06","67","67301","67301","2001","01","4","0755","07","1","1","1","1","1","","","N","00","0","00","3","0","2","3","5","N","N","39 53:39.120","75 14:46.680","9999","","9999","","0","","N","","0 ","","","","","","","","","","3","3","0","0","0","0","0","0","0","0","0","2","2","0","0","0","0","0","0","0","1","0","0","0","0","0","0","0","0","0","0","0","2","0","0","4","0","39.894","-75.2458","","CRASH_2001_Philadelphia"
"2001209644","06","67","67301","67301","2001","02","6","0450","04","3","9","9","7","1","","","N","00","0","02","3","0","0","1","1","N","N","40 01:21.360","75 02:13.920","9999","","9999","","0","","N","","0 ","","","","","","","","","","1","0","0","0","0","0","0","1","0","0","0","0","0","0","0","0","0","0","0","0","0","0","0","0","0","0","0","0","0","0","0","0","0","0","0","0","0","40.0226","-75.0372","","CRASH_2001_Philadelphia"
"2001214558","06","67","67301","67301","2001","02","2","1314","13","1","1","0","4","1","","","N","01","2","00","3","0","0","2","2","N","N","39 55:26.040","75 13:19.560","9999","","9999","","0","","N","","3 ","","","","","","","","","","2","0","0","0","0","1","1","0","0","0","0","0","0","0","0","0","0","0","0","0","0","0","0","0","0","0","0","0","0","0","0","0","0","0","0","0","1","39.9239","-75.2221","","CRASH_2001_Philadelphia"
"2001017595","06","67","67301","67301","2001","06","7","1300","13","1","1","0","1","1","","","N","01","3","00","3","0","2","4","3","N","N","","","1310","","1308","","0","","N","","3 ","","","","","","","","","","3","3","0","0","0","0","0","0","0","0","0","2","2","0","0","0","0","0","0","0","0","0","0","0","0","0","0","0","0","0","0","0","0","0","0","4","0","","","","CRASH_2001_Philadelphia"
"2001208990","06","67","67301","67301","2001","01","6","1730","17","4","1","0","8","1","","","N","00","0","00","3","0","1","2","2","N","N","","","9999","","9999","","0","","N","","0 ","","","","","","","","","","1","1","0","0","0","0","0","0","0","0","1","0","1","0","0","0","0","0","0","0","0","0","0","0","0","0","0","0","0","0","0","0","1","0","0","3","0","","","","CRASH_2001_Philadelphia"
"2001210720","06","67","67301","67301","2001","02","2","0630","06","3","1","0","8","1","","","N","00","0","00","3","0","1","2","2","N","N","39 57:28.800","75 09:56.160","9999","","9999","","0","","N","","0 ","","","","","","","","","","1","1","0","0","0","0","0","0","0","0","1","0","1","0","0","0","0","0","0","0","0","0","0","0","0","0","0","0","0","0","0","0","1","0","0","3","0","39.958","-75.1657","","CRASH_2001_Philadelphia"
"2001238964","06","67","67301","67301","2001","04","6","1015","10","1","2","1","8","1","","","N","01","0","00","3","0","1","2","2","N","N","39 59:15.741","75 06:33.166","9999","","9999","","0","","N","","0 ","","","","","","","","","","1","1","0","0","0","0","0","0","0","0","1","0","1","0","0","0","0","0","0","0","0","0","0","0","0","0","0","0","0","0","0","0","1","0","0","3","0","39.9877","-75.1092","","CRASH_2001_Philadelphia"
"2001207440","06","67","67301","67301","2001","01","2","1545","15","1","1","1","8","1","","","N","01","2","00","3","0","1","2","2","N","N","","","9999","","9999","","0","","N","","3 ","","","","","","","","","","1","1","0","0","0","0","0","0","0","0","0","1","1","0","0","0","0","0","0","0","0","0","0","0","0","0","0","0","0","0","0","0","1","0","0","4","0","","","","CRASH_2001_Philadelphia"
"2001207648","06","67","67301","67301","2001","01","7","0755","07","1","4","1","1","1","","","N","00","0","00","3","0","2","2","2","N","N","40 01:33.600","75 12:00.000","9999","","9999","","0","","N","","0 ","","","","","","","","","","2","1","0","0","0","0","0","0","0","0","0","1","1","0","1","0","0","0","0","0","0","0","0","1","0","0","0","0","0","0","0","0","0","0","0","4","0","40.026","-75.2","","CRASH_2001_Philadelphia"
"2001215579","06","67","67301","67301","2001","02","4","9999","99","1","1","0","4","1","","","N","00","9","07","3","0","2","3","2","N","N","","","9999","","9999","","0","","N","","9 ","","","","","","","","","","2","2","0","0","0","0","0","0","0","0","2","0","2","0","0","0","0","0","0","0","0","0","0","0","0","0","0","0","0","0","0","0","0","0","0","3","0","","","","CRASH_2001_Philadelphia"
"2001216935","06","67","67301","67301","2001","03","7","0415","04","3","1","0","1","1","","","N","01","2","00","3","0","1","2","2","N","N","40 02:06.000","75 04:16.320","9999","","9999","","0","","N","","3 ","","","","","","","","","","2","2","0","0","0","0","0","0","0","0","0","1","1","0","0","0","0","0","1","0","0","0","0","0","0","0","0","0","0","0","0","0","0","0","0","4","0","40.0351","-75.0712","","CRASH_2001_Philadelphia"
"2001231096","06","67","67301","67301","2001","03","6","2020","20","3","2","1","8","1","","","N","02","2","00","3","0","1","2","2","N","N","39 58:57.360","75 11:18.240","9999","","9999","","0","","N","","3 ","","","","","","","","","","1","0","0","0","0","0","1","0","0","0","0","0","0","0","1","0","0","0","0","0","0","0","0","0","0","0","0","0","0","0","0","0","1","0","0","9","0","39.9826","-75.1884","","CRASH_2001_Philadelphia"
"2001233430","06","67","67301","67301","2001","03","2","2015","20","3","1","0","4","1","","","N","01","2","00","3","0","1","2","2","N","N","40 00:05.418","75 06:14.947","9999","","9999","","0","","N","","3 ","","","","","","","","","","2","2","0","0","0","0","0","0","0","0","0","0","0","0","1","0","0","0","0","0","0","0","0","0","0","0","0","0","0","0","0","0","0","0","0","9","0","40.0015","-75.1042","","CRASH_2001_Philadelphia"