"CRN","DISTRICT","COUNTY","MUNICIPALITY","POLICE_AGCY","CRASH_YEAR","CRASH_MONTH","DAY_OF_WEEK","TIME_OF_DAY","HOUR_OF_DAY","ILLUMINATION","WEATHER","ROAD_CONDITION","COLLISION_TYPE","RELATION_TO_ROAD","WORK_ZONE_TYPE","WORK_ZONE_LOC","WORK_ZONE_IND","INTERSECT_TYPE","TCD_TYPE","LOCATION_TYPE","URBAN_RURAL","FATAL_COUNT","INJURY_COUNT","PERSON_COUNT","TOTAL_UNITS","SCH_BUS_IND","SCH_ZONE_IND","LATITUDE","LONGITUDE","ARRIVAL_TM","CONS_ZONE_SPD_LIM","DISPATCH_TM","EST_HRS_CLOSED","LANE_CLOSED","LN_CLOSE_DIR","NTFY_HIWY_MAINT","SPEC_JURIS_CD","TCD_FUNC_CD","TFC_DETOUR_IND","WORKERS_PRES","WZ_CLOSE_DETOUR","WZ_FLAGGER","WZ_LAW_OFFCR_IND","WZ_LN_CLOSURE","WZ_MOVING","WZ_OTHER","WZ_SHLDER_MDN","VEHICLE_COUNT","AUTOMOBILE_COUNT","MOTORCYCLE_COUNT","BUS_COUNT","SMALL_TRUCK_COUNT","HEAVY_TRUCK_COUNT","SUV_COUNT","VAN_COUNT","BICYCLE_COUNT","MAJ_INJ_COUNT","MOD_INJ_COUNT","MIN_INJ_COUNT","TOT_INJ_COUNT","UNK_INJ_DEG_COUNT","UNK_INJ_PER_COUNT","DRIVER_COUNT_16YR","DRIVER_COUNT_17YR","DRIVER_COUNT_18YR","DRIVER_COUNT_19YR","DRIVER_COUNT_20YR","DRIVER_COUNT_50_64YR","DRIVER_COUNT_65_74YR","DRIVER_COUNT_75PLUS","UNBELTED_OCC_COUNT","UNB_DEATH_COUNT","UNB_MAJ_INJ_COUNT","BELTED_DEATH_COUNT","BELTED_MAJ_INJ_COUNT","MCYCLE_DEATH_COUNT","MCYCLE_MAJ_INJ_COUNT","BICYCLE_DEATH_COUNT","BICYCLE_MAJ_INJ_COUNT","PED_COUNT","PED_DEATH_COUNT","PED_MAJ_INJ_COUNT","MAX_SEVERITY_LEVEL","COMM_VEH_COUNT","DEC_LAT","DEC_LONG","RDWY_SURF_TYPE_CD","COUNTY_YEAR"
"2001240205","06","67","67301","67301","2001","04","2","1834","18","1","1","0","4","1","","","N","02","3","00","3","0","1","3","2","N","N","39 59:36.240","75 06:34.200","9999","","9999","","0","","N","","3 ","","","","","","","","","","1","1","0","0","0","0","0","0","1","0","0","1","1","0","0","0","0","0","0","0","0","0","0","0","0","0","0","0","0","0","0","0","0","0","0","4","0","39.9933","-75.1095","","CRASH_2001_Philadelphia"
"2001244769","06","67","67301","67301","2001","05","7","2230","22","3","1","0","9","1","","","N","00","0","00","3","0","0","3","2","N","N","","","9999","","9999","","0","","N","","0 ","","","","","","","","","","2","1","0","0","0","0","0","0","0","0","0","0","0","0","0","0","0","0","0","0","0","0","0","0","0","0","0","0","0","0","0","0","0","0","0","0","0","","","","CRASH_2001_Philadelphia"
"2001200730","06","67","67301","67301","2001","01","2","2237","22","3","1","0","1","1","","","N","00","0","00","3","0","5","6","3","N","N","39 53:09.240","75 12:47.520","9999","","9999","","0","","N","","0 ","","","","","","","","","","3","2","0","0","0","0","0","0","0","0","4","1","5","0","0","0","0","1","0","0","0","0","0","4","0","0","0","0","0","0","0","0","0","0","0","3","0","39.8872","-75.2046","","CRASH_2001_Philadelphia"
"2001209132","06","67","67301","67301","2001","01","4","1745","17","3","1","0","4","1","","","N","01","2","00","3","0","1","2","2","N","N","40 03:45.000","75 02:35.160","9999","","9999","","0","","N","","3 ","","","","","","","","","","2","1","0","0","0","0","1","0","0","0","1","0","1","0","0","0","0","0","0","0","0","0","0","0","0","0","0","0","0","0","0","0","0","0","0","3","0","40.0625","-75.0431","","CRASH_2001_Philadelphia"
"2001211788","06","67","67301","67301","2001","02","7","1130","11","1","1","0","4","1","","","N","01","3","00","3","0","1","2","2","N","N","40 00:30.024","75 08:22.358","9999","","9999","","0","","N","","3 ","","","","","","","","","","2","2","0","0","0","0","0","0","0","0","0","1","1","0","0","0","0","0","0","0","1","0","0","0","0","0","0","0","0","0","0","0","0","0","0","4","0","40.0083","-75.1395","","CRASH_2001_Philadelphia"
"2001008764","06","67","67301","67301","2001","06","5","2130","21","3","1","0","1","9","","","N","00","0","00","3","0","1","2","2","N","N","40 00:35.035","75 12:28.103","0759","","0754","","0","","N","","0 ","","","","","","","","","","2","1","0","0","0","0","0","0","0","0","0","1","1","0","0","0","0","0","0","0","1","0","0","1","0","0","0","0","0","0","0","0","0","0","0","4","0","40.0097","-75.2077","","CRASH_2001_Philadelphia"
"2001210877","06","67","67301","62301","2001","02","6","1917","19","3","1","0","9","1","","","N","00","0","00","3","0","1","2","3","N","N","","","9999","","9999","","0","","N","","0 ","","","","","","","","","","3","0","0","1","0","0","0","0","0","0","0","1","1","0","0","0","0","0","0","0","0","0","0","0","0","0","0","0","0","0","0","0","0","0","0","4","1","","","","CRASH_2001_Philadelphia"
"2001223802","06","67","67301","67301","2001","03","6","2252","22","3","2","1","8","1","","","N","00","0","00","3","0","1","2","2","N","N","39 59:13.200","75 10:50.880","9999","","9999","","0","","N","","0 ","","","","","","","","","","1","0","0","0","0","0","0","1","0","0","0","1","1","0","0","0","0","0","0","0","0","0","0","0","0","0","0","0","0","0","0","0","1","0","0","4","0","39.987","-75.1808","","CRASH_2001_Philadelphia"
"2001233200","06","67","67301","67301","2001","03","1","0007","00","3","1","0","4","1","","","N","01","2","00","3","0","1","2","2","N","N","40 03:57.600","75 03:47.160","9999","","9999","","0","","N","","3 ","","","","","","","","","","2","1","0","0","0","0","0","1","0","0","0","1","1","0","0","0","0","1","0","0","0","0","0","0","0","0","0","0","0","0","0","0","0","0","0","4","0","40.066","-75.0631","","CRASH_2001_Philadelphia"
"2001214312","06","67","67301","67301","2001","02","4","1035","10","1","1","0","4","1","","","N","01","2","00","3","0","1","2","2","N","N","40 00:20.520","75 05:56.400","9999","","9999","","0","","N","","3 ","","","","","","","","","","2","1","0","0","0","0","0","1","0","0","1","0","1","0","0","0","0","0","1","0","0","0","1","0","0","0","0","0","0","0","0","0","0","0","0","3","0","40.0057","-75.099","","CRASH_2001_Philadelphia"
"2001243100","06","67","67301","67301","2001","05","1","1900","19","1","1","0","8","1","","","N","00","0","00","3","0","1","2","2","N","N","","","9999","","9999","","0","","N","","0 ","","","","","","","","","","1","1","0","0","0","0","0","0","0","0","0","1","1","0","0","0","0","0","0","0","0","0","0","0","0","0","0","0","0","0","0","0","1","0","0","4","0","","","","CRASH_2001_Philadelphia"
"2001210660","06","67","67301","67301","2001","02","4","1740","17","3","1","0","7","5","","","N","01","2","00","3","0","1","1","1","N","N","39 59:00.600","75 07:09.120","9999","","9999","","0","","N","","3 ","","","","","","","","","","1","1","0","0","0","0","0","0","0","0","1","0","1","0","0","0","0","0","0","0","0","0","0","0","0","0","0","0","0","0","0","0","0","0","0","3","0","39.9834","-75.1191","","CRASH_2001_Philadelphia"
"2001214227","06","67","67301","67301","2001","03","5","0855","08","1","1","0","4","1","","","N","02","3","02","3","0","1","3","2","N","N","39 59:11.983","75 12:29.919","9999","","9999","","0","","N","","3 ","","","","","","","","","","2","2","0","0","0","0","0","0","0","0","0","1","1","0","0","0","0","0","0","0","0","1","0","1","0","0","0","0","0","0","0","0","0","0","0","4","0","39.9867","-75.2083","","CRASH_2001_Philadelphia"
"2001217036","06","67","67301","67301","2001","03","7","1700","17","1","1","0","8","1","","","N","00","0","00","3","0","1","5","2","N","N","39 58:16.680","75 13:33.240","9999","","9999","","0","","N","","0 ","","","","","","","","","","1","1","0","0","0","0","0","0","0","0","0","1","1","0","0","0","0","1","0","0","0","0","0","0","0","0","0","0","0","0","0","0","1","0","0","4","0","39.9713","-75.2258","","CRASH_2001_Philadelphia"
"2001204593","06","67","67301","67301","2001","01","4","1538","15","1","1","0","7","5","","","N","00","0","00","3","0","1","1","1","N","N","","","9999","","9999","","0","","N","","0 ","","","","","","","","","","1","1","0","0","0","0","0","0","0","0","0","0","0","0","1","0","0","0","0","0","0","0","0","0","0","0","0","0","0","0","0","0","0","0","0","9","0","","","","CRASH_2001_Philadelphia"
"2001207430","06","67","67301","67301","2001","01","4","1225","12","1","1","0","6","1","","","N","00","0","07","3","0","1","4","2","N","N","39 58:20.640","75 07:12.720","9999","","9999","","0","","N","","0 ","","","","","","","","","","2","2","0","0","0","0","0","0","0","0","0","1","1","0","0","0","0","0","0","0","0","0","0","1","0","0","0","0","0","0","0","0","0","0","0","4","0","39.9731","-75.1194","","CRASH_2001_Philadelphia"
"2001223821","06","67","67301","67301","2001","03","3","1200","12","1","1","0","4","1","","","N","01","2","00","3","0","0","2","2","N","N","39 56:08.160","75 13:33.240","9999","","9999","","0","","N","","3 ","","","","","","","","","","2","2","0","0","0","0","0","0","0","0","0","0","0","0","0","0","0","0","0","0","0","0","0","0","0","0","0","0","0","0","0","0","0","0","0","0","0","39.9356","-75.226","","CRASH_2001_Philadelphia"
"2001240250","06","67","67301","67301","2001","04","2","2240","22","3","1","0","1","1","","","N","00","0","00","3","0","1","2","2","N","N","","","9999","","9999","","0","","N","","0 ","","","","","","","","","","2","1","0","0","1","0","0","0","0","0","0","1","1","0","0","0","0","0","0","0","1","0","0","0","0","0","0","0","0","0","0","0","0","0","0","4","0","","","","CRASH_2001_Philadelphia"
"2001008746","06","67","67301","67301","2001","07","3","2245","22","3","1","0","1","1","","","N","00","2","00","3","0","0","2","2","N","N","39 55:11.789","75 11:27.557","2250","","2247","1","1","3","N","","3 ","Y","","","","","","","","","2","0","0","0","1","1","0","0","0","0","0","0","0","0","0","0","0","0","0","0","1","0","0","0","0","0","0","0","0","0","0","0","0","0","0","0","1","39.9198","-75.191","","CRASH_2001_Philadelphia"
"2001211492","06","67","67301","67301","2001","02","4","1604","16","1","1","1","4","1","","","N","01","2","00","3","0","3","5","2","N","N","39 56:20.040","75 11:54.600","9999","","9999","","0","","N","","3 ","","","","","","","","","","2","2","0","0","0","0","0","0","0","0","0","3","3","0","0","0","0","0","0","0","0","0","0","0","0","0","0","0","0","0","0","0","0","0","0","4","0","39.9388","-75.1985","","CRASH_2001_Philadelphia"
"2001215696","06","67","67301","67301","2001","03","5","0800","08","1","1","0","8","1","","","N","01","2","00","3","0","1","2","2","N","N","40 02:18.240","75 02:10.320","9999","","9999","","0","","N","","3 ","","","","","","","","","","1","1","0","0","0","0","0","0","0","0","0","1","1","0","0","0","0","0","0","0","0","0","0","0","0","0","0","0","0","0","0","0","1","0","0","4","0","40.0385","-75.0363","","CRASH_2001_Philadelphia"
"2001216959","06","67","67301","67301","2001","02","4","0019","00","3","1","0","4","1","","","N","01","2","00","3","0","2","2","2","N","N","40 02:06.000","75 10:25.320","9999","","9999","","0","","N","","3 ","","","","","","","","","","2","1","0","0","0","0","1","0","0","0","0","2","2","0","0","0","0","0","0","0","0","0","0","0","0","0","0","0","0","0","0","0","0","0","0","4","0","40.035","-75.1737","","CRASH_2001_Philadelphia"
"2001231652","06","67","67301","67301","2001","03","3","0750","07","1","1","0","4","1","","","N","01","3","00","3","0","1","5","2","Y","N","","","9999","","9999","","0","","N","","3 ","","","","","","","","","","2","1","0","1","0","0","0","0","0","0","0","1","1","0","0","0","0","0","0","0","1","0","0","0","0","0","0","0","0","0","0","0","0","0","0","4","1","","","","CRASH_2001_Philadelphia"
"2001239094","06","67","67301","67301","2001","04","1","1650","16","1","1","0","4","1","","","N","01","3","00","3","0","1","4","2","N","N","","","9999","","9999","","0","","N","","3 ","","","","","","","","","","2","2","0","0","0","0","0","0","0","0","0","1","1","0","0","0","0","1","0","0","0","0","0","0","0","0","0","0","0","0","0","0","0","0","0","4","0","","","","CRASH_2001_Philadelphia"
"2001208991","06","67","67301","67301","2001","01","6","1745","17","3","1","5","7","5","","","N","02","3","00","3","0","1","1","1","N","N","40 00:05.364","75 07:51.988","9999","","9999","","0","","N","","3 ","","","","","","","","","","1","1","0","0","0","0","0","0","0","0","0","1","1","0","0","0","0","0","0","0","0","0","0","0","0","0","0","0","0","0","0","0","0","0","0","4","0","40.0015","-75.1311","","CRASH_2001_Philadelphia"
"2001209075","06","67","67301","67301","2001","01","5","2030","20","3","1","1","8","1","","","N","01","2","00","3","0","1","2","2","N","N","40 02:19.838","75 10:17.839","9999","","9999","","0","","N","","3 ","","","","","","","","","","1","1","0","0","0","0","0","0","0","0","0","1","1","0","0","0","0","0","0","0","0","0","0","0","0","0","0","0","0","0","0","0","1","0","0","4","0","40.0388","-75.1716","","CRASH_2001_Philadelphia"
"2001211488","06","67","67301","67301","2001","02","2","1400","14","1","1","0","4","1","","","N","02","3","00","3","0","1","2","2","N","N","39 59:54.600","75 07:47.280","9999","","9999","","0","","N","","3 ","","","","","","","","","","2","1","0","0","1","0","0","0","0","0","0","1","1","0","0","0","0","0","0","0","0","0","0","0","0","0","0","0","0","0","0","0","0","0","0","4","0","39.9985","-75.1298","","CRASH_2001_Philadelphia"
"2001238944","06","67","67301","67301","2001","04","2","1651","16","1","1","0","1","1","","","N","01","2","00","3","0","0","4","2","N","N","40 02:06.000","75 04:10.200","9999","","9999","","0","","N","","3 ","","","","","","","","","","2","1","0","0","0","0","0","1","0","0","0","0","0","0","0","0","0","0","0","0","0","0","0","0","0","0","0","0","0","0","0","0","0","0","0","0","0","40.0351","-75.0695","","CRASH_2001_Philadelphia"
"2001204580","06","67","67301","67301","2001","01","2","0045","00","3","2","1","4","1","","","N","01","1","00","3","0","1","2","2","N","N","40 01:45.357","75 10:53.338","9999","","9999","","0","","N","","3 ","","","","","","","","","","2","1","0","0","0","0","0","0","0","1","0","0","1","0","0","0","0","0","0","0","0","0","0","0","0","0","0","1","0","0","0","0","0","0","0","2","0","40.0293","-75.1815","","CRASH_2001_Philadelphia"
"2001211368","06","67","67301","67301","2001","02","5","0155","01","3","5","1","7","1","","","N","00","0","00","3","0","1","1","1","N","N","40 03:06.120","75 03:02.520","9999","","9999","","0","","N","","0 ","","","","","","","","","","1","1","0","0","0","0","0","0","0","0","0","1","1","0","0","0","0","0","0","0","0","0","0","0","0","0","0","0","0","0","0","0","0","0","0","4","0","40.0518","-75.0508","","CRASH_2001_Philadelphia"
"2001215529","06","67","67301","67301","2001","03","2","1022","10","1","3","5","1","1","","","N","00","0","03","3","0","1","2","2","N","N","39 53:42.000","75 11:36.600","9999","","9999","","0","","N","","0 ","","","","","","","","","","2","0","0","0","1","0","1","0","0","0","0","1","1","0","0","0","0","0","0","0","1","0","0","2","0","0","0","0","0","0","0","0","0","0","0","4","0","39.8987","-75.1797","","CRASH_2001_Philadelphia"
"2001233355","06","67","67301","67301","2001","03","3","0825","08","1","1","0","4","1","","","N","00","0","00","3","0","2","3","2","N","N","","","9999","","9999","","0","","N","","0 ","","","","","","","","","","2","1","0","0","0","1","0","0","0","0","0","1","1","0","1","0","0","0","0","0","0","0","0","0","0","0","0","0","0","0","0","0","0","0","0","4","1","","","","CRASH_2001_Philadelphia"
"2001238189","06","67","67301","67301","2001","03","6","1708","17","1","1","1","7","5","","","N","00","0","00","3","0","0","2","2","N","N","","","9999","","9999","","0","","N","","0 ","","","","","","","","","","1","1","0","0","0","0","0","0","0","0","0","0","0","0","0","0","0","0","0","0","0","0","0","0","0","0","0","0","0","0","0","0","1","0","0","0","0","","","","CRASH_2001_Philadelphia"
"2001244660","06","67","67301","67301","2001","04","5","0115","01","3","9","9","1","1","","","N","01","2","00","3","0","2","3","2","N","N","39 59:46.320","75 10:20.640","9999","","9999","","0","","N","","3 ","","","","","","","","","","2","2","0","0","0","0","0","0","0","0","0","2","2","0","0","0","0","0","0","1","0","0","0","0","0","0","0","0","0","0","0","0","0","0","0","4","0","39.9962","-75.1723","","CRASH_2001_Philadelphia"
"2001244793","06","67","67301","67301","2001","05","5","0600","06","1","1","0","9","1","","","N","01","3","00","3","0","0","1","2","N","N","39 56:54.960","75 12:25.560","9999","","9999","","0","","N","","3 ","","","","","","","","","","2","1","0","0","0","0","0","0","0","0","0","0","0","0","0","0","0","0","0","0","0","0","0","0","0","0","0","0","0","0","0","0","0","0","0","0","0","39.9485","-75.2071","","CRASH_2001_Philadelphia"
"2001243458","06","67","67301","67301","2001","05","4","1300","13","1","1","0","8","1","","","N","02","9","07","3","0","1","2","2","N","N","40 00:21.960","75 12:58.320","9999","","9999","","0","","N","","9 ","","","","","","","","","","1","1","0","0","0","0","0","0","0","0","0","1","1","0","0","0","0","0","0","0","0","0","0","0","0","0","0","0","0","0","0","0","1","0","0","4","0","40.0063","-75.2158","","CRASH_2001_Philadelphia"
"2001016956","06","67","67301","67301","2001","05","7","2018","20","1","1","0","4","1","","","N","00","0","07","3","0","2","3","2","N","N","40 02:51.746","75 03:35.776","2025","","2018","","0","","N","","0 ","","","","","","","","","","2","1","0","0","1","0","0","0","0","1","0","1","2","0","0","0","0","0","0","0","0","0","0","2","0","0","0","0","0","0","0","0","0","0","0","2","0","40.0477","-75.0599","","CRASH_2001_Philadelphia"
"2001207406","06","67","67301","67301","2001","01","6","1756","17","3","1","0","4","1","","","N","01","2","00","3","0","2","2","2","N","N","40 03:35.280","75 14:17.520","9999","","9999","","0","","N","","3 ","","","","","","","","","","2","1","0","0","1","0","0","0","0","0","0","1","1","0","1","0","0","0","0","0","1","0","0","0","0","0","0","0","0","0","0","0","0","0","0","4","0","40.0598","-75.2382","","CRASH_2001_Philadelphia"
"2001208992","06","67","67301","67301","2001","02","5","0800","08","1","1","0","8","1","","","N","00","0","00","3","0","1","2","2","N","N","","","9999","","9999","","0","","N","","0 ","","","","","","","","","","1","1","0","0","0","0","0","0","0","0","0","1","1","0","0","0","0","0","0","0","0","0","0","0","0","0","0","0","0","0","0","0","1","0","0","4","0","","","","CRASH_2001_Philadelphia"
"2001209181","06","67","67301","67301","2001","01","5","0912","09","1","1","0","1","1","","","N","00","0","07","3","0","1","2","2","N","N","39 58:22.440","75 10:14.520","9999","","9999","","0","","N","","0 ","","","","","","","","","","2","1","0","0","0","0","0","1","0","0","0","0","0","0","1","0","0","0","0","0","0","0","0","0","0","0","0","0","0","0","0","0","0","0","0","9","0","39.9729","-75.1707","","CRASH_2001_Philadelphia"
"2001215621","06","67","67301","67301","2001","03","5","1445","14","1","1","0","2","1","","","N","01","3","00","3","0","2","2","2","N","N","","","9999","","9999","","0","","N","","3 ","","","","","","","","","","2","2","0","0","0","0","0","0","0","0","1","0","1","0","1","0","0","0","0","0","0","1","0","0","0","0","0","0","0","0","0","0","0","0","0","3","0","","","","CRASH_2001_Philadelphia"
"2001238965","06","67","67301","67301","2001","04","1","1549","15","9","9","9","4","1","","","N","01","3","00","3","0","2","6","2","N","N","","","9999","","9999","","0","","N","","3 ","","","","","","","","","","2","2","0","0","0","0","0","0","0","0","0","0","0","0","2","0","0","0","0","0","0","0","0","0","0","0","0","0","0","0","0","0","0","0","0","9","0","","","","CRASH_2001_Philadelphia"
"2001240242","06","67","67301","67301","2001","04","2","0745","07","1","1","0","1","1","","","N","00","0","00","3","0","1","3","3","N","N","","","9999","","9999","","0","","N","","0 ","","","","","","","","","","3","1","0","0","0","0","2","0","0","0","1","0","1","0","0","0","0","0","0","0","0","0","0","1","0","0","0","0","0","0","0","0","0","0","0","3","0","","","","CRASH_2001_Philadelphia"
"2001243101","06","67","67301","67301","2001","05","6","1225","12","1","1","0","7","1","","","N","00","0","02","3","0","1","1","1","N","N","40 01:38.640","75 01:31.080","9999","","9999","","0","","N","","0 ","","","","","","","","","","1","1","0","0","0","0","0","0","0","0","0","0","0","0","1","0","0","0","0","0","0","1","0","0","0","0","0","0","0","0","0","0","0","0","0","9","0","40.028","-75.0241","","CRASH_2001_Philadelphia"
"2001204533","06","67","67301","67301","2001","01","7","0247","02","3","1","1","9","1","","","N","00","0","00","3","0","1","1","3","N","N","40 05:10.320","74 58:12.000","9999","","9999","","0","","N","","0 ","","","","","","","","","","3","1","0","0","0","0","0","0","0","0","0","0","0","0","1","0","0","0","0","0","0","0","0","1","0","0","0","0","0","0","0","0","0","0","0","9","0","40.0861","-74.9701","","CRASH_2001_Philadelphia"
"2001206166","06","67","67301","67301","2001","01","5","0931","09","1","1","0","8","1","","","N","01","2","00","3","0","1","2","2","N","N","39 58:50.520","75 14:47.760","9999","","9999","","0","","N","","3 ","","","","","","","","","","1","0","0","0","1","0","0","0","0","1","0","0","1","0","0","0","0","0","0","0","0","0","0","0","0","0","0","0","0","0","0","0","1","0","1","2","0","39.9806","-75.2466","","CRASH_2001_Philadelphia"
"2001215577","06","67","67301","67301","2001","02","3","1801","18","4","1","0","1","1","","","N","00","0","03","3","0","1","3","3","N","N","39 58:26.040","75 07:09.840","9999","","9999","","0","","N","","0 ","","","","","","","","","","3","2","0","0","0","1","0","0","0","0","1","0","1","0","0","0","0","0","0","0","2","0","0","0","0","0","0","0","0","0","0","0","0","0","0","3","1","39.9735","-75.1199","","CRASH_2001_Philadelphia"
"2001215622","06","67","67301","67301","2001","03","5","2010","20","3","1","0","4","1","","","N","01","3","00","3","0","1","2","2","N","N","39 56:06.381","75 11:05.074","9999","","9999","","0","","N","","3 ","","","","","","","","","","1","0","0","0","0","0","0","0","1","0","0","1","1","0","0","0","0","0","0","0","0","0","0","0","0","0","0","0","0","0","0","0","0","0","0","4","0","39.9351","-75.1847","","CRASH_2001_Philadelphia"
"2001224005","06","67","67301","67301","2001","03","2","1633","16","1","1","0","4","1","","","N","01","2","00","3","0","1","2","2","N","N","39 59:40.560","75 05:40.200","9999","","9999","","0","","N","","3 ","","","","","","","","","","2","1","0","0","0","0","0","1","0","0","0","1","1","0","0","0","0","0","0","0","0","0","0","0","0","0","0","0","0","0","0","0","0","0","0","4","0","39.9946","-75.0945","","CRASH_2001_Philadelphia"
"2001204643","06","67","67301","67301","2001","01","6","0730","07","1","1","6","5","1","","","N","00","0","00","3","0","2","3","5","N","N","39 58:29.280","75 14:43.440","9999","","9999","","0","","N","","0 ","","","","","","","","","","5","0","0","0","0","0","1","0","0","0","0","2","2","0","0","0","0","0","0","0","0","0","0","0","0","0","0","0","0","0","0","0","0","0","0","4","0","39.9748","-75.2454","","CRASH_2001_Philadelphia"
"2001205957","06","67","67301","67301","2001","01","1","1945","19","3","9","2","4","1","","","N","01","3","00","3","0","4","5","2","N","N","","","9999","","9999","","0","","N","","3 ","","","","","","","","","","2","1","0","0","0","0","0","1","0","0","4","0","4","0","0","0","0","0","0","0","0","0","0","0","0","0","0","0","0","0","0","0","0","0","0","3","0","","","","CRASH_2001_Philadelphia"
"2001209121","06","67","67301","67301","2001","01","1","2330","23","3","2","1","7","5","","","N","00","0","00","3","0","1","1","1","N","N","39 54:37.800","75 08:56.400","9999","","9999","","0","","N","","0 ","","","","","","","","","","1","1","0","0","0","0","0","0","0","0","0","0","0","0","1","0","0","0","0","0","0","0","0","0","0","0","0","0","0","0","0","0","0","0","0","9","0","39.9109","-75.149","","CRASH_2001_Philadelphia"
"2001209145","06","67","67301","67301","2001","02","1","0751","07","1","1","0","4","1","","","N","01","2","00","3","0","0","3","2","N","N","39 56:58.920","75 10:02.640","9999","","9999","","0","","N","","3 ","","","","","","","","","","2","2","0","0","0","0","0","0","0","0","0","0","0","0","0","0","0","0","0","0","0","0","0","0","0","0","0","0","0","0","0","0","0","0","0","0","0","39.9497","-75.1674","","CRASH_2001_Philadelphia"
"2001211693","06","67","67301","67301","2001","02","2","0000","00","3","1","0","9","1","","","N","00","0","00","3","0","0","1","3","N","N","","","9999","","9999","","0","","N","","0 ","","","","","","","","","","3","1","0","0","0","0","0","0","0","0","0","0","0","0","0","0","0","0","0","0","0","0","0","1","0","0","0","0","0","0","0","0","0","0","0","0","0","","","","CRASH_2001_Philadelphia"
"2001231206","06","67","67301","67301","2001","03","6","0905","09","1","1","0","4","1","","","N","01","2","00","3","0","0","2","2","N","N","39 57:10.080","75 11:31.560","9999","","9999","","0","","N","","3 ","","","","","","","","","","2","1","0","0","0","0","0","1","0","0","0","0","0","0","0","0","0","0","0","0","1","0","0","0","0","0","0","0","0","0","0","0","0","0","0","0","0","39.9528","-75.1921","","CRASH_2001_Philadelphia"
"2001233285","06","67","67301","67301","2001","04","1","0715","07","1","1","0","4","1","","","N","01","2","00","3","0","2","2","2","N","N","39 57:46.553","75 11:28.839","9999","","9999","","0","","N","","3 ","","","","","","","","","","2","1","0","0","0","0","0","0","0","0","1","0","1","0","1","0","0","0","0","0","0","0","0","0","0","0","0","0","0","0","0","0","0","0","0","3","0","39.9629","-75.1913","","CRASH_2001_Philadelphia"
"2001008700","06","67","67301","67301","2001","06","4","2313","23","3","1","0","7","5","","","N","01","3","00","3","0","1","1","1","N","N","40 02:22.201","75 09:16.132","2313","","2313","","0","","N","","3 ","","","","","","","","","","1","1","0","0","0","0","0","0","0","0","0","1","1","0","0","0","0","0","0","0","0","0","0","1","0","0","0","0","0","0","0","0","0","0","0","4","0","40.0395","-75.1545","","CRASH_2001_Philadelphia"
"2001008615","06","67","67301","67301","2001","06","6","1900","19","3","1","0","7","5","","","N","02","2","00","3","0","1","1","1","N","N","40 01:21.360","75 08:11.760","1910","","1905","","0","","N","","3 ","","","","","","","","","","1","1","0","0","0","0","0","0","0","0","0","1","1","0","0","0","0","0","0","0","1","0","0","0","0","0","0","0","0","0","0","0","0","0","0","4","0","40.0226","-75.1366","","CRASH_2001_Philadelphia"
"2001010312","06","67","67301","67301","2001","06","7","1355","13","1","1","0","4","1","","","N","01","2","00","3","0","0","4","2","N","N","39 55:01.000","75 14:46.549","1430","","1401","","0","","N","","3 ","","","","","","","","","","2","2","0","0","0","0","0","0","0","0","0","0","0","0","0","0","0","0","0","0","0","0","0","0","0","0","0","0","0","0","0","0","0","0","0","0","0","39.9172","-75.2463","","CRASH_2001_Philadelphia"
"2001209024","06","67","67301","67301","2001","01","3","1125","11","1","4","1","4","1","","","N","02","3","00","3","0","1","2","4","N","N","","","9999","","9999","","0","","N","","3 ","","","","","","","","","","4","1","0","0","0","0","1","0","0","0","1","0","1","0","0","0","0","0","0","0","0","0","0","0","0","0","0","0","0","0","0","0","0","0","0","3","0","","","","CRASH_2001_Philadelphia"
"2001209046","06","67","67301","67301","2001","01","2","1730","17","3","1","0","1","1","","","N","00","0","00","3","0","2","4","3","N","N","40 01:13.800","75 08:27.600","9999","","9999","","0","","N","","0 ","","","","","","","","","","3","3","0","0","0","0","0","0","0","0","0","2","2","0","0","0","0","0","0","0","2","0","0","0","0","0","0","0","0","0","0","0","0","0","0","4","0","40.0207","-75.1408","","CRASH_2001_Philadelphia"
"2001239113","06","67","67301","67301","2001","04","5","2105","21","3","1","0","4","1","","","N","01","2","00","3","0","1","3","2","N","N","40 01:17.400","75 03:06.480","9999","","9999","","0","","N","","3 ","","","","","","","","","","2","1","0","0","0","0","0","1","0","0","0","1","1","0","0","0","0","0","0","0","0","0","0","0","0","0","0","0","0","0","0","0","0","0","0","4","0","40.0215","-75.0518","","CRASH_2001_Philadelphia"
"2001239140","06","67","67301","67301","2001","04","2","1440","14","1","1","0","4","1","","","N","01","2","00","3","0","2","3","2","N","N","40 04:50.160","75 01:42.240","9999","","9999","","0","","N","","3 ","","","","","","","","","","2","2","0","0","0","0","0","0","0","0","0","0","0","0","2","0","0","0","0","0","0","1","0","0","0","0","0","0","0","0","0","0","0","0","0","9","0","40.0809","-75.0288","","CRASH_2001_Philadelphia"
"2001017598","06","67","67301","67301","2001","05","6","0830","08","1","2","1","4","1","","","N","01","2","00","3","0","1","2","2","N","N","39 59:50.020","75 10:48.832","0835","","0830","","0","","Y","","3 ","","","","","","","","","","2","2","0","0","0","0","0","0","0","0","0","1","1","0","0","0","0","0","0","0","0","0","1","1","0","0","0","0","0","0","0","0","0","0","0","4","0","39.9973","-75.1802","","CRASH_2001_Philadelphia"