"CRN","DISTRICT","COUNTY","MUNICIPALITY","POLICE_AGCY","CRASH_YEAR","CRASH_MONTH","DAY_OF_WEEK","TIME_OF_DAY","HOUR_OF_DAY","ILLUMINATION","WEATHER","ROAD_CONDITION","COLLISION_TYPE","RELATION_TO_ROAD","WORK_ZONE_TYPE","WORK_ZONE_LOC","WORK_ZONE_IND","INTERSECT_TYPE","TCD_TYPE","LOCATION_TYPE","URBAN_RURAL","FATAL_COUNT","INJURY_COUNT","PERSON_COUNT","TOTAL_UNITS","SCH_BUS_IND","SCH_ZONE_IND","LATITUDE","LONGITUDE","ARRIVAL_TM","CONS_ZONE_SPD_LIM","DISPATCH_TM","EST_HRS_CLOSED","LANE_CLOSED","LN_CLOSE_DIR","NTFY_HIWY_MAINT","SPEC_JURIS_CD","TCD_FUNC_CD","TFC_DETOUR_IND","WORKERS_PRES","WZ_CLOSE_DETOUR","WZ_FLAGGER","WZ_LAW_OFFCR_IND","WZ_LN_CLOSURE","WZ_MOVING","WZ_OTHER","WZ_SHLDER_MDN","VEHICLE_COUNT","AUTOMOBILE_COUNT","MOTORCYCLE_COUNT","BUS_COUNT","SMALL_TRUCK_COUNT","HEAVY_TRUCK_COUNT","SUV_COUNT","VAN_COUNT","BICYCLE_COUNT","MAJ_INJ_COUNT","MOD_INJ_COUNT","MIN_INJ_COUNT","TOT_INJ_COUNT","UNK_INJ_DEG_COUNT","UNK_INJ_PER_COUNT","DRIVER_COUNT_16YR","DRIVER_COUNT_17YR","DRIVER_COUNT_18YR","DRIVER_COUNT_19YR","DRIVER_COUNT_20YR","DRIVER_COUNT_50_64YR","DRIVER_COUNT_65_74YR","DRIVER_COUNT_75PLUS","UNBELTED_OCC_COUNT","UNB_DEATH_COUNT","UNB_MAJ_INJ_COUNT","BELTED_DEATH_COUNT","BELTED_MAJ_INJ_COUNT","MCYCLE_DEATH_COUNT","MCYCLE_MAJ_INJ_COUNT","BICYCLE_DEATH_COUNT","BICYCLE_MAJ_INJ_COUNT","PED_COUNT","PED_DEATH_COUNT","PED_MAJ_INJ_COUNT","MAX_SEVERITY_LEVEL","COMM_VEH_COUNT","DEC_LAT","DEC_LONG","RDWY_SURF_TYPE_CD","COUNTY_YEAR"
"2001206207","06","67","67301","67301","2001","01","6","1820","18","3","2","1","4","1","","","N","02","3","00","3","0","1","2","2","N","N","40 03:09.000","75 00:08.280","9999","","9999","","0","","N","","3 ","","","","","","","","","","2","2","0","0","0","0","0","0","0","0","0","0","0","0","1","0","0","0","0","1","1","0","0","0","0","0","0","0","0","0","0","0","0","0","0","9","0","40.0525","-75.0023","","CRASH_2001_Philadelphia"
"2001208936","06","67","67301","67301","2001","01","5","0943","09","1","4","1","4","1","","","N","01","2","00","3","0","1","3","3","N","N","40 02:07.080","75 08:43.800","9999","","9999","","0","","N","","3 ","","","","","","","","","","3","2","0","0","0","0","0","1","0","0","0","1","1","0","0","0","0","0","0","0","0","1","0","0","0","0","0","0","0","0","0","0","0","0","0","4","0","40.0352","-75.1456","","CRASH_2001_Philadelphia"
"2001213111","06","67","67301","67301","2001","02","6","0110","01","3","1","3","7","5","","","N","00","0","00","3","0","0","1","1","N","N","","","9999","","9999","","0","","N","","0 ","","","","","","","","","","1","1","0","0","0","0","0","0","0","0","0","0","0","0","0","0","0","0","0","0","0","0","0","0","0","0","0","0","0","0","0","0","0","0","0","0","0","","","","CRASH_2001_Philadelphia"
"2001231182","06","67","67301","67301","2001","03","7","1840","18","3","1","0","4","1","","","N","01","9","00","3","0","2","2","2","N","N","39 54:51.480","75 10:18.480","9999","","9999","","0","","N","","9 ","","","","","","","","","","2","2","0","0","0","0","0","0","0","0","2","0","2","0","0","0","0","0","0","0","0","0","0","0","0","0","0","0","0","0","0","0","0","0","0","3","0","39.9143","-75.1718","","CRASH_2001_Philadelphia"
"2001233287","06","67","67301","67301","2001","03","5","1445","14","1","1","0","8","1","","","N","00","0","00","3","0","2","2","2","N","N","","","9999","","9999","","0","","N","","0 ","","","","","","","","","","1","1","0","0","0","0","0","0","0","0","0","1","1","0","1","0","0","0","0","0","0","0","0","0","0","0","0","0","0","0","0","0","1","0","0","4","0","","","","CRASH_2001_Philadelphia"
"2001214621","06","67","67301","67301","2001","02","6","2246","22","3","2","1","7","2","","","N","00","0","00","3","0","0","1","1","N","N","","","9999","","9999","","0","","N","","0 ","","","","","","","","","","1","1","0","0","0","0","0","0","0","0","0","0","0","0","0","0","0","0","0","0","0","0","0","0","0","0","0","0","0","0","0","0","0","0","0","0","0","","","","CRASH_2001_Philadelphia"
"2001215592","06","67","67301","67301","2001","02","6","1940","19","3","1","3","4","1","","","N","01","2","00","3","0","1","2","3","N","N","","","9999","","9999","","0","","N","","3 ","","","","","","","","","","3","1","0","0","0","0","1","0","0","0","1","0","1","0","0","0","0","0","0","0","0","0","0","0","0","0","0","0","0","0","0","0","0","0","0","3","0","","","","CRASH_2001_Philadelphia"
"2001233048","06","67","67301","67301","2001","04","7","0330","03","3","1","0","1","1","","","N","01","2","00","3","0","3","4","2","N","N","39 57:47.520","75 12:08.640","9999","","9999","","0","","N","","3 ","","","","","","","","","","2","2","0","0","0","0","0","0","0","0","0","2","2","0","1","0","0","0","0","0","0","0","0","0","0","0","0","0","0","0","0","0","0","0","0","4","0","39.9632","-75.2023","","CRASH_2001_Philadelphia"
"2001239112","06","67","67301","67301","2001","04","5","0845","08","1","1","0","4","1","","","N","01","2","00","3","0","1","2","2","N","N","","","9999","","9999","","0","","N","","3 ","","","","","","","","","","1","1","0","0","0","0","0","0","1","0","0","1","1","0","0","0","0","0","0","0","0","0","0","0","0","0","0","0","0","0","0","0","0","0","0","4","0","","","","CRASH_2001_Philadelphia"
"2001207399","06","67","67301","67301","2001","01","7","0221","02","3","1","1","1","1","","","N","06","0","02","3","0","0","5","3","N","N","39 56:42.720","75 11:24.720","9999","","9999","","0","","N","","0 ","","","","","","","","","","3","3","0","0","0","0","0","0","0","0","0","0","0","0","0","0","0","0","0","1","1","0","0","0","0","0","0","0","0","0","0","0","0","0","0","0","0","39.9452","-75.1902","","CRASH_2001_Philadelphia"
"2001231135","06","67","67301","67301","2001","03","6","0930","09","1","1","0","5","1","","","N","02","2","00","3","0","3","4","3","N","N","39 59:21.667","75 07:35.216","9999","","9999","","0","","N","","3 ","","","","","","","","","","3","1","0","0","1","0","0","0","0","0","0","0","0","0","3","0","0","0","0","1","0","0","0","3","0","0","0","0","0","0","0","0","0","0","0","9","0","39.9894","-75.1264","","CRASH_2001_Philadelphia"
"2001238092","06","67","67301","67301","2001","04","4","1256","12","1","2","1","4","1","","","N","01","2","00","3","0","2","3","4","N","N","","","9999","","9999","","0","","N","","3 ","","","","","","","","","","4","2","0","0","0","0","0","0","0","0","0","2","2","0","0","0","0","0","0","0","0","0","0","0","0","0","0","0","0","0","0","0","0","0","0","4","0","","","","CRASH_2001_Philadelphia"
"2001007215","06","67","67301","67301","2001","05","7","2330","23","3","1","0","4","1","","","N","02","2","00","3","0","1","2","2","N","N","40 03:25.560","75 02:03.480","0030","","0002","","0","","N","","3 ","","","","","","","","","","2","2","0","0","0","0","0","0","0","0","1","0","1","0","0","0","0","0","0","0","2","0","0","0","0","0","0","0","0","0","0","0","0","0","0","3","0","40.0571","-75.0345","","CRASH_2001_Philadelphia"
"2001016938","06","67","67301","67301","2001","05","4","1847","18","1","1","0","1","1","","","N","02","2","00","3","0","1","3","3","N","N","40 01:34.983","75 06:57.291","1857","","1847","2","2","3","N","","3 ","Y","","","","","","","","","3","1","0","1","1","0","0","0","0","0","1","0","1","0","0","0","0","0","0","0","1","0","0","1","0","0","0","0","0","0","0","0","0","0","0","3","1","40.0264","-75.116","","CRASH_2001_Philadelphia"
"2001207355","06","67","67301","67301","2001","01","5","1623","16","1","1","0","4","1","","","N","02","0","00","3","0","1","3","2","N","N","40 04:27.480","75 00:06.480","9999","","9999","","0","","N","","0 ","","","","","","","","","","2","2","0","0","0","0","0","0","0","0","0","0","0","0","1","0","0","0","0","0","0","0","1","0","0","0","0","0","0","0","0","0","0","0","0","9","0","40.0745","-75.002","","CRASH_2001_Philadelphia"
"2001208975","06","67","67301","67301","2001","02","7","1137","11","1","1","0","4","1","","","N","01","2","00","3","0","1","4","2","N","N","","","9999","","9999","","0","","N","","3 ","","","","","","","","","","2","2","0","0","0","0","0","0","0","0","0","1","1","0","0","0","0","0","0","0","1","0","0","0","0","0","0","0","0","0","0","0","0","0","0","4","0","","","","CRASH_2001_Philadelphia"
"2001210791","06","67","67301","67301","2001","02","4","9999","99","1","1","1","4","1","","","N","00","0","07","3","0","1","4","2","N","N","","","9999","","9999","","0","","N","","0 ","","","","","","","","","","2","1","0","0","0","0","0","1","0","0","1","0","1","0","0","0","0","0","0","0","1","0","0","0","0","0","0","0","0","0","0","0","0","0","0","3","0","","","","CRASH_2001_Philadelphia"
"2001215562","06","67","67301","67301","2001","02","4","0001","00","3","1","0","7","5","","","N","01","2","00","3","0","1","1","1","N","N","39 57:29.160","75 12:33.840","9999","","9999","","0","","N","","3 ","","","","","","","","","","1","1","0","0","0","0","0","0","0","1","0","0","1","0","0","0","0","0","0","0","0","0","0","0","0","0","0","0","0","0","0","0","0","0","0","2","0","39.9581","-75.2094","","CRASH_2001_Philadelphia"
"2001207477","06","67","67301","67301","2001","01","7","2346","23","3","4","3","4","1","","","N","01","2","00","3","0","1","2","2","N","N","39 57:05.400","75 09:24.120","9999","","9999","","0","","N","","3 ","","","","","","","","","","2","2","0","0","0","0","0","0","0","0","0","0","0","0","1","0","0","0","0","0","0","0","0","0","0","0","0","0","0","0","0","0","0","0","0","9","0","39.9515","-75.1567","","CRASH_2001_Philadelphia"
"2001213090","06","67","67301","67301","2001","02","7","2313","23","3","1","0","8","1","","","N","00","0","00","3","0","1","2","2","N","N","40 01:52.320","75 01:19.200","9999","","9999","","0","","N","","0 ","","","","","","","","","","1","1","0","0","0","0","0","0","0","0","0","0","0","0","1","0","0","0","0","0","1","0","0","0","0","0","0","0","0","0","0","0","1","0","0","9","0","40.0312","-75.0219","","CRASH_2001_Philadelphia"
"2001215611","06","67","67301","67301","2001","02","3","0750","07","1","1","0","4","1","","","N","01","2","00","3","0","1","3","2","N","N","40 00:08.280","75 09:28.080","9999","","9999","","0","","N","","3 ","","","","","","","","","","2","1","0","0","0","1","0","0","0","0","0","1","1","0","0","0","0","0","0","0","0","0","0","0","0","0","0","0","0","0","0","0","0","0","0","4","1","40.0022","-75.1577","","CRASH_2001_Philadelphia"
"2001216886","06","67","67301","67301","2001","03","4","1200","12","1","1","0","4","1","","","N","01","2","00","3","0","1","2","2","N","N","39 59:22.920","75 15:02.880","9999","","9999","","0","","N","","3 ","","","","","","","","","","1","1","0","0","0","0","0","0","1","0","1","0","1","0","0","0","0","0","0","0","0","0","0","0","0","0","0","0","0","0","0","0","0","0","0","3","0","39.9897","-75.2508","","CRASH_2001_Philadelphia"
"2001016711","06","67","67301","67301","2001","06","7","1130","11","1","2","1","4","1","","","N","01","2","00","3","0","3","4","4","N","N","39 57:17.522","75 11:00.045","1145","","1140","","0","","N","","3 ","","","","","","","","","","1","1","0","0","0","0","0","0","3","0","1","2","3","0","0","0","0","0","0","0","0","0","0","0","0","0","0","0","0","0","0","0","0","0","0","3","0","39.955","-75.1839","","CRASH_2001_Philadelphia"
"2001019679","06","67","67301","67301","2001","06","2","1800","18","1","1","0","7","9","","","N","06","0","02","3","0","1","1","1","N","N","40 02:58.000","74 59:36.369","1810","","1800","","0","","Y","","0 ","","","","","","","","","","1","0","0","0","0","1","0","0","0","0","0","1","1","0","0","0","0","0","0","0","0","0","0","0","0","0","0","0","0","0","0","0","0","0","0","4","1","40.0492","-74.996","","CRASH_2001_Philadelphia"
"2001206230","06","67","67301","67301","2001","01","4","1240","12","1","1","0","4","1","","","N","01","2","00","3","0","1","3","2","N","N","40 04:50.160","75 01:42.240","9999","","9999","","0","","N","","3 ","","","","","","","","","","2","2","0","0","0","0","0","0","0","0","0","1","1","0","0","0","0","0","0","0","0","0","1","0","0","0","0","0","0","0","0","0","0","0","0","4","0","40.0807","-75.0286","","CRASH_2001_Philadelphia"
"2001223922","06","67","67301","67301","2001","03","7","1900","19","3","2","1","4","1","","","N","01","3","00","3","0","0","2","2","N","N","","","9999","","9999","","0","","N","","3 ","","","","","","","","","","2","2","0","0","0","0","0","0","0","0","0","0","0","0","0","0","0","0","0","0","0","0","0","0","0","0","0","0","0","0","0","0","0","0","0","0","0","","","","CRASH_2001_Philadelphia"
"2001244916","06","67","67301","67301","2001","05","1","0157","01","3","1","0","0","1","","","N","03","0","00","3","0","1","1","1","N","N","39 53:03.120","75 14:40.560","9999","","9999","","0","","N","","0 ","","","","","","","","","","1","0","0","0","0","0","1","0","0","0","0","1","1","0","0","0","0","0","0","0","0","0","0","0","0","0","0","0","0","0","0","0","0","0","0","4","0","39.8842","-75.2444","","CRASH_2001_Philadelphia"
"2001008770","06","67","67301","67301","2001","05","2","1315","13","1","2","1","5","1","","","N","00","0","00","3","0","0","3","5","N","N","40 03:15.840","75 05:27.240","1320","","1317","","0","","N","","0 ","","","","","","","","","","5","5","0","0","0","0","0","0","0","0","0","0","0","0","0","0","0","0","0","0","0","0","0","0","0","0","0","0","0","0","0","0","0","0","0","0","0","40.0544","-75.0909","","CRASH_2001_Philadelphia"
"2001204587","06","67","67301","67301","2001","01","6","1518","15","1","4","3","4","1","","","N","00","0","00","3","0","0","3","2","N","N","","","9999","","9999","","0","","N","","0 ","","","","","","","","","","2","2","0","0","0","0","0","0","0","0","0","0","0","0","0","0","0","0","0","0","1","0","0","0","0","0","0","0","0","0","0","0","0","0","0","0","0","","","","CRASH_2001_Philadelphia"
"2001207287","06","67","67301","67301","2001","01","2","0815","08","1","4","5","2","1","","","N","00","0","00","3","0","2","3","2","N","N","39 58:37.560","75 13:35.760","9999","","9999","","0","","N","","0 ","","","","","","","","","","2","1","0","0","0","0","1","0","0","0","0","0","0","0","2","0","0","0","0","0","1","0","0","0","0","0","0","0","0","0","0","0","0","0","0","9","0","39.9771","-75.2264","","CRASH_2001_Philadelphia"
"2001207458","06","67","67301","67301","2001","01","4","2220","22","3","1","6","7","5","","","N","00","0","00","3","0","0","1","1","N","N","39 59:58.200","75 11:26.520","9999","","9999","","0","","N","","0 ","","","","","","","","","","1","1","0","0","0","0","0","0","0","0","0","0","0","0","0","0","0","0","0","0","0","0","0","0","0","0","0","0","0","0","0","0","0","0","0","0","0","39.9993","-75.1906","","CRASH_2001_Philadelphia"
"2001211508","06","67","67301","67301","2001","02","5","0006","00","3","6","1","9","1","","","N","00","0","00","3","0","0","1","3","N","N","","","9999","","9999","","0","","N","","0 ","","","","","","","","","","3","1","0","0","0","0","0","0","0","0","0","0","0","0","0","0","0","0","0","0","0","0","0","0","0","0","0","0","0","0","0","0","0","0","0","0","0","","","","CRASH_2001_Philadelphia"
"2001213197","06","67","67301","67301","2001","01","5","1640","16","1","1","3","4","1","","","N","01","3","00","3","0","1","2","2","Y","N","","","9999","","9999","","0","","N","","3 ","","","","","","","","","","2","1","0","1","0","0","0","0","0","0","0","1","1","0","0","0","0","0","0","0","0","0","0","0","0","0","0","0","0","0","0","0","0","0","0","4","1","","","","CRASH_2001_Philadelphia"
"2001214234","06","67","67301","67301","2001","02","7","1900","19","3","1","0","4","1","","","N","01","3","00","3","0","2","2","2","N","N","39 55:09.289","75 09:34.433","9999","","9999","","0","","N","","3 ","","","","","","","","","","2","2","0","0","0","0","0","0","0","2","0","0","2","0","0","0","0","0","0","1","1","0","0","0","0","0","0","0","0","0","0","0","0","0","0","2","0","39.9192","-75.1596","","CRASH_2001_Philadelphia"
"2001215557","06","67","67301","67301","2001","03","6","1000","10","1","1","1","9","1","","","N","00","0","00","3","0","1","1","3","N","N","39 57:02.520","75 14:57.480","9999","","9999","","0","","N","","0 ","","","","","","","","","","3","1","0","0","0","0","0","0","0","0","0","0","0","0","1","0","0","0","0","0","0","0","0","0","0","0","0","0","0","0","0","0","0","0","0","9","0","39.9508","-75.2492","","CRASH_2001_Philadelphia"
"2001215619","06","67","67301","67301","2001","02","5","0902","09","1","1","0","4","1","","","N","02","3","00","3","0","0","2","2","N","N","","","9999","","9999","","0","","N","","3 ","","","","","","","","","","2","1","0","0","0","1","0","0","0","0","0","0","0","0","0","0","0","0","0","0","2","0","0","0","0","0","0","0","0","0","0","0","0","0","0","0","1","","","","CRASH_2001_Philadelphia"
"2001215688","06","67","67301","67301","2001","03","5","1808","18","3","1","0","8","1","","","N","00","0","00","3","0","1","2","2","N","N","40 01:54.120","75 12:47.880","9999","","9999","","0","","N","","0 ","","","","","","","","","","1","1","0","0","0","0","0","0","0","0","0","1","1","0","0","0","0","0","0","0","0","0","0","0","0","0","0","0","0","0","0","0","1","0","0","4","0","40.0317","-75.2132","","CRASH_2001_Philadelphia"
"2001216960","06","67","67301","67301","2001","03","5","1030","10","1","1","0","4","1","","","N","01","3","00","3","0","1","2","2","N","N","40 03:41.788","75 09:56.959","9999","","9999","","0","","N","","3 ","","","","","","","","","","2","2","0","0","0","0","0","0","0","0","0","1","1","0","0","0","0","0","0","0","0","0","0","0","0","0","0","0","0","0","0","0","0","0","0","4","0","40.0616","-75.1658","","CRASH_2001_Philadelphia"
"2001206197","06","67","67301","67301","2001","01","6","1520","15","1","2","1","4","1","","","N","01","3","00","3","0","2","3","2","N","N","40 01:46.491","75 04:51.013","9999","","9999","","0","","N","","3 ","","","","","","","","","","2","2","0","0","0","0","0","0","0","0","0","2","2","0","0","0","0","0","0","0","0","0","0","0","0","0","0","0","0","0","0","0","0","0","0","4","0","40.0296","-75.0808","","CRASH_2001_Philadelphia"
"2001207423","06","67","67301","67301","2001","01","5","2015","20","3","1","1","9","1","","","N","00","0","00","3","0","0","1","3","N","N","","","9999","","9999","","0","","N","","0 ","","","","","","","","","","3","1","0","0","0","0","0","0","0","0","0","0","0","0","0","0","0","0","0","0","0","0","0","0","0","0","0","0","0","0","0","0","0","0","0","0","0","","","","CRASH_2001_Philadelphia"
"2001233465","06","67","67301","67301","2001","03","5","0840","08","1","1","1","4","1","","","N","01","3","00","3","0","1","2","2","N","N","40 01:06.992","75 10:59.131","9999","","9999","","0","","N","","3 ","","","","","","","","","","2","1","0","0","0","0","0","1","0","0","0","0","0","0","1","0","0","0","0","0","0","0","1","0","0","0","0","0","0","0","0","0","0","0","0","9","0","40.0186","-75.1831","","CRASH_2001_Philadelphia"
"2001007206","06","67","67301","67301","2001","06","6","0250","02","3","1","0","7","4","","","N","01","2","00","3","0","0","1","1","N","N","40 03:11.138","75 02:25.300","0305","","0255","","0","","N","","3 ","","","","","","","","","","1","1","0","0","0","0","0","0","0","0","0","0","0","0","0","0","0","0","0","0","0","0","0","0","0","0","0","0","0","0","0","0","0","0","0","0","0","40.0532","-75.0403","","CRASH_2001_Philadelphia"
"2001007297","06","67","67301","67301","2001","05","4","1940","19","1","1","0","8","1","","","N","10","0","00","3","0","1","2","2","N","N","","","2010","","2000","","0","","N","","0 ","","","","","","","","","","1","1","0","0","0","0","0","0","1","0","0","1","1","0","1","0","0","0","0","0","0","0","0","0","0","0","0","0","0","0","0","0","0","0","0","4","0","","","","CRASH_2001_Philadelphia"
"2001008758","06","67","67301","67301","2001","05","2","0147","01","8","2","1","1","1","","","N","00","0","00","3","0","1","2","2","N","N","39 55:16.320","75 11:38.400","0155","","0147","","0","","N","","0 ","","","","","","","","","","2","2","0","0","0","0","0","0","0","0","0","1","1","0","0","0","0","0","0","0","0","0","0","0","0","0","0","0","0","0","0","0","0","0","0","4","0","39.9212","-75.1936","","CRASH_2001_Philadelphia"
"2001207431","06","67","67301","67301","2001","01","5","0040","00","3","1","0","9","1","","","N","00","0","00","3","0","2","4","2","N","N","39 58:53.400","75 07:02.640","9999","","9999","","0","","N","","0 ","","","","","","","","","","2","1","0","0","0","0","0","0","0","0","0","2","2","0","0","0","0","0","0","1","0","0","0","0","0","0","0","0","0","0","0","0","0","0","0","4","0","39.9815","-75.1173","","CRASH_2001_Philadelphia"
"2001214305","06","67","67301","67301","2001","02","1","1745","17","1","1","0","9","1","","","N","00","0","00","3","0","0","1","3","N","N","","","9999","","9999","","0","","N","","0 ","","","","","","","","","","3","0","0","0","0","0","1","0","0","0","0","0","0","0","0","0","0","0","0","0","0","0","0","0","0","0","0","0","0","0","0","0","0","0","0","0","0","","","","CRASH_2001_Philadelphia"
"2001215725","06","67","67301","67301","2001","03","3","1753","17","3","1","0","8","1","","","N","01","2","00","3","0","1","2","2","N","N","40 00:37.061","75 05:53.071","9999","","9999","","0","","N","","3 ","","","","","","","","","","1","1","0","0","0","0","0","0","0","0","0","1","1","0","0","0","0","0","0","0","0","0","1","0","0","0","0","0","0","0","0","0","1","0","0","4","0","40.0103","-75.0981","","CRASH_2001_Philadelphia"
"2001231191","06","67","67301","67301","2001","03","5","1958","19","3","1","0","8","1","","","N","00","0","00","3","0","1","2","2","N","N","40 02:24.000","75 08:40.200","9999","","9999","","0","","N","","0 ","","","","","","","","","","1","0","0","0","0","0","0","0","0","0","1","0","1","0","0","0","0","0","0","0","0","0","0","0","0","0","0","0","0","0","0","0","1","0","0","3","0","40.04","-75.1444","","CRASH_2001_Philadelphia"
"2001231655","06","67","67301","67301","2001","03","1","0700","07","1","1","0","1","1","","","N","01","2","00","3","0","2","2","2","N","N","40 00:25.920","75 07:24.240","9999","","9999","","0","","N","","3 ","","","","","","","","","","2","2","0","0","0","0","0","0","0","0","0","2","2","0","0","0","0","0","0","0","1","0","0","0","0","0","0","0","0","0","0","0","0","0","0","4","0","40.0072","-75.1234","","CRASH_2001_Philadelphia"
"2001014316","06","67","67301","67301","2001","06","7","1740","17","1","2","1","7","5","","","N","03","2","00","3","0","1","1","1","N","N","39 58:03.000","75 10:51.240","1750","","1742","","0","","N","","3 ","","","","","","","","","","1","1","0","0","0","0","0","0","0","0","0","1","1","0","0","0","0","1","0","0","0","0","0","0","0","0","0","0","0","0","0","0","0","0","0","4","0","39.9673","-75.1808","","CRASH_2001_Philadelphia"
"2001204159","06","67","67301","67301","2001","01","7","1224","12","1","1","1","4","1","","","N","01","2","00","3","0","1","3","2","N","N","39 59:58.200","75 07:30.360","9999","","9999","","0","","N","","3 ","","","","","","","","","","2","2","0","0","0","0","0","0","0","0","0","0","0","0","1","0","0","0","0","0","0","0","0","0","0","0","0","0","0","0","0","0","0","0","0","9","0","39.9996","-75.1251","","CRASH_2001_Philadelphia"
"2001233305","06","67","67301","67301","2001","03","3","0115","01","3","1","0","7","1","","","N","00","0","00","3","0","1","1","1","N","N","","","9999","","9999","","0","","N","","0 ","","","","","","","","","","1","1","0","0","0","0","0","0","0","0","1","0","1","0","0","0","0","0","1","0","0","0","0","0","0","0","0","0","0","0","0","0","0","0","0","3","0","40.0714","-75.1535","","CRASH_2001_Philadelphia"
"2001233523","06","67","67301","67301","2001","04","2","2034","20","3","2","1","4","1","","","N","01","2","00","3","0","2","3","2","N","N","","","9999","","9999","","0","","N","","3 ","","","","","","","","","","2","2","0","0","0","0","0","0","0","0","0","1","1","0","1","0","0","0","0","1","0","0","0","0","0","0","0","0","0","0","0","0","0","0","0","4","0","","","","CRASH_2001_Philadelphia"
"2001234303","06","67","67301","67301","2001","03","1","1413","14","1","1","0","0","1","","","N","07","0","02","3","0","3","3","1","N","N","39 58:05.520","75 07:46.920","9999","","9999","","0","","N","","0 ","","","","","","","","","","1","0","0","0","0","0","1","0","0","0","1","2","3","0","0","0","0","0","0","0","0","0","0","3","0","0","0","0","0","0","0","0","0","0","0","3","0","39.9684","-75.1295","","CRASH_2001_Philadelphia"
"2001234533","06","67","67301","67301","2001","04","4","1714","17","1","1","0","4","1","","","N","01","2","00","3","0","1","2","2","N","N","40 00:43.920","75 09:02.160","9999","","9999","","0","","N","","3 ","","","","","","","","","","2","1","1","0","0","0","0","0","0","1","0","0","1","0","0","0","1","0","0","0","0","1","0","0","0","0","0","0","0","1","0","0","0","0","0","2","0","40.0124","-75.1506","","CRASH_2001_Philadelphia"
"2001238953","06","67","67301","67301","2001","04","7","0330","03","3","1","0","4","1","","","N","01","3","00","3","0","1","4","2","N","N","","","9999","","9999","","0","","N","","3 ","","","","","","","","","","2","2","0","0","0","0","0","0","0","0","1","0","1","0","0","0","0","0","0","0","0","0","0","0","0","0","0","0","0","0","0","0","0","0","0","3","0","","","","CRASH_2001_Philadelphia"
"2001238979","06","67","67301","67301","2001","04","6","0755","07","1","1","0","4","1","","","N","01","2","00","3","0","1","4","2","N","N","","","9999","","9999","","0","","N","","3 ","","","","","","","","","","2","2","0","0","0","0","0","0","0","0","1","0","1","0","0","0","0","0","0","0","0","0","0","0","0","0","0","0","0","0","0","0","0","0","0","3","0","","","","CRASH_2001_Philadelphia"
"2001019560","06","67","67301","67301","2001","06","1","1615","16","1","1","0","4","1","","","N","01","2","00","3","0","1","2","2","N","N","39 57:26.082","75 13:39.164","1635","","1629","","0","","N","","3 ","","","","","","","","","","2","2","0","0","0","0","0","0","0","0","0","1","1","0","0","0","0","0","0","0","0","0","0","0","0","0","0","0","0","0","0","0","0","0","0","4","0","39.9587","-75.2272","","CRASH_2001_Philadelphia"
"2001240177","06","67","67301","67301","2001","04","2","2025","20","3","1","0","7","5","","","N","00","0","00","3","0","1","1","1","N","N","40 03:20.160","75 09:30.960","9999","","9999","","0","","N","","0 ","","","","","","","","","","1","1","0","0","0","0","0","0","0","0","0","1","1","0","0","0","0","0","0","0","0","0","1","0","0","0","0","0","0","0","0","0","0","0","0","4","0","40.0556","-75.1586","","CRASH_2001_Philadelphia"
"2001240244","06","67","67301","67301","2001","04","2","1626","16","1","1","0","1","1","","","N","00","0","00","3","0","1","2","2","N","N","40 01:37.200","75 05:54.600","9999","","9999","","0","","N","","0 ","","","","","","","","","","2","2","0","0","0","0","0","0","0","0","0","0","0","0","1","0","0","0","0","0","0","0","0","0","0","0","0","0","0","0","0","0","0","0","0","9","0","40.0267","-75.0981","","CRASH_2001_Philadelphia"
"2001207597","06","67","67301","67301","2001","01","5","1630","16","4","2","1","4","1","","","N","02","3","00","3","0","2","2","2","N","N","","","9999","","9999","","0","","N","","3 ","","","","","","","","","","2","1","0","0","0","0","0","0","0","0","0","1","1","0","1","0","0","0","0","0","0","0","0","0","0","0","0","0","0","0","0","0","0","0","0","4","0","","","","CRASH_2001_Philadelphia"
"2001208914","06","67","67301","67301","2001","02","6","1755","17","3","3","1","4","1","","","N","01","2","00","3","0","1","3","2","N","N","","","9999","","9999","","0","","N","","3 ","","","","","","","","","","2","2","0","0","0","0","0","0","0","0","0","1","1","0","0","0","0","0","0","0","0","0","0","0","0","0","0","0","0","0","0","0","0","0","0","4","0","","","","CRASH_2001_Philadelphia"
"2001243094","06","67","67301","67301","2001","05","7","0001","00","3","1","0","9","1","2","8","Y","00","0","00","3","0","2","4","2","N","N","","","9999","99","9999","","0","","N","","0 ","","U","","","U","","","","","2","1","0","0","0","0","0","0","0","0","0","2","2","0","0","0","0","0","0","1","0","0","0","0","0","0","0","0","0","0","0","0","0","0","0","4","0","","","","CRASH_2001_Philadelphia"
"2001207389","06","67","67301","67301","2001","01","3","0830","08","1","5","6","7","1","","","N","00","0","00","3","0","1","8","2","N","N","","","9999","","9999","","0","","N","","0 ","","","","","","","","","","1","0","0","0","0","0","0","1","0","0","0","1","1","0","0","0","0","0","0","1","0","0","0","0","0","0","0","0","0","0","0","0","1","0","0","4","0","","","","CRASH_2001_Philadelphia"
"2001207872","06","67","67301","67301","2001","01","7","1814","18","3","1","0","7","1","","","N","00","0","02","3","0","1","1","1","N","N","40 01:22.440","75 02:07.440","9999","","9999","","0","","N","","0 ","","","","","","","","","","1","0","0","0","0","0","1","0","0","0","0","1","1","0","0","0","0","0","0","0","0","0","0","1","0","0","0","0","0","0","0","0","0","0","0","4","0","40.0218","-75.039","","CRASH_2001_Philadelphia"