"CRN","DISTRICT","COUNTY","MUNICIPALITY","POLICE_AGCY","CRASH_YEAR","CRASH_MONTH","DAY_OF_WEEK","TIME_OF_DAY","HOUR_OF_DAY","ILLUMINATION","WEATHER","ROAD_CONDITION","COLLISION_TYPE","RELATION_TO_ROAD","WORK_ZONE_TYPE","WORK_ZONE_LOC","WORK_ZONE_IND","INTERSECT_TYPE","TCD_TYPE","LOCATION_TYPE","URBAN_RURAL","FATAL_COUNT","INJURY_COUNT","PERSON_COUNT","TOTAL_UNITS","SCH_BUS_IND","SCH_ZONE_IND","LATITUDE","LONGITUDE","ARRIVAL_TM","CONS_ZONE_SPD_LIM","DISPATCH_TM","EST_HRS_CLOSED","LANE_CLOSED","LN_CLOSE_DIR","NTFY_HIWY_MAINT","SPEC_JURIS_CD","TCD_FUNC_CD","TFC_DETOUR_IND","WORKERS_PRES","WZ_CLOSE_DETOUR","WZ_FLAGGER","WZ_LAW_OFFCR_IND","WZ_LN_CLOSURE","WZ_MOVING","WZ_OTHER","WZ_SHLDER_MDN","VEHICLE_COUNT","AUTOMOBILE_COUNT","MOTORCYCLE_COUNT","BUS_COUNT","SMALL_TRUCK_COUNT","HEAVY_TRUCK_COUNT","SUV_COUNT","VAN_COUNT","BICYCLE_COUNT","MAJ_INJ_COUNT","MOD_INJ_COUNT","MIN_INJ_COUNT","TOT_INJ_COUNT","UNK_INJ_DEG_COUNT","UNK_INJ_PER_COUNT","DRIVER_COUNT_16YR","DRIVER_COUNT_17YR","DRIVER_COUNT_18YR","DRIVER_COUNT_19YR","DRIVER_COUNT_20YR","DRIVER_COUNT_50_64YR","DRIVER_COUNT_65_74YR","DRIVER_COUNT_75PLUS","UNBELTED_OCC_COUNT","UNB_DEATH_COUNT","UNB_MAJ_INJ_COUNT","BELTED_DEATH_COUNT","BELTED_MAJ_INJ_COUNT","MCYCLE_DEATH_COUNT","MCYCLE_MAJ_INJ_COUNT","BICYCLE_DEATH_COUNT","BICYCLE_MAJ_INJ_COUNT","PED_COUNT","PED_DEATH_COUNT","PED_MAJ_INJ_COUNT","MAX_SEVERITY_LEVEL","COMM_VEH_COUNT","DEC_LAT","DEC_LONG","RDWY_SURF_TYPE_CD","COUNTY_YEAR"
"2001208912","06","67","67301","67301","2001","02","6","0934","09","1","1","0","8","1","","","N","00","0","00","3","0","1","2","2","N","N","39 57:50.040","75 12:12.960","9999","","9999","","0","","N","","0 ","","","","","","","","","","1","1","0","0","0","0","0","0","0","0","0","0","0","0","1","0","0","0","0","0","0","0","1","0","0","0","0","0","0","0","0","0","1","0","0","9","0","39.9639","-75.2035","","CRASH_2001_Philadelphia"
"2001209186","06","67","67301","67301","2001","01","3","1105","11","1","2","1","6","1","","","N","00","0","00","3","0","0","2","2","N","N","","","9999","","9999","","0","","N","","0 ","","","","","","","","","","2","1","0","0","0","0","1","0","0","0","0","0","0","0","0","0","0","0","0","0","1","0","0","0","0","0","0","0","0","0","0","0","0","0","0","0","0","","","","CRASH_2001_Philadelphia"
"2001211437","06","67","67301","67301","2001","02","4","9999","99","1","2","1","1","1","","","N","01","2","00","3","0","1","2","2","N","N","40 03:42.120","75 03:21.960","9999","","9999","","0","","N","","3 ","","","","","","","","","","2","2","0","0","0","0","0","0","0","0","0","0","0","0","1","0","0","1","0","0","0","0","0","0","0","0","0","0","0","0","0","0","0","0","0","9","0","40.0618","-75.0561","","CRASH_2001_Philadelphia"
"2001211502","06","67","67301","67301","2001","02","7","0040","00","3","1","0","9","1","","","N","00","0","00","3","0","1","1","2","N","N","","","9999","","9999","","0","","N","","0 ","","","","","","","","","","2","1","0","0","0","0","0","0","0","0","0","1","1","0","0","0","0","0","0","0","0","0","0","1","0","0","0","0","0","0","0","0","0","0","0","4","0","","","","CRASH_2001_Philadelphia"
"2001233209","06","67","67301","67301","2001","03","1","2220","22","3","1","0","7","1","","","N","00","0","00","3","0","3","3","1","N","N","","","9999","","9999","","0","","N","","0 ","","","","","","","","","","1","0","0","0","0","0","0","1","0","0","1","1","2","0","1","0","0","0","0","0","0","0","0","3","0","0","0","0","0","0","0","0","0","0","0","3","0","","","","CRASH_2001_Philadelphia"
"2001233349","06","67","67301","67301","2001","03","7","1455","14","1","1","0","8","1","","","N","05","2","00","3","0","1","2","2","N","N","39 59:13.560","75 07:21.000","9999","","9999","","0","","N","","3 ","","","","","","","","","","1","0","0","0","1","0","0","0","0","0","1","0","1","0","0","0","0","0","0","0","0","0","0","0","0","0","0","0","0","0","0","0","1","0","0","3","0","39.987","-75.1224","","CRASH_2001_Philadelphia"
"2001014296","06","67","67301","67301","2001","09","7","2210","22","3","1","0","5","1","","","N","01","0","00","3","0","2","3","2","N","N","40 04:26.040","75 04:39.000","2215","","2212","","0","","N","","0 ","","","","","","","","","","2","2","0","0","0","0","0","0","0","0","0","2","2","0","0","0","1","0","0","0","0","0","0","0","0","0","0","0","0","0","0","0","0","0","0","4","0","40.0739","-75.0776","","CRASH_2001_Philadelphia"
"2001209657","06","67","67301","67301","2001","01","3","1610","16","1","1","0","5","1","","","N","00","0","00","3","0","1","4","2","N","N","","","9999","","9999","","0","","N","","0 ","","","","","","","","","","2","0","0","1","0","0","0","1","0","0","0","0","0","0","1","0","0","0","0","0","0","0","0","1","0","0","0","0","0","0","0","0","0","0","0","9","1","","","","CRASH_2001_Philadelphia"
"2001240312","06","67","67301","67301","2001","04","2","1413","14","1","1","0","1","1","","","N","06","9","02","3","0","0","2","2","N","N","39 58:01.200","75 11:16.440","9999","","9999","","0","","N","","9 ","","","","","","","","","","2","1","0","0","0","0","1","0","0","0","0","0","0","0","0","0","0","0","0","0","0","0","0","0","0","0","0","0","0","0","0","0","0","0","0","0","0","39.967","-75.1879","","CRASH_2001_Philadelphia"
"2001006930","06","67","67301","67301","2001","05","2","2107","21","3","2","1","2","6","","","N","00","0","00","3","0","1","1","4","N","N","40 04:20.784","75 09:36.819","2111","","2109","","0","","N","","0 ","","","","","","","","","","4","3","0","0","1","0","0","0","0","0","0","1","1","0","0","0","0","0","0","0","0","0","0","0","0","0","0","0","0","0","0","0","0","0","0","4","0","40.0724","-75.1602","","CRASH_2001_Philadelphia"
"2001208928","06","67","67301","67301","2001","01","1","2020","20","3","4","5","1","1","","","N","01","2","00","3","0","1","2","2","N","N","39 58:15.240","75 09:20.520","9999","","9999","","0","","N","","3 ","","","","","","","","","","2","2","0","0","0","0","0","0","0","0","1","0","1","0","0","0","0","0","0","0","1","0","0","0","0","0","0","0","0","0","0","0","0","0","0","3","0","39.971","-75.1557","","CRASH_2001_Philadelphia"
"2001209066","06","67","67301","67301","2001","01","2","0830","08","1","1","0","8","1","","","N","00","0","00","3","0","1","2","2","N","N","","","9999","","9999","","0","","N","","0 ","","","","","","","","","","1","1","0","0","0","0","0","0","0","0","0","1","1","0","0","0","0","0","1","0","0","0","0","0","0","0","0","0","0","0","0","0","1","0","0","4","0","","","","CRASH_2001_Philadelphia"
"2001210761","06","67","67301","67301","2001","02","2","2244","22","3","3","1","2","1","","","N","01","2","00","3","0","0","3","2","N","N","39 57:38.520","75 14:35.160","9999","","9999","","0","","N","","3 ","","","","","","","","","","2","1","0","0","0","0","1","0","0","0","0","0","0","0","0","0","0","0","0","0","0","0","0","2","0","0","0","0","0","0","0","0","0","0","0","0","0","39.9607","-75.2431","","CRASH_2001_Philadelphia"
"2001213152","06","67","67301","67301","2001","02","1","1330","13","1","1","0","4","1","","","N","01","2","00","3","0","2","6","2","N","N","40 05:12.120","74 58:18.480","9999","","9999","","0","","N","","3 ","","","","","","","","","","2","2","0","0","0","0","0","0","0","0","0","2","2","0","0","0","0","0","0","0","1","0","0","0","0","0","0","0","0","0","0","0","0","0","0","4","0","40.0868","-74.9719","","CRASH_2001_Philadelphia"
"2001214423","06","67","67301","67301","2001","02","3","0850","08","1","1","0","8","1","","","N","01","2","00","3","0","1","2","2","N","N","39 57:00.360","75 08:44.520","9999","","9999","","0","","N","","3 ","","","","","","","","","","1","0","0","1","0","0","0","0","0","0","0","1","1","0","0","0","0","0","0","0","0","0","0","0","0","0","0","0","0","0","0","0","1","0","0","4","1","39.9501","-75.1457","","CRASH_2001_Philadelphia"
"2001231146","06","67","67301","67301","2001","03","7","0759","07","3","2","1","4","1","","","N","01","0","00","3","0","1","3","2","N","N","39 58:58.440","75 07:06.960","9999","","9999","","0","","N","","0 ","","","","","","","","","","2","2","0","0","0","0","0","0","0","0","1","0","1","0","0","0","0","1","0","0","0","1","0","0","0","0","0","0","0","0","0","0","0","0","0","3","0","39.9828","-75.1186","","CRASH_2001_Philadelphia"
"2001231234","06","67","67301","67301","2001","03","2","0828","08","1","4","1","1","1","","","N","01","2","00","3","0","1","2","2","N","N","39 59:22.920","75 15:02.880","9999","","9999","","0","","N","","3 ","","","","","","","","","","2","1","0","0","0","0","0","1","0","0","0","1","1","0","0","0","0","0","0","0","0","0","0","0","0","0","0","0","0","0","0","0","0","0","0","4","0","39.9897","-75.2508","","CRASH_2001_Philadelphia"
"2001204114","06","67","67301","67301","2001","01","7","9999","99","3","1","1","1","1","","","N","01","2","00","3","0","4","4","2","N","N","","","9999","","9999","","0","","N","","3 ","","","","","","","","","","2","1","0","0","0","0","1","0","0","0","0","4","4","0","0","0","0","0","0","0","0","0","0","0","0","0","0","0","0","0","0","0","0","0","0","4","0","","","","CRASH_2001_Philadelphia"
"2001243644","06","67","67301","67301","2001","03","5","1900","19","3","1","0","8","1","","","N","00","0","00","3","0","1","2","2","N","N","39 58:31.800","75 15:45.360","9999","","9999","","0","","N","","0 ","","","","","","","","","","1","1","0","0","0","0","0","0","0","0","1","0","1","0","0","0","0","0","0","0","0","1","0","0","0","0","0","0","0","0","0","0","1","0","0","3","0","39.9756","-75.2627","","CRASH_2001_Philadelphia"
"2001019601","06","67","67301","67301","2001","05","4","1858","18","1","1","0","7","4","","","N","05","2","00","3","0","1","1","1","N","N","39 58:03.042","75 13:55.191","1900","","1859","2","1","6","N","","3 ","Y","","","","","","","","","1","1","0","0","0","0","0","0","0","0","0","1","1","0","0","0","0","0","0","0","1","0","0","0","0","0","0","0","0","0","0","0","0","0","0","4","0","39.9675","-75.232","","CRASH_2001_Philadelphia"
"2001207421","06","67","67301","67301","2001","01","2","1320","13","1","1","0","4","1","","","N","01","2","00","3","0","1","2","2","N","N","40 00:48.960","75 04:06.600","9999","","9999","","0","","N","","3 ","","","","","","","","","","2","1","0","0","0","1","0","0","0","0","0","1","1","0","0","0","0","0","0","0","0","1","0","0","0","0","0","0","0","0","0","0","0","0","0","4","1","40.0135","-75.0687","","CRASH_2001_Philadelphia"
"2001207602","06","67","67301","67301","2001","01","5","1641","16","4","1","0","4","1","","","N","01","3","00","3","0","2","2","2","N","N","","","9999","","9999","","0","","N","","3 ","","","","","","","","","","2","2","0","0","0","0","0","0","0","0","0","1","1","0","1","0","0","0","0","0","0","0","0","0","0","0","0","0","0","0","0","0","0","0","0","4","0","","","","CRASH_2001_Philadelphia"
"2001223826","06","67","67301","67301","2001","03","2","1647","16","1","1","0","8","1","","","N","00","0","00","3","0","1","2","2","N","N","","","9999","","9999","","0","","N","","0 ","","","","","","","","","","1","1","0","0","0","0","0","0","0","0","0","1","1","0","0","0","0","0","0","0","1","0","0","0","0","0","0","0","0","0","0","0","1","0","0","4","0","","","","CRASH_2001_Philadelphia"
"2001223865","06","67","67301","67301","2001","03","3","1715","17","1","1","0","4","1","","","N","01","3","00","3","0","2","2","2","N","N","40 00:05.400","75 09:06.120","9999","","9999","","0","","N","","3 ","","","","","","","","","","2","2","0","0","0","0","0","0","0","0","0","0","0","0","2","0","0","0","0","0","0","0","0","0","0","0","0","0","0","0","0","0","0","0","0","9","0","40.0014","-75.1516","","CRASH_2001_Philadelphia"
"2001223884","06","67","67301","67301","2001","03","3","9999","99","1","1","0","4","1","","","N","02","2","00","3","0","0","3","2","N","N","39 54:50.400","75 13:17.400","9999","","9999","","0","","N","","3 ","","","","","","","","","","2","1","0","0","1","0","0","0","0","0","0","0","0","0","0","0","0","0","0","0","0","0","0","0","0","0","0","0","0","0","0","0","0","0","0","0","0","39.9152","-75.2213","","CRASH_2001_Philadelphia"
"2001205994","06","67","67301","67301","2001","01","2","1810","18","3","2","1","4","1","","","N","01","2","00","3","0","3","5","2","N","N","","","9999","","9999","","0","","N","","3 ","","","","","","","","","","2","1","0","0","0","0","0","1","0","0","0","0","0","0","3","0","0","0","0","1","0","0","0","0","0","0","0","0","0","0","0","0","0","0","0","9","0","","","","CRASH_2001_Philadelphia"
"2001206203","06","67","67301","67301","2001","01","6","9999","99","3","2","1","4","1","","","N","01","2","00","3","0","2","4","2","N","N","39 57:50.400","75 13:14.520","9999","","9999","","0","","N","","3 ","","","","","","","","","","2","1","0","0","0","0","0","1","0","0","2","0","2","0","0","0","0","0","0","0","0","0","0","0","0","0","0","0","0","0","0","0","0","0","0","3","0","39.9638","-75.2201","","CRASH_2001_Philadelphia"
"2001209129","06","67","67301","67301","2001","01","6","2315","23","3","1","0","4","1","","","N","01","2","00","3","0","1","2","2","N","N","40 00:29.520","75 12:41.040","9999","","9999","","0","","N","","3 ","","","","","","","","","","2","1","0","0","0","0","1","0","0","0","0","1","1","0","0","0","0","0","0","0","0","0","0","0","0","0","0","0","0","0","0","0","0","0","0","4","0","40.0085","-75.2107","","CRASH_2001_Philadelphia"
"2001209176","06","67","67301","67301","2001","01","7","1250","12","1","1","0","4","1","","","N","01","2","00","3","0","1","2","2","N","N","","","9999","","9999","","0","","N","","3 ","","","","","","","","","","2","1","0","0","0","0","1","0","0","0","0","1","1","0","0","0","0","0","0","0","0","0","0","0","0","0","0","0","0","0","0","0","0","0","0","4","0","","","","CRASH_2001_Philadelphia"
"2001216949","06","67","67301","67301","2001","03","4","1330","13","1","1","0","7","1","","","N","00","0","00","3","0","1","1","1","N","N","40 01:11.280","75 08:54.960","9999","","9999","","0","","N","","0 ","","","","","","","","","","1","1","0","0","0","0","0","0","0","0","0","0","0","0","1","0","0","0","0","0","1","0","0","0","0","0","0","0","0","0","0","0","0","0","0","9","0","40.0197","-75.1485","","CRASH_2001_Philadelphia"
"2001223949","06","67","67301","67301","2001","03","7","1620","16","1","2","1","4","1","","","N","01","2","00","3","0","3","4","2","N","N","40 03:01.771","75 05:49.941","9999","","9999","","0","","N","","3 ","","","","","","","","","","2","1","0","0","0","0","0","1","0","0","0","3","3","0","0","0","0","0","0","1","0","0","0","0","0","0","0","0","0","0","0","0","0","0","0","4","0","40.0505","-75.0972","","CRASH_2001_Philadelphia"
"2001233213","06","67","67301","67301","2001","04","1","1028","10","1","1","0","4","1","","","N","01","2","00","3","0","0","2","4","N","N","","","9999","","9999","","0","","N","","3 ","","","","","","","","","","4","2","0","0","0","0","0","0","0","0","0","0","0","0","0","0","0","1","0","0","0","0","0","0","0","0","0","0","0","0","0","0","0","0","0","0","0","","","","CRASH_2001_Philadelphia"
"2001238929","06","67","67301","67301","2001","04","1","0136","01","3","1","0","4","1","","","N","01","2","00","3","0","1","3","2","N","N","39 59:10.680","75 09:22.320","9999","","9999","","0","","N","","3 ","","","","","","","","","","2","1","1","0","0","0","0","0","0","1","0","0","1","0","0","0","0","0","0","0","0","0","0","1","0","0","0","0","0","1","0","0","0","0","0","2","0","39.9863","-75.1563","","CRASH_2001_Philadelphia"
"2001238937","06","67","67301","67301","2001","04","1","0155","01","3","1","0","8","1","","","N","01","2","00","3","0","1","2","2","N","N","39 56:53.880","75 08:37.320","9999","","9999","","0","","N","","3 ","","","","","","","","","","1","1","0","0","0","0","0","0","0","0","0","0","0","0","1","0","0","0","0","0","0","0","0","1","0","0","0","0","0","0","0","0","1","0","0","9","0","39.9483","-75.1437","","CRASH_2001_Philadelphia"
"2001243548","06","67","67301","67301","2001","05","4","9999","99","1","1","0","7","5","","","N","00","0","00","3","0","0","1","1","N","N","39 56:52.800","75 08:29.040","9999","","9999","","0","","N","","0 ","","","","","","","","","","1","1","0","0","0","0","0","0","0","0","0","0","0","0","0","0","0","1","0","0","0","0","0","0","0","0","0","0","0","0","0","0","0","0","0","0","0","39.948","-75.1414","","CRASH_2001_Philadelphia"
"2001248810","06","67","67301","67301","2001","05","5","0745","07","1","1","0","4","1","","","N","01","2","00","3","0","0","2","2","N","N","40 01:33.240","75 07:24.600","9999","","9999","","0","","N","","3 ","","","","","","","","","","2","2","0","0","0","0","0","0","0","0","0","0","0","0","0","0","0","0","0","0","1","0","0","0","0","0","0","0","0","0","0","0","0","0","0","0","0","40.0258","-75.1235","","CRASH_2001_Philadelphia"
"2001006931","06","67","67301","67301","2001","06","6","2245","22","3","2","1","1","1","","","N","01","2","00","3","0","1","2","2","N","N","40 03:17.474","75 10:08.391","2300","","2250","","0","","N","","3 ","","","","","","","","","","2","2","0","0","0","0","0","0","0","0","0","1","1","0","0","0","0","0","0","0","1","0","0","0","0","0","0","0","0","0","0","0","0","0","0","4","0","40.0548","-75.169","","CRASH_2001_Philadelphia"
"2001210675","06","67","67301","67301","2001","02","6","1903","19","3","1","0","1","1","","","N","02","2","00","3","0","2","2","2","N","N","40 04:53.760","74 59:39.120","9999","","9999","","0","","N","","3 ","","","","","","","","","","2","1","0","0","0","0","0","1","0","0","0","0","0","0","2","0","0","0","0","0","0","0","0","0","0","0","0","0","0","0","0","0","0","0","0","9","0","40.0802","-74.9973","","CRASH_2001_Philadelphia"
"2001019561","06","67","67301","67301","2001","06","6","1000","10","1","1","0","4","1","","","N","01","2","00","3","0","1","2","2","N","N","39 57:30.502","75 14:14.985","1010","","1000","","0","","N","","3 ","","","","","","","","","","2","2","0","0","0","0","0","0","0","0","0","1","1","0","0","0","0","0","0","0","0","0","1","0","0","0","0","0","0","0","0","0","0","0","0","4","0","39.9584","-75.2375","","CRASH_2001_Philadelphia"
"2001207614","06","67","67301","67301","2001","01","6","2224","22","3","1","1","1","1","","","N","06","0","02","3","0","1","3","2","N","N","39 56:54.240","75 11:08.880","9999","","9999","","0","","N","","0 ","","","","","","","","","","2","2","0","0","0","0","0","0","0","0","0","1","1","0","0","0","0","0","0","0","0","0","0","0","0","0","0","0","0","0","0","0","0","0","0","4","0","39.9484","-75.1858","","CRASH_2001_Philadelphia"
"2001207626","06","67","67301","67301","2001","01","7","1010","10","1","1","0","8","1","","","N","01","3","00","3","0","1","2","2","N","N","40 02:17.088","75 07:52.197","9999","","9999","","0","","N","","3 ","","","","","","","","","","1","1","0","0","0","0","0","0","0","0","0","1","1","0","0","0","0","0","0","0","0","0","0","0","0","0","0","0","0","0","0","0","1","0","0","4","0","40.0381","-75.1312","","CRASH_2001_Philadelphia"
"2001211359","06","67","67301","67301","2001","02","5","1630","16","1","1","0","8","1","","","N","00","0","00","3","0","2","2","2","N","N","","","9999","","9999","","0","","N","","0 ","","","","","","","","","","1","0","1","0","0","0","0","0","0","0","0","1","1","0","1","0","0","0","0","0","0","0","0","0","0","0","0","0","0","0","0","0","1","0","0","4","0","","","","CRASH_2001_Philadelphia"
"2001223788","06","67","67301","67301","2001","03","6","2037","20","3","2","1","7","5","","","N","00","0","00","3","0","1","1","1","N","N","40 03:43.560","75 05:05.280","9999","","9999","","0","","N","","0 ","","","","","","","","","","1","1","0","0","0","0","0","0","0","0","0","0","0","0","1","0","0","0","0","0","0","0","0","0","0","0","0","0","0","0","0","0","0","0","0","9","0","40.0621","-75.0848","","CRASH_2001_Philadelphia"
"2001233220","06","67","67301","66301","2001","04","6","2025","20","3","1","0","4","1","","","N","00","0","07","3","0","5","6","2","N","N","","","9999","","9999","","0","","N","","0 ","","","","","","","","","","2","1","0","0","0","0","1","0","0","0","0","5","5","0","0","0","0","0","0","0","1","0","0","0","0","0","0","0","0","0","0","0","0","0","0","4","0","","","","CRASH_2001_Philadelphia"
"2001238067","06","67","67301","67301","2001","04","7","1700","17","1","1","0","1","1","","","N","01","2","00","3","0","0","4","2","N","N","40 02:04.560","75 04:15.960","9999","","9999","","0","","N","","3 ","","","","","","","","","","2","2","0","0","0","0","0","0","0","0","0","0","0","0","0","0","0","0","0","0","0","0","0","0","0","0","0","0","0","0","0","0","0","0","0","0","0","40.0348","-75.0711","","CRASH_2001_Philadelphia"
"2001240112","06","67","67301","67301","2001","04","6","0840","08","1","1","0","4","1","","","N","01","2","00","3","0","1","2","2","N","N","39 58:04.440","75 14:01.320","9999","","9999","","0","","N","","3 ","","","","","","","","","","2","2","0","0","0","0","0","0","0","0","0","1","1","0","0","0","0","0","0","0","1","0","1","0","0","0","0","0","0","0","0","0","0","0","0","4","0","39.9679","-75.2337","","CRASH_2001_Philadelphia"
"2001008765","06","67","67301","67301","2001","06","6","1405","14","1","2","1","4","7","","","N","05","2","99","3","0","1","3","2","N","N","39 53:04.967","75 14:39.884","1410","","1408","","0","","N","","3 ","","","","","","","","","","2","1","0","0","0","1","0","0","0","0","0","1","1","0","0","0","0","1","0","0","0","0","0","0","0","0","0","0","0","0","0","0","0","0","0","4","1","39.8842","-75.2444","","CRASH_2001_Philadelphia"
"2001204174","06","67","67301","67301","2001","01","7","0205","02","3","1","3","0","1","2","8","Y","00","0","00","3","0","2","2","1","N","N","","","9999","99","9999","","0","","N","","0 ","","U","","","U","","","","","1","1","0","0","0","0","0","0","0","0","0","0","0","0","2","0","0","0","0","0","0","0","0","0","0","0","0","0","0","0","0","0","0","0","0","9","0","","","","CRASH_2001_Philadelphia"
"2001207443","06","67","67301","67301","2001","01","7","1440","14","1","1","0","4","1","","","N","01","3","00","3","0","1","3","3","N","N","","","9999","","9999","","0","","N","","3 ","","","","","","","","","","3","3","0","0","0","0","0","0","0","0","0","0","0","0","1","0","0","0","0","0","0","0","0","0","0","0","0","0","0","0","0","0","0","0","0","9","0","","","","CRASH_2001_Philadelphia"
"2001209128","06","67","67301","67301","2001","02","2","1520","15","1","4","3","4","1","","","N","02","3","00","3","0","0","2","2","N","N","40 02:24.360","75 00:17.280","9999","","9999","","0","","N","","3 ","","","","","","","","","","2","0","0","0","0","0","2","0","0","0","0","0","0","0","0","0","0","0","0","0","0","0","0","0","0","0","0","0","0","0","0","0","0","0","0","0","0","40.0401","-75.005","","CRASH_2001_Philadelphia"
"2001233091","06","67","67301","67301","2001","04","4","0400","04","3","1","0","4","1","","","N","01","2","00","3","0","0","2","2","N","N","40 02:01.680","75 04:27.840","9999","","9999","","0","","N","","3 ","","","","","","","","","","2","1","0","0","1","0","0","0","0","0","0","0","0","0","0","0","0","0","0","0","0","0","0","0","0","0","0","0","0","0","0","0","0","0","0","0","0","40.034","-75.0744","","CRASH_2001_Philadelphia"
"2001239106","06","67","67301","67301","2001","04","5","1705","17","1","1","0","1","1","","","N","01","2","00","3","0","1","2","2","N","N","39 55:23.160","75 10:11.640","9999","","9999","","0","","N","","3 ","","","","","","","","","","1","1","0","0","0","0","0","0","1","0","1","0","1","0","0","0","0","0","0","0","0","0","0","0","0","0","0","0","0","0","0","0","0","0","0","3","0","39.9231","-75.17","","CRASH_2001_Philadelphia"
"2001248806","06","67","67301","67301","2001","05","4","1100","11","1","2","0","4","1","","","N","01","3","00","3","0","2","3","2","N","N","","","9999","","9999","","0","","N","","3 ","","","","","","","","","","2","0","0","0","0","0","0","2","0","0","0","2","2","0","0","0","0","0","0","0","0","1","0","0","0","0","0","0","0","0","0","0","0","0","0","4","0","","","","CRASH_2001_Philadelphia"
"2001007052","06","67","67301","67301","2001","06","2","1100","11","1","1","0","4","1","","","N","01","2","00","3","0","3","3","2","N","N","39 57:45.360","75 14:48.120","0846","","0846","","0","","N","","3 ","","","","","","","","","","2","2","0","0","0","0","0","0","0","0","0","3","3","0","0","0","0","0","0","0","0","0","0","0","0","0","0","0","0","0","0","0","0","0","0","4","0","39.9626","-75.2468","","CRASH_2001_Philadelphia"
"2001007182","06","67","67301","67301","2001","05","7","0413","04","3","1","0","7","3","","","N","02","2","00","3","0","0","1","1","N","N","40 06:16.920","75 00:04.680","0415","","0413","","0","","N","","3 ","","","","","","","","","","1","1","0","0","0","0","0","0","0","0","0","0","0","0","0","0","0","0","0","0","0","0","0","0","0","0","0","0","0","0","0","0","0","0","0","0","0","40.1048","-75.0016","","CRASH_2001_Philadelphia"
"2001007228","06","67","67301","67301","2001","06","4","0220","02","3","1","0","8","1","","","N","01","2","00","3","0","1","2","2","N","N","39 56:53.279","75 09:51.828","0334","","0330","","0","","N","","3 ","","","","","","","","","","1","1","0","0","0","0","0","0","0","1","0","0","1","0","0","0","0","0","0","0","0","0","0","0","0","0","0","0","0","0","0","0","1","0","1","2","0","39.9482","-75.1646","","CRASH_2001_Philadelphia"
"2001019625","06","67","67301","67301","2001","05","6","9999","99","1","1","0","6","1","","","N","10","0","00","3","0","2","2","2","N","N","40 07:25.741","75 00:48.959","1025","","1020","","0","","N","","0 ","","","","","","","","","","2","2","0","0","0","0","0","0","0","0","0","2","2","0","0","0","0","0","0","0","1","1","0","0","0","0","0","0","0","0","0","0","0","0","0","4","0","40.1238","-75.0136","","CRASH_2001_Philadelphia"
"2001019676","06","67","67301","67301","2001","05","5","1830","18","1","1","0","8","1","","","N","00","0","00","3","0","1","2","2","N","N","39 57:51.480","75 10:39.720","1858","","1855","9","1","4","N","","0 ","N","","","","","","","","","1","1","0","0","0","0","0","0","0","1","0","0","1","0","0","0","0","0","0","0","0","0","0","0","0","0","0","0","0","0","0","0","1","0","1","2","0","39.9643","-75.1777","","CRASH_2001_Philadelphia"
"2001204131","06","67","67301","67301","2001","01","3","1322","13","1","1","0","4","1","","","N","01","2","00","3","0","1","2","2","N","N","","","9999","","9999","","0","","N","","3 ","","","","","","","","","","2","2","0","0","0","0","0","0","0","0","0","1","1","0","0","0","0","0","0","0","0","0","0","0","0","0","0","0","0","0","0","0","0","0","0","4","0","","","","CRASH_2001_Philadelphia"
"2001233385","06","67","67301","67301","2001","03","1","1800","18","3","1","0","1","1","","","N","01","2","00","3","0","1","3","2","N","N","40 01:33.240","75 02:35.880","9999","","9999","","0","","N","","3 ","","","","","","","","","","2","2","0","0","0","0","0","0","0","0","0","0","0","0","1","0","0","0","0","0","0","0","0","0","0","0","0","0","0","0","0","0","0","0","0","9","0","40.0259","-75.0433","","CRASH_2001_Philadelphia"
"2001238957","06","67","67301","67301","2001","04","6","1421","14","1","1","0","9","1","","","N","00","0","00","3","0","1","2","3","N","N","40 01:32.880","75 10:55.200","9999","","9999","","0","","N","","0 ","","","","","","","","","","3","1","0","0","0","0","0","0","0","0","1","0","1","0","0","0","0","0","0","0","0","0","0","0","0","0","0","0","0","0","0","0","0","0","0","3","0","40.0258","-75.1819","","CRASH_2001_Philadelphia"
"2001240291","06","67","67301","67301","2001","04","7","1200","12","1","1","0","9","1","","","N","00","0","00","3","0","0","1","2","N","N","","","9999","","9999","","0","","N","","0 ","","","","","","","","","","2","1","0","0","0","0","0","0","0","0","0","0","0","0","0","0","0","0","0","0","0","0","1","0","0","0","0","0","0","0","0","0","0","0","0","0","0","","","","CRASH_2001_Philadelphia"
"2001243068","06","67","67301","67301","2001","05","6","1300","13","1","1","0","1","1","","","N","01","2","00","3","0","2","3","2","N","N","39 56:56.400","75 13:37.920","9999","","9999","","0","","N","","3 ","","","","","","","","","","2","2","0","0","0","0","0","0","0","0","0","0","0","0","2","0","0","0","0","0","0","0","1","0","0","0","0","0","0","0","0","0","0","0","0","9","0","39.949","-75.2272","","CRASH_2001_Philadelphia"
"2001008684","06","67","67301","67301","2001","05","4","0923","09","1","1","0","1","1","","","N","01","2","00","3","0","6","49","2","Y","N","40 02:42.849","75 07:32.241","0925","","0924","1","1","3","N","","3 ","N","","","","","","","","","2","0","0","1","0","1","0","0","0","0","0","6","6","0","0","0","0","0","0","0","1","0","0","0","0","0","0","0","0","0","0","0","0","0","0","4","2","40.0453","-75.1256","","CRASH_2001_Philadelphia"