"CRN","DISTRICT","COUNTY","MUNICIPALITY","POLICE_AGCY","CRASH_YEAR","CRASH_MONTH","DAY_OF_WEEK","TIME_OF_DAY","HOUR_OF_DAY","ILLUMINATION","WEATHER","ROAD_CONDITION","COLLISION_TYPE","RELATION_TO_ROAD","WORK_ZONE_TYPE","WORK_ZONE_LOC","WORK_ZONE_IND","INTERSECT_TYPE","TCD_TYPE","LOCATION_TYPE","URBAN_RURAL","FATAL_COUNT","INJURY_COUNT","PERSON_COUNT","TOTAL_UNITS","SCH_BUS_IND","SCH_ZONE_IND","LATITUDE","LONGITUDE","ARRIVAL_TM","CONS_ZONE_SPD_LIM","DISPATCH_TM","EST_HRS_CLOSED","LANE_CLOSED","LN_CLOSE_DIR","NTFY_HIWY_MAINT","SPEC_JURIS_CD","TCD_FUNC_CD","TFC_DETOUR_IND","WORKERS_PRES","WZ_CLOSE_DETOUR","WZ_FLAGGER","WZ_LAW_OFFCR_IND","WZ_LN_CLOSURE","WZ_MOVING","WZ_OTHER","WZ_SHLDER_MDN","VEHICLE_COUNT","AUTOMOBILE_COUNT","MOTORCYCLE_COUNT","BUS_COUNT","SMALL_TRUCK_COUNT","HEAVY_TRUCK_COUNT","SUV_COUNT","VAN_COUNT","BICYCLE_COUNT","MAJ_INJ_COUNT","MOD_INJ_COUNT","MIN_INJ_COUNT","TOT_INJ_COUNT","UNK_INJ_DEG_COUNT","UNK_INJ_PER_COUNT","DRIVER_COUNT_16YR","DRIVER_COUNT_17YR","DRIVER_COUNT_18YR","DRIVER_COUNT_19YR","DRIVER_COUNT_20YR","DRIVER_COUNT_50_64YR","DRIVER_COUNT_65_74YR","DRIVER_COUNT_75PLUS","UNBELTED_OCC_COUNT","UNB_DEATH_COUNT","UNB_MAJ_INJ_COUNT","BELTED_DEATH_COUNT","BELTED_MAJ_INJ_COUNT","MCYCLE_DEATH_COUNT","MCYCLE_MAJ_INJ_COUNT","BICYCLE_DEATH_COUNT","BICYCLE_MAJ_INJ_COUNT","PED_COUNT","PED_DEATH_COUNT","PED_MAJ_INJ_COUNT","MAX_SEVERITY_LEVEL","COMM_VEH_COUNT","DEC_LAT","DEC_LONG","RDWY_SURF_TYPE_CD","COUNTY_YEAR"
"2001204596","06","67","67301","67301","2001","01","4","0200","02","3","1","0","1","1","","","N","00","0","00","3","0","0","3","3","N","N","39 59:21.480","75 12:22.680","9999","","9999","","0","","N","","0 ","","","","","","","","","","3","1","0","0","0","1","1","0","0","0","0","0","0","0","0","0","0","0","0","0","0","0","0","0","0","0","0","0","0","0","0","0","0","0","0","0","1","39.9894","-75.2064","","CRASH_2001_Philadelphia"
"2001223844","06","67","67301","67301","2001","03","4","1955","19","1","1","0","4","1","","","N","01","2","00","3","0","0","2","2","N","N","39 56:00.240","75 08:35.880","9999","","9999","","0","","N","","3 ","","","","","","","","","","2","2","0","0","0","0","0","0","0","0","0","0","0","0","0","0","0","0","0","0","0","0","0","0","0","0","0","0","0","0","0","0","0","0","0","0","0","39.9333","-75.1434","","CRASH_2001_Philadelphia"
"2001236977","06","67","67301","67301","2001","04","2","2010","20","3","1","9","9","1","","","N","00","0","07","3","0","0","2","3","N","N","","","9999","","9999","","0","","N","","0 ","","","","","","","","","","3","0","0","0","0","0","1","1","0","0","0","0","0","0","0","1","0","0","0","0","0","0","0","0","0","0","0","0","0","0","0","0","0","0","0","0","0","","","","CRASH_2001_Philadelphia"
"2001007090","06","67","67301","67301","2001","06","5","0540","05","1","1","1","4","1","","","N","01","2","00","3","0","2","3","3","N","N","39 58:03.042","75 13:55.191","0551","","0544","","0","","N","","3 ","","","","","","","","","","3","3","0","0","0","0","0","0","0","0","1","1","2","0","0","0","0","0","0","0","0","0","0","0","0","0","0","0","0","0","0","0","0","0","0","3","0","39.9675","-75.232","","CRASH_2001_Philadelphia"
"2001006969","06","67","67301","67301","2001","05","4","1900","19","1","1","0","4","1","","","N","01","3","00","3","0","1","2","2","N","N","40 03:40.715","75 10:19.524","1920","","1912","","0","","N","","3 ","","","","","","","","","","2","1","0","0","1","0","0","0","0","0","1","0","1","0","0","0","0","0","0","0","0","0","0","0","0","0","0","0","0","0","0","0","0","0","0","3","0","40.0613","-75.1721","","CRASH_2001_Philadelphia"
"2001208979","06","67","67301","67301","2001","02","2","0845","08","1","2","1","1","1","","","N","01","2","00","3","0","0","2","2","N","N","40 02:17.160","75 11:24.360","9999","","9999","","0","","N","","3 ","","","","","","","","","","2","1","0","0","0","0","1","0","0","0","0","0","0","0","0","0","0","0","0","0","0","0","0","0","0","0","0","0","0","0","0","0","0","0","0","0","0","40.0381","-75.1901","","CRASH_2001_Philadelphia"
"2001215678","06","67","67301","67301","2001","02","1","0001","00","3","1","0","6","1","","","N","01","2","00","3","0","1","2","2","N","N","40 02:06.000","75 04:10.200","9999","","9999","","0","","N","","3 ","","","","","","","","","","2","2","0","0","0","0","0","0","0","0","1","0","1","0","0","0","0","0","0","0","0","0","0","0","0","0","0","0","0","0","0","0","0","0","0","3","0","40.0354","-75.0696","","CRASH_2001_Philadelphia"
"2001233118","06","67","67301","67301","2001","03","6","0855","08","1","2","1","4","1","","","N","01","2","00","3","0","1","4","3","N","N","40 04:50.160","75 01:42.240","9999","","9999","","0","","N","","3 ","","","","","","","","","","3","2","0","0","1","0","0","0","0","0","0","0","0","0","1","0","0","0","0","1","1","0","0","0","0","0","0","0","0","0","0","0","0","0","0","9","0","40.0808","-75.0286","","CRASH_2001_Philadelphia"
"2001238926","06","67","67301","67301","2001","04","2","0900","09","1","1","0","4","1","","","N","01","2","00","3","0","0","3","3","N","N","39 57:16.920","75 08:58.560","9999","","9999","","0","","N","","3 ","","","","","","","","","","3","2","0","0","0","0","0","1","0","0","0","0","0","0","0","0","0","0","0","0","1","0","1","3","0","0","0","0","0","0","0","0","0","0","0","0","0","39.9547","-75.1495","","CRASH_2001_Philadelphia"
"2001248744","06","67","67301","67301","2001","05","7","0400","04","3","1","0","7","5","","","N","00","0","00","3","0","1","1","1","N","N","","","9999","","9999","","0","","N","","0 ","","","","","","","","","","1","1","0","0","0","0","0","0","0","0","1","0","1","0","0","0","0","0","0","0","0","0","0","0","0","0","0","0","0","0","0","0","0","0","0","3","0","","","","CRASH_2001_Philadelphia"
"2001207359","06","67","67301","67301","2001","01","5","2248","22","3","2","1","4","1","","","N","01","2","00","3","0","1","2","2","N","N","40 02:12.109","75 09:30.211","9999","","9999","","0","","N","","3 ","","","","","","","","","","2","2","0","0","0","0","0","0","0","0","0","0","0","0","1","0","0","0","0","0","0","1","0","0","0","0","0","0","0","0","0","0","0","0","0","9","0","40.0367","-75.1584","","CRASH_2001_Philadelphia"
"2001207491","06","67","67301","67301","2001","01","3","1242","12","1","9","9","4","1","","","N","01","3","00","3","0","2","5","2","N","N","39 56:59.866","75 09:46.799","9999","","9999","","0","","N","","3 ","","","","","","","","","","2","1","0","0","1","0","0","0","0","0","0","2","2","0","0","0","0","0","0","0","0","0","0","0","0","0","0","0","0","0","0","0","0","0","0","4","0","39.95","-75.163","","CRASH_2001_Philadelphia"
"2001211794","06","67","67301","67301","2001","02","4","0031","00","3","1","0","7","1","","","N","06","0","02","3","0","0","2","1","N","N","40 01:22.440","75 02:09.960","9999","","9999","","0","","N","","0 ","","","","","","","","","","1","0","0","0","0","0","1","0","0","0","0","0","0","0","0","0","0","0","0","0","0","0","0","0","0","0","0","0","0","0","0","0","0","0","0","0","0","40.0229","-75.0361","","CRASH_2001_Philadelphia"
"2001215491","06","67","67301","67301","2001","03","6","0750","07","1","1","0","1","1","","","N","01","2","00","3","0","1","3","2","N","N","","","9999","","9999","","0","","N","","3 ","","","","","","","","","","2","1","0","0","0","0","1","0","0","0","0","1","1","0","0","0","0","0","0","0","1","0","0","0","0","0","0","0","0","0","0","0","0","0","0","4","0","","","","CRASH_2001_Philadelphia"
"2001216974","06","67","67301","67301","2001","03","6","2305","23","3","1","0","5","1","","","N","00","0","00","3","0","1","2","2","N","N","39 55:55.560","75 11:59.640","9999","","9999","","0","","N","","0 ","","","","","","","","","","2","1","0","0","0","0","1","0","0","0","0","1","1","0","0","0","0","0","0","1","0","0","0","0","0","0","0","0","0","0","0","0","0","0","0","4","0","39.932","-75.1999","","CRASH_2001_Philadelphia"
"2001007425","06","67","67301","64301","2001","05","4","0055","00","3","2","1","7","3","","","N","06","0","02","3","0","2","3","1","N","N","39 53:22.200","75 13:51.960","0115","","0055","","0","","N","","0 ","","","","","","","","","","1","1","0","0","0","0","0","0","0","0","0","2","2","0","0","0","0","0","0","0","0","0","0","2","0","0","0","0","0","0","0","0","0","0","0","4","0","39.8895","-75.2313","","CRASH_2001_Philadelphia"
"2001208916","06","67","67301","67301","2001","02","6","0750","07","1","1","0","4","1","","","N","01","2","00","3","0","0","2","2","N","N","","","9999","","9999","","0","","N","","3 ","","","","","","","","","","2","2","0","0","0","0","0","0","0","0","0","0","0","0","0","0","0","0","0","0","0","0","0","0","0","0","0","0","0","0","0","0","0","0","0","0","0","","","","CRASH_2001_Philadelphia"
"2001216938","06","67","67301","67301","2001","03","3","1115","11","1","2","1","9","1","","","N","00","0","00","3","0","0","1","3","N","N","39 57:33.840","75 14:42.360","9999","","9999","","0","","N","","0 ","","","","","","","","","","3","0","0","0","0","0","1","0","0","0","0","0","0","0","0","0","0","0","0","0","1","0","0","0","0","0","0","0","0","0","0","0","0","0","0","0","0","39.9594","-75.245","","CRASH_2001_Philadelphia"
"2001233425","06","67","67301","67301","2001","03","2","2333","23","3","1","0","4","1","","","N","01","0","00","3","0","1","2","2","N","N","40 03:12.600","75 10:40.800","9999","","9999","","0","","N","","0 ","","","","","","","","","","2","1","0","0","0","0","0","1","0","0","0","0","0","0","1","0","0","0","0","0","0","0","0","0","0","0","0","0","0","0","0","0","0","0","0","9","0","40.0536","-75.178","","CRASH_2001_Philadelphia"
"2001238176","06","67","67301","67301","2001","03","5","1625","16","1","1","0","8","1","","","N","01","2","00","3","0","1","2","2","N","N","39 59:58.920","75 08:18.600","9999","","9999","","0","","N","","3 ","","","","","","","","","","1","1","0","0","0","0","0","0","0","0","0","0","0","0","1","0","0","0","0","0","0","1","0","0","0","0","0","0","0","0","0","0","1","0","0","9","0","39.9997","-75.1385","","CRASH_2001_Philadelphia"
"2001244834","06","67","67301","67301","2001","05","1","2011","20","3","1","0","1","1","","","N","01","3","00","3","0","1","2","2","N","N","40 01:27.084","75 05:04.199","9999","","9999","","0","","N","","3 ","","","","","","","","","","2","1","0","0","0","0","1","0","0","0","0","1","1","0","0","0","0","0","0","0","0","0","0","0","0","0","0","0","0","0","0","0","0","0","0","4","0","40.0242","-75.0845","","CRASH_2001_Philadelphia"
"2001207283","06","67","67301","67301","2001","01","6","2005","20","3","2","1","4","1","","","N","01","3","00","3","0","1","3","4","N","N","","","9999","","9999","","0","","N","","3 ","","","","","","","","","","4","2","0","0","0","0","0","0","0","0","0","1","1","0","0","0","0","0","0","0","0","0","0","0","0","0","0","0","0","0","0","0","0","0","0","4","0","","","","CRASH_2001_Philadelphia"
"2001210606","06","67","67301","67301","2001","02","7","1336","13","1","9","9","4","1","","","N","00","0","00","3","0","0","2","2","N","N","39 59:23.640","75 07:31.800","9999","","9999","","0","","N","","0 ","","","","","","","","","","2","1","0","0","0","0","0","1","0","0","0","0","0","0","0","0","0","0","0","0","0","1","0","0","0","0","0","0","0","0","0","0","0","0","0","0","0","39.9899","-75.1254","","CRASH_2001_Philadelphia"
"2001223796","06","67","67301","67301","2001","03","6","0030","00","3","2","1","9","1","","","N","00","0","00","3","0","1","1","2","N","N","","","9999","","9999","","0","","N","","0 ","","","","","","","","","","2","0","0","0","0","0","1","0","0","0","1","0","1","0","0","0","0","0","0","0","0","0","0","0","0","0","0","0","0","0","0","0","0","0","0","3","0","","","","CRASH_2001_Philadelphia"
"2001231104","06","67","67301","67301","2001","03","5","1212","12","1","1","0","1","1","","","N","02","9","00","3","0","1","2","3","N","N","","","9999","","9999","","0","","N","","9 ","","","","","","","","","","3","2","0","0","0","0","0","0","0","0","0","0","0","0","1","0","0","0","0","0","0","0","0","0","0","0","0","0","0","0","0","0","0","0","0","9","0","","","","CRASH_2001_Philadelphia"
"2001233417","06","67","67301","67301","2001","03","7","1800","18","1","1","0","1","1","","","N","00","0","00","3","0","2","3","2","N","N","40 01:17.040","75 08:55.320","9999","","9999","","0","","N","","0 ","","","","","","","","","","2","2","0","0","0","0","0","0","0","0","2","0","2","0","0","0","0","0","0","0","0","0","0","0","0","0","0","0","0","0","0","0","0","0","0","3","0","40.0212","-75.1486","","CRASH_2001_Philadelphia"
"2001240146","06","67","67301","67301","2001","04","4","1755","17","1","1","0","8","1","","","N","00","0","00","3","0","1","2","2","N","N","","","9999","","9999","","0","","N","","0 ","","","","","","","","","","1","1","0","0","0","0","0","0","0","0","1","0","1","0","0","0","0","0","0","0","0","0","0","0","0","0","0","0","0","0","0","0","1","0","0","3","0","","","","CRASH_2001_Philadelphia"
"2001240189","06","67","67301","67301","2001","04","3","1830","18","1","1","0","7","5","","","N","00","0","00","3","0","0","2","2","N","N","","","9999","","9999","","0","","N","","0 ","","","","","","","","","","2","1","0","0","0","0","0","0","0","0","0","0","0","0","0","0","0","0","0","0","0","0","0","0","0","0","0","0","0","0","0","0","0","0","0","0","0","","","","CRASH_2001_Philadelphia"
"2001007417","06","67","67301","67301","2001","06","7","0715","07","1","2","1","7","2","","","N","02","0","08","3","0","0","2","1","N","N","39 53:22.973","75 14:00.795","0720","","0717","","0","","Y","","0 ","","","","","","","","","","1","1","0","0","0","0","0","0","0","0","0","0","0","0","0","0","0","0","0","0","0","0","0","0","0","0","0","0","0","0","0","0","0","0","0","0","0","39.8898","-75.2338","","CRASH_2001_Philadelphia"
"2001019572","06","67","67301","67301","2001","05","5","1949","19","4","1","2","7","5","","","N","10","0","00","3","0","0","1","1","N","N","","","2000","","1949","","0","","Y","","0 ","","","","","","","","","","1","1","0","0","0","0","0","0","0","0","0","0","0","0","0","0","0","0","0","0","0","0","0","0","0","0","0","0","0","0","0","0","0","0","0","0","0","","","","CRASH_2001_Philadelphia"
"2001200728","06","67","67301","67301","2001","01","1","2145","21","3","1","5","7","5","","","N","00","0","00","3","0","2","2","1","N","N","","","9999","","9999","","0","","N","","0 ","","","","","","","","","","1","0","0","0","0","0","1","0","0","0","0","0","0","0","2","0","1","0","0","0","0","0","0","0","0","0","0","0","0","0","0","0","0","0","0","9","0","","","","CRASH_2001_Philadelphia"
"2001206210","06","67","67301","67301","2001","01","6","0645","06","3","2","1","4","1","","","N","01","2","00","3","0","1","2","2","N","N","39 57:23.040","75 09:51.840","9999","","9999","","0","","N","","3 ","","","","","","","","","","1","1","0","0","0","0","0","0","1","0","0","1","1","0","0","0","0","0","0","0","0","0","0","0","0","0","0","0","0","0","0","0","0","0","0","4","0","39.9564","-75.1645","","CRASH_2001_Philadelphia"
"2001209114","06","67","67301","67301","2001","01","4","2230","22","3","1","0","1","1","","","N","00","0","00","3","0","1","3","2","N","N","39 58:44.040","75 14:46.320","9999","","9999","","0","","N","","0 ","","","","","","","","","","2","2","0","0","0","0","0","0","0","0","0","0","0","0","1","0","0","0","0","0","0","0","0","0","0","0","0","0","0","0","0","0","0","0","0","9","0","39.9789","-75.2462","","CRASH_2001_Philadelphia"
"2001213173","06","67","67301","67301","2001","02","6","1152","11","1","1","1","4","1","","","N","01","2","00","3","0","2","3","2","N","N","40 05:36.240","74 58:47.640","9999","","9999","","0","","N","","3 ","","","","","","","","","","2","0","0","0","1","0","1","0","0","0","0","2","2","0","0","0","0","0","0","0","0","0","0","0","0","0","0","0","0","0","0","0","0","0","0","4","0","40.0934","-74.9799","","CRASH_2001_Philadelphia"
"2001233236","06","67","67301","67301","2001","04","7","1946","19","1","1","0","4","1","","","N","01","2","00","3","0","1","5","3","N","N","40 05:40.560","75 00:54.000","9999","","9999","","0","","N","","3 ","","","","","","","","","","3","3","0","0","0","0","0","0","0","0","0","1","1","0","0","0","0","0","0","0","0","0","0","0","0","0","0","0","0","0","0","0","0","0","0","4","0","40.0946","-75.0152","","CRASH_2001_Philadelphia"
"2001238186","06","67","67301","67301","2001","03","6","1300","13","1","2","1","4","1","","","N","01","2","00","3","0","1","2","2","N","N","40 00:20.160","75 06:11.520","9999","","9999","","0","","N","","3 ","","","","","","","","","","2","2","0","0","0","0","0","0","0","0","0","1","1","0","0","0","0","0","0","0","0","0","1","0","0","0","0","0","0","0","0","0","0","0","0","4","0","40.0056","-75.1033","","CRASH_2001_Philadelphia"
"2001007042","06","67","67301","67301","2001","06","5","1526","15","1","1","0","8","1","","","N","01","2","00","3","0","1","2","2","N","N","39 57:35.305","75 13:22.359","1528","","1527","","0","","N","","3 ","","","","","","","","","","1","0","0","0","1","0","0","0","0","0","0","1","1","0","0","0","0","0","0","0","0","0","0","0","0","0","0","0","0","0","0","0","1","0","0","4","0","39.9598","-75.2229","","CRASH_2001_Philadelphia"
"2001016750","06","67","67301","67301","2001","05","5","1736","17","1","1","0","1","1","","","N","00","2","00","3","0","2","3","2","N","N","39 53:40.808","75 14:11.387","1800","","1736","","0","","N","","3 ","","","","","","","","","","2","1","0","1","0","0","0","0","0","0","2","0","2","0","0","0","0","0","0","0","2","0","0","0","0","0","0","0","0","0","0","0","0","0","0","3","1","39.8998","-75.2388","","CRASH_2001_Philadelphia"
"2001206161","06","67","67301","67301","2001","01","3","0733","07","1","1","5","9","1","","","N","00","0","00","3","0","0","1","2","N","N","","","9999","","9999","","0","","N","","0 ","","","","","","","","","","2","0","0","0","1","0","0","0","0","0","0","0","0","0","0","0","0","0","0","0","0","0","0","0","0","0","0","0","0","0","0","0","0","0","0","0","0","","","","CRASH_2001_Philadelphia"
"2001223864","06","67","67301","67301","2001","03","5","0010","00","3","1","0","4","1","","","N","01","2","00","3","0","1","2","2","N","N","40 04:33.600","75 12:23.040","9999","","9999","","0","","N","","3 ","","","","","","","","","","2","2","0","0","0","0","0","0","0","0","0","1","1","0","0","0","0","0","0","0","1","0","0","0","0","0","0","0","0","0","0","0","0","0","0","4","0","40.0758","-75.2061","","CRASH_2001_Philadelphia"
"2001211786","06","67","67301","67301","2001","02","6","1520","15","1","1","0","7","1","","","N","00","0","00","3","0","3","3","1","N","N","40 01:12.720","75 08:34.800","9999","","9999","","0","","N","","0 ","","","","","","","","","","1","1","0","0","0","0","0","0","0","0","0","0","0","0","3","0","0","0","0","0","0","0","0","0","0","0","0","0","0","0","0","0","0","0","0","9","0","40.02","-75.1429","","CRASH_2001_Philadelphia"
"2001233449","06","67","67301","67301","2001","03","4","1130","11","1","2","1","8","1","","","N","01","2","00","3","0","2","2","2","N","N","39 59:56.040","75 07:59.520","9999","","9999","","0","","N","","3 ","","","","","","","","","","1","0","0","0","0","0","0","0","0","0","0","1","1","0","1","0","0","0","0","0","0","0","0","0","0","0","0","0","0","0","0","0","1","0","0","4","0","39.999","-75.1332","","CRASH_2001_Philadelphia"
"2001016728","06","67","67301","67301","2001","05","4","0710","07","1","1","0","4","1","","","N","01","2","00","3","0","1","2","2","N","N","39 55:23.780","75 09:40.595","0750","","0725","","0","","N","","3 ","","","","","","","","","","2","2","0","0","0","0","0","0","0","0","1","0","1","0","0","0","0","0","0","0","0","1","0","0","0","0","0","0","0","0","0","0","0","0","0","3","0","39.9233","-75.1612","","CRASH_2001_Philadelphia"
"2001008775","06","67","67301","67301","2001","06","7","1400","14","1","2","1","4","1","","","N","01","3","00","3","0","2","6","2","N","N","40 02:59.290","75 05:57.778","1415","","1402","","0","","N","","3 ","","","","","","","","","","2","2","0","0","0","0","0","0","0","0","0","2","2","0","0","0","0","1","0","0","0","0","0","0","0","0","0","0","0","0","0","0","0","0","0","4","0","40.0498","-75.0994","","CRASH_2001_Philadelphia"
"2001238967","06","67","67301","67301","2001","04","6","1340","13","1","1","0","5","1","","","N","00","0","00","3","0","1","4","2","N","N","39 54:38.880","75 11:07.440","9999","","9999","","0","","N","","0 ","","","","","","","","","","1","1","0","0","0","0","0","0","1","0","0","1","1","0","0","0","0","0","0","0","0","0","0","0","0","0","0","0","0","0","0","0","0","0","0","4","0","39.9108","-75.1854","","CRASH_2001_Philadelphia"
"2001239127","06","67","67301","67301","2001","04","4","2300","23","3","1","0","4","1","","","N","01","2","00","3","0","6","6","2","N","N","40 01:24.240","75 05:34.080","9999","","9999","","0","","N","","3 ","","","","","","","","","","2","2","0","0","0","0","0","0","0","0","0","4","4","0","2","0","0","0","0","0","0","0","0","0","0","0","0","0","0","0","0","0","0","0","0","4","0","40.0238","-75.0925","","CRASH_2001_Philadelphia"
"2001016941","06","67","67301","67301","2001","05","3","0840","08","1","1","0","4","1","","","N","01","2","00","3","0","1","2","2","N","N","40 01:31.780","75 07:20.700","0835","","0844","","0","","N","","3 ","","","","","","","","","","2","2","0","0","0","0","0","0","0","0","0","1","1","0","0","0","0","0","0","0","0","0","0","0","0","0","0","0","0","0","0","0","0","0","0","4","0","40.0254","-75.1227","","CRASH_2001_Philadelphia"
"2001210743","06","67","67301","67301","2001","02","2","0705","07","1","1","0","4","1","","","N","01","3","00","3","0","0","2","2","N","N","","","9999","","9999","","0","","N","","3 ","","","","","","","","","","2","2","0","0","0","0","0","0","0","0","0","0","0","0","0","0","0","0","0","0","0","0","0","0","0","0","0","0","0","0","0","0","0","0","0","0","0","","","","CRASH_2001_Philadelphia"
"2001210885","06","67","67301","67301","2001","02","1","1325","13","1","1","0","1","1","","","N","00","0","00","3","0","1","3","3","N","N","39 57:51.480","75 11:05.280","9999","","9999","","0","","N","","0 ","","","","","","","","","","3","2","0","0","1","0","0","0","0","0","0","0","0","0","1","0","0","0","0","1","1","0","0","0","0","0","0","0","0","0","0","0","0","0","0","9","0","39.9643","-75.1848","","CRASH_2001_Philadelphia"
"2001211393","06","67","67301","67301","2001","02","5","1031","10","1","1","0","8","1","","","N","00","0","00","3","0","1","2","2","N","N","","","9999","","9999","","0","","N","","0 ","","","","","","","","","","1","0","0","0","0","0","0","0","0","0","0","0","0","0","1","0","0","0","0","0","0","0","0","0","0","0","0","0","0","0","0","0","1","0","0","9","0","","","","CRASH_2001_Philadelphia"
"2001215435","06","67","67301","67301","2001","04","5","0241","02","3","1","0","7","1","","","N","00","0","00","3","0","1","1","1","N","N","39 58:31.080","75 11:30.480","9999","","9999","","0","","N","","0 ","","","","","","","","","","1","1","0","0","0","0","0","0","0","0","0","1","1","0","0","0","0","0","0","0","0","0","0","0","0","0","0","0","0","0","0","0","0","0","0","4","0","39.9753","-75.1917","","CRASH_2001_Philadelphia"
"2001223870","06","67","67301","67301","2001","03","7","2228","22","3","1","0","9","1","","","N","00","0","00","3","0","0","1","3","N","N","","","9999","","9999","","0","","N","","0 ","","","","","","","","","","3","1","0","0","0","0","0","0","0","0","0","0","0","0","0","0","0","0","0","0","0","0","0","0","0","0","0","0","0","0","0","0","0","0","0","0","0","","","","CRASH_2001_Philadelphia"
"2001233119","06","67","67301","67301","2001","03","6","1500","15","1","1","1","4","1","","","N","01","3","00","3","0","1","2","2","N","N","40 04:19.712","75 01:58.660","9999","","9999","","0","","N","","3 ","","","","","","","","","","2","1","0","0","1","0","0","0","0","0","0","1","1","0","0","0","0","0","0","0","1","0","0","0","0","0","0","0","0","0","0","0","0","0","0","4","0","40.0721","-75.033","","CRASH_2001_Philadelphia"
"2001233142","06","67","67301","67301","2001","04","5","1815","18","1","1","0","8","1","","","N","00","0","00","3","0","1","2","2","N","N","","","9999","","9999","","0","","N","","0 ","","","","","","","","","","1","1","0","0","0","0","0","0","0","0","0","1","1","0","0","0","0","0","0","0","1","0","0","0","0","0","0","0","0","0","0","0","1","0","0","4","0","","","","CRASH_2001_Philadelphia"
"2001206194","06","67","67301","67301","2001","01","6","2200","22","3","2","1","4","1","","","N","01","2","00","3","0","2","6","2","N","N","39 59:26.880","75 09:18.720","9999","","9999","","0","","N","","3 ","","","","","","","","","","2","2","0","0","0","0","0","0","0","0","0","2","2","0","0","0","0","1","0","0","0","0","0","3","0","0","0","0","0","0","0","0","0","0","0","4","0","39.9909","-75.1551","","CRASH_2001_Philadelphia"
"2001200726","06","67","67301","67301","2001","01","7","0358","03","3","2","1","9","1","","","N","00","0","00","3","0","1","1","4","N","N","40 02:21.120","75 09:07.200","9999","","9999","","0","","N","","0 ","","","","","","","","","","4","1","0","0","0","0","0","0","0","0","0","1","1","0","0","0","1","0","0","0","0","0","0","0","0","0","0","0","0","0","0","0","0","0","0","4","0","40.0392","-75.1519","","CRASH_2001_Philadelphia"
"2001204513","06","67","67301","67301","2001","01","3","2055","20","3","1","3","8","1","","","N","01","2","00","3","0","1","2","2","N","N","40 02:00.340","75 05:26.221","9999","","9999","","0","","N","","3 ","","","","","","","","","","1","0","0","0","0","0","0","0","0","0","0","1","1","0","0","0","0","0","0","0","0","0","0","0","0","0","0","0","0","0","0","0","1","0","0","4","0","40.0334","-75.0906","","CRASH_2001_Philadelphia"
"2001206167","06","67","67301","67301","2001","01","5","1558","15","1","2","1","4","1","","","N","01","2","00","3","0","1","2","2","N","N","39 58:50.520","75 14:47.760","9999","","9999","","0","","N","","3 ","","","","","","","","","","2","2","0","0","0","0","0","0","0","0","0","1","1","0","0","0","0","0","0","0","0","0","1","2","0","0","0","0","0","0","0","0","0","0","0","4","0","39.9806","-75.2465","","CRASH_2001_Philadelphia"
"2001207270","06","67","67301","67301","2001","01","2","1950","19","3","1","6","8","1","","","N","01","2","00","3","0","1","2","2","N","N","","","9999","","9999","","0","","N","","3 ","","","","","","","","","","1","0","0","0","0","0","1","0","0","0","0","1","1","0","0","0","0","0","0","0","0","0","0","0","0","0","0","0","0","0","0","0","1","0","0","4","0","","","","CRASH_2001_Philadelphia"
"2001207571","06","67","67301","67301","2001","01","2","1446","14","1","1","0","3","1","","","N","02","0","00","3","0","1","3","4","N","N","","","9999","","9999","","0","","N","","0 ","","","","","","","","","","3","1","0","0","1","0","0","0","0","0","0","1","1","0","0","0","0","0","0","0","0","0","0","0","0","0","0","0","0","0","0","0","1","0","0","4","0","","","","CRASH_2001_Philadelphia"
"2001215486","06","67","67301","67301","2001","03","5","2140","21","3","1","0","1","1","","","N","01","2","00","3","0","1","3","3","N","N","39 56:58.920","75 10:02.640","9999","","9999","","0","","N","","3 ","","","","","","","","","","3","1","0","0","0","0","1","1","0","0","0","1","1","0","0","0","0","0","0","0","0","0","0","1","0","0","0","0","0","0","0","0","0","0","0","4","0","39.9497","-75.1674","","CRASH_2001_Philadelphia"
"2001238190","06","67","67301","67301","2001","04","7","9999","99","1","1","0","4","1","","","N","01","2","00","3","0","1","2","2","N","N","39 56:20.400","75 11:53.880","9999","","9999","","0","","N","","3 ","","","","","","","","","","2","2","0","0","0","0","0","0","0","0","0","1","1","0","0","0","0","0","0","0","0","0","0","0","0","0","0","0","0","0","0","0","0","0","0","4","0","39.9396","-75.1982","","CRASH_2001_Philadelphia"
"2001243323","06","67","67301","67301","2001","04","5","1145","11","1","1","0","4","1","","","N","00","0","07","3","0","2","3","2","N","N","40 02:45.240","75 08:35.880","9999","","9999","","0","","N","","0 ","","","","","","","","","","2","2","0","0","0","0","0","0","0","0","0","0","0","0","2","0","0","0","0","1","0","0","0","0","0","0","0","0","0","0","0","0","0","0","0","9","0","40.0458","-75.1433","","CRASH_2001_Philadelphia"
"2001204154","06","67","67301","67301","2001","01","6","2312","23","3","3","1","6","1","","","N","00","0","00","3","0","2","2","2","N","N","","","9999","","9999","","0","","N","","0 ","","","","","","","","","","2","2","0","0","0","0","0","0","0","0","1","1","2","0","0","0","0","0","0","0","0","0","0","0","0","0","0","0","0","0","0","0","0","0","0","3","0","","","","CRASH_2001_Philadelphia"