"CRN","DISTRICT","COUNTY","MUNICIPALITY","POLICE_AGCY","CRASH_YEAR","CRASH_MONTH","DAY_OF_WEEK","TIME_OF_DAY","HOUR_OF_DAY","ILLUMINATION","WEATHER","ROAD_CONDITION","COLLISION_TYPE","RELATION_TO_ROAD","WORK_ZONE_TYPE","WORK_ZONE_LOC","WORK_ZONE_IND","INTERSECT_TYPE","TCD_TYPE","LOCATION_TYPE","URBAN_RURAL","FATAL_COUNT","INJURY_COUNT","PERSON_COUNT","TOTAL_UNITS","SCH_BUS_IND","SCH_ZONE_IND","LATITUDE","LONGITUDE","ARRIVAL_TM","CONS_ZONE_SPD_LIM","DISPATCH_TM","EST_HRS_CLOSED","LANE_CLOSED","LN_CLOSE_DIR","NTFY_HIWY_MAINT","SPEC_JURIS_CD","TCD_FUNC_CD","TFC_DETOUR_IND","WORKERS_PRES","WZ_CLOSE_DETOUR","WZ_FLAGGER","WZ_LAW_OFFCR_IND","WZ_LN_CLOSURE","WZ_MOVING","WZ_OTHER","WZ_SHLDER_MDN","VEHICLE_COUNT","AUTOMOBILE_COUNT","MOTORCYCLE_COUNT","BUS_COUNT","SMALL_TRUCK_COUNT","HEAVY_TRUCK_COUNT","SUV_COUNT","VAN_COUNT","BICYCLE_COUNT","MAJ_INJ_COUNT","MOD_INJ_COUNT","MIN_INJ_COUNT","TOT_INJ_COUNT","UNK_INJ_DEG_COUNT","UNK_INJ_PER_COUNT","DRIVER_COUNT_16YR","DRIVER_COUNT_17YR","DRIVER_COUNT_18YR","DRIVER_COUNT_19YR","DRIVER_COUNT_20YR","DRIVER_COUNT_50_64YR","DRIVER_COUNT_65_74YR","DRIVER_COUNT_75PLUS","UNBELTED_OCC_COUNT","UNB_DEATH_COUNT","UNB_MAJ_INJ_COUNT","BELTED_DEATH_COUNT","BELTED_MAJ_INJ_COUNT","MCYCLE_DEATH_COUNT","MCYCLE_MAJ_INJ_COUNT","BICYCLE_DEATH_COUNT","BICYCLE_MAJ_INJ_COUNT","PED_COUNT","PED_DEATH_COUNT","PED_MAJ_INJ_COUNT","MAX_SEVERITY_LEVEL","COMM_VEH_COUNT","DEC_LAT","DEC_LONG","RDWY_SURF_TYPE_CD","COUNTY_YEAR"
"2001204566","06","67","67301","67301","2001","01","3","0041","00","3","1","6","7","5","","","N","00","0","00","3","0","0","1","1","N","N","40 01:27.840","75 03:25.920","9999","","9999","","0","","N","","0 ","","","","","","","","","","1","1","0","0","0","0","0","0","0","0","0","0","0","0","0","0","0","1","0","0","0","0","0","0","0","0","0","0","0","0","0","0","0","0","0","0","0","40.0244","-75.0571","","CRASH_2001_Philadelphia"
"2001207468","06","67","67301","67301","2001","01","2","0023","00","3","1","3","7","5","","","N","00","0","00","3","0","0","2","1","N","N","","","9999","","9999","","0","","N","","0 ","","","","","","","","","","1","1","0","0","0","0","0","0","0","0","0","0","0","0","0","0","0","0","0","0","0","0","0","2","0","0","0","0","0","0","0","0","0","0","0","0","0","","","","CRASH_2001_Philadelphia"
"2001211413","06","67","67301","67301","2001","02","4","0005","00","3","1","0","4","1","","","N","01","2","00","3","0","0","2","2","N","N","39 57:34.200","75 11:49.560","9999","","9999","","0","","N","","3 ","","","","","","","","","","2","1","0","0","0","0","1","0","0","0","0","0","0","0","0","0","0","0","0","0","0","0","0","0","0","0","0","0","0","0","0","0","0","0","0","0","0","39.9595","-75.1971","","CRASH_2001_Philadelphia"
"2001233549","06","67","67301","67301","2001","03","1","0237","02","3","1","0","5","1","","","N","00","0","00","3","0","1","2","2","N","N","","","9999","","9999","","0","","N","","0 ","","","","","","","","","","2","2","0","0","0","0","0","0","0","0","0","1","1","0","0","0","0","0","0","0","0","0","0","0","0","0","0","0","0","0","0","0","0","0","0","4","0","","","","CRASH_2001_Philadelphia"
"2001207869","06","67","67301","67301","2001","01","7","2105","21","3","1","0","7","1","","","N","00","0","00","3","0","1","2","2","N","N","39 53:40.560","75 14:11.400","9999","","9999","","0","","N","","0 ","","","","","","","","","","2","1","0","0","1","0","0","0","0","0","1","0","1","0","0","0","0","0","0","0","0","0","0","0","0","0","0","0","0","0","0","0","0","0","0","3","0","39.8946","-75.2365","","CRASH_2001_Philadelphia"
"2001216996","06","67","67301","67301","2001","03","4","1730","17","4","1","0","4","1","","","N","01","2","00","3","0","2","5","2","N","N","39 57:43.200","75 09:33.120","9999","","9999","","0","","N","","3 ","","","","","","","","","","2","2","0","0","0","0","0","0","0","0","0","2","2","0","0","0","0","0","0","0","0","0","0","5","0","0","0","0","0","0","0","0","0","0","0","4","0","39.962","-75.1592","","CRASH_2001_Philadelphia"
"2001231567","06","67","67301","67301","2001","03","2","0715","07","1","2","1","7","5","","","N","00","0","00","3","0","1","2","1","N","N","","","9999","","9999","","0","","N","","0 ","","","","","","","","","","1","0","0","0","0","0","0","1","0","0","0","0","0","0","1","0","0","0","0","0","0","0","0","0","0","0","0","0","0","0","0","0","0","0","0","9","0","","","","CRASH_2001_Philadelphia"
"2001243465","06","67","67301","67301","2001","05","2","2156","21","3","1","0","4","1","","","N","01","2","00","3","0","2","2","2","N","N","","","9999","","9999","","0","","N","","3 ","","","","","","","","","","1","1","0","0","0","0","0","0","1","0","0","2","2","0","0","0","0","1","0","0","0","0","0","1","0","0","0","0","0","0","0","0","0","0","0","4","0","","","","CRASH_2001_Philadelphia"
"2001243617","06","67","67301","67301","2001","03","4","1320","13","1","3","0","5","1","","","N","06","0","02","3","0","0","3","3","N","N","39 56:58.560","75 11:02.040","9999","","9999","","0","","N","","0 ","","","","","","","","","","3","2","0","0","0","1","0","0","0","0","0","0","0","0","0","0","0","0","0","0","1","0","0","0","0","0","0","0","0","0","0","0","0","0","0","0","1","39.9496","-75.1841","","CRASH_2001_Philadelphia"
"2001244735","06","67","67301","67301","2001","05","6","1030","10","1","1","0","1","1","","","N","01","2","00","3","0","1","3","2","N","N","40 05:57.235","74 59:43.576","9999","","9999","","0","","N","","3 ","","","","","","","","","","2","1","0","0","0","0","0","1","0","0","0","1","1","0","0","0","0","0","0","0","1","0","0","0","0","0","0","0","0","0","0","0","0","0","0","4","0","40.0992","-74.9954","","CRASH_2001_Philadelphia"
"2001016773","06","67","67301","67301","2001","06","6","1655","16","1","2","1","1","1","","","N","00","0","00","3","0","2","4","3","N","N","","","1715","","1700","","0","","N","","0 ","","","","","","","","","","3","3","0","0","0","0","0","0","0","0","2","0","2","0","0","0","0","0","0","0","0","0","0","1","0","0","0","0","0","0","0","0","0","0","0","3","0","","","","CRASH_2001_Philadelphia"
"2001208966","06","67","67301","67301","2001","01","3","1430","14","1","1","0","5","1","","","N","00","0","00","3","0","1","4","2","N","N","39 58:49.440","75 10:15.960","9999","","9999","","0","","N","","0 ","","","","","","","","","","1","1","0","0","0","0","0","0","1","0","1","0","1","0","0","0","0","0","0","0","0","0","0","0","0","0","0","0","0","0","0","0","0","0","0","3","0","39.9804","-75.1711","","CRASH_2001_Philadelphia"
"2001215342","06","67","67301","67301","2001","04","1","0510","05","1","1","0","9","1","","","N","00","0","00","3","0","0","1","3","N","N","","","9999","","9999","","0","","N","","0 ","","","","","","","","","","3","0","0","0","0","0","0","1","0","0","0","0","0","0","0","0","0","0","0","0","0","0","0","0","0","0","0","0","0","0","0","0","0","0","0","0","0","","","","CRASH_2001_Philadelphia"
"2001215703","06","67","67301","67301","2001","04","5","1530","15","1","1","0","8","1","","","N","00","0","00","3","0","1","2","2","N","N","","","9999","","9999","","0","","N","","0 ","","","","","","","","","","1","1","0","0","0","0","0","0","0","0","0","1","1","0","0","0","0","0","0","0","0","0","0","0","0","0","0","0","0","0","0","0","1","0","0","4","0","","","","CRASH_2001_Philadelphia"
"2001233296","06","67","67301","67301","2001","03","7","1945","19","3","1","0","1","1","","","N","01","2","00","3","0","1","4","2","N","N","39 57:15.840","75 09:46.800","9999","","9999","","0","","N","","3 ","","","","","","","","","","2","2","0","0","0","0","0","0","0","0","0","1","1","0","0","0","0","0","0","0","0","0","0","0","0","0","0","0","0","0","0","0","0","0","0","4","0","39.9544","-75.1632","","CRASH_2001_Philadelphia"
"2001238050","06","67","67301","67301","2001","04","5","0820","08","1","1","0","4","1","","","N","01","2","00","3","0","1","2","2","N","N","","","9999","","9999","","0","","N","","3 ","","","","","","","","","","2","2","0","0","0","0","0","0","0","0","1","0","1","0","0","0","0","0","0","0","0","0","0","0","0","0","0","0","0","0","0","0","0","0","0","3","0","","","","CRASH_2001_Philadelphia"
"2001204548","06","67","67301","67301","2001","01","4","0900","09","1","1","0","1","1","","","N","00","0","00","3","0","0","2","2","N","N","39 58:21.720","75 11:36.960","9999","","9999","","0","","N","","0 ","","","","","","","","","","2","2","0","0","0","0","0","0","0","0","0","0","0","0","0","0","0","0","0","0","0","0","0","0","0","0","0","0","0","0","0","0","0","0","0","0","0","39.9727","-75.1936","","CRASH_2001_Philadelphia"
"2001207666","06","67","67301","67301","2001","01","2","0155","01","3","2","1","6","1","","","N","00","0","00","3","0","0","3","2","N","N","","","9999","","9999","","0","","N","","0 ","","","","","","","","","","2","2","0","0","0","0","0","0","0","0","0","0","0","0","0","0","0","1","0","0","0","0","0","0","0","0","0","0","0","0","0","0","0","0","0","0","0","","","","CRASH_2001_Philadelphia"
"2001215547","06","67","67301","67301","2001","03","2","1200","12","1","4","9","1","1","","","N","00","0","00","3","0","1","2","2","N","N","39 58:24.960","75 12:43.920","9999","","9999","","0","","N","","0 ","","","","","","","","","","2","1","0","0","0","0","0","0","0","0","0","1","1","0","0","0","0","0","0","0","0","0","0","0","0","0","0","0","0","0","0","0","0","0","0","4","0","39.9736","-75.2123","","CRASH_2001_Philadelphia"
"2001223801","06","67","67301","67301","2001","03","6","2105","21","3","2","1","4","1","","","N","01","2","00","3","0","2","3","2","N","N","39 57:19.800","75 12:48.960","9999","","9999","","0","","N","","3 ","","","","","","","","","","2","2","0","0","0","0","0","0","0","0","0","1","1","0","1","0","0","0","0","0","0","0","0","0","0","0","0","0","0","0","0","0","0","0","0","4","0","39.9555","-75.2136","","CRASH_2001_Philadelphia"
"2001233270","06","67","67301","67301","2001","03","5","1848","18","2","2","1","9","1","","","N","00","0","00","3","0","0","1","2","N","N","39 55:02.640","75 12:50.040","9999","","9999","","0","","N","","0 ","","","","","","","","","","2","0","0","0","0","0","1","0","0","0","0","0","0","0","0","0","0","0","0","0","0","1","0","0","0","0","0","0","0","0","0","0","0","0","0","0","0","39.9166","-75.2179","","CRASH_2001_Philadelphia"
"2001240124","06","67","67301","67301","2001","04","5","1035","10","1","1","0","1","1","","","N","00","0","07","3","0","1","4","3","N","N","40 02:11.400","75 04:10.200","9999","","9999","","0","","N","","0 ","","","","","","","","","","3","2","0","0","0","1","0","0","0","0","0","1","1","0","0","0","0","0","0","0","0","0","0","1","0","0","0","0","0","0","0","0","0","0","0","4","0","40.0366","-75.0695","","CRASH_2001_Philadelphia"
"2001016730","06","67","67301","67301","2001","05","5","1445","14","1","1","0","2","1","","","N","00","0","00","3","0","1","2","2","N","N","39 57:06.627","75 09:32.885","1455","","1450","","0","","N","","0 ","","","","","","","","","","1","1","0","0","0","0","0","0","1","0","0","1","1","0","0","0","0","0","0","0","0","0","0","0","0","0","0","0","0","0","0","0","0","0","0","4","0","39.9516","-75.157","","CRASH_2001_Philadelphia"
"2001223912","06","67","67301","67301","2001","03","7","1932","19","3","2","1","4","1","","","N","01","3","00","3","0","1","2","4","N","N","40 02:11.979","75 02:54.884","9999","","9999","","0","","N","","3 ","","","","","","","","","","4","1","0","0","1","0","0","0","0","0","0","1","1","0","0","0","0","0","0","0","0","0","0","0","0","0","0","0","0","0","0","0","0","0","0","4","0","40.0367","-75.0486","","CRASH_2001_Philadelphia"
"2001231160","06","67","67301","67301","2001","03","3","1600","16","1","1","0","8","1","","","N","00","0","00","3","0","1","3","2","N","N","40 01:17.040","75 04:46.200","9999","","9999","","0","","N","","0 ","","","","","","","","","","1","1","0","0","0","0","0","0","0","0","0","1","1","0","0","0","0","0","0","0","1","0","0","0","0","0","0","0","0","0","0","0","1","0","0","4","0","40.0214","-75.0795","","CRASH_2001_Philadelphia"
"2001231215","06","67","67301","67301","2001","03","7","0230","02","3","1","0","4","1","","","N","00","0","00","3","0","1","2","2","N","N","39 58:51.240","75 14:09.600","9999","","9999","","0","","N","","0 ","","","","","","","","","","2","1","0","0","0","0","0","0","0","0","0","1","1","0","0","0","0","0","0","0","0","0","0","0","0","0","0","0","0","0","0","0","0","0","0","4","0","39.9809","-75.2358","","CRASH_2001_Philadelphia"
"2001210681","06","67","67301","67301","2001","02","3","0110","01","3","1","3","1","1","","","N","02","2","00","3","0","2","3","2","N","N","40 02:15.360","75 12:37.080","9999","","9999","","0","","N","","3 ","","","","","","","","","","2","2","0","0","0","0","0","0","0","0","0","2","2","0","0","0","0","0","0","0","0","0","0","0","0","0","0","0","0","0","0","0","0","0","0","4","0","40.0375","-75.2104","","CRASH_2001_Philadelphia"
"2001007231","06","67","67301","67301","2001","05","5","1235","12","1","1","0","8","1","","","N","02","2","00","3","0","1","2","2","N","N","39 57:27.103","75 09:45.000","1415","","1407","","0","","N","","3 ","","","","","","","","","","1","1","0","0","0","0","0","0","0","0","0","1","1","0","0","0","0","0","0","0","0","0","0","0","0","0","0","0","0","0","0","0","1","0","0","4","0","39.9577","-75.1625","","CRASH_2001_Philadelphia"
"2001008706","06","67","67301","67301","2001","05","2","0814","08","1","1","0","8","1","","","N","03","2","00","3","0","1","2","2","N","N","40 00:13.366","75 10:08.549","1000","","0953","","0","","N","","3 ","","","","","","","","","","1","1","0","0","0","0","0","0","0","0","0","1","1","0","0","0","0","0","0","0","0","0","0","0","0","0","0","0","0","0","0","0","1","0","0","4","0","40.0037","-75.1689","","CRASH_2001_Philadelphia"
"2001214237","06","67","67301","67301","2001","02","4","0100","01","3","1","0","7","5","","","N","00","0","00","3","0","3","3","1","N","N","39 57:16.560","75 12:22.680","9999","","9999","","0","","N","","0 ","","","","","","","","","","1","1","0","0","0","0","0","0","0","0","0","0","0","0","3","0","0","0","1","0","0","0","0","3","0","0","0","0","0","0","0","0","0","0","0","9","0","39.9546","-75.2063","","CRASH_2001_Philadelphia"
"2001217000","06","67","67301","67301","2001","03","1","0240","02","3","1","0","8","1","","","N","00","0","00","3","0","1","3","2","N","N","39 57:24.840","75 12:41.760","9999","","9999","","0","","N","","0 ","","","","","","","","","","1","1","0","0","0","0","0","0","0","0","1","0","1","0","0","0","0","0","0","0","0","0","0","0","0","0","0","0","0","0","0","0","1","0","0","3","0","39.9568","-75.2115","","CRASH_2001_Philadelphia"
"2001233227","06","67","67301","67301","2001","04","5","1636","16","1","2","1","7","5","","","N","00","0","00","3","0","1","1","1","N","N","40 02:45.240","75 01:54.120","9999","","9999","","0","","N","","0 ","","","","","","","","","","1","1","0","0","0","0","0","0","0","0","0","1","1","0","0","0","0","0","0","0","0","0","0","0","0","0","0","0","0","0","0","0","0","0","0","4","0","40.0459","-75.0317","","CRASH_2001_Philadelphia"
"2001208967","06","67","67301","67301","2001","01","3","2252","22","3","1","0","8","1","","","N","02","3","00","3","0","1","2","2","N","N","39 58:29.640","75 11:11.760","9999","","9999","","0","","N","","3 ","","","","","","","","","","1","0","0","0","0","1","0","0","0","1","0","0","1","0","0","0","0","0","0","0","0","0","0","0","0","0","0","0","0","0","0","0","1","0","1","2","1","39.975","-75.1867","","CRASH_2001_Philadelphia"
"2001211783","06","67","67301","67301","2001","02","2","1040","10","1","1","0","7","1","","","N","06","4","02","3","0","1","1","1","N","N","40 00:32.040","75 12:37.080","9999","","9999","","0","","N","","3 ","","","","","","","","","","1","1","0","0","0","0","0","0","0","0","0","1","1","0","0","0","0","0","0","0","0","0","0","0","0","0","0","0","0","0","0","0","0","0","0","4","0","40.0093","-75.2095","","CRASH_2001_Philadelphia"
"2001233367","06","67","67301","67301","2001","03","4","1720","17","1","1","0","1","1","","","N","01","2","00","3","0","1","2","2","N","N","","","9999","","9999","","0","","N","","3 ","","","","","","","","","","2","2","0","0","0","0","0","0","0","0","0","1","1","0","0","0","0","0","1","0","0","0","0","0","0","0","0","0","0","0","0","0","0","0","0","4","0","","","","CRASH_2001_Philadelphia"
"2001019596","06","67","67301","67301","2001","05","3","1325","13","1","1","0","1","1","","","N","10","0","00","3","0","0","3","3","N","N","39 58:35.547","75 12:47.388","0919","","0917","","0","","N","","0 ","","","","","","","","","","3","3","0","0","0","0","0","0","0","0","0","0","0","0","0","0","0","0","0","0","1","0","0","0","0","0","0","0","0","0","0","0","0","0","0","0","0","39.9765","-75.2132","","CRASH_2001_Philadelphia"
"2001206021","06","67","67301","67301","2001","01","3","0653","06","1","1","0","7","1","","","N","00","0","00","3","0","1","2","2","N","N","39 57:27.720","75 12:23.040","9999","","9999","","0","","N","","0 ","","","","","","","","","","1","0","0","0","1","0","0","0","0","0","0","1","1","0","0","0","0","0","0","0","0","0","0","0","0","0","0","0","0","0","0","0","1","0","0","4","0","39.9577","-75.2063","","CRASH_2001_Philadelphia"
"2001207623","06","67","67301","67301","2001","01","5","1313","13","1","1","0","1","1","","","N","01","3","00","3","0","1","2","2","N","N","","","9999","","9999","","0","","N","","3 ","","","","","","","","","","2","2","0","0","0","0","0","0","0","0","0","1","1","0","0","0","0","0","0","0","1","0","0","0","0","0","0","0","0","0","0","0","0","0","0","4","0","","","","CRASH_2001_Philadelphia"
"2001213096","06","67","67301","67301","2001","02","5","1505","15","1","1","0","8","1","","","N","00","0","00","3","0","1","2","2","N","N","","","9999","","9999","","0","","N","","0 ","","","","","","","","","","1","1","0","0","0","0","0","0","0","0","0","1","1","0","0","0","0","0","0","0","0","0","0","0","0","0","0","0","0","0","0","0","1","0","0","4","0","","","","CRASH_2001_Philadelphia"
"2001223766","06","67","67301","67301","2001","03","6","1550","15","1","2","1","1","1","","","N","02","2","00","3","0","0","2","2","N","N","40 02:17.880","75 11:29.760","9999","","9999","","0","","N","","3 ","","","","","","","","","","2","2","0","0","0","0","0","0","0","0","0","0","0","0","0","0","0","0","0","0","1","0","0","0","0","0","0","0","0","0","0","0","0","0","0","0","0","40.0384","-75.1915","","CRASH_2001_Philadelphia"
"2001240076","06","67","67301","67301","2001","04","7","2018","20","3","1","0","4","1","","","N","02","0","00","3","0","1","2","2","N","N","40 00:29.508","75 04:18.071","9999","","9999","","0","","N","","0 ","","","","","","","","","","2","2","0","0","0","0","0","0","0","0","0","0","0","0","1","0","0","0","0","0","0","0","0","0","0","0","0","0","0","0","0","0","0","0","0","9","0","40.0082","-75.0717","","CRASH_2001_Philadelphia"
"2001240174","06","67","67301","67301","2001","04","6","1430","14","1","1","0","4","1","","","N","01","9","00","3","0","0","2","2","N","N","39 56:15.360","75 13:22.800","9999","","9999","","0","","N","","9 ","","","","","","","","","","2","2","0","0","0","0","0","0","0","0","0","0","0","0","0","0","0","0","0","0","1","0","0","0","0","0","0","0","0","0","0","0","0","0","0","0","0","39.9376","-75.223","","CRASH_2001_Philadelphia"
"2001223932","06","67","67301","67301","2001","03","1","1610","16","1","1","0","5","1","","","N","01","2","00","3","0","1","7","2","N","N","39 57:28.162","75 08:50.070","9999","","9999","","0","","N","","3 ","","","","","","","","","","2","1","0","0","0","0","1","0","0","0","0","0","0","0","1","0","0","0","0","0","0","0","0","0","0","0","0","0","0","0","0","0","0","0","0","9","0","39.9578","-75.1472","","CRASH_2001_Philadelphia"
"2001233436","06","67","67301","67301","2001","03","6","0300","03","2","1","0","9","1","","","N","00","0","00","3","0","0","1","3","N","N","","","9999","","9999","","0","","N","","0 ","","","","","","","","","","3","1","0","0","0","0","0","0","0","0","0","0","0","0","0","0","0","0","1","0","0","0","0","0","0","0","0","0","0","0","0","0","0","0","0","0","0","","","","CRASH_2001_Philadelphia"
"2001007005","06","67","67301","67301","2001","05","7","0600","06","5","2","1","5","6","","","N","00","0","00","3","0","0","3","3","N","N","39 58:24.387","75 12:44.005","0620","","0612","","0","","N","","0 ","","","","","","","","","","3","3","0","0","0","0","0","0","0","0","0","0","0","0","0","0","0","0","0","0","0","0","0","0","0","0","0","0","0","0","0","0","0","0","0","0","0","39.9735","-75.2123","","CRASH_2001_Philadelphia"
"2001207476","06","67","67301","67301","2001","01","7","0256","02","3","2","1","4","1","","","N","00","0","00","3","0","1","2","2","N","N","39 57:24.120","75 11:52.440","9999","","9999","","0","","N","","0 ","","","","","","","","","","2","2","0","0","0","0","0","0","0","0","0","0","0","0","1","0","0","0","0","0","0","0","0","0","0","0","0","0","0","0","0","0","0","0","0","9","0","39.9566","-75.1978","","CRASH_2001_Philadelphia"
"2001210695","06","67","67301","67301","2001","02","2","0830","08","1","1","0","8","1","","","N","01","3","00","3","0","1","2","2","N","N","","","9999","","9999","","0","","N","","3 ","","","","","","","","","","1","0","0","0","0","0","0","0","0","0","0","1","1","0","0","0","0","0","0","0","0","0","0","0","0","0","0","0","0","0","0","0","1","0","0","4","0","","","","CRASH_2001_Philadelphia"
"2001211726","06","67","67301","67301","2001","02","6","1635","16","4","1","0","4","1","","","N","00","2","07","3","0","2","4","3","Y","N","40 02:15.360","75 08:42.000","9999","","9999","","0","","N","","3 ","","","","","","","","","","3","3","0","0","0","0","0","0","0","0","0","2","2","0","0","0","0","0","0","0","0","0","0","0","0","0","0","0","0","0","0","0","0","0","0","4","0","40.0376","-75.1449","","CRASH_2001_Philadelphia"
"2001233451","06","67","67301","67301","2001","03","2","0210","02","3","1","0","9","1","","","N","00","0","00","3","0","1","1","2","N","N","","","9999","","9999","","0","","N","","0 ","","","","","","","","","","2","0","1","0","0","0","0","0","0","0","0","0","0","0","1","0","0","0","0","0","0","0","0","0","0","0","0","0","0","0","0","0","0","0","0","9","0","","","","CRASH_2001_Philadelphia"
"2001239009","06","67","67301","67301","2001","04","5","0850","08","1","1","0","5","1","1","8","Y","03","0","02","3","0","0","2","2","N","N","39 53:29.040","75 14:18.960","9999","99","9999","","0","","N","","0 ","","U","","","U","","","","","2","1","0","0","0","1","0","0","0","0","0","0","0","0","0","0","0","0","1","0","0","0","0","0","0","0","0","0","0","0","0","0","0","0","0","0","0","39.8913","-75.2387","","CRASH_2001_Philadelphia"
"2001007251","06","67","67301","67301","2001","05","3","1150","11","1","1","0","4","1","","","N","01","2","00","3","0","1","2","2","N","N","39 57:14.000","75 10:36.430","1150","","1150","","0","","N","","3 ","","","","","","","","","","1","1","0","0","0","0","0","0","1","0","0","1","1","0","0","0","0","0","0","0","1","0","0","0","0","0","0","0","0","0","0","0","0","0","0","4","0","39.954","-75.1767","","CRASH_2001_Philadelphia"
"2001207285","06","67","67301","67301","2001","01","2","1523","15","1","1","0","8","1","","","N","01","2","00","3","0","1","2","2","N","N","39 58:07.320","75 14:44.160","9999","","9999","","0","","N","","3 ","","","","","","","","","","1","0","0","0","0","0","0","1","0","0","0","1","1","0","0","0","0","0","0","0","1","0","0","1","0","0","0","0","0","0","0","0","1","0","0","4","0","39.9688","-75.2455","","CRASH_2001_Philadelphia"
"2001208998","06","67","67301","67301","2001","02","7","2351","23","3","1","0","4","1","","","N","01","3","00","3","0","3","5","3","N","N","","","9999","","9999","","0","","N","","3 ","","","","","","","","","","3","2","0","0","0","0","0","0","0","0","0","3","3","0","0","0","0","0","0","0","0","0","0","0","0","0","0","0","0","0","0","0","0","0","0","4","0","","","","CRASH_2001_Philadelphia"
"2001231107","06","67","67301","67301","2001","03","7","2025","20","3","2","1","5","1","","","N","00","0","00","3","0","1","2","3","N","N","","","9999","","9999","","0","","N","","0 ","","","","","","","","","","3","2","0","0","0","0","0","0","0","0","0","0","0","0","1","1","0","0","0","0","0","0","0","0","0","0","0","0","0","0","0","0","0","0","0","9","0","","","","CRASH_2001_Philadelphia"
"2001233154","06","67","67301","67301","2001","03","3","0117","01","3","2","0","4","1","","","N","02","3","00","3","0","1","2","2","N","N","39 59:45.960","75 10:17.040","9999","","9999","","0","","N","","3 ","","","","","","","","","","2","2","0","0","0","0","0","0","0","0","0","1","1","0","0","0","0","0","0","0","0","0","0","0","0","0","0","0","0","0","0","0","0","0","0","4","0","39.9961","-75.1713","","CRASH_2001_Philadelphia"
"2001243560","06","67","67301","67301","2001","05","6","2120","21","3","1","0","1","1","","","N","01","2","00","3","0","1","3","3","N","N","40 01:33.960","75 07:18.840","9999","","9999","","0","","N","","3 ","","","","","","","","","","3","2","0","0","0","0","0","0","0","0","0","1","1","0","0","0","0","0","0","0","0","0","1","0","0","0","0","0","0","0","0","0","0","0","0","4","0","40.0262","-75.1216","","CRASH_2001_Philadelphia"
"2001009009","06","67","67301","67301","2001","06","5","1832","18","1","1","0","5","1","","","N","00","0","00","3","0","1","2","3","N","N","","","1840","","1832","2","1","3","N","","0 ","N","","","","","","","","","3","2","0","0","0","1","0","0","0","0","0","1","1","0","0","0","0","0","0","0","1","0","0","0","0","0","0","0","0","0","0","0","0","0","0","4","1","","","","CRASH_2001_Philadelphia"
"2001201477","06","67","67301","67301","2001","02","5","1110","11","1","1","0","3","1","","","N","00","0","00","3","0","1","3","2","N","N","40 05:07.440","75 02:20.760","9999","","9999","","0","","N","","0 ","","","","","","","","","","2","1","0","0","0","1","0","0","0","0","0","0","0","0","1","0","1","0","0","0","0","0","0","0","0","0","0","0","0","0","0","0","0","0","0","9","1","40.0854","-75.0392","","CRASH_2001_Philadelphia"
"2001205997","06","67","67301","67301","2001","01","2","1250","12","1","2","1","4","1","","","N","01","3","00","3","0","1","2","2","N","N","40 02:03.606","75 09:37.515","9999","","9999","","0","","N","","3 ","","","","","","","","","","2","2","0","0","0","0","0","0","0","0","0","1","1","0","0","0","0","0","0","0","0","0","0","0","0","0","0","0","0","0","0","0","0","0","0","4","0","40.0343","-75.1604","","CRASH_2001_Philadelphia"
"2001209078","06","67","67301","67301","2001","01","7","1040","10","1","1","1","4","1","","","N","01","3","00","3","0","0","5","2","N","N","40 03:49.680","75 10:22.440","9999","","9999","","0","","N","","3 ","","","","","","","","","","2","2","0","0","0","0","0","0","0","0","0","0","0","0","0","0","0","0","0","0","0","1","0","0","0","0","0","0","0","0","0","0","0","0","0","0","0","40.0638","-75.1729","","CRASH_2001_Philadelphia"
"2001216970","06","67","67301","67301","2001","02","2","1423","14","1","1","0","4","1","","","N","01","2","00","3","0","0","2","2","N","N","39 56:21.120","75 11:53.880","9999","","9999","","0","","N","","3 ","","","","","","","","","","2","0","0","0","0","1","1","0","0","0","0","0","0","0","0","0","0","0","0","0","1","0","0","0","0","0","0","0","0","0","0","0","0","0","0","0","1","39.9388","-75.1985","","CRASH_2001_Philadelphia"
"2001207649","06","67","67301","67301","2001","01","7","1515","15","1","1","0","4","1","","","N","01","2","00","3","0","2","3","2","N","N","","","9999","","9999","","0","","N","","3 ","","","","","","","","","","2","2","0","0","0","0","0","0","0","0","2","0","2","0","0","0","0","0","0","0","1","0","0","0","0","0","0","0","0","0","0","0","0","0","0","3","0","","","","CRASH_2001_Philadelphia"
"2001216889","06","67","67301","67301","2001","03","4","1610","16","1","1","0","5","1","","","N","00","0","00","3","0","1","4","2","N","N","39 57:12.960","75 09:54.000","9999","","9999","","0","","N","","0 ","","","","","","","","","","2","0","1","0","0","0","0","1","0","0","0","1","1","0","0","0","0","0","0","0","1","0","0","0","0","0","0","0","0","0","0","0","0","0","0","4","0","39.9536","-75.165","","CRASH_2001_Philadelphia"
"2001006983","06","67","67301","67301","2001","06","5","0200","02","3","1","0","4","1","","","N","01","2","00","3","0","1","2","2","N","N","40 01:00.611","75 05:01.021","0425","","0421","","0","","N","","9 ","","","","","","","","","","1","1","0","0","0","0","0","0","1","0","1","0","1","0","1","0","0","0","0","0","0","0","0","0","0","0","0","0","0","0","0","0","0","0","0","3","0","40.0168","-75.0836","","CRASH_2001_Philadelphia"