"CRN","DISTRICT","COUNTY","MUNICIPALITY","POLICE_AGCY","CRASH_YEAR","CRASH_MONTH","DAY_OF_WEEK","TIME_OF_DAY","HOUR_OF_DAY","ILLUMINATION","WEATHER","ROAD_CONDITION","COLLISION_TYPE","RELATION_TO_ROAD","WORK_ZONE_TYPE","WORK_ZONE_LOC","WORK_ZONE_IND","INTERSECT_TYPE","TCD_TYPE","LOCATION_TYPE","URBAN_RURAL","FATAL_COUNT","INJURY_COUNT","PERSON_COUNT","TOTAL_UNITS","SCH_BUS_IND","SCH_ZONE_IND","LATITUDE","LONGITUDE","ARRIVAL_TM","CONS_ZONE_SPD_LIM","DISPATCH_TM","EST_HRS_CLOSED","LANE_CLOSED","LN_CLOSE_DIR","NTFY_HIWY_MAINT","SPEC_JURIS_CD","TCD_FUNC_CD","TFC_DETOUR_IND","WORKERS_PRES","WZ_CLOSE_DETOUR","WZ_FLAGGER","WZ_LAW_OFFCR_IND","WZ_LN_CLOSURE","WZ_MOVING","WZ_OTHER","WZ_SHLDER_MDN","VEHICLE_COUNT","AUTOMOBILE_COUNT","MOTORCYCLE_COUNT","BUS_COUNT","SMALL_TRUCK_COUNT","HEAVY_TRUCK_COUNT","SUV_COUNT","VAN_COUNT","BICYCLE_COUNT","MAJ_INJ_COUNT","MOD_INJ_COUNT","MIN_INJ_COUNT","TOT_INJ_COUNT","UNK_INJ_DEG_COUNT","UNK_INJ_PER_COUNT","DRIVER_COUNT_16YR","DRIVER_COUNT_17YR","DRIVER_COUNT_18YR","DRIVER_COUNT_19YR","DRIVER_COUNT_20YR","DRIVER_COUNT_50_64YR","DRIVER_COUNT_65_74YR","DRIVER_COUNT_75PLUS","UNBELTED_OCC_COUNT","UNB_DEATH_COUNT","UNB_MAJ_INJ_COUNT","BELTED_DEATH_COUNT","BELTED_MAJ_INJ_COUNT","MCYCLE_DEATH_COUNT","MCYCLE_MAJ_INJ_COUNT","BICYCLE_DEATH_COUNT","BICYCLE_MAJ_INJ_COUNT","PED_COUNT","PED_DEATH_COUNT","PED_MAJ_INJ_COUNT","MAX_SEVERITY_LEVEL","COMM_VEH_COUNT","DEC_LAT","DEC_LONG","RDWY_SURF_TYPE_CD","COUNTY_YEAR"
"2001007172","06","67","67301","67301","2001","05","1","1400","14","1","1","0","8","1","","","N","00","0","00","3","0","1","2","2","N","N","40 07:32.455","75 00:52.412","1410","","1400","","0","","N","","0 ","","","","","","","","","","1","1","0","0","0","0","0","0","0","0","0","1","1","0","0","0","0","0","0","0","0","0","0","0","0","0","0","0","0","0","0","0","1","0","0","4","0","40.1262","-75.0144","","CRASH_2001_Philadelphia"
"2001240063","06","67","67301","67301","2001","04","6","1135","11","1","1","0","4","1","","","N","00","0","07","3","0","2","3","2","N","N","40 00:14.040","75 13:14.520","9999","","9999","","0","","N","","0 ","","","","","","","","","","2","2","0","0","0","0","0","0","0","0","0","0","0","0","2","0","0","0","0","0","1","0","0","0","0","0","0","0","0","0","0","0","0","0","0","9","0","40.0039","-75.2207","","CRASH_2001_Philadelphia"
"2001209661","06","67","67301","67301","2001","02","6","2043","20","3","1","1","8","1","","","N","01","3","00","3","0","1","2","2","N","N","","","9999","","9999","","0","","N","","3 ","","","","","","","","","","1","1","0","0","0","0","0","0","0","0","0","0","0","0","1","0","0","0","0","0","1","0","0","0","0","0","0","0","0","0","0","0","1","0","0","9","0","","","","CRASH_2001_Philadelphia"
"2001210771","06","67","67301","67301","2001","02","1","0333","03","3","1","0","9","1","","","N","00","0","00","3","0","0","2","2","N","N","","","9999","","9999","","0","","N","","0 ","","","","","","","","","","2","1","0","0","0","0","0","0","0","0","0","0","0","0","0","0","0","0","0","1","0","0","0","0","0","0","0","0","0","0","0","0","0","0","0","0","0","","","","CRASH_2001_Philadelphia"
"2001213174","06","67","67301","67301","2001","02","6","9999","99","1","1","0","8","1","","","N","00","0","00","3","0","1","2","2","N","N","","","9999","","9999","","0","","N","","0 ","","","","","","","","","","1","1","0","0","0","0","0","0","0","0","0","1","1","0","0","0","0","0","0","0","0","0","0","0","0","0","0","0","0","0","0","0","1","0","0","4","0","","","","CRASH_2001_Philadelphia"
"2001233106","06","67","67301","67301","2001","04","2","1844","18","1","1","0","8","1","","","N","01","2","00","3","0","1","2","2","N","N","","","9999","","9999","","0","","N","","3 ","","","","","","","","","","1","1","0","0","0","0","0","0","0","0","1","0","1","0","0","0","0","0","0","0","0","0","0","0","0","0","0","0","0","0","0","0","1","0","0","3","0","","","","CRASH_2001_Philadelphia"
"2001233398","06","67","67301","67301","2001","03","4","1000","10","1","1","0","4","1","","","N","01","3","00","3","0","1","2","2","N","N","40 03:52.970","75 10:39.784","9999","","9999","","0","","N","","3 ","","","","","","","","","","2","2","0","0","0","0","0","0","0","0","0","1","1","0","0","0","0","0","0","0","0","1","0","0","0","0","0","0","0","0","0","0","0","0","0","4","0","40.0647","-75.1777","","CRASH_2001_Philadelphia"
"2001207332","06","67","67301","67301","2001","01","7","1420","14","1","2","1","4","1","","","N","02","2","00","3","0","3","4","2","N","N","39 59:15.720","75 12:58.320","9999","","9999","","0","","N","","3 ","","","","","","","","","","2","2","0","0","0","0","0","0","0","0","0","3","3","0","0","0","0","0","0","0","0","0","0","0","0","0","0","0","0","0","0","0","0","0","0","4","0","39.9877","-75.2162","","CRASH_2001_Philadelphia"
"2001238972","06","67","67301","67301","2001","04","6","1128","11","1","1","0","1","1","","","N","01","2","00","3","0","2","3","2","N","N","39 57:05.760","75 09:29.520","9999","","9999","","0","","N","","3 ","","","","","","","","","","2","2","0","0","0","0","0","0","0","0","0","2","2","0","0","0","0","0","0","0","0","0","0","0","0","0","0","0","0","0","0","0","0","0","0","4","0","39.9517","-75.1583","","CRASH_2001_Philadelphia"
"2001240101","06","67","67301","67301","2001","04","5","1715","17","1","1","0","9","1","","","N","00","0","00","3","0","0","1","2","N","N","","","9999","","9999","","0","","N","","0 ","","","","","","","","","","2","1","0","0","0","0","0","0","0","0","0","0","0","0","0","0","0","0","0","0","0","0","0","0","0","0","0","0","0","0","0","0","0","0","0","0","0","","","","CRASH_2001_Philadelphia"
"2001244792","06","67","67301","67301","2001","05","7","1550","15","1","1","0","4","1","","","N","01","2","00","3","0","0","4","4","N","N","39 57:26.280","75 14:52.440","9999","","9999","","0","","N","","3 ","","","","","","","","","","4","3","0","0","0","0","0","0","0","0","0","0","0","0","0","0","0","0","0","0","1","0","0","0","0","0","0","0","0","0","0","0","0","0","0","0","0","39.9573","-75.2479","","CRASH_2001_Philadelphia"
"2001007390","06","67","67301","67301","2001","05","2","2130","21","3","1","0","1","1","","","N","00","0","00","3","0","4","4","2","N","N","","","2135","","2130","","0","","N","","0 ","","","","","","","","","","2","2","0","0","0","0","0","0","0","0","2","2","4","0","0","0","0","0","0","0","0","0","0","0","0","0","0","0","0","0","0","0","0","0","0","3","0","","","","CRASH_2001_Philadelphia"
"2001008653","06","67","67301","67301","2001","06","4","1544","15","1","1","0","4","1","","","N","03","1","00","3","0","2","3","2","N","N","39 58:13.008","75 07:27.749","1600","","1546","","0","","N","","3 ","","","","","","","","","","2","2","0","0","0","0","0","0","0","0","1","1","2","0","0","0","0","0","0","0","0","0","0","0","0","0","0","0","0","0","0","0","0","0","0","3","0","39.9694","-75.126","","CRASH_2001_Philadelphia"
"2001207329","06","67","67301","67301","2001","01","7","0239","02","3","6","1","4","1","","","N","01","2","00","3","0","1","3","2","N","N","40 03:28.800","75 00:30.960","9999","","9999","","0","","N","","3 ","","","","","","","","","","2","2","0","0","0","0","0","0","0","0","0","1","1","0","0","0","0","0","0","0","0","0","0","0","0","0","0","0","0","0","0","0","0","0","0","4","0","40.0578","-75.0087","","CRASH_2001_Philadelphia"
"2001208893","06","67","67301","67301","2001","02","1","0214","02","3","1","0","4","1","","","N","01","3","00","3","0","2","4","3","N","N","","","9999","","9999","","0","","N","","3 ","","","","","","","","","","3","2","0","0","0","0","0","0","0","0","2","0","2","0","0","0","0","0","0","0","0","0","0","0","0","0","0","0","0","0","0","0","0","0","0","3","0","","","","CRASH_2001_Philadelphia"
"2001210748","06","67","67301","67301","2001","02","4","1606","16","1","1","0","4","1","","","N","02","2","00","3","0","0","5","3","N","N","39 58:31.440","75 11:25.080","9999","","9999","","0","","N","","3 ","","","","","","","","","","3","3","0","0","0","0","0","0","0","0","0","0","0","0","0","0","0","0","0","0","0","0","0","0","0","0","0","0","0","0","0","0","0","0","0","0","0","39.9754","-75.1905","","CRASH_2001_Philadelphia"
"2001214242","06","67","67301","67301","2001","02","3","0630","06","5","1","0","1","1","","","N","05","2","00","3","0","1","2","2","N","N","39 55:02.640","75 10:15.960","9999","","9999","","0","","N","","3 ","","","","","","","","","","2","1","0","0","1","0","0","0","0","0","0","1","1","0","0","0","0","0","0","0","0","0","0","0","0","0","0","0","0","0","0","0","0","0","0","4","0","39.9174","-75.1711","","CRASH_2001_Philadelphia"
"2001240161","06","67","67301","67301","2001","04","1","1630","16","1","1","0","4","1","","","N","02","2","00","3","0","2","2","2","N","N","39 53:14.975","75 14:52.745","9999","","9999","","0","","N","","3 ","","","","","","","","","","2","2","0","0","0","0","0","0","0","0","0","2","2","0","0","0","0","0","0","0","0","0","0","0","0","0","0","0","0","0","0","0","0","0","0","4","0","39.8875","-75.248","","CRASH_2001_Philadelphia"
"2001244908","06","67","67301","67301","2001","05","5","1530","15","1","1","0","8","1","","","N","00","0","07","3","0","1","2","2","N","N","39 53:49.560","75 15:04.680","9999","","9999","","0","","N","","0 ","","","","","","","","","","1","1","0","0","0","0","0","0","0","0","0","1","1","0","0","0","0","0","0","0","0","0","0","0","0","0","0","0","0","0","0","0","1","0","0","4","0","39.8969","-75.2509","","CRASH_2001_Philadelphia"
"2001008584","06","67","67301","67301","2001","05","2","1700","17","1","1","0","8","1","","","N","01","2","00","3","0","1","2","2","N","N","39 58:44.881","75 06:31.195","1725","","1720","","0","","N","","3 ","","","","","","","","","","1","1","0","0","0","0","0","0","0","0","1","0","1","0","0","0","0","0","0","0","1","0","0","0","0","0","0","0","0","0","0","0","1","0","0","3","0","39.9816","-75.104","","CRASH_2001_Philadelphia"
"2001207484","06","67","67301","67301","2001","01","6","2126","21","3","2","1","4","1","","","N","01","2","00","3","0","0","2","2","N","N","40 06:18.360","75 00:05.760","9999","","9999","","0","","N","","3 ","","","","","","","","","","2","2","0","0","0","0","0","0","0","0","0","0","0","0","0","0","0","0","0","0","1","0","0","0","0","0","0","0","0","0","0","0","0","0","0","0","0","40.105","-75.0017","","CRASH_2001_Philadelphia"
"2001215613","06","67","67301","67301","2001","02","7","2345","23","3","1","0","1","1","","","N","00","0","00","3","0","2","4","3","N","N","40 01:13.800","75 09:16.560","9999","","9999","","0","","N","","0 ","","","","","","","","","","3","1","0","0","1","0","0","1","0","0","0","2","2","0","0","0","0","0","0","0","1","0","0","2","0","0","0","0","0","0","0","0","0","0","0","4","0","40.0204","-75.1546","","CRASH_2001_Philadelphia"
"2001215714","06","67","67301","67301","2001","03","5","1511","15","1","1","0","1","1","","","N","00","0","00","3","0","0","2","2","N","N","","","9999","","9999","","0","","N","","0 ","","","","","","","","","","2","2","0","0","0","0","0","0","0","0","0","0","0","0","0","0","0","0","0","0","0","0","0","0","0","0","0","0","0","0","0","0","0","0","0","0","0","","","","CRASH_2001_Philadelphia"
"2001207394","06","67","67301","67301","2001","01","3","0635","06","1","6","6","2","1","","","N","00","0","00","3","0","3","3","3","N","N","40 05:54.600","75 02:50.280","9999","","9999","","0","","N","","0 ","","","","","","","","","","3","2","0","0","1","0","0","0","0","2","0","1","3","0","0","0","0","0","0","0","2","0","0","0","0","0","0","0","0","0","0","0","0","0","0","2","0","40.0985","-75.0473","","CRASH_2001_Philadelphia"
"2001209299","06","67","67301","67301","2001","01","5","1450","14","1","1","0","9","1","","","N","00","0","00","3","0","1","1","2","N","N","40 03:29.520","75 05:13.920","9999","","9999","","0","","N","","0 ","","","","","","","","","","2","1","0","0","0","0","0","0","0","0","0","1","1","0","0","0","0","0","0","0","1","0","0","0","0","0","0","0","0","0","0","0","0","0","0","4","0","40.0582","-75.0872","","CRASH_2001_Philadelphia"
"2001210793","06","67","67301","67301","2001","02","5","0306","03","3","1","0","4","1","","","N","01","2","00","3","0","3","3","2","N","N","39 57:46.080","75 09:52.200","9999","","9999","","0","","N","","3 ","","","","","","","","","","2","1","0","0","0","0","1","0","0","0","1","2","3","0","0","0","0","0","0","0","0","0","0","0","0","0","0","0","0","0","0","0","0","0","0","3","0","39.9628","-75.1646","","CRASH_2001_Philadelphia"
"2001211482","06","67","67301","67301","2001","02","2","1827","18","3","1","0","1","1","","","N","00","0","00","3","0","2","4","3","N","N","40 02:42.000","75 07:24.960","9999","","9999","","0","","N","","0 ","","","","","","","","","","3","3","0","0","0","0","0","0","0","0","0","2","2","0","0","0","0","0","0","0","2","0","0","0","0","0","0","0","0","0","0","0","0","0","0","4","0","40.045","-75.1236","","CRASH_2001_Philadelphia"
"2001215456","06","67","67301","67301","2001","03","6","2030","20","3","1","0","1","1","","","N","00","0","00","3","0","0","2","2","N","N","39 58:22.080","75 09:33.120","9999","","9999","","0","","N","","0 ","","","","","","","","","","2","1","0","0","0","0","0","1","0","0","0","0","0","0","0","0","0","0","0","0","0","0","0","0","0","0","0","0","0","0","0","0","0","0","0","0","0","39.9728","-75.1592","","CRASH_2001_Philadelphia"
"2001238293","06","67","67301","67301","2001","04","1","1927","19","4","1","0","8","1","","","N","00","0","00","3","0","1","2","2","N","N","","","9999","","9999","","0","","N","","0 ","","","","","","","","","","1","1","0","0","0","0","0","0","0","0","1","0","1","0","0","0","0","0","0","0","0","0","0","0","0","0","0","0","0","0","0","0","1","0","0","3","0","","","","CRASH_2001_Philadelphia"
"2001019636","06","67","67301","67301","2001","06","3","1535","15","1","1","0","1","1","","","N","01","2","00","3","0","1","2","2","N","N","39 57:32.328","75 10:18.764","1603","","1559","","0","","N","","3 ","","","","","","","","","","2","2","0","0","0","0","0","0","0","0","0","1","1","0","0","0","0","0","0","0","0","0","0","0","0","0","0","0","0","0","0","0","0","0","0","4","0","39.9591","-75.172","","CRASH_2001_Philadelphia"
"2001019662","06","67","67301","67301","2001","06","2","1405","14","1","1","0","1","1","","","N","01","2","00","3","0","1","2","2","N","N","39 56:40.971","75 14:36.309","1425","","1410","","0","","N","","3 ","","","","","","","","","","2","2","0","0","0","0","0","0","0","0","1","0","1","0","0","0","0","0","0","0","1","1","0","0","0","0","0","0","0","0","0","0","0","0","0","3","0","39.9447","-75.2434","","CRASH_2001_Philadelphia"
"2001214326","06","67","67301","67301","2001","02","1","0330","03","3","1","0","9","1","","","N","00","0","00","3","0","0","2","2","N","N","","","9999","","9999","","0","","N","","0 ","","","","","","","","","","2","1","0","0","0","0","0","0","0","0","0","0","0","0","0","0","0","0","0","1","0","0","0","0","0","0","0","0","0","0","0","0","0","0","0","0","0","","","","CRASH_2001_Philadelphia"
"2001214577","06","67","67301","67301","2001","02","7","2320","23","3","1","0","1","1","","","N","00","0","00","3","0","0","4","2","N","N","40 03:16.200","75 02:57.480","9999","","9999","","0","","N","","0 ","","","","","","","","","","2","2","0","0","0","0","0","0","0","0","0","0","0","0","0","0","0","0","0","0","0","0","0","0","0","0","0","0","0","0","0","0","0","0","0","0","0","40.0545","-75.0493","","CRASH_2001_Philadelphia"
"2001233421","06","67","67301","67301","2001","03","5","1800","18","1","2","1","4","1","","","N","01","2","00","3","0","1","2","2","N","N","40 00:57.600","75 11:13.560","9999","","9999","","0","","N","","3 ","","","","","","","","","","2","1","0","0","1","0","0","0","0","0","0","1","1","0","0","0","0","0","0","0","0","1","0","0","0","0","0","0","0","0","0","0","0","0","0","4","0","40.0159","-75.187","","CRASH_2001_Philadelphia"
"2001019609","06","67","67301","67301","2001","05","4","2110","21","3","1","0","4","1","","","N","01","2","00","3","0","1","5","2","N","N","39 57:28.000","75 08:55.806","2120","","2118","","0","","N","","3 ","","","","","","","","","","2","2","0","0","0","0","0","0","0","0","0","1","1","0","0","0","0","1","0","0","0","0","0","0","0","0","0","0","0","0","0","0","0","0","0","4","0","39.958","-75.1488","","CRASH_2001_Philadelphia"
"2001207320","06","67","67301","67301","2001","01","7","0541","05","3","2","1","1","1","","","N","00","0","00","3","0","1","2","2","N","N","40 01:36.840","75 05:47.760","9999","","9999","","0","","N","","0 ","","","","","","","","","","2","1","0","0","0","0","0","1","0","0","0","1","1","0","0","0","0","0","0","0","0","0","0","0","0","0","0","0","0","0","0","0","0","0","0","4","0","40.0268","-75.0969","","CRASH_2001_Philadelphia"
"2001210632","06","67","67301","67301","2001","02","5","1853","18","3","1","0","1","1","","","N","00","0","00","3","0","1","2","2","N","N","","","9999","","9999","","0","","N","","0 ","","","","","","","","","","2","2","0","0","0","0","0","0","0","0","0","1","1","0","0","0","0","0","0","0","1","0","0","0","0","0","0","0","0","0","0","0","0","0","0","4","0","39.9769","-75.2765","","CRASH_2001_Philadelphia"
"2001216888","06","67","67301","67301","2001","03","4","1000","10","1","1","0","5","1","","","N","00","0","00","3","0","1","3","2","N","N","40 01:58.800","75 04:10.200","9999","","9999","","0","","N","","0 ","","","","","","","","","","2","1","0","0","0","0","1","0","0","0","0","1","1","0","0","0","0","1","0","0","0","0","0","0","0","0","0","0","0","0","0","0","0","0","0","4","0","40.0331","-75.0694","","CRASH_2001_Philadelphia"
"2001223841","06","67","67301","67301","2001","03","2","1500","15","1","1","0","4","1","","","N","01","3","00","3","0","1","3","2","N","N","39 58:09.231","75 14:54.761","9999","","9999","","0","","N","","3 ","","","","","","","","","","2","2","0","0","0","0","0","0","0","0","0","1","1","0","0","0","0","0","1","0","0","0","0","0","0","0","0","0","0","0","0","0","0","0","0","4","0","39.9692","-75.2485","","CRASH_2001_Philadelphia"
"2001016935","06","67","67301","67301","2001","05","6","1335","13","1","1","0","4","1","","","N","01","3","00","3","0","1","2","2","N","N","39 59:59.964","75 09:11.322","1336","","1335","","0","","N","","3 ","","","","","","","","","","1","1","0","0","0","0","0","0","1","0","0","1","1","0","0","0","0","0","0","0","0","0","0","0","0","0","0","0","0","0","0","0","0","0","0","4","0","40","-75.1531","","CRASH_2001_Philadelphia"
"2001206189","06","67","67301","67301","2001","01","1","1918","19","3","1","9","7","1","","","N","00","0","02","3","0","5","6","1","N","N","39 57:40.680","75 08:23.280","9999","","9999","","0","","N","","0 ","","","","","","","","","","1","0","0","0","0","0","1","0","0","0","0","0","0","0","5","0","0","0","0","0","0","0","0","1","0","0","0","0","0","0","0","0","0","0","0","9","0","39.9623","-75.1394","","CRASH_2001_Philadelphia"
"2001210797","06","67","67301","67301","2001","01","7","1930","19","3","1","3","1","1","","","N","01","2","00","3","0","1","2","2","N","N","","","9999","","9999","","0","","N","","3 ","","","","","","","","","","2","1","0","0","0","0","1","0","0","0","1","0","1","0","0","0","0","0","0","0","0","0","0","0","0","0","0","0","0","0","0","0","0","0","0","3","0","","","","CRASH_2001_Philadelphia"
"2001238925","06","67","67301","67301","2001","04","2","0852","08","1","1","0","4","1","","","N","01","2","00","3","0","0","5","2","N","N","39 57:33.840","75 14:43.440","9999","","9999","","0","","N","","3 ","","","","","","","","","","2","1","0","0","0","0","0","1","0","0","0","0","0","0","0","0","0","0","0","0","0","0","0","0","0","0","0","0","0","0","0","0","0","0","0","0","0","39.9594","-75.2454","","CRASH_2001_Philadelphia"
"2001240068","06","67","67301","67301","2001","04","6","1818","18","1","1","0","4","1","","","N","01","2","00","3","0","1","2","2","N","N","39 58:07.803","75 14:43.549","9999","","9999","","0","","N","","3 ","","","","","","","","","","1","1","0","0","0","0","0","0","1","0","0","1","1","0","0","0","0","0","0","0","0","0","0","0","0","0","0","0","0","0","0","0","0","0","0","4","0","39.9688","-75.2454","","CRASH_2001_Philadelphia"
"2001240188","06","67","67301","67301","2001","04","6","1229","12","1","1","0","1","1","","","N","00","0","00","3","0","1","3","2","N","N","","","9999","","9999","","0","","N","","0 ","","","","","","","","","","2","1","0","0","0","0","0","1","0","0","0","1","1","0","0","0","0","0","0","0","0","0","0","0","0","0","0","0","0","0","0","0","0","0","0","4","0","","","","CRASH_2001_Philadelphia"
"2001209158","06","67","67301","67301","2001","01","3","1037","10","1","2","1","8","1","","","N","01","2","00","3","0","1","2","2","N","N","39 57:23.760","75 09:57.240","9999","","9999","","0","","N","","3 ","","","","","","","","","","1","1","0","0","0","0","0","0","0","0","0","1","1","0","0","0","0","0","0","0","1","0","0","0","0","0","0","0","0","0","0","0","1","0","0","4","0","39.9566","-75.166","","CRASH_2001_Philadelphia"
"2001206066","06","67","67301","67501","2001","01","7","1535","15","1","1","0","1","1","","","N","00","0","03","3","0","0","3","2","N","N","","","9999","","9999","","0","","N","","0 ","","","","","","","","","","2","1","0","0","0","0","0","0","0","0","0","0","0","0","0","0","0","0","0","0","1","0","0","0","0","0","0","0","0","0","0","0","0","0","0","0","0","","","","CRASH_2001_Philadelphia"
"2001207282","06","67","67301","67301","2001","01","6","1430","14","1","9","9","4","1","","","N","01","3","00","3","0","1","3","5","N","N","39 57:31.093","75 08:49.670","9999","","9999","","0","","N","","3 ","","","","","","","","","","5","1","0","0","1","0","1","0","0","0","0","1","1","0","0","0","0","0","0","0","2","0","0","0","0","0","0","0","0","0","0","0","0","0","0","4","0","39.9586","-75.1471","","CRASH_2001_Philadelphia"
"2001215603","06","67","67301","67301","2001","02","1","0225","02","3","1","0","6","1","","","N","00","0","00","3","0","1","2","2","N","N","","","9999","","9999","","0","","N","","0 ","","","","","","","","","","2","1","0","0","0","0","1","0","0","0","0","1","1","0","0","0","0","1","0","0","1","0","0","0","0","0","0","0","0","0","0","0","0","0","0","4","0","","","","CRASH_2001_Philadelphia"
"2001216892","06","67","67301","67301","2001","03","5","0430","04","3","1","0","4","1","","","N","01","9","00","3","0","0","2","2","N","N","","","9999","","9999","","0","","N","","9 ","","","","","","","","","","2","2","0","0","0","0","0","0","0","0","0","0","0","0","0","0","0","0","0","0","0","0","0","0","0","0","0","0","0","0","0","0","0","0","0","0","0","","","","CRASH_2001_Philadelphia"
"2001238999","06","67","67301","67301","2001","04","3","2139","21","3","1","0","8","1","","","N","01","2","00","3","0","1","2","2","N","N","39 59:47.400","75 06:48.600","9999","","9999","","0","","N","","3 ","","","","","","","","","","1","1","0","0","0","0","0","0","0","0","1","0","1","0","0","0","0","0","0","0","0","0","0","0","0","0","0","0","0","0","0","0","1","0","0","3","0","39.9965","-75.1135","","CRASH_2001_Philadelphia"
"2001240150","06","67","67301","67301","2001","04","4","0051","00","3","1","0","7","1","","","N","00","0","00","3","0","1","1","1","N","N","39 58:28.920","75 11:53.520","9999","","9999","","0","","N","","0 ","","","","","","","","","","1","1","0","0","0","0","0","0","0","0","0","1","1","0","0","0","1","0","0","0","0","0","0","0","0","0","0","0","0","0","0","0","0","0","0","4","0","39.9747","-75.1983","","CRASH_2001_Philadelphia"
"2001207396","06","67","67301","67301","2001","01","5","1518","15","1","1","0","4","1","","","N","01","2","00","3","0","0","2","2","N","N","","","9999","","9999","","0","","N","","3 ","","","","","","","","","","2","2","0","0","0","0","0","0","0","0","0","0","0","0","0","0","0","0","0","0","0","0","0","0","0","0","0","0","0","0","0","0","0","0","0","0","0","","","","CRASH_2001_Philadelphia"
"2001215761","06","67","67301","67301","2001","03","7","2224","22","3","1","0","7","2","","","N","00","0","00","3","0","1","1","1","N","N","40 05:12.120","74 58:18.480","9999","","9999","","0","","N","","0 ","","","","","","","","","","1","0","0","0","0","0","1","0","0","0","1","0","1","0","0","0","0","0","0","0","0","0","0","1","0","0","0","0","0","0","0","0","0","0","0","3","0","40.0868","-74.9718","","CRASH_2001_Philadelphia"
"2001240064","06","67","67301","67301","2001","04","6","2123","21","3","1","0","4","1","","","N","01","3","00","3","0","1","2","2","N","N","","","9999","","9999","","0","","N","","3 ","","","","","","","","","","1","1","0","0","0","0","0","0","1","0","0","1","1","0","0","0","0","0","0","0","0","0","0","0","0","0","0","0","0","0","0","0","0","0","0","4","0","","","","CRASH_2001_Philadelphia"
"2001243729","06","67","67301","67301","2001","05","1","1400","14","1","1","0","1","1","","","N","00","0","00","3","0","2","6","3","N","N","","","9999","","9999","","0","","N","","0 ","","","","","","","","","","3","3","0","0","0","0","0","0","0","0","1","0","1","0","1","0","0","0","0","1","0","0","0","3","0","0","0","0","0","0","0","0","0","0","0","3","0","","","","CRASH_2001_Philadelphia"
"2001007050","06","67","67301","67301","2001","05","4","1341","13","1","1","0","5","1","","","N","00","0","00","3","0","1","2","2","N","N","39 57:22.068","75 13:32.577","1324","","1343","","0","","N","","0 ","","","","","","","","","","2","1","1","0","0","0","0","0","0","0","1","0","1","0","0","0","0","0","0","0","0","0","0","0","0","0","0","0","0","0","0","0","0","0","0","3","0","39.956","-75.2257","","CRASH_2001_Philadelphia"
"2001007298","06","67","67301","67301","2001","05","7","1345","13","8","2","1","7","4","","","N","00","0","00","3","0","1","1","1","N","N","39 55:00.120","75 12:59.040","1350","","1347","","0","","Y","","0 ","","","","","","","","","","1","1","0","0","0","0","0","0","0","0","1","0","1","0","0","0","0","0","1","0","0","0","0","0","0","0","0","0","0","0","0","0","0","0","0","3","0","39.9163","-75.2192","","CRASH_2001_Philadelphia"
"2001015110","06","67","67301","67301","2001","06","1","1732","17","1","1","0","1","6","","","N","00","0","00","3","0","0","1","3","N","N","40 02:06.685","75 06:30.950","1740","","1732","","0","","N","","0 ","","","","","","","","","","3","3","0","0","0","0","0","0","0","0","0","0","0","0","0","0","0","0","0","0","0","0","0","1","0","0","0","0","0","0","0","0","0","0","0","0","0","40.0352","-75.1084","","CRASH_2001_Philadelphia"
"2001210798","06","67","67301","67301","2001","01","4","1720","17","1","1","0","8","1","","","N","01","9","00","3","0","1","2","2","N","N","","","9999","","9999","","0","","N","","9 ","","","","","","","","","","1","0","0","0","0","0","0","0","0","0","1","0","1","0","0","0","0","0","0","0","0","0","0","0","0","0","0","0","0","0","0","0","1","0","0","3","0","","","","CRASH_2001_Philadelphia"
"2001220855","06","67","67301","67501","2001","02","1","0453","04","3","1","1","7","1","","","N","00","0","03","3","0","0","2","2","N","N","","","9999","","9999","","0","","N","","0 ","","","","","","","","","","2","1","0","0","0","0","0","1","0","0","0","0","0","0","0","0","1","0","0","0","1","0","0","0","0","0","0","0","0","0","0","0","0","0","0","0","0","","","","CRASH_2001_Philadelphia"
"2001233062","06","67","67301","67301","2001","04","5","1759","17","1","1","0","8","1","","","N","00","0","00","3","0","1","2","2","N","N","","","9999","","9999","","0","","N","","0 ","","","","","","","","","","1","1","0","0","0","0","0","0","0","0","0","1","1","0","0","0","0","0","0","0","0","0","0","0","0","0","0","0","0","0","0","0","1","0","0","4","0","","","","CRASH_2001_Philadelphia"
"2001007414","06","67","67301","67301","2001","06","2","1735","17","1","1","0","1","1","","","N","00","0","00","3","0","1","4","4","N","N","39 57:38.289","75 08:24.421","1745","","1739","","0","","N","","0 ","","","","","","","","","","4","4","0","0","0","0","0","0","0","0","0","1","1","0","0","0","0","0","0","0","0","0","0","0","0","0","0","0","0","0","0","0","0","0","0","4","0","39.9606","-75.1402","","CRASH_2001_Philadelphia"
"2001206014","06","67","67301","67301","2001","01","5","1605","16","1","1","0","1","1","","","N","01","3","00","3","0","0","2","2","N","N","39 59:26.880","75 07:53.760","9999","","9999","","0","","N","","3 ","","","","","","","","","","2","2","0","0","0","0","0","0","0","0","0","0","0","0","0","0","0","0","0","0","0","0","0","0","0","0","0","0","0","0","0","0","0","0","0","0","0","39.9909","-75.1314","","CRASH_2001_Philadelphia"
"2001214339","06","67","67301","67301","2001","02","4","1430","14","1","2","1","4","1","","","N","01","3","00","3","0","2","2","2","N","N","","","9999","","9999","","0","","N","","3 ","","","","","","","","","","2","2","0","0","0","0","0","0","0","0","0","2","2","0","0","0","0","0","0","0","1","0","0","0","0","0","0","0","0","0","0","0","0","0","0","4","0","","","","CRASH_2001_Philadelphia"