"CRN","DISTRICT","COUNTY","MUNICIPALITY","POLICE_AGCY","CRASH_YEAR","CRASH_MONTH","DAY_OF_WEEK","TIME_OF_DAY","HOUR_OF_DAY","ILLUMINATION","WEATHER","ROAD_CONDITION","COLLISION_TYPE","RELATION_TO_ROAD","WORK_ZONE_TYPE","WORK_ZONE_LOC","WORK_ZONE_IND","INTERSECT_TYPE","TCD_TYPE","LOCATION_TYPE","URBAN_RURAL","FATAL_COUNT","INJURY_COUNT","PERSON_COUNT","TOTAL_UNITS","SCH_BUS_IND","SCH_ZONE_IND","LATITUDE","LONGITUDE","ARRIVAL_TM","CONS_ZONE_SPD_LIM","DISPATCH_TM","EST_HRS_CLOSED","LANE_CLOSED","LN_CLOSE_DIR","NTFY_HIWY_MAINT","SPEC_JURIS_CD","TCD_FUNC_CD","TFC_DETOUR_IND","WORKERS_PRES","WZ_CLOSE_DETOUR","WZ_FLAGGER","WZ_LAW_OFFCR_IND","WZ_LN_CLOSURE","WZ_MOVING","WZ_OTHER","WZ_SHLDER_MDN","VEHICLE_COUNT","AUTOMOBILE_COUNT","MOTORCYCLE_COUNT","BUS_COUNT","SMALL_TRUCK_COUNT","HEAVY_TRUCK_COUNT","SUV_COUNT","VAN_COUNT","BICYCLE_COUNT","MAJ_INJ_COUNT","MOD_INJ_COUNT","MIN_INJ_COUNT","TOT_INJ_COUNT","UNK_INJ_DEG_COUNT","UNK_INJ_PER_COUNT","DRIVER_COUNT_16YR","DRIVER_COUNT_17YR","DRIVER_COUNT_18YR","DRIVER_COUNT_19YR","DRIVER_COUNT_20YR","DRIVER_COUNT_50_64YR","DRIVER_COUNT_65_74YR","DRIVER_COUNT_75PLUS","UNBELTED_OCC_COUNT","UNB_DEATH_COUNT","UNB_MAJ_INJ_COUNT","BELTED_DEATH_COUNT","BELTED_MAJ_INJ_COUNT","MCYCLE_DEATH_COUNT","MCYCLE_MAJ_INJ_COUNT","BICYCLE_DEATH_COUNT","BICYCLE_MAJ_INJ_COUNT","PED_COUNT","PED_DEATH_COUNT","PED_MAJ_INJ_COUNT","MAX_SEVERITY_LEVEL","COMM_VEH_COUNT","DEC_LAT","DEC_LONG","RDWY_SURF_TYPE_CD","COUNTY_YEAR"
"2001233517","06","67","67301","67301","2001","03","7","1515","15","1","1","0","8","1","","","N","00","0","00","3","0","1","2","2","N","N","","","9999","","9999","","0","","N","","0 ","","","","","","","","","","1","1","0","0","0","0","0","0","0","0","0","1","1","0","0","0","0","0","0","0","0","0","0","0","0","0","0","0","0","0","0","0","1","0","0","4","0","","","","CRASH_2001_Philadelphia"
"2001009111","06","67","67301","67301","2001","05","2","1745","17","1","1","0","4","1","","","N","01","0","00","3","0","2","2","2","N","N","39 58:14.426","75 09:14.734","1753","","1749","","0","","N","","0 ","","","","","","","","","","2","2","0","0","0","0","0","0","0","0","2","0","2","0","0","0","0","0","0","0","1","0","0","0","0","0","0","0","0","0","0","0","0","0","0","3","0","39.9707","-75.1541","","CRASH_2001_Philadelphia"
"2001207418","06","67","67301","67301","2001","01","3","2132","21","3","1","0","5","1","","","N","00","0","00","3","0","1","4","2","N","N","","","9999","","9999","","0","","N","","0 ","","","","","","","","","","2","1","0","0","0","0","1","0","0","0","0","0","0","0","1","0","0","0","0","0","0","0","0","0","0","0","0","0","0","0","0","0","0","0","0","9","0","","","","CRASH_2001_Philadelphia"
"2001207603","06","67","67301","67301","2001","01","5","1618","16","1","1","0","4","1","","","N","01","0","00","3","0","1","2","2","N","N","","","9999","","9999","","0","","N","","0 ","","","","","","","","","","1","1","0","0","0","0","0","0","1","0","0","1","1","0","0","0","0","0","0","0","1","0","0","0","0","0","0","0","0","0","0","0","0","0","0","4","0","","","","CRASH_2001_Philadelphia"
"2001209173","06","67","67301","67301","2001","01","1","1745","17","3","1","0","7","1","","","N","00","0","00","3","0","1","1","1","N","N","39 59:51.000","75 14:03.120","9999","","9999","","0","","N","","0 ","","","","","","","","","","1","1","0","0","0","0","0","0","0","0","0","1","1","0","0","0","0","0","0","0","0","0","0","0","0","0","0","0","0","0","0","0","0","0","0","4","0","39.9975","-75.2342","","CRASH_2001_Philadelphia"
"2001211485","06","67","67301","67301","2001","02","2","1552","15","1","1","0","6","1","","","N","00","0","07","3","0","2","4","2","N","N","40 02:51.720","75 08:35.520","9999","","9999","","0","","N","","0 ","","","","","","","","","","2","2","0","0","0","0","0","0","0","0","0","2","2","0","0","0","0","0","0","0","1","0","0","0","0","0","0","0","0","0","0","0","0","0","0","4","0","40.0476","-75.1431","","CRASH_2001_Philadelphia"
"2001215548","06","67","67301","67301","2001","03","2","1254","12","1","4","3","4","1","","","N","02","3","00","3","0","1","5","2","N","N","","","9999","","9999","","0","","N","","3 ","","","","","","","","","","2","2","0","0","0","0","0","0","0","0","0","0","0","0","1","0","0","0","0","0","0","0","0","0","0","0","0","0","0","0","0","0","0","0","0","9","0","","","","CRASH_2001_Philadelphia"
"2001233223","06","67","67301","67301","2001","04","1","1835","18","1","1","0","7","5","","","N","00","0","00","3","0","0","1","1","N","N","","","9999","","9999","","0","","N","","0 ","","","","","","","","","","1","1","0","0","0","0","0","0","0","0","0","0","0","0","0","0","0","0","0","0","0","0","0","0","0","0","0","0","0","0","0","0","0","0","0","0","0","","","","CRASH_2001_Philadelphia"
"2001210745","06","67","67301","67301","2001","02","5","2130","21","3","1","3","1","1","","","N","01","2","00","3","0","1","2","2","N","N","","","9999","","9999","","0","","N","","3 ","","","","","","","","","","2","2","0","0","0","0","0","0","0","0","0","1","1","0","0","0","0","0","0","0","0","0","0","0","0","0","0","0","0","0","0","0","0","0","0","4","0","","","","CRASH_2001_Philadelphia"
"2001211692","06","67","67301","67301","2001","01","4","1011","10","1","1","0","4","1","","","N","00","0","00","3","0","0","2","2","N","N","","","9999","","9999","","0","","N","","0 ","","","","","","","","","","2","0","0","0","0","2","0","0","0","0","0","0","0","0","0","0","0","0","0","0","0","0","0","0","0","0","0","0","0","0","0","0","0","0","0","0","1","","","","CRASH_2001_Philadelphia"
"2001223933","06","67","67301","67301","2001","03","1","1345","13","1","1","0","4","1","","","N","02","2","02","3","0","4","5","2","N","N","39 57:23.040","75 08:57.120","9999","","9999","","0","","N","","3 ","","","","","","","","","","2","2","0","0","0","0","0","0","0","0","0","4","4","0","0","0","0","0","0","0","1","0","0","0","0","0","0","0","0","0","0","0","0","0","0","4","0","39.9566","-75.1491","","CRASH_2001_Philadelphia"
"2001238126","06","67","67301","67301","2001","04","6","2017","20","3","1","0","2","1","","","N","01","3","00","3","0","1","3","3","N","N","40 04:17.400","75 04:23.160","9999","","9999","","0","","N","","3 ","","","","","","","","","","3","3","0","0","0","0","0","0","0","0","0","1","1","0","0","0","0","0","0","0","0","0","0","0","0","0","0","0","0","0","0","0","0","0","0","4","0","40.0716","-75.0732","","CRASH_2001_Philadelphia"
"2001240153","06","67","67301","67301","2001","04","4","1550","15","1","1","0","6","1","","","N","00","0","00","3","0","1","2","2","N","N","39 58:55.200","75 12:03.600","9999","","9999","","0","","N","","0 ","","","","","","","","","","2","1","1","0","0","0","0","0","0","0","0","1","1","0","0","0","0","0","0","0","1","0","0","0","0","0","0","0","0","0","0","0","0","0","0","4","0","39.9819","-75.2009","","CRASH_2001_Philadelphia"
"2001204172","06","67","67301","67301","2001","01","4","0230","02","3","1","0","9","1","","","N","00","0","00","3","0","0","1","2","N","N","","","9999","","9999","","0","","N","","0 ","","","","","","","","","","2","0","0","0","0","0","0","1","0","0","0","0","0","0","0","0","0","0","0","0","0","0","0","0","0","0","0","0","0","0","0","0","0","0","0","0","0","","","","CRASH_2001_Philadelphia"
"2001209160","06","67","67301","67301","2001","01","3","0712","07","5","2","1","8","1","","","N","02","9","00","3","0","1","3","2","N","N","39 57:58.320","75 09:37.800","9999","","9999","","0","","N","","9 ","","","","","","","","","","1","1","0","0","0","0","0","0","0","0","1","0","1","0","0","0","0","0","0","0","0","0","0","0","0","0","0","0","0","0","0","0","1","0","0","3","0","39.9669","-75.1605","","CRASH_2001_Philadelphia"
"2001210622","06","67","67301","67301","2001","02","4","1507","15","1","1","1","4","1","","","N","01","2","00","3","0","1","4","2","N","N","40 02:25.080","75 03:30.600","9999","","9999","","0","","N","","3 ","","","","","","","","","","2","1","0","0","0","1","0","0","0","0","0","1","1","0","0","0","0","0","0","0","0","0","0","0","0","0","0","0","0","0","0","0","0","0","0","4","0","40.0403","-75.0585","","CRASH_2001_Philadelphia"
"2001210676","06","67","67301","67301","2001","02","2","2030","20","3","2","5","7","5","","","N","00","0","00","3","0","1","1","1","N","N","39 54:15.480","75 09:01.440","9999","","9999","","0","","N","","0 ","","","","","","","","","","1","1","0","0","0","0","0","0","0","0","0","1","1","0","0","0","0","0","0","0","0","0","0","0","0","0","0","0","0","0","0","0","0","0","0","4","0","39.905","-75.1502","","CRASH_2001_Philadelphia"
"2001211702","06","67","67301","67301","2001","02","2","2130","21","3","4","1","7","1","","","N","00","0","02","3","0","0","1","1","N","N","39 58:51.960","75 06:12.600","9999","","9999","","0","","N","","0 ","","","","","","","","","","1","1","0","0","0","0","0","0","0","0","0","0","0","0","0","0","0","0","0","0","0","0","0","0","0","0","0","0","0","0","0","0","0","0","0","0","0","39.9804","-75.1052","","CRASH_2001_Philadelphia"
"2001214229","06","67","67301","67301","2001","03","5","9999","99","1","1","0","1","1","","","N","00","0","00","3","0","2","2","2","N","N","40 02:06.000","75 04:10.560","9999","","9999","","0","","N","","0 ","","","","","","","","","","2","2","0","0","0","0","0","0","0","0","1","1","2","0","0","0","0","0","0","0","0","0","0","0","0","0","0","0","0","0","0","0","0","0","0","3","0","40.0351","-75.0696","","CRASH_2001_Philadelphia"
"2001233443","06","67","67301","67301","2001","03","4","0420","04","3","1","0","4","1","","","N","01","2","00","3","0","1","2","2","N","N","","","9999","","9999","","0","","N","","3 ","","","","","","","","","","2","1","0","0","0","0","1","0","0","0","0","1","1","0","0","0","0","0","0","0","0","0","0","2","0","0","0","0","0","0","0","0","0","0","0","4","0","","","","CRASH_2001_Philadelphia"
"2001238291","06","67","67301","67301","2001","04","2","1521","15","1","1","0","4","1","","","N","02","3","00","3","0","1","3","2","N","N","","","9999","","9999","","0","","N","","3 ","","","","","","","","","","2","1","0","0","0","0","0","0","0","0","0","1","1","0","0","0","0","0","0","0","1","0","0","0","0","0","0","0","0","0","0","0","0","0","0","4","0","","","","CRASH_2001_Philadelphia"
"2001007033","06","67","67301","67301","2001","06","4","1226","12","1","1","0","4","1","","","N","02","2","00","3","0","1","2","2","N","N","39 58:28.205","75 09:31.769","1230","","1228","","0","","N","","3 ","","","","","","","","","","1","1","0","0","0","0","0","0","1","0","0","1","1","0","1","0","0","0","0","0","0","0","0","0","0","0","0","0","0","0","0","0","0","0","0","4","0","39.9749","-75.1588","","CRASH_2001_Philadelphia"
"2001007281","06","67","67301","67301","2001","06","7","2000","20","3","1","0","4","1","","","N","01","2","00","3","0","0","2","2","Y","N","39 58:54.000","75 14:21.165","2210","","2210","","0","","N","","3 ","","","","","","","","","","2","2","0","0","0","0","0","0","0","0","0","0","0","0","0","0","0","0","0","0","0","0","0","0","0","0","0","0","0","0","0","0","0","0","0","0","0","39.9819","-75.239","","CRASH_2001_Philadelphia"
"2001207854","06","67","67301","67301","2001","01","7","0525","05","3","1","0","4","1","","","N","01","2","00","3","0","1","2","2","N","N","39 56:51.000","75 08:58.200","9999","","9999","","0","","N","","3 ","","","","","","","","","","2","2","0","0","0","0","0","0","0","0","1","0","1","0","0","0","0","0","0","0","0","0","0","0","0","0","0","0","0","0","0","0","0","0","0","3","0","39.9475","-75.1495","","CRASH_2001_Philadelphia"
"2001208883","06","67","67301","67301","2001","01","3","1830","18","3","1","0","4","1","","","N","01","2","00","3","0","0","2","2","N","N","39 58:12.720","75 09:34.920","9999","","9999","","0","","N","","3 ","","","","","","","","","","2","2","0","0","0","0","0","0","0","0","0","0","0","0","0","0","0","0","0","0","0","0","0","0","0","0","0","0","0","0","0","0","0","0","0","0","0","39.9702","-75.1596","","CRASH_2001_Philadelphia"
"2001209152","06","67","67301","67301","2001","02","5","0515","05","3","1","0","7","5","","","N","00","0","00","3","0","1","1","1","N","N","40 04:27.480","75 02:48.480","9999","","9999","","0","","N","","0 ","","","","","","","","","","1","0","0","0","0","0","1","0","0","0","1","0","1","0","0","0","0","0","0","0","1","0","0","0","0","0","0","0","0","0","0","0","0","0","0","3","0","40.0744","-75.0465","","CRASH_2001_Philadelphia"
"2001211738","06","67","67301","67301","2001","02","2","0216","02","3","1","0","5","1","","","N","06","0","02","3","0","0","2","2","N","N","39 58:33.600","75 06:55.440","9999","","9999","","0","","N","","0 ","","","","","","","","","","2","1","0","0","0","0","0","0","0","0","0","0","0","0","0","0","0","0","0","0","0","0","0","0","0","0","0","0","0","0","0","0","0","0","0","0","0","39.9757","-75.1156","","CRASH_2001_Philadelphia"
"2001215506","06","67","67301","67301","2001","03","6","0820","08","1","1","1","1","1","","","N","01","2","00","3","0","1","2","2","N","N","40 03:24.480","75 02:49.560","9999","","9999","","0","","N","","3 ","","","","","","","","","","2","1","0","0","1","0","0","0","0","0","0","0","0","0","1","0","0","0","0","0","1","0","0","2","0","0","0","0","0","0","0","0","0","0","0","9","0","40.0568","-75.047","","CRASH_2001_Philadelphia"
"2001233338","06","67","67301","67301","2001","03","2","0720","07","1","1","0","4","1","","","N","01","2","00","3","0","3","3","2","N","N","","","9999","","9999","","0","","N","","3 ","","","","","","","","","","2","2","0","0","0","0","0","0","0","0","0","3","3","0","0","0","0","0","0","0","0","0","0","0","0","0","0","0","0","0","0","0","0","0","0","4","0","","","","CRASH_2001_Philadelphia"
"2001205941","06","67","67301","67301","2001","01","3","0950","09","1","1","0","4","1","","","N","01","2","00","3","0","1","2","2","N","N","40 01:15.600","75 08:23.640","9999","","9999","","0","","N","","3 ","","","","","","","","","","2","2","0","0","0","0","0","0","0","0","0","0","0","0","1","0","0","0","0","0","0","0","0","0","0","0","0","0","0","0","0","0","0","0","0","9","0","40.021","-75.1399","","CRASH_2001_Philadelphia"
"2001205996","06","67","67301","67301","2001","01","2","0134","01","3","1","0","4","1","","","N","00","0","00","3","0","0","2","3","N","N","39 56:25.800","75 14:11.040","9999","","9999","","0","","N","","0 ","","","","","","","","","","3","2","0","0","0","0","0","0","0","0","0","0","0","0","0","0","0","0","0","0","0","0","0","0","0","0","0","0","0","0","0","0","0","0","0","0","0","39.9405","-75.2365","","CRASH_2001_Philadelphia"
"2001208953","06","67","67301","67301","2001","01","5","0740","07","1","1","0","1","1","","","N","00","0","00","3","0","0","4","4","N","N","40 02:03.120","75 12:30.600","9999","","9999","","0","","N","","0 ","","","","","","","","","","4","3","0","0","0","0","1","0","0","0","0","0","0","0","0","0","0","0","0","0","0","0","0","0","0","0","0","0","0","0","0","0","0","0","0","0","0","40.0342","-75.2085","","CRASH_2001_Philadelphia"
"2001216903","06","67","67301","67301","2001","03","5","0700","07","1","1","0","8","1","","","N","00","0","00","3","0","1","2","2","N","N","","","9999","","9999","","0","","N","","0 ","","","","","","","","","","1","0","0","0","0","0","0","0","0","0","0","1","1","0","0","0","0","0","0","0","0","0","0","0","0","0","0","0","0","0","0","0","1","0","0","4","0","","","","CRASH_2001_Philadelphia"
"2001216987","06","67","67301","67301","2001","03","3","0930","09","1","2","1","4","1","","","N","02","3","00","3","0","0","2","2","N","N","","","9999","","9999","","0","","N","","3 ","","","","","","","","","","2","1","0","0","0","0","1","0","0","0","0","0","0","0","0","0","0","0","0","0","0","0","0","0","0","0","0","0","0","0","0","0","0","0","0","0","0","","","","CRASH_2001_Philadelphia"
"2001231130","06","67","67301","67301","2001","03","7","1230","12","1","1","0","6","1","","","N","00","0","00","3","0","0","2","3","N","N","","","9999","","9999","","0","","N","","0 ","","","","","","","","","","3","2","0","0","0","0","0","0","0","0","0","0","0","0","0","0","0","0","0","0","2","0","0","2","0","0","0","0","0","0","0","0","0","0","0","0","0","","","","CRASH_2001_Philadelphia"
"2001019536","06","67","67301","67301","2001","06","1","1220","12","1","1","0","4","1","","","N","01","3","00","3","0","1","3","2","N","N","40 01:41.931","75 04:28.236","1235","","1227","","0","","N","","3 ","","","","","","","","","","2","2","0","0","0","0","0","0","0","0","0","1","1","0","0","0","0","0","0","0","0","0","0","0","0","0","0","0","0","0","0","0","0","0","0","4","0","40.0283","-75.0745","","CRASH_2001_Philadelphia"
"2001204608","06","67","67301","67301","2001","01","4","1620","16","1","2","0","1","1","","","N","00","0","00","3","0","1","2","2","N","N","40 01:59.520","75 01:12.720","9999","","9999","","0","","N","","0 ","","","","","","","","","","2","1","0","0","0","0","0","0","0","0","0","1","1","0","0","0","0","0","0","0","0","0","0","0","0","0","0","0","0","0","0","0","0","0","0","4","0","40.0331","-75.0204","","CRASH_2001_Philadelphia"
"2001223804","06","67","67301","67301","2001","03","7","0158","01","3","1","1","1","1","","","N","00","0","00","3","0","0","2","2","N","N","40 03:16.920","75 13:55.560","9999","","9999","","0","","N","","0 ","","","","","","","","","","2","2","0","0","0","0","0","0","0","0","0","0","0","0","0","0","0","0","0","0","0","0","0","0","0","0","0","0","0","0","0","0","0","0","0","0","0","40.0553","-75.2323","","CRASH_2001_Philadelphia"
"2001240190","06","67","67301","67301","2001","04","2","1127","11","1","1","0","7","5","","","N","02","0","00","3","0","0","2","1","N","N","","","9999","","9999","","0","","N","","0 ","","","","","","","","","","1","1","0","0","0","0","0","0","0","0","0","0","0","0","0","0","0","0","0","0","0","0","0","0","0","0","0","0","0","0","0","0","0","0","0","0","0","","","","CRASH_2001_Philadelphia"
"2001209165","06","67","67301","67301","2001","01","3","1330","13","1","2","1","7","1","","","N","00","0","03","3","0","2","2","1","N","N","39 55:15.240","75 11:45.240","9999","","9999","","0","","N","","0 ","","","","","","","","","","1","1","0","0","0","0","0","0","0","0","0","2","2","0","0","0","0","0","0","0","0","0","0","0","0","0","0","0","0","0","0","0","0","0","0","4","0","39.9209","-75.1959","","CRASH_2001_Philadelphia"
"2001214296","06","67","67301","67301","2001","02","5","1406","14","1","4","3","4","1","","","N","02","2","00","3","0","0","2","2","N","N","40 02:09.049","75 08:59.276","9999","","9999","","0","","N","","3 ","","","","","","","","","","2","2","0","0","0","0","0","0","0","0","0","0","0","0","0","0","0","0","0","0","0","1","0","0","0","0","0","0","0","0","0","0","0","0","0","0","0","40.0358","-75.1498","","CRASH_2001_Philadelphia"
"2001231208","06","67","67301","67301","2001","03","7","1836","18","3","1","0","1","1","","","N","01","2","00","3","0","7","9","3","N","N","39 57:04.680","75 10:01.200","9999","","9999","","0","","N","","3 ","","","","","","","","","","3","1","0","0","0","0","1","1","0","0","7","0","7","0","0","0","0","0","0","0","2","0","0","0","0","0","0","0","0","0","0","0","0","0","0","3","0","39.9512","-75.167","","CRASH_2001_Philadelphia"
"2001233160","06","67","67301","67301","2001","04","2","1639","16","1","1","0","4","1","","","N","02","3","00","3","0","3","3","2","N","N","40 02:19.320","75 04:40.800","9999","","9999","","0","","N","","3 ","","","","","","","","","","2","2","0","0","0","0","0","0","0","0","0","3","3","0","0","0","0","0","0","0","1","0","1","0","0","0","0","0","0","0","0","0","0","0","0","4","0","40.0388","-75.078","","CRASH_2001_Philadelphia"
"2001240134","06","67","67301","67301","2001","04","4","1530","15","1","1","0","1","1","","","N","01","2","00","3","0","1","2","2","N","N","40 02:35.160","75 04:26.040","9999","","9999","","0","","N","","3 ","","","","","","","","","","2","1","0","0","1","0","0","0","0","0","0","1","1","0","0","0","0","0","0","0","0","0","0","0","0","0","0","0","0","0","0","0","0","0","0","4","0","40.0432","-75.0739","","CRASH_2001_Philadelphia"
"2001007059","06","67","67301","67301","2001","05","7","1627","16","1","2","1","1","1","","","N","00","0","00","3","0","3","5","3","N","N","39 56:34.011","75 14:21.023","1630","","1627","","0","","N","","0 ","","","","","","","","","","3","3","0","0","0","0","0","0","0","0","0","3","3","0","0","0","0","0","0","0","1","0","0","0","0","0","0","0","0","0","0","0","0","0","0","4","0","39.9427","-75.2392","","CRASH_2001_Philadelphia"
"2001204523","06","67","67301","67301","2001","01","4","0810","08","1","1","0","1","1","","","N","03","2","00","3","0","2","2","2","N","N","40 04:56.640","75 02:16.080","9999","","9999","","0","","N","","3 ","","","","","","","","","","2","1","0","0","0","0","0","0","0","0","0","1","1","0","1","0","0","0","0","0","0","0","0","0","0","0","0","0","0","0","0","0","0","0","0","4","0","40.0825","-75.0378","","CRASH_2001_Philadelphia"
"2001204530","06","67","67301","67301","2001","01","7","1339","13","1","1","0","8","1","","","N","05","2","00","3","0","1","4","2","N","N","39 55:31.800","75 10:09.840","9999","","9999","","0","","N","","3 ","","","","","","","","","","1","0","0","0","0","0","1","0","0","0","0","0","0","0","1","0","0","0","0","0","0","0","0","0","0","0","0","0","0","0","0","0","1","0","0","9","0","39.9256","-75.1693","","CRASH_2001_Philadelphia"
"2001214355","06","67","67301","67301","2001","02","4","0905","09","1","1","0","5","1","","","N","00","0","00","3","0","0","2","2","N","N","40 01:21.360","75 10:41.520","9999","","9999","","0","","N","","0 ","","","","","","","","","","2","1","0","0","1","0","0","0","0","0","0","0","0","0","0","0","0","0","0","0","0","0","0","0","0","0","0","0","0","0","0","0","0","0","0","0","0","40.0225","-75.1781","","CRASH_2001_Philadelphia"
"2001215572","06","67","67301","67301","2001","02","3","1110","11","1","1","0","4","1","","","N","01","2","00","3","0","1","3","2","N","N","","","9999","","9999","","0","","N","","3 ","","","","","","","","","","2","2","0","0","0","0","0","0","0","0","0","0","0","0","1","0","0","0","0","0","0","0","1","0","0","0","0","0","0","0","0","0","0","0","0","9","0","","","","CRASH_2001_Philadelphia"
"2001007408","06","67","67301","67301","2001","06","7","1450","14","1","1","0","0","1","","","N","03","0","00","3","0","1","1","2","N","N","39 52:43.275","75 14:57.779","1510","","1454","","0","","N","","0 ","","","","","","","","","","1","0","1","0","0","0","0","0","0","0","0","1","1","0","0","0","0","0","0","0","0","0","0","0","0","0","0","0","0","0","0","0","0","0","0","4","0","39.8776","-75.2519","","CRASH_2001_Philadelphia"
"2001210786","06","67","67301","67301","2001","02","4","2039","20","3","1","0","8","1","","","N","00","0","00","3","0","1","2","2","N","N","40 00:37.800","75 09:38.880","9999","","9999","","0","","N","","0 ","","","","","","","","","","1","1","0","0","0","0","0","0","0","0","1","0","1","0","0","0","0","0","0","0","0","0","0","0","0","0","0","0","0","0","0","0","1","0","0","3","0","40.0105","-75.1607","","CRASH_2001_Philadelphia"
"2001236846","06","67","67301","67301","2001","04","2","1610","16","1","1","0","9","1","","","N","00","0","00","3","0","2","2","2","N","N","","","9999","","9999","","0","","N","","0 ","","","","","","","","","","2","1","0","0","0","0","0","0","0","0","2","0","2","0","0","0","1","0","0","0","0","0","0","2","0","0","0","0","0","0","0","0","0","0","0","3","0","","","","CRASH_2001_Philadelphia"
"2001238991","06","67","67301","67301","2001","04","4","0140","01","3","1","0","4","1","","","N","01","2","00","3","0","1","2","2","N","N","","","9999","","9999","","0","","N","","3 ","","","","","","","","","","2","2","0","0","0","0","0","0","0","0","0","1","1","0","0","0","0","0","0","0","0","0","0","0","0","0","0","0","0","0","0","0","0","0","0","4","0","","","","CRASH_2001_Philadelphia"
"2001248841","06","67","67301","67301","2001","05","1","1700","17","1","1","0","8","1","","","N","00","0","00","3","0","1","2","2","N","N","","","9999","","9999","","0","","N","","0 ","","","","","","","","","","1","1","0","0","0","0","0","0","0","0","1","0","1","0","0","0","0","0","0","0","0","0","0","0","0","0","0","0","0","0","0","0","1","0","0","3","0","","","","CRASH_2001_Philadelphia"
"2001019543","06","67","67301","67301","2001","06","3","1340","13","1","1","0","8","6","","","N","00","0","00","3","0","1","2","2","N","N","39 57:47.880","75 12:09.000","1356","","1349","","0","","N","","0 ","","","","","","","","","","1","1","0","0","0","0","0","0","0","0","0","1","1","0","0","0","0","0","0","0","0","0","0","0","0","0","0","0","0","0","0","0","1","0","0","4","0","39.9632","-75.2024","","CRASH_2001_Philadelphia"
"2001209161","06","67","67301","67301","2001","01","3","0730","07","5","2","1","8","1","","","N","01","2","00","3","0","1","2","2","N","N","39 57:05.400","75 10:06.960","9999","","9999","","0","","N","","3 ","","","","","","","","","","1","0","0","0","0","0","1","0","0","0","0","1","1","0","0","0","0","0","0","0","0","0","0","0","0","0","0","0","0","0","0","0","1","0","0","4","0","39.9515","-75.1686","","CRASH_2001_Philadelphia"
"2001210594","06","67","67301","67301","2001","02","6","1928","19","3","1","0","7","5","","","N","00","0","00","3","0","0","1","1","N","N","","","9999","","9999","","0","","N","","0 ","","","","","","","","","","1","1","0","0","0","0","0","0","0","0","0","0","0","0","0","0","0","0","0","0","1","0","0","0","0","0","0","0","0","0","0","0","0","0","0","0","0","","","","CRASH_2001_Philadelphia"
"2001217030","06","67","67301","67301","2001","03","2","1022","10","1","3","5","1","1","","","N","00","0","03","3","0","1","2","2","N","N","39 53:47.760","75 11:24.000","9999","","9999","","0","","N","","0 ","","","","","","","","","","2","2","0","0","0","0","0","0","0","0","0","0","0","0","1","0","0","0","0","0","1","0","0","0","0","0","0","0","0","0","0","0","0","0","0","9","0","39.8991","-75.177","","CRASH_2001_Philadelphia"
"2001204650","06","67","67301","67301","2001","01","1","2123","21","3","1","0","1","1","","","N","00","0","00","3","0","1","3","3","N","N","40 05:58.560","74 59:11.400","9999","","9999","","0","","N","","0 ","","","","","","","","","","3","3","0","0","0","0","0","0","0","0","0","1","1","0","0","0","0","0","0","1","1","0","0","0","0","0","0","0","0","0","0","0","0","0","0","4","0","40.0995","-74.9867","","CRASH_2001_Philadelphia"
"2001204673","06","67","67301","67301","2001","01","2","2300","23","3","2","1","7","5","","","N","00","0","00","3","0","1","1","1","N","N","","","9999","","9999","","0","","N","","0 ","","","","","","","","","","1","1","0","0","0","0","0","0","0","0","1","0","1","0","0","0","0","0","0","0","0","0","0","0","0","0","0","0","0","0","0","0","0","0","0","3","0","","","","CRASH_2001_Philadelphia"
"2001243645","06","67","67301","67301","2001","05","5","1741","17","1","1","0","1","1","1","8","Y","01","2","00","3","0","2","5","2","N","N","","","9999","99","9999","","0","","N","","3 ","","U","","","U","","","","","2","2","0","0","0","0","0","0","0","0","0","2","2","0","0","0","0","0","0","0","2","0","0","0","0","0","0","0","0","0","0","0","0","0","0","4","0","","","","CRASH_2001_Philadelphia"
"2001215682","06","67","67301","67301","2001","03","2","0645","06","5","3","6","1","1","","","N","01","2","00","3","0","1","2","2","N","N","40 01:48.784","75 02:37.647","9999","","9999","","0","","N","","3 ","","","","","","","","","","2","1","0","0","0","0","0","0","0","0","0","1","1","0","0","0","0","0","0","0","0","0","0","0","0","0","0","0","0","0","0","0","0","0","0","4","0","40.0302","-75.0438","","CRASH_2001_Philadelphia"
"2001216862","06","67","67301","67301","2001","03","5","1210","12","1","1","0","9","1","","","N","00","0","00","3","0","0","1","3","N","N","","","9999","","9999","","0","","N","","0 ","","","","","","","","","","3","1","0","0","0","0","0","0","0","0","0","0","0","0","0","0","0","0","0","0","0","0","0","0","0","0","0","0","0","0","0","0","0","0","0","0","0","","","","CRASH_2001_Philadelphia"
"2001229603","06","67","67301","67301","2001","03","1","0130","01","2","1","0","4","1","","","N","01","3","00","3","0","1","3","2","N","N","39 58:44.040","75 08:50.377","9999","","9999","","0","","N","","3 ","","","","","","","","","","2","2","0","0","0","0","0","0","0","0","0","1","1","0","0","0","1","0","0","0","0","0","0","0","0","0","0","0","0","0","0","0","0","0","0","4","0","39.9789","-75.1473","","CRASH_2001_Philadelphia"