"CRN","DISTRICT","COUNTY","MUNICIPALITY","POLICE_AGCY","CRASH_YEAR","CRASH_MONTH","DAY_OF_WEEK","TIME_OF_DAY","HOUR_OF_DAY","ILLUMINATION","WEATHER","ROAD_CONDITION","COLLISION_TYPE","RELATION_TO_ROAD","WORK_ZONE_TYPE","WORK_ZONE_LOC","WORK_ZONE_IND","INTERSECT_TYPE","TCD_TYPE","LOCATION_TYPE","URBAN_RURAL","FATAL_COUNT","INJURY_COUNT","PERSON_COUNT","TOTAL_UNITS","SCH_BUS_IND","SCH_ZONE_IND","LATITUDE","LONGITUDE","ARRIVAL_TM","CONS_ZONE_SPD_LIM","DISPATCH_TM","EST_HRS_CLOSED","LANE_CLOSED","LN_CLOSE_DIR","NTFY_HIWY_MAINT","SPEC_JURIS_CD","TCD_FUNC_CD","TFC_DETOUR_IND","WORKERS_PRES","WZ_CLOSE_DETOUR","WZ_FLAGGER","WZ_LAW_OFFCR_IND","WZ_LN_CLOSURE","WZ_MOVING","WZ_OTHER","WZ_SHLDER_MDN","VEHICLE_COUNT","AUTOMOBILE_COUNT","MOTORCYCLE_COUNT","BUS_COUNT","SMALL_TRUCK_COUNT","HEAVY_TRUCK_COUNT","SUV_COUNT","VAN_COUNT","BICYCLE_COUNT","MAJ_INJ_COUNT","MOD_INJ_COUNT","MIN_INJ_COUNT","TOT_INJ_COUNT","UNK_INJ_DEG_COUNT","UNK_INJ_PER_COUNT","DRIVER_COUNT_16YR","DRIVER_COUNT_17YR","DRIVER_COUNT_18YR","DRIVER_COUNT_19YR","DRIVER_COUNT_20YR","DRIVER_COUNT_50_64YR","DRIVER_COUNT_65_74YR","DRIVER_COUNT_75PLUS","UNBELTED_OCC_COUNT","UNB_DEATH_COUNT","UNB_MAJ_INJ_COUNT","BELTED_DEATH_COUNT","BELTED_MAJ_INJ_COUNT","MCYCLE_DEATH_COUNT","MCYCLE_MAJ_INJ_COUNT","BICYCLE_DEATH_COUNT","BICYCLE_MAJ_INJ_COUNT","PED_COUNT","PED_DEATH_COUNT","PED_MAJ_INJ_COUNT","MAX_SEVERITY_LEVEL","COMM_VEH_COUNT","DEC_LAT","DEC_LONG","RDWY_SURF_TYPE_CD","COUNTY_YEAR"
"2001233357","06","67","67301","67301","2001","03","3","0850","08","1","1","0","4","1","","","N","01","3","00","3","0","0","2","2","N","N","","","9999","","9999","","0","","N","","3 ","","","","","","","","","","2","2","0","0","0","0","0","0","0","0","0","0","0","0","0","0","0","0","0","0","0","0","0","0","0","0","0","0","0","0","0","0","0","0","0","0","0","","","","CRASH_2001_Philadelphia"
"2001237062","06","67","67301","67301","2001","04","3","0227","02","3","1","0","9","1","","","N","00","0","00","3","0","0","1","2","N","N","","","9999","","9999","","0","","N","","0 ","","","","","","","","","","2","1","0","0","0","0","0","0","0","0","0","0","0","0","0","0","0","1","0","0","0","0","0","0","0","0","0","0","0","0","0","0","0","0","0","0","0","","","","CRASH_2001_Philadelphia"
"2001239108","06","67","67301","67301","2001","04","5","0215","02","3","1","0","1","1","","","N","00","0","00","3","0","1","3","2","N","N","","","9999","","9999","","0","","N","","0 ","","","","","","","","","","2","1","0","0","0","0","0","0","0","0","0","1","1","0","0","0","0","0","0","0","0","0","0","0","0","0","0","0","0","0","0","0","0","0","0","4","0","","","","CRASH_2001_Philadelphia"
"2001239144","06","67","67301","67301","2001","04","2","2250","22","3","1","0","4","1","","","N","01","2","00","3","0","1","4","2","N","N","","","9999","","9999","","0","","N","","3 ","","","","","","","","","","2","2","0","0","0","0","0","0","0","0","0","0","0","0","1","0","0","0","0","1","0","0","0","0","0","0","0","0","0","0","0","0","0","0","0","9","0","","","","CRASH_2001_Philadelphia"
"2001243505","06","67","67301","67301","2001","04","3","1208","12","1","1","0","1","1","","","N","01","3","00","3","0","2","3","2","N","N","40 02:34.717","75 10:37.761","9999","","9999","","0","","N","","3 ","","","","","","","","","","2","2","0","0","0","0","0","0","0","0","0","2","2","0","0","0","0","0","0","0","0","0","0","0","0","0","0","0","0","0","0","0","0","0","0","4","0","40.043","-75.1772","","CRASH_2001_Philadelphia"
"2001008637","06","67","67301","67301","2001","06","4","0321","03","2","1","0","8","1","","","N","01","0","00","3","0","1","3","2","N","N","39 59:20.180","75 06:24.186","0321","","0321","1","1","4","N","","0 ","Y","","","","","","","","","1","1","0","0","0","0","0","0","0","1","0","0","1","0","0","0","0","0","0","1","0","0","0","2","0","0","0","0","0","0","0","0","1","0","1","2","0","39.989","-75.1068","","CRASH_2001_Philadelphia"
"2001019510","06","67","67301","67301","2001","06","1","1947","19","1","1","0","4","1","","","N","01","3","00","3","0","1","2","2","N","N","40 03:45.759","75 09:40.460","1958","","1949","","0","","N","","3 ","","","","","","","","","","1","1","0","0","0","0","0","0","1","0","0","1","1","0","0","0","0","0","0","0","0","0","0","0","0","0","0","0","0","0","0","0","0","0","0","4","0","40.0627","-75.1612","","CRASH_2001_Philadelphia"
"2001204527","06","67","67301","67301","2001","01","2","1530","15","1","1","0","5","1","","","N","01","3","00","3","0","1","5","2","N","N","39 57:08.640","75 10:34.320","9999","","9999","","0","","N","","3 ","","","","","","","","","","2","1","0","0","0","0","0","1","0","0","0","1","1","0","0","0","1","0","0","1","0","0","0","0","0","0","0","0","0","0","0","0","0","0","0","4","0","39.9524","-75.1761","","CRASH_2001_Philadelphia"
"2001209111","06","67","67301","67301","2001","02","5","2351","23","3","1","0","7","5","","","N","00","0","00","3","0","1","1","1","N","N","39 58:30.360","75 11:16.440","9999","","9999","","0","","N","","0 ","","","","","","","","","","1","1","0","0","0","0","0","0","0","0","1","0","1","0","0","0","0","0","0","0","0","0","0","0","0","0","0","0","0","0","0","0","0","0","0","3","0","39.9751","-75.188","","CRASH_2001_Philadelphia"
"2001213169","06","67","67301","67301","2001","02","6","1255","12","1","1","3","8","1","","","N","00","0","00","3","0","1","2","2","N","N","","","9999","","9999","","0","","N","","0 ","","","","","","","","","","1","1","0","0","0","0","0","0","0","0","0","0","0","0","1","0","0","0","0","0","1","0","0","0","0","0","0","0","0","0","0","0","1","0","0","9","0","","","","CRASH_2001_Philadelphia"
"2001233469","06","67","67301","67301","2001","03","6","2300","23","3","1","0","1","1","","","N","01","2","00","3","0","2","3","2","N","N","40 02:28.161","75 09:04.622","9999","","9999","","0","","N","","3 ","","","","","","","","","","2","1","0","0","0","0","0","1","0","0","0","0","0","0","2","0","0","0","0","0","0","0","0","0","0","0","0","0","0","0","0","0","0","0","0","9","0","40.0412","-75.1513","","CRASH_2001_Philadelphia"
"2001238974","06","67","67301","67301","2001","04","6","2125","21","3","1","0","7","1","","","N","00","0","00","3","0","3","3","2","N","N","40 06:00.000","74 59:13.920","9999","","9999","","0","","N","","0 ","","","","","","","","","","2","1","0","0","0","0","1","0","0","0","0","1","1","0","2","0","0","0","0","0","0","0","0","0","0","0","0","0","0","0","0","0","0","0","0","4","0","40.0999","-74.9875","","CRASH_2001_Philadelphia"
"2001243624","06","67","67301","67301","2001","04","4","2329","23","3","1","0","9","1","","","N","00","0","00","3","0","0","2","3","N","N","","","9999","","9999","","0","","N","","0 ","","","","","","","","","","3","0","0","0","0","0","1","0","0","0","0","0","0","0","0","0","0","0","0","0","0","0","0","0","0","0","0","0","0","0","0","0","0","0","0","0","0","","","","CRASH_2001_Philadelphia"
"2001210605","06","67","67301","67301","2001","02","6","1915","19","3","1","0","1","1","","","N","00","0","00","3","0","5","6","2","N","N","","","9999","","9999","","0","","N","","0 ","","","","","","","","","","2","1","0","0","0","0","1","0","0","0","0","2","2","0","3","0","0","0","0","0","0","0","0","0","0","0","0","0","0","0","0","0","0","0","0","4","0","","","","CRASH_2001_Philadelphia"
"2001231164","06","67","67301","67301","2001","03","2","0821","08","1","2","1","1","1","","","N","01","2","00","3","0","1","2","2","N","N","40 02:36.391","75 02:11.396","9999","","9999","","0","","N","","3 ","","","","","","","","","","2","2","0","0","0","0","0","0","0","0","0","1","1","0","0","0","0","0","0","0","0","0","0","0","0","0","0","0","0","0","0","0","0","0","0","4","0","40.0434","-75.0365","","CRASH_2001_Philadelphia"
"2001210779","06","67","67301","67301","2001","02","5","2020","20","3","1","0","1","1","","","N","01","2","00","3","0","1","2","2","N","N","","","9999","","9999","","0","","N","","3 ","","","","","","","","","","2","1","0","0","0","0","0","0","0","0","0","1","1","0","0","0","0","0","0","0","0","0","0","0","0","0","0","0","0","0","0","0","0","0","0","4","0","","","","CRASH_2001_Philadelphia"
"2001216944","06","67","67301","67301","2001","02","7","1544","15","1","1","0","8","1","","","N","00","0","00","3","0","1","2","2","N","N","40 01:17.040","75 08:55.320","9999","","9999","","0","","N","","0 ","","","","","","","","","","1","1","0","0","0","0","0","0","0","0","0","1","1","0","0","0","0","0","0","0","0","0","0","0","0","0","0","0","0","0","0","0","1","0","0","4","0","40.0212","-75.1485","","CRASH_2001_Philadelphia"
"2001243456","06","67","67301","67301","2001","05","4","1210","12","1","1","0","4","1","","","N","01","2","00","3","0","1","2","2","N","N","39 59:06.360","75 14:51.360","9999","","9999","","0","","N","","3 ","","","","","","","","","","2","2","0","0","0","0","0","0","0","0","0","1","1","0","0","0","0","0","0","0","0","0","0","0","0","0","0","0","0","0","0","0","0","0","0","4","0","39.9851","-75.2474","","CRASH_2001_Philadelphia"
"2001244667","06","67","67301","67301","2001","05","5","1415","14","1","1","0","2","1","","","N","00","0","00","3","0","2","3","2","N","N","","","9999","","9999","","0","","N","","0 ","","","","","","","","","","2","2","0","0","0","0","0","0","0","0","2","0","2","0","0","0","0","0","0","0","1","0","0","1","0","0","0","0","0","0","0","0","0","0","0","3","0","","","","CRASH_2001_Philadelphia"
"2001010295","06","67","67301","67301","2001","06","3","2009","20","1","1","0","4","1","","","N","02","0","00","3","0","1","2","2","N","N","40 02:53.520","75 10:09.480","2016","","2013","","0","","N","","0 ","","","","","","","","","","1","1","0","0","0","0","0","0","1","0","0","1","1","0","0","0","0","0","0","0","1","0","0","0","0","0","0","0","0","0","0","0","0","0","0","4","0","40.0482","-75.1692","","CRASH_2001_Philadelphia"
"2001207556","06","67","67301","67301","2001","01","1","1117","11","1","1","1","4","1","","","N","01","2","00","3","0","1","5","2","N","N","40 03:21.240","75 07:37.200","9999","","9999","","0","","N","","3 ","","","","","","","","","","2","2","0","0","0","0","0","0","0","0","0","1","1","0","0","0","0","0","0","0","1","0","0","0","0","0","0","0","0","0","0","0","0","0","0","4","0","40.0558","-75.1271","","CRASH_2001_Philadelphia"
"2001210588","06","67","67301","67301","2001","02","6","0135","01","3","1","1","6","1","","","N","00","0","00","3","0","0","2","2","N","N","","","9999","","9999","","0","","N","","0 ","","","","","","","","","","2","1","0","0","0","0","1","0","0","0","0","0","0","0","0","0","0","0","0","0","0","0","0","0","0","0","0","0","0","0","0","0","0","0","0","0","0","","","","CRASH_2001_Philadelphia"
"2001210712","06","67","67301","67301","2001","02","7","1517","15","1","1","0","8","1","","","N","00","0","00","3","0","1","2","2","N","N","","","9999","","9999","","0","","N","","0 ","","","","","","","","","","1","1","0","0","0","0","0","0","0","0","0","1","1","0","0","0","0","0","0","0","0","0","0","0","0","0","0","0","0","0","0","0","1","0","0","4","0","","","","CRASH_2001_Philadelphia"
"2001233199","06","67","67301","67301","2001","04","3","1000","10","1","1","0","4","1","","","N","00","0","00","3","0","1","3","2","N","N","39 56:38.760","75 13:00.120","9999","","9999","","0","","N","","0 ","","","","","","","","","","2","2","0","0","0","0","0","0","0","0","0","1","1","0","0","0","0","0","0","0","0","0","0","2","0","0","0","0","0","0","0","0","0","0","0","4","0","39.944","-75.2168","","CRASH_2001_Philadelphia"
"2001233420","06","67","67301","67301","2001","03","5","1433","14","1","2","1","4","1","","","N","00","0","07","3","0","1","3","2","N","N","","","9999","","9999","","0","","N","","0 ","","","","","","","","","","2","1","0","0","0","0","1","0","0","0","0","1","1","0","0","0","0","0","0","0","1","0","0","0","0","0","0","0","0","0","0","0","0","0","0","4","0","","","","CRASH_2001_Philadelphia"
"2001239102","06","67","67301","67301","2001","04","5","0800","08","1","2","1","4","1","","","N","02","3","00","3","0","1","2","2","N","N","40 00:09.366","75 12:11.792","9999","","9999","","0","","N","","3 ","","","","","","","","","","2","0","0","0","0","0","2","0","0","0","0","1","1","0","0","0","0","0","0","0","0","0","0","1","0","0","0","0","0","0","0","0","0","0","0","4","0","40.0026","-75.2033","","CRASH_2001_Philadelphia"
"2001240088","06","67","67301","67301","2001","04","1","1810","18","1","1","0","7","5","","","N","00","0","00","3","0","4","4","1","N","N","40 02:45.600","75 07:53.040","9999","","9999","","0","","N","","0 ","","","","","","","","","","1","1","0","0","0","0","0","0","0","0","0","2","2","0","2","0","0","0","0","0","0","0","0","0","0","0","0","0","0","0","0","0","0","0","0","4","0","40.046","-75.1314","","CRASH_2001_Philadelphia"
"2001007100","06","67","67301","67301","2001","05","4","1732","17","1","1","0","4","1","","","N","01","2","00","3","0","0","2","2","N","N","39 58:17.612","75 14:33.883","1732","","1732","","0","","N","","3 ","","","","","","","","","","2","0","0","0","2","0","0","0","0","0","0","0","0","0","2","0","0","0","0","0","1","0","0","0","0","0","0","0","0","0","0","0","0","0","0","9","0","39.9716","-75.2428","","CRASH_2001_Philadelphia"
"2001007214","06","67","67301","67301","2001","07","4","0010","00","3","1","0","4","1","","","N","01","2","00","3","0","0","2","2","N","N","40 05:40.689","74 58:06.917","0030","","0018","","0","","N","","3 ","","","","","","","","","","2","2","0","0","0","0","0","0","0","0","0","0","0","0","0","0","0","1","0","0","0","0","0","0","0","0","0","0","0","0","0","0","0","0","0","0","0","40.0947","-74.9687","","CRASH_2001_Philadelphia"
"2001007284","06","67","67301","67301","2001","07","4","0120","01","3","2","1","7","5","","","N","00","0","07","3","0","0","1","1","N","N","39 58:33.000","75 15:13.000","0130","","0125","","0","","N","","0 ","","","","","","","","","","1","1","0","0","0","0","0","0","0","0","0","0","0","0","0","0","0","0","0","0","0","0","0","0","0","0","0","0","0","0","0","0","0","0","0","0","0","39.9758","-75.2536","","CRASH_2001_Philadelphia"
"2001207460","06","67","67301","67301","2001","01","2","2230","22","3","1","6","9","1","","","N","00","0","00","3","0","0","1","3","N","N","","","9999","","9999","","0","","N","","0 ","","","","","","","","","","3","0","0","0","0","0","0","1","0","0","0","0","0","0","0","0","0","0","0","0","0","0","0","0","0","0","0","0","0","0","0","0","0","0","0","0","0","","","","CRASH_2001_Philadelphia"
"2001215638","06","67","67301","67301","2001","02","3","2350","23","3","1","0","8","1","","","N","00","0","00","3","0","2","2","2","N","N","39 58:59.160","75 06:04.320","9999","","9999","","0","","N","","0 ","","","","","","","","","","1","0","0","0","0","0","0","0","0","0","1","0","1","0","1","0","0","0","0","0","0","0","0","0","0","0","0","0","0","0","0","0","1","0","0","3","0","39.9831","-75.1013","","CRASH_2001_Philadelphia"
"2001233074","06","67","67301","67301","2001","04","4","1900","19","1","1","0","8","1","","","N","01","9","00","3","0","1","2","2","N","N","","","9999","","9999","","0","","N","","9 ","","","","","","","","","","1","0","0","0","0","0","0","0","0","0","0","1","1","0","0","0","0","0","0","0","0","0","0","0","0","0","0","0","0","0","0","0","1","0","0","4","0","","","","CRASH_2001_Philadelphia"
"2001014294","06","67","67301","67301","2001","06","2","1435","14","1","1","0","1","1","","","N","01","3","00","3","0","1","3","2","N","N","39 57:19.012","75 09:46.003","1440","","1435","","0","","N","","3 ","","","","","","","","","","2","2","0","0","0","0","0","0","0","0","0","1","1","0","0","0","0","0","0","0","0","0","0","0","0","0","0","0","0","0","0","0","0","0","0","4","0","39.9553","-75.1629","","CRASH_2001_Philadelphia"
"2001223952","06","67","67301","67301","2001","03","7","0245","02","3","2","1","4","1","","","N","01","2","00","3","0","1","2","2","N","N","40 05:12.120","74 58:18.480","9999","","9999","","0","","N","","3 ","","","","","","","","","","2","2","0","0","0","0","0","0","0","0","0","1","1","0","0","0","0","0","0","0","0","0","0","0","0","0","0","0","0","0","0","0","0","0","0","4","0","40.0868","-74.972","","CRASH_2001_Philadelphia"
"2001233105","06","67","67301","67301","2001","04","7","0218","02","3","1","0","7","5","","","N","00","0","00","3","0","1","1","1","N","N","","","9999","","9999","","0","","N","","0 ","","","","","","","","","","1","0","0","0","0","0","1","0","0","0","0","0","0","0","1","0","0","0","0","0","0","0","0","0","0","0","0","0","0","0","0","0","0","0","0","9","0","","","","CRASH_2001_Philadelphia"
"2001233442","06","67","67301","67301","2001","03","3","0749","07","1","1","0","8","1","","","N","01","3","00","3","0","1","2","2","N","N","","","9999","","9999","","0","","N","","3 ","","","","","","","","","","1","1","0","0","0","0","0","0","0","0","1","0","1","0","0","0","0","0","0","0","0","0","0","0","0","0","0","0","0","0","0","0","1","0","0","3","0","","","","CRASH_2001_Philadelphia"
"2001200441","06","67","67301","67301","2001","01","2","1654","16","1","2","1","4","1","","","N","01","2","00","3","0","0","2","2","N","N","40 02:09.049","75 08:59.276","9999","","9999","","0","","N","","3 ","","","","","","","","","","2","2","0","0","0","0","0","0","0","0","0","0","0","0","0","0","0","1","0","0","0","0","0","0","0","0","0","0","0","0","0","0","0","0","0","0","0","40.0358","-75.1498","","CRASH_2001_Philadelphia"
"2001206200","06","67","67301","67301","2001","01","5","1605","16","1","9","9","1","1","","","N","00","0","00","3","0","2","3","2","N","N","40 01:52.320","75 01:18.840","9999","","9999","","0","","N","","0 ","","","","","","","","","","2","1","0","0","0","0","0","0","0","0","0","2","2","0","0","0","0","0","0","0","0","0","0","0","0","0","0","0","0","0","0","0","0","0","0","4","0","40.0312","-75.0218","","CRASH_2001_Philadelphia"
"2001215628","06","67","67301","67301","2001","02","2","1944","19","1","1","0","0","1","","","N","00","0","00","3","0","1","1","1","N","N","40 00:48.600","75 10:47.640","9999","","9999","","0","","N","","0 ","","","","","","","","","","1","1","0","0","0","0","0","0","0","0","0","0","0","0","1","0","0","0","0","0","0","0","0","0","0","0","0","0","0","0","0","0","0","0","0","9","0","40.0135","-75.1798","","CRASH_2001_Philadelphia"
"2001216962","06","67","67301","67301","2001","03","3","1845","18","3","4","1","4","1","","","N","02","3","00","3","0","1","2","2","N","N","40 02:27.564","75 09:49.334","9999","","9999","","0","","N","","3 ","","","","","","","","","","1","1","0","0","0","0","0","0","1","0","0","1","1","0","0","0","0","0","0","0","1","0","0","0","0","0","0","0","0","0","0","0","0","0","0","4","0","40.041","-75.1637","","CRASH_2001_Philadelphia"
"2001223805","06","67","67301","67301","2001","03","6","2345","23","3","2","1","7","5","","","N","00","0","00","3","0","0","1","1","N","N","40 01:03.720","75 12:41.040","9999","","9999","","0","","N","","0 ","","","","","","","","","","1","1","0","0","0","0","0","0","0","0","0","0","0","0","0","0","0","0","0","1","0","0","0","0","0","0","0","0","0","0","0","0","0","0","0","0","0","40.0178","-75.2114","","CRASH_2001_Philadelphia"
"2001200910","06","67","67301","67301","2001","02","4","2332","23","3","1","0","4","1","","","N","01","2","00","3","0","1","2","2","N","N","40 00:47.520","75 05:50.640","9999","","9999","","0","","N","","3 ","","","","","","","","","","2","1","1","0","0","0","0","0","0","0","1","0","1","0","0","0","1","0","0","0","0","0","0","0","0","0","0","0","0","0","0","0","0","0","0","3","0","40.0132","-75.0975","","CRASH_2001_Philadelphia"
"2001209304","06","67","67301","67301","2001","01","5","2110","21","3","1","0","1","1","","","N","01","2","00","3","0","2","4","2","N","N","40 03:12.240","75 04:11.280","9999","","9999","","0","","N","","3 ","","","","","","","","","","2","1","0","0","1","0","0","0","0","0","0","2","2","0","0","0","0","1","0","0","0","0","0","0","0","0","0","0","0","0","0","0","0","0","0","4","0","40.0533","-75.0697","","CRASH_2001_Philadelphia"
"2001238062","06","67","67301","67301","2001","04","7","2147","21","3","1","0","8","1","","","N","00","0","00","3","0","1","2","2","N","N","","","9999","","9999","","0","","N","","0 ","","","","","","","","","","1","1","0","0","0","0","0","0","0","0","0","1","1","0","0","0","0","0","0","0","0","0","0","0","0","0","0","0","0","0","0","0","1","0","0","4","0","","","","CRASH_2001_Philadelphia"
"2001238101","06","67","67301","67301","2001","04","4","1325","13","1","2","1","4","1","","","N","01","3","00","3","0","0","2","2","N","N","39 59:15.403","75 09:59.191","9999","","9999","","0","","N","","3 ","","","","","","","","","","2","1","0","0","0","0","0","0","0","0","0","0","0","0","0","0","0","0","0","0","0","1","0","0","0","0","0","0","0","0","0","0","0","0","0","0","0","39.9876","-75.1664","","CRASH_2001_Philadelphia"
"2001238215","06","67","67301","67301","2001","04","1","1448","14","1","1","1","1","1","","","N","01","2","00","3","0","1","2","2","N","N","40 01:52.420","75 08:44.761","9999","","9999","","0","","N","","3 ","","","","","","","","","","2","2","0","0","0","0","0","0","0","0","0","1","1","0","0","0","0","0","0","0","1","0","0","0","0","0","0","0","0","0","0","0","0","0","0","4","0","40.0312","-75.1458","","CRASH_2001_Philadelphia"
"2001007412","06","67","67301","67301","2001","06","4","2349","23","3","1","0","7","3","","","N","00","0","00","3","0","0","1","1","N","N","39 58:23.966","75 07:14.971","1155","","2349","","0","","N","","0 ","","","","","","","","","","1","1","0","0","0","0","0","0","0","0","0","0","0","0","0","0","0","0","0","0","0","0","0","0","0","0","0","0","0","0","0","0","0","0","0","0","0","39.9774","-75.1128","","CRASH_2001_Philadelphia"
"2001007164","06","67","67301","67301","2001","05","3","1541","15","1","1","0","4","1","","","N","01","2","00","3","0","1","3","2","N","N","39 57:03.034","75 09:49.675","1556","","1551","","0","","N","","3 ","","","","","","","","","","2","2","0","0","0","0","0","0","0","0","1","0","1","0","0","0","0","0","0","0","0","0","0","0","0","0","0","0","0","0","0","0","0","0","0","3","0","39.9508","-75.1638","","CRASH_2001_Philadelphia"
"2001010296","06","67","67301","67301","2001","06","3","1320","13","1","1","0","1","1","","","N","01","2","00","3","0","1","4","2","N","N","40 03:11.520","75 07:19.560","1415","","1400","","0","","N","","3 ","","","","","","","","","","2","2","0","0","0","0","0","0","0","0","0","1","1","0","0","0","0","0","0","0","0","0","0","0","0","0","0","0","0","0","0","0","0","0","0","4","0","40.0532","-75.1221","","CRASH_2001_Philadelphia"
"2001200911","06","67","67301","67301","2001","02","6","2300","23","3","1","0","4","1","","","N","05","2","00","3","0","0","6","2","N","N","39 57:50.400","75 13:14.520","9999","","9999","","0","","N","","3 ","","","","","","","","","","2","2","0","0","0","0","0","0","0","0","0","0","0","0","0","0","1","0","0","0","0","0","0","0","0","0","0","0","0","0","0","0","0","0","0","0","0","39.9638","-75.2201","","CRASH_2001_Philadelphia"
"2001216997","06","67","67301","67301","2001","03","4","0955","09","1","1","0","4","1","","","N","01","2","00","3","0","1","3","3","N","N","40 02:51.360","75 03:35.640","9999","","9999","","0","","N","","3 ","","","","","","","","","","3","2","0","0","0","0","1","0","0","0","0","0","0","0","1","0","0","0","0","0","1","1","0","0","0","0","0","0","0","0","0","0","0","0","0","9","0","40.0477","-75.06","","CRASH_2001_Philadelphia"
"2001238372","06","67","67301","67301","2001","04","2","1900","19","1","1","0","8","1","","","N","00","0","00","3","0","1","2","2","N","N","","","9999","","9999","","0","","N","","0 ","","","","","","","","","","1","1","0","0","0","0","0","0","0","0","1","0","1","0","0","0","0","0","0","0","1","0","0","0","0","0","0","0","0","0","0","0","1","0","0","3","0","","","","CRASH_2001_Philadelphia"
"2001240118","06","67","67301","67301","2001","04","5","2010","20","3","1","0","4","1","","","N","01","3","00","3","0","2","2","2","N","N","40 00:01.440","75 05:58.200","9999","","9999","","0","","N","","3 ","","","","","","","","","","2","2","0","0","0","0","0","0","0","0","0","1","1","0","1","0","0","0","0","0","0","0","0","0","0","0","0","0","0","0","0","0","0","0","0","4","0","40.0003","-75.0996","","CRASH_2001_Philadelphia"
"2001248838","06","67","67301","67301","2001","05","1","1220","12","1","1","0","4","1","","","N","01","9","00","3","0","1","2","2","N","N","39 58:34.680","75 07:11.280","9999","","9999","","0","","N","","9 ","","","","","","","","","","1","1","0","0","0","0","0","0","1","0","0","1","1","0","0","0","0","0","0","0","0","0","0","0","0","0","0","0","0","0","0","0","0","0","0","4","0","39.9763","-75.1198","","CRASH_2001_Philadelphia"
"2001239049","06","67","67301","67301","2001","04","2","1950","19","3","1","0","5","1","","","N","00","0","00","3","0","2","4","2","N","N","","","9999","","9999","","0","","N","","0 ","","","","","","","","","","2","0","0","0","0","0","1","1","0","0","1","1","2","0","0","0","0","0","0","1","0","0","0","2","0","0","0","0","0","0","0","0","0","0","0","3","0","","","","CRASH_2001_Philadelphia"
"2001019534","06","67","67301","67301","2001","09","6","1748","17","1","1","0","4","1","","","N","01","2","00","3","0","0","3","2","N","N","40 00:31.030","75 04:07.367","1753","","1750","","0","","N","","3 ","","","","","","","","","","2","2","0","0","0","0","0","0","0","0","0","0","0","0","0","0","1","0","0","0","0","0","0","3","0","0","0","0","0","0","0","0","0","0","0","0","0","40.0086","-75.0688","","CRASH_2001_Philadelphia"
"2001215464","06","67","67301","67301","2001","03","5","1850","18","3","1","0","8","1","","","N","01","3","00","3","0","1","2","2","N","N","","","9999","","9999","","0","","N","","3 ","","","","","","","","","","1","1","0","0","0","0","0","0","0","0","0","1","1","0","0","0","0","0","0","0","1","0","0","0","0","0","0","0","0","0","0","0","1","0","0","4","0","","","","CRASH_2001_Philadelphia"
"2001215726","06","67","67301","67301","2001","03","3","1200","12","1","4","1","1","1","","","N","01","0","00","3","0","3","4","2","N","N","40 00:20.520","75 05:56.400","9999","","9999","","0","","N","","0 ","","","","","","","","","","2","1","0","0","0","1","0","0","0","0","0","0","0","0","3","0","0","0","0","0","0","1","0","0","0","0","0","0","0","0","0","0","0","0","0","9","1","40.0057","-75.099","","CRASH_2001_Philadelphia"
"2001216961","06","67","67301","67301","2001","03","3","1620","16","1","1","1","4","1","","","N","01","3","00","3","0","2","3","2","N","N","40 04:27.566","75 09:57.844","9999","","9999","","0","","N","","3 ","","","","","","","","","","2","1","0","0","1","0","0","0","0","0","0","2","2","0","0","0","0","0","0","0","0","0","1","0","0","0","0","0","0","0","0","0","0","0","0","4","0","40.0743","-75.1661","","CRASH_2001_Philadelphia"
"2001233490","06","67","67301","67301","2001","03","5","1000","10","1","1","0","8","1","","","N","01","2","00","3","0","2","2","2","N","N","40 03:12.600","75 10:40.800","9999","","9999","","0","","N","","3 ","","","","","","","","","","1","0","0","0","0","0","0","0","0","0","0","0","0","0","2","0","0","0","0","0","0","0","0","0","0","0","0","0","0","0","0","0","1","0","0","9","0","40.0536","-75.178","","CRASH_2001_Philadelphia"
"2001243529","06","67","67301","67301","2001","04","2","1220","12","1","1","0","4","1","","","N","02","0","00","3","0","2","3","2","N","N","40 04:51.240","75 10:11.640","9999","","9999","","0","","N","","0 ","","","","","","","","","","2","2","0","0","0","0","0","0","0","0","0","0","0","0","2","0","0","0","0","0","0","0","0","0","0","0","0","0","0","0","0","0","0","0","0","9","0","40.0808","-75.1699","","CRASH_2001_Philadelphia"
"2001007097","06","67","67301","67301","2001","06","2","1225","12","1","1","0","4","1","","","N","00","2","07","3","0","1","3","2","N","N","39 58:30.372","75 13:20.593","1243","","1235","","0","","N","","3 ","","","","","","","","","","2","2","0","0","0","0","0","0","0","0","0","1","1","0","0","0","0","0","0","0","0","0","0","0","0","0","0","0","0","0","0","0","0","0","0","4","0","39.9751","-75.2223","","CRASH_2001_Philadelphia"
"2001211719","06","67","67301","67301","2001","02","2","1146","11","1","4","3","4","1","","","N","01","3","00","3","0","0","4","3","N","N","40 03:33.512","75 09:44.931","9999","","9999","","0","","N","","3 ","","","","","","","","","","3","3","0","0","0","0","0","0","0","0","0","0","0","0","0","0","0","0","0","0","1","1","1","0","0","0","0","0","0","0","0","0","0","0","0","0","0","40.0593","-75.1625","","CRASH_2001_Philadelphia"