"CRN","DISTRICT","COUNTY","MUNICIPALITY","POLICE_AGCY","CRASH_YEAR","CRASH_MONTH","DAY_OF_WEEK","TIME_OF_DAY","HOUR_OF_DAY","ILLUMINATION","WEATHER","ROAD_CONDITION","COLLISION_TYPE","RELATION_TO_ROAD","WORK_ZONE_TYPE","WORK_ZONE_LOC","WORK_ZONE_IND","INTERSECT_TYPE","TCD_TYPE","LOCATION_TYPE","URBAN_RURAL","FATAL_COUNT","INJURY_COUNT","PERSON_COUNT","TOTAL_UNITS","SCH_BUS_IND","SCH_ZONE_IND","LATITUDE","LONGITUDE","ARRIVAL_TM","CONS_ZONE_SPD_LIM","DISPATCH_TM","EST_HRS_CLOSED","LANE_CLOSED","LN_CLOSE_DIR","NTFY_HIWY_MAINT","SPEC_JURIS_CD","TCD_FUNC_CD","TFC_DETOUR_IND","WORKERS_PRES","WZ_CLOSE_DETOUR","WZ_FLAGGER","WZ_LAW_OFFCR_IND","WZ_LN_CLOSURE","WZ_MOVING","WZ_OTHER","WZ_SHLDER_MDN","VEHICLE_COUNT","AUTOMOBILE_COUNT","MOTORCYCLE_COUNT","BUS_COUNT","SMALL_TRUCK_COUNT","HEAVY_TRUCK_COUNT","SUV_COUNT","VAN_COUNT","BICYCLE_COUNT","MAJ_INJ_COUNT","MOD_INJ_COUNT","MIN_INJ_COUNT","TOT_INJ_COUNT","UNK_INJ_DEG_COUNT","UNK_INJ_PER_COUNT","DRIVER_COUNT_16YR","DRIVER_COUNT_17YR","DRIVER_COUNT_18YR","DRIVER_COUNT_19YR","DRIVER_COUNT_20YR","DRIVER_COUNT_50_64YR","DRIVER_COUNT_65_74YR","DRIVER_COUNT_75PLUS","UNBELTED_OCC_COUNT","UNB_DEATH_COUNT","UNB_MAJ_INJ_COUNT","BELTED_DEATH_COUNT","BELTED_MAJ_INJ_COUNT","MCYCLE_DEATH_COUNT","MCYCLE_MAJ_INJ_COUNT","BICYCLE_DEATH_COUNT","BICYCLE_MAJ_INJ_COUNT","PED_COUNT","PED_DEATH_COUNT","PED_MAJ_INJ_COUNT","MAX_SEVERITY_LEVEL","COMM_VEH_COUNT","DEC_LAT","DEC_LONG","RDWY_SURF_TYPE_CD","COUNTY_YEAR"
"2001223853","06","67","67301","67301","2001","03","2","1705","17","1","1","0","6","1","","","N","02","0","00","3","0","1","2","2","N","N","40 01:20.139","75 09:58.615","9999","","9999","","0","","N","","0 ","","","","","","","","","","2","2","0","0","0","0","0","0","0","0","0","0","0","0","1","0","0","0","0","1","0","0","0","0","0","0","0","0","0","0","0","0","0","0","0","9","0","40.0223","-75.1663","","CRASH_2001_Philadelphia"
"2001008691","06","67","67301","62301","2001","06","1","0700","07","1","1","0","4","1","","","N","01","2","00","3","0","1","2","2","N","N","40 01:27.308","75 08:00.707","0720","","0710","","0","","N","","3 ","","","","","","","","","","2","2","0","0","0","0","0","0","0","1","0","0","1","0","0","0","0","0","0","0","1","0","0","0","0","0","0","1","0","0","0","0","0","0","0","2","0","40.0242","-75.133","","CRASH_2001_Philadelphia"
"2001204144","06","67","67301","67301","2001","01","7","1540","15","1","1","1","1","1","","","N","02","0","00","3","0","1","3","2","N","N","40 01:44.040","75 09:47.520","9999","","9999","","0","","N","","0 ","","","","","","","","","","2","1","0","0","1","0","0","0","0","0","0","1","1","0","0","0","0","0","0","0","1","0","0","0","0","0","0","0","0","0","0","0","0","0","0","4","0","40.029","-75.1633","","CRASH_2001_Philadelphia"
"2001206179","06","67","67301","67301","2001","01","5","1255","12","1","2","1","4","1","","","N","01","1","00","3","0","1","2","2","N","N","39 57:08.280","75 08:48.480","9999","","9999","","0","","N","","3 ","","","","","","","","","","2","2","0","0","0","0","0","0","0","0","0","1","1","0","0","0","0","0","0","0","0","0","0","0","0","0","0","0","0","0","0","0","0","0","0","4","0","39.9524","-75.1468","","CRASH_2001_Philadelphia"
"2001213113","06","67","67301","67301","2001","02","6","0304","03","3","4","3","7","5","","","N","01","2","00","3","0","0","1","1","N","N","","","9999","","9999","","0","","N","","3 ","","","","","","","","","","1","1","0","0","0","0","0","0","0","0","0","0","0","0","0","0","0","0","0","0","0","0","0","0","0","0","0","0","0","0","0","0","0","0","0","0","0","","","","CRASH_2001_Philadelphia"
"2001215459","06","67","67301","67301","2001","02","1","1650","16","1","2","1","4","1","","","N","01","2","00","3","0","1","3","2","N","N","39 54:46.440","75 10:56.280","9999","","9999","","0","","N","","3 ","","","","","","","","","","2","2","0","0","0","0","0","0","0","0","0","1","1","0","0","0","0","0","0","0","0","0","1","0","0","0","0","0","0","0","0","0","0","0","0","4","0","39.9129","-75.1823","","CRASH_2001_Philadelphia"
"2001233214","06","67","67301","67301","2001","04","1","0600","06","3","1","0","4","1","","","N","01","2","00","3","0","2","2","2","N","N","39 57:11.160","75 10:12.360","9999","","9999","","0","","N","","3 ","","","","","","","","","","2","2","0","0","0","0","0","0","0","0","0","0","0","0","2","0","0","0","0","0","0","0","0","0","0","0","0","0","0","0","0","0","0","0","0","9","0","39.9532","-75.17","","CRASH_2001_Philadelphia"
"2001238132","06","67","67301","67301","2001","04","6","2006","20","3","1","0","4","1","","","N","01","2","00","3","0","0","2","2","N","N","40 06:50.400","74 59:15.000","9999","","9999","","0","","N","","3 ","","","","","","","","","","2","2","0","0","0","0","0","0","0","0","0","0","0","0","0","0","0","0","0","0","0","1","0","0","0","0","0","0","0","0","0","0","0","0","0","0","0","40.114","-74.9876","","CRASH_2001_Philadelphia"
"2001239135","06","67","67301","67301","2001","04","5","1435","14","1","1","0","4","1","","","N","01","2","00","3","0","1","2","2","N","N","40 02:05.640","75 04:09.840","9999","","9999","","0","","N","","3 ","","","","","","","","","","2","1","0","0","0","1","0","0","0","0","0","1","1","0","0","0","0","0","0","0","0","0","0","0","0","0","0","0","0","0","0","0","0","0","0","4","0","40.035","-75.0693","","CRASH_2001_Philadelphia"
"2001240179","06","67","67301","67301","2001","04","1","1742","17","1","1","0","4","1","","","N","00","0","00","3","0","1","2","2","N","N","","","9999","","9999","","0","","N","","0 ","","","","","","","","","","1","1","0","0","0","0","0","0","1","0","1","0","1","0","0","0","0","0","0","0","0","0","0","0","0","0","0","0","0","0","0","0","0","0","0","3","0","","","","CRASH_2001_Philadelphia"
"2001243605","06","67","67301","67301","2001","04","7","1639","16","1","1","0","8","1","","","N","00","0","00","3","0","1","2","2","N","N","","","9999","","9999","","0","","N","","0 ","","","","","","","","","","1","1","0","0","0","0","0","0","0","0","0","1","1","0","0","0","0","0","0","0","0","0","0","0","0","0","0","0","0","0","0","0","1","0","0","4","0","","","","CRASH_2001_Philadelphia"
"2001009007","06","67","67301","67301","2001","05","3","0955","09","1","1","0","4","1","","","N","01","2","00","3","0","0","3","2","N","N","39 59:06.904","75 10:43.789","1005","","0959","","0","","N","","3 ","","","","","","","","","","2","2","0","0","0","0","0","0","0","0","0","0","0","0","0","0","0","0","0","0","1","0","0","0","0","0","0","0","0","0","0","0","0","0","0","0","0","39.9853","-75.1788","","CRASH_2001_Philadelphia"
"2001007424","06","67","67301","67301","2001","05","2","0930","09","1","1","0","1","1","","","N","00","0","00","3","0","2","3","3","N","N","39 59:24.543","75 12:19.263","0932","","0930","2","1","3","N","","0 ","N","","","","","","","","","3","1","0","0","0","2","0","0","0","0","0","2","2","0","0","0","0","0","0","0","0","0","0","0","0","0","0","0","0","0","0","0","0","0","0","4","1","39.9903","-75.2054","","CRASH_2001_Philadelphia"
"2001007427","06","67","67301","67301","2001","05","4","1119","11","1","1","0","1","1","","","N","00","0","00","3","0","1","2","2","N","N","39 57:57.600","75 11:11.760","1125","","1121","","0","","N","","0 ","","","","","","","","","","2","1","0","0","0","1","0","0","0","0","0","1","1","0","0","0","0","0","0","0","1","0","0","0","0","0","0","0","0","0","0","0","0","0","0","4","1","39.966","-75.1866","","CRASH_2001_Philadelphia"
"2001204147","06","67","67301","67301","2001","01","5","0505","05","5","1","5","4","1","","","N","01","3","00","3","0","2","2","2","N","N","40 04:38.539","75 12:09.536","9999","","9999","","0","","N","","3 ","","","","","","","","","","2","1","0","0","0","0","0","1","0","0","0","0","0","0","2","0","0","0","0","0","0","0","0","0","0","0","0","0","0","0","0","0","0","0","0","9","0","40.0774","-75.2026","","CRASH_2001_Philadelphia"
"2001204644","06","67","67301","67301","2001","01","6","1240","12","1","4","3","9","1","","","N","00","0","00","3","0","1","1","2","N","N","39 57:20.880","75 14:53.520","9999","","9999","","0","","N","","0 ","","","","","","","","","","2","1","0","0","0","0","0","0","0","0","0","1","1","0","0","0","0","0","0","0","0","0","0","1","0","0","0","0","0","0","0","0","0","0","0","4","0","39.9558","-75.2482","","CRASH_2001_Philadelphia"
"2001207653","06","67","67301","67301","2001","01","5","1530","15","1","1","1","8","1","","","N","00","0","00","3","0","2","3","3","N","N","","","9999","","9999","","0","","N","","0 ","","","","","","","","","","1","1","0","0","0","0","0","0","0","0","0","2","2","0","0","0","0","0","0","0","1","0","0","0","0","0","0","0","0","0","0","0","2","0","0","4","0","","","","CRASH_2001_Philadelphia"
"2001213170","06","67","67301","67301","2001","02","6","1135","11","1","1","5","8","1","","","N","01","2","00","3","0","1","4","2","N","N","39 57:06.480","75 09:35.280","9999","","9999","","0","","N","","3 ","","","","","","","","","","1","1","0","0","0","0","0","0","0","0","0","1","1","0","0","0","0","0","0","0","0","0","0","0","0","0","0","0","0","0","0","0","1","0","0","4","0","39.9518","-75.1598","","CRASH_2001_Philadelphia"
"2001206218","06","67","67301","67301","2001","01","6","1255","12","1","2","1","4","1","","","N","01","2","00","3","0","2","2","2","N","N","40 02:53.160","75 04:08.760","9999","","9999","","0","","N","","3 ","","","","","","","","","","2","2","0","0","0","0","0","0","0","0","2","0","2","0","0","0","0","0","0","0","0","0","0","0","0","0","0","0","0","0","0","0","0","0","0","3","0","40.0481","-75.0691","","CRASH_2001_Philadelphia"
"2001210878","06","67","67301","67301","2001","02","5","0720","07","1","1","0","8","1","","","N","00","0","00","3","0","1","3","2","N","N","","","9999","","9999","","0","","N","","0 ","","","","","","","","","","1","0","0","1","0","0","0","0","0","0","0","1","1","0","0","0","0","0","0","0","0","0","0","0","0","0","0","0","0","0","0","0","1","0","0","4","1","","","","CRASH_2001_Philadelphia"
"2001016769","06","67","67301","67301","2001","05","4","1630","16","1","1","0","1","1","","","N","00","0","00","3","0","2","4","3","N","N","","","1645","","1630","","0","","N","","0 ","","","","","","","","","","3","3","0","0","0","0","0","0","0","0","2","0","2","0","0","0","0","0","0","0","0","0","0","0","0","0","0","0","0","0","0","0","0","0","0","3","0","","","","CRASH_2001_Philadelphia"
"2001204502","06","67","67301","67301","2001","01","5","1350","13","1","1","0","1","1","","","N","00","0","00","3","0","1","2","2","N","N","40 07:24.960","75 00:55.440","9999","","9999","","0","","N","","0 ","","","","","","","","","","2","2","0","0","0","0","0","0","0","0","0","1","1","0","0","0","0","0","0","0","0","0","0","0","0","0","0","0","0","0","0","0","0","0","0","4","0","40.1236","-75.0154","","CRASH_2001_Philadelphia"
"2001204569","06","67","67301","67301","2001","01","2","0900","09","1","1","0","7","1","","","N","00","0","00","3","0","0","1","1","N","N","40 01:40.080","75 01:28.560","9999","","9999","","0","","N","","0 ","","","","","","","","","","1","1","0","0","0","0","0","0","0","0","0","0","0","0","0","0","0","0","0","0","0","0","0","0","0","0","0","0","0","0","0","0","0","0","0","0","0","40.0278","-75.0245","","CRASH_2001_Philadelphia"
"2001207327","06","67","67301","67301","2001","01","6","2242","22","3","2","1","4","1","","","N","01","2","00","3","0","1","2","2","N","N","40 01:40.800","75 03:26.640","9999","","9999","","0","","N","","3 ","","","","","","","","","","2","2","0","0","0","0","0","0","0","0","0","1","1","0","0","0","0","1","1","0","0","0","0","0","0","0","0","0","0","0","0","0","0","0","0","4","0","40.028","-75.0574","","CRASH_2001_Philadelphia"
"2001207605","06","67","67301","67301","2001","01","2","1529","15","4","1","0","4","1","","","N","01","3","00","3","0","1","2","2","N","N","","","9999","","9999","","0","","N","","3 ","","","","","","","","","","2","1","0","0","0","0","0","1","0","0","0","1","1","0","0","0","0","0","0","0","1","0","0","0","0","0","0","0","0","0","0","0","0","0","0","4","0","","","","CRASH_2001_Philadelphia"
"2001211345","06","67","67301","67301","2001","02","4","1410","14","1","2","1","7","1","","","N","00","0","00","3","0","1","1","1","N","N","39 58:44.760","75 06:33.480","9999","","9999","","0","","N","","0 ","","","","","","","","","","1","1","0","0","0","0","0","0","0","0","0","0","0","0","1","0","0","0","0","0","1","0","0","1","0","0","0","0","0","0","0","0","0","0","0","9","0","39.9794","-75.1082","","CRASH_2001_Philadelphia"
"2001211363","06","67","67301","67301","2001","02","5","1437","14","1","1","0","4","1","","","N","01","1","00","3","0","1","2","2","N","N","40 01:37.200","75 12:33.840","9999","","9999","","0","","N","","3 ","","","","","","","","","","1","1","0","0","0","0","0","0","1","1","0","0","1","0","0","0","0","0","0","0","0","0","0","0","0","0","0","0","0","0","0","1","0","0","0","2","0","40.0269","-75.2094","","CRASH_2001_Philadelphia"
"2001211419","06","67","67301","67301","2001","02","3","1725","17","1","2","0","4","1","","","N","02","1","00","3","0","2","4","2","N","N","40 04:20.262","75 03:16.279","9999","","9999","","0","","N","","3 ","","","","","","","","","","2","2","0","0","0","0","0","0","0","0","0","0","0","0","2","0","0","0","0","0","1","0","0","0","0","0","0","0","0","0","0","0","0","0","0","9","0","40.0723","-75.0545","","CRASH_2001_Philadelphia"
"2001217194","06","67","67301","67301","2001","03","6","0820","08","1","1","0","1","1","","","N","00","0","00","3","0","1","3","2","N","N","40 03:01.800","75 10:24.240","9999","","9999","","0","","N","","0 ","","","","","","","","","","2","1","0","0","0","0","0","1","0","0","1","0","1","0","0","0","0","0","0","0","1","0","0","0","0","0","0","0","0","0","0","0","0","0","0","3","0","40.0505","-75.1734","","CRASH_2001_Philadelphia"
"2001223852","06","67","67301","67301","2001","03","2","1232","12","1","1","0","4","1","","","N","01","0","00","3","0","1","2","2","N","N","40 00:23.274","75 09:15.638","9999","","9999","","0","","N","","0 ","","","","","","","","","","1","1","0","0","0","0","0","0","1","0","0","0","0","0","1","0","0","0","0","0","0","0","0","0","0","0","0","0","0","0","0","0","0","0","0","9","0","40.0065","-75.1543","","CRASH_2001_Philadelphia"
"2001231207","06","67","67301","67301","2001","03","3","0920","09","1","1","0","4","1","","","N","01","2","00","3","0","2","2","2","N","N","39 57:22.680","75 13:10.560","9999","","9999","","0","","N","","3 ","","","","","","","","","","2","2","0","0","0","0","0","0","0","0","1","1","2","0","0","0","0","0","0","0","0","0","0","0","0","0","0","0","0","0","0","0","0","0","0","3","0","39.9562","-75.2196","","CRASH_2001_Philadelphia"
"2001017682","06","67","67301","67301","2001","05","7","0916","09","1","2","1","2","1","1","3","Y","00","2","00","3","0","1","2","2","N","N","","","0919","99","0916","","0","","N","","3 ","","N","","","U","","","","","2","2","0","0","0","0","0","0","0","0","0","1","1","0","0","0","0","0","2","0","0","0","0","0","0","0","0","0","0","0","0","0","0","0","0","4","0","","","","CRASH_2001_Philadelphia"
"2001210715","06","67","67301","67301","2001","02","7","0949","09","1","1","0","7","1","","","N","00","0","00","3","0","2","2","1","N","N","39 58:39.000","75 13:39.000","9999","","9999","","0","","N","","0 ","","","","","","","","","","1","1","0","0","0","0","0","0","0","0","0","2","2","0","0","0","0","0","0","0","0","0","1","0","0","0","0","0","0","0","0","0","0","0","0","4","0","39.9775","-75.2274","","CRASH_2001_Philadelphia"
"2001211414","06","67","67301","67301","2001","02","2","2315","23","3","1","0","8","1","","","N","00","0","00","3","0","1","2","2","N","N","","","9999","","9999","","0","","N","","0 ","","","","","","","","","","1","1","0","0","0","0","0","0","0","0","0","1","1","0","0","0","0","0","0","0","0","0","0","0","0","0","0","0","0","0","0","0","1","0","0","4","0","","","","CRASH_2001_Philadelphia"
"2001238100","06","67","67301","67301","2001","04","4","2045","20","3","2","1","8","1","","","N","01","2","00","3","0","1","2","2","N","N","","","9999","","9999","","0","","N","","3 ","","","","","","","","","","1","1","0","0","0","0","0","0","0","0","0","1","1","0","0","0","0","0","0","0","1","0","0","0","0","0","0","0","0","0","0","0","1","0","0","4","0","","","","CRASH_2001_Philadelphia"
"2001239134","06","67","67301","67301","2001","04","4","2150","21","3","1","0","1","1","","","N","00","0","00","3","0","2","4","2","N","N","","","9999","","9999","","0","","N","","0 ","","","","","","","","","","2","1","0","0","0","0","0","0","0","0","0","2","2","0","0","0","0","0","0","0","0","0","0","0","0","0","0","0","0","0","0","0","0","0","0","4","0","","","","CRASH_2001_Philadelphia"
"2001206008","06","67","67301","67301","2001","01","6","1550","15","4","1","0","4","1","","","N","01","3","00","3","0","0","3","2","N","N","40 00:22.174","75 10:35.725","9999","","9999","","0","","N","","3 ","","","","","","","","","","2","0","0","0","0","0","1","1","0","0","0","0","0","0","0","0","0","0","0","0","0","0","0","0","0","0","0","0","0","0","0","0","0","0","0","0","0","40.0062","-75.1766","","CRASH_2001_Philadelphia"
"2001210682","06","67","67301","67301","2001","02","3","1930","19","3","1","0","8","1","","","N","01","2","00","3","0","1","2","2","N","N","39 54:50.400","75 08:59.640","9999","","9999","","0","","N","","3 ","","","","","","","","","","1","1","0","0","0","0","0","0","0","0","0","1","1","0","0","0","0","0","0","0","0","0","0","0","0","0","0","0","0","0","0","0","1","0","0","4","0","39.914","-75.1499","","CRASH_2001_Philadelphia"
"2001211212","06","67","67301","67301","2001","02","3","0730","07","3","2","1","7","5","","","N","00","0","00","3","0","1","1","1","N","N","","","9999","","9999","","0","","N","","0 ","","","","","","","","","","1","0","0","0","1","0","0","0","0","0","0","0","0","0","1","0","0","0","0","0","0","0","0","0","0","0","0","0","0","0","0","0","0","0","0","9","0","","","","CRASH_2001_Philadelphia"
"2001213126","06","67","67301","67301","2001","02","6","1908","19","3","1","3","7","5","","","N","07","0","02","3","0","1","1","1","N","N","39 58:23.520","75 11:37.320","9999","","9999","","0","","N","","0 ","","","","","","","","","","1","1","0","0","0","0","0","0","0","0","0","0","0","0","1","0","0","0","0","0","0","0","0","0","0","0","0","0","0","0","0","0","0","0","0","9","0","39.9731","-75.1937","","CRASH_2001_Philadelphia"
"2001238217","06","67","67301","67301","2001","04","6","2155","21","3","1","0","4","1","","","N","01","2","00","3","0","0","2","2","N","N","40 02:01.320","75 08:45.240","9999","","9999","","0","","N","","3 ","","","","","","","","","","2","0","0","0","0","0","0","2","0","0","0","0","0","0","0","0","0","0","0","0","0","1","0","0","0","0","0","0","0","0","0","0","0","0","0","0","0","40.0337","-75.1458","","CRASH_2001_Philadelphia"
"2001213091","06","67","67301","67301","2001","02","7","0937","09","1","1","0","4","1","","","N","00","0","00","3","0","2","2","3","N","N","39 58:33.960","75 12:32.760","9999","","9999","","0","","N","","0 ","","","","","","","","","","3","2","0","0","0","0","0","0","0","0","0","2","2","0","0","0","0","0","0","0","1","0","0","0","0","0","0","0","0","0","0","0","0","0","0","4","0","39.9761","-75.2091","","CRASH_2001_Philadelphia"
"2001233254","06","67","67301","67301","2001","04","1","1709","17","1","1","0","4","1","","","N","02","3","00","3","0","1","2","2","N","N","","","9999","","9999","","0","","N","","3 ","","","","","","","","","","1","1","0","0","0","0","0","0","1","0","0","1","1","0","0","0","0","0","0","0","0","1","0","0","0","0","0","0","0","0","0","0","0","0","0","4","0","","","","CRASH_2001_Philadelphia"
"2001248821","06","67","67301","67301","2001","05","4","0730","07","3","1","0","4","1","","","N","02","3","00","3","0","5","5","2","N","N","39 56:29.760","75 14:16.440","9999","","9999","","0","","N","","3 ","","","","","","","","","","2","1","0","0","0","0","0","0","0","0","0","2","2","0","3","0","0","0","0","0","0","0","0","0","0","0","0","0","0","0","0","0","0","0","0","4","0","39.9416","-75.238","","CRASH_2001_Philadelphia"
"2001007270","06","67","67301","67301","2001","05","4","2332","23","3","1","0","5","1","","","N","01","0","00","3","0","1","2","2","N","N","","","2340","","2332","","0","","N","","0 ","","","","","","","","","","2","2","0","0","0","0","0","0","0","0","1","0","1","0","0","0","0","0","0","0","0","0","0","0","0","0","0","0","0","0","0","0","0","0","0","3","0","","","","CRASH_2001_Philadelphia"
"2001210631","06","67","67301","67301","2001","02","5","1510","15","1","1","0","9","1","","","N","00","0","00","3","0","1","2","2","Y","N","","","9999","","9999","","0","","N","","0 ","","","","","","","","","","2","0","0","1","0","0","0","0","0","0","0","1","1","0","0","0","0","0","0","0","0","0","0","0","0","0","0","0","0","0","0","0","0","0","0","4","1","","","","CRASH_2001_Philadelphia"
"2001214216","06","67","67301","67301","2001","02","3","1350","13","1","1","0","4","1","","","N","01","2","00","3","0","2","3","2","N","N","39 57:31.680","75 13:37.920","9999","","9999","","0","","N","","3 ","","","","","","","","","","2","2","0","0","0","0","0","0","0","0","0","2","2","0","0","0","0","0","0","0","1","0","0","0","0","0","0","0","0","0","0","0","0","0","0","4","0","39.9587","-75.2272","","CRASH_2001_Philadelphia"
"2001214264","06","67","67301","67301","2001","02","6","2335","23","3","1","0","7","5","","","N","00","0","00","3","0","0","2","1","N","N","39 53:56.400","75 10:23.880","9999","","9999","","0","","N","","0 ","","","","","","","","","","1","1","0","0","0","0","0","0","0","0","0","0","0","0","0","0","0","0","0","0","0","0","0","2","0","0","0","0","0","0","0","0","0","0","0","0","0","39.8988","-75.1707","","CRASH_2001_Philadelphia"
"2001223762","06","67","67301","67301","2001","03","5","0824","08","1","1","0","1","1","","","N","00","0","00","3","0","0","3","3","N","N","40 00:50.040","75 03:24.480","9999","","9999","","0","","N","","0 ","","","","","","","","","","3","3","0","0","0","0","0","0","0","0","0","0","0","0","0","0","0","0","1","0","0","0","0","0","0","0","0","0","0","0","0","0","0","0","0","0","0","40.0139","-75.0567","","CRASH_2001_Philadelphia"
"2001007208","06","67","67301","67301","2001","05","7","1250","12","1","1","0","1","1","","","N","01","2","00","3","0","2","4","2","N","N","40 04:15.240","75 02:16.080","1315","","1302","","0","","N","","3 ","","","","","","","","","","2","2","0","0","0","0","0","0","0","0","0","2","2","0","0","0","0","0","0","0","1","0","0","3","0","0","0","0","0","0","0","0","0","0","0","4","0","40.071","-75.0378","","CRASH_2001_Philadelphia"
"2001207562","06","67","67301","67301","2001","01","2","0020","00","3","2","1","8","1","","","N","05","2","00","3","0","2","2","2","N","N","40 01:47.791","75 09:11.771","9999","","9999","","0","","N","","3 ","","","","","","","","","","1","1","0","0","0","0","0","0","0","0","1","0","1","0","1","0","0","0","0","0","0","0","0","0","0","0","0","0","0","0","0","0","1","0","0","3","0","40.0299","-75.1533","","CRASH_2001_Philadelphia"
"2001211438","06","67","67301","67301","2001","02","2","2315","23","3","2","1","4","1","","","N","01","2","00","3","0","1","3","2","N","N","40 01:08.216","75 08:49.391","9999","","9999","","0","","N","","3 ","","","","","","","","","","2","1","0","0","0","0","0","0","0","0","0","1","1","0","0","0","0","0","0","0","1","0","0","0","0","0","0","0","0","0","0","0","0","0","0","4","0","40.0189","-75.1471","","CRASH_2001_Philadelphia"
"2001211477","06","67","67301","67301","2001","02","1","0300","03","3","1","0","9","1","","","N","00","0","00","3","0","1","2","4","N","N","40 01:51.600","75 08:47.400","9999","","9999","","0","","N","","0 ","","","","","","","","","","4","1","0","0","0","0","0","0","0","0","0","0","0","0","1","0","0","0","0","0","0","0","0","0","0","0","0","0","0","0","0","0","0","0","0","9","0","40.0309","-75.1464","","CRASH_2001_Philadelphia"
"2001213168","06","67","67301","67301","2001","02","5","2317","23","3","4","3","5","1","","","N","00","0","00","3","0","1","2","2","N","N","39 55:25.680","75 11:31.560","9999","","9999","","0","","N","","0 ","","","","","","","","","","2","2","0","0","0","0","0","0","0","0","0","1","1","0","0","0","0","0","0","0","0","0","0","0","0","0","0","0","0","0","0","0","0","0","0","4","0","39.9252","-75.1934","","CRASH_2001_Philadelphia"
"2001238056","06","67","67301","67301","2001","04","7","0429","04","3","1","0","7","1","","","N","00","0","00","3","0","0","1","1","N","N","","","9999","","9999","","0","","N","","0 ","","","","","","","","","","1","1","0","0","0","0","0","0","0","0","0","0","0","0","0","0","0","0","0","0","0","0","0","0","0","0","0","0","0","0","0","0","0","0","0","0","0","","","","CRASH_2001_Philadelphia"
"2001238177","06","67","67301","67301","2001","03","6","1826","18","1","1","0","9","1","","","N","00","0","00","3","0","0","1","3","N","N","","","9999","","9999","","0","","N","","0 ","","","","","","","","","","3","1","0","0","0","0","0","0","0","0","0","0","0","0","0","0","0","0","0","0","0","0","0","0","0","0","0","0","0","0","0","0","0","0","0","0","0","","","","CRASH_2001_Philadelphia"
"2001007286","06","67","67301","67301","2001","05","6","1458","14","1","1","0","4","1","","","N","01","2","00","3","0","1","2","2","N","N","39 57:40.680","75 14:05.280","1513","","1503","","0","","N","","3 ","","","","","","","","","","2","2","0","0","0","0","0","0","0","0","0","1","1","0","0","0","0","0","0","0","0","0","0","0","0","0","0","0","0","0","0","0","0","0","0","4","0","39.9613","-75.2348","","CRASH_2001_Philadelphia"
"2001210603","06","67","67301","67301","2001","02","6","1410","14","1","1","0","4","1","","","N","02","3","00","3","0","0","2","2","N","N","","","9999","","9999","","0","","N","","3 ","","","","","","","","","","2","1","0","0","0","1","0","0","0","0","0","0","0","0","0","0","0","0","0","0","0","0","0","0","0","0","0","0","0","0","0","0","0","0","0","0","1","","","","CRASH_2001_Philadelphia"
"2001211392","06","67","67301","67301","2001","02","7","2232","22","3","1","0","4","1","","","N","01","2","00","3","0","2","2","2","N","N","40 02:07.432","75 02:59.146","9999","","9999","","0","","N","","3 ","","","","","","","","","","2","2","0","0","0","0","0","0","0","0","2","0","2","0","0","0","0","1","0","0","0","0","0","0","0","0","0","0","0","0","0","0","0","0","0","3","0","40.0354","-75.0498","","CRASH_2001_Philadelphia"
"2001211422","06","67","67301","67301","2001","02","1","1405","14","1","1","0","4","1","","","N","01","2","00","3","0","1","5","2","N","N","40 03:42.120","75 03:21.960","9999","","9999","","0","","N","","3 ","","","","","","","","","","2","1","0","0","0","0","0","1","0","0","0","1","1","0","0","0","0","0","0","0","0","0","0","1","0","0","0","0","0","0","0","0","0","0","0","4","0","40.0617","-75.0561","","CRASH_2001_Philadelphia"
"2001213149","06","67","67301","67301","2001","02","1","2310","23","3","1","0","1","1","","","N","02","3","00","3","0","1","3","2","N","N","","","9999","","9999","","0","","N","","3 ","","","","","","","","","","2","2","0","0","0","0","0","0","0","0","0","1","1","0","0","0","0","0","0","0","1","1","0","0","0","0","0","0","0","0","0","0","0","0","0","4","0","","","","CRASH_2001_Philadelphia"
"2001216977","06","67","67301","67301","2001","03","3","2220","22","3","1","0","8","1","","","N","01","3","00","3","0","1","2","2","N","N","40 01:03.676","75 04:43.492","9999","","9999","","0","","N","","3 ","","","","","","","","","","1","1","0","0","0","0","0","0","0","0","0","1","1","0","0","0","0","0","0","0","0","0","0","0","0","0","0","0","0","0","0","0","1","0","0","4","0","40.0177","-75.0787","","CRASH_2001_Philadelphia"
"2001231209","06","67","67301","67301","2001","03","7","2025","20","3","1","0","4","1","","","N","01","2","00","3","0","1","2","2","N","N","39 58:00.120","75 10:44.760","9999","","9999","","0","","N","","3 ","","","","","","","","","","1","0","0","0","1","0","0","0","1","0","0","1","1","0","0","0","0","0","0","0","1","0","0","0","0","0","0","0","0","0","0","0","0","0","0","4","0","39.9667","-75.1791","","CRASH_2001_Philadelphia"
"2001240267","06","67","67301","67301","2001","04","7","1910","19","1","1","0","0","1","1","8","Y","00","0","00","3","0","2","2","1","N","N","39 59:11.400","75 05:29.400","9999","99","9999","","0","","N","","0 ","","U","","","U","","","","","1","0","0","0","0","0","1","0","0","0","0","2","2","0","0","0","0","0","0","0","0","0","0","0","0","0","0","0","0","0","0","0","0","0","0","4","0","39.9865","-75.0917","","CRASH_2001_Philadelphia"
"2001007289","06","67","67301","67301","2001","06","4","0838","08","1","1","0","1","1","","","N","00","0","00","3","0","2","6","3","N","N","39 58:54.781","75 14:20.631","0900","","0845","","0","","N","","0 ","","","","","","","","","","3","3","0","0","0","0","0","0","0","0","0","2","2","0","0","0","0","0","0","0","0","0","0","0","0","0","0","0","0","0","0","0","0","0","0","4","0","39.9819","-75.2387","","CRASH_2001_Philadelphia"