"CRN","DISTRICT","COUNTY","MUNICIPALITY","POLICE_AGCY","CRASH_YEAR","CRASH_MONTH","DAY_OF_WEEK","TIME_OF_DAY","HOUR_OF_DAY","ILLUMINATION","WEATHER","ROAD_CONDITION","COLLISION_TYPE","RELATION_TO_ROAD","WORK_ZONE_TYPE","WORK_ZONE_LOC","WORK_ZONE_IND","INTERSECT_TYPE","TCD_TYPE","LOCATION_TYPE","URBAN_RURAL","FATAL_COUNT","INJURY_COUNT","PERSON_COUNT","TOTAL_UNITS","SCH_BUS_IND","SCH_ZONE_IND","LATITUDE","LONGITUDE","ARRIVAL_TM","CONS_ZONE_SPD_LIM","DISPATCH_TM","EST_HRS_CLOSED","LANE_CLOSED","LN_CLOSE_DIR","NTFY_HIWY_MAINT","SPEC_JURIS_CD","TCD_FUNC_CD","TFC_DETOUR_IND","WORKERS_PRES","WZ_CLOSE_DETOUR","WZ_FLAGGER","WZ_LAW_OFFCR_IND","WZ_LN_CLOSURE","WZ_MOVING","WZ_OTHER","WZ_SHLDER_MDN","VEHICLE_COUNT","AUTOMOBILE_COUNT","MOTORCYCLE_COUNT","BUS_COUNT","SMALL_TRUCK_COUNT","HEAVY_TRUCK_COUNT","SUV_COUNT","VAN_COUNT","BICYCLE_COUNT","MAJ_INJ_COUNT","MOD_INJ_COUNT","MIN_INJ_COUNT","TOT_INJ_COUNT","UNK_INJ_DEG_COUNT","UNK_INJ_PER_COUNT","DRIVER_COUNT_16YR","DRIVER_COUNT_17YR","DRIVER_COUNT_18YR","DRIVER_COUNT_19YR","DRIVER_COUNT_20YR","DRIVER_COUNT_50_64YR","DRIVER_COUNT_65_74YR","DRIVER_COUNT_75PLUS","UNBELTED_OCC_COUNT","UNB_DEATH_COUNT","UNB_MAJ_INJ_COUNT","BELTED_DEATH_COUNT","BELTED_MAJ_INJ_COUNT","MCYCLE_DEATH_COUNT","MCYCLE_MAJ_INJ_COUNT","BICYCLE_DEATH_COUNT","BICYCLE_MAJ_INJ_COUNT","PED_COUNT","PED_DEATH_COUNT","PED_MAJ_INJ_COUNT","MAX_SEVERITY_LEVEL","COMM_VEH_COUNT","DEC_LAT","DEC_LONG","RDWY_SURF_TYPE_CD","COUNTY_YEAR"
"2001010314","06","67","67301","67301","2001","06","7","1012","10","1","2","1","4","1","","","N","01","2","00","3","0","0","2","2","N","N","39 55:40.309","75 14:13.508","1020","","1013","","0","","N","","3 ","","","","","","","","","","2","2","0","0","0","0","0","0","0","0","0","0","0","0","0","0","0","0","0","0","0","1","0","0","0","0","0","0","0","0","0","0","0","0","0","0","0","39.9278","-75.237","","CRASH_2001_Philadelphia"
"2001018418","06","67","67301","67301","2001","06","4","1305","13","1","1","0","4","1","","","N","05","3","00","3","0","1","2","2","N","N","39 59:37.611","75 07:41.782","1315","","1310","","0","","N","","3 ","","","","","","","","","","2","2","0","0","0","0","0","0","0","0","0","1","1","0","0","0","0","0","1","0","0","1","0","2","0","0","0","0","0","0","0","0","0","0","0","4","0","39.9938","-75.1283","","CRASH_2001_Philadelphia"
"2001200914","06","67","67301","67301","2001","02","1","1310","13","1","1","0","8","1","","","N","00","0","00","3","0","1","4","2","N","N","","","9999","","9999","","0","","N","","0 ","","","","","","","","","","1","1","0","0","0","0","0","0","0","0","1","0","1","0","0","0","1","0","0","0","0","0","0","0","0","0","0","0","0","0","0","0","1","0","0","3","0","","","","CRASH_2001_Philadelphia"
"2001019567","06","67","67301","67301","2001","05","2","2045","20","3","2","1","4","1","","","N","01","3","00","3","0","2","2","2","N","N","","","2052","","2048","","0","","N","","3 ","","","","","","","","","","2","2","0","0","0","0","0","0","0","0","0","2","2","0","0","0","0","0","0","0","0","0","0","2","0","0","0","0","0","0","0","0","0","0","0","4","0","","","","CRASH_2001_Philadelphia"
"2001204602","06","67","67301","67301","2001","01","6","0955","09","1","1","1","4","1","","","N","01","2","00","3","0","0","3","2","N","N","39 58:07.803","75 14:43.549","9999","","9999","","0","","N","","3 ","","","","","","","","","","2","1","0","0","0","0","0","1","0","0","0","0","0","0","0","0","0","0","0","0","0","0","0","0","0","0","0","0","0","0","0","0","0","0","0","0","0","39.9688","-75.2454","","CRASH_2001_Philadelphia"
"2001215608","06","67","67301","67301","2001","03","6","0915","09","1","1","0","1","1","","","N","01","2","00","3","0","0","2","2","N","N","40 02:06.000","75 10:25.320","9999","","9999","","0","","N","","3 ","","","","","","","","","","2","1","0","0","0","0","0","1","0","0","0","0","0","0","0","0","0","0","0","0","0","0","0","0","0","0","0","0","0","0","0","0","0","0","0","0","0","40.035","-75.1737","","CRASH_2001_Philadelphia"
"2001233202","06","67","67301","67301","2001","04","3","1240","12","1","1","0","4","1","","","N","01","2","00","3","0","0","2","2","N","N","40 05:35.880","75 01:52.320","9999","","9999","","0","","N","","3 ","","","","","","","","","","2","2","0","0","0","0","0","0","0","0","0","0","0","0","0","0","0","0","0","1","0","0","0","0","0","0","0","0","0","0","0","0","0","0","0","0","0","40.0934","-75.0313","","CRASH_2001_Philadelphia"
"2001007048","06","67","67301","67301","2001","06","4","2158","21","3","1","0","5","1","","","N","00","0","00","3","0","1","6","2","N","N","39 54:15.633","75 14:26.554","2207","","0221","","0","","N","","0 ","","","","","","","","","","2","2","0","0","0","0","0","0","0","0","0","1","1","0","0","0","0","0","0","0","0","0","0","0","0","0","0","0","0","0","0","0","0","0","0","4","0","39.9043","-75.2404","","CRASH_2001_Philadelphia"
"2001019685","06","67","67301","67301","2001","05","1","0706","07","1","1","0","7","5","","","N","00","0","00","3","0","0","1","1","N","N","","","0715","","0706","1","1","2","N","","0 ","N","","","","","","","","","1","1","0","0","0","0","0","0","0","0","0","0","0","0","1","0","0","0","0","0","0","0","0","1","0","0","0","0","0","0","0","0","0","0","0","9","0","","","","CRASH_2001_Philadelphia"
"2001209016","06","67","67301","67301","2001","01","2","0325","03","3","1","3","2","1","","","N","01","3","00","3","0","2","3","2","N","N","","","9999","","9999","","0","","N","","3 ","","","","","","","","","","2","1","0","0","0","0","1","0","0","0","2","0","2","0","0","0","0","0","0","0","0","0","0","0","0","0","0","0","0","0","0","0","0","0","0","3","0","","","","CRASH_2001_Philadelphia"
"2001209055","06","67","67301","67301","2001","01","6","2357","23","3","2","1","4","1","","","N","01","2","00","3","0","1","2","2","N","N","40 00:20.880","75 05:49.200","9999","","9999","","0","","N","","3 ","","","","","","","","","","2","1","0","0","0","1","0","0","0","0","0","0","0","0","1","0","0","0","0","0","0","0","0","0","0","0","0","0","0","0","0","0","0","0","0","9","0","40.0058","-75.097","","CRASH_2001_Philadelphia"
"2001238905","06","67","67301","67301","2001","04","1","2242","22","3","2","1","1","1","","","N","00","0","00","3","0","0","2","2","N","N","39 56:54.240","75 11:10.320","9999","","9999","","0","","N","","0 ","","","","","","","","","","2","2","0","0","0","0","0","0","0","0","0","0","0","0","0","0","0","0","0","0","0","0","0","0","0","0","0","0","0","0","0","0","0","0","0","0","0","39.9484","-75.1862","","CRASH_2001_Philadelphia"
"2001240130","06","67","67301","67301","2001","04","2","1919","19","1","1","0","5","1","","","N","00","0","00","3","0","1","2","2","N","N","","","9999","","9999","","0","","N","","0 ","","","","","","","","","","2","2","0","0","0","0","0","0","0","0","0","1","1","0","0","0","0","0","0","0","0","0","0","0","0","0","0","0","0","0","0","0","0","0","0","4","0","","","","CRASH_2001_Philadelphia"
"2001206025","06","67","67301","67301","2001","01","7","0830","08","1","1","1","9","1","","","N","00","0","00","3","0","1","1","3","N","N","","","9999","","9999","","0","","N","","0 ","","","","","","","","","","3","1","0","0","0","0","0","0","0","0","0","1","1","0","0","0","0","0","0","0","0","0","0","0","0","0","0","0","0","0","0","0","0","0","0","4","0","","","","CRASH_2001_Philadelphia"
"2001207615","06","67","67301","67301","2001","01","3","0252","02","3","1","1","9","1","","","N","00","0","00","3","0","0","1","3","N","N","","","9999","","9999","","0","","N","","0 ","","","","","","","","","","3","0","0","0","1","0","0","0","0","0","0","0","0","0","0","0","0","0","0","0","0","0","0","0","0","0","0","0","0","0","0","0","0","0","0","0","0","","","","CRASH_2001_Philadelphia"
"2001215588","06","67","67301","67301","2001","02","2","1029","10","1","1","0","4","1","","","N","01","2","00","3","0","0","2","2","N","N","","","9999","","9999","","0","","N","","3 ","","","","","","","","","","2","2","0","0","0","0","0","0","0","0","0","0","0","0","0","0","0","0","1","0","0","0","0","0","0","0","0","0","0","0","0","0","0","0","0","0","0","","","","CRASH_2001_Philadelphia"
"2001238872","06","67","67301","67301","2001","04","2","0225","02","3","2","1","7","1","","","N","02","3","00","3","0","1","1","1","N","N","40 04:27.663","74 59:04.919","9999","","9999","","0","","N","","3 ","","","","","","","","","","1","1","0","0","0","0","0","0","0","0","0","1","1","0","0","0","0","0","0","0","0","0","0","0","0","0","0","0","0","0","0","0","0","0","0","4","0","40.0744","-74.9847","","CRASH_2001_Philadelphia"
"2001243577","06","67","67301","67301","2001","05","1","2300","23","3","1","0","4","1","","","N","01","2","00","3","0","1","2","2","N","N","39 55:26.760","75 10:03.360","9999","","9999","","0","","N","","3 ","","","","","","","","","","2","1","0","0","0","0","0","1","0","0","0","1","1","0","0","0","0","0","0","0","0","0","0","0","0","0","0","0","0","0","0","0","0","0","0","4","0","39.9241","-75.1676","","CRASH_2001_Philadelphia"
"2001206221","06","67","67301","67301","2001","01","4","1950","19","3","1","0","9","1","","","N","00","0","00","3","0","2","3","2","N","N","","","9999","","9999","","0","","N","","0 ","","","","","","","","","","2","0","0","0","1","0","0","0","0","0","0","2","2","0","0","0","0","0","0","0","0","0","0","3","0","0","0","0","0","0","0","0","0","0","0","4","0","","","","CRASH_2001_Philadelphia"
"2001208978","06","67","67301","67301","2001","01","1","1625","16","1","1","0","7","5","","","N","01","3","00","3","0","1","1","1","N","N","","","9999","","9999","","0","","N","","3 ","","","","","","","","","","1","0","1","0","0","0","0","0","0","0","1","0","1","0","0","0","0","0","0","0","0","0","0","0","0","0","0","0","0","0","0","0","0","0","0","3","0","","","","CRASH_2001_Philadelphia"
"2001211394","06","67","67301","67301","2001","02","3","1940","19","3","1","0","9","1","","","N","00","0","00","3","0","0","1","4","N","N","39 57:16.200","75 12:17.640","9999","","9999","","0","","N","","0 ","","","","","","","","","","4","1","0","0","0","0","0","0","0","0","0","0","0","0","0","0","0","0","0","0","1","0","0","0","0","0","0","0","0","0","0","0","0","0","0","0","0","39.9544","-75.2049","","CRASH_2001_Philadelphia"
"2001215596","06","67","67301","67301","2001","02","2","2124","21","3","2","0","5","1","","","N","03","2","00","3","0","2","3","2","N","N","39 55:54.480","75 13:00.480","9999","","9999","","0","","N","","3 ","","","","","","","","","","2","1","0","0","0","0","1","0","0","0","0","2","2","0","0","0","0","0","0","0","1","0","0","0","0","0","0","0","0","0","0","0","0","0","0","4","0","39.9318","-75.2168","","CRASH_2001_Philadelphia"
"2001233295","06","67","67301","67301","2001","03","7","1445","14","1","1","0","4","1","","","N","01","2","00","3","0","1","2","2","N","N","","","9999","","9999","","0","","N","","3 ","","","","","","","","","","2","1","0","0","1","0","0","0","0","0","0","0","0","0","1","0","0","0","0","0","0","0","0","0","0","0","0","0","0","0","0","0","0","0","0","9","0","","","","CRASH_2001_Philadelphia"
"2001006947","06","67","67301","67301","2001","06","2","1800","18","1","1","0","4","1","","","N","02","3","00","3","0","1","2","2","N","N","40 00:42.185","75 04:34.397","1803","","1802","","0","","N","","3 ","","","","","","","","","","1","1","0","0","0","0","0","0","1","0","0","1","1","0","0","0","0","0","0","0","0","0","0","0","0","0","0","0","0","0","0","0","0","0","0","4","0","40.0117","-75.0762","","CRASH_2001_Philadelphia"
"2001240274","06","67","67301","67301","2001","04","7","1810","18","1","1","0","4","1","","","N","01","8","00","3","0","2","3","2","N","N","","","9999","","9999","","0","","N","","3 ","","","","","","","","","","2","2","0","0","0","0","0","0","0","0","0","0","0","0","2","0","0","0","0","0","0","0","1","0","0","0","0","0","0","0","0","0","0","0","0","9","0","","","","CRASH_2001_Philadelphia"
"2001243700","06","67","67301","67301","2001","05","3","1510","15","1","1","0","4","1","","","N","01","3","00","3","0","2","2","2","N","N","40 03:07.956","74 59:55.352","9999","","9999","","0","","N","","3 ","","","","","","","","","","2","2","0","0","0","0","0","0","0","0","2","0","2","0","0","0","0","0","0","0","0","1","0","0","0","0","0","0","0","0","0","0","0","0","0","3","0","40.0522","-74.9987","","CRASH_2001_Philadelphia"
"2001207481","06","67","67301","67301","2001","01","6","0245","02","3","2","1","5","1","","","N","06","4","02","3","0","1","2","2","N","N","39 57:29.880","75 09:55.440","9999","","9999","","0","","N","","3 ","","","","","","","","","","2","1","0","0","0","1","0","0","0","0","0","0","0","0","1","0","0","0","0","0","0","0","0","1","0","0","0","0","0","0","0","0","0","0","0","9","1","39.9583","-75.1655","","CRASH_2001_Philadelphia"
"2001207583","06","67","67301","67301","2001","01","3","0755","07","1","2","0","4","1","","","N","01","2","00","3","0","2","2","2","N","N","39 57:52.200","75 08:03.120","9999","","9999","","0","","N","","3 ","","","","","","","","","","2","2","0","0","0","0","0","0","0","0","0","1","1","0","1","0","0","0","0","0","1","0","0","0","0","0","0","0","0","0","0","0","0","0","0","4","0","39.9644","-75.1343","","CRASH_2001_Philadelphia"
"2001233402","06","67","67301","67301","2001","03","4","1709","17","1","1","0","4","1","","","N","01","2","00","3","0","1","4","2","N","N","","","9999","","9999","","0","","N","","3 ","","","","","","","","","","2","1","0","0","0","0","0","0","0","0","0","0","0","0","1","0","0","0","0","0","1","0","0","0","0","0","0","0","0","0","0","0","0","0","0","9","0","","","","CRASH_2001_Philadelphia"
"2001238205","06","67","67301","67301","2001","04","6","0552","05","3","1","0","1","1","","","N","06","4","02","3","0","0","2","2","N","N","40 01:14.160","75 09:15.480","9999","","9999","","0","","N","","3 ","","","","","","","","","","2","2","0","0","0","0","0","0","0","0","0","0","0","0","0","0","0","0","0","0","0","0","0","0","0","0","0","0","0","0","0","0","0","0","0","0","0","40.0205","-75.1543","","CRASH_2001_Philadelphia"
"2001204689","06","67","67301","67301","2001","01","6","1312","13","1","4","3","4","1","","","N","02","9","00","3","0","0","2","2","N","N","","","9999","","9999","","0","","N","","9 ","","","","","","","","","","2","1","0","0","0","0","0","1","0","0","0","0","0","0","0","0","0","0","1","0","1","0","0","0","0","0","0","0","0","0","0","0","0","0","0","0","0","","","","CRASH_2001_Philadelphia"
"2001233424","06","67","67301","67301","2001","03","4","1718","17","1","1","0","4","1","","","N","02","3","00","3","0","1","2","2","N","N","40 01:15.960","75 09:27.000","9999","","9999","","0","","N","","3 ","","","","","","","","","","2","1","0","0","0","0","1","0","0","0","0","0","0","0","1","0","0","0","0","0","0","0","0","0","0","0","0","0","0","0","0","0","0","0","0","9","0","40.0211","-75.1575","","CRASH_2001_Philadelphia"
"2001248807","06","67","67301","67301","2001","05","1","0430","04","3","1","0","4","1","","","N","01","2","00","3","0","1","2","2","N","N","39 56:16.080","75 09:59.760","9999","","9999","","0","","N","","3 ","","","","","","","","","","2","1","0","0","0","0","0","0","0","0","0","0","0","0","1","0","0","0","0","0","0","0","0","0","0","0","0","0","0","0","0","0","0","0","0","9","0","39.9379","-75.1668","","CRASH_2001_Philadelphia"
"2001007363","06","67","67301","67301","2001","05","3","0350","03","3","2","1","7","3","","","N","00","0","00","3","0","1","1","1","N","N","39 59:12.632","75 12:27.351","0356","","0350","","0","","N","","0 ","","","","","","","","","","1","1","0","0","0","0","0","0","0","0","0","1","1","0","0","0","0","0","0","0","0","0","0","0","0","0","0","0","0","0","0","0","0","0","0","4","0","39.987","-75.2078","","CRASH_2001_Philadelphia"
"2001008748","06","67","67301","67301","2001","05","2","1607","16","1","6","1","1","1","","","N","01","2","00","3","0","1","3","3","N","N","39 55:25.320","75 10:46.560","1610","","1607","","0","","N","","3 ","","","","","","","","","","3","3","0","0","0","0","0","0","0","0","0","1","1","0","0","0","0","1","0","0","0","0","0","0","0","0","0","0","0","0","0","0","0","0","0","4","0","39.9237","-75.1796","","CRASH_2001_Philadelphia"
"2001016970","06","67","67301","67301","2001","05","3","1515","15","1","2","1","1","1","","","N","00","0","00","3","0","1","2","2","N","N","40 03:00.360","75 03:28.800","1520","","9999","","0","","N","","0 ","","","","","","","","","","2","2","0","0","0","0","0","0","0","0","0","1","1","0","0","0","0","0","0","0","0","0","0","0","0","0","0","0","0","0","0","0","0","0","0","4","0","40.0501","-75.0579","","CRASH_2001_Philadelphia"
"2001209179","06","67","67301","67301","2001","01","2","0920","09","1","1","0","8","1","","","N","00","0","00","3","0","1","2","2","N","N","39 58:29.280","75 11:06.720","9999","","9999","","0","","N","","0 ","","","","","","","","","","1","0","0","0","1","0","0","0","0","0","0","1","1","0","0","0","0","0","0","0","0","0","0","0","0","0","0","0","0","0","0","0","1","0","0","4","0","39.9748","-75.1852","","CRASH_2001_Philadelphia"
"2001216965","06","67","67301","67301","2001","03","2","1800","18","3","3","1","4","1","","","N","01","2","00","3","0","4","4","2","N","N","40 03:42.840","75 09:47.520","9999","","9999","","0","","N","","3 ","","","","","","","","","","2","2","0","0","0","0","0","0","0","0","0","0","0","0","4","0","0","0","0","0","0","0","0","0","0","0","0","0","0","0","0","0","0","0","0","9","0","40.0619","-75.1632","","CRASH_2001_Philadelphia"
"2001207383","06","67","67301","67301","2001","01","1","1030","10","1","1","5","2","1","","","N","00","0","00","3","0","1","2","2","N","N","","","9999","","9999","","0","","N","","0 ","","","","","","","","","","2","2","0","0","0","0","0","0","0","0","1","0","1","0","0","0","0","0","0","0","0","1","0","0","0","0","0","0","0","0","0","0","0","0","0","3","0","","","","CRASH_2001_Philadelphia"
"2001207855","06","67","67301","67301","2001","01","4","1545","15","1","1","0","4","1","","","N","01","2","00","3","0","1","3","3","N","N","40 01:43.284","75 07:03.795","9999","","9999","","0","","N","","3 ","","","","","","","","","","3","3","0","0","0","0","0","0","0","0","0","1","1","0","0","0","0","0","0","0","1","1","0","0","0","0","0","0","0","0","0","0","0","0","0","4","0","40.0287","-75.1177","","CRASH_2001_Philadelphia"
"2001209665","06","67","67301","67301","2001","02","7","1608","16","1","1","0","4","1","","","N","01","2","00","3","0","2","3","2","N","N","","","9999","","9999","","0","","N","","3 ","","","","","","","","","","2","2","0","0","0","0","0","0","0","0","0","0","0","0","2","0","0","0","0","0","0","1","0","0","0","0","0","0","0","0","0","0","0","0","0","9","0","","","","CRASH_2001_Philadelphia"
"2001231139","06","67","67301","67301","2001","03","7","1805","18","2","3","1","4","1","","","N","01","3","00","3","0","1","2","2","N","N","40 01:22.800","75 09:47.520","9999","","9999","","0","","N","","3 ","","","","","","","","","","2","2","0","0","0","0","0","0","0","0","1","0","1","0","0","0","0","0","0","0","1","0","0","0","0","0","0","0","0","0","0","0","0","0","0","3","0","40.0229","-75.1632","","CRASH_2001_Philadelphia"
"2001233516","06","67","67301","67301","2001","03","3","1734","17","1","1","0","1","1","","","N","00","0","00","3","0","1","2","2","N","N","","","9999","","9999","","0","","N","","0 ","","","","","","","","","","2","1","0","1","0","0","0","0","0","0","0","1","1","0","0","0","0","0","0","0","0","0","0","0","0","0","0","0","0","0","0","0","0","0","0","4","1","","","","CRASH_2001_Philadelphia"
"2001240289","06","67","67301","67301","2001","04","7","0615","06","5","1","0","1","1","","","N","02","2","00","3","0","0","2","2","N","N","40 04:01.920","75 01:41.160","9999","","9999","","0","","N","","3 ","","","","","","","","","","2","2","0","0","0","0","0","0","0","0","0","0","0","0","0","0","0","0","0","0","0","0","0","0","0","0","0","0","0","0","0","0","0","0","0","0","0","40.0673","-75.0282","","CRASH_2001_Philadelphia"
"2001243716","06","67","67301","67301","2001","03","7","0253","02","3","1","0","4","1","","","N","05","2","02","3","0","1","5","2","N","N","39 57:27.360","75 09:44.280","9999","","9999","","0","","N","","3 ","","","","","","","","","","2","2","0","0","0","0","0","0","0","0","0","1","1","0","0","0","0","0","0","0","0","0","0","0","0","0","0","0","0","0","0","0","0","0","0","4","0","39.9578","-75.1625","","CRASH_2001_Philadelphia"
"2001006937","06","67","67301","67301","2001","05","1","1735","17","1","1","0","8","1","","","N","01","2","00","3","0","1","2","2","N","N","40 00:47.488","75 04:13.512","1750","","1743","9","2","4","N","","3 ","Y","","","","","","","","","1","1","0","0","0","0","0","0","0","0","0","1","1","0","0","0","0","0","0","0","0","0","0","0","0","0","0","0","0","0","0","0","1","0","0","4","0","40.0132","-75.0704","","CRASH_2001_Philadelphia"
"2001007081","06","67","67301","67301","2001","06","6","1650","16","1","1","0","8","1","","","N","01","2","00","3","0","1","2","2","N","N","39 55:49.000","75 10:06.444","1704","","1659","","0","","N","","3 ","","","","","","","","","","1","0","0","0","0","0","0","1","0","0","0","1","1","0","1","0","0","0","0","0","0","0","0","0","0","0","0","0","0","0","0","0","1","0","0","4","0","39.9305","-75.1684","","CRASH_2001_Philadelphia"
"2001019515","06","67","67301","67301","2001","05","5","1930","19","1","8","8","1","1","","","N","01","2","00","3","0","1","2","2","N","N","40 00:29.355","75 04:20.658","1041","","1036","","0","","N","","9 ","","","","","","","","","","2","2","0","0","0","0","0","0","0","0","0","1","1","0","0","0","0","0","0","0","0","0","0","0","0","0","0","0","0","0","0","0","0","0","0","4","0","40.0081","-75.0725","","CRASH_2001_Philadelphia"
"2001204668","06","67","67301","67301","2001","01","7","1701","17","3","1","0","1","1","","","N","00","0","00","3","0","1","4","2","N","N","39 57:08.640","75 14:56.040","9999","","9999","","0","","N","","0 ","","","","","","","","","","2","2","0","0","0","0","0","0","0","0","0","1","1","0","0","0","0","0","0","0","0","0","0","4","0","0","0","0","0","0","0","0","0","0","0","4","0","39.9525","-75.2489","","CRASH_2001_Philadelphia"
"2001212890","06","67","67301","67301","2001","02","1","0300","03","3","1","0","4","1","","","N","01","2","00","3","0","1","5","2","N","N","40 02:51.360","75 03:35.640","9999","","9999","","0","","N","","3 ","","","","","","","","","","2","1","0","0","0","0","0","0","0","0","0","0","0","0","1","0","0","0","0","0","0","0","0","0","0","0","0","0","0","0","0","0","0","0","0","9","0","40.0477","-75.06","","CRASH_2001_Philadelphia"
"2001216995","06","67","67301","67301","2001","03","4","1910","19","3","1","0","4","1","","","N","05","2","02","3","0","1","3","2","N","N","39 57:25.560","75 09:04.680","9999","","9999","","0","","N","","3 ","","","","","","","","","","2","2","0","0","0","0","0","0","0","0","1","0","1","0","0","0","0","0","0","0","0","1","0","0","0","0","0","0","0","0","0","0","0","0","0","3","0","39.9571","-75.1513","","CRASH_2001_Philadelphia"
"2001233193","06","67","67301","67301","2001","04","3","1124","11","1","1","0","4","1","","","N","01","3","00","3","0","1","2","2","N","N","39 58:26.781","75 14:32.708","9999","","9999","","0","","N","","3 ","","","","","","","","","","2","2","0","0","0","0","0","0","0","0","0","1","1","0","0","0","0","0","0","0","1","0","0","1","0","0","0","0","0","0","0","0","0","0","0","4","0","39.9741","-75.2424","","CRASH_2001_Philadelphia"
"2001240039","06","67","67301","67301","2001","04","4","2230","22","3","1","0","8","1","","","N","01","2","00","3","0","1","2","2","N","N","40 01:13.800","75 11:33.000","9999","","9999","","0","","N","","3 ","","","","","","","","","","1","1","0","0","0","0","0","0","0","0","0","1","1","0","0","0","0","0","0","0","0","0","0","0","0","0","0","0","0","0","0","0","1","0","0","4","0","40.0205","-75.1924","","CRASH_2001_Philadelphia"
"2001240084","06","67","67301","67301","2001","04","3","1840","18","1","1","0","8","1","","","N","01","3","00","3","0","1","2","2","N","N","","","9999","","9999","","0","","N","","3 ","","","","","","","","","","1","0","0","0","0","0","0","1","0","0","0","1","1","0","0","0","0","0","0","0","0","0","0","0","0","0","0","0","0","0","0","0","1","0","0","4","0","","","","CRASH_2001_Philadelphia"
"2001243545","06","67","67301","67301","2001","05","6","1955","19","4","1","0","4","1","","","N","01","3","00","3","0","1","3","2","N","N","","","9999","","9999","","0","","N","","3 ","","","","","","","","","","1","1","0","0","0","0","0","0","1","0","0","1","1","0","0","0","0","0","0","0","0","0","0","0","0","0","0","0","0","0","0","0","0","0","0","4","0","","","","CRASH_2001_Philadelphia"
"2001243735","06","67","67301","67301","2001","05","5","1438","14","1","1","0","8","1","","","N","00","0","00","3","0","1","2","2","N","N","39 57:05.760","75 13:36.120","9999","","9999","","0","","N","","0 ","","","","","","","","","","1","0","0","1","0","0","0","0","0","0","0","0","0","0","1","0","0","0","0","0","0","0","0","0","0","0","0","0","0","0","0","0","1","0","0","9","1","39.9515","-75.2266","","CRASH_2001_Philadelphia"
"2001006941","06","67","67301","67301","2001","05","3","0630","06","1","1","0","8","1","","","N","01","2","00","3","0","1","2","2","N","N","40 01:09.151","75 04:53.589","1855","","1845","","0","","N","","3 ","","","","","","","","","","1","1","0","0","0","0","0","0","0","0","1","0","1","0","0","0","0","0","0","0","0","0","0","0","0","0","0","0","0","0","0","0","1","0","0","3","0","40.0192","-75.0815","","CRASH_2001_Philadelphia"
"2001205971","06","67","67301","67301","2001","01","4","1240","12","1","1","0","7","5","","","N","00","0","00","3","0","1","1","1","N","N","","","9999","","9999","","0","","N","","0 ","","","","","","","","","","1","1","0","0","0","0","0","0","0","0","0","1","1","0","0","0","0","0","0","0","0","0","1","0","0","0","0","0","0","0","0","0","0","0","0","4","0","","","","CRASH_2001_Philadelphia"
"2001206009","06","67","67301","67301","2001","01","5","2200","22","3","2","0","5","1","","","N","00","0","00","3","0","0","2","2","N","N","","","9999","","9999","","0","","N","","0 ","","","","","","","","","","2","1","0","0","0","0","0","1","0","0","0","0","0","0","0","0","0","0","0","0","1","0","0","0","0","0","0","0","0","0","0","0","0","0","0","0","0","","","","CRASH_2001_Philadelphia"
"2001207390","06","67","67301","67301","2001","01","3","2215","22","3","1","0","5","1","","","N","01","0","00","3","0","1","2","2","N","N","40 00:33.721","75 04:43.067","9999","","9999","","0","","N","","0 ","","","","","","","","","","2","1","0","0","0","0","0","1","0","0","0","0","0","0","1","0","0","0","0","0","0","0","0","0","0","0","0","0","0","0","0","0","0","0","0","9","0","40.0094","-75.0786","","CRASH_2001_Philadelphia"
"2001006998","06","67","67301","67301","2001","06","2","0915","09","1","1","0","4","1","","","N","01","2","00","3","0","2","2","2","N","N","40 00:55.954","75 03:48.144","0930","","0920","","0","","N","","3 ","","","","","","","","","","2","2","0","0","0","0","0","0","0","0","0","2","2","0","0","0","0","0","0","0","0","0","0","0","0","0","0","0","0","0","0","0","0","0","0","4","0","40.0155","-75.0634","","CRASH_2001_Philadelphia"
"2001016733","06","67","67301","67301","2001","05","5","1120","11","1","1","0","4","1","","","N","01","2","00","3","0","4","4","4","N","N","40 03:34.843","75 14:17.686","1132","","1128","","0","","N","","3 ","","","","","","","","","","4","2","0","0","2","0","0","0","0","0","1","3","4","0","0","0","0","0","0","0","1","0","0","0","0","0","0","0","0","0","0","0","0","0","0","3","0","40.0594","-75.2379","","CRASH_2001_Philadelphia"
"2001207422","06","67","67301","67301","2001","01","3","0616","06","5","1","0","7","5","","","N","01","2","00","3","0","0","1","1","N","N","40 01:48.720","75 02:06.720","9999","","9999","","0","","N","","3 ","","","","","","","","","","1","0","0","0","0","1","0","0","0","0","0","0","0","0","0","0","0","0","0","0","0","0","0","0","0","0","0","0","0","0","0","0","0","0","0","0","1","40.0301","-75.0352","","CRASH_2001_Philadelphia"
"2001233123","06","67","67301","67301","2001","03","6","1140","11","1","2","1","4","1","","","N","01","3","00","3","0","2","4","2","N","N","40 01:12.720","75 04:26.400","9999","","9999","","0","","N","","3 ","","","","","","","","","","2","2","0","0","0","0","0","0","0","0","2","0","2","0","0","0","0","0","0","2","0","0","0","0","0","0","0","0","0","0","0","0","0","0","0","3","0","40.0202","-75.0739","","CRASH_2001_Philadelphia"