"CRN","DISTRICT","COUNTY","MUNICIPALITY","POLICE_AGCY","CRASH_YEAR","CRASH_MONTH","DAY_OF_WEEK","TIME_OF_DAY","HOUR_OF_DAY","ILLUMINATION","WEATHER","ROAD_CONDITION","COLLISION_TYPE","RELATION_TO_ROAD","WORK_ZONE_TYPE","WORK_ZONE_LOC","WORK_ZONE_IND","INTERSECT_TYPE","TCD_TYPE","LOCATION_TYPE","URBAN_RURAL","FATAL_COUNT","INJURY_COUNT","PERSON_COUNT","TOTAL_UNITS","SCH_BUS_IND","SCH_ZONE_IND","LATITUDE","LONGITUDE","ARRIVAL_TM","CONS_ZONE_SPD_LIM","DISPATCH_TM","EST_HRS_CLOSED","LANE_CLOSED","LN_CLOSE_DIR","NTFY_HIWY_MAINT","SPEC_JURIS_CD","TCD_FUNC_CD","TFC_DETOUR_IND","WORKERS_PRES","WZ_CLOSE_DETOUR","WZ_FLAGGER","WZ_LAW_OFFCR_IND","WZ_LN_CLOSURE","WZ_MOVING","WZ_OTHER","WZ_SHLDER_MDN","VEHICLE_COUNT","AUTOMOBILE_COUNT","MOTORCYCLE_COUNT","BUS_COUNT","SMALL_TRUCK_COUNT","HEAVY_TRUCK_COUNT","SUV_COUNT","VAN_COUNT","BICYCLE_COUNT","MAJ_INJ_COUNT","MOD_INJ_COUNT","MIN_INJ_COUNT","TOT_INJ_COUNT","UNK_INJ_DEG_COUNT","UNK_INJ_PER_COUNT","DRIVER_COUNT_16YR","DRIVER_COUNT_17YR","DRIVER_COUNT_18YR","DRIVER_COUNT_19YR","DRIVER_COUNT_20YR","DRIVER_COUNT_50_64YR","DRIVER_COUNT_65_74YR","DRIVER_COUNT_75PLUS","UNBELTED_OCC_COUNT","UNB_DEATH_COUNT","UNB_MAJ_INJ_COUNT","BELTED_DEATH_COUNT","BELTED_MAJ_INJ_COUNT","MCYCLE_DEATH_COUNT","MCYCLE_MAJ_INJ_COUNT","BICYCLE_DEATH_COUNT","BICYCLE_MAJ_INJ_COUNT","PED_COUNT","PED_DEATH_COUNT","PED_MAJ_INJ_COUNT","MAX_SEVERITY_LEVEL","COMM_VEH_COUNT","DEC_LAT","DEC_LONG","RDWY_SURF_TYPE_CD","COUNTY_YEAR"
"2001007386","06","67","67301","67301","2001","05","1","1920","19","1","1","1","4","1","","","N","01","2","00","3","0","2","2","2","N","N","39 59:08.980","75 12:56.216","1924","","1921","","0","","Y","","9 ","","","","","","","","","","2","2","0","0","0","0","0","0","0","0","2","0","2","0","0","0","0","0","0","0","0","0","0","1","0","0","0","0","0","0","0","0","0","0","0","3","0","39.9858","-75.2156","","CRASH_2001_Philadelphia"
"2001207333","06","67","67301","67301","2001","01","7","0227","02","3","2","1","4","1","","","N","01","2","00","3","0","4","4","2","N","N","39 59:49.560","75 14:07.080","9999","","9999","","0","","N","","3 ","","","","","","","","","","2","2","0","0","0","0","0","0","0","0","0","2","2","0","2","0","0","0","0","0","0","0","0","0","0","0","0","0","0","0","0","0","0","0","0","4","0","39.997","-75.2353","","CRASH_2001_Philadelphia"
"2001238174","06","67","67301","67301","2001","03","6","1450","14","1","2","1","1","1","","","N","01","2","00","3","0","1","2","2","N","N","39 59:58.920","75 08:18.600","9999","","9999","","0","","N","","3 ","","","","","","","","","","2","2","0","0","0","0","0","0","0","0","0","1","1","0","0","0","0","0","0","0","1","0","0","0","0","0","0","0","0","0","0","0","0","0","0","4","0","39.9997","-75.1385","","CRASH_2001_Philadelphia"
"2001018197","06","67","67301","67301","2001","05","7","1916","19","3","2","1","4","1","","","N","02","0","00","3","0","2","5","2","N","N","40 03:21.661","75 09:30.110","2025","","2020","","0","","N","","0 ","","","","","","","","","","2","2","0","0","0","0","0","0","0","0","0","2","2","0","0","0","0","0","0","0","0","0","0","1","0","0","0","0","0","0","0","0","0","0","0","4","0","40.056","-75.1584","","CRASH_2001_Philadelphia"
"2001019645","06","67","67301","67301","2001","05","5","0845","08","1","1","0","1","1","","","N","02","0","00","3","0","1","2","2","N","N","39 56:37.170","75 14:47.182","0845","","0835","","0","","N","","0 ","","","","","","","","","","2","2","0","0","0","0","0","0","0","0","0","1","1","0","0","0","0","0","0","0","1","0","1","0","0","0","0","0","0","0","0","0","0","0","0","4","0","39.9435","-75.2467","","CRASH_2001_Philadelphia"
"2001210674","06","67","67301","67301","2001","02","6","1744","17","3","1","0","4","1","","","N","00","0","07","3","0","0","3","2","N","N","","","9999","","9999","","0","","N","","0 ","","","","","","","","","","2","2","0","0","0","0","0","0","0","0","0","0","0","0","0","0","0","0","0","0","1","0","0","0","0","0","0","0","0","0","0","0","0","0","0","0","0","","","","CRASH_2001_Philadelphia"
"2001223934","06","67","67301","67301","2001","03","1","0005","00","3","1","0","4","1","","","N","01","2","00","3","0","3","4","2","N","N","40 00:41.400","75 04:11.280","9999","","9999","","0","","N","","3 ","","","","","","","","","","2","2","0","0","0","0","0","0","0","0","0","3","3","0","0","0","0","0","0","0","0","0","0","1","0","0","0","0","0","0","0","0","0","0","0","4","0","40.0114","-75.0699","","CRASH_2001_Philadelphia"
"2001238210","06","67","67301","67301","2001","04","2","1200","12","1","1","0","8","1","","","N","00","0","00","3","0","1","2","2","N","N","","","9999","","9999","","0","","N","","0 ","","","","","","","","","","1","1","0","0","0","0","0","0","0","0","0","0","0","0","1","0","0","0","0","0","0","1","0","0","0","0","0","0","0","0","0","0","1","0","0","9","0","","","","CRASH_2001_Philadelphia"
"2001244624","06","67","67301","67301","2001","05","3","0240","02","3","1","0","1","1","","","N","00","0","00","3","0","1","2","2","N","N","39 59:33.360","75 06:35.640","9999","","9999","","0","","N","","0 ","","","","","","","","","","2","1","0","0","1","0","0","0","0","0","0","1","1","0","0","0","0","0","1","0","0","0","0","0","0","0","0","0","0","0","0","0","0","0","0","4","0","39.9926","-75.1099","","CRASH_2001_Philadelphia"
"2001244784","06","67","67301","67301","2001","05","7","1230","12","1","1","0","5","1","","","N","03","2","00","3","0","2","2","2","N","N","40 00:55.080","75 12:29.160","9999","","9999","","0","","N","","3 ","","","","","","","","","","2","1","0","0","0","0","1","0","0","0","0","2","2","0","0","0","0","0","0","0","0","0","0","0","0","0","0","0","0","0","0","0","0","0","0","4","0","40.0154","-75.2083","","CRASH_2001_Philadelphia"
"2001211384","06","67","67301","67301","2001","02","2","1736","17","1","1","0","7","1","","","N","00","0","00","3","0","1","1","1","N","N","39 58:45.840","75 14:47.400","9999","","9999","","0","","N","","0 ","","","","","","","","","","1","1","0","0","0","0","0","0","0","0","1","0","1","0","0","0","0","0","0","0","0","0","0","1","0","0","0","0","0","0","0","0","0","0","0","3","0","39.9796","-75.2464","","CRASH_2001_Philadelphia"
"2001207616","06","67","67301","67301","2001","01","1","9999","99","3","1","0","4","1","","","N","01","2","00","3","0","3","4","2","N","N","","","9999","","9999","","0","","N","","3 ","","","","","","","","","","2","1","0","0","0","0","1","0","0","0","0","0","0","0","3","0","0","0","0","0","1","0","0","0","0","0","0","0","0","0","0","0","0","0","0","9","0","","","","CRASH_2001_Philadelphia"
"2001207849","06","67","67301","67301","2001","01","2","1038","10","1","3","5","1","1","","","N","01","2","00","3","0","2","4","2","N","N","","","9999","","9999","","0","","N","","3 ","","","","","","","","","","2","2","0","0","0","0","0","0","0","0","0","1","1","0","1","0","0","0","0","0","0","0","0","0","0","0","0","0","0","0","0","0","0","0","0","4","0","","","","CRASH_2001_Philadelphia"
"2001210703","06","67","67301","67301","2001","02","1","1735","17","4","1","0","8","1","","","N","04","0","00","3","0","1","3","2","N","N","40 01:54.627","75 05:04.055","9999","","9999","","0","","N","","0 ","","","","","","","","","","1","1","0","0","0","0","0","0","0","0","1","0","1","0","0","0","0","0","1","0","0","0","0","0","0","0","0","0","0","0","0","0","1","0","0","3","0","40.0318","-75.0845","","CRASH_2001_Philadelphia"
"2001010294","06","67","67301","67301","2001","06","3","1845","18","4","1","0","4","1","","","N","01","2","00","3","0","1","2","2","N","N","40 03:36.000","75 11:19.320","1910","","1855","","0","","N","","3 ","","","","","","","","","","1","1","0","0","0","0","0","0","1","0","0","1","1","0","0","0","0","0","0","0","1","0","0","0","0","0","0","0","0","0","0","0","0","0","0","4","0","40.0601","-75.1886","","CRASH_2001_Philadelphia"
"2001207617","06","67","67301","67301","2001","01","5","1741","17","3","2","1","8","1","","","N","01","3","00","3","0","1","2","2","N","N","40 01:08.655","75 09:29.451","9999","","9999","","0","","N","","3 ","","","","","","","","","","1","0","0","0","0","0","0","0","0","0","0","0","0","0","1","0","0","0","0","0","0","0","0","0","0","0","0","0","0","0","0","0","1","0","0","9","0","40.0191","-75.1582","","CRASH_2001_Philadelphia"
"2001209124","06","67","67301","67301","2001","01","1","1430","14","1","1","0","8","1","","","N","01","2","00","3","0","1","2","2","N","N","","","9999","","9999","","0","","N","","3 ","","","","","","","","","","1","1","0","0","0","0","0","0","0","0","0","1","1","0","0","0","0","0","0","0","0","0","0","0","0","0","0","0","0","0","0","0","1","0","0","4","0","","","","CRASH_2001_Philadelphia"
"2001214246","06","67","67301","67301","2001","02","2","1400","14","1","1","0","8","1","","","N","07","0","02","3","0","1","2","2","N","N","39 58:59.160","75 05:56.760","9999","","9999","","0","","N","","0 ","","","","","","","","","","1","1","0","0","0","0","0","0","0","1","0","0","1","0","0","0","0","0","0","0","0","0","0","1","0","0","0","0","0","0","0","0","1","0","1","2","0","39.9831","-75.0989","","CRASH_2001_Philadelphia"
"2001231202","06","67","67301","67301","2001","03","4","1000","10","1","2","1","8","1","","","N","01","2","00","3","0","1","2","2","N","N","39 57:13.320","75 11:55.320","9999","","9999","","0","","N","","3 ","","","","","","","","","","1","0","0","0","1","0","0","0","0","0","0","1","1","0","0","0","0","0","0","0","1","0","0","1","0","0","0","0","0","0","0","0","1","0","0","4","0","39.9536","-75.1986","","CRASH_2001_Philadelphia"
"2001215509","06","67","67301","67301","2001","03","6","1930","19","3","1","0","8","1","","","N","02","0","00","3","0","1","2","2","N","N","40 05:32.640","74 57:51.120","9999","","9999","","0","","N","","0 ","","","","","","","","","","1","1","0","0","0","0","0","0","0","0","0","1","1","0","0","0","0","0","0","0","0","0","0","0","0","0","0","0","0","0","0","0","1","0","0","4","0","40.0924","-74.9643","","CRASH_2001_Philadelphia"
"2001223893","06","67","67301","67301","2001","03","5","1742","17","1","1","0","4","1","","","N","01","3","00","3","0","1","4","2","N","N","39 58:44.760","75 07:38.280","9999","","9999","","0","","N","","3 ","","","","","","","","","","2","1","0","0","0","0","1","0","0","0","0","1","1","0","0","0","0","0","0","1","0","0","0","1","0","0","0","0","0","0","0","0","0","0","0","4","0","39.9791","-75.1273","","CRASH_2001_Philadelphia"
"2001233460","06","67","67301","67301","2001","03","6","2057","20","3","1","0","2","1","","","N","02","3","00","3","0","3","3","2","N","N","40 00:33.840","75 10:05.160","9999","","9999","","0","","N","","3 ","","","","","","","","","","2","2","0","0","0","0","0","0","0","1","0","2","3","0","0","0","0","1","0","1","0","0","0","1","0","1","0","0","0","0","0","0","0","0","0","2","0","40.0095","-75.1679","","CRASH_2001_Philadelphia"
"2001209308","06","67","67301","67301","2001","01","5","0845","08","1","1","0","4","1","","","N","01","2","00","3","0","3","5","2","N","N","40 03:23.400","75 00:47.160","9999","","9999","","0","","N","","3 ","","","","","","","","","","2","0","0","0","0","0","0","2","0","0","0","3","3","0","0","0","0","0","0","0","1","0","0","0","0","0","0","0","0","0","0","0","0","0","0","4","0","40.0564","-75.0128","","CRASH_2001_Philadelphia"
"2001210618","06","67","67301","67301","2001","02","4","0812","08","1","1","0","4","1","","","N","01","3","00","3","0","1","2","2","N","N","39 58:20.810","75 10:39.131","9999","","9999","","0","","N","","3 ","","","","","","","","","","2","1","0","0","0","0","0","1","0","0","0","1","1","0","0","0","0","0","0","0","0","0","0","0","0","0","0","0","0","0","0","0","0","0","0","4","0","39.9724","-75.1775","","CRASH_2001_Philadelphia"
"2001216927","06","67","67301","67301","2001","03","2","1217","12","1","1","0","1","1","","","N","02","2","00","3","0","2","3","2","N","N","39 56:44.880","75 11:54.240","9999","","9999","","0","","N","","3 ","","","","","","","","","","2","2","0","0","0","0","0","0","0","0","0","2","2","0","0","0","0","0","0","0","0","0","0","0","0","0","0","0","0","0","0","0","0","0","0","4","0","39.946","-75.1986","","CRASH_2001_Philadelphia"
"2001231133","06","67","67301","67301","2001","03","3","9999","99","1","1","0","9","1","","","N","00","0","00","3","0","1","1","5","N","N","39 59:08.520","75 11:15.720","9999","","9999","","0","","N","","0 ","","","","","","","","","","5","1","0","0","0","0","0","0","0","0","1","0","1","0","0","0","0","0","0","0","0","0","0","0","0","0","0","0","0","0","0","0","0","0","0","3","0","39.9857","-75.1877","","CRASH_2001_Philadelphia"
"2001233259","06","67","67301","67301","2001","04","1","1250","12","1","2","1","1","1","","","N","02","2","00","3","0","2","4","2","N","N","40 02:29.760","75 05:17.880","9999","","9999","","0","","N","","3 ","","","","","","","","","","2","2","0","0","0","0","0","0","0","0","0","1","1","0","1","0","0","0","0","0","1","0","0","0","0","0","0","0","0","0","0","0","0","0","0","4","0","40.0417","-75.0883","","CRASH_2001_Philadelphia"
"2001205990","06","67","67301","67301","2001","01","7","0212","02","3","1","5","7","1","","","N","02","0","00","3","0","0","1","1","N","N","39 56:31.920","75 14:19.320","9999","","9999","","0","","N","","0 ","","","","","","","","","","1","0","0","0","0","0","0","1","0","0","0","0","0","0","0","0","0","0","0","0","0","0","0","0","0","0","0","0","0","0","0","0","0","0","0","0","0","39.9421","-75.2387","","CRASH_2001_Philadelphia"
"2001209089","06","67","67301","67301","2001","02","6","0715","07","5","1","0","4","1","","","N","02","0","00","3","0","2","3","2","N","N","39 59:12.120","75 15:02.520","9999","","9999","","0","","N","","0 ","","","","","","","","","","2","1","0","0","0","0","0","1","0","0","2","0","2","0","0","0","0","1","0","0","0","0","0","0","0","0","0","0","0","0","0","0","0","0","0","3","0","39.9867","-75.2506","","CRASH_2001_Philadelphia"
"2001209125","06","67","67301","67301","2001","01","2","0911","09","1","1","1","4","1","","","N","01","2","00","3","0","1","4","3","N","N","39 59:57.991","75 12:31.766","9999","","9999","","0","","N","","3 ","","","","","","","","","","3","3","0","0","0","0","0","0","0","0","0","0","0","0","1","0","0","0","0","0","0","0","0","0","0","0","0","0","0","0","0","0","0","0","0","9","0","39.9994","-75.2088","","CRASH_2001_Philadelphia"
"2001213114","06","67","67301","67301","2001","02","6","1016","10","1","1","1","1","1","","","N","00","0","00","3","0","0","2","2","N","N","39 54:20.160","75 11:38.040","9999","","9999","","0","","N","","0 ","","","","","","","","","","2","2","0","0","0","0","0","0","0","0","0","0","0","0","0","0","0","0","0","0","1","0","0","0","0","0","0","0","0","0","0","0","0","0","0","0","0","39.9056","-75.194","","CRASH_2001_Philadelphia"
"2001233152","06","67","67301","67301","2001","04","6","1845","18","1","1","0","4","1","","","N","00","0","00","3","0","1","5","2","N","N","","","9999","","9999","","0","","N","","0 ","","","","","","","","","","2","1","0","0","0","1","0","0","0","0","0","0","0","0","1","0","0","0","0","0","0","0","0","0","0","0","0","0","0","0","0","0","0","0","0","9","1","","","","CRASH_2001_Philadelphia"
"2001238143","06","67","67301","67301","2001","04","4","1900","19","3","2","1","4","1","","","N","02","3","00","3","0","1","5","2","N","N","40 01:52.320","75 02:09.960","9999","","9999","","0","","N","","3 ","","","","","","","","","","2","2","0","0","0","0","0","0","0","0","0","1","1","0","0","0","0","0","0","0","0","0","0","0","0","0","0","0","0","0","0","0","0","0","0","4","0","40.0312","-75.0361","","CRASH_2001_Philadelphia"
"2001243339","06","67","67301","67301","2001","04","7","1926","19","4","1","0","4","1","","","N","01","3","00","3","0","1","5","2","N","N","40 01:13.440","75 09:46.080","9999","","9999","","0","","N","","3 ","","","","","","","","","","2","1","0","0","0","0","0","1","0","0","0","0","0","0","1","0","0","0","0","0","0","0","0","0","0","0","0","0","0","0","0","0","0","0","0","9","0","40.0203","-75.1628","","CRASH_2001_Philadelphia"
"2001007053","06","67","67301","67301","2001","05","4","1610","16","1","1","0","8","4","","","N","01","2","00","3","0","1","2","2","N","N","39 56:28.320","75 12:38.520","1617","","1610","","0","","N","","2 ","","","","","","","","","","1","0","0","0","1","0","0","0","0","0","1","0","1","0","0","0","0","0","0","0","1","0","0","0","0","0","0","0","0","0","0","0","1","0","0","3","0","39.9412","-75.2107","","CRASH_2001_Philadelphia"
"2001200547","06","67","67301","67301","2001","01","1","1315","13","1","1","0","4","1","","","N","01","2","00","3","0","2","4","3","N","N","39 57:28.080","75 09:50.760","9999","","9999","","0","","N","","3 ","","","","","","","","","","3","1","0","0","0","0","2","0","0","0","0","0","0","0","2","0","1","0","0","0","1","0","0","0","0","0","0","0","0","0","0","0","0","0","0","9","0","39.9579","-75.1642","","CRASH_2001_Philadelphia"
"2001210619","06","67","67301","67301","2001","02","4","1300","13","1","1","0","1","1","","","N","00","0","00","3","0","1","5","4","N","N","39 57:27.000","75 09:45.000","9999","","9999","","0","","N","","0 ","","","","","","","","","","4","2","0","0","1","0","0","1","0","0","0","1","1","0","0","0","0","0","0","0","0","0","0","0","0","0","0","0","0","0","0","0","0","0","0","4","0","39.9577","-75.1625","","CRASH_2001_Philadelphia"
"2001214572","06","67","67301","67301","2001","03","6","1210","12","1","1","0","4","1","","","N","01","2","00","3","0","0","3","2","N","N","","","9999","","9999","","0","","N","","3 ","","","","","","","","","","2","1","0","0","0","0","1","0","0","0","0","0","0","0","0","0","0","0","0","0","0","0","0","0","0","0","0","0","0","0","0","0","0","0","0","0","0","","","","CRASH_2001_Philadelphia"
"2001233407","06","67","67301","67301","2001","03","7","0135","01","3","1","0","8","1","","","N","00","0","00","3","0","1","2","2","N","N","","","9999","","9999","","0","","N","","0 ","","","","","","","","","","1","0","0","0","0","0","0","0","0","0","1","0","1","0","0","0","0","0","0","0","0","0","0","0","0","0","0","0","0","0","0","0","1","0","0","3","0","","","","CRASH_2001_Philadelphia"
"2001214297","06","67","67301","67301","2001","02","5","1820","18","3","4","3","7","5","","","N","00","0","00","3","0","0","1","1","N","N","40 02:02.040","75 08:45.240","9999","","9999","","0","","N","","0 ","","","","","","","","","","1","1","0","0","0","0","0","0","0","0","0","0","0","0","0","0","0","0","0","0","0","0","0","0","0","0","0","0","0","0","0","0","0","0","0","0","0","40.0338","-75.1459","","CRASH_2001_Philadelphia"
"2001215483","06","67","67301","67301","2001","03","4","1700","17","1","1","0","4","1","","","N","01","3","00","3","0","1","2","2","N","N","","","9999","","9999","","0","","N","","3 ","","","","","","","","","","2","2","0","0","0","0","0","0","0","0","1","0","1","0","0","0","0","0","0","0","1","0","0","0","0","0","0","0","0","0","0","0","0","0","0","3","0","","","","CRASH_2001_Philadelphia"
"2001238117","06","67","67301","67301","2001","04","3","1900","19","1","1","0","4","1","","","N","00","0","07","3","0","0","2","2","N","N","","","9999","","9999","","0","","N","","0 ","","","","","","","","","","2","2","0","0","0","0","0","0","0","0","0","0","0","0","0","0","0","0","0","1","0","0","0","0","0","0","0","0","0","0","0","0","0","0","0","0","0","","","","CRASH_2001_Philadelphia"
"2001238864","06","67","67301","67301","2001","04","3","1533","15","1","1","0","4","1","","","N","01","2","00","3","0","3","5","2","N","N","40 00:41.400","75 04:11.280","9999","","9999","","0","","N","","3 ","","","","","","","","","","2","2","0","0","0","0","0","0","0","0","2","1","3","0","0","0","0","0","1","0","0","0","0","0","0","0","0","0","0","0","0","0","0","0","0","3","0","40.0117","-75.0698","","CRASH_2001_Philadelphia"
"2001239931","06","67","67301","67301","2001","04","1","2355","23","3","2","1","1","1","","","N","00","0","00","3","0","0","2","2","N","N","39 54:54.000","75 08:52.440","9999","","9999","","0","","N","","0 ","","","","","","","","","","2","1","0","0","0","0","0","0","0","0","0","0","0","0","0","0","0","0","0","0","0","0","0","0","0","0","0","0","0","0","0","0","0","0","0","0","0","39.914","-75.148","","CRASH_2001_Philadelphia"
"2001204563","06","67","67301","67301","2001","01","2","1456","14","1","2","1","1","1","","","N","01","3","00","3","0","1","3","2","N","N","","","9999","","9999","","0","","N","","3 ","","","","","","","","","","2","1","0","0","1","0","0","0","0","0","0","1","1","0","0","0","0","0","0","0","0","0","0","0","0","0","0","0","0","0","0","0","0","0","0","4","0","","","","CRASH_2001_Philadelphia"
"2001207622","06","67","67301","67301","2001","01","1","1430","14","1","1","3","1","1","","","N","01","9","00","3","0","2","2","2","N","N","40 00:22.503","75 09:09.871","9999","","9999","","0","","N","","9 ","","","","","","","","","","2","1","0","0","0","0","0","0","0","0","0","1","1","0","1","0","0","0","0","0","0","0","0","0","0","0","0","0","0","0","0","0","0","0","0","4","0","40.0063","-75.1527","","CRASH_2001_Philadelphia"
"2001211713","06","67","67301","67301","2001","02","2","1450","14","1","4","3","4","1","","","N","01","2","00","3","0","1","3","2","N","N","39 58:13.080","75 08:56.040","9999","","9999","","0","","N","","3 ","","","","","","","","","","2","1","0","0","1","0","0","0","0","0","0","1","1","0","0","0","0","0","0","0","0","0","0","0","0","0","0","0","0","0","0","0","0","0","0","4","0","39.9703","-75.1489","","CRASH_2001_Philadelphia"
"2001231199","06","67","67301","67301","2001","03","4","1145","11","1","2","1","7","5","","","N","00","0","00","3","0","0","1","1","N","N","40 00:08.280","75 11:25.800","9999","","9999","","0","","N","","0 ","","","","","","","","","","1","1","0","0","0","0","0","0","0","0","0","0","0","0","0","0","0","0","0","0","0","0","0","0","0","0","0","0","0","0","0","0","0","0","0","0","0","40.0022","-75.1902","","CRASH_2001_Philadelphia"
"2001238906","06","67","67301","67301","2001","04","1","1848","18","1","2","1","7","5","","","N","00","0","00","3","0","0","1","1","N","N","","","9999","","9999","","0","","N","","0 ","","","","","","","","","","1","1","0","0","0","0","0","0","0","0","0","0","0","0","0","0","0","0","0","0","0","0","0","0","0","0","0","0","0","0","0","0","0","0","0","0","0","","","","CRASH_2001_Philadelphia"
"2001239038","06","67","67301","67301","2001","04","4","1521","15","1","2","1","4","1","","","N","01","3","00","3","0","0","2","2","N","N","","","9999","","9999","","0","","N","","3 ","","","","","","","","","","2","2","0","0","0","0","0","0","0","0","0","0","0","0","0","0","0","0","0","0","0","0","0","0","0","0","0","0","0","0","0","0","0","0","0","0","0","","","","CRASH_2001_Philadelphia"
"2001008635","06","67","67301","67301","2001","06","5","1656","16","1","1","0","8","1","","","N","01","3","00","3","0","1","2","2","N","N","39 59:23.893","75 07:02.102","1700","","1656","","0","","N","","3 ","","","","","","","","","","1","1","0","0","0","0","0","0","0","0","1","0","1","0","0","0","0","0","0","0","0","0","0","0","0","0","0","0","0","0","0","0","1","0","0","3","0","39.99","-75.1172","","CRASH_2001_Philadelphia"
"2001207837","06","67","67301","67301","2001","01","1","2103","21","3","1","1","1","1","","","N","00","0","00","3","0","4","6","2","N","N","40 04:14.880","75 12:02.880","9999","","9999","","0","","N","","0 ","","","","","","","","","","2","1","0","1","0","0","0","0","0","0","0","1","1","0","3","0","0","0","0","0","0","0","0","2","0","0","0","0","0","0","0","0","0","0","0","4","1","40.0706","-75.2007","","CRASH_2001_Philadelphia"
"2001249417","06","67","67301","67301","2001","04","2","1753","17","1","1","0","4","1","","","N","02","3","00","3","0","1","2","2","N","N","40 04:32.520","75 09:40.680","9999","","9999","","0","","N","","3 ","","","","","","","","","","2","2","0","0","0","0","0","0","0","0","0","1","1","0","0","0","1","0","0","0","0","1","0","0","0","0","0","0","0","0","0","0","0","0","0","4","0","40.0758","-75.1613","","CRASH_2001_Philadelphia"
"2001204678","06","67","67301","67301","2001","01","2","0733","07","1","1","0","4","1","","","N","00","0","07","3","0","1","2","2","N","N","","","9999","","9999","","0","","N","","0 ","","","","","","","","","","2","2","0","0","0","0","0","0","0","0","0","1","1","0","0","0","0","0","0","0","0","0","0","0","0","0","0","0","0","0","0","0","0","0","0","4","0","","","","CRASH_2001_Philadelphia"
"2001207433","06","67","67301","67301","2001","01","7","2202","22","3","1","0","9","1","","","N","00","0","00","3","0","1","1","3","N","N","","","9999","","9999","","0","","N","","0 ","","","","","","","","","","3","0","0","0","1","0","0","0","0","0","0","1","1","0","0","0","0","0","0","0","0","0","0","0","0","0","0","0","0","0","0","0","0","0","0","4","0","","","","CRASH_2001_Philadelphia"
"2001214210","06","67","67301","67301","2001","02","3","1110","11","1","1","0","4","1","","","N","01","2","00","3","0","4","6","2","N","N","39 54:19.440","75 10:24.960","9999","","9999","","0","","N","","3 ","","","","","","","","","","2","2","0","0","0","0","0","0","0","0","0","2","2","0","2","0","0","0","0","0","0","0","0","0","0","0","0","0","0","0","0","0","0","0","0","4","0","39.9054","-75.1736","","CRASH_2001_Philadelphia"
"2001216875","06","67","67301","67301","2001","03","5","2023","20","3","2","1","9","1","","","N","00","0","00","3","0","0","3","5","N","N","","","9999","","9999","","0","","N","","0 ","","","","","","","","","","5","1","0","0","0","0","0","0","0","0","0","0","0","0","0","0","0","0","0","0","0","0","0","0","0","0","0","0","0","0","0","0","0","0","0","0","0","","","","CRASH_2001_Philadelphia"
"2001208951","06","67","67301","67301","2001","01","7","1555","15","1","2","1","4","1","","","N","02","3","07","3","0","1","2","2","N","N","","","9999","","9999","","0","","N","","3 ","","","","","","","","","","1","1","0","0","0","0","0","0","1","0","0","0","0","0","1","0","0","0","0","0","0","0","0","0","0","0","0","0","0","0","0","0","0","0","0","9","0","","","","CRASH_2001_Philadelphia"
"2001214576","06","67","67301","67301","2001","02","1","0928","09","1","2","1","4","1","","","N","00","0","00","3","0","0","3","2","N","N","40 04:19.920","75 01:58.800","9999","","9999","","0","","N","","0 ","","","","","","","","","","2","1","0","0","0","0","1","0","0","0","0","0","0","0","0","0","0","0","0","0","0","0","1","0","0","0","0","0","0","0","0","0","0","0","0","0","0","40.0723","-75.0331","","CRASH_2001_Philadelphia"
"2001217042","06","67","67301","67301","2001","03","7","1851","18","3","1","0","9","1","","","N","00","0","00","3","0","0","1","4","N","N","","","9999","","9999","","0","","N","","0 ","","","","","","","","","","4","1","0","0","0","0","0","0","0","0","0","0","0","0","0","0","0","0","0","0","0","0","0","0","0","0","0","0","0","0","0","0","0","0","0","0","0","","","","CRASH_2001_Philadelphia"
"2001223863","06","67","67301","67301","2001","03","4","2243","22","3","1","0","4","1","","","N","01","3","00","3","0","0","2","3","N","N","","","9999","","9999","","0","","N","","3 ","","","","","","","","","","3","0","0","0","1","0","0","1","0","0","0","0","0","0","0","0","0","0","0","0","0","0","0","0","0","0","0","0","0","0","0","0","0","0","0","0","0","","","","CRASH_2001_Philadelphia"
"2001233084","06","67","67301","67301","2001","04","4","1651","16","1","1","0","8","1","","","N","00","0","00","3","0","1","2","2","N","N","","","9999","","9999","","0","","N","","0 ","","","","","","","","","","1","1","0","0","0","0","0","0","0","0","0","1","1","0","0","0","0","0","0","0","0","0","0","0","0","0","0","0","0","0","0","0","1","0","0","4","0","","","","CRASH_2001_Philadelphia"
"2001008659","06","67","67301","67301","2001","07","6","1730","17","1","1","0","7","2","","","N","00","0","08","3","0","1","1","1","N","N","39 57:07.920","75 08:28.680","1734","","1732","1","2","4","N","","0 ","N","","","","","","","","","1","1","0","0","0","0","0","0","0","0","0","1","1","0","0","0","0","0","0","0","0","0","0","1","0","0","0","0","0","0","0","0","0","0","0","4","0","39.9516","-75.1412","","CRASH_2001_Philadelphia"
"2001213131","06","67","67301","67301","2001","02","6","0540","05","1","2","1","4","1","","","N","00","0","00","3","0","3","3","2","N","N","40 01:03.720","75 02:54.240","9999","","9999","","0","","N","","0 ","","","","","","","","","","2","1","0","0","1","0","0","0","0","0","0","2","2","0","1","0","0","0","0","0","1","0","0","0","0","0","0","0","0","0","0","0","0","0","0","4","0","40.0178","-75.0484","","CRASH_2001_Philadelphia"