"CRN","DISTRICT","COUNTY","MUNICIPALITY","POLICE_AGCY","CRASH_YEAR","CRASH_MONTH","DAY_OF_WEEK","TIME_OF_DAY","HOUR_OF_DAY","ILLUMINATION","WEATHER","ROAD_CONDITION","COLLISION_TYPE","RELATION_TO_ROAD","WORK_ZONE_TYPE","WORK_ZONE_LOC","WORK_ZONE_IND","INTERSECT_TYPE","TCD_TYPE","LOCATION_TYPE","URBAN_RURAL","FATAL_COUNT","INJURY_COUNT","PERSON_COUNT","TOTAL_UNITS","SCH_BUS_IND","SCH_ZONE_IND","LATITUDE","LONGITUDE","ARRIVAL_TM","CONS_ZONE_SPD_LIM","DISPATCH_TM","EST_HRS_CLOSED","LANE_CLOSED","LN_CLOSE_DIR","NTFY_HIWY_MAINT","SPEC_JURIS_CD","TCD_FUNC_CD","TFC_DETOUR_IND","WORKERS_PRES","WZ_CLOSE_DETOUR","WZ_FLAGGER","WZ_LAW_OFFCR_IND","WZ_LN_CLOSURE","WZ_MOVING","WZ_OTHER","WZ_SHLDER_MDN","VEHICLE_COUNT","AUTOMOBILE_COUNT","MOTORCYCLE_COUNT","BUS_COUNT","SMALL_TRUCK_COUNT","HEAVY_TRUCK_COUNT","SUV_COUNT","VAN_COUNT","BICYCLE_COUNT","MAJ_INJ_COUNT","MOD_INJ_COUNT","MIN_INJ_COUNT","TOT_INJ_COUNT","UNK_INJ_DEG_COUNT","UNK_INJ_PER_COUNT","DRIVER_COUNT_16YR","DRIVER_COUNT_17YR","DRIVER_COUNT_18YR","DRIVER_COUNT_19YR","DRIVER_COUNT_20YR","DRIVER_COUNT_50_64YR","DRIVER_COUNT_65_74YR","DRIVER_COUNT_75PLUS","UNBELTED_OCC_COUNT","UNB_DEATH_COUNT","UNB_MAJ_INJ_COUNT","BELTED_DEATH_COUNT","BELTED_MAJ_INJ_COUNT","MCYCLE_DEATH_COUNT","MCYCLE_MAJ_INJ_COUNT","BICYCLE_DEATH_COUNT","BICYCLE_MAJ_INJ_COUNT","PED_COUNT","PED_DEATH_COUNT","PED_MAJ_INJ_COUNT","MAX_SEVERITY_LEVEL","COMM_VEH_COUNT","DEC_LAT","DEC_LONG","RDWY_SURF_TYPE_CD","COUNTY_YEAR"
"2001231112","06","67","67301","67301","2001","03","4","1530","15","1","1","0","4","1","","","N","01","2","00","3","0","3","4","3","N","N","40 01:18.120","75 06:45.360","9999","","9999","","0","","N","","3 ","","","","","","","","","","3","2","0","0","0","0","0","1","0","0","0","2","2","0","1","0","0","0","0","0","0","0","0","0","0","0","0","0","0","0","0","0","0","0","0","4","0","40.0218","-75.1127","","CRASH_2001_Philadelphia"
"2001233256","06","67","67301","67301","2001","04","1","1423","14","1","1","0","1","1","","","N","06","0","02","3","0","5","8","2","N","N","39 58:33.960","75 11:44.160","9999","","9999","","0","","N","","0 ","","","","","","","","","","2","2","0","0","0","0","0","0","0","0","0","5","5","0","0","0","0","0","0","0","0","0","0","2","0","0","0","0","0","0","0","0","0","0","0","4","0","39.9761","-75.1955","","CRASH_2001_Philadelphia"
"2001207547","06","67","67301","67301","2001","01","4","1330","13","1","1","0","9","1","","","N","00","0","00","3","0","1","1","2","N","N","","","9999","","9999","","0","","N","","0 ","","","","","","","","","","2","1","0","0","0","0","0","0","0","0","0","0","0","0","1","0","0","0","0","0","1","0","0","0","0","0","0","0","0","0","0","0","0","0","0","9","0","","","","CRASH_2001_Philadelphia"
"2001240193","06","67","67301","67301","2001","04","2","1745","17","1","1","0","1","1","","","N","01","3","03","3","0","1","2","2","N","N","40 01:03.720","75 02:54.240","9999","","9999","","0","","N","","3 ","","","","","","","","","","2","1","0","0","1","0","0","0","0","0","0","1","1","0","0","0","0","0","0","0","0","0","0","0","0","0","0","0","0","0","0","0","0","0","0","4","0","40.0169","-75.0474","","CRASH_2001_Philadelphia"
"2001240245","06","67","67301","67301","2001","04","2","2218","22","3","1","1","4","1","","","N","01","3","00","3","0","1","2","2","N","N","","","9999","","9999","","0","","N","","3 ","","","","","","","","","","2","0","0","0","0","0","1","1","0","0","0","1","1","0","0","0","0","0","0","0","0","0","0","0","0","0","0","0","0","0","0","0","0","0","0","4","0","","","","CRASH_2001_Philadelphia"
"2001207850","06","67","67301","67301","2001","01","3","1335","13","1","1","0","5","1","","","N","00","0","00","3","0","1","3","2","N","N","39 56:58.200","75 09:57.240","9999","","9999","","0","","N","","0 ","","","","","","","","","","2","1","0","1","0","0","0","0","0","0","0","1","1","0","0","0","0","0","0","0","0","0","0","0","0","0","0","0","0","0","0","0","0","0","0","4","1","39.9496","-75.1659","","CRASH_2001_Philadelphia"
"2001233413","06","67","67301","67301","2001","03","1","1725","17","1","1","0","1","1","","","N","00","0","00","3","0","5","6","3","N","N","","","9999","","9999","","0","","N","","0 ","","","","","","","","","","3","2","0","0","0","0","1","0","0","0","2","0","2","0","3","0","0","0","0","0","0","0","0","0","0","0","0","0","0","0","0","0","0","0","0","3","0","","","","CRASH_2001_Philadelphia"
"2001204128","06","67","67301","67301","2001","01","4","1646","16","4","1","3","8","1","","","N","01","3","00","3","0","1","2","2","N","N","39 59:53.419","75 10:44.270","9999","","9999","","0","","N","","3 ","","","","","","","","","","1","0","0","0","1","0","0","0","0","0","0","1","1","0","0","0","0","0","0","0","0","1","0","0","0","0","0","0","0","0","0","0","1","0","0","4","0","39.9982","-75.179","","CRASH_2001_Philadelphia"
"2001205959","06","67","67301","67301","2001","01","1","1253","12","1","1","6","7","2","","","N","00","0","00","3","0","2","2","1","N","N","39 56:03.480","75 14:09.960","9999","","9999","","0","","N","","0 ","","","","","","","","","","1","1","0","0","0","0","0","0","0","0","0","2","2","0","0","0","0","1","0","0","0","0","0","2","0","0","0","0","0","0","0","0","0","0","0","4","0","39.9343","-75.236","","CRASH_2001_Philadelphia"
"2001215704","06","67","67301","67301","2001","03","6","2045","20","3","1","0","1","1","","","N","00","0","00","3","0","2","3","2","N","N","39 57:32.040","75 10:18.480","9999","","9999","","0","","N","","0 ","","","","","","","","","","2","2","0","0","0","0","0","0","0","0","0","2","2","0","0","0","0","0","0","0","1","0","0","0","0","0","0","0","0","0","0","0","0","0","0","4","0","39.959","-75.1719","","CRASH_2001_Philadelphia"
"2001233257","06","67","67301","67301","2001","04","1","1140","11","1","1","1","4","1","","","N","01","3","00","3","0","1","2","2","N","N","40 02:09.621","75 03:15.026","9999","","9999","","0","","N","","3 ","","","","","","","","","","2","2","0","0","0","0","0","0","0","0","0","1","1","0","0","0","0","0","0","0","1","0","0","0","0","0","0","0","0","0","0","0","0","0","0","4","0","40.036","-75.0542","","CRASH_2001_Philadelphia"
"2001243266","06","67","67301","67301","2001","03","7","0249","02","3","1","0","9","1","","","N","00","0","00","3","0","2","2","3","N","N","","","9999","","9999","","0","","N","","0 ","","","","","","","","","","2","1","0","0","0","0","0","0","0","0","0","2","2","0","0","0","0","0","0","0","0","0","0","0","0","0","0","0","0","0","0","0","1","0","0","4","0","","","","CRASH_2001_Philadelphia"
"2001008668","06","67","67301","67301","2001","05","7","1950","19","4","2","1","5","1","","","N","00","0","00","3","0","1","4","2","N","N","39 58:16.680","75 07:24.960","1958","","1956","","0","","Y","","0 ","","","","","","","","","","2","2","0","0","0","0","0","0","0","0","0","1","1","0","0","0","0","0","0","1","0","0","0","0","0","0","0","0","0","0","0","0","0","0","0","4","0","39.9722","-75.1235","","CRASH_2001_Philadelphia"
"2001200215","06","67","67301","67301","2001","01","1","1916","19","3","1","0","4","1","","","N","01","2","00","3","0","5","6","2","N","N","","","9999","","9999","","0","","N","","3 ","","","","","","","","","","2","2","0","0","0","0","0","0","0","0","1","4","5","0","0","0","1","0","0","0","0","0","0","0","0","0","0","0","0","0","0","0","0","0","0","3","0","","","","CRASH_2001_Philadelphia"
"2001205970","06","67","67301","67301","2001","01","3","9999","99","1","3","5","7","5","","","N","00","0","00","3","0","1","1","1","N","N","","","9999","","9999","","0","","N","","0 ","","","","","","","","","","1","1","0","0","0","0","0","0","0","0","0","0","0","0","1","0","0","0","0","0","0","0","0","0","0","0","0","0","0","0","0","0","0","0","0","9","0","","","","CRASH_2001_Philadelphia"
"2001233448","06","67","67301","67301","2001","03","7","0948","09","1","9","9","9","1","","","N","00","0","00","3","0","1","1","2","N","N","","","9999","","9999","","0","","N","","0 ","","","","","","","","","","2","1","0","0","0","0","0","0","0","0","0","0","0","0","1","0","0","0","0","0","0","0","0","0","0","0","0","0","0","0","0","0","0","0","0","9","0","","","","CRASH_2001_Philadelphia"
"2001238992","06","67","67301","67301","2001","04","4","0150","01","3","1","0","7","5","","","N","00","0","07","3","0","0","1","1","N","N","","","9999","","9999","","0","","N","","0 ","","","","","","","","","","1","1","0","0","0","0","0","0","0","0","0","0","0","0","0","0","0","0","0","0","0","0","0","0","0","0","0","0","0","0","0","0","0","0","0","0","0","","","","CRASH_2001_Philadelphia"
"2001243490","06","67","67301","67301","2001","04","2","1039","10","1","1","0","4","1","","","N","01","3","00","3","0","1","4","2","N","N","","","9999","","9999","","0","","N","","3 ","","","","","","","","","","2","2","0","0","0","0","0","0","0","0","1","0","1","0","0","0","0","0","0","0","0","0","0","0","0","0","0","0","0","0","0","0","0","0","0","3","0","","","","CRASH_2001_Philadelphia"
"2001243698","06","67","67301","67301","2001","05","7","0225","02","3","1","0","4","1","","","N","01","2","02","3","0","0","2","2","N","N","40 05:57.120","74 59:11.760","9999","","9999","","0","","N","","3 ","","","","","","","","","","2","2","0","0","0","0","0","0","0","0","0","0","0","0","0","0","0","0","0","0","0","0","0","0","0","0","0","0","0","0","0","0","0","0","0","0","0","40.101","-74.989","","CRASH_2001_Philadelphia"
"2001019670","06","67","67301","67301","2001","05","4","0654","06","1","1","0","5","1","","","N","00","0","00","3","0","1","1","3","N","N","40 00:32.892","75 10:07.147","0700","","0654","","0","","N","","0 ","","","","","","","","","","3","3","0","0","0","0","0","0","0","0","1","0","1","0","0","0","0","0","0","0","0","0","0","0","0","0","0","0","0","0","0","0","0","0","0","3","0","40.0091","-75.1685","","CRASH_2001_Philadelphia"
"2001207592","06","67","67301","67301","2001","01","7","1016","10","1","1","1","4","1","","","N","01","2","00","3","0","2","4","2","N","N","","","9999","","9999","","0","","N","","3 ","","","","","","","","","","2","1","0","0","0","0","0","1","0","0","0","2","2","0","0","0","0","0","0","0","0","0","0","0","0","0","0","0","0","0","0","0","0","0","0","4","0","","","","CRASH_2001_Philadelphia"
"2001207630","06","67","67301","67301","2001","01","5","1427","14","1","1","0","8","1","","","N","01","2","00","3","0","2","2","2","N","N","40 02:29.760","75 09:29.880","9999","","9999","","0","","N","","3 ","","","","","","","","","","1","1","0","0","0","0","0","0","0","0","1","0","1","0","1","0","0","0","0","0","0","0","0","0","0","0","0","0","0","0","0","0","1","0","0","3","0","40.0415","-75.1584","","CRASH_2001_Philadelphia"
"2001233294","06","67","67301","67301","2001","03","7","1020","10","1","1","0","8","1","","","N","01","3","00","3","0","1","2","2","N","N","39 57:28.080","75 13:31.440","9999","","9999","","0","","N","","3 ","","","","","","","","","","1","1","0","0","0","0","0","0","0","0","1","0","1","0","0","0","0","0","0","0","0","0","0","0","0","0","0","0","0","0","0","0","1","0","0","3","0","39.9577","-75.2253","","CRASH_2001_Philadelphia"
"2001206220","06","67","67301","67301","2001","01","3","1748","17","3","3","6","8","1","","","N","00","0","00","3","0","1","2","2","N","N","","","9999","","9999","","0","","N","","0 ","","","","","","","","","","1","1","0","0","0","0","0","0","0","0","1","0","1","0","0","0","0","0","0","0","0","0","0","0","0","0","0","0","0","0","0","0","1","0","0","3","0","","","","CRASH_2001_Philadelphia"
"2001238068","06","67","67301","67301","2001","04","4","1414","14","1","2","1","4","1","","","N","01","3","00","3","0","2","5","3","N","N","40 04:31.580","75 09:49.712","9999","","9999","","0","","N","","3 ","","","","","","","","","","3","2","0","0","0","0","0","1","0","0","0","2","2","0","0","0","0","0","0","0","1","0","0","0","0","0","0","0","0","0","0","0","0","0","0","4","0","40.0754","-75.1638","","CRASH_2001_Philadelphia"
"2001243571","06","67","67301","67301","2001","05","5","1908","19","4","1","0","0","1","","","N","00","0","03","3","0","1","1","1","N","N","39 54:23.760","75 08:58.920","9999","","9999","","0","","N","","0 ","","","","","","","","","","1","0","1","0","0","0","0","0","0","0","1","0","1","0","0","0","0","0","0","0","0","0","0","0","0","0","0","0","0","0","0","0","0","0","0","3","0","39.9078","-75.1494","","CRASH_2001_Philadelphia"
"2001244893","06","67","67301","67301","2001","05","3","0141","01","3","1","0","9","1","","","N","00","0","00","3","0","1","1","2","N","N","","","9999","","9999","","0","","N","","0 ","","","","","","","","","","2","0","0","0","0","0","1","0","0","0","0","0","0","0","1","0","0","0","0","0","0","0","0","0","0","0","0","0","0","0","0","0","0","0","0","9","0","","","","CRASH_2001_Philadelphia"
"2001204594","06","67","67301","67301","2001","01","4","2338","23","3","1","0","5","1","","","N","00","0","01","3","0","0","3","3","N","N","39 58:31.080","75 11:39.840","9999","","9999","","0","","N","","0 ","","","","","","","","","","3","3","0","0","0","0","0","0","0","0","0","0","0","0","0","0","0","0","0","0","1","0","0","0","0","0","0","0","0","0","0","0","0","0","0","0","0","39.9753","-75.1944","","CRASH_2001_Philadelphia"
"2001210652","06","67","67301","67301","2001","02","6","2006","20","3","1","0","4","1","","","N","02","0","00","3","0","1","2","2","N","N","","","9999","","9999","","0","","N","","0 ","","","","","","","","","","2","1","1","0","0","0","0","0","0","0","0","1","1","0","0","0","0","0","0","0","0","1","0","0","0","0","0","0","0","0","0","0","0","0","0","4","0","","","","CRASH_2001_Philadelphia"
"2001214589","06","67","67301","67301","2001","02","1","0221","02","3","2","1","6","1","","","N","00","0","00","3","0","1","2","3","N","N","40 02:09.600","75 02:33.000","9999","","9999","","0","","N","","0 ","","","","","","","","","","3","1","0","0","1","0","0","0","0","0","0","1","1","0","0","0","0","0","0","0","0","0","0","0","0","0","0","0","0","0","0","0","0","0","0","4","0","40.036","-75.0424","","CRASH_2001_Philadelphia"
"2001231145","06","67","67301","67301","2001","03","1","0750","07","1","1","0","4","1","","","N","01","2","00","3","0","2","5","4","N","N","40 00:15.120","75 05:57.480","9999","","9999","","0","","N","","3 ","","","","","","","","","","4","3","0","0","0","0","0","0","0","0","0","2","2","0","0","0","0","0","0","0","1","0","0","0","0","0","0","0","0","0","0","0","0","0","0","4","0","40.0042","-75.0994","","CRASH_2001_Philadelphia"
"2001239088","06","67","67301","67301","2001","04","7","2050","20","3","2","0","1","1","","","N","00","0","00","3","0","2","4","2","N","N","40 06:52.200","74 59:17.160","9999","","9999","","0","","N","","0 ","","","","","","","","","","2","2","0","0","0","0","0","0","0","0","0","0","0","0","2","0","0","0","1","0","0","0","1","0","0","0","0","0","0","0","0","0","0","0","0","9","0","40.1144","-74.9881","","CRASH_2001_Philadelphia"
"2001006948","06","67","67301","67301","2001","05","3","2255","22","3","1","0","7","2","","","N","00","0","00","3","0","1","2","1","N","N","40 02:56.040","75 01:57.720","2305","","2300","","0","","N","","0 ","","","","","","","","","","1","1","0","0","0","0","0","0","0","0","0","1","1","0","0","0","0","0","0","0","0","0","0","0","0","0","0","0","0","0","0","0","0","0","0","4","0","40.049","-75.0326","","CRASH_2001_Philadelphia"
"2001207380","06","67","67301","67301","2001","01","6","1900","19","3","2","1","8","1","","","N","01","3","00","3","0","1","3","2","N","N","39 59:03.710","75 06:46.713","9999","","9999","","0","","N","","3 ","","","","","","","","","","1","1","0","0","0","0","0","0","0","0","0","1","1","0","0","0","0","0","0","0","0","0","0","0","0","0","0","0","0","0","0","0","1","0","0","4","0","39.9844","-75.113","","CRASH_2001_Philadelphia"
"2001209135","06","67","67301","67301","2001","01","4","0758","07","1","5","6","7","5","","","N","00","0","00","3","0","1","1","1","N","N","","","9999","","9999","","0","","N","","0 ","","","","","","","","","","1","1","0","0","0","0","0","0","0","0","0","1","1","0","0","0","0","0","0","0","0","0","0","0","0","0","0","0","0","0","0","0","0","0","0","4","0","","","","CRASH_2001_Philadelphia"
"2001210696","06","67","67301","67301","2001","02","2","1711","17","4","1","0","4","1","","","N","01","3","00","3","0","1","2","2","N","N","40 00:48.862","75 04:59.620","9999","","9999","","0","","N","","3 ","","","","","","","","","","2","2","0","0","0","0","0","0","0","0","0","1","1","0","0","0","0","0","0","0","0","0","0","0","0","0","0","0","0","0","0","0","0","0","0","4","0","40.0136","-75.0832","","CRASH_2001_Philadelphia"
"2001008596","06","67","67301","67301","2001","05","6","1820","18","4","1","0","4","1","","","N","01","3","00","3","0","0","4","2","N","N","39 59:40.673","75 05:40.311","1840","","1830","","0","","N","","3 ","","","","","","","","","","2","2","0","0","0","0","0","0","0","0","0","0","0","0","0","0","0","0","1","0","0","0","0","0","0","0","0","0","0","0","0","0","0","0","0","0","0","39.9946","-75.0945","","CRASH_2001_Philadelphia"
"2001217197","06","67","67301","67301","2001","03","3","9999","99","1","4","1","7","5","","","N","00","0","00","3","0","2","2","1","N","N","40 00:55.440","75 09:00.000","9999","","9999","","0","","N","","0 ","","","","","","","","","","1","0","0","1","0","0","0","0","0","0","2","0","2","0","0","0","0","0","0","0","1","0","0","0","0","0","0","0","0","0","0","0","0","0","0","3","1","40.0154","-75.1499","","CRASH_2001_Philadelphia"
"2001207352","06","67","67301","67301","2001","01","5","0930","09","1","1","0","8","1","","","N","01","2","00","3","0","1","2","2","N","N","39 57:09.720","75 10:00.840","9999","","9999","","0","","N","","3 ","","","","","","","","","","1","0","0","0","1","0","0","0","0","0","1","0","1","0","0","0","0","0","0","0","0","0","0","0","0","0","0","0","0","0","0","0","1","0","0","3","0","39.9528","-75.1669","","CRASH_2001_Philadelphia"
"2001211793","06","67","67301","67301","2001","02","4","1520","15","1","2","1","7","5","","","N","01","2","00","3","0","0","1","1","N","N","","","9999","","9999","","0","","N","","3 ","","","","","","","","","","1","0","0","0","0","0","1","0","0","0","0","0","0","0","0","0","0","0","0","0","0","0","0","0","0","0","0","0","0","0","0","0","0","0","0","0","0","","","","CRASH_2001_Philadelphia"
"2001210738","06","67","67301","67301","2001","02","6","1330","13","1","1","0","1","1","","","N","01","2","00","3","0","2","5","3","N","N","40 02:13.920","75 04:24.960","9999","","9999","","0","","N","","3 ","","","","","","","","","","3","3","0","0","0","0","0","0","0","0","1","1","2","0","0","0","0","0","0","0","1","1","1","1","0","0","0","0","0","0","0","0","0","0","0","3","0","40.0373","-75.0736","","CRASH_2001_Philadelphia"
"2001223824","06","67","67301","67301","2001","03","2","0010","00","3","1","0","7","5","","","N","00","0","00","3","0","2","2","1","N","N","40 02:04.560","75 04:23.880","9999","","9999","","0","","N","","0 ","","","","","","","","","","1","1","0","0","0","0","0","0","0","0","0","2","2","0","0","0","0","0","1","0","0","0","0","0","0","0","0","0","0","0","0","0","0","0","0","4","0","40.0347","-75.0732","","CRASH_2001_Philadelphia"
"2001238188","06","67","67301","67301","2001","04","2","2022","20","3","2","1","1","1","","","N","01","2","00","3","0","1","3","2","N","N","","","9999","","9999","","0","","N","","3 ","","","","","","","","","","2","1","0","0","0","0","0","1","0","0","1","0","1","0","0","0","0","0","0","0","0","0","0","0","0","0","0","0","0","0","0","0","0","0","0","3","0","","","","CRASH_2001_Philadelphia"
"2001240204","06","67","67301","67301","2001","04","3","0839","08","1","1","0","4","1","","","N","01","2","00","3","0","2","3","2","N","N","","","9999","","9999","","0","","N","","3 ","","","","","","","","","","2","2","0","0","0","0","0","0","0","0","2","0","2","0","0","0","0","0","0","0","0","1","0","0","0","0","0","0","0","0","0","0","0","0","0","3","0","","","","CRASH_2001_Philadelphia"
"2001214327","06","67","67301","67301","2001","02","4","1151","11","1","1","0","4","1","","","N","02","0","00","3","0","1","3","2","N","N","40 01:15.240","75 08:55.320","9999","","9999","","0","","N","","0 ","","","","","","","","","","2","1","0","0","0","1","0","0","0","0","0","0","0","0","1","0","0","0","0","0","0","0","0","0","0","0","0","0","0","0","0","0","0","0","0","9","0","40.0208","-75.1486","","CRASH_2001_Philadelphia"
"2001205999","06","67","67301","67301","2001","01","3","0800","08","1","1","5","1","1","","","N","01","3","00","3","0","0","2","2","N","N","","","9999","","9999","","0","","N","","3 ","","","","","","","","","","2","0","0","0","1","0","1","0","0","0","0","0","0","0","0","0","0","0","0","0","0","0","0","0","0","0","0","0","0","0","0","0","0","0","0","0","0","","","","CRASH_2001_Philadelphia"
"2001233212","06","67","67301","67301","2001","03","1","0000","00","3","1","0","8","1","","","N","02","0","00","3","0","1","2","2","N","N","40 02:20.745","75 03:04.388","9999","","9999","","0","","N","","0 ","","","","","","","","","","1","0","0","0","0","0","1","0","0","0","0","1","1","0","0","0","0","0","0","0","0","0","0","0","0","0","0","0","0","0","0","0","1","0","0","4","0","40.0391","-75.0512","","CRASH_2001_Philadelphia"
"2001240972","06","67","67301","67301","2001","04","1","0355","03","3","1","0","7","1","","","N","00","0","00","3","0","0","2","1","N","N","39 53:30.120","75 14:15.360","9999","","9999","","0","","N","","0 ","","","","","","","","","","1","1","0","0","0","0","0","0","0","0","0","0","0","0","0","0","0","0","0","0","0","0","0","0","0","0","0","0","0","0","0","0","0","0","0","0","0","39.8917","-75.2375","","CRASH_2001_Philadelphia"
"2001215458","06","67","67301","67301","2001","03","2","1143","11","1","3","5","4","1","","","N","01","3","00","3","0","1","3","3","N","N","","","9999","","9999","","0","","N","","3 ","","","","","","","","","","2","1","0","0","0","0","0","0","0","1","0","0","1","0","0","0","0","0","0","0","0","0","1","0","0","0","0","0","0","0","0","0","1","0","1","2","0","","","","CRASH_2001_Philadelphia"
"2001007126","06","67","67301","67301","2001","05","5","1809","18","1","1","0","2","1","","","N","00","0","00","3","0","2","3","2","N","N","40 01:33.349","75 11:59.862","1810","","1809","","0","","N","","0 ","","","","","","","","","","2","2","0","0","0","0","0","0","0","0","2","0","2","0","0","0","0","0","0","0","0","0","0","0","0","0","0","0","0","0","0","0","0","0","0","3","0","40.026","-75.1998","","CRASH_2001_Philadelphia"
"2001207657","06","67","67301","67301","2001","01","5","1445","14","1","1","0","1","1","","","N","01","2","00","3","0","1","2","2","N","N","40 00:54.720","75 10:11.640","9999","","9999","","0","","N","","3 ","","","","","","","","","","2","2","0","0","0","0","0","0","0","0","0","1","1","0","0","0","0","0","0","0","0","0","0","0","0","0","0","0","0","0","0","0","0","0","0","4","0","40.0152","-75.1699","","CRASH_2001_Philadelphia"
"2001210725","06","67","67301","67301","2001","02","2","2000","20","3","1","0","4","1","","","N","01","2","00","3","0","2","6","2","N","N","40 03:07.920","75 00:29.160","9999","","9999","","0","","N","","3 ","","","","","","","","","","2","1","0","0","1","0","0","0","0","0","0","0","0","0","2","0","0","0","0","0","0","0","0","0","0","0","0","0","0","0","0","0","0","0","0","9","0","40.0523","-75.008","","CRASH_2001_Philadelphia"
"2001239028","06","67","67301","67301","2001","04","3","2301","23","3","1","0","8","1","","","N","00","0","00","3","0","1","2","2","N","N","","","9999","","9999","","0","","N","","0 ","","","","","","","","","","1","0","0","0","0","0","0","1","0","0","0","1","1","0","0","0","0","0","0","0","0","0","0","0","0","0","0","0","0","0","0","0","1","0","0","4","0","","","","CRASH_2001_Philadelphia"
"2001240184","06","67","67301","67301","2001","04","5","2105","21","3","1","0","1","1","","","N","02","9","00","3","0","2","2","2","N","N","40 03:47.160","75 09:43.200","9999","","9999","","0","","N","","9 ","","","","","","","","","","2","1","0","0","1","0","0","0","0","0","0","0","0","0","2","0","0","0","0","0","0","0","0","0","0","0","0","0","0","0","0","0","0","0","0","9","0","40.0631","-75.162","","CRASH_2001_Philadelphia"
"2001243744","06","67","67301","67301","2001","05","3","0150","01","3","1","0","7","5","","","N","00","0","00","3","0","1","1","1","N","N","40 00:54.720","75 12:28.080","9999","","9999","","0","","N","","0 ","","","","","","","","","","1","1","0","0","0","0","0","0","0","0","0","1","1","0","0","0","0","0","0","0","0","0","0","0","0","0","0","0","0","0","0","0","0","0","0","4","0","40.0153","-75.208","","CRASH_2001_Philadelphia"
"2001204552","06","67","67301","67301","2001","01","2","1455","14","1","2","0","8","1","","","N","00","0","00","3","0","1","2","3","N","N","","","9999","","9999","","0","","N","","0 ","","","","","","","","","","2","0","0","0","0","0","0","0","0","0","1","0","1","0","0","0","0","0","0","0","0","0","0","0","0","0","0","0","0","0","0","0","1","0","0","3","0","","","","CRASH_2001_Philadelphia"
"2001205984","06","67","67301","67301","2001","01","2","0530","05","3","2","1","1","1","","","N","05","2","00","3","0","0","2","2","N","N","39 58:09.480","75 08:22.200","9999","","9999","","0","","N","","3 ","","","","","","","","","","2","1","0","0","0","0","0","0","0","0","0","0","0","0","0","0","0","0","0","0","0","0","0","0","0","0","0","0","0","0","0","0","0","0","0","0","0","39.9695","-75.1395","","CRASH_2001_Philadelphia"
"2001215712","06","67","67301","67301","2001","02","2","1421","14","1","1","0","4","1","","","N","01","2","00","3","0","3","3","2","N","N","39 59:35.880","75 05:49.200","9999","","9999","","0","","N","","3 ","","","","","","","","","","2","1","0","0","0","0","0","1","0","0","0","3","3","0","0","0","0","0","0","0","0","0","0","0","0","0","0","0","0","0","0","0","0","0","0","4","0","39.9934","-75.097","","CRASH_2001_Philadelphia"
"2001223953","06","67","67301","67301","2001","03","7","1750","17","4","2","1","4","1","","","N","02","2","00","3","0","2","3","2","N","N","40 03:16.920","75 00:37.080","9999","","9999","","0","","N","","3 ","","","","","","","","","","2","1","0","0","1","0","0","0","0","0","0","2","2","0","0","0","0","0","0","0","0","0","0","0","0","0","0","0","0","0","0","0","0","0","0","4","0","40.0547","-75.0103","","CRASH_2001_Philadelphia"
"2001233194","06","67","67301","67301","2001","04","1","0600","06","3","2","1","1","1","","","N","01","2","00","3","0","0","2","2","N","N","40 01:39.360","75 06:35.640","9999","","9999","","0","","N","","3 ","","","","","","","","","","2","2","0","0","0","0","0","0","0","0","0","0","0","0","0","0","0","0","0","0","1","0","0","0","0","0","0","0","0","0","0","0","0","0","0","0","0","40.0277","-75.11","","CRASH_2001_Philadelphia"
"2001007165","06","67","67301","67501","2001","05","6","2050","20","3","1","0","4","1","","","N","01","2","00","3","0","1","4","2","N","N","","","2058","","2053","","0","","N","","3 ","","","","","","","","","","2","2","0","0","0","0","0","0","0","0","0","1","1","0","0","0","0","0","0","0","0","0","0","0","0","0","0","0","0","0","0","0","0","0","0","4","0","","","","CRASH_2001_Philadelphia"
"2001209005","06","67","67301","67301","2001","02","7","0641","06","1","1","0","9","1","","","N","00","0","00","3","0","2","3","2","N","N","","","9999","","9999","","0","","N","","0 ","","","","","","","","","","2","1","0","0","0","0","0","0","0","0","2","0","2","0","0","0","0","0","0","0","0","0","0","0","0","0","0","0","0","0","0","0","0","0","0","3","0","","","","CRASH_2001_Philadelphia"
"2001210750","06","67","67301","67301","2001","02","3","1600","16","1","1","5","9","1","","","N","00","0","00","3","0","0","1","2","N","N","","","9999","","9999","","0","","N","","0 ","","","","","","","","","","2","0","0","0","0","0","1","0","0","0","0","0","0","0","0","0","0","0","0","0","0","0","0","0","0","0","0","0","0","0","0","0","0","0","0","0","0","","","","CRASH_2001_Philadelphia"
"2001215503","06","67","67301","67301","2001","03","3","1145","11","1","1","1","1","1","","","N","01","2","00","3","0","1","3","2","N","N","39 55:26.040","75 09:57.600","9999","","9999","","0","","N","","3 ","","","","","","","","","","2","2","0","0","0","0","0","0","0","0","0","1","1","0","0","0","0","0","0","0","0","1","0","0","0","0","0","0","0","0","0","0","0","0","0","4","0","39.9239","-75.166","","CRASH_2001_Philadelphia"
"2001215694","06","67","67301","67301","2001","03","5","0840","08","1","1","0","1","1","","","N","01","2","00","3","0","1","3","3","N","N","40 03:50.400","75 05:00.600","9999","","9999","","0","","N","","3 ","","","","","","","","","","3","1","0","0","2","0","0","0","0","0","0","1","1","0","0","0","0","0","0","0","1","1","0","0","0","0","0","0","0","0","0","0","0","0","0","4","0","40.0637","-75.0835","","CRASH_2001_Philadelphia"