"CRN","DISTRICT","COUNTY","MUNICIPALITY","POLICE_AGCY","CRASH_YEAR","CRASH_MONTH","DAY_OF_WEEK","TIME_OF_DAY","HOUR_OF_DAY","ILLUMINATION","WEATHER","ROAD_CONDITION","COLLISION_TYPE","RELATION_TO_ROAD","WORK_ZONE_TYPE","WORK_ZONE_LOC","WORK_ZONE_IND","INTERSECT_TYPE","TCD_TYPE","LOCATION_TYPE","URBAN_RURAL","FATAL_COUNT","INJURY_COUNT","PERSON_COUNT","TOTAL_UNITS","SCH_BUS_IND","SCH_ZONE_IND","LATITUDE","LONGITUDE","ARRIVAL_TM","CONS_ZONE_SPD_LIM","DISPATCH_TM","EST_HRS_CLOSED","LANE_CLOSED","LN_CLOSE_DIR","NTFY_HIWY_MAINT","SPEC_JURIS_CD","TCD_FUNC_CD","TFC_DETOUR_IND","WORKERS_PRES","WZ_CLOSE_DETOUR","WZ_FLAGGER","WZ_LAW_OFFCR_IND","WZ_LN_CLOSURE","WZ_MOVING","WZ_OTHER","WZ_SHLDER_MDN","VEHICLE_COUNT","AUTOMOBILE_COUNT","MOTORCYCLE_COUNT","BUS_COUNT","SMALL_TRUCK_COUNT","HEAVY_TRUCK_COUNT","SUV_COUNT","VAN_COUNT","BICYCLE_COUNT","MAJ_INJ_COUNT","MOD_INJ_COUNT","MIN_INJ_COUNT","TOT_INJ_COUNT","UNK_INJ_DEG_COUNT","UNK_INJ_PER_COUNT","DRIVER_COUNT_16YR","DRIVER_COUNT_17YR","DRIVER_COUNT_18YR","DRIVER_COUNT_19YR","DRIVER_COUNT_20YR","DRIVER_COUNT_50_64YR","DRIVER_COUNT_65_74YR","DRIVER_COUNT_75PLUS","UNBELTED_OCC_COUNT","UNB_DEATH_COUNT","UNB_MAJ_INJ_COUNT","BELTED_DEATH_COUNT","BELTED_MAJ_INJ_COUNT","MCYCLE_DEATH_COUNT","MCYCLE_MAJ_INJ_COUNT","BICYCLE_DEATH_COUNT","BICYCLE_MAJ_INJ_COUNT","PED_COUNT","PED_DEATH_COUNT","PED_MAJ_INJ_COUNT","MAX_SEVERITY_LEVEL","COMM_VEH_COUNT","DEC_LAT","DEC_LONG","RDWY_SURF_TYPE_CD","COUNTY_YEAR"
"2001233473","06","67","67301","67301","2001","03","3","9999","99","1","1","0","4","1","","","N","01","3","00","3","0","1","2","2","N","N","40 02:40.920","75 07:17.040","9999","","9999","","0","","N","","3 ","","","","","","","","","","2","2","0","0","0","0","0","0","0","0","0","0","0","0","1","0","0","0","0","0","0","0","0","0","0","0","0","0","0","0","0","0","0","0","0","9","0","40.0447","-75.1214","","CRASH_2001_Philadelphia"
"2001204634","06","67","67301","67301","2001","01","6","1924","19","3","4","1","7","1","","","N","00","0","00","3","0","4","4","1","N","N","40 06:53.640","74 59:15.360","9999","","9999","","0","","N","","0 ","","","","","","","","","","1","0","0","0","0","0","1","0","0","0","3","0","3","0","1","0","0","0","0","1","0","0","0","0","0","0","0","0","0","0","0","0","0","0","0","3","0","40.1147","-74.9875","","CRASH_2001_Philadelphia"
"2001205995","06","67","67301","67301","2001","01","2","1450","14","1","2","1","4","1","","","N","01","0","00","3","0","0","2","2","N","N","","","9999","","9999","","0","","N","","0 ","","","","","","","","","","2","2","0","0","0","0","0","0","0","0","0","0","0","0","0","0","0","0","0","0","0","0","0","1","0","0","0","0","0","0","0","0","0","0","0","0","0","","","","CRASH_2001_Philadelphia"
"2001207466","06","67","67301","67301","2001","01","6","1720","17","3","1","0","1","1","","","N","00","0","00","3","0","1","2","2","N","N","","","9999","","9999","","0","","N","","0 ","","","","","","","","","","2","1","0","0","0","0","1","0","0","0","0","0","0","0","1","0","0","0","0","0","1","0","0","0","0","0","0","0","0","0","0","0","0","0","0","9","0","","","","CRASH_2001_Philadelphia"
"2001238255","06","67","67301","67301","2001","04","3","1640","16","1","1","0","4","1","","","N","01","3","00","3","0","1","2","2","N","N","","","9999","","9999","","0","","N","","3 ","","","","","","","","","","2","2","0","0","0","0","0","0","0","0","0","1","1","0","0","0","0","0","0","0","0","0","0","0","0","0","0","0","0","0","0","0","0","0","0","4","0","","","","CRASH_2001_Philadelphia"
"2001200297","06","67","67301","67301","2001","01","6","1255","12","1","4","1","4","1","","","N","01","2","00","3","0","0","2","2","N","N","40 03:50.400","75 05:00.600","9999","","9999","","0","","N","","3 ","","","","","","","","","","2","2","0","0","0","0","0","0","0","0","0","0","0","0","0","0","1","0","0","0","0","0","0","0","0","0","0","0","0","0","0","0","0","0","0","0","0","40.0638","-75.0835","","CRASH_2001_Philadelphia"
"2001209072","06","67","67301","67301","2001","01","5","1417","14","1","4","1","4","1","","","N","01","2","00","3","0","4","4","2","N","N","40 01:41.880","75 07:12.360","9999","","9999","","0","","N","","3 ","","","","","","","","","","2","2","0","0","0","0","0","0","0","0","0","1","1","0","3","0","0","0","0","0","0","0","0","2","0","0","0","0","0","0","0","0","0","0","0","4","0","40.0283","-75.1201","","CRASH_2001_Philadelphia"
"2001216891","06","67","67301","67301","2001","03","4","0824","08","1","1","0","1","1","","","N","01","2","00","3","0","1","2","2","N","N","40 04:10.200","74 58:52.320","9999","","9999","","0","","N","","3 ","","","","","","","","","","2","2","0","0","0","0","0","0","0","0","0","0","0","0","1","0","0","1","0","0","0","0","0","0","0","0","0","0","0","0","0","0","0","0","0","9","0","40.0695","-74.9815","","CRASH_2001_Philadelphia"
"2001240017","06","67","67301","67301","2001","04","5","1420","14","1","1","0","4","1","","","N","01","2","00","3","0","2","2","2","N","N","39 59:49.920","75 05:22.560","9999","","9999","","0","","N","","3 ","","","","","","","","","","2","1","0","0","0","0","1","0","0","0","0","2","2","0","0","0","0","0","0","0","0","1","0","0","0","0","0","0","0","0","0","0","0","0","0","4","0","39.9974","-75.0895","","CRASH_2001_Philadelphia"
"2001213160","06","67","67301","67301","2001","02","7","0045","00","3","2","1","9","1","","","N","00","0","00","3","0","0","1","3","N","N","","","9999","","9999","","0","","N","","0 ","","","","","","","","","","3","0","0","0","0","0","1","0","0","0","0","0","0","0","0","0","0","0","0","0","0","0","0","0","0","0","0","0","0","0","0","0","0","0","0","0","0","","","","CRASH_2001_Philadelphia"
"2001238987","06","67","67301","67301","2001","04","4","1630","16","1","2","1","4","1","","","N","01","2","00","3","0","2","2","2","N","N","39 55:28.560","75 13:59.520","9999","","9999","","0","","N","","3 ","","","","","","","","","","2","2","0","0","0","0","0","0","0","0","0","2","2","0","0","0","0","0","0","0","0","0","0","0","0","0","0","0","0","0","0","0","0","0","0","4","0","39.9246","-75.2331","","CRASH_2001_Philadelphia"
"2001240891","06","67","67301","67301","2001","04","1","1230","12","1","1","0","4","1","","","N","01","2","00","3","0","1","3","2","N","N","40 01:46.560","75 06:12.600","9999","","9999","","0","","N","","3 ","","","","","","","","","","2","1","0","1","0","0","0","0","0","0","0","1","1","0","0","0","0","0","0","0","0","0","0","0","0","0","0","0","0","0","0","0","0","0","0","4","1","40.0296","-75.1039","","CRASH_2001_Philadelphia"
"2001007421","06","67","67301","67301","2001","05","1","0111","01","3","2","1","1","1","","","N","07","0","02","3","0","2","2","2","N","N","39 59:20.760","75 12:23.400","0120","","0111","1","1","3","N","","0 ","N","","","","","","","","","2","2","0","0","0","0","0","0","0","0","0","2","2","0","0","0","0","0","0","0","0","0","0","0","0","0","0","0","0","0","0","0","0","0","0","4","0","39.9891","-75.2066","","CRASH_2001_Philadelphia"
"2001210777","06","67","67301","67301","2001","02","4","1540","15","1","1","0","4","1","","","N","01","3","00","3","0","1","2","2","N","N","40 01:25.849","75 07:25.874","9999","","9999","","0","","N","","3 ","","","","","","","","","","2","2","0","0","0","0","0","0","0","0","0","1","1","0","0","0","0","0","1","0","0","0","0","1","0","0","0","0","0","0","0","0","0","0","0","4","0","40.0238","-75.1239","","CRASH_2001_Philadelphia"
"2001211395","06","67","67301","67301","2001","02","1","0645","06","5","1","0","4","1","","","N","01","2","00","3","0","1","2","2","N","N","39 57:33.480","75 13:51.960","9999","","9999","","0","","N","","3 ","","","","","","","","","","2","2","0","0","0","0","0","0","0","0","1","0","1","0","0","0","0","0","0","0","0","0","0","1","0","0","0","0","0","0","0","0","0","0","0","3","0","39.9593","-75.2311","","CRASH_2001_Philadelphia"
"2001207607","06","67","67301","67301","2001","01","2","0700","07","5","6","1","8","1","","","N","00","0","00","3","0","1","2","2","N","N","39 54:14.760","75 14:26.160","9999","","9999","","0","","N","","0 ","","","","","","","","","","1","0","0","0","0","0","0","1","0","0","1","0","1","0","0","0","0","0","0","0","0","0","0","0","0","0","0","0","0","0","0","0","1","0","0","3","0","39.9041","-75.2403","","CRASH_2001_Philadelphia"
"2001211377","06","67","67301","67301","2001","02","6","0815","08","1","1","0","8","1","","","N","01","3","00","3","0","1","2","2","N","N","","","9999","","9999","","0","","N","","3 ","","","","","","","","","","1","1","0","0","0","0","0","0","0","0","0","1","1","0","0","0","0","0","0","0","0","0","0","0","0","0","0","0","0","0","0","0","1","0","0","4","0","","","","CRASH_2001_Philadelphia"
"2001019523","06","67","67301","67301","2001","06","7","1120","11","1","1","0","4","1","","","N","01","3","00","3","0","1","2","2","N","N","40 04:28.264","75 09:59.050","1136","","1124","","0","","N","","3 ","","","","","","","","","","2","2","0","0","0","0","0","0","0","0","0","1","1","0","0","0","0","0","0","0","0","0","0","0","0","0","0","0","0","0","0","0","0","0","0","4","0","40.0745","-75.1664","","CRASH_2001_Philadelphia"
"2001207462","06","67","67301","67301","2001","01","2","1510","15","1","1","3","9","1","","","N","00","0","00","3","0","1","1","2","N","N","","","9999","","9999","","0","","N","","0 ","","","","","","","","","","2","1","0","0","0","0","0","0","0","0","0","0","0","0","1","0","0","0","0","0","0","0","0","0","0","0","0","0","0","0","0","0","0","0","0","9","0","","","","CRASH_2001_Philadelphia"
"2001214351","06","67","67301","67301","2001","02","4","1540","15","1","1","0","8","1","","","N","01","3","00","3","0","1","2","2","N","N","","","9999","","9999","","0","","N","","3 ","","","","","","","","","","1","1","0","0","0","0","0","0","0","0","0","1","1","0","0","0","0","0","0","0","0","0","0","0","0","0","0","0","0","0","0","0","1","0","0","4","0","","","","CRASH_2001_Philadelphia"
"2001215633","06","67","67301","67301","2001","02","5","1630","16","1","4","3","4","1","","","N","01","9","00","3","0","1","3","2","N","N","40 03:37.440","75 10:01.200","9999","","9999","","0","","N","","9 ","","","","","","","","","","2","1","0","0","0","0","1","0","0","0","0","0","0","0","1","0","0","0","0","0","0","0","0","0","0","0","0","0","0","0","0","0","0","0","0","9","0","40.0604","-75.167","","CRASH_2001_Philadelphia"
"2001233235","06","67","67301","67301","2001","04","7","1430","14","1","1","0","0","1","","","N","00","0","00","3","0","1","2","2","N","N","39 53:56.400","75 10:24.600","9999","","9999","","0","","N","","0 ","","","","","","","","","","2","0","1","0","0","1","0","0","0","0","0","1","1","0","0","0","0","0","0","1","0","0","0","0","0","0","0","0","0","0","0","0","0","0","0","4","0","39.8988","-75.1709","","CRASH_2001_Philadelphia"
"2001214565","06","67","67301","67301","2001","02","4","1050","10","1","1","0","1","1","","","N","10","0","00","3","0","0","2","3","N","N","39 58:10.426","75 12:08.513","9999","","9999","","0","","N","","0 ","","","","","","","","","","3","1","0","0","0","0","0","0","0","0","0","0","0","0","0","0","1","0","0","0","0","0","0","0","0","0","0","0","0","0","0","0","0","0","0","0","0","39.9696","-75.2024","","CRASH_2001_Philadelphia"
"2001223807","06","67","67301","67301","2001","03","7","2155","21","3","1","1","4","1","","","N","05","2","02","3","0","0","2","2","N","N","39 57:25.560","75 09:09.000","9999","","9999","","0","","N","","3 ","","","","","","","","","","2","2","0","0","0","0","0","0","0","0","0","0","0","0","0","0","0","0","0","1","0","0","0","0","0","0","0","0","0","0","0","0","0","0","0","0","0","39.9573","-75.1523","","CRASH_2001_Philadelphia"
"2001233365","06","67","67301","67301","2001","04","3","2042","20","3","2","1","6","1","","","N","00","0","00","3","0","0","2","2","N","N","","","9999","","9999","","0","","N","","0 ","","","","","","","","","","2","2","0","0","0","0","0","0","0","0","0","0","0","0","0","0","0","0","0","0","0","0","0","0","0","0","0","0","0","0","0","0","0","0","0","0","0","","","","CRASH_2001_Philadelphia"
"2001204109","06","67","67301","67301","2001","01","3","1050","10","1","1","6","1","1","","","N","00","0","00","3","0","1","2","2","N","N","","","9999","","9999","","0","","N","","0 ","","","","","","","","","","2","2","0","0","0","0","0","0","0","0","0","1","1","0","0","0","0","0","1","0","0","0","0","0","0","0","0","0","0","0","0","0","0","0","0","4","0","","","","CRASH_2001_Philadelphia"
"2001207344","06","67","67301","67301","2001","01","4","1320","13","1","1","0","1","1","","","N","00","0","00","3","0","1","2","2","N","N","","","9999","","9999","","0","","N","","0 ","","","","","","","","","","2","1","0","0","0","0","1","0","0","0","0","0","0","0","1","0","0","0","0","0","0","0","0","0","0","0","0","0","0","0","0","0","0","0","0","9","0","","","","CRASH_2001_Philadelphia"
"2001212893","06","67","67301","67301","2001","02","2","0045","00","3","1","1","4","1","","","N","01","2","00","3","0","1","2","2","N","N","39 57:38.880","75 08:35.520","9999","","9999","","0","","N","","3 ","","","","","","","","","","2","2","0","0","0","0","0","0","0","0","0","0","0","0","1","0","0","1","0","0","0","0","0","0","0","0","0","0","0","0","0","0","0","0","0","9","0","39.9608","-75.1432","","CRASH_2001_Philadelphia"
"2001216928","06","67","67301","67301","2001","03","2","2330","23","3","2","1","4","1","","","N","01","2","00","3","0","2","4","2","N","N","39 57:32.400","75 13:01.200","9999","","9999","","0","","N","","3 ","","","","","","","","","","2","2","0","0","0","0","0","0","0","0","0","2","2","0","0","0","0","0","0","0","0","0","0","0","0","0","0","0","0","0","0","0","0","0","0","4","0","39.959","-75.217","","CRASH_2001_Philadelphia"
"2001216992","06","67","67301","67301","2001","03","7","1647","16","1","1","0","5","1","","","N","00","0","00","3","0","0","2","2","N","N","","","9999","","9999","","0","","N","","0 ","","","","","","","","","","2","1","0","1","0","0","0","0","0","0","0","0","0","0","0","0","0","0","0","0","0","0","0","0","0","0","0","0","0","0","0","0","0","0","0","0","1","","","","CRASH_2001_Philadelphia"
"2001231125","06","67","67301","67301","2001","03","4","2302","23","3","2","1","9","1","","","N","00","0","00","3","0","1","1","3","N","N","","","9999","","9999","","0","","N","","0 ","","","","","","","","","","3","1","0","0","0","0","0","0","0","0","1","0","1","0","0","0","0","0","0","0","0","0","0","0","0","0","0","0","0","0","0","0","0","0","0","3","0","","","","CRASH_2001_Philadelphia"
"2001016737","06","67","67301","67301","2001","05","1","2212","22","2","2","1","4","1","","","N","01","2","00","3","0","1","2","2","N","N","40 04:27.120","75 02:04.920","2211","","2211","","0","","N","","3 ","","","","","","","","","","1","1","0","0","0","0","0","0","1","0","0","1","1","0","0","0","0","0","0","0","0","0","0","0","0","0","0","0","0","0","0","0","0","0","0","4","0","40.0746","-75.0351","","CRASH_2001_Philadelphia"
"2001016766","06","67","67301","67301","2001","06","7","2220","22","3","1","0","4","1","","","N","02","0","02","3","0","1","2","2","N","N","39 59:12.480","75 12:26.640","2230","","2220","2","1","1","N","","0 ","N","","","","","","","","","2","2","0","0","0","0","0","0","0","0","0","1","1","0","0","0","0","0","0","0","0","1","0","0","0","0","0","0","0","0","0","0","0","0","0","4","0","39.9867","-75.2076","","CRASH_2001_Philadelphia"
"2001207427","06","67","67301","67301","2001","01","2","0748","07","5","4","3","4","1","","","N","01","3","00","3","0","1","2","2","N","N","","","9999","","9999","","0","","N","","3 ","","","","","","","","","","2","1","0","0","0","0","1","0","0","0","0","1","1","0","0","0","0","1","0","0","0","0","0","0","0","0","0","0","0","0","0","0","0","0","0","4","0","","","","CRASH_2001_Philadelphia"
"2001216940","06","67","67301","67301","2001","03","3","1610","16","1","1","0","8","1","","","N","00","0","00","3","0","1","2","2","N","N","","","9999","","9999","","0","","N","","0 ","","","","","","","","","","1","1","0","0","0","0","0","0","0","0","0","1","1","0","0","0","0","0","0","0","0","0","0","0","0","0","0","0","0","0","0","0","1","0","0","4","0","","","","CRASH_2001_Philadelphia"
"2001231094","06","67","67301","67301","2001","03","1","1440","14","1","1","0","4","1","","","N","02","3","00","3","0","1","2","2","N","N","39 55:44.040","75 13:07.680","9999","","9999","","0","","N","","3 ","","","","","","","","","","1","1","0","0","0","0","0","0","1","0","0","1","1","0","0","0","0","0","0","0","0","0","0","0","0","0","0","0","0","0","0","0","0","0","0","4","0","39.929","-75.2188","","CRASH_2001_Philadelphia"
"2001233041","06","67","67301","67301","2001","04","7","1600","16","1","1","0","9","1","","","N","00","0","00","3","0","1","1","2","N","N","39 59:15.360","75 14:58.200","9999","","9999","","0","","N","","0 ","","","","","","","","","","2","1","0","0","0","0","0","0","0","0","0","0","0","0","1","0","0","0","0","0","0","0","0","0","0","0","0","0","0","0","0","0","0","0","0","9","0","39.9875","-75.2493","","CRASH_2001_Philadelphia"
"2001233389","06","67","67301","67301","2001","03","1","0751","07","3","1","0","4","1","","","N","01","2","00","3","0","3","3","2","N","N","","","9999","","9999","","0","","N","","3 ","","","","","","","","","","2","1","0","0","0","0","0","0","0","0","0","1","1","0","2","0","0","0","0","0","0","0","0","0","0","0","0","0","0","0","0","0","0","0","0","4","0","","","","CRASH_2001_Philadelphia"
"2001238221","06","67","67301","67301","2001","04","5","1739","17","1","1","0","4","1","","","N","01","3","00","3","0","1","2","2","N","N","40 02:50.604","75 09:23.324","9999","","9999","","0","","N","","3 ","","","","","","","","","","1","1","0","0","0","0","0","0","1","0","0","0","0","0","1","0","0","0","0","0","0","0","0","1","0","0","0","0","0","0","0","0","0","0","0","9","0","40.0474","-75.1565","","CRASH_2001_Philadelphia"
"2001244719","06","67","67301","67301","2001","05","3","1335","13","1","1","0","8","1","","","N","00","0","00","3","0","1","2","2","N","N","","","9999","","9999","","0","","N","","0 ","","","","","","","","","","1","0","0","0","0","0","0","1","0","0","0","1","1","0","0","0","0","0","0","0","0","0","0","0","0","0","0","0","0","0","0","0","1","0","0","4","0","","","","CRASH_2001_Philadelphia"
"2001244821","06","67","67301","67301","2001","05","3","0850","08","1","1","0","1","1","","","N","00","0","00","3","0","2","3","3","N","N","40 06:32.760","74 59:44.520","9999","","9999","","0","","N","","0 ","","","","","","","","","","3","3","0","0","0","0","0","0","0","0","0","2","2","0","0","0","0","0","0","0","0","0","1","0","0","0","0","0","0","0","0","0","0","0","0","4","0","40.1089","-74.9957","","CRASH_2001_Philadelphia"
"2001211721","06","67","67301","67301","2001","02","1","0345","03","3","1","0","4","1","","","N","01","3","00","3","0","0","2","2","N","N","","","9999","","9999","","0","","N","","3 ","","","","","","","","","","2","2","0","0","0","0","0","0","0","0","0","0","0","0","0","0","0","2","0","0","0","0","0","0","0","0","0","0","0","0","0","0","0","0","0","0","0","","","","CRASH_2001_Philadelphia"
"2001231566","06","67","67301","67301","2001","03","7","1143","11","1","1","0","8","1","","","N","00","0","00","3","0","1","2","2","N","N","39 59:55.320","75 07:51.600","9999","","9999","","0","","N","","0 ","","","","","","","","","","1","0","0","0","0","0","0","1","0","0","1","0","1","0","0","0","0","0","0","0","0","0","0","0","0","0","0","0","0","0","0","0","1","0","0","3","0","39.9987","-75.131","","CRASH_2001_Philadelphia"
"2001233461","06","67","67301","67301","2001","03","2","1528","15","1","1","0","8","1","","","N","01","1","00","3","0","1","2","2","N","N","40 01:34.320","75 10:09.120","9999","","9999","","0","","N","","3 ","","","","","","","","","","1","1","0","0","0","0","0","0","0","0","1","0","1","0","0","0","0","0","0","0","0","0","0","0","0","0","0","0","0","0","0","0","1","0","0","3","0","40.0262","-75.1692","","CRASH_2001_Philadelphia"
"2001238382","06","67","67301","67301","2001","01","3","1325","13","1","2","1","5","1","","","N","00","0","00","3","0","0","2","2","N","N","40 00:38.160","75 11:04.560","9999","","9999","","0","","N","","0 ","","","","","","","","","","2","1","0","0","0","1","0","0","0","0","0","0","0","0","0","0","0","0","0","0","0","0","0","0","0","0","0","0","0","0","0","0","0","0","0","0","1","40.0108","-75.1841","","CRASH_2001_Philadelphia"
"2001204682","06","67","67301","67301","2001","01","2","1155","11","1","2","1","8","1","","","N","01","3","00","3","0","1","2","2","N","N","","","9999","","9999","","0","","N","","3 ","","","","","","","","","","1","1","0","0","0","0","0","0","0","0","0","1","1","0","0","0","0","0","0","0","0","0","0","0","0","0","0","0","0","0","0","0","1","0","0","4","0","","","","CRASH_2001_Philadelphia"
"2001216931","06","67","67301","67301","2001","03","2","1404","14","1","1","0","7","2","","","N","00","0","00","3","0","1","1","1","N","N","","","9999","","9999","","0","","N","","0 ","","","","","","","","","","1","1","0","0","0","0","0","0","0","0","0","1","1","0","0","0","0","0","0","0","0","0","0","0","0","0","0","0","0","0","0","0","0","0","0","4","0","","","","CRASH_2001_Philadelphia"
"2001007223","06","67","67301","67301","2001","06","6","0856","08","1","1","0","4","1","","","N","01","2","00","3","0","4","4","2","N","N","40 04:27.120","75 02:04.920","0900","","0858","2","2","2","N","","3 ","Y","","","","","","","","","2","2","0","0","0","0","0","0","0","1","3","0","4","0","0","0","0","0","0","0","0","1","0","0","0","0","0","0","0","0","0","0","0","0","0","2","0","40.0745","-75.035","","CRASH_2001_Philadelphia"
"2001204636","06","67","67301","67301","2001","01","6","1325","13","1","4","3","1","1","","","N","00","0","07","3","0","2","3","2","N","N","","","9999","","9999","","0","","N","","0 ","","","","","","","","","","2","1","0","0","0","1","0","0","0","0","0","0","0","0","2","0","0","0","0","0","0","0","0","0","0","0","0","0","0","0","0","0","0","0","0","9","0","","","","CRASH_2001_Philadelphia"
"2001211387","06","67","67301","67301","2001","02","2","0657","06","1","1","0","4","1","","","N","01","2","00","3","0","5","5","2","N","N","39 57:45.360","75 14:48.120","9999","","9999","","0","","N","","3 ","","","","","","","","","","2","2","0","0","0","0","0","0","0","0","0","2","2","0","3","0","0","0","0","0","1","0","0","0","0","0","0","0","0","0","0","0","0","0","0","4","0","39.9627","-75.2467","","CRASH_2001_Philadelphia"
"2001008628","06","67","67301","67301","2001","05","3","0930","09","1","2","1","1","1","","","N","00","0","00","3","0","0","5","5","N","N","40 00:24.000","75 07:16.400","0947","","0947","","0","","N","","0 ","","","","","","","","","","5","4","0","1","0","0","0","0","0","0","0","0","0","0","0","0","0","0","0","0","2","0","0","0","0","0","0","0","0","0","0","0","0","0","0","0","1","40.0067","-75.1212","","CRASH_2001_Philadelphia"
"2001016957","06","67","67301","67301","2001","05","5","1401","14","1","1","0","4","1","","","N","00","0","00","3","0","1","3","2","N","N","40 02:17.520","75 04:04.440","1401","","1401","","0","","N","","0 ","","","","","","","","","","2","2","0","0","0","0","0","0","0","0","1","0","1","0","0","0","0","0","0","0","0","1","0","0","0","0","0","0","0","0","0","0","0","0","0","3","0","40.0383","-75.0678","","CRASH_2001_Philadelphia"
"2001211493","06","67","67301","67301","2001","02","3","1824","18","1","9","9","5","1","","","N","00","0","00","3","0","1","3","3","N","N","40 01:09.480","75 10:27.480","9999","","9999","","0","","N","","0 ","","","","","","","","","","3","1","0","0","0","0","0","1","0","0","0","1","1","0","0","0","0","0","0","0","0","0","0","0","0","0","0","0","0","0","0","0","0","0","0","4","0","40.0192","-75.1741","","CRASH_2001_Philadelphia"
"2001213172","06","67","67301","67301","2001","02","6","2150","21","3","1","1","1","1","","","N","02","0","00","3","0","1","3","2","N","N","40 05:40.315","74 58:49.573","9999","","9999","","0","","N","","0 ","","","","","","","","","","2","2","0","0","0","0","0","0","0","0","0","1","1","0","0","0","0","0","0","0","0","0","0","0","0","0","0","0","0","0","0","0","0","0","0","4","0","40.0945","-74.9804","","CRASH_2001_Philadelphia"
"2001007434","06","67","67301","67301","2001","05","7","0125","01","3","1","0","7","4","","","N","00","0","02","3","0","0","1","1","N","N","39 59:53.880","75 04:51.960","0130","","0122","1","1","1","Y","","0 ","N","","","","","","","","","1","1","0","0","0","0","0","0","0","0","0","0","0","0","0","0","0","0","0","0","0","0","0","0","0","0","0","0","0","0","0","0","0","0","0","0","0","39.9959","-75.0828","","CRASH_2001_Philadelphia"
"2001211791","06","67","67301","67301","2001","02","4","1900","19","3","2","0","1","1","","","N","00","0","00","3","0","0","2","2","N","N","39 53:56.400","75 10:29.280","9999","","9999","","0","","N","","0 ","","","","","","","","","","2","1","0","0","0","0","0","0","0","0","0","0","0","0","0","0","0","0","0","0","0","0","0","0","0","0","0","0","0","0","0","0","0","0","0","0","0","39.8993","-75.1656","","CRASH_2001_Philadelphia"
"2001214255","06","67","67301","67301","2001","02","5","1400","14","1","4","1","8","1","","","N","01","2","00","3","0","1","2","2","N","N","39 57:29.880","75 09:43.560","9999","","9999","","0","","N","","3 ","","","","","","","","","","1","0","0","0","0","0","0","1","0","0","0","1","1","0","0","0","0","0","0","0","1","0","0","0","0","0","0","0","0","0","0","0","1","0","0","4","0","39.9584","-75.1623","","CRASH_2001_Philadelphia"
"2001238933","06","67","67301","67301","2001","04","1","1425","14","1","1","0","8","1","","","N","00","0","00","3","0","1","2","2","N","N","39 58:50.520","75 13:17.040","9999","","9999","","0","","N","","0 ","","","","","","","","","","1","1","0","0","0","0","0","0","0","0","1","0","1","0","0","0","0","0","0","0","0","0","0","0","0","0","0","0","0","0","0","0","1","0","0","3","0","39.9807","-75.2214","","CRASH_2001_Philadelphia"
"2001007008","06","67","67301","67301","2001","05","2","1308","13","1","2","1","5","1","","","N","01","2","00","3","0","1","3","2","N","N","39 57:31.320","75 12:50.400","1313","","1308","","0","","N","","3 ","","","","","","","","","","2","2","0","0","0","0","0","0","0","0","0","1","1","0","0","0","0","0","0","0","0","0","0","0","0","0","0","0","0","0","0","0","0","0","0","4","0","39.9587","-75.214","","CRASH_2001_Philadelphia"
"2001214205","06","67","67301","67301","2001","02","3","1020","10","1","1","0","8","1","","","N","00","0","00","3","0","1","2","2","N","N","","","9999","","9999","","0","","N","","0 ","","","","","","","","","","1","1","0","0","0","0","0","0","0","0","1","0","1","0","0","0","0","0","0","0","0","0","1","1","0","0","0","0","0","0","0","0","1","0","0","3","0","","","","CRASH_2001_Philadelphia"
"2001215695","06","67","67301","67301","2001","01","5","1100","11","1","1","0","1","1","","","N","00","0","00","3","0","1","2","2","N","N","39 58:31.440","75 11:24.000","9999","","9999","","0","","N","","0 ","","","","","","","","","","2","1","0","0","0","0","0","1","0","0","0","1","1","0","0","0","0","0","0","0","0","1","0","0","0","0","0","0","0","0","0","0","0","0","0","4","0","39.9755","-75.1901","","CRASH_2001_Philadelphia"
"2001205983","06","67","67301","67301","2001","01","2","0100","01","3","2","1","9","1","","","N","00","0","00","3","0","0","1","3","N","N","","","9999","","9999","","0","","N","","0 ","","","","","","","","","","3","1","0","0","0","0","0","0","0","0","0","0","0","0","0","0","0","0","0","0","0","0","0","0","0","0","0","0","0","0","0","0","0","0","0","0","0","","","","CRASH_2001_Philadelphia"
"2001223921","06","67","67301","67301","2001","02","1","0305","03","3","1","0","4","1","","","N","02","3","00","3","0","3","4","2","N","N","39 58:49.576","75 05:20.303","9999","","9999","","0","","N","","3 ","","","","","","","","","","2","2","0","0","0","0","0","0","0","0","0","1","1","0","2","0","0","0","0","1","0","0","0","0","0","0","0","0","0","0","0","0","0","0","0","4","0","39.9804","-75.089","","CRASH_2001_Philadelphia"
"2001244970","06","67","67301","67301","2001","05","1","1645","16","1","1","0","4","1","","","N","01","3","00","3","0","0","2","2","N","N","","","9999","","9999","","0","","N","","3 ","","","","","","","","","","2","2","0","0","0","0","0","0","0","0","0","0","0","0","0","0","0","0","1","0","0","0","0","0","0","0","0","0","0","0","0","0","0","0","0","0","0","","","","CRASH_2001_Philadelphia"