"CRN","DISTRICT","COUNTY","MUNICIPALITY","POLICE_AGCY","CRASH_YEAR","CRASH_MONTH","DAY_OF_WEEK","TIME_OF_DAY","HOUR_OF_DAY","ILLUMINATION","WEATHER","ROAD_CONDITION","COLLISION_TYPE","RELATION_TO_ROAD","WORK_ZONE_TYPE","WORK_ZONE_LOC","WORK_ZONE_IND","INTERSECT_TYPE","TCD_TYPE","LOCATION_TYPE","URBAN_RURAL","FATAL_COUNT","INJURY_COUNT","PERSON_COUNT","TOTAL_UNITS","SCH_BUS_IND","SCH_ZONE_IND","LATITUDE","LONGITUDE","ARRIVAL_TM","CONS_ZONE_SPD_LIM","DISPATCH_TM","EST_HRS_CLOSED","LANE_CLOSED","LN_CLOSE_DIR","NTFY_HIWY_MAINT","SPEC_JURIS_CD","TCD_FUNC_CD","TFC_DETOUR_IND","WORKERS_PRES","WZ_CLOSE_DETOUR","WZ_FLAGGER","WZ_LAW_OFFCR_IND","WZ_LN_CLOSURE","WZ_MOVING","WZ_OTHER","WZ_SHLDER_MDN","VEHICLE_COUNT","AUTOMOBILE_COUNT","MOTORCYCLE_COUNT","BUS_COUNT","SMALL_TRUCK_COUNT","HEAVY_TRUCK_COUNT","SUV_COUNT","VAN_COUNT","BICYCLE_COUNT","MAJ_INJ_COUNT","MOD_INJ_COUNT","MIN_INJ_COUNT","TOT_INJ_COUNT","UNK_INJ_DEG_COUNT","UNK_INJ_PER_COUNT","DRIVER_COUNT_16YR","DRIVER_COUNT_17YR","DRIVER_COUNT_18YR","DRIVER_COUNT_19YR","DRIVER_COUNT_20YR","DRIVER_COUNT_50_64YR","DRIVER_COUNT_65_74YR","DRIVER_COUNT_75PLUS","UNBELTED_OCC_COUNT","UNB_DEATH_COUNT","UNB_MAJ_INJ_COUNT","BELTED_DEATH_COUNT","BELTED_MAJ_INJ_COUNT","MCYCLE_DEATH_COUNT","MCYCLE_MAJ_INJ_COUNT","BICYCLE_DEATH_COUNT","BICYCLE_MAJ_INJ_COUNT","PED_COUNT","PED_DEATH_COUNT","PED_MAJ_INJ_COUNT","MAX_SEVERITY_LEVEL","COMM_VEH_COUNT","DEC_LAT","DEC_LONG","RDWY_SURF_TYPE_CD","COUNTY_YEAR"
"2001207324","06","67","67301","67301","2001","01","7","1230","12","1","2","1","8","1","","","N","00","0","07","3","0","1","2","2","N","N","","","9999","","9999","","0","","N","","0 ","","","","","","","","","","1","0","0","0","0","0","0","1","0","0","1","0","1","0","0","0","0","0","0","0","0","0","0","0","0","0","0","0","0","0","0","0","1","0","0","3","0","","","","CRASH_2001_Philadelphia"
"2001208981","06","67","67301","67301","2001","01","3","2120","21","3","1","0","1","1","","","N","06","0","02","3","0","1","2","2","N","N","39 56:42.720","75 11:24.720","9999","","9999","","0","","N","","0 ","","","","","","","","","","2","1","0","0","0","0","0","0","0","0","0","0","0","0","1","0","0","0","1","0","0","0","0","0","0","0","0","0","0","0","0","0","0","0","0","9","0","39.9452","-75.1902","","CRASH_2001_Philadelphia"
"2001209102","06","67","67301","67301","2001","01","4","1430","14","1","1","0","4","1","","","N","01","3","00","3","0","0","2","2","N","N","39 57:45.720","75 12:14.400","9999","","9999","","0","","N","","3 ","","","","","","","","","","2","2","0","0","0","0","0","0","0","0","0","0","0","0","0","0","0","0","0","0","1","0","0","0","0","0","0","0","0","0","0","0","0","0","0","0","0","39.9627","-75.2039","","CRASH_2001_Philadelphia"
"2001209136","06","67","67301","67301","2001","02","6","0759","07","1","1","0","4","1","","","N","02","3","00","3","0","3","3","2","N","N","40 01:46.560","75 12:22.320","9999","","9999","","0","","N","","3 ","","","","","","","","","","2","2","0","0","0","0","0","0","0","0","0","3","3","0","0","0","0","0","0","0","0","0","0","0","0","0","0","0","0","0","0","0","0","0","0","4","0","40.0296","-75.2063","","CRASH_2001_Philadelphia"
"2001215651","06","67","67301","67301","2001","02","6","1510","15","1","2","1","4","1","","","N","01","3","00","3","0","2","2","2","N","N","40 00:01.710","75 10:07.395","9999","","9999","","0","","N","","3 ","","","","","","","","","","2","1","0","0","0","0","1","0","0","0","0","2","2","0","0","0","0","0","0","0","0","0","0","0","0","0","0","0","0","0","0","0","0","0","0","4","0","40.0005","-75.1687","","CRASH_2001_Philadelphia"
"2001233327","06","67","67301","67301","2001","03","5","1024","10","1","1","0","4","1","","","N","01","2","00","3","0","1","3","2","N","N","39 59:00.600","75 06:56.160","9999","","9999","","0","","N","","3 ","","","","","","","","","","2","2","0","0","0","0","0","0","0","0","0","1","1","0","0","0","0","0","0","0","0","0","0","1","0","0","0","0","0","0","0","0","0","0","0","4","0","39.9835","-75.1156","","CRASH_2001_Philadelphia"
"2001238053","06","67","67301","67301","2001","04","5","1840","18","1","1","0","4","1","","","N","02","0","00","3","0","1","2","2","N","N","","","9999","","9999","","0","","N","","0 ","","","","","","","","","","1","1","0","0","0","0","0","0","1","0","0","0","0","0","1","0","0","0","0","0","0","0","0","0","0","0","0","0","0","0","0","0","0","0","0","9","0","","","","CRASH_2001_Philadelphia"
"2001240035","06","67","67301","67301","2001","04","4","0955","09","1","1","0","4","1","","","N","01","3","00","3","0","1","3","2","N","N","","","9999","","9999","","0","","N","","3 ","","","","","","","","","","2","2","0","0","0","0","0","0","0","0","0","1","1","0","0","0","0","0","0","0","0","0","0","0","0","0","0","0","0","0","0","0","0","0","0","4","0","","","","CRASH_2001_Philadelphia"
"2001207371","06","67","67301","67301","2001","01","3","1610","16","1","1","0","8","1","","","N","00","0","00","3","0","2","2","2","N","N","","","9999","","9999","","0","","N","","0 ","","","","","","","","","","1","1","0","0","0","0","0","0","0","0","0","1","1","0","1","0","0","0","0","0","0","0","0","0","0","0","0","0","0","0","0","0","1","0","0","4","0","","","","CRASH_2001_Philadelphia"
"2001223900","06","67","67301","67301","2001","03","2","2125","21","3","2","1","4","1","","","N","02","2","00","3","0","1","4","2","N","N","40 01:24.456","75 09:37.253","9999","","9999","","0","","N","","3 ","","","","","","","","","","2","1","0","0","0","0","0","0","0","0","0","0","0","0","1","0","0","0","0","0","1","0","0","0","0","0","0","0","0","0","0","0","0","0","0","9","0","40.0235","-75.1603","","CRASH_2001_Philadelphia"
"2001233165","06","67","67301","67301","2001","04","2","1300","13","1","1","0","8","1","","","N","01","2","00","3","0","1","2","2","N","N","40 01:45.840","75 02:12.480","9999","","9999","","0","","N","","3 ","","","","","","","","","","1","1","0","0","0","0","0","0","0","0","1","0","1","0","0","0","0","0","0","0","0","0","0","0","0","0","0","0","0","0","0","0","1","0","0","3","0","40.0289","-75.0342","","CRASH_2001_Philadelphia"
"2001238160","06","67","67301","67301","2001","04","6","1409","14","1","2","1","4","1","","","N","01","2","00","3","0","5","6","3","N","N","40 01:31.800","75 07:20.640","9999","","9999","","0","","N","","3 ","","","","","","","","","","3","1","0","0","0","0","1","1","0","0","0","5","5","0","0","0","0","0","0","0","0","0","1","0","0","0","0","0","0","0","0","0","0","0","0","4","0","40.0254","-75.1227","","CRASH_2001_Philadelphia"
"2001238903","06","67","67301","67301","2001","04","1","1635","16","1","1","0","1","1","","","N","00","0","00","3","0","0","2","2","N","N","","","9999","","9999","","0","","N","","0 ","","","","","","","","","","2","1","0","0","1","0","0","0","0","0","0","0","0","0","0","0","0","1","0","1","0","0","0","2","0","0","0","0","0","0","0","0","0","0","0","0","0","","","","CRASH_2001_Philadelphia"
"2001243686","06","67","67301","67301","2001","05","7","1400","14","1","1","0","4","1","","","N","01","1","00","3","0","1","3","2","N","N","","","9999","","9999","","0","","N","","3 ","","","","","","","","","","2","2","0","0","0","0","0","0","0","0","0","1","1","0","0","0","0","0","0","0","0","0","0","0","0","0","0","0","0","0","0","0","0","0","0","4","0","","","","CRASH_2001_Philadelphia"
"2001204164","06","67","67301","67301","2001","01","4","1832","18","3","1","0","8","1","","","N","01","2","00","3","0","1","2","2","N","N","40 00:03.960","75 07:29.280","9999","","9999","","0","","N","","3 ","","","","","","","","","","1","0","0","0","0","0","0","0","0","0","1","0","1","0","0","0","0","0","0","0","0","0","0","0","0","0","0","0","0","0","0","0","1","0","0","3","0","40.0011","-75.1247","","CRASH_2001_Philadelphia"
"2001207645","06","67","67301","67301","2001","01","6","2353","23","3","1","0","7","1","","","N","00","0","00","3","0","1","2","1","N","N","40 01:00.840","75 05:00.600","9999","","9999","","0","","N","","0 ","","","","","","","","","","1","1","0","0","0","0","0","0","0","0","0","1","1","0","0","0","0","1","0","0","0","0","0","0","0","0","0","0","0","0","0","0","0","0","0","4","0","40.0169","-75.0835","","CRASH_2001_Philadelphia"
"2001210591","06","67","67301","67301","2001","02","5","0900","09","1","1","0","4","1","","","N","01","0","00","3","0","0","2","2","N","N","40 01:00.822","75 03:12.329","9999","","9999","","0","","N","","0 ","","","","","","","","","","2","2","0","0","0","0","0","0","0","0","0","0","0","0","0","0","0","0","1","0","0","0","0","0","0","0","0","0","0","0","0","0","0","0","0","0","0","40.0169","-75.0534","","CRASH_2001_Philadelphia"
"2001223823","06","67","67301","67301","2001","03","7","2153","21","3","2","1","9","1","","","N","00","0","00","3","0","3","3","3","N","N","","","9999","","9999","","0","","N","","0 ","","","","","","","","","","3","1","0","0","0","0","0","0","0","0","0","0","0","0","3","0","0","0","0","0","0","0","0","0","0","0","0","0","0","0","0","0","0","0","0","9","0","","","","CRASH_2001_Philadelphia"
"2001231227","06","67","67301","67301","2001","03","5","1818","18","1","1","0","7","5","","","N","00","0","00","3","0","1","1","1","N","N","","","9999","","9999","","0","","N","","0 ","","","","","","","","","","1","1","0","0","0","0","0","0","0","0","0","0","0","0","1","0","1","0","0","0","0","0","0","0","0","0","0","0","0","0","0","0","0","0","0","9","0","","","","CRASH_2001_Philadelphia"
"2001233075","06","67","67301","67301","2001","04","4","1237","12","1","1","0","9","1","","","N","00","0","00","3","0","2","2","2","N","N","","","9999","","9999","","0","","N","","0 ","","","","","","","","","","2","1","0","0","0","0","0","0","0","0","0","2","2","0","0","0","0","0","0","0","0","1","0","2","0","0","0","0","0","0","0","0","0","0","0","4","0","","","","CRASH_2001_Philadelphia"
"2001244701","06","67","67301","67301","2001","03","3","0219","02","3","1","0","4","1","","","N","01","2","00","3","0","2","2","2","N","N","39 59:02.400","75 07:53.400","9999","","9999","","0","","N","","3 ","","","","","","","","","","2","2","0","0","0","0","0","0","0","0","1","1","2","0","0","0","0","0","0","0","0","0","0","0","0","0","0","0","0","0","0","0","0","0","0","3","0","39.9838","-75.1314","","CRASH_2001_Philadelphia"
"2001007376","06","67","67301","67301","2001","06","6","1025","10","1","1","0","8","1","","","N","01","2","00","3","0","1","2","2","N","N","39 59:50.040","75 10:48.987","1033","","1029","","0","","N","","3 ","","","","","","","","","","1","1","0","0","0","0","0","0","0","0","0","1","1","0","0","0","0","0","0","0","0","0","0","0","0","0","0","0","0","0","0","0","1","0","0","4","0","39.9973","-75.1802","","CRASH_2001_Philadelphia"
"2001207676","06","67","67301","67301","2001","01","4","0127","01","3","1","0","4","1","","","N","01","2","00","3","0","2","3","2","N","N","40 00:38.808","75 07:35.921","9999","","9999","","0","","N","","3 ","","","","","","","","","","2","2","0","0","0","0","0","0","0","0","0","2","2","0","0","0","0","1","0","0","0","0","0","0","0","0","0","0","0","0","0","0","0","0","0","4","0","40.0108","-75.1266","","CRASH_2001_Philadelphia"
"2001217043","06","67","67301","67301","2001","03","7","0115","01","3","1","0","1","1","","","N","01","2","00","3","0","0","2","2","N","N","39 57:16.920","75 11:40.200","9999","","9999","","0","","N","","3 ","","","","","","","","","","2","2","0","0","0","0","0","0","0","0","0","0","0","0","0","0","0","0","1","0","0","0","0","0","0","0","0","0","0","0","0","0","0","0","0","0","0","39.9547","-75.1944","","CRASH_2001_Philadelphia"
"2001239123","06","67","67301","67301","2001","04","4","0901","09","1","1","0","1","1","","","N","02","7","00","3","0","1","2","2","N","N","40 07:20.334","75 00:47.260","9999","","9999","","0","","N","","3 ","","","","","","","","","","2","1","0","0","0","0","0","1","0","0","0","1","1","0","0","0","0","0","0","0","1","0","0","0","0","0","0","0","0","0","0","0","0","0","0","4","0","40.1223","-75.0131","","CRASH_2001_Philadelphia"
"2001239148","06","67","67301","67301","2001","04","2","1626","16","1","1","0","8","1","","","N","00","0","00","3","0","1","2","2","N","N","","","9999","","9999","","0","","N","","0 ","","","","","","","","","","1","1","0","0","0","0","0","0","0","0","0","1","1","0","0","0","0","0","0","0","0","0","0","0","0","0","0","0","0","0","0","0","1","0","0","4","0","","","","CRASH_2001_Philadelphia"
"2001248801","06","67","67301","67301","2001","05","3","0103","01","3","1","0","4","1","","","N","01","2","00","3","0","2","2","2","N","N","39 59:51.514","75 08:48.199","9999","","9999","","0","","N","","3 ","","","","","","","","","","2","2","0","0","0","0","0","0","0","0","1","0","1","0","1","0","0","0","0","0","0","0","0","0","0","0","0","0","0","0","0","0","0","0","0","3","0","39.9976","-75.1467","","CRASH_2001_Philadelphia"
"2001204166","06","67","67301","67301","2001","01","5","0237","02","3","1","5","9","1","","","N","00","0","00","3","0","0","1","2","N","N","","","9999","","9999","","0","","N","","0 ","","","","","","","","","","2","1","0","0","0","0","0","0","0","0","0","0","0","0","0","0","0","0","0","0","0","0","0","0","0","0","0","0","0","0","0","0","0","0","0","0","0","","","","CRASH_2001_Philadelphia"
"2001207679","06","67","67301","67301","2001","01","5","1400","14","1","1","0","4","1","","","N","01","3","00","3","0","1","2","2","N","N","40 01:46.297","75 05:01.039","9999","","9999","","0","","N","","3 ","","","","","","","","","","1","1","0","0","0","0","0","0","1","0","0","1","1","0","0","0","0","0","0","0","0","0","0","0","0","0","0","0","0","0","0","0","0","0","0","4","0","40.0295","-75.0836","","CRASH_2001_Philadelphia"
"2001233131","06","67","67301","67301","2001","03","7","2234","22","3","1","0","7","5","","","N","00","0","00","3","0","2","2","1","N","N","39 59:37.320","75 11:58.560","9999","","9999","","0","","N","","0 ","","","","","","","","","","1","1","0","0","0","0","0","0","0","0","1","1","2","0","0","0","0","1","0","0","0","0","0","2","0","0","0","0","0","0","0","0","0","0","0","3","0","39.9937","-75.1996","","CRASH_2001_Philadelphia"
"2001234537","06","67","67301","67301","2001","04","2","1640","16","1","1","0","4","1","","","N","00","0","07","3","0","6","6","2","N","N","39 54:50.400","75 09:01.800","9999","","9999","","0","","N","","0 ","","","","","","","","","","2","2","0","0","0","0","0","0","0","0","0","0","0","0","6","0","1","0","0","0","0","0","0","0","0","0","0","0","0","0","0","0","0","0","0","9","0","39.9141","-75.1505","","CRASH_2001_Philadelphia"
"2001239924","06","67","67301","67301","2001","04","5","0755","07","1","2","1","4","1","","","N","01","2","00","3","0","6","6","2","N","N","40 04:57.327","74 57:57.675","9999","","9999","","0","","N","","3 ","","","","","","","","","","2","1","0","0","0","0","0","1","0","0","0","0","0","0","6","0","0","0","0","0","0","0","0","0","0","0","0","0","0","0","0","0","0","0","0","9","0","40.0826","-74.966","","CRASH_2001_Philadelphia"
"2001243516","06","67","67301","67301","2001","04","2","2010","20","3","1","0","5","1","","","N","01","3","00","3","0","1","2","2","N","N","39 55:59.365","75 11:20.903","9999","","9999","","0","","N","","3 ","","","","","","","","","","1","1","0","0","0","0","0","0","1","0","0","1","1","0","0","0","0","0","0","0","1","0","0","0","0","0","0","0","0","0","0","0","0","0","0","4","0","39.9332","-75.1891","","CRASH_2001_Philadelphia"
"2001211431","06","67","67301","67301","2001","02","4","1251","12","1","1","0","4","1","","","N","01","2","00","3","0","2","2","2","N","N","40 04:50.160","75 01:42.240","9999","","9999","","0","","N","","3 ","","","","","","","","","","2","1","0","0","0","0","1","0","0","0","0","2","2","0","0","0","0","0","0","0","0","1","1","0","0","0","0","0","0","0","0","0","0","0","0","4","0","40.0807","-75.0285","","CRASH_2001_Philadelphia"
"2001214309","06","67","67301","67301","2001","02","1","0705","07","1","1","0","9","1","","","N","00","0","00","3","0","0","1","2","N","N","39 59:47.760","75 06:13.320","9999","","9999","","0","","N","","0 ","","","","","","","","","","2","1","0","0","0","0","0","0","0","0","0","0","0","0","0","0","0","0","0","0","0","0","0","0","0","0","0","0","0","0","0","0","0","0","0","0","0","39.9966","-75.1037","","CRASH_2001_Philadelphia"
"2001231193","06","67","67301","67301","2001","03","3","1515","15","1","1","0","7","5","","","N","00","0","00","3","0","1","1","1","N","N","","","9999","","9999","","0","","N","","0 ","","","","","","","","","","1","1","0","0","0","0","0","0","0","0","0","1","1","0","0","0","0","0","0","0","0","0","0","1","0","0","0","0","0","0","0","0","0","0","0","4","0","","","","CRASH_2001_Philadelphia"
"2001244766","06","67","67301","67301","2001","04","3","2300","23","3","1","0","8","1","","","N","00","0","00","3","0","1","2","2","N","N","","","9999","","9999","","0","","N","","0 ","","","","","","","","","","1","0","0","0","0","0","0","0","0","0","0","1","1","0","0","0","0","0","0","0","0","0","0","0","0","0","0","0","0","0","0","0","1","0","0","4","0","","","","CRASH_2001_Philadelphia"
"2001019626","06","67","67301","67301","2001","05","2","1210","12","1","1","0","1","1","","","N","00","2","06","3","0","1","3","2","N","N","40 06:06.840","75 00:21.960","1226","","1219","","0","","N","","3 ","","","","","","","","","","2","2","0","0","0","0","0","0","0","0","0","1","1","0","0","0","0","0","0","1","0","0","0","0","0","0","0","0","0","0","0","0","0","0","0","4","0","40.1017","-75.0062","","CRASH_2001_Philadelphia"
"2001213144","06","67","67301","67301","2001","02","1","0707","07","2","1","0","1","1","","","N","00","0","00","3","0","1","3","2","N","N","39 54:19.080","75 11:40.920","9999","","9999","","0","","N","","0 ","","","","","","","","","","2","2","0","0","0","0","0","0","0","0","0","1","1","0","0","0","0","0","0","0","0","0","1","0","0","0","0","0","0","0","0","0","0","0","0","4","0","39.9053","-75.1948","","CRASH_2001_Philadelphia"
"2001216912","06","67","67301","67301","2001","03","2","1108","11","1","3","1","8","1","","","N","01","2","00","3","0","1","2","2","N","N","","","9999","","9999","","0","","N","","3 ","","","","","","","","","","1","1","0","0","0","0","0","0","0","0","0","1","1","0","0","0","0","0","0","0","0","0","0","0","0","0","0","0","0","0","0","0","1","0","0","4","0","","","","CRASH_2001_Philadelphia"
"2001223856","06","67","67301","67301","2001","03","7","0145","01","3","1","0","4","1","","","N","05","9","00","3","0","2","2","2","N","N","40 01:21.720","75 09:32.400","9999","","9999","","0","","N","","9 ","","","","","","","","","","1","1","0","0","0","0","0","0","1","0","0","1","1","0","1","0","0","0","0","0","0","0","0","0","0","0","0","0","0","0","0","0","0","0","0","4","0","40.0227","-75.159","","CRASH_2001_Philadelphia"
"2001014301","06","67","67301","67301","2001","06","1","0217","02","2","2","1","5","1","","","N","00","0","00","3","0","0","2","2","N","N","40 03:25.200","75 02:03.120","0230","","0220","","0","","N","","0 ","","","","","","","","","","2","2","0","0","0","0","0","0","0","0","0","0","0","0","0","0","0","0","1","0","0","0","0","0","0","0","0","0","0","0","0","0","0","0","0","0","0","40.0571","-75.0343","","CRASH_2001_Philadelphia"
"2001015645","06","67","67301","67301","2001","09","4","1335","13","1","1","0","7","5","","","N","02","0","00","3","0","0","1","1","N","N","40 00:26.014","75 05:12.723","1130","","1120","","0","","N","","0 ","","","","","","","","","","1","1","0","0","0","0","0","0","0","0","0","0","0","0","0","1","0","0","0","0","0","0","0","0","0","0","0","0","0","0","0","0","0","0","0","0","0","40.0072","-75.0868","","CRASH_2001_Philadelphia"
"2001207852","06","67","67301","67301","2001","01","4","1125","11","1","2","0","1","1","","","N","00","0","00","3","0","2","4","2","N","N","","","9999","","9999","","0","","N","","0 ","","","","","","","","","","2","2","0","0","0","0","0","0","0","0","0","2","2","0","0","0","0","0","0","0","1","0","1","0","0","0","0","0","0","0","0","0","0","0","0","4","0","","","","CRASH_2001_Philadelphia"
"2001210713","06","67","67301","67301","2001","02","7","1945","19","3","1","0","1","1","","","N","06","0","02","3","0","1","2","2","N","N","39 56:54.240","75 11:08.880","9999","","9999","","0","","N","","0 ","","","","","","","","","","2","1","0","0","1","0","0","0","0","0","0","0","0","0","1","0","0","0","0","0","0","0","0","0","0","0","0","0","0","0","0","0","0","0","0","9","0","39.9493","-75.1844","","CRASH_2001_Philadelphia"
"2001216872","06","67","67301","67301","2001","03","7","1230","12","1","1","0","4","1","","","N","01","2","00","3","0","2","2","2","N","N","39 58:48.720","75 12:50.400","9999","","9999","","0","","N","","3 ","","","","","","","","","","2","2","0","0","0","0","0","0","0","0","0","0","0","0","2","0","0","0","0","0","0","0","0","0","0","0","0","0","0","0","0","0","0","0","0","9","0","39.9805","-75.2142","","CRASH_2001_Philadelphia"
"2001231148","06","67","67301","67301","2001","03","1","1454","14","1","1","0","4","1","","","N","01","2","00","3","0","2","5","3","N","N","39 59:49.560","75 05:22.560","9999","","9999","","0","","N","","3 ","","","","","","","","","","3","2","0","0","1","0","0","0","0","0","0","2","2","0","0","0","0","0","0","0","0","0","0","0","0","0","0","0","0","0","0","0","0","0","0","4","0","39.9974","-75.0895","","CRASH_2001_Philadelphia"
"2001233117","06","67","67301","67301","2001","03","7","0246","02","3","1","0","7","5","","","N","00","0","00","3","0","1","3","1","N","N","","","9999","","9999","","0","","N","","0 ","","","","","","","","","","1","1","0","0","0","0","0","0","0","0","0","1","1","0","0","0","0","0","0","0","0","0","0","0","0","0","0","0","0","0","0","0","0","0","0","4","0","","","","CRASH_2001_Philadelphia"
"2001016958","06","67","67301","67301","2001","05","7","1432","14","1","2","1","4","1","","","N","01","2","00","3","0","1","3","3","N","N","40 02:43.440","75 05:18.240","1559","","1555","","0","","N","","3 ","","","","","","","","","","3","3","0","0","0","0","0","0","0","0","0","1","1","0","0","0","0","0","0","1","1","0","0","0","0","0","0","0","0","0","0","0","0","0","0","4","0","40.0455","-75.0883","","CRASH_2001_Philadelphia"
"2001204641","06","67","67301","67301","2001","01","6","1745","17","3","1","1","1","1","","","N","00","0","00","3","0","2","2","2","N","N","39 57:58.680","75 11:12.840","9999","","9999","","0","","N","","0 ","","","","","","","","","","2","2","0","0","0","0","0","0","0","0","0","0","0","0","2","0","0","0","0","0","0","0","0","0","0","0","0","0","0","0","0","0","0","0","0","9","0","39.9662","-75.1868","","CRASH_2001_Philadelphia"
"2001204658","06","67","67301","67301","2001","01","2","0555","05","3","2","1","4","1","","","N","02","0","02","3","0","3","3","2","N","N","40 00:25.200","75 04:05.880","9999","","9999","","0","","N","","0 ","","","","","","","","","","2","2","0","0","0","0","0","0","0","0","3","0","3","0","0","0","0","0","0","0","1","0","0","0","0","0","0","0","0","0","0","0","0","0","0","3","0","40.0069","-75.0684","","CRASH_2001_Philadelphia"
"2001210711","06","67","67301","67301","2001","02","5","1430","14","1","1","0","4","1","","","N","01","3","00","3","0","1","3","2","N","N","40 01:08.040","75 02:58.560","9999","","9999","","0","","N","","3 ","","","","","","","","","","2","2","0","0","0","0","0","0","0","0","0","1","1","0","0","0","0","0","0","0","0","0","1","0","0","0","0","0","0","0","0","0","0","0","0","4","0","40.019","-75.0496","","CRASH_2001_Philadelphia"
"2001208947","06","67","67301","67301","2001","01","2","1300","13","1","1","0","1","1","","","N","01","2","00","3","0","1","2","2","N","N","39 55:49.440","75 10:05.880","9999","","9999","","0","","N","","3 ","","","","","","","","","","2","2","0","0","0","0","0","0","0","0","0","1","1","0","0","0","0","0","0","0","0","0","0","0","0","0","0","0","0","0","0","0","0","0","0","4","0","39.9305","-75.1684","","CRASH_2001_Philadelphia"
"2001210668","06","67","67301","67301","2001","01","5","0825","08","1","1","0","5","1","","","N","00","0","07","3","0","1","2","2","N","N","40 04:49.440","75 01:39.360","9999","","9999","","0","","N","","0 ","","","","","","","","","","2","1","0","0","0","1","0","0","0","0","0","1","1","0","0","0","0","0","0","0","1","0","0","0","0","0","0","0","0","0","0","0","0","0","0","4","1","40.0805","-75.0278","","CRASH_2001_Philadelphia"
"2001217017","06","67","67301","67301","2001","02","6","1420","14","1","4","3","5","1","","","N","01","2","00","3","0","1","4","2","N","N","39 58:07.320","75 08:10.320","9999","","9999","","0","","N","","3 ","","","","","","","","","","2","2","0","0","0","0","0","0","0","0","0","0","0","0","1","0","0","0","0","0","1","0","0","0","0","0","0","0","0","0","0","0","0","0","0","9","0","39.9687","-75.1362","","CRASH_2001_Philadelphia"
"2001233099","06","67","67301","67301","2001","04","7","0358","03","3","6","1","7","5","","","N","00","0","00","3","0","0","1","1","N","N","","","9999","","9999","","0","","N","","0 ","","","","","","","","","","1","1","0","0","0","0","0","0","0","0","0","0","0","0","0","0","0","0","0","0","0","0","0","0","0","0","0","0","0","0","0","0","0","0","0","0","0","","","","CRASH_2001_Philadelphia"
"2001008773","06","67","67301","67301","2001","05","2","2322","23","3","2","1","8","1","","","N","01","2","00","3","0","1","2","2","N","N","40 03:41.400","75 05:02.040","2342","","2337","","0","","N","","3 ","","","","","","","","","","1","1","0","0","0","0","0","0","0","0","0","1","1","0","0","0","0","0","0","0","0","0","0","0","0","0","0","0","0","0","0","0","1","0","0","4","0","40.0615","-75.0838","","CRASH_2001_Philadelphia"
"2001204676","06","67","67301","67301","2001","01","2","0745","07","3","4","1","8","1","","","N","02","0","00","3","0","1","2","2","N","N","40 02:35.520","75 13:38.640","9999","","9999","","0","","N","","0 ","","","","","","","","","","1","1","0","0","0","0","0","0","0","0","1","0","1","0","0","0","0","0","0","0","1","0","0","0","0","0","0","0","0","0","0","0","1","0","0","3","0","40.0432","-75.2274","","CRASH_2001_Philadelphia"
"2001206201","06","67","67301","67301","2001","01","6","0557","05","5","2","1","4","1","","","N","01","2","00","3","0","2","3","2","N","N","39 57:46.440","75 12:07.200","9999","","9999","","0","","N","","3 ","","","","","","","","","","2","1","0","0","1","0","0","0","0","0","2","0","2","0","0","0","0","0","0","0","0","0","0","0","0","0","0","0","0","0","0","0","0","0","0","3","0","39.9629","-75.2019","","CRASH_2001_Philadelphia"
"2001209029","06","67","67301","67301","2001","01","4","1559","15","1","1","1","4","1","","","N","00","0","07","3","0","1","2","2","N","N","39 54:04.680","75 13:31.080","9999","","9999","","0","","N","","0 ","","","","","","","","","","2","1","0","0","0","0","0","1","0","0","0","0","0","0","1","0","0","0","0","0","0","0","1","0","0","0","0","0","0","0","0","0","0","0","0","9","0","39.9013","-75.2253","","CRASH_2001_Philadelphia"
"2001010393","06","67","67301","67301","2001","06","4","1327","13","1","1","0","4","1","","","N","01","2","00","3","0","4","5","2","N","N","","","1333","","1328","","0","","N","","3 ","","","","","","","","","","2","1","0","0","1","0","0","0","0","0","2","2","4","0","0","0","0","0","0","1","0","0","0","0","0","0","0","0","0","0","0","0","0","0","0","3","0","","","","CRASH_2001_Philadelphia"
"2001205945","06","67","67301","67301","2001","01","2","2215","22","3","1","1","1","1","","","N","00","0","00","3","0","2","3","3","N","N","39 58:06.960","75 07:41.160","9999","","9999","","0","","N","","0 ","","","","","","","","","","3","2","0","0","0","0","0","1","0","0","0","1","1","0","1","0","0","0","0","0","0","0","0","2","0","0","0","0","0","0","0","0","0","0","0","4","0","39.9684","-75.1288","","CRASH_2001_Philadelphia"
"2001207469","06","67","67301","67301","2001","01","4","0740","07","1","1","3","1","1","","","N","00","0","00","3","0","0","3","3","N","N","40 03:36.000","75 01:06.960","9999","","9999","","0","","N","","0 ","","","","","","","","","","3","0","0","0","0","0","1","2","0","0","0","0","0","0","0","0","0","1","0","0","0","0","0","0","0","0","0","0","0","0","0","0","0","0","0","0","0","40.06","-75.0185","","CRASH_2001_Philadelphia"
"2001214356","06","67","67301","67301","2001","02","5","9999","99","1","1","0","4","1","","","N","01","2","00","3","0","0","3","3","N","N","40 00:35.640","75 09:21.960","9999","","9999","","0","","N","","3 ","","","","","","","","","","3","2","0","0","1","0","0","0","0","0","0","0","0","0","0","0","0","0","0","0","1","0","0","0","0","0","0","0","0","0","0","0","0","0","0","0","0","40.0099","-75.1561","","CRASH_2001_Philadelphia"