"CRN","DISTRICT","COUNTY","MUNICIPALITY","POLICE_AGCY","CRASH_YEAR","CRASH_MONTH","DAY_OF_WEEK","TIME_OF_DAY","HOUR_OF_DAY","ILLUMINATION","WEATHER","ROAD_CONDITION","COLLISION_TYPE","RELATION_TO_ROAD","WORK_ZONE_TYPE","WORK_ZONE_LOC","WORK_ZONE_IND","INTERSECT_TYPE","TCD_TYPE","LOCATION_TYPE","URBAN_RURAL","FATAL_COUNT","INJURY_COUNT","PERSON_COUNT","TOTAL_UNITS","SCH_BUS_IND","SCH_ZONE_IND","LATITUDE","LONGITUDE","ARRIVAL_TM","CONS_ZONE_SPD_LIM","DISPATCH_TM","EST_HRS_CLOSED","LANE_CLOSED","LN_CLOSE_DIR","NTFY_HIWY_MAINT","SPEC_JURIS_CD","TCD_FUNC_CD","TFC_DETOUR_IND","WORKERS_PRES","WZ_CLOSE_DETOUR","WZ_FLAGGER","WZ_LAW_OFFCR_IND","WZ_LN_CLOSURE","WZ_MOVING","WZ_OTHER","WZ_SHLDER_MDN","VEHICLE_COUNT","AUTOMOBILE_COUNT","MOTORCYCLE_COUNT","BUS_COUNT","SMALL_TRUCK_COUNT","HEAVY_TRUCK_COUNT","SUV_COUNT","VAN_COUNT","BICYCLE_COUNT","MAJ_INJ_COUNT","MOD_INJ_COUNT","MIN_INJ_COUNT","TOT_INJ_COUNT","UNK_INJ_DEG_COUNT","UNK_INJ_PER_COUNT","DRIVER_COUNT_16YR","DRIVER_COUNT_17YR","DRIVER_COUNT_18YR","DRIVER_COUNT_19YR","DRIVER_COUNT_20YR","DRIVER_COUNT_50_64YR","DRIVER_COUNT_65_74YR","DRIVER_COUNT_75PLUS","UNBELTED_OCC_COUNT","UNB_DEATH_COUNT","UNB_MAJ_INJ_COUNT","BELTED_DEATH_COUNT","BELTED_MAJ_INJ_COUNT","MCYCLE_DEATH_COUNT","MCYCLE_MAJ_INJ_COUNT","BICYCLE_DEATH_COUNT","BICYCLE_MAJ_INJ_COUNT","PED_COUNT","PED_DEATH_COUNT","PED_MAJ_INJ_COUNT","MAX_SEVERITY_LEVEL","COMM_VEH_COUNT","DEC_LAT","DEC_LONG","RDWY_SURF_TYPE_CD","COUNTY_YEAR"
"2001016747","06","67","67301","67301","2001","06","6","2330","23","3","2","1","4","1","","","N","01","2","02","3","0","1","5","2","N","N","39 57:27.006","75 09:44.240","2353","","2346","","0","","N","","3 ","","","","","","","","","","2","2","0","0","0","0","0","0","0","0","0","1","1","0","0","0","0","0","0","0","0","0","0","2","0","0","0","0","0","0","0","0","0","0","0","4","0","39.9578","-75.1623","","CRASH_2001_Philadelphia"
"2001244616","06","67","67301","67301","2001","05","7","0307","03","3","1","0","9","1","","","N","00","0","00","3","0","3","3","2","N","N","","","9999","","9999","","0","","N","","0 ","","","","","","","","","","2","1","0","0","0","0","0","0","0","0","0","3","3","0","0","0","0","0","0","0","0","0","0","0","0","0","0","0","0","0","0","0","0","0","0","4","0","","","","CRASH_2001_Philadelphia"
"2001248845","06","67","67301","67301","2001","05","4","2129","21","3","1","0","9","1","","","N","00","0","00","3","0","0","1","2","N","N","","","9999","","9999","","0","","N","","0 ","","","","","","","","","","2","1","0","0","0","0","0","0","0","0","0","0","0","0","0","0","0","0","0","0","0","0","0","0","0","0","0","0","0","0","0","0","0","0","0","0","0","","","","CRASH_2001_Philadelphia"
"2001007362","06","67","67301","67301","2001","05","1","1352","13","1","1","0","5","7","","","N","07","0","02","3","0","0","2","2","N","N","39 56:53.520","75 11:11.400","1354","","1352","","0","","N","","0 ","","","","","","","","","","2","2","0","0","0","0","0","0","0","0","0","0","0","0","0","0","0","0","0","0","0","0","0","0","0","0","0","0","0","0","0","0","0","0","0","0","0","39.9482","-75.1865","","CRASH_2001_Philadelphia"
"2001208969","06","67","67301","67301","2001","01","3","1530","15","1","1","0","5","1","","","N","00","0","00","3","0","4","5","2","N","N","40 02:08.520","75 04:51.960","9999","","9999","","0","","N","","0 ","","","","","","","","","","2","1","0","0","0","1","0","0","0","0","0","0","0","0","4","0","0","0","0","0","0","0","0","0","0","0","0","0","0","0","0","0","0","0","0","9","0","40.0357","-75.0811","","CRASH_2001_Philadelphia"
"2001007235","06","67","67301","67301","2001","06","1","1335","13","1","1","0","4","1","","","N","01","2","00","3","0","1","2","2","N","N","39 57:07.000","75 10:24.800","1338","","1337","","0","","N","","3 ","","","","","","","","","","1","1","0","0","0","0","0","0","0","0","0","1","1","0","0","0","0","0","0","0","0","0","0","0","0","0","0","0","0","0","0","0","1","0","0","4","0","39.9519","-75.1736","","CRASH_2001_Philadelphia"
"2001209107","06","67","67301","67301","2001","02","2","1208","12","1","4","3","7","1","","","N","00","0","00","3","0","4","4","1","N","N","39 59:20.400","75 12:59.400","9999","","9999","","0","","N","","0 ","","","","","","","","","","1","0","0","0","0","0","0","1","0","0","4","0","4","0","0","0","0","0","0","0","1","0","0","0","0","0","0","0","0","0","0","0","0","0","0","3","0","39.989","-75.2165","","CRASH_2001_Philadelphia"
"2001216939","06","67","67301","67301","2001","03","3","1650","16","1","1","0","8","1","","","N","01","9","00","3","0","1","2","2","N","N","39 58:08.040","75 09:36.000","9999","","9999","","0","","N","","9 ","","","","","","","","","","1","1","0","0","0","0","0","0","0","0","0","1","1","0","0","0","0","0","0","0","0","1","0","0","0","0","0","0","0","0","0","0","1","0","0","4","0","39.9694","-75.16","","CRASH_2001_Philadelphia"
"2001223881","06","67","67301","67301","2001","03","1","1220","12","1","2","1","1","1","","","N","01","2","00","3","0","2","4","2","N","N","","","9999","","9999","","0","","N","","3 ","","","","","","","","","","2","2","0","0","0","0","0","0","0","0","0","0","0","0","2","0","0","0","0","0","1","0","0","0","0","0","0","0","0","0","0","0","0","0","0","9","0","","","","CRASH_2001_Philadelphia"
"2001231113","06","67","67301","67301","2001","03","1","1350","13","1","1","0","1","1","","","N","01","2","00","3","0","0","2","2","N","N","39 56:05.280","75 08:32.640","9999","","9999","","0","","N","","3 ","","","","","","","","","","2","1","0","0","1","0","0","0","0","0","0","0","0","0","0","0","0","0","0","0","0","0","0","0","0","0","0","0","0","0","0","0","0","0","0","0","0","39.9348","-75.1426","","CRASH_2001_Philadelphia"
"2001231203","06","67","67301","67301","2001","03","7","0825","08","1","1","0","8","1","2","8","Y","00","0","00","3","0","1","2","2","N","N","39 57:18.720","75 11:53.880","9999","99","9999","","0","","N","","0 ","","U","","","U","","","","","1","0","0","0","0","0","0","0","0","0","0","1","1","0","0","0","0","0","0","0","0","0","0","0","0","0","0","0","0","0","0","0","1","0","0","4","0","39.9551","-75.1982","","CRASH_2001_Philadelphia"
"2001233447","06","67","67301","67301","2001","03","3","1622","16","1","4","0","9","1","","","N","00","0","00","3","0","1","1","3","N","N","","","9999","","9999","","0","","N","","0 ","","","","","","","","","","3","1","0","0","0","0","0","0","0","0","0","1","1","0","0","0","0","0","0","0","0","0","0","1","0","0","0","0","0","0","0","0","0","0","0","4","0","","","","CRASH_2001_Philadelphia"
"2001238927","06","67","67301","67301","2001","04","2","2345","23","2","1","9","1","1","","","N","07","0","02","3","0","0","2","2","N","N","39 59:11.400","75 12:27.720","9999","","9999","","0","","N","","0 ","","","","","","","","","","2","1","0","0","0","0","0","0","0","0","0","0","0","0","0","0","0","0","0","0","0","0","0","0","0","0","0","0","0","0","0","0","0","0","0","0","0","39.9866","-75.2079","","CRASH_2001_Philadelphia"
"2001200438","06","67","67301","67301","2001","01","1","1930","19","3","1","0","4","1","","","N","01","2","00","3","0","0","2","2","N","N","40 05:49.711","75 01:05.375","9999","","9999","","0","","N","","3 ","","","","","","","","","","2","2","0","0","0","0","0","0","0","0","0","0","0","0","0","0","1","0","0","0","1","0","0","0","0","0","0","0","0","0","0","0","0","0","0","0","0","40.0971","-75.0182","","CRASH_2001_Philadelphia"
"2001204140","06","67","67301","67301","2001","01","4","1825","18","3","1","0","8","1","","","N","01","3","00","3","0","1","2","2","N","N","40 01:28.840","75 10:14.087","9999","","9999","","0","","N","","3 ","","","","","","","","","","1","0","0","0","1","0","0","0","0","0","0","1","1","0","0","0","0","0","0","0","0","0","0","0","0","0","0","0","0","0","0","0","1","0","0","4","0","40.0247","-75.1706","","CRASH_2001_Philadelphia"
"2001211348","06","67","67301","67301","2001","02","3","1503","15","1","1","0","8","1","","","N","00","0","00","3","0","1","2","2","N","N","39 59:00.960","75 06:06.480","9999","","9999","","0","","N","","0 ","","","","","","","","","","1","0","0","0","0","1","0","0","0","0","0","1","1","0","0","0","0","0","0","0","0","0","0","0","0","0","0","0","0","0","0","0","1","0","0","4","1","39.9836","-75.1018","","CRASH_2001_Philadelphia"
"2001231106","06","67","67301","67301","2001","03","6","1440","14","1","2","1","1","1","","","N","01","2","00","3","0","1","2","2","N","N","40 00:00.000","75 09:11.520","9999","","9999","","0","","N","","3 ","","","","","","","","","","2","2","0","0","0","0","0","0","0","0","0","1","1","0","0","0","0","0","0","0","0","0","0","0","0","0","0","0","0","0","0","0","0","0","0","4","0","40","-75.1531","","CRASH_2001_Philadelphia"
"2001233184","06","67","67301","67301","2001","04","6","1558","15","1","1","0","9","1","","","N","00","0","00","3","0","0","1","2","N","N","","","9999","","9999","","0","","N","","0 ","","","","","","","","","","2","1","0","0","0","0","0","0","0","0","0","0","0","0","0","0","0","0","0","0","0","0","0","0","0","0","0","0","0","0","0","0","0","0","0","0","0","","","","CRASH_2001_Philadelphia"
"2001239124","06","67","67301","67301","2001","04","4","1920","19","1","1","0","1","1","","","N","00","0","00","3","0","1","2","3","N","N","39 57:02.880","75 08:26.520","9999","","9999","","0","","N","","0 ","","","","","","","","","","3","2","0","0","0","0","0","0","0","0","0","1","1","0","0","0","0","0","0","0","0","0","0","0","0","0","0","0","0","0","0","0","0","0","0","4","0","39.9508","-75.1408","","CRASH_2001_Philadelphia"
"2001215645","06","67","67301","67301","2001","02","7","1740","17","1","1","0","2","1","","","N","01","2","00","3","0","2","2","2","N","N","40 00:06.840","75 09:16.560","9999","","9999","","0","","N","","3 ","","","","","","","","","","1","1","0","0","0","0","0","0","1","0","0","1","1","0","1","0","0","0","0","0","0","0","0","0","0","0","0","0","0","0","0","0","0","0","0","4","0","40.0019","-75.1546","","CRASH_2001_Philadelphia"
"2001204664","06","67","67301","67301","2001","01","7","1230","12","1","1","0","4","1","","","N","01","2","00","3","0","1","2","2","N","N","40 04:12.720","75 04:13.440","9999","","9999","","0","","N","","3 ","","","","","","","","","","2","2","0","0","0","0","0","0","0","0","0","1","1","0","0","0","0","0","0","0","0","0","0","0","0","0","0","0","0","0","0","0","0","0","0","4","0","40.0702","-75.0704","","CRASH_2001_Philadelphia"
"2001207577","06","67","67301","67301","2001","01","2","2135","21","3","1","0","8","1","","","N","01","1","00","3","0","1","2","2","N","N","","","9999","","9999","","0","","N","","3 ","","","","","","","","","","1","0","0","0","0","0","0","0","0","0","0","1","1","0","0","0","0","0","0","0","0","0","0","0","0","0","0","0","0","0","0","0","1","0","0","4","0","","","","CRASH_2001_Philadelphia"
"2001216972","06","67","67301","67301","2001","03","6","1500","15","1","1","0","8","1","","","N","01","2","00","3","0","1","2","2","N","N","","","9999","","9999","","0","","N","","3 ","","","","","","","","","","1","1","0","0","0","0","0","0","0","0","1","0","1","0","0","0","0","0","0","0","0","0","0","0","0","0","0","0","0","0","0","0","1","0","0","3","0","","","","CRASH_2001_Philadelphia"
"2001233179","06","67","67301","67301","2001","03","6","0830","08","1","2","1","4","1","","","N","01","2","00","3","0","0","2","2","N","N","39 54:20.520","75 11:37.680","9999","","9999","","0","","N","","3 ","","","","","","","","","","2","0","0","0","0","0","1","1","0","0","0","0","0","0","0","0","0","0","0","0","0","0","0","0","0","0","0","0","0","0","0","0","0","0","0","0","0","39.9059","-75.1938","","CRASH_2001_Philadelphia"
"2001204556","06","67","67301","67301","2001","01","5","1517","15","1","1","1","1","1","","","N","00","0","00","3","0","2","3","3","N","N","40 00:52.920","75 09:24.120","9999","","9999","","0","","N","","0 ","","","","","","","","","","3","2","0","0","0","0","0","1","0","0","0","2","2","0","0","0","0","0","0","0","0","0","0","0","0","0","0","0","0","0","0","0","0","0","0","4","0","40.0146","-75.1567","","CRASH_2001_Philadelphia"
"2001204605","06","67","67301","67301","2001","01","1","1415","14","1","1","1","1","1","","","N","00","0","07","3","0","2","3","2","N","N","39 59:03.120","75 14:44.880","9999","","9999","","0","","N","","0 ","","","","","","","","","","2","1","0","0","1","0","0","0","0","0","0","2","2","0","0","0","0","0","0","0","0","0","0","0","0","0","0","0","0","0","0","0","0","0","0","4","0","39.9842","-75.2455","","CRASH_2001_Philadelphia"
"2001210723","06","67","67301","67301","2001","02","2","1720","17","1","1","0","4","1","","","N","00","0","07","3","0","1","3","2","N","N","","","9999","","9999","","0","","N","","0 ","","","","","","","","","","2","2","0","0","0","0","0","0","0","0","0","0","0","0","1","0","0","0","0","0","0","0","0","0","0","0","0","0","0","0","0","0","0","0","0","9","0","","","","CRASH_2001_Philadelphia"
"2001238235","06","67","67301","67301","2001","04","2","2126","21","3","2","1","5","1","","","N","00","0","00","3","0","2","3","2","N","N","39 59:30.840","75 08:25.440","9999","","9999","","0","","N","","0 ","","","","","","","","","","2","0","0","0","1","0","0","1","0","0","0","2","2","0","0","0","0","0","0","0","0","0","0","0","0","0","0","0","0","0","0","0","0","0","0","4","0","39.992","-75.1403","","CRASH_2001_Philadelphia"
"2001244852","06","67","67301","67301","2001","05","5","1145","11","1","1","0","9","1","","","N","00","0","00","3","0","0","2","2","N","N","","","9999","","9999","","0","","N","","0 ","","","","","","","","","","2","0","0","0","0","1","0","0","0","0","0","0","0","0","0","0","0","0","0","0","0","0","0","0","0","0","0","0","0","0","0","0","0","0","0","0","1","","","","CRASH_2001_Philadelphia"
"2001019557","06","67","67301","67301","2001","06","1","2320","23","3","1","0","7","5","","","N","00","0","00","3","0","1","1","1","N","N","","","2335","","2330","","0","","N","","0 ","","","","","","","","","","1","1","0","0","0","0","0","0","0","1","0","0","1","0","0","0","0","0","0","0","0","0","0","0","0","0","0","0","0","0","0","0","0","0","0","2","0","","","","CRASH_2001_Philadelphia"
"2001207656","06","67","67301","67301","2001","01","3","1238","12","1","1","0","4","1","","","N","00","0","07","3","0","2","3","2","N","N","40 00:41.040","75 10:55.560","9999","","9999","","0","","N","","0 ","","","","","","","","","","2","2","0","0","0","0","0","0","0","0","2","0","2","0","0","0","0","0","0","0","0","0","0","0","0","0","0","0","0","0","0","0","0","0","0","3","0","40.0114","-75.182","","CRASH_2001_Philadelphia"
"2001233394","06","67","67301","67301","2001","03","7","0801","08","1","1","0","4","1","","","N","00","0","00","3","0","1","4","3","N","N","","","9999","","9999","","0","","N","","0 ","","","","","","","","","","3","3","0","0","0","0","0","0","0","0","0","1","1","0","0","0","0","0","0","0","1","0","0","0","0","0","0","0","0","0","0","0","0","0","0","4","0","","","","CRASH_2001_Philadelphia"
"2001238901","06","67","67301","67301","2001","04","3","0925","09","1","1","0","4","1","","","N","01","2","00","3","0","0","2","2","N","N","39 55:23.160","75 09:34.920","9999","","9999","","0","","N","","3 ","","","","","","","","","","2","2","0","0","0","0","0","0","0","0","0","0","0","0","0","0","0","0","0","0","1","0","0","0","0","0","0","0","0","0","0","0","0","0","0","0","0","39.9231","-75.1597","","CRASH_2001_Philadelphia"
"2001238962","06","67","67301","67301","2001","04","7","1632","16","1","1","0","8","1","","","N","01","2","00","3","0","1","2","2","N","N","40 02:07.800","75 07:26.040","9999","","9999","","0","","N","","3 ","","","","","","","","","","1","1","0","0","0","0","0","0","0","0","0","1","1","0","0","0","0","0","0","0","0","0","0","0","0","0","0","0","0","0","0","0","1","0","0","4","0","40.0355","-75.1239","","CRASH_2001_Philadelphia"
"2001204153","06","67","67301","67301","2001","01","1","0045","00","3","1","0","4","1","","","N","01","3","00","3","0","3","5","2","N","N","40 00:29.160","75 08:30.840","9999","","9999","","0","","N","","3 ","","","","","","","","","","2","2","0","0","0","0","0","0","0","0","0","3","3","0","0","0","0","0","0","0","0","0","0","0","0","0","0","0","0","0","0","0","0","0","0","4","0","40.008","-75.1418","","CRASH_2001_Philadelphia"
"2001210602","06","67","67301","67301","2001","02","2","2217","22","3","2","1","4","1","","","N","01","2","00","3","0","1","2","2","N","N","39 53:22.920","75 14:00.960","9999","","9999","","0","","N","","3 ","","","","","","","","","","2","1","0","0","0","0","0","1","0","1","0","0","1","0","0","0","0","0","1","0","0","0","0","0","0","0","0","0","0","0","0","0","0","0","0","2","0","39.8946","-75.2367","","CRASH_2001_Philadelphia"
"2001215461","06","67","67301","67301","2001","03","6","0240","02","3","1","0","7","5","","","N","00","0","00","3","0","0","1","1","N","N","39 58:57.000","75 12:06.480","9999","","9999","","0","","N","","0 ","","","","","","","","","","1","1","0","0","0","0","0","0","0","0","0","0","0","0","0","0","0","0","0","0","0","0","0","0","0","0","0","0","0","0","0","0","0","0","0","0","0","39.9824","-75.2017","","CRASH_2001_Philadelphia"
"2001238261","06","67","67301","67301","2001","04","6","2328","23","3","1","0","1","1","","","N","00","0","03","3","0","2","3","2","N","N","39 53:18.240","75 12:11.160","9999","","9999","","0","","N","","0 ","","","","","","","","","","2","2","0","0","0","0","0","0","0","0","2","0","2","0","0","0","0","0","0","0","1","0","0","3","0","0","0","0","0","0","0","0","0","0","0","3","0","39.8896","-75.2015","","CRASH_2001_Philadelphia"
"2001240021","06","67","67301","67301","2001","04","1","1150","11","1","1","0","4","1","","","N","01","2","00","3","0","1","2","2","N","N","39 59:40.560","75 05:40.200","9999","","9999","","0","","N","","3 ","","","","","","","","","","2","2","0","0","0","0","0","0","0","0","0","0","0","0","1","0","0","0","0","0","1","0","0","0","0","0","0","0","0","0","0","0","0","0","0","9","0","39.9946","-75.0945","","CRASH_2001_Philadelphia"
"2001240305","06","67","67301","67301","2001","04","6","0004","00","3","1","0","9","1","","","N","00","0","00","3","0","1","2","2","N","N","39 57:15.480","75 12:11.520","9999","","9999","","0","","N","","0 ","","","","","","","","","","2","1","0","0","0","0","0","0","0","0","0","0","0","0","1","0","0","0","0","0","0","0","0","0","0","0","0","0","0","0","0","0","0","0","0","9","0","39.9542","-75.2032","","CRASH_2001_Philadelphia"
"2001243333","06","67","67301","67301","2001","04","5","0817","08","1","1","0","8","1","","","N","01","3","00","3","0","1","2","2","N","N","40 01:44.659","75 10:41.278","9999","","9999","","0","","N","","3 ","","","","","","","","","","1","1","0","0","0","0","0","0","0","0","1","0","1","0","0","0","0","0","0","0","0","0","0","0","0","0","0","0","0","0","0","0","1","0","0","3","0","40.0291","-75.1781","","CRASH_2001_Philadelphia"
"2001204158","06","67","67301","67301","2001","01","7","1604","16","1","1","0","8","1","","","N","01","0","00","3","0","1","3","2","N","N","40 00:10.868","75 07:39.525","9999","","9999","","0","","N","","0 ","","","","","","","","","","1","1","0","0","0","0","0","0","0","0","0","1","1","0","0","0","0","0","0","0","0","0","0","0","0","0","0","0","0","0","0","0","1","0","0","4","0","40.003","-75.1276","","CRASH_2001_Philadelphia"
"2001207363","06","67","67301","67301","2001","01","1","0200","02","3","1","0","1","1","","","N","00","0","00","3","0","1","2","3","N","N","40 03:12.960","75 10:40.440","9999","","9999","","0","","N","","0 ","","","","","","","","","","3","1","0","0","0","0","1","0","0","0","0","1","1","0","0","0","0","0","0","0","1","0","0","0","0","0","0","0","0","0","0","0","0","0","0","4","0","40.0537","-75.1779","","CRASH_2001_Philadelphia"
"2001214324","06","67","67301","67301","2001","02","1","0158","01","3","1","0","9","1","","","N","00","0","00","3","0","1","1","2","N","N","","","9999","","9999","","0","","N","","0 ","","","","","","","","","","2","1","0","0","0","0","0","0","0","0","0","1","1","0","0","0","0","0","0","0","0","0","0","1","0","0","0","0","0","0","0","0","0","0","0","4","0","","","","CRASH_2001_Philadelphia"
"2001233323","06","67","67301","67301","2001","04","1","0150","01","3","1","0","9","1","","","N","00","0","00","3","0","1","1","2","N","N","","","9999","","9999","","0","","N","","0 ","","","","","","","","","","2","1","0","0","0","0","0","0","0","0","0","0","0","0","1","0","0","0","0","0","0","0","0","0","0","0","0","0","0","0","0","0","0","0","0","9","0","","","","CRASH_2001_Philadelphia"
"2001239071","06","67","67301","67301","2001","04","2","0232","02","3","1","0","1","1","","","N","00","0","00","3","0","1","3","2","N","N","40 04:22.440","75 02:11.400","9999","","9999","","0","","N","","0 ","","","","","","","","","","2","2","0","0","0","0","0","0","0","0","0","1","1","0","0","0","0","0","0","0","0","0","0","0","0","0","0","0","0","0","0","0","0","0","0","4","0","40.0729","-75.0365","","CRASH_2001_Philadelphia"
"2001204165","06","67","67301","67301","2001","01","6","1525","15","1","4","3","9","1","","","N","01","3","00","3","0","1","2","3","N","N","39 58:58.015","75 07:40.717","9999","","9999","","0","","N","","3 ","","","","","","","","","","2","0","0","0","0","0","1","0","0","0","0","1","1","0","0","0","0","0","0","0","0","0","0","0","0","0","0","0","0","0","0","0","1","0","0","4","0","39.9828","-75.128","","CRASH_2001_Philadelphia"
"2001205938","06","67","67301","67301","2001","01","2","0451","04","3","1","0","5","1","","","N","00","0","00","3","0","0","2","2","N","N","39 56:42.000","75 11:25.800","9999","","9999","","0","","N","","0 ","","","","","","","","","","2","2","0","0","0","0","0","0","0","0","0","0","0","0","0","0","0","0","0","0","0","0","0","0","0","0","0","0","0","0","0","0","0","0","0","0","0","39.945","-75.1905","","CRASH_2001_Philadelphia"
"2001207404","06","67","67301","67301","2001","01","4","2030","20","3","1","0","1","1","","","N","00","0","00","3","0","2","3","2","N","N","39 53:56.400","75 10:23.880","9999","","9999","","0","","N","","0 ","","","","","","","","","","2","1","0","0","0","0","1","0","0","0","0","0","0","0","2","0","0","0","0","0","0","0","0","0","0","0","0","0","0","0","0","0","0","0","0","9","0","39.8988","-75.1707","","CRASH_2001_Philadelphia"
"2001231184","06","67","67301","67301","2001","03","6","2330","23","3","1","0","4","1","","","N","00","0","00","3","0","5","6","2","N","N","","","9999","","9999","","0","","N","","0 ","","","","","","","","","","2","2","0","0","0","0","0","0","0","0","0","5","5","0","0","0","0","1","1","0","0","0","0","0","0","0","0","0","0","0","0","0","0","0","0","4","0","","","","CRASH_2001_Philadelphia"
"2001233317","06","67","67301","67301","2001","03","4","1430","14","1","2","1","1","1","","","N","05","2","00","3","0","2","2","2","N","N","39 57:29.160","75 10:10.920","9999","","9999","","0","","N","","3 ","","","","","","","","","","2","1","0","0","0","0","0","0","0","0","0","1","1","0","1","0","0","0","0","0","0","0","0","0","0","0","0","0","0","0","0","0","0","0","0","4","0","39.9581","-75.1697","","CRASH_2001_Philadelphia"
"2001240288","06","67","67301","67301","2001","04","7","0859","08","1","1","0","9","1","","","N","00","0","00","3","0","0","1","2","N","N","","","9999","","9999","","0","","N","","0 ","","","","","","","","","","2","1","0","0","0","0","0","0","0","0","0","0","0","0","0","0","0","0","0","0","0","0","0","0","0","0","0","0","0","0","0","0","0","0","0","0","0","","","","CRASH_2001_Philadelphia"
"2001243708","06","67","67301","67301","2001","05","5","1200","12","1","1","0","7","1","","","N","00","0","00","3","0","1","1","1","N","N","40 02:07.440","75 01:30.000","9999","","9999","","0","","N","","0 ","","","","","","","","","","1","1","0","0","0","0","0","0","0","0","0","0","0","0","1","0","0","0","0","0","0","0","0","0","0","0","0","0","0","0","0","0","0","0","0","9","0","40.0354","-75.025","","CRASH_2001_Philadelphia"
"2001204567","06","67","67301","67301","2001","01","3","1010","10","1","1","0","1","1","","","N","00","0","00","3","0","0","2","2","N","N","39 56:49.200","75 11:18.600","9999","","9999","","0","","N","","0 ","","","","","","","","","","2","1","0","0","0","0","1","0","0","0","0","0","0","0","0","0","0","0","0","0","0","1","0","0","0","0","0","0","0","0","0","0","0","0","0","0","0","39.947","-75.1885","","CRASH_2001_Philadelphia"
"2001207841","06","67","67301","67301","2001","01","5","1503","15","1","1","0","6","1","","","N","01","2","00","3","0","2","5","4","Y","N","40 03:11.520","75 07:19.560","9999","","9999","","0","","N","","3 ","","","","","","","","","","4","3","0","1","0","0","0","0","0","0","0","2","2","0","0","0","0","0","0","0","0","0","1","0","0","0","0","0","0","0","0","0","0","0","0","4","1","40.0532","-75.1221","","CRASH_2001_Philadelphia"
"2001210876","06","67","67301","67301","2001","02","6","0745","07","1","1","0","6","1","","","N","00","0","00","3","0","2","11","2","Y","N","","","9999","","9999","","0","","N","","0 ","","","","","","","","","","2","0","0","1","0","1","0","0","0","0","0","1","1","0","1","0","0","0","0","0","0","0","0","1","0","0","0","0","0","0","0","0","0","0","0","4","2","","","","CRASH_2001_Philadelphia"
"2001223904","06","67","67301","67301","2001","03","3","0520","05","5","2","1","4","1","","","N","00","0","07","3","0","1","3","2","N","N","","","9999","","9999","","0","","N","","0 ","","","","","","","","","","2","2","0","0","0","0","0","0","0","0","0","1","1","0","0","0","0","0","0","0","0","0","0","0","0","0","0","0","0","0","0","0","0","0","0","4","0","","","","CRASH_2001_Philadelphia"
"2001233137","06","67","67301","67301","2001","04","5","1910","19","1","1","0","4","1","","","N","01","2","00","3","0","5","6","2","N","N","39 57:39.960","75 08:47.400","9999","","9999","","0","","N","","3 ","","","","","","","","","","2","2","0","0","0","0","0","0","0","0","0","5","5","0","0","0","0","0","0","0","0","0","0","3","0","0","0","0","0","0","0","0","0","0","0","4","0","39.9612","-75.1466","","CRASH_2001_Philadelphia"
"2001210649","06","67","67301","67301","2001","02","7","2155","21","3","1","0","1","1","","","N","01","3","00","3","0","1","5","2","N","N","39 59:49.369","75 06:31.129","9999","","9999","","0","","N","","3 ","","","","","","","","","","2","1","0","0","0","0","0","1","0","0","0","1","1","0","0","0","0","0","0","0","0","0","0","0","0","0","0","0","0","0","0","0","0","0","0","4","0","39.997","-75.1086","","CRASH_2001_Philadelphia"
"2001213112","06","67","67301","67301","2001","02","5","1630","16","1","4","3","1","1","","","N","00","0","00","3","0","0","2","2","N","N","","","9999","","9999","","0","","N","","0 ","","","","","","","","","","2","2","0","0","0","0","0","0","0","0","0","0","0","0","0","0","0","0","0","0","0","0","0","0","0","0","0","0","0","0","0","0","0","0","0","0","0","","","","CRASH_2001_Philadelphia"
"2001213156","06","67","67301","67301","2001","02","1","2115","21","3","1","0","4","1","","","N","01","3","00","3","0","3","3","3","N","N","","","9999","","9999","","0","","N","","3 ","","","","","","","","","","3","2","0","0","0","0","0","0","0","0","1","2","3","0","0","0","0","0","0","1","0","0","0","0","0","0","0","0","0","0","0","0","0","0","0","3","0","","","","CRASH_2001_Philadelphia"
"2001238113","06","67","67301","67301","2001","04","6","0144","01","3","5","1","9","1","","","N","00","0","00","3","0","0","1","2","N","N","","","9999","","9999","","0","","N","","0 ","","","","","","","","","","2","1","0","0","0","0","0","0","0","0","0","0","0","0","0","0","0","0","0","0","0","0","0","0","0","0","0","0","0","0","0","0","0","0","0","0","0","","","","CRASH_2001_Philadelphia"
"2001207654","06","67","67301","67301","2001","01","6","2230","22","3","1","0","8","1","","","N","01","3","00","3","0","1","2","2","N","N","","","9999","","9999","","0","","N","","3 ","","","","","","","","","","1","1","0","0","0","0","0","0","0","0","0","1","1","0","0","0","0","0","0","0","0","0","0","0","0","0","0","0","0","0","0","0","1","0","0","4","0","","","","CRASH_2001_Philadelphia"
"2001211729","06","67","67301","67301","2001","02","1","1528","15","1","1","0","4","1","","","N","02","3","00","3","0","1","2","2","N","N","40 02:17.880","75 08:27.960","9999","","9999","","0","","N","","3 ","","","","","","","","","","2","1","0","0","0","0","0","0","0","0","0","1","1","0","0","0","0","0","0","0","1","0","0","0","0","0","0","0","0","0","0","0","0","0","0","4","0","40.0382","-75.1411","","CRASH_2001_Philadelphia"
"2001217019","06","67","67301","67301","2001","03","5","2345","23","3","1","1","7","5","","","N","00","0","00","3","0","3","3","1","N","N","39 59:06.000","75 15:34.560","9999","","9999","","0","","N","","0 ","","","","","","","","","","1","1","0","0","0","0","0","0","0","0","0","3","3","0","0","0","0","0","0","0","0","0","0","0","0","0","0","0","0","0","0","0","0","0","0","4","0","39.9849","-75.2596","","CRASH_2001_Philadelphia"