"CRN","DISTRICT","COUNTY","MUNICIPALITY","POLICE_AGCY","CRASH_YEAR","CRASH_MONTH","DAY_OF_WEEK","TIME_OF_DAY","HOUR_OF_DAY","ILLUMINATION","WEATHER","ROAD_CONDITION","COLLISION_TYPE","RELATION_TO_ROAD","WORK_ZONE_TYPE","WORK_ZONE_LOC","WORK_ZONE_IND","INTERSECT_TYPE","TCD_TYPE","LOCATION_TYPE","URBAN_RURAL","FATAL_COUNT","INJURY_COUNT","PERSON_COUNT","TOTAL_UNITS","SCH_BUS_IND","SCH_ZONE_IND","LATITUDE","LONGITUDE","ARRIVAL_TM","CONS_ZONE_SPD_LIM","DISPATCH_TM","EST_HRS_CLOSED","LANE_CLOSED","LN_CLOSE_DIR","NTFY_HIWY_MAINT","SPEC_JURIS_CD","TCD_FUNC_CD","TFC_DETOUR_IND","WORKERS_PRES","WZ_CLOSE_DETOUR","WZ_FLAGGER","WZ_LAW_OFFCR_IND","WZ_LN_CLOSURE","WZ_MOVING","WZ_OTHER","WZ_SHLDER_MDN","VEHICLE_COUNT","AUTOMOBILE_COUNT","MOTORCYCLE_COUNT","BUS_COUNT","SMALL_TRUCK_COUNT","HEAVY_TRUCK_COUNT","SUV_COUNT","VAN_COUNT","BICYCLE_COUNT","MAJ_INJ_COUNT","MOD_INJ_COUNT","MIN_INJ_COUNT","TOT_INJ_COUNT","UNK_INJ_DEG_COUNT","UNK_INJ_PER_COUNT","DRIVER_COUNT_16YR","DRIVER_COUNT_17YR","DRIVER_COUNT_18YR","DRIVER_COUNT_19YR","DRIVER_COUNT_20YR","DRIVER_COUNT_50_64YR","DRIVER_COUNT_65_74YR","DRIVER_COUNT_75PLUS","UNBELTED_OCC_COUNT","UNB_DEATH_COUNT","UNB_MAJ_INJ_COUNT","BELTED_DEATH_COUNT","BELTED_MAJ_INJ_COUNT","MCYCLE_DEATH_COUNT","MCYCLE_MAJ_INJ_COUNT","BICYCLE_DEATH_COUNT","BICYCLE_MAJ_INJ_COUNT","PED_COUNT","PED_DEATH_COUNT","PED_MAJ_INJ_COUNT","MAX_SEVERITY_LEVEL","COMM_VEH_COUNT","DEC_LAT","DEC_LONG","RDWY_SURF_TYPE_CD","COUNTY_YEAR"
"2001231558","06","67","67301","67301","2001","03","7","1711","17","1","2","1","4","1","","","N","01","2","00","3","0","4","6","2","N","N","40 04:07.262","75 09:24.365","9999","","9999","","0","","N","","3 ","","","","","","","","","","2","2","0","0","0","0","0","0","0","0","4","0","4","0","0","0","0","0","0","2","0","0","0","0","0","0","0","0","0","0","0","0","0","0","0","3","0","40.0687","-75.1568","","CRASH_2001_Philadelphia"
"2001233108","06","67","67301","67301","2001","03","6","0030","00","3","1","0","8","1","","","N","00","0","00","3","0","1","2","2","N","N","","","9999","","9999","","0","","N","","0 ","","","","","","","","","","1","1","0","0","0","0","0","0","0","0","0","1","1","0","0","0","0","0","0","0","0","0","0","0","0","0","0","0","0","0","0","0","1","0","0","4","0","","","","CRASH_2001_Philadelphia"
"2001238234","06","67","67301","67301","2001","04","6","1250","12","1","2","1","4","1","","","N","01","2","00","3","0","2","3","2","N","N","39 58:38.640","75 07:09.480","9999","","9999","","0","","N","","3 ","","","","","","","","","","2","2","0","0","0","0","0","0","0","0","0","2","2","0","0","0","0","0","0","0","1","0","0","0","0","0","0","0","0","0","0","0","0","0","0","4","0","39.9758","-75.1202","","CRASH_2001_Philadelphia"
"2001209028","06","67","67301","67301","2001","01","1","9999","99","5","4","3","9","1","","","N","00","0","00","3","0","0","1","2","N","N","","","9999","","9999","","0","","N","","0 ","","","","","","","","","","2","1","0","0","0","0","0","0","0","0","0","0","0","0","0","0","0","0","0","0","0","0","0","0","0","0","0","0","0","0","0","0","0","0","0","0","0","","","","CRASH_2001_Philadelphia"
"2001214213","06","67","67301","67301","2001","02","2","2133","21","3","1","0","4","1","","","N","01","0","00","3","0","1","2","2","N","N","39 58:30.720","75 13:21.720","9999","","9999","","0","","N","","0 ","","","","","","","","","","2","2","0","0","0","0","0","0","0","0","1","0","1","0","0","0","0","0","0","1","0","0","0","0","0","0","0","0","0","0","0","0","0","0","0","3","0","39.9752","-75.2225","","CRASH_2001_Philadelphia"
"2001233291","06","67","67301","67301","2001","03","5","1100","11","1","1","0","4","1","","","N","01","2","00","3","0","1","3","2","N","N","40 04:22.440","75 04:32.880","9999","","9999","","0","","N","","3 ","","","","","","","","","","2","1","0","0","0","0","0","1","0","0","0","1","1","0","0","0","0","0","0","0","0","0","2","0","0","0","0","0","0","0","0","0","0","0","0","4","0","40.0729","-75.0759","","CRASH_2001_Philadelphia"
"2001238950","06","67","67301","67301","2001","04","6","1103","11","1","2","1","5","1","","","N","01","2","00","3","0","2","3","2","N","N","39 59:46.100","75 08:49.451","9999","","9999","","0","","N","","3 ","","","","","","","","","","2","2","0","0","0","0","0","0","0","0","0","2","2","0","0","0","0","0","0","0","0","0","0","0","0","0","0","0","0","0","0","0","0","0","0","4","0","39.9961","-75.1471","","CRASH_2001_Philadelphia"
"2001204617","06","67","67301","67301","2001","01","2","2315","23","3","2","1","1","1","","","N","01","2","00","3","0","1","2","2","N","N","40 04:18.480","74 58:50.880","9999","","9999","","0","","N","","3 ","","","","","","","","","","2","0","0","0","1","0","1","0","0","0","1","0","1","0","0","0","0","0","0","0","1","0","0","0","0","0","0","0","0","0","0","0","0","0","0","3","0","40.0719","-74.9812","","CRASH_2001_Philadelphia"
"2001007295","06","67","67301","67301","2001","05","3","1610","16","1","1","0","4","1","","","N","01","2","00","3","0","1","2","3","N","N","39 55:26.040","75 13:19.560","1723","","1610","","0","","N","","3 ","","","","","","","","","","3","2","0","0","1","0","0","0","0","0","0","1","1","0","0","0","0","0","0","0","1","0","0","2","0","0","0","0","0","0","0","0","0","0","0","4","0","39.9239","-75.2221","","CRASH_2001_Philadelphia"
"2001206688","06","67","67301","67301","2001","01","3","0218","02","3","5","1","4","1","","","N","01","2","00","3","0","2","2","2","N","N","39 57:25.920","75 13:39.000","9999","","9999","","0","","N","","3 ","","","","","","","","","","2","2","0","0","0","0","0","0","0","0","0","2","2","0","0","0","0","0","0","0","0","0","0","0","0","0","0","0","0","0","0","0","0","0","0","4","0","39.9572","-75.2275","","CRASH_2001_Philadelphia"
"2001214221","06","67","67301","67301","2001","02","3","2156","21","3","1","0","1","1","","","N","01","2","00","3","0","2","3","3","N","N","39 57:16.560","75 09:53.280","9999","","9999","","0","","N","","3 ","","","","","","","","","","3","1","0","0","0","0","1","0","0","0","0","0","0","0","2","0","0","0","0","0","0","0","0","0","0","0","0","0","0","0","0","0","0","0","0","9","0","39.9546","-75.1648","","CRASH_2001_Philadelphia"
"2001223836","06","67","67301","67301","2001","03","2","1525","15","1","1","0","5","1","","","N","06","0","02","3","0","2","2","2","N","N","39 56:42.360","75 11:26.520","9999","","9999","","0","","N","","0 ","","","","","","","","","","2","1","0","0","0","1","0","0","0","0","0","1","1","0","1","0","0","0","0","0","0","0","0","0","0","0","0","0","0","0","0","0","0","0","0","4","0","39.9451","-75.1907","","CRASH_2001_Philadelphia"
"2001231170","06","67","67301","67301","2001","03","4","1800","18","4","2","1","4","1","","","N","05","9","07","3","0","0","2","2","N","N","40 04:57.327","74 57:57.675","9999","","9999","","0","","N","","9 ","","","","","","","","","","2","2","0","0","0","0","0","0","0","0","0","0","0","0","0","0","0","0","0","0","0","0","0","0","0","0","0","0","0","0","0","0","0","0","0","0","0","40.0826","-74.966","","CRASH_2001_Philadelphia"
"2001233039","06","67","67301","67301","2001","04","5","1400","14","1","1","0","8","1","","","N","00","0","00","3","0","1","2","2","N","N","40 03:23.400","75 04:30.720","9999","","9999","","0","","N","","0 ","","","","","","","","","","1","1","0","0","0","0","0","0","0","0","0","0","0","0","1","0","0","0","0","0","0","0","0","0","0","0","0","0","0","0","0","0","1","0","0","9","0","40.0565","-75.0752","","CRASH_2001_Philadelphia"
"2001207385","06","67","67301","67301","2001","01","7","2328","23","3","1","0","4","1","","","N","01","2","00","3","0","1","5","2","N","N","40 07:54.120","75 00:43.920","9999","","9999","","0","","N","","3 ","","","","","","","","","","2","2","0","0","0","0","0","0","0","0","0","1","1","0","0","0","0","0","0","0","0","0","0","0","0","0","0","0","0","0","0","0","0","0","0","4","0","40.1317","-75.0123","","CRASH_2001_Philadelphia"
"2001215493","06","67","67301","67301","2001","03","6","1310","13","1","1","0","4","1","","","N","01","2","00","3","0","2","4","2","N","N","39 58:38.280","75 13:36.840","9999","","9999","","0","","N","","3 ","","","","","","","","","","2","1","0","1","0","0","0","0","0","0","0","2","2","0","0","0","0","0","0","0","0","0","0","0","0","0","0","0","0","0","0","0","0","0","0","4","1","39.9772","-75.2268","","CRASH_2001_Philadelphia"
"2001233281","06","67","67301","67301","2001","03","5","2310","23","3","2","1","8","1","","","N","00","0","00","3","0","1","2","2","N","N","39 58:10.920","75 12:47.160","9999","","9999","","0","","N","","0 ","","","","","","","","","","1","0","0","1","0","0","0","0","0","0","1","0","1","0","0","0","0","0","0","0","0","0","1","0","0","0","0","0","0","0","0","0","1","0","0","3","1","39.9698","-75.213","","CRASH_2001_Philadelphia"
"2001233359","06","67","67301","67301","2001","03","6","0925","09","1","1","0","4","1","","","N","00","0","07","3","0","0","2","2","N","N","","","9999","","9999","","0","","N","","0 ","","","","","","","","","","2","1","0","0","0","1","0","0","0","0","0","0","0","0","0","0","0","0","0","0","0","0","0","0","0","0","0","0","0","0","0","0","0","0","0","0","1","","","","CRASH_2001_Philadelphia"
"2001237058","06","67","67301","67301","2001","04","5","0200","02","3","2","1","7","5","","","N","00","0","00","3","0","2","2","1","N","N","39 56:52.440","75 13:32.880","9999","","9999","","0","","N","","0 ","","","","","","","","","","1","1","0","0","0","0","0","0","0","0","1","1","2","0","0","0","0","0","0","0","0","0","0","2","0","0","0","0","0","0","0","0","0","0","0","3","0","39.9478","-75.2257","","CRASH_2001_Philadelphia"
"2001240215","06","67","67301","67301","2001","04","7","1145","11","1","1","0","4","1","","","N","01","3","00","3","0","2","2","2","N","N","39 57:47.880","75 09:30.240","9999","","9999","","0","","N","","3 ","","","","","","","","","","2","1","0","0","0","0","0","1","0","0","0","2","2","0","0","0","0","0","0","1","0","0","0","2","0","0","0","0","0","0","0","0","0","0","0","4","0","39.9631","-75.1585","","CRASH_2001_Philadelphia"
"2001244467","06","67","67301","67301","2001","03","1","0300","03","3","1","0","1","1","","","N","00","0","00","3","0","4","5","2","N","N","39 58:22.800","75 07:10.560","9999","","9999","","0","","N","","0 ","","","","","","","","","","2","1","0","0","0","0","1","0","0","0","0","4","4","0","0","0","0","0","0","0","0","0","0","0","0","0","0","0","0","0","0","0","0","0","0","4","0","39.9736","-75.1189","","CRASH_2001_Philadelphia"
"2001204651","06","67","67301","67301","2001","01","1","2056","20","3","1","0","4","1","","","N","02","3","00","3","0","1","4","2","N","N","40 03:53.676","75 01:42.099","9999","","9999","","0","","N","","3 ","","","","","","","","","","2","2","0","0","0","0","0","0","0","0","0","1","1","0","0","0","0","0","0","1","0","0","0","0","0","0","0","0","0","0","0","0","0","0","0","4","0","40.0649","-75.0284","","CRASH_2001_Philadelphia"
"2001208972","06","67","67301","67301","2001","01","3","1710","17","1","1","0","1","1","","","N","01","2","00","3","0","4","6","2","N","N","39 55:44.760","75 13:14.160","9999","","9999","","0","","N","","3 ","","","","","","","","","","2","0","0","0","0","0","0","2","0","0","0","4","4","0","0","0","0","0","0","0","0","0","0","0","0","0","0","0","0","0","0","0","0","0","0","4","0","39.9291","-75.2206","","CRASH_2001_Philadelphia"
"2001213138","06","67","67301","67301","2001","02","6","1901","19","3","2","1","4","1","","","N","01","2","00","3","0","2","2","2","N","N","39 56:28.320","75 12:33.840","9999","","9999","","0","","N","","3 ","","","","","","","","","","2","2","0","0","0","0","0","0","0","0","1","1","2","0","0","0","0","0","1","0","0","0","0","1","0","0","0","0","0","0","0","0","0","0","0","3","0","39.9413","-75.2094","","CRASH_2001_Philadelphia"
"2001213227","06","67","67301","67301","2001","02","2","9999","99","1","1","0","4","1","","","N","01","2","00","3","0","1","5","2","N","N","","","9999","","9999","","0","","N","","3 ","","","","","","","","","","2","0","0","1","0","0","0","1","0","0","0","1","1","0","0","0","0","0","0","0","0","0","0","0","0","0","0","0","0","0","0","0","0","0","0","4","1","","","","CRASH_2001_Philadelphia"
"2001229602","06","67","67301","67301","2001","03","1","1150","11","1","1","0","2","1","","","N","01","2","00","3","0","3","3","2","N","N","40 00:38.808","75 07:35.921","9999","","9999","","0","","N","","3 ","","","","","","","","","","2","2","0","0","0","0","0","0","0","0","0","3","3","0","0","0","0","0","0","0","1","0","0","3","0","0","0","0","0","0","0","0","0","0","0","4","0","40.0108","-75.1266","","CRASH_2001_Philadelphia"
"2001233272","06","67","67301","67301","2001","03","4","0715","07","1","1","0","1","1","","","N","00","0","00","3","0","2","5","3","N","N","","","9999","","9999","","0","","N","","0 ","","","","","","","","","","3","3","0","0","0","0","0","0","0","0","0","2","2","0","0","0","0","0","0","0","1","0","0","0","0","0","0","0","0","0","0","0","0","0","0","4","0","","","","CRASH_2001_Philadelphia"
"2001233299","06","67","67301","67301","2001","03","7","1020","10","1","2","1","8","1","","","N","01","2","00","3","0","1","2","2","N","N","39 57:12.600","75 09:22.680","9999","","9999","","0","","N","","3 ","","","","","","","","","","1","1","0","0","0","0","0","0","0","0","1","0","1","0","0","0","0","0","0","0","1","0","0","0","0","0","0","0","0","0","0","0","1","0","0","3","0","39.9536","-75.1563","","CRASH_2001_Philadelphia"
"2001208892","06","67","67301","67301","2001","02","1","1205","12","1","1","0","4","1","","","N","01","2","00","3","0","1","3","2","N","N","40 01:10.200","75 03:20.520","9999","","9999","","0","","N","","3 ","","","","","","","","","","2","0","0","0","1","0","0","1","0","0","1","0","1","0","0","0","0","0","0","0","0","0","0","1","0","0","0","0","0","0","0","0","0","0","0","3","0","40.0195","-75.0557","","CRASH_2001_Philadelphia"
"2001208932","06","67","67301","67301","2001","01","6","1720","17","3","2","1","8","1","","","N","01","2","00","3","0","1","2","2","N","N","40 01:33.654","75 08:48.101","9999","","9999","","0","","N","","3 ","","","","","","","","","","1","0","0","0","0","0","0","1","0","0","0","1","1","0","0","0","0","0","0","0","0","0","0","0","0","0","0","0","0","0","0","0","1","0","0","4","0","40.026","-75.1467","","CRASH_2001_Philadelphia"
"2001209039","06","67","67301","67301","2001","01","7","1310","13","1","2","1","4","1","","","N","01","9","00","3","0","1","3","2","N","N","","","9999","","9999","","0","","N","","9 ","","","","","","","","","","2","2","0","0","0","0","0","0","0","0","0","1","1","0","0","0","0","0","1","0","0","0","0","0","0","0","0","0","0","0","0","0","0","0","0","4","0","","","","CRASH_2001_Philadelphia"
"2001214579","06","67","67301","67301","2001","02","2","1799","17","1","1","0","7","5","","","N","10","0","00","3","0","0","1","1","N","N","40 02:10.064","75 05:54.603","9999","","9999","","0","","N","","0 ","","","","","","","","","","1","0","0","0","1","0","0","0","0","0","0","0","0","0","0","0","0","0","0","0","0","0","0","0","0","0","0","0","0","0","0","0","0","0","0","0","0","40.0361","-75.0985","","CRASH_2001_Philadelphia"
"2001216865","06","67","67301","67301","2001","03","1","1005","10","1","1","0","4","1","","","N","01","2","00","3","0","1","3","2","N","N","40 05:07.080","75 02:14.280","9999","","9999","","0","","N","","3 ","","","","","","","","","","2","2","0","0","0","0","0","0","0","0","0","1","1","0","0","0","0","0","0","0","1","0","0","0","0","0","0","0","0","0","0","0","0","0","0","4","0","40.0854","-75.0374","","CRASH_2001_Philadelphia"
"2001217003","06","67","67301","67301","2001","03","7","1503","15","1","1","0","1","1","","","N","01","2","00","3","0","1","4","2","N","N","39 59:35.520","75 08:57.480","9999","","9999","","0","","N","","3 ","","","","","","","","","","2","1","0","0","0","0","0","0","0","0","0","1","1","0","0","0","0","0","0","0","0","0","0","0","0","0","0","0","0","0","0","0","0","0","0","4","0","39.9932","-75.1492","","CRASH_2001_Philadelphia"
"2001216998","06","67","67301","67301","2001","03","1","0345","03","3","1","0","4","1","","","N","01","2","00","3","0","3","3","2","N","N","39 57:44.640","75 14:40.920","9999","","9999","","0","","N","","3 ","","","","","","","","","","2","2","0","0","0","0","0","0","0","0","0","3","3","0","0","0","0","0","0","0","0","0","0","0","0","0","0","0","0","0","0","0","0","0","0","4","0","39.9624","-75.2448","","CRASH_2001_Philadelphia"
"2001209309","06","67","67301","67301","2001","01","4","2215","22","3","1","0","7","1","","","N","05","2","00","3","0","0","1","1","N","N","39 58:24.600","75 10:01.920","9999","","9999","","0","","N","","3 ","","","","","","","","","","1","1","0","0","0","0","0","0","0","0","0","0","0","0","0","0","0","0","0","0","0","0","0","0","0","0","0","0","0","0","0","0","0","0","0","0","0","39.9735","-75.1672","","CRASH_2001_Philadelphia"
"2001243439","06","67","67301","67301","2001","05","4","0925","09","1","1","0","4","1","","","N","01","3","00","3","0","1","2","2","N","N","40 03:29.880","75 00:57.240","9999","","9999","","0","","N","","3 ","","","","","","","","","","2","1","0","0","1","0","0","0","0","0","0","1","1","0","0","0","0","0","0","0","1","0","0","0","0","0","0","0","0","0","0","0","0","0","0","4","0","40.0583","-75.0158","","CRASH_2001_Philadelphia"
"2001209099","06","67","67301","67301","2001","02","2","0645","06","5","2","1","8","1","","","N","01","2","00","3","0","1","2","2","N","N","40 05:03.480","75 02:18.240","9999","","9999","","0","","N","","3 ","","","","","","","","","","1","0","0","0","0","0","1","0","0","0","1","0","1","0","0","0","0","0","0","0","0","0","0","0","0","0","0","0","0","0","0","0","1","0","0","3","0","40.0845","-75.0384","","CRASH_2001_Philadelphia"
"2001215492","06","67","67301","67301","2001","03","6","1638","16","1","1","0","1","1","","","N","01","2","00","3","0","1","2","2","N","N","39 58:45.840","75 13:31.440","9999","","9999","","0","","N","","3 ","","","","","","","","","","2","1","0","0","0","1","0","0","0","0","0","1","1","0","0","0","0","0","0","0","0","0","0","0","0","0","0","0","0","0","0","0","0","0","0","4","0","39.9794","-75.2254","","CRASH_2001_Philadelphia"
"2001217029","06","67","67301","67301","2001","03","5","1926","19","3","2","1","7","5","","","N","00","0","00","3","0","1","1","1","N","N","40 02:41.640","75 00:07.200","9999","","9999","","0","","N","","0 ","","","","","","","","","","1","1","0","0","0","0","0","0","0","0","0","0","0","0","1","0","0","0","0","0","0","0","0","0","0","0","0","0","0","0","0","0","0","0","0","9","0","40.0447","-75.0022","","CRASH_2001_Philadelphia"
"2001231117","06","67","67301","67301","2001","03","4","1719","17","3","2","1","4","1","","","N","00","0","07","3","0","1","3","2","N","N","40 01:49.800","75 06:13.680","9999","","9999","","0","","N","","0 ","","","","","","","","","","2","1","0","0","0","0","1","0","0","0","0","0","0","0","1","0","0","0","0","0","0","0","0","0","0","0","0","0","0","0","0","0","0","0","0","9","0","40.0302","-75.1034","","CRASH_2001_Philadelphia"
"2001231560","06","67","67301","67301","2001","03","1","2243","22","3","1","0","1","1","","","N","00","0","00","3","0","0","2","2","N","N","40 01:13.800","75 09:18.000","9999","","9999","","0","","N","","0 ","","","","","","","","","","2","1","0","0","0","0","0","0","0","0","0","0","0","0","0","0","0","0","1","0","0","0","0","0","0","0","0","0","0","0","0","0","0","0","0","0","0","40.0205","-75.1549","","CRASH_2001_Philadelphia"
"2001233347","06","67","67301","67301","2001","03","4","0818","08","1","1","0","8","1","","","N","00","0","00","3","0","1","3","2","N","N","","","9999","","9999","","0","","N","","0 ","","","","","","","","","","1","1","0","0","0","0","0","0","0","0","0","0","0","0","1","0","0","0","0","0","0","0","0","0","0","0","0","0","0","0","0","0","1","0","0","9","0","","","","CRASH_2001_Philadelphia"
"2001239052","06","67","67301","67301","2001","04","5","2332","23","3","1","0","1","1","","","N","00","0","01","3","0","1","2","2","N","N","39 56:42.000","75 11:25.800","9999","","9999","","0","","N","","0 ","","","","","","","","","","2","2","0","0","0","0","0","0","0","0","0","0","0","0","1","0","0","0","0","0","0","0","1","0","0","0","0","0","0","0","0","0","0","0","0","9","0","39.945","-75.1905","","CRASH_2001_Philadelphia"
"2001016725","06","67","67301","67301","2001","06","6","0920","09","1","1","0","1","1","","","N","01","2","00","3","0","1","2","2","N","N","39 57:29.691","75 13:23.712","0940","","0937","","0","","N","","3 ","","","","","","","","","","2","2","0","0","0","0","0","0","0","0","0","1","1","0","1","0","0","0","0","0","0","0","0","0","0","0","0","0","0","0","0","0","0","0","0","4","0","39.9582","-75.2233","","CRASH_2001_Philadelphia"
"2001019540","06","67","67301","67301","2001","06","7","1300","13","1","2","1","4","1","","","N","02","2","00","3","0","2","3","2","N","N","40 01:52.000","75 05:06.941","1330","","1321","","0","","N","","3 ","","","","","","","","","","2","2","0","0","0","0","0","0","0","0","0","2","2","0","0","0","0","0","0","0","1","0","0","3","0","0","0","0","0","0","0","0","0","0","0","4","0","40.0313","-75.085","","CRASH_2001_Philadelphia"
"2001019631","06","67","67301","67301","2001","06","7","1026","10","1","2","1","7","5","","","N","02","2","00","3","0","0","2","2","N","N","40 03:24.480","75 01:51.600","1030","","1026","","0","","Y","","3 ","","","","","","","","","","2","2","0","0","0","0","0","0","0","0","0","0","0","0","0","0","0","0","0","0","0","0","0","0","0","0","0","0","0","0","0","0","0","0","0","0","0","40.0568","-75.0313","","CRASH_2001_Philadelphia"
"2001210644","06","67","67301","67301","2001","01","1","0148","01","3","1","0","9","1","","","N","00","0","00","3","0","0","1","3","N","N","","","9999","","9999","","0","","N","","0 ","","","","","","","","","","3","0","0","0","1","0","0","0","0","0","0","0","0","0","0","0","0","0","0","0","0","0","0","0","0","0","0","0","0","0","0","0","0","0","0","0","0","","","","CRASH_2001_Philadelphia"
"2001215604","06","67","67301","67301","2001","02","7","1023","10","1","1","0","7","5","","","N","00","0","00","3","0","1","1","1","N","N","","","9999","","9999","","0","","N","","0 ","","","","","","","","","","1","1","0","0","0","0","0","0","0","0","0","0","0","0","1","0","0","0","0","0","0","0","0","0","0","0","0","0","0","0","0","0","0","0","0","9","0","","","","CRASH_2001_Philadelphia"
"2001233530","06","67","67301","67301","2001","03","5","2040","20","3","2","1","4","1","","","N","01","2","00","3","0","1","3","2","N","N","39 58:00.120","75 10:44.760","9999","","9999","","0","","N","","3 ","","","","","","","","","","2","2","0","0","0","0","0","0","0","0","0","1","1","0","0","0","0","0","0","0","0","0","0","0","0","0","0","0","0","0","0","0","0","0","0","4","0","39.9667","-75.1791","","CRASH_2001_Philadelphia"
"2001019604","06","67","67301","67301","2001","05","5","1950","19","1","1","0","5","1","","","N","02","3","00","3","0","1","2","2","N","N","39 55:30.388","75 08:47.936","1955","","1952","","0","","N","","3 ","","","","","","","","","","1","0","0","0","1","0","0","0","1","0","0","1","1","0","0","0","0","0","0","1","0","0","0","0","0","0","0","0","0","0","0","0","0","0","0","4","0","39.9251","-75.1466","","CRASH_2001_Philadelphia"
"2001206229","06","67","67301","67301","2001","01","4","2002","20","3","1","0","4","1","","","N","02","2","00","3","0","1","3","3","N","N","40 01:43.320","75 12:20.160","9999","","9999","","0","","N","","3 ","","","","","","","","","","3","3","0","0","0","0","0","0","0","0","0","0","0","0","1","0","0","0","0","0","1","0","0","0","0","0","0","0","0","0","0","0","0","0","0","9","0","40.0287","-75.2055","","CRASH_2001_Philadelphia"
"2001207639","06","67","67301","67301","2001","01","7","1945","19","3","1","0","8","1","","","N","00","0","00","3","0","1","2","2","N","N","","","9999","","9999","","0","","N","","0 ","","","","","","","","","","1","1","0","0","0","0","0","0","0","0","1","0","1","0","0","0","0","0","0","0","0","0","0","0","0","0","0","0","0","0","0","0","1","0","0","3","0","","","","CRASH_2001_Philadelphia"
"2001210628","06","67","67301","67301","2001","02","6","1300","13","9","9","9","8","1","","","N","00","0","00","3","0","1","2","2","N","N","","","9999","","9999","","0","","N","","0 ","","","","","","","","","","1","1","0","0","0","0","0","0","0","1","0","0","1","0","0","0","0","0","0","0","1","0","0","0","0","0","0","0","0","0","0","0","1","0","1","2","0","","","","CRASH_2001_Philadelphia"
"2001231194","06","67","67301","67301","2001","03","2","1535","15","1","1","0","8","1","","","N","00","0","00","3","0","1","3","2","N","N","","","9999","","9999","","0","","N","","0 ","","","","","","","","","","1","0","0","0","1","0","0","0","0","0","1","0","1","0","0","0","0","0","0","0","0","0","0","0","0","0","0","0","0","0","0","0","1","0","0","3","0","","","","CRASH_2001_Philadelphia"
"2001233284","06","67","67301","67301","2001","03","5","1800","18","3","2","1","1","1","","","N","01","2","00","3","0","1","2","2","N","N","","","9999","","9999","","0","","N","","3 ","","","","","","","","","","2","2","0","0","0","0","0","0","0","0","0","1","1","0","0","0","0","0","0","0","1","0","0","0","0","0","0","0","0","0","0","0","0","0","0","4","0","","","","CRASH_2001_Philadelphia"
"2001239001","06","67","67301","67301","2001","04","4","9999","99","1","3","1","8","1","","","N","01","9","00","3","0","1","2","2","N","N","","","9999","","9999","","0","","N","","9 ","","","","","","","","","","1","1","0","0","0","0","0","0","0","0","0","1","1","0","0","0","0","0","0","0","1","0","0","0","0","0","0","0","0","0","0","0","1","0","0","4","0","","","","CRASH_2001_Philadelphia"
"2001204570","06","67","67301","67301","2001","01","2","0445","04","2","9","3","7","5","","","N","00","0","00","3","0","0","2","1","N","N","","","9999","","9999","","0","","N","","0 ","","","","","","","","","","1","1","0","0","0","0","0","0","0","0","0","0","0","0","0","0","0","0","1","0","0","0","0","2","0","0","0","0","0","0","0","0","0","0","0","0","0","","","","CRASH_2001_Philadelphia"
"2001210586","06","67","67301","67301","2001","02","1","2321","23","3","2","0","1","1","","","N","00","0","00","3","0","3","3","2","N","N","40 03:33.480","75 09:56.160","9999","","9999","","0","","N","","0 ","","","","","","","","","","2","2","0","0","0","0","0","0","0","0","0","0","0","0","3","0","0","0","0","0","0","0","0","0","0","0","0","0","0","0","0","0","0","0","0","9","0","40.0593","-75.1656","","CRASH_2001_Philadelphia"
"2001223897","06","67","67301","67301","2001","03","2","0120","01","3","1","0","9","1","","","N","00","0","00","3","0","4","4","3","N","N","","","9999","","9999","","0","","N","","0 ","","","","","","","","","","3","1","0","0","0","0","0","0","0","1","2","1","4","0","0","0","0","0","0","0","0","0","0","4","0","1","0","0","0","0","0","0","0","0","0","2","0","","","","CRASH_2001_Philadelphia"
"2001233169","06","67","67301","67301","2001","04","2","0900","09","1","2","1","1","1","","","N","01","2","00","3","0","1","2","2","N","N","39 57:25.200","75 13:31.800","9999","","9999","","0","","N","","3 ","","","","","","","","","","2","2","0","0","0","0","0","0","0","0","0","1","1","0","0","0","0","0","0","0","0","0","0","0","0","0","0","0","0","0","0","0","0","0","0","4","0","39.9569","-75.2255","","CRASH_2001_Philadelphia"
"2001240239","06","67","67301","67301","2001","04","2","1705","17","1","1","0","4","1","","","N","01","2","00","3","0","1","2","2","N","N","39 56:53.160","75 09:51.840","9999","","9999","","0","","N","","3 ","","","","","","","","","","1","0","0","0","0","0","1","0","1","0","0","1","1","0","0","0","0","0","0","0","0","0","0","0","0","0","0","0","0","0","0","0","0","0","0","4","0","39.9482","-75.1644","","CRASH_2001_Philadelphia"
"2001207342","06","67","67301","67301","2001","01","4","0656","06","1","1","1","8","1","","","N","05","2","00","3","0","1","2","2","N","N","40 02:03.480","75 04:29.640","9999","","9999","","0","","N","","3 ","","","","","","","","","","1","1","0","0","0","0","0","0","0","0","0","1","1","0","0","0","0","0","0","0","1","0","0","0","0","0","0","0","0","0","0","0","1","0","0","4","0","40.0343","-75.0749","","CRASH_2001_Philadelphia"
"2001207655","06","67","67301","67301","2001","01","5","1810","18","3","1","0","4","1","","","N","01","2","00","3","0","1","2","2","N","N","39 56:50.640","75 14:01.320","9999","","9999","","0","","N","","3 ","","","","","","","","","","2","1","0","0","1","0","0","0","0","0","1","0","1","0","0","0","0","0","0","0","0","0","0","0","0","0","0","0","0","0","0","0","0","0","0","3","0","39.9473","-75.2338","","CRASH_2001_Philadelphia"