"CRN","DISTRICT","COUNTY","MUNICIPALITY","POLICE_AGCY","CRASH_YEAR","CRASH_MONTH","DAY_OF_WEEK","TIME_OF_DAY","HOUR_OF_DAY","ILLUMINATION","WEATHER","ROAD_CONDITION","COLLISION_TYPE","RELATION_TO_ROAD","WORK_ZONE_TYPE","WORK_ZONE_LOC","WORK_ZONE_IND","INTERSECT_TYPE","TCD_TYPE","LOCATION_TYPE","URBAN_RURAL","FATAL_COUNT","INJURY_COUNT","PERSON_COUNT","TOTAL_UNITS","SCH_BUS_IND","SCH_ZONE_IND","LATITUDE","LONGITUDE","ARRIVAL_TM","CONS_ZONE_SPD_LIM","DISPATCH_TM","EST_HRS_CLOSED","LANE_CLOSED","LN_CLOSE_DIR","NTFY_HIWY_MAINT","SPEC_JURIS_CD","TCD_FUNC_CD","TFC_DETOUR_IND","WORKERS_PRES","WZ_CLOSE_DETOUR","WZ_FLAGGER","WZ_LAW_OFFCR_IND","WZ_LN_CLOSURE","WZ_MOVING","WZ_OTHER","WZ_SHLDER_MDN","VEHICLE_COUNT","AUTOMOBILE_COUNT","MOTORCYCLE_COUNT","BUS_COUNT","SMALL_TRUCK_COUNT","HEAVY_TRUCK_COUNT","SUV_COUNT","VAN_COUNT","BICYCLE_COUNT","MAJ_INJ_COUNT","MOD_INJ_COUNT","MIN_INJ_COUNT","TOT_INJ_COUNT","UNK_INJ_DEG_COUNT","UNK_INJ_PER_COUNT","DRIVER_COUNT_16YR","DRIVER_COUNT_17YR","DRIVER_COUNT_18YR","DRIVER_COUNT_19YR","DRIVER_COUNT_20YR","DRIVER_COUNT_50_64YR","DRIVER_COUNT_65_74YR","DRIVER_COUNT_75PLUS","UNBELTED_OCC_COUNT","UNB_DEATH_COUNT","UNB_MAJ_INJ_COUNT","BELTED_DEATH_COUNT","BELTED_MAJ_INJ_COUNT","MCYCLE_DEATH_COUNT","MCYCLE_MAJ_INJ_COUNT","BICYCLE_DEATH_COUNT","BICYCLE_MAJ_INJ_COUNT","PED_COUNT","PED_DEATH_COUNT","PED_MAJ_INJ_COUNT","MAX_SEVERITY_LEVEL","COMM_VEH_COUNT","DEC_LAT","DEC_LONG","RDWY_SURF_TYPE_CD","COUNTY_YEAR"
"2001210595","06","67","67301","67301","2001","02","6","0751","07","1","1","0","4","1","","","N","00","0","07","3","0","0","2","2","N","N","","","9999","","9999","","0","","N","","0 ","","","","","","","","","","2","2","0","0","0","0","0","0","0","0","0","0","0","0","0","0","0","0","0","0","0","1","0","0","0","0","0","0","0","0","0","0","0","0","0","0","0","","","","CRASH_2001_Philadelphia"
"2001210597","06","67","67301","67301","2001","01","5","1514","15","1","1","0","8","1","","","N","03","0","00","3","0","2","2","2","N","N","39 59:27.042","75 07:34.003","9999","","9999","","0","","N","","0 ","","","","","","","","","","1","1","0","0","0","0","0","0","0","0","1","0","1","0","1","0","0","0","0","0","0","0","0","0","0","0","0","0","0","0","0","0","1","0","0","3","0","39.9908","-75.1261","","CRASH_2001_Philadelphia"
"2001215576","06","67","67301","67301","2001","03","6","0855","08","1","1","0","4","1","","","N","01","2","00","3","0","0","5","2","N","N","40 00:28.800","75 10:20.640","9999","","9999","","0","","N","","3 ","","","","","","","","","","2","1","0","0","0","1","0","0","0","0","0","0","0","0","0","0","0","0","0","0","0","0","0","0","0","0","0","0","0","0","0","0","0","0","0","0","1","40.0079","-75.1723","","CRASH_2001_Philadelphia"
"2001238123","06","67","67301","67301","2001","04","7","0542","05","1","1","0","5","1","","","N","05","2","00","3","0","0","2","2","N","N","39 57:59.760","75 09:37.440","9999","","9999","","0","","N","","3 ","","","","","","","","","","2","2","0","0","0","0","0","0","0","0","0","0","0","0","0","0","0","0","0","0","0","0","0","0","0","0","0","0","0","0","0","0","0","0","0","0","0","39.9666","-75.1604","","CRASH_2001_Philadelphia"
"2001205936","06","67","67301","67301","2001","01","7","0215","02","3","1","0","9","1","","","N","00","0","00","3","0","0","1","2","N","N","","","9999","","9999","","0","","N","","0 ","","","","","","","","","","2","1","0","0","0","0","0","0","0","0","0","0","0","0","0","0","0","0","0","0","0","0","0","0","0","0","0","0","0","0","0","0","0","0","0","0","0","","","","CRASH_2001_Philadelphia"
"2001231173","06","67","67301","67301","2001","03","3","1830","18","3","1","0","4","1","","","N","01","2","00","3","0","4","4","2","N","N","40 04:50.160","75 01:42.240","9999","","9999","","0","","N","","3 ","","","","","","","","","","2","2","0","0","0","0","0","0","0","0","1","3","4","0","0","0","0","0","0","0","1","0","0","0","0","0","0","0","0","0","0","0","0","0","0","3","0","40.0808","-75.0286","","CRASH_2001_Philadelphia"
"2001231178","06","67","67301","67301","2001","03","2","1920","19","3","1","0","1","1","","","N","01","2","00","3","0","3","3","2","N","N","40 03:37.440","74 59:24.720","9999","","9999","","0","","N","","3 ","","","","","","","","","","2","1","0","0","1","0","0","0","0","0","0","0","0","0","3","0","0","0","0","0","0","2","0","0","0","0","0","0","0","0","0","0","0","0","0","9","0","40.0604","-74.9904","","CRASH_2001_Philadelphia"
"2001015129","06","67","67301","67301","2001","06","7","1153","11","1","2","1","4","1","","","N","01","2","00","3","0","2","3","2","N","N","39 58:46.468","75 09:51.954","1210","","1153","","0","","N","","3 ","","","","","","","","","","2","2","0","0","0","0","0","0","0","0","0","2","2","0","0","0","0","0","0","0","1","0","0","0","0","0","0","0","0","0","0","0","0","0","0","4","0","39.9797","-75.1658","","CRASH_2001_Philadelphia"
"2001210796","06","67","67301","67301","2001","02","3","2302","23","3","1","0","4","1","","","N","01","2","00","3","0","1","3","2","N","N","40 03:23.760","75 02:47.400","9999","","9999","","0","","N","","3 ","","","","","","","","","","2","1","0","0","1","0","0","0","0","0","1","0","1","0","0","0","0","0","0","0","0","1","0","3","0","0","0","0","0","0","0","0","0","0","0","3","0","40.0567","-75.0469","","CRASH_2001_Philadelphia"
"2001214317","06","67","67301","67301","2001","02","6","1500","15","1","2","1","1","1","","","N","00","0","00","3","0","1","3","2","N","N","","","9999","","9999","","0","","N","","0 ","","","","","","","","","","2","1","0","0","0","0","0","0","0","0","0","0","0","0","1","0","0","0","0","0","0","1","0","0","0","0","0","0","0","0","0","0","0","0","0","9","0","","","","CRASH_2001_Philadelphia"
"2001233132","06","67","67301","67301","2001","03","6","1712","17","1","1","0","4","1","","","N","01","3","00","3","0","3","4","2","N","N","39 58:45.840","75 09:48.240","9999","","9999","","0","","N","","3 ","","","","","","","","","","2","1","0","0","0","0","0","0","0","0","1","0","1","0","2","0","0","0","0","0","0","0","0","0","0","0","0","0","0","0","0","0","0","0","0","3","0","39.9794","-75.1634","","CRASH_2001_Philadelphia"
"2001233229","06","67","67301","67301","2001","04","6","0105","01","3","2","0","7","1","","","N","00","0","00","3","0","1","2","1","N","N","39 58:16.680","75 11:35.880","9999","","9999","","0","","N","","0 ","","","","","","","","","","1","1","0","0","0","0","0","0","0","0","0","1","1","0","0","0","0","1","0","0","0","0","0","0","0","0","0","0","0","0","0","0","0","0","0","4","0","39.9713","-75.1933","","CRASH_2001_Philadelphia"
"2001240102","06","67","67301","67301","2001","04","3","0510","05","3","1","0","9","1","","","N","00","0","00","3","0","0","1","2","N","N","39 59:13.920","75 09:02.160","9999","","9999","","0","","N","","0 ","","","","","","","","","","2","1","0","0","0","0","0","0","0","0","0","0","0","0","0","0","0","0","0","0","0","0","0","0","0","0","0","0","0","0","0","0","0","0","0","0","0","39.9872","-75.1506","","CRASH_2001_Philadelphia"
"2001007422","06","67","67301","67301","2001","06","3","1030","10","1","1","0","1","1","","","N","06","0","02","3","0","0","2","2","N","N","39 56:57.381","75 11:03.568","1030","","1030","1","1","4","Y","","0 ","Y","","","","","","","","","2","1","0","0","1","0","0","0","0","0","0","0","0","0","0","0","0","0","0","0","1","0","0","0","0","0","0","0","0","0","0","0","0","0","0","0","0","39.9493","-75.1843","","CRASH_2001_Philadelphia"
"2001207337","06","67","67301","67301","2001","01","4","1605","16","1","1","0","1","1","","","N","00","0","99","3","0","1","2","2","N","N","39 59:43.440","75 04:38.280","9999","","9999","","0","","N","","0 ","","","","","","","","","","2","1","0","0","1","0","0","0","0","0","0","1","1","0","0","0","0","0","0","0","0","0","1","0","0","0","0","0","0","0","0","0","0","0","0","4","0","39.9953","-75.0773","","CRASH_2001_Philadelphia"
"2001211356","06","67","67301","67301","2001","02","5","2120","21","3","1","1","4","1","","","N","01","2","00","3","0","0","4","2","N","N","40 00:30.960","75 04:08.040","9999","","9999","","0","","N","","3 ","","","","","","","","","","2","2","0","0","0","0","0","0","0","0","0","0","0","0","0","0","0","1","0","0","0","0","0","0","0","0","0","0","0","0","0","0","0","0","0","0","0","40.0087","-75.069","","CRASH_2001_Philadelphia"
"2001231150","06","67","67301","67301","2001","03","1","1846","18","3","1","0","4","1","","","N","00","0","07","3","0","1","4","2","N","N","39 59:29.040","75 06:03.960","9999","","9999","","0","","N","","0 ","","","","","","","","","","2","2","0","0","0","0","0","0","0","0","1","0","1","0","0","0","0","1","0","0","0","0","0","1","0","0","0","0","0","0","0","0","0","0","0","3","0","39.9913","-75.101","","CRASH_2001_Philadelphia"
"2001233298","06","67","67301","67301","2001","03","7","1925","19","3","1","0","1","1","","","N","00","0","00","3","0","2","2","2","N","N","","","9999","","9999","","0","","N","","0 ","","","","","","","","","","2","1","0","0","0","0","0","0","0","0","0","0","0","0","2","0","0","0","0","0","0","0","0","0","0","0","0","0","0","0","0","0","0","0","0","9","0","","","","CRASH_2001_Philadelphia"
"2001233459","06","67","67301","67301","2001","03","4","0245","02","3","9","9","9","1","","","N","00","0","00","3","0","1","1","2","N","N","","","9999","","9999","","0","","N","","0 ","","","","","","","","","","2","1","0","0","0","0","0","0","0","0","0","0","0","0","1","0","0","0","0","0","0","0","0","0","0","0","0","0","0","0","0","0","0","0","0","9","0","","","","CRASH_2001_Philadelphia"
"2001209040","06","67","67301","67301","2001","01","7","0210","02","3","2","1","4","1","","","N","01","2","00","3","0","2","3","3","N","N","40 00:27.720","75 08:20.040","9999","","9999","","0","","N","","3 ","","","","","","","","","","3","3","0","0","0","0","0","0","0","0","0","2","2","0","0","0","0","0","0","0","0","0","0","0","0","0","0","0","0","0","0","0","0","0","0","4","0","40.0077","-75.1389","","CRASH_2001_Philadelphia"
"2001233145","06","67","67301","67301","2001","04","5","1756","17","1","1","0","1","1","","","N","00","0","00","3","0","1","2","2","N","N","","","9999","","9999","","0","","N","","0 ","","","","","","","","","","1","0","0","0","1","0","0","0","1","0","1","0","1","0","0","0","0","0","0","0","0","0","0","0","0","0","0","0","0","0","0","0","0","0","0","3","0","","","","CRASH_2001_Philadelphia"
"2001240220","06","67","67301","67301","2001","04","7","1700","17","1","1","0","7","5","","","N","00","0","00","3","0","1","1","1","N","N","39 57:30.240","75 12:39.960","9999","","9999","","0","","N","","0 ","","","","","","","","","","1","1","0","0","0","0","0","0","0","0","0","1","1","0","0","0","0","0","0","0","0","0","0","0","0","0","0","0","0","0","0","0","0","0","0","4","0","39.9583","-75.2111","","CRASH_2001_Philadelphia"
"2001238170","06","67","67301","67301","2001","04","5","1755","17","1","1","0","1","1","","","N","01","2","00","3","0","5","5","3","N","N","40 01:31.800","75 07:20.640","9999","","9999","","0","","N","","3 ","","","","","","","","","","3","1","0","0","1","0","0","1","0","0","0","3","3","0","2","0","0","0","0","0","0","0","0","0","0","0","0","0","0","0","0","0","0","0","0","4","0","40.0254","-75.1227","","CRASH_2001_Philadelphia"
"2001239110","06","67","67301","67301","2001","04","5","1800","18","1","1","0","7","5","","","N","02","0","00","3","0","1","1","1","N","N","40 02:45.960","75 00:56.880","9999","","9999","","0","","N","","0 ","","","","","","","","","","1","1","0","0","0","0","0","0","0","0","1","0","1","0","0","0","0","0","0","0","0","0","0","1","0","0","0","0","0","0","0","0","0","0","0","3","0","40.0462","-75.0157","","CRASH_2001_Philadelphia"
"2001208935","06","67","67301","67301","2001","01","6","1845","18","3","2","1","4","1","","","N","01","2","00","3","0","2","4","2","N","N","40 01:22.080","75 08:53.880","9999","","9999","","0","","N","","3 ","","","","","","","","","","2","2","0","0","0","0","0","0","0","0","0","2","2","0","0","0","0","0","0","0","0","0","0","0","0","0","0","0","0","0","0","0","0","0","0","4","0","40.0227","-75.1483","","CRASH_2001_Philadelphia"
"2001213101","06","67","67301","67301","2001","02","1","1510","15","1","1","0","8","5","","","N","01","3","00","3","0","1","2","2","N","N","","","9999","","9999","","0","","N","","3 ","","","","","","","","","","1","1","0","0","0","0","0","0","0","0","0","1","1","0","0","0","0","0","0","0","0","0","0","0","0","0","0","0","0","0","0","0","1","0","0","4","0","","","","CRASH_2001_Philadelphia"
"2001215710","06","67","67301","67301","2001","02","2","1540","15","1","1","0","8","1","","","N","00","0","00","3","0","1","4","2","N","N","","","9999","","9999","","0","","N","","0 ","","","","","","","","","","1","1","0","0","0","0","0","0","0","0","0","0","0","0","1","0","0","0","0","0","0","0","0","0","0","0","0","0","0","0","0","0","1","0","0","9","0","","","","CRASH_2001_Philadelphia"
"2001233130","06","67","67301","67301","2001","03","6","0720","07","1","1","0","5","1","","","N","00","0","00","3","0","2","2","2","N","N","39 59:46.320","75 11:49.920","9999","","9999","","0","","N","","0 ","","","","","","","","","","2","1","0","0","1","0","0","0","0","0","0","0","0","0","2","0","0","0","0","0","1","0","0","0","0","0","0","0","0","0","0","0","0","0","0","9","0","39.9962","-75.1972","","CRASH_2001_Philadelphia"
"2001243329","06","67","67301","67301","2001","04","2","9999","99","1","1","0","4","1","","","N","05","2","00","3","0","1","2","2","N","N","40 03:22.935","75 09:09.367","9999","","9999","","0","","N","","3 ","","","","","","","","","","2","0","1","0","0","0","0","1","0","0","1","0","1","0","0","0","0","0","0","0","0","0","0","0","0","0","0","0","0","0","0","0","0","0","0","3","0","40.0564","-75.1526","","CRASH_2001_Philadelphia"
"2001239082","06","67","67301","67301","2001","04","1","0544","05","5","1","0","4","1","","","N","01","2","00","3","0","3","3","3","N","N","40 02:12.120","75 02:26.880","9999","","9999","","0","","N","","3 ","","","","","","","","","","3","1","0","0","0","0","1","0","0","0","0","3","3","0","0","0","0","1","0","0","0","0","0","1","0","0","0","0","0","0","0","0","0","0","0","4","0","40.0368","-75.0407","","CRASH_2001_Philadelphia"
"2001240253","06","67","67301","67301","2001","04","2","1500","15","1","1","0","8","1","","","N","00","0","00","3","0","1","2","2","N","N","","","9999","","9999","","0","","N","","0 ","","","","","","","","","","1","1","0","0","0","0","0","0","0","0","0","0","0","0","1","0","0","0","0","0","0","0","0","0","0","0","0","0","0","0","0","0","1","0","0","9","0","","","","CRASH_2001_Philadelphia"
"2001245547","06","67","67301","67301","2001","05","5","1115","11","1","1","0","1","1","","","N","01","2","00","3","0","1","3","2","N","N","40 00:39.600","75 05:19.320","9999","","9999","","0","","N","","3 ","","","","","","","","","","2","0","0","1","0","0","0","0","0","0","0","1","1","0","0","0","0","0","0","0","1","0","0","0","0","0","0","0","0","0","0","0","0","0","0","4","1","40.0109","-75.0887","","CRASH_2001_Philadelphia"
"2001209036","06","67","67301","67301","2001","01","6","0030","00","3","1","0","4","1","","","N","01","2","00","3","0","1","2","3","N","N","","","9999","","9999","","0","","N","","3 ","","","","","","","","","","3","2","0","0","0","0","0","0","0","0","0","0","0","0","1","0","0","0","0","0","0","0","0","0","0","0","0","0","0","0","0","0","0","0","0","9","0","","","","CRASH_2001_Philadelphia"
"2001210658","06","67","67301","67301","2001","02","4","1513","15","1","1","1","4","1","","","N","01","2","00","3","0","1","3","2","N","N","39 57:42.120","75 14:19.680","9999","","9999","","0","","N","","3 ","","","","","","","","","","2","2","0","0","0","0","0","0","0","0","0","1","1","0","0","0","0","0","0","0","0","0","1","3","0","0","0","0","0","0","0","0","0","0","0","4","0","39.9617","-75.2388","","CRASH_2001_Philadelphia"
"2001215671","06","67","67301","67301","2001","03","3","2037","20","3","1","0","7","1","","","N","00","0","00","3","0","1","3","1","N","N","40 00:36.360","75 03:51.480","9999","","9999","","0","","N","","0 ","","","","","","","","","","1","1","0","0","0","0","0","0","0","0","0","1","1","0","0","0","0","0","0","0","0","0","0","0","0","0","0","0","0","0","0","0","0","0","0","4","0","40.01","-75.0641","","CRASH_2001_Philadelphia"
"2001223943","06","67","67301","67301","2001","03","1","1350","13","1","1","0","4","1","","","N","00","0","07","3","0","1","2","2","N","N","40 00:00.720","75 13:43.680","9999","","9999","","0","","N","","0 ","","","","","","","","","","2","2","0","0","0","0","0","0","0","0","0","1","1","0","0","0","0","0","0","1","0","0","0","0","0","0","0","0","0","0","0","0","0","0","0","4","0","40.0002","-75.2288","","CRASH_2001_Philadelphia"
"2001240158","06","67","67301","67301","2001","04","2","2145","21","3","1","0","4","1","","","N","01","2","00","3","0","1","2","2","N","N","39 55:00.840","75 14:48.840","9999","","9999","","0","","N","","3 ","","","","","","","","","","2","2","0","0","0","0","0","0","0","0","0","1","1","0","0","0","0","0","0","0","0","0","0","0","0","0","0","0","0","0","0","0","0","0","0","4","0","39.9171","-75.2462","","CRASH_2001_Philadelphia"
"2001015127","06","67","67301","67301","2001","09","3","1915","19","3","1","0","7","7","","","N","07","0","02","3","0","1","1","1","N","N","39 58:05.520","75 07:46.920","1925","","1817","","0","","N","","0 ","","","","","","","","","","1","1","0","0","0","0","0","0","0","0","0","1","1","0","0","0","1","0","0","0","0","0","0","0","0","0","0","0","0","0","0","0","0","0","0","4","0","39.9684","-75.1295","","CRASH_2001_Philadelphia"
"2001205934","06","67","67301","67301","2001","01","1","2130","21","3","1","1","5","1","","","N","00","0","00","3","0","0","3","2","N","N","","","9999","","9999","","0","","N","","0 ","","","","","","","","","","2","0","0","0","0","0","1","1","0","0","0","0","0","0","0","0","0","0","0","0","0","0","0","0","0","0","0","0","0","0","0","0","0","0","0","0","0","","","","CRASH_2001_Philadelphia"
"2001207588","06","67","67301","67301","2001","01","7","0001","00","3","1","1","1","1","","","N","00","0","00","3","0","2","2","2","N","N","39 53:33.000","75 14:04.920","9999","","9999","","0","","N","","0 ","","","","","","","","","","2","2","0","0","0","0","0","0","0","0","0","1","1","0","1","0","0","0","0","0","0","0","0","0","0","0","0","0","0","0","0","0","0","0","0","4","0","39.8925","-75.2347","","CRASH_2001_Philadelphia"
"2001210656","06","67","67301","67301","2001","02","4","1335","13","1","1","0","5","1","","","N","00","0","00","3","0","1","2","2","N","N","39 58:19.920","75 09:33.480","9999","","9999","","0","","N","","0 ","","","","","","","","","","2","1","0","1","0","0","0","0","0","0","0","1","1","0","0","0","0","0","0","0","0","0","1","0","0","0","0","0","0","0","0","0","0","0","0","4","1","39.9722","-75.1593","","CRASH_2001_Philadelphia"
"2001215567","06","67","67301","67301","2001","03","6","0830","08","5","1","0","8","1","","","N","01","2","00","3","0","1","2","2","N","N","39 57:36.000","75 13:29.640","9999","","9999","","0","","N","","3 ","","","","","","","","","","1","1","0","0","0","0","0","0","0","0","0","1","1","0","0","0","0","0","0","0","0","0","0","0","0","0","0","0","0","0","0","0","1","0","0","4","0","39.9599","-75.2249","","CRASH_2001_Philadelphia"
"2001233491","06","67","67301","67301","2001","04","1","0825","08","1","1","0","9","1","","","N","01","2","00","3","0","0","1","3","N","N","40 02:23.726","75 07:13.540","9999","","9999","","0","","N","","3 ","","","","","","","","","","3","1","0","0","0","0","0","0","0","0","0","0","0","0","0","0","0","0","0","0","0","0","0","0","0","0","0","0","0","0","0","0","0","0","0","0","0","40.0399","-75.1204","","CRASH_2001_Philadelphia"
"2001234542","06","67","67301","67301","2001","04","1","1315","13","1","2","1","4","1","","","N","00","0","07","3","0","1","3","2","N","N","","","9999","","9999","","0","","N","","0 ","","","","","","","","","","2","2","0","0","0","0","0","0","0","0","0","1","1","0","0","0","1","0","0","0","0","0","0","0","0","0","0","0","0","0","0","0","0","0","0","4","0","","","","CRASH_2001_Philadelphia"
"2001211504","06","67","67301","67301","2001","02","6","0235","02","3","1","0","8","1","","","N","00","0","00","3","0","2","5","3","N","N","","","9999","","9999","","0","","N","","0 ","","","","","","","","","","1","1","0","0","0","0","0","0","0","0","1","1","2","0","0","0","0","0","0","0","0","0","0","0","0","0","0","0","0","0","0","0","2","0","0","3","0","","","","CRASH_2001_Philadelphia"
"2001215556","06","67","67301","67301","2001","03","6","1530","15","1","1","0","9","1","","","N","00","0","00","3","0","1","2","2","N","N","","","9999","","9999","","0","","N","","0 ","","","","","","","","","","2","0","0","0","0","0","0","0","0","0","0","1","1","0","0","0","0","0","0","0","0","0","0","0","0","0","0","0","0","0","0","0","0","0","0","4","0","","","","CRASH_2001_Philadelphia"
"2001007038","06","67","67301","67301","2001","05","2","1740","17","1","2","1","1","1","","","N","01","2","00","3","0","0","2","2","N","N","39 58:54.939","75 14:21.094","1745","","1740","","0","","N","","3 ","","","","","","","","","","2","2","0","0","0","0","0","0","0","0","0","0","0","0","0","0","0","0","0","0","0","0","0","0","0","0","0","0","0","0","0","0","0","0","0","0","0","39.9819","-75.239","","CRASH_2001_Philadelphia"
"2001206212","06","67","67301","67301","2001","01","6","0900","09","1","2","1","4","1","","","N","00","0","07","3","0","2","2","2","N","N","","","9999","","9999","","0","","N","","0 ","","","","","","","","","","2","2","0","0","0","0","0","0","0","0","0","1","1","0","1","0","0","1","0","0","1","0","0","0","0","0","0","0","0","0","0","0","0","0","0","4","0","","","","CRASH_2001_Philadelphia"
"2001207650","06","67","67301","67301","2001","01","5","1830","18","3","1","1","1","1","","","N","01","2","00","3","0","2","4","2","N","N","39 59:33.720","75 08:46.320","9999","","9999","","0","","N","","3 ","","","","","","","","","","2","2","0","0","0","0","0","0","0","0","0","1","1","0","1","0","0","0","0","0","0","0","0","0","0","0","0","0","0","0","0","0","0","0","0","4","0","39.9928","-75.1461","","CRASH_2001_Philadelphia"
"2001211798","06","67","67301","67301","2001","02","3","0115","01","3","1","5","1","1","","","N","00","0","00","3","0","2","4","4","N","N","39 53:02.040","75 14:41.280","9999","","9999","","0","","N","","0 ","","","","","","","","","","4","4","0","0","0","0","0","0","0","0","2","0","2","0","0","0","0","0","0","0","0","0","0","0","0","0","0","0","0","0","0","0","0","0","0","3","0","39.8839","-75.2446","","CRASH_2001_Philadelphia"
"2001213122","06","67","67301","67301","2001","02","6","1450","14","1","1","1","1","1","","","N","02","3","00","3","0","1","3","3","N","N","39 59:45.600","75 04:34.320","9999","","9999","","0","","N","","3 ","","","","","","","","","","3","3","0","0","0","0","0","0","0","0","0","1","1","0","0","0","0","0","0","1","0","0","0","0","0","0","0","0","0","0","0","0","0","0","0","4","0","39.9959","-75.0762","","CRASH_2001_Philadelphia"
"2001208915","06","67","67301","67301","2001","02","6","0600","06","3","1","0","7","1","","","N","00","0","00","3","0","0","1","1","N","N","","","9999","","9999","","0","","N","","0 ","","","","","","","","","","1","1","0","0","0","0","0","0","0","0","0","0","0","0","0","0","0","0","0","0","0","0","0","0","0","0","0","0","0","0","0","0","0","0","0","0","0","","","","CRASH_2001_Philadelphia"
"2001233094","06","67","67301","67301","2001","04","5","9999","99","3","1","0","7","5","","","N","00","0","07","3","0","0","1","1","N","N","","","9999","","9999","","0","","N","","0 ","","","","","","","","","","1","1","0","0","0","0","0","0","0","0","0","0","0","0","0","0","0","0","0","0","0","0","0","0","0","0","0","0","0","0","0","0","0","0","0","0","0","","","","CRASH_2001_Philadelphia"
"2001233189","06","67","67301","67301","2001","04","2","1207","12","1","1","0","4","1","","","N","01","3","00","3","0","0","2","2","N","N","","","9999","","9999","","0","","N","","3 ","","","","","","","","","","2","2","0","0","0","0","0","0","0","0","0","0","0","0","0","0","0","0","0","0","0","0","0","0","0","0","0","0","0","0","0","0","0","0","0","0","0","","","","CRASH_2001_Philadelphia"
"2001238260","06","67","67301","67301","2001","04","7","1452","14","1","1","0","8","1","","","N","01","2","00","3","0","1","2","2","N","N","39 54:14.400","75 14:25.080","9999","","9999","","0","","N","","3 ","","","","","","","","","","1","1","0","0","0","0","0","0","0","0","0","1","1","0","0","0","0","0","0","0","0","0","0","0","0","0","0","0","0","0","0","0","1","0","0","4","0","39.904","-75.2401","","CRASH_2001_Philadelphia"
"2001200549","06","67","67301","67301","2001","01","3","1035","10","1","1","0","4","1","","","N","01","2","00","3","0","2","3","2","N","N","39 59:40.772","75 08:50.830","9999","","9999","","0","","N","","3 ","","","","","","","","","","2","2","0","0","0","0","0","0","0","0","1","1","2","0","0","0","0","0","0","0","0","0","0","0","0","0","0","0","0","0","0","0","0","0","0","3","0","39.9947","-75.1475","","CRASH_2001_Philadelphia"
"2001208965","06","67","67301","67301","2001","01","6","2116","21","3","1","0","7","5","","","N","07","0","02","3","0","2","2","1","N","N","40 00:20.160","75 11:45.240","9999","","9999","","0","","N","","0 ","","","","","","","","","","1","1","0","0","0","0","0","0","0","0","1","1","2","0","0","0","0","0","0","0","0","0","0","0","0","0","0","0","0","0","0","0","0","0","0","3","0","40.0058","-75.1963","","CRASH_2001_Philadelphia"
"2001211386","06","67","67301","67301","2001","02","1","0215","02","3","1","0","4","1","","","N","01","1","00","3","0","2","2","2","N","N","39 57:41.400","75 13:28.200","9999","","9999","","0","","N","","3 ","","","","","","","","","","2","2","0","0","0","0","0","0","0","0","0","0","0","0","2","0","0","0","0","0","0","1","0","0","0","0","0","0","0","0","0","0","0","0","0","9","0","39.9615","-75.2245","","CRASH_2001_Philadelphia"
"2001211737","06","67","67301","67301","2001","02","6","1120","11","1","1","0","4","1","","","N","02","3","00","3","0","0","2","2","N","N","40 01:03.000","75 09:01.800","9999","","9999","","0","","N","","3 ","","","","","","","","","","2","2","0","0","0","0","0","0","0","0","0","0","0","0","0","0","0","0","0","0","0","0","0","0","0","0","0","0","0","0","0","0","0","0","0","0","0","40.0175","-75.1504","","CRASH_2001_Philadelphia"
"2001239037","06","67","67301","67301","2001","04","7","0455","04","3","1","0","9","1","","","N","00","0","00","3","0","0","1","2","N","N","","","9999","","9999","","0","","N","","0 ","","","","","","","","","","2","1","0","0","0","0","0","0","0","0","0","0","0","0","0","0","0","0","0","0","0","0","0","0","0","0","0","0","0","0","0","0","0","0","0","0","0","","","","CRASH_2001_Philadelphia"
"2001010082","06","67","67301","46104","2001","06","2","1447","14","1","1","0","1","1","","","N","00","2","07","3","0","1","2","2","N","N","39 59:43.265","75 14:21.763","1448","","1447","","0","","N","","3 ","","","","","","","","","","2","2","0","0","0","0","0","0","0","0","0","1","1","0","0","0","0","0","0","0","0","0","0","0","0","0","0","0","0","0","0","0","0","0","0","4","0","39.9953","-75.2392","","CRASH_2001_Philadelphia"
"2001208926","06","67","67301","67301","2001","01","2","0140","01","3","1","0","9","1","","","N","00","0","00","3","0","1","1","2","N","N","","","9999","","9999","","0","","N","","0 ","","","","","","","","","","2","1","0","0","0","0","0","0","0","0","0","1","1","0","0","0","0","0","1","0","0","0","0","0","0","0","0","0","0","0","0","0","0","0","0","4","0","","","","CRASH_2001_Philadelphia"
"2001211423","06","67","67301","67301","2001","02","3","0820","08","1","2","1","4","1","","","N","01","3","00","3","0","2","2","2","N","N","40 02:40.668","75 06:26.171","9999","","9999","","0","","N","","3 ","","","","","","","","","","2","2","0","0","0","0","0","0","0","0","0","1","1","0","1","0","0","0","0","0","0","1","0","0","0","0","0","0","0","0","0","0","0","0","0","4","0","40.0446","-75.1073","","CRASH_2001_Philadelphia"
"2001214582","06","67","67301","67301","2001","02","3","1015","10","1","1","0","8","1","","","N","00","0","00","3","0","1","2","2","N","N","","","9999","","9999","","0","","N","","0 ","","","","","","","","","","1","1","0","0","0","0","0","0","0","0","0","1","1","0","0","0","0","0","0","0","0","0","0","0","0","0","0","0","0","0","0","0","1","0","0","4","0","","","","CRASH_2001_Philadelphia"