"CRN","DISTRICT","COUNTY","MUNICIPALITY","POLICE_AGCY","CRASH_YEAR","CRASH_MONTH","DAY_OF_WEEK","TIME_OF_DAY","HOUR_OF_DAY","ILLUMINATION","WEATHER","ROAD_CONDITION","COLLISION_TYPE","RELATION_TO_ROAD","WORK_ZONE_TYPE","WORK_ZONE_LOC","WORK_ZONE_IND","INTERSECT_TYPE","TCD_TYPE","LOCATION_TYPE","URBAN_RURAL","FATAL_COUNT","INJURY_COUNT","PERSON_COUNT","TOTAL_UNITS","SCH_BUS_IND","SCH_ZONE_IND","LATITUDE","LONGITUDE","ARRIVAL_TM","CONS_ZONE_SPD_LIM","DISPATCH_TM","EST_HRS_CLOSED","LANE_CLOSED","LN_CLOSE_DIR","NTFY_HIWY_MAINT","SPEC_JURIS_CD","TCD_FUNC_CD","TFC_DETOUR_IND","WORKERS_PRES","WZ_CLOSE_DETOUR","WZ_FLAGGER","WZ_LAW_OFFCR_IND","WZ_LN_CLOSURE","WZ_MOVING","WZ_OTHER","WZ_SHLDER_MDN","VEHICLE_COUNT","AUTOMOBILE_COUNT","MOTORCYCLE_COUNT","BUS_COUNT","SMALL_TRUCK_COUNT","HEAVY_TRUCK_COUNT","SUV_COUNT","VAN_COUNT","BICYCLE_COUNT","MAJ_INJ_COUNT","MOD_INJ_COUNT","MIN_INJ_COUNT","TOT_INJ_COUNT","UNK_INJ_DEG_COUNT","UNK_INJ_PER_COUNT","DRIVER_COUNT_16YR","DRIVER_COUNT_17YR","DRIVER_COUNT_18YR","DRIVER_COUNT_19YR","DRIVER_COUNT_20YR","DRIVER_COUNT_50_64YR","DRIVER_COUNT_65_74YR","DRIVER_COUNT_75PLUS","UNBELTED_OCC_COUNT","UNB_DEATH_COUNT","UNB_MAJ_INJ_COUNT","BELTED_DEATH_COUNT","BELTED_MAJ_INJ_COUNT","MCYCLE_DEATH_COUNT","MCYCLE_MAJ_INJ_COUNT","BICYCLE_DEATH_COUNT","BICYCLE_MAJ_INJ_COUNT","PED_COUNT","PED_DEATH_COUNT","PED_MAJ_INJ_COUNT","MAX_SEVERITY_LEVEL","COMM_VEH_COUNT","DEC_LAT","DEC_LONG","RDWY_SURF_TYPE_CD","COUNTY_YEAR"
"2001215477","06","67","67301","67301","2001","03","4","1555","15","1","1","0","8","1","","","N","01","3","00","3","0","1","2","2","N","N","40 04:35.040","75 04:19.920","9999","","9999","","0","","N","","3 ","","","","","","","","","","1","0","0","0","1","0","0","0","0","0","0","1","1","0","0","0","0","0","0","0","0","0","0","0","0","0","0","0","0","0","0","0","1","0","0","4","0","40.0765","-75.0722","","CRASH_2001_Philadelphia"
"2001216881","06","67","67301","67301","2001","03","4","2010","20","3","1","0","1","1","","","N","06","4","02","3","0","0","2","2","N","N","40 06:23.040","74 59:41.280","9999","","9999","","0","","N","","3 ","","","","","","","","","","2","1","0","0","0","0","1","0","0","0","0","0","0","0","0","0","0","0","0","0","0","0","0","0","0","0","0","0","0","0","0","0","0","0","0","0","0","40.1063","-74.995","","CRASH_2001_Philadelphia"
"2001240036","06","67","67301","67301","2001","04","4","1250","12","1","1","0","8","1","","","N","00","0","00","3","0","1","2","2","N","N","40 00:21.960","75 09:07.200","9999","","9999","","0","","N","","0 ","","","","","","","","","","1","1","0","0","0","0","0","0","0","0","1","0","1","0","0","0","0","0","0","0","0","0","1","0","0","0","0","0","0","0","0","0","1","0","0","3","0","40.006","-75.1518","","CRASH_2001_Philadelphia"
"2001240163","06","67","67301","67301","2001","04","5","1945","19","1","1","0","8","1","","","N","01","3","00","3","0","1","2","2","N","N","","","9999","","9999","","0","","N","","3 ","","","","","","","","","","1","1","0","0","0","0","0","0","0","0","0","1","1","0","0","0","0","0","0","0","1","0","0","0","0","0","0","0","0","0","0","0","1","0","0","4","0","","","","CRASH_2001_Philadelphia"
"2001207627","06","67","67301","67301","2001","01","5","0845","08","1","1","0","4","1","","","N","01","2","00","3","0","2","2","2","N","N","40 03:10.440","75 09:10.440","9999","","9999","","0","","N","","3 ","","","","","","","","","","2","1","0","0","0","0","0","0","0","0","0","1","1","0","1","0","0","0","0","0","0","0","0","0","0","0","0","0","0","0","0","0","0","0","0","4","0","40.0528","-75.1528","","CRASH_2001_Philadelphia"
"2001214338","06","67","67301","67301","2001","02","7","1700","17","1","1","0","8","1","","","N","02","0","00","3","0","1","2","2","N","N","40 02:20.446","75 07:32.933","9999","","9999","","0","","N","","0 ","","","","","","","","","","1","1","0","0","0","0","0","0","0","0","1","0","1","0","0","0","0","0","0","0","0","0","0","0","0","0","0","0","0","0","0","0","1","0","0","3","0","40.039","-75.1258","","CRASH_2001_Philadelphia"
"2001216887","06","67","67301","67301","2001","03","4","1830","18","3","1","0","8","1","","","N","00","0","00","3","0","1","2","2","N","N","","","9999","","9999","","0","","N","","0 ","","","","","","","","","","1","1","0","0","0","0","0","0","0","0","1","0","1","0","0","0","0","0","0","0","0","0","0","0","0","0","0","0","0","0","0","0","1","0","0","3","0","","","","CRASH_2001_Philadelphia"
"2001210781","06","67","67301","67301","2001","02","3","1431","14","1","1","1","4","1","","","N","03","0","00","3","0","1","2","2","N","N","","","9999","","9999","","0","","N","","0 ","","","","","","","","","","2","2","0","0","0","0","0","0","0","0","0","1","1","0","0","0","0","0","0","0","0","0","0","0","0","0","0","0","0","0","0","0","0","0","0","4","0","","","","CRASH_2001_Philadelphia"
"2001210881","06","67","67301","67301","2001","01","4","2004","20","3","1","0","7","1","","","N","00","0","00","3","0","1","1","1","N","N","39 55:56.280","75 12:00.000","9999","","9999","","0","","N","","0 ","","","","","","","","","","1","0","0","0","0","1","0","0","0","0","1","0","1","0","0","0","0","0","0","0","0","0","0","0","0","0","0","0","0","0","0","0","0","0","0","3","1","39.9323","-75.2","","CRASH_2001_Philadelphia"
"2001213088","06","67","67301","67301","2001","02","7","2310","23","3","1","0","4","1","","","N","01","2","00","3","0","8","10","3","N","N","40 04:50.160","75 01:42.240","9999","","9999","","0","","N","","3 ","","","","","","","","","","3","2","0","0","0","0","1","0","0","0","2","4","6","0","2","0","0","0","0","1","0","0","0","0","0","0","0","0","0","0","0","0","0","0","0","3","0","40.0808","-75.0286","","CRASH_2001_Philadelphia"
"2001216981","06","67","67301","67301","2001","03","2","1524","15","1","1","0","7","5","","","N","00","0","00","3","0","0","1","1","N","N","40 01:53.040","75 05:09.960","9999","","9999","","0","","N","","0 ","","","","","","","","","","1","1","0","0","0","0","0","0","0","0","0","0","0","0","0","0","0","0","0","0","0","0","0","0","0","0","0","0","0","0","0","0","0","0","0","0","0","40.0312","-75.0865","","CRASH_2001_Philadelphia"
"2001240206","06","67","67301","67301","2001","04","3","1612","16","1","1","0","4","1","","","N","01","3","00","3","0","1","2","2","N","N","39 58:43.744","75 10:53.201","9999","","9999","","0","","N","","3 ","","","","","","","","","","1","0","0","0","0","0","1","0","1","0","0","1","1","0","0","0","0","0","0","0","0","0","0","0","0","0","0","0","0","0","0","0","0","0","0","4","0","39.9788","-75.1814","","CRASH_2001_Philadelphia"
"2001240950","06","67","67301","67301","2001","04","7","1331","13","1","1","0","8","1","","","N","00","0","00","3","0","1","2","2","N","N","39 57:36.360","75 13:29.640","9999","","9999","","0","","N","","0 ","","","","","","","","","","1","0","0","0","0","0","0","1","0","0","0","1","1","0","0","0","0","0","0","0","0","0","0","0","0","0","0","0","0","0","0","0","1","0","0","4","0","39.96","-75.2249","","CRASH_2001_Philadelphia"
"2001007166","06","67","67301","67301","2001","06","1","1828","18","1","1","0","4","1","","","N","01","2","00","3","0","2","3","2","N","N","40 04:50.160","75 01:42.240","1833","","1828","","0","","N","","3 ","","","","","","","","","","2","2","0","0","0","0","0","0","0","0","1","1","2","0","0","0","0","0","2","0","0","0","0","0","0","0","0","0","0","0","0","0","0","0","0","3","0","40.0809","-75.0288","","CRASH_2001_Philadelphia"
"2001019513","06","67","67301","67301","2001","06","2","0033","00","3","1","0","4","1","","","N","01","0","00","3","0","3","3","2","N","N","40 04:20.862","75 11:16.681","0039","","0037","","0","","N","","0 ","","","","","","","","","","2","2","0","0","0","0","0","0","0","0","0","3","3","0","0","0","0","1","1","0","0","0","0","0","0","0","0","0","0","0","0","0","0","0","0","4","0","40.0725","-75.1881","","CRASH_2001_Philadelphia"
"2001204509","06","67","67301","67301","2001","01","5","0820","08","1","1","3","4","1","","","N","01","2","00","3","0","1","2","2","N","N","39 57:45.000","75 12:58.680","9999","","9999","","0","","N","","3 ","","","","","","","","","","2","2","0","0","0","0","0","0","0","0","0","1","1","0","0","0","0","0","0","0","1","0","0","0","0","0","0","0","0","0","0","0","0","0","0","4","0","39.9624","-75.2158","","CRASH_2001_Philadelphia"
"2001210664","06","67","67301","67301","2001","02","7","9999","99","1","1","0","9","1","","","N","00","0","00","3","0","1","1","2","N","N","39 59:30.480","75 05:04.200","9999","","9999","","0","","N","","0 ","","","","","","","","","","2","1","0","0","0","0","0","0","0","0","0","1","1","0","0","0","0","0","0","0","0","1","0","0","0","0","0","0","0","0","0","0","0","0","0","4","0","39.9916","-75.0846","","CRASH_2001_Philadelphia"
"2001233522","06","67","67301","67301","2001","03","6","0332","03","3","2","1","7","5","","","N","00","0","00","3","0","0","1","1","N","N","40 02:55.680","74 59:48.840","9999","","9999","","0","","N","","0 ","","","","","","","","","","1","1","0","0","0","0","0","0","0","0","0","0","0","0","0","0","0","0","0","0","0","0","0","0","0","0","0","0","0","0","0","0","0","0","0","0","0","40.0491","-74.9974","","CRASH_2001_Philadelphia"
"2001243628","06","67","67301","67301","2001","04","6","1413","14","1","1","0","8","1","1","8","Y","00","0","00","3","0","1","2","2","N","N","","","9999","99","9999","","0","","N","","0 ","","U","","","U","","","","","1","1","0","0","0","0","0","0","0","0","0","1","1","0","0","0","0","0","0","0","0","0","0","0","0","0","0","0","0","0","0","0","1","0","0","4","0","","","","CRASH_2001_Philadelphia"
"2001244722","06","67","67301","67301","2001","05","3","1700","17","1","1","0","8","1","","","N","01","1","00","3","0","1","2","2","N","N","39 57:25.920","75 13:39.000","9999","","9999","","0","","N","","3 ","","","","","","","","","","1","1","0","0","0","0","0","0","0","0","0","1","1","0","0","0","0","0","0","0","0","0","0","0","0","0","0","0","0","0","0","0","1","0","0","4","0","39.9572","-75.2275","","CRASH_2001_Philadelphia"
"2001204591","06","67","67301","67301","2001","01","1","0340","03","3","1","0","9","1","","","N","02","0","00","3","0","1","1","2","N","N","40 05:44.901","74 59:28.492","9999","","9999","","0","","N","","0 ","","","","","","","","","","2","1","0","0","0","0","0","0","0","0","0","1","1","0","0","0","0","0","0","0","0","0","0","0","0","0","0","0","0","0","0","0","0","0","0","4","0","40.0958","-74.9912","","CRASH_2001_Philadelphia"
"2001233351","06","67","67301","67301","2001","03","4","1515","15","1","2","1","8","1","","","N","00","0","00","3","0","1","2","2","N","N","","","9999","","9999","","0","","N","","0 ","","","","","","","","","","1","1","0","0","0","0","0","0","0","0","0","1","1","0","0","0","0","0","0","0","0","0","0","0","0","0","0","0","0","0","0","0","1","0","0","4","0","","","","CRASH_2001_Philadelphia"
"2001007154","06","67","67301","67301","2001","05","7","2200","22","3","1","0","5","1","","","N","00","0","00","3","0","0","1","2","N","N","40 03:08.430","75 14:10.683","2215","","2210","","0","","N","","0 ","","","","","","","","","","2","2","0","0","0","0","0","0","0","0","0","0","0","0","0","0","0","0","0","0","0","0","0","0","0","0","0","0","0","0","0","0","0","0","0","0","0","40.0521","-75.2363","","CRASH_2001_Philadelphia"
"2001017601","06","67","67301","67301","2001","05","2","0655","06","1","2","1","7","4","","","N","00","0","00","3","0","0","1","1","N","N","40 01:13.000","75 09:33.300","0711","","0702","","0","","N","","0 ","","","","","","","","","","1","1","0","0","0","0","0","0","0","0","0","0","0","0","0","0","0","0","0","0","0","0","0","0","0","0","0","0","0","0","0","0","0","0","0","0","0","40.0206","-75.1591","","CRASH_2001_Philadelphia"
"2001204107","06","67","67301","67301","2001","01","3","1506","15","1","1","0","4","1","","","N","02","0","00","3","0","1","3","2","N","N","39 55:28.560","75 13:37.200","9999","","9999","","0","","N","","0 ","","","","","","","","","","1","1","0","0","0","0","0","0","1","0","1","0","1","0","0","0","0","0","0","0","0","0","0","2","0","0","0","0","0","0","0","0","0","0","0","3","0","39.9246","-75.2268","","CRASH_2001_Philadelphia"
"2001209648","06","67","67301","67301","2001","02","6","2207","22","3","1","0","7","1","","","N","00","0","00","3","0","0","1","1","N","N","40 01:21.360","75 02:12.120","9999","","9999","","0","","N","","0 ","","","","","","","","","","1","1","0","0","0","0","0","0","0","0","0","0","0","0","0","0","0","0","0","0","1","0","0","1","0","0","0","0","0","0","0","0","0","0","0","0","0","40.0226","-75.0366","","CRASH_2001_Philadelphia"
"2001209655","06","67","67301","67301","2001","02","7","1025","10","1","1","0","4","1","","","N","01","2","00","3","0","1","3","2","N","N","","","9999","","9999","","0","","N","","3 ","","","","","","","","","","2","1","0","1","0","0","0","0","0","0","0","1","1","0","0","0","0","0","0","0","0","0","0","0","0","0","0","0","0","0","0","0","0","0","0","4","1","","","","CRASH_2001_Philadelphia"
"2001238130","06","67","67301","67301","2001","04","3","1145","11","1","1","0","7","5","","","N","00","0","00","3","0","0","1","1","N","N","40 04:54.120","74 59:38.400","9999","","9999","","0","","N","","0 ","","","","","","","","","","1","0","0","0","1","0","0","0","0","0","0","0","0","0","0","0","0","0","0","0","0","0","0","0","0","0","0","0","0","0","0","0","0","0","0","0","0","40.0818","-74.9942","","CRASH_2001_Philadelphia"
"2001008626","06","67","67301","67301","2001","05","2","1905","19","4","1","0","4","1","","","N","01","2","00","3","0","6","6","2","N","N","40 00:33.120","75 09:03.240","1923","","1920","","0","","N","","3 ","","","","","","","","","","2","1","0","0","1","0","0","0","0","0","0","6","6","0","0","0","0","0","0","0","0","0","0","0","0","0","0","0","0","0","0","0","0","0","0","4","0","40.0092","-75.1508","","CRASH_2001_Philadelphia"
"2001019280","06","67","67301","67301","2001","10","1","1350","13","1","1","0","5","1","","","N","00","0","03","3","0","1","6","2","N","N","39 57:14.764","75 11:22.078","1353","","1350","","0","","N","","0 ","","","","","","","","","","2","1","0","0","1","0","0","0","0","0","0","1","1","0","0","1","0","0","0","0","1","0","0","0","0","0","0","0","0","0","0","0","0","0","0","4","0","39.9525","-75.1896","","CRASH_2001_Philadelphia"
"2001019693","06","67","67301","67301","2001","06","6","1430","14","1","2","1","7","2","","","N","07","0","02","3","0","2","2","1","N","N","39 59:11.247","75 05:30.014","1446","","1440","","0","","N","","0 ","","","","","","","","","","1","1","0","0","0","0","0","0","0","0","0","2","2","0","0","0","0","0","0","1","0","0","0","0","0","0","0","0","0","0","0","0","0","0","0","4","0","39.9864","-75.0918","","CRASH_2001_Philadelphia"
"2001217033","06","67","67301","67301","2001","03","2","1530","15","1","1","1","1","1","","","N","01","2","02","3","0","1","2","2","N","N","39 54:37.440","75 09:03.600","9999","","9999","","0","","N","","3 ","","","","","","","","","","2","2","0","0","0","0","0","0","0","0","0","1","1","0","0","0","0","0","0","1","0","0","0","0","0","0","0","0","0","0","0","0","0","0","0","4","0","39.9104","-75.151","","CRASH_2001_Philadelphia"
"2001205969","06","67","67301","67301","2001","01","4","0539","05","3","1","6","4","1","","","N","01","3","00","3","0","1","2","3","N","N","40 00:29.160","75 08:32.640","9999","","9999","","0","","N","","3 ","","","","","","","","","","3","1","0","0","1","0","0","0","0","0","0","0","0","0","1","0","0","0","0","0","0","0","0","0","0","0","0","0","0","0","0","0","0","0","0","9","0","40.0081","-75.1424","","CRASH_2001_Philadelphia"
"2001215666","06","67","67301","67301","2001","03","4","1650","16","1","1","0","1","1","","","N","01","0","00","3","0","1","3","2","N","N","40 01:44.760","75 06:19.080","9999","","9999","","0","","N","","0 ","","","","","","","","","","2","1","0","0","0","0","1","0","0","0","0","1","1","0","0","0","0","0","0","0","0","0","0","0","0","0","0","0","0","0","0","0","0","0","0","4","0","40.0291","-75.1053","","CRASH_2001_Philadelphia"
"2001240020","06","67","67301","67301","2001","04","1","2122","21","3","2","1","1","1","","","N","00","0","00","3","0","0","3","2","N","N","","","9999","","9999","","0","","N","","0 ","","","","","","","","","","2","2","0","0","0","0","0","0","0","0","0","0","0","0","0","0","0","0","1","0","1","0","0","0","0","0","0","0","0","0","0","0","0","0","0","0","0","","","","CRASH_2001_Philadelphia"
"2001019550","06","67","67301","67301","2001","05","3","0342","03","3","1","0","5","1","","","N","01","0","00","3","0","1","2","2","N","N","39 56:12.015","75 10:01.216","2342","","2342","","0","","N","","0 ","","","","","","","","","","1","1","0","0","0","0","0","0","1","0","0","1","1","0","0","0","0","0","0","0","0","0","0","1","0","0","0","0","0","0","0","0","0","0","0","4","0","40.0238","-75.1339","","CRASH_2001_Philadelphia"
"2001207365","06","67","67301","67301","2001","01","1","0840","08","1","1","0","9","1","","","N","00","0","00","3","0","2","2","2","N","N","","","9999","","9999","","0","","N","","0 ","","","","","","","","","","2","1","0","0","0","0","0","0","0","0","0","2","2","0","0","0","0","0","0","0","0","0","0","0","0","0","0","0","0","0","0","0","0","0","0","4","0","","","","CRASH_2001_Philadelphia"
"2001207456","06","67","67301","67301","2001","01","7","1800","18","3","1","0","8","1","","","N","02","3","00","3","0","1","2","2","N","N","39 58:00.098","75 14:49.322","9999","","9999","","0","","N","","3 ","","","","","","","","","","1","1","0","0","0","0","0","0","0","0","0","0","0","0","1","0","0","0","0","0","0","0","0","0","0","0","0","0","0","0","0","0","1","0","0","9","0","39.9667","-75.247","","CRASH_2001_Philadelphia"
"2001208987","06","67","67301","67301","2001","01","3","1945","19","3","1","0","4","1","","","N","00","0","00","3","0","2","4","2","N","N","39 59:56.040","75 07:59.160","9999","","9999","","0","","N","","0 ","","","","","","","","","","2","2","0","0","0","0","0","0","0","0","0","0","0","0","2","0","0","0","0","0","1","0","0","0","0","0","0","0","0","0","0","0","0","0","0","9","0","39.999","-75.1331","","CRASH_2001_Philadelphia"
"2001214623","06","67","67301","67301","2001","02","3","0954","09","1","1","0","7","1","","","N","00","0","00","3","0","0","1","1","N","N","40 03:28.800","75 02:27.240","9999","","9999","","0","","N","","0 ","","","","","","","","","","1","1","0","0","0","0","0","0","0","0","0","0","0","0","0","0","0","0","0","0","0","1","0","0","0","0","0","0","0","0","0","0","0","0","0","0","0","40.058","-75.041","","CRASH_2001_Philadelphia"
"2001233440","06","67","67301","67301","2001","03","7","9999","99","3","1","0","7","5","","","N","00","0","00","3","0","1","1","1","N","N","","","9999","","9999","","0","","N","","0 ","","","","","","","","","","1","1","0","0","0","0","0","0","0","0","0","0","0","0","1","0","0","0","0","0","0","0","0","0","0","0","0","0","0","0","0","0","0","0","0","9","0","","","","CRASH_2001_Philadelphia"
"2001239022","06","67","67301","67301","2001","04","4","2235","22","3","2","1","4","1","","","N","01","2","00","3","0","2","3","2","N","N","40 01:27.922","75 08:48.832","9999","","9999","","0","","N","","3 ","","","","","","","","","","2","1","0","0","0","0","0","0","0","0","0","2","2","0","0","0","0","0","0","0","0","0","0","0","0","0","0","0","0","0","0","0","0","0","0","4","0","40.0244","-75.1469","","CRASH_2001_Philadelphia"
"2001008692","06","67","67301","67301","2001","06","1","1720","17","1","1","0","4","1","","","N","01","2","00","3","0","4","5","2","N","N","40 02:40.200","75 07:09.840","1725","","1721","","0","","N","","3 ","","","","","","","","","","2","2","0","0","0","0","0","0","0","0","0","4","4","0","0","0","0","0","0","0","1","0","0","0","0","0","0","0","0","0","0","0","0","0","0","4","0","40.0445","-75.1194","","CRASH_2001_Philadelphia"
"2001207345","06","67","67301","67301","2001","01","3","0930","09","1","1","0","2","1","","","N","00","0","00","3","0","4","4","2","N","N","","","9999","","9999","","0","","N","","0 ","","","","","","","","","","2","2","0","0","0","0","0","0","0","4","0","0","4","0","0","0","0","0","0","0","1","0","0","0","0","0","0","4","0","0","0","0","0","0","0","2","0","40.0671","-75.0935","","CRASH_2001_Philadelphia"
"2001211471","06","67","67301","67301","2001","01","6","0945","09","1","1","0","8","1","","","N","01","0","00","3","0","1","2","2","N","N","39 59:28.680","75 08:07.800","9999","","9999","","0","","N","","0 ","","","","","","","","","","1","1","0","0","0","0","0","0","0","0","1","0","1","0","0","0","0","0","0","0","0","0","0","0","0","0","0","0","0","0","0","0","1","0","0","3","0","39.9913","-75.1355","","CRASH_2001_Philadelphia"
"2001233456","06","67","67301","67301","2001","03","6","2247","22","3","1","0","4","1","","","N","01","3","00","3","0","1","2","2","N","N","39 58:32.703","75 08:46.823","9999","","9999","","0","","N","","3 ","","","","","","","","","","2","1","0","0","0","0","1","0","0","0","0","1","1","0","0","0","0","0","0","0","0","0","0","1","0","0","0","0","0","0","0","0","0","0","0","4","0","39.9758","-75.1463","","CRASH_2001_Philadelphia"
"2001204115","06","67","67301","67301","2001","01","2","0408","04","3","1","1","7","5","","","N","00","0","00","3","0","1","1","1","N","N","39 58:07.680","75 07:36.840","9999","","9999","","0","","N","","0 ","","","","","","","","","","1","1","0","0","0","0","0","0","0","1","0","0","1","0","0","0","0","0","0","1","0","0","0","0","0","0","0","0","0","0","0","0","0","0","0","2","0","39.9682","-75.1277","","CRASH_2001_Philadelphia"
"2001210673","06","67","67301","67301","2001","02","6","2025","20","3","1","0","1","1","","","N","00","0","00","3","0","1","2","2","N","N","39 57:42.480","75 10:58.080","9999","","9999","","0","","N","","0 ","","","","","","","","","","2","0","0","0","0","2","0","0","0","0","1","0","1","0","0","0","0","0","0","0","0","0","0","0","0","0","0","0","0","0","0","0","0","0","0","3","1","39.9618","-75.1828","","CRASH_2001_Philadelphia"
"2001210868","06","67","67301","67301","2001","02","5","1911","19","3","1","0","8","1","","","N","01","2","00","3","0","1","2","2","N","N","39 57:00.360","75 08:44.520","9999","","9999","","0","","N","","3 ","","","","","","","","","","1","1","0","0","0","0","0","0","0","0","0","1","1","0","0","0","0","0","0","0","0","0","0","1","0","0","0","0","0","0","0","0","1","0","0","4","0","39.9502","-75.1456","","CRASH_2001_Philadelphia"
"2001214374","06","67","67301","67301","2001","02","5","1522","15","1","4","3","6","1","","","N","00","0","00","3","0","3","4","3","N","N","","","9999","","9999","","0","","N","","0 ","","","","","","","","","","3","3","0","0","0","0","0","0","0","0","0","3","3","0","0","0","0","0","0","0","1","1","0","0","0","0","0","0","0","0","0","0","0","0","0","4","0","","","","CRASH_2001_Philadelphia"
"2001233246","06","67","67301","67301","2001","04","2","1435","14","1","1","0","1","1","","","N","00","0","00","3","0","2","4","2","N","N","39 57:48.240","75 11:02.040","9999","","9999","","0","","N","","0 ","","","","","","","","","","2","1","0","0","0","0","1","0","0","0","0","0","0","0","2","0","0","0","0","0","0","0","0","0","0","0","0","0","0","0","0","0","0","0","0","9","0","39.9634","-75.1838","","CRASH_2001_Philadelphia"
"2001212901","06","67","67301","67301","2001","02","6","1004","10","1","1","0","4","1","","","N","01","2","00","3","0","0","2","2","N","N","39 57:25.920","75 12:51.480","9999","","9999","","0","","N","","3 ","","","","","","","","","","2","1","0","0","0","0","1","0","0","0","0","0","0","0","0","0","0","0","0","0","0","0","0","0","0","0","0","0","0","0","0","0","0","0","0","0","0","39.9571","-75.2143","","CRASH_2001_Philadelphia"
"2001233097","06","67","67301","67301","2001","04","5","0105","01","3","1","0","9","1","","","N","00","0","00","3","0","0","1","2","N","N","39 57:19.800","75 12:02.160","9999","","9999","","0","","N","","0 ","","","","","","","","","","2","1","0","0","0","0","0","0","0","0","0","0","0","0","0","0","0","0","0","0","0","0","0","0","0","0","0","0","0","0","0","0","0","0","0","0","0","39.9554","-75.2006","","CRASH_2001_Philadelphia"
"2001019574","06","67","67301","67301","2001","05","5","0655","06","1","1","1","1","1","","","N","02","3","00","3","0","1","2","2","N","N","39 57:57.836","75 13:39.520","0730","","0722","","0","","N","","3 ","","","","","","","","","","2","1","0","1","0","0","0","0","0","0","0","1","1","0","0","0","0","0","0","0","1","0","0","0","0","0","0","0","0","0","0","0","0","0","0","4","1","39.9653","-75.2255","","CRASH_2001_Philadelphia"
"2001231090","06","67","67301","67301","2001","03","1","0740","07","1","1","0","9","1","","","N","00","0","00","3","0","1","1","2","N","N","","","9999","","9999","","0","","N","","0 ","","","","","","","","","","2","1","0","0","0","0","0","0","0","0","0","0","0","0","1","0","0","0","0","0","0","0","0","1","0","0","0","0","0","0","0","0","0","0","0","9","0","","","","CRASH_2001_Philadelphia"
"2001208910","06","67","67301","67301","2001","01","3","0825","08","1","2","1","4","1","","","N","02","0","00","3","0","0","2","2","N","N","40 01:33.960","75 11:58.200","9999","","9999","","0","","N","","0 ","","","","","","","","","","2","1","0","0","1","0","0","0","0","0","0","0","0","0","0","0","0","0","0","0","0","0","0","0","0","0","0","0","0","0","0","0","0","0","0","0","0","40.026","-75.1994","","CRASH_2001_Philadelphia"
"2001010383","06","67","67301","67301","2001","06","5","2230","22","3","1","0","8","1","","","N","01","2","00","3","0","1","2","2","N","N","40 02:40.200","75 07:09.840","2250","","2238","","0","","N","","3 ","","","","","","","","","","1","1","0","0","0","0","0","0","0","0","0","1","1","0","0","0","0","0","0","0","0","0","0","0","0","0","0","0","0","0","0","0","1","0","0","4","0","40.0445","-75.1194","","CRASH_2001_Philadelphia"
"2001209067","06","67","67301","67301","2001","01","2","1630","16","1","1","0","4","1","","","N","05","1","00","3","0","0","2","2","N","N","39 58:12.000","75 07:28.920","9999","","9999","","0","","N","","3 ","","","","","","","","","","2","0","0","0","1","0","0","1","0","0","0","0","0","0","0","0","0","0","0","0","0","0","0","0","0","0","0","0","0","0","0","0","0","0","0","0","0","39.9694","-75.1259","","CRASH_2001_Philadelphia"
"2001210737","06","67","67301","67301","2001","02","7","1550","15","1","9","9","4","1","","","N","01","2","01","3","0","1","3","2","N","N","39 54:20.520","75 11:37.680","9999","","9999","","0","","N","","3 ","","","","","","","","","","2","1","0","0","0","0","1","0","0","0","0","0","0","0","1","0","0","0","0","1","0","1","0","0","0","0","0","0","0","0","0","0","0","0","0","9","0","39.9059","-75.1938","","CRASH_2001_Philadelphia"
"2001211354","06","67","67301","67301","2001","02","4","1149","11","1","1","0","5","1","","","N","00","0","00","3","0","1","2","2","N","N","39 58:49.800","75 10:20.280","9999","","9999","","0","","N","","0 ","","","","","","","","","","2","1","0","0","0","1","0","0","0","0","0","1","1","0","0","0","0","0","0","0","0","1","0","1","0","0","0","0","0","0","0","0","0","0","0","4","1","39.9805","-75.1723","","CRASH_2001_Philadelphia"
"2001206010","06","67","67301","67301","2001","01","5","1344","13","1","1","0","4","1","","","N","02","0","00","3","0","0","2","2","N","N","","","9999","","9999","","0","","N","","0 ","","","","","","","","","","2","0","0","0","0","0","2","0","0","0","0","0","0","0","0","0","0","0","0","0","1","0","0","0","0","0","0","0","0","0","0","0","0","0","0","0","0","","","","CRASH_2001_Philadelphia"
"2001208895","06","67","67301","67301","2001","02","1","0600","06","1","1","0","4","1","","","N","01","2","00","3","0","1","2","2","N","N","","","9999","","9999","","0","","N","","3 ","","","","","","","","","","2","2","0","0","0","0","0","0","0","0","0","1","1","0","0","0","0","0","0","0","0","0","0","0","0","0","0","0","0","0","0","0","0","0","0","4","0","","","","CRASH_2001_Philadelphia"
"2001209117","06","67","67301","67301","2001","01","4","0910","09","1","5","0","8","1","","","N","01","2","00","3","0","1","2","2","N","N","39 58:25.320","75 15:29.520","9999","","9999","","0","","N","","3 ","","","","","","","","","","1","1","0","0","0","0","0","0","0","0","1","0","1","0","0","0","0","0","0","0","1","0","0","0","0","0","0","0","0","0","0","0","1","0","0","3","0","39.9738","-75.2582","","CRASH_2001_Philadelphia"
"2001210794","06","67","67301","67301","2001","02","2","1150","11","1","2","1","4","1","","","N","02","3","00","3","0","1","5","2","N","N","39 58:32.912","75 10:45.339","9999","","9999","","0","","N","","3 ","","","","","","","","","","2","2","0","0","0","0","0","0","0","0","0","1","1","0","0","0","0","0","0","0","0","0","0","0","0","0","0","0","0","0","0","0","0","0","0","4","0","39.9758","-75.1793","","CRASH_2001_Philadelphia"