"CRN","DISTRICT","COUNTY","MUNICIPALITY","POLICE_AGCY","CRASH_YEAR","CRASH_MONTH","DAY_OF_WEEK","TIME_OF_DAY","HOUR_OF_DAY","ILLUMINATION","WEATHER","ROAD_CONDITION","COLLISION_TYPE","RELATION_TO_ROAD","WORK_ZONE_TYPE","WORK_ZONE_LOC","WORK_ZONE_IND","INTERSECT_TYPE","TCD_TYPE","LOCATION_TYPE","URBAN_RURAL","FATAL_COUNT","INJURY_COUNT","PERSON_COUNT","TOTAL_UNITS","SCH_BUS_IND","SCH_ZONE_IND","LATITUDE","LONGITUDE","ARRIVAL_TM","CONS_ZONE_SPD_LIM","DISPATCH_TM","EST_HRS_CLOSED","LANE_CLOSED","LN_CLOSE_DIR","NTFY_HIWY_MAINT","SPEC_JURIS_CD","TCD_FUNC_CD","TFC_DETOUR_IND","WORKERS_PRES","WZ_CLOSE_DETOUR","WZ_FLAGGER","WZ_LAW_OFFCR_IND","WZ_LN_CLOSURE","WZ_MOVING","WZ_OTHER","WZ_SHLDER_MDN","VEHICLE_COUNT","AUTOMOBILE_COUNT","MOTORCYCLE_COUNT","BUS_COUNT","SMALL_TRUCK_COUNT","HEAVY_TRUCK_COUNT","SUV_COUNT","VAN_COUNT","BICYCLE_COUNT","MAJ_INJ_COUNT","MOD_INJ_COUNT","MIN_INJ_COUNT","TOT_INJ_COUNT","UNK_INJ_DEG_COUNT","UNK_INJ_PER_COUNT","DRIVER_COUNT_16YR","DRIVER_COUNT_17YR","DRIVER_COUNT_18YR","DRIVER_COUNT_19YR","DRIVER_COUNT_20YR","DRIVER_COUNT_50_64YR","DRIVER_COUNT_65_74YR","DRIVER_COUNT_75PLUS","UNBELTED_OCC_COUNT","UNB_DEATH_COUNT","UNB_MAJ_INJ_COUNT","BELTED_DEATH_COUNT","BELTED_MAJ_INJ_COUNT","MCYCLE_DEATH_COUNT","MCYCLE_MAJ_INJ_COUNT","BICYCLE_DEATH_COUNT","BICYCLE_MAJ_INJ_COUNT","PED_COUNT","PED_DEATH_COUNT","PED_MAJ_INJ_COUNT","MAX_SEVERITY_LEVEL","COMM_VEH_COUNT","DEC_LAT","DEC_LONG","RDWY_SURF_TYPE_CD","COUNTY_YEAR"
"2001211701","06","67","67301","67301","2001","02","2","1825","18","3","1","0","4","1","","","N","01","2","00","3","0","3","3","2","N","N","39 56:38.040","75 14:16.440","9999","","9999","","0","","N","","3 ","","","","","","","","","","2","2","0","0","0","0","0","0","0","0","0","3","3","0","0","0","0","0","0","1","0","0","0","0","0","0","0","0","0","0","0","0","0","0","0","4","0","39.9439","-75.2379","","CRASH_2001_Philadelphia"
"2001215479","06","67","67301","67301","2001","03","4","0522","05","5","9","9","4","1","","","N","02","2","07","3","0","1","2","2","N","N","40 05:35.880","75 01:52.320","9999","","9999","","0","","N","","3 ","","","","","","","","","","2","2","0","0","0","0","0","0","0","0","0","1","1","0","0","0","0","0","0","0","0","0","0","0","0","0","0","0","0","0","0","0","0","0","0","4","0","40.0934","-75.0313","","CRASH_2001_Philadelphia"
"2001217193","06","67","67301","67301","2001","03","4","0730","07","1","1","0","4","1","","","N","01","3","00","3","0","1","3","2","N","N","40 03:41.788","75 09:56.959","9999","","9999","","0","","N","","3 ","","","","","","","","","","2","1","0","0","0","0","0","0","0","0","1","0","1","0","0","0","0","0","0","0","0","0","0","0","0","0","0","0","0","0","0","0","0","0","0","3","0","40.0616","-75.1658","","CRASH_2001_Philadelphia"
"2001224267","06","67","67301","67501","2001","04","5","0930","09","1","1","0","1","1","","","N","00","0","03","3","0","2","3","3","N","N","","","9999","","9999","","0","","N","","0 ","","","","","","","","","","3","3","0","0","0","0","0","0","0","0","0","2","2","0","0","0","0","0","0","0","0","1","0","0","0","0","0","0","0","0","0","0","0","0","0","4","0","","","","CRASH_2001_Philadelphia"
"2001204626","06","67","67301","67301","2001","01","2","1012","10","1","1","0","4","1","","","N","00","0","07","3","0","0","6","2","N","N","40 06:08.280","75 01:43.320","9999","","9999","","0","","N","","0 ","","","","","","","","","","2","1","0","0","0","0","0","1","0","0","0","0","0","0","0","0","0","0","0","0","0","1","0","0","0","0","0","0","0","0","0","0","0","0","0","0","0","40.1023","-75.0288","","CRASH_2001_Philadelphia"
"2001211398","06","67","67301","67301","2001","02","4","1716","17","3","2","1","1","1","","","N","00","0","00","3","0","0","3","3","N","N","40 00:31.680","75 12:18.000","9999","","9999","","0","","N","","0 ","","","","","","","","","","3","1","0","0","0","0","1","0","0","0","0","0","0","0","0","0","0","0","0","0","0","1","0","0","0","0","0","0","0","0","0","0","0","0","0","0","0","40.0088","-75.205","","CRASH_2001_Philadelphia"
"2001217010","06","67","67301","67301","2001","03","3","0000","00","3","2","1","4","1","","","N","01","2","00","3","0","1","3","2","N","N","","","9999","","9999","","0","","N","","3 ","","","","","","","","","","2","2","0","0","0","0","0","0","0","0","0","1","1","0","0","0","0","0","0","0","0","0","0","0","0","0","0","0","0","0","0","0","0","0","0","4","0","","","","CRASH_2001_Philadelphia"
"2001233531","06","67","67301","67301","2001","03","4","1415","14","1","1","0","8","1","","","N","00","0","00","3","0","1","2","2","N","N","","","9999","","9999","","0","","N","","0 ","","","","","","","","","","1","1","0","0","0","0","0","0","0","0","0","1","1","0","0","0","0","0","0","0","1","0","0","0","0","0","0","0","0","0","0","0","1","0","0","4","0","","","","CRASH_2001_Philadelphia"
"2001233542","06","67","67301","67301","2001","04","6","0715","07","1","1","0","5","1","","","N","00","0","00","3","0","3","5","2","N","N","39 57:36.000","75 14:13.920","9999","","9999","","0","","N","","0 ","","","","","","","","","","2","1","0","1","0","0","0","0","0","0","0","1","1","0","2","0","0","0","0","0","1","0","0","0","0","0","0","0","0","0","0","0","0","0","0","4","1","39.96","-75.2371","","CRASH_2001_Philadelphia"
"2001243093","06","67","67301","67301","2001","05","3","1330","13","1","1","0","4","1","","","N","03","2","00","3","0","7","7","2","N","N","40 01:37.560","75 03:54.000","9999","","9999","","0","","N","","3 ","","","","","","","","","","2","1","0","1","0","0","0","0","0","0","0","5","5","0","2","0","0","0","0","1","0","0","0","0","0","0","0","0","0","0","0","0","0","0","0","4","1","40.0271","-75.065","","CRASH_2001_Philadelphia"
"2001245057","06","67","67301","67301","2001","05","3","9999","99","1","1","0","7","1","","","N","00","0","00","3","0","0","1","1","N","N","","","9999","","9999","","0","","N","","0 ","","","","","","","","","","1","1","0","0","0","0","0","0","0","0","0","0","0","0","0","0","0","0","0","0","0","0","0","0","0","0","0","0","0","0","0","0","0","0","0","0","0","","","","CRASH_2001_Philadelphia"
"2001209052","06","67","67301","67301","2001","01","2","0936","09","1","1","3","8","1","","","N","02","0","00","3","0","1","2","2","N","N","40 03:16.003","75 07:28.675","9999","","9999","","0","","N","","0 ","","","","","","","","","","1","0","0","0","0","0","0","0","0","0","0","1","1","0","0","0","0","0","0","0","0","0","0","0","0","0","0","0","0","0","0","0","1","0","0","4","0","40.0544","-75.1246","","CRASH_2001_Philadelphia"
"2001211380","06","67","67301","67301","2001","02","5","0755","07","1","1","1","4","1","","","N","00","0","07","3","0","3","6","3","N","N","","","9999","","9999","","0","","N","","0 ","","","","","","","","","","3","1","0","0","0","0","2","0","0","0","0","3","3","0","0","0","0","0","0","0","1","0","0","0","0","0","0","0","0","0","0","0","0","0","0","4","0","","","","CRASH_2001_Philadelphia"
"2001212897","06","67","67301","67301","2001","02","1","1020","10","1","1","0","7","5","","","N","01","2","00","3","0","0","1","1","N","N","","","9999","","9999","","0","","N","","3 ","","","","","","","","","","1","1","0","0","0","0","0","0","0","0","0","0","0","0","0","0","0","0","0","0","0","0","0","0","0","0","0","0","0","0","0","0","0","0","0","0","0","","","","CRASH_2001_Philadelphia"
"2001213166","06","67","67301","67301","2001","02","7","2058","20","3","1","0","4","1","","","N","01","2","00","3","0","2","3","2","N","N","40 03:56.160","75 03:09.000","9999","","9999","","0","","N","","3 ","","","","","","","","","","2","2","0","0","0","0","0","0","0","0","0","2","2","0","0","0","0","0","0","0","0","0","0","0","0","0","0","0","0","0","0","0","0","0","0","4","0","40.0655","-75.0525","","CRASH_2001_Philadelphia"
"2001201179","06","67","67301","67301","2001","02","1","1018","10","1","1","0","7","1","","","N","00","0","02","3","0","0","6","1","N","N","39 57:23.040","75 08:31.920","9999","","9999","","0","","N","","0 ","","","","","","","","","","1","1","0","0","0","0","0","0","0","0","0","0","0","0","0","0","1","0","0","0","0","0","0","0","0","0","0","0","0","0","0","0","0","0","0","0","0","39.957","-75.1438","","CRASH_2001_Philadelphia"
"2001204687","06","67","67301","67301","2001","01","6","1559","15","1","4","3","7","5","","","N","03","3","00","3","0","0","4","1","N","N","39 58:05.628","75 11:45.502","9999","","9999","","0","","N","","3 ","","","","","","","","","","1","0","0","0","1","0","0","0","0","0","0","0","0","0","0","0","0","0","0","0","0","0","0","0","0","0","0","0","0","0","0","0","0","0","0","0","0","39.9682","-75.196","","CRASH_2001_Philadelphia"
"2001207621","06","67","67301","67301","2001","01","1","1637","16","1","1","1","1","1","","","N","00","0","00","3","0","1","5","3","N","N","40 00:59.760","75 10:30.720","9999","","9999","","0","","N","","0 ","","","","","","","","","","3","2","0","0","0","0","0","1","0","0","0","1","1","0","0","0","0","0","0","0","0","0","0","0","0","0","0","0","0","0","0","0","0","0","0","4","0","40.0166","-75.175","","CRASH_2001_Philadelphia"
"2001209183","06","67","67301","67301","2001","02","6","0307","03","3","1","0","7","1","","","N","02","2","02","3","0","1","1","1","N","N","39 57:49.680","75 11:06.000","9999","","9999","","0","","N","","3 ","","","","","","","","","","1","0","0","0","0","0","0","1","0","0","0","1","1","0","0","0","0","0","0","0","0","0","0","0","0","0","0","0","0","0","0","0","0","0","0","4","0","39.9639","-75.1847","","CRASH_2001_Philadelphia"
"2001217020","06","67","67301","67301","2001","03","5","2129","21","3","2","1","1","1","","","N","01","2","00","3","0","1","2","2","N","N","","","9999","","9999","","0","","N","","3 ","","","","","","","","","","2","1","0","0","0","0","0","0","0","0","0","0","0","0","1","0","0","0","0","0","0","0","0","0","0","0","0","0","0","0","0","0","0","0","0","9","0","","","","CRASH_2001_Philadelphia"
"2001238229","06","67","67301","67301","2001","04","2","0812","08","1","1","0","4","1","","","N","01","3","00","3","0","2","2","2","N","N","40 02:11.760","75 07:53.400","9999","","9999","","0","","N","","3 ","","","","","","","","","","2","2","0","0","0","0","0","0","0","0","0","0","0","0","2","0","0","0","0","0","2","0","0","0","0","0","0","0","0","0","0","0","0","0","0","9","0","40.0366","-75.1315","","CRASH_2001_Philadelphia"
"2001019568","06","67","67301","67301","2001","05","3","1000","10","1","1","0","5","1","","","N","01","3","00","3","0","3","4","2","N","N","","","1120","","1110","","0","","N","","3 ","","","","","","","","","","2","1","0","1","0","0","0","0","0","0","3","0","3","0","0","0","0","0","0","0","0","0","1","0","0","0","0","0","0","0","0","0","0","0","0","3","1","","","","CRASH_2001_Philadelphia"
"2001200439","06","67","67301","67301","2001","01","3","0542","05","3","1","0","1","1","","","N","00","0","00","3","0","0","2","2","N","N","39 55:59.160","75 14:16.800","9999","","9999","","0","","N","","0 ","","","","","","","","","","2","1","0","0","0","0","0","0","0","0","0","0","0","0","0","0","0","1","0","0","0","0","0","0","0","0","0","0","0","0","0","0","0","0","0","0","0","39.933","-75.2379","","CRASH_2001_Philadelphia"
"2001204666","06","67","67301","67301","2001","01","7","0811","08","1","1","0","7","1","","","N","00","0","00","3","0","1","1","1","N","N","40 00:22.320","75 04:28.200","9999","","9999","","0","","N","","0 ","","","","","","","","","","1","1","0","0","0","0","0","0","0","0","1","0","1","0","0","0","0","0","0","0","0","0","0","0","0","0","0","0","0","0","0","0","0","0","0","3","0","40.0063","-75.0745","","CRASH_2001_Philadelphia"
"2001223846","06","67","67301","67301","2001","03","7","2250","22","3","1","0","8","1","","","N","01","2","00","3","0","1","2","2","N","N","40 00:33.480","75 09:04.680","9999","","9999","","0","","N","","3 ","","","","","","","","","","1","1","0","0","0","0","0","0","0","0","0","0","0","0","1","0","0","0","0","0","1","0","0","0","0","0","0","0","0","0","0","0","1","0","0","9","0","40.0092","-75.1512","","CRASH_2001_Philadelphia"
"2001229600","06","67","67301","67301","2001","03","3","1325","13","1","1","0","4","1","","","N","01","3","00","3","0","1","3","2","N","N","39 59:10.636","75 10:07.651","9999","","9999","","0","","N","","3 ","","","","","","","","","","2","2","0","0","0","0","0","0","0","0","0","1","1","0","0","1","0","0","0","0","0","0","1","0","0","0","0","0","0","0","0","0","0","0","0","4","0","39.9863","-75.1688","","CRASH_2001_Philadelphia"
"2001243597","06","67","67301","67301","2001","05","5","1502","15","1","1","0","8","1","","","N","00","0","00","3","0","1","2","2","N","N","","","9999","","9999","","0","","N","","0 ","","","","","","","","","","1","1","0","0","0","0","0","0","0","0","0","1","1","0","0","0","0","0","0","0","0","0","0","1","0","0","0","0","0","0","0","0","1","0","0","4","0","","","","CRASH_2001_Philadelphia"
"2001248532","06","67","67301","67301","2001","05","1","0114","01","3","1","0","7","1","","","N","02","0","00","3","0","2","2","1","N","N","40 02:02.400","75 10:19.560","9999","","9999","","0","","N","","0 ","","","","","","","","","","1","1","0","0","0","0","0","0","0","0","0","1","1","0","1","1","0","0","0","0","0","0","0","0","0","0","0","0","0","0","0","0","0","0","0","4","0","40.034","-75.1721","","CRASH_2001_Philadelphia"
"2001239117","06","67","67301","67301","2001","04","5","1710","17","1","1","0","8","1","","","N","00","0","00","3","0","1","2","2","N","N","","","9999","","9999","","0","","N","","0 ","","","","","","","","","","1","1","0","0","0","0","0","0","0","0","0","1","1","0","0","0","0","0","0","0","0","0","0","0","0","0","0","0","0","0","0","0","1","0","0","4","0","","","","CRASH_2001_Philadelphia"
"2001240065","06","67","67301","67301","2001","04","6","0207","02","3","1","0","4","1","","","N","02","3","00","3","0","1","4","2","N","N","39 57:32.760","75 13:46.560","9999","","9999","","0","","N","","3 ","","","","","","","","","","2","2","0","0","0","0","0","0","0","0","0","1","1","0","0","0","0","0","1","0","0","0","0","0","0","0","0","0","0","0","0","0","0","0","0","4","0","39.959","-75.2296","","CRASH_2001_Philadelphia"
"2001243331","06","67","67301","67301","2001","04","7","1713","17","1","1","0","4","1","","","N","01","3","00","3","0","1","2","2","N","N","","","9999","","9999","","0","","N","","3 ","","","","","","","","","","1","0","0","0","0","0","0","1","1","0","0","1","1","0","0","0","0","0","0","0","0","0","0","0","0","0","0","0","0","0","0","0","0","0","0","4","0","","","","CRASH_2001_Philadelphia"
"2001243515","06","67","67301","67301","2001","04","7","1030","10","1","1","0","4","1","","","N","01","2","00","3","0","1","2","2","N","N","","","9999","","9999","","0","","N","","3 ","","","","","","","","","","1","1","0","0","0","0","0","0","1","0","0","1","1","0","0","0","0","0","0","0","0","0","0","0","0","0","0","0","0","0","0","0","0","0","0","4","0","","","","CRASH_2001_Philadelphia"
"2001209048","06","67","67301","67301","2001","01","5","2158","21","3","1","0","4","1","","","N","02","0","00","3","0","0","2","2","N","N","40 00:34.920","75 11:45.600","9999","","9999","","0","","N","","0 ","","","","","","","","","","2","2","0","0","0","0","0","0","0","0","0","0","0","0","0","0","0","0","0","1","0","0","0","0","0","0","0","0","0","0","0","0","0","0","0","0","0","40.0097","-75.1959","","CRASH_2001_Philadelphia"
"2001215709","06","67","67301","67301","2001","03","5","0805","08","1","1","0","8","1","","","N","00","0","00","3","0","1","2","2","N","N","","","9999","","9999","","0","","N","","0 ","","","","","","","","","","1","0","0","0","0","0","0","1","0","0","1","0","1","0","0","0","0","0","0","0","1","0","0","0","0","0","0","0","0","0","0","0","1","0","0","3","0","","","","CRASH_2001_Philadelphia"
"2001248779","06","67","67301","67301","2001","05","5","1944","19","1","1","0","9","1","","","N","00","0","00","3","0","2","3","2","N","N","","","9999","","9999","","0","","N","","0 ","","","","","","","","","","2","1","0","0","0","0","0","0","0","0","0","1","1","0","1","0","0","0","0","0","0","1","0","0","0","0","0","0","0","0","0","0","0","0","0","4","0","","","","CRASH_2001_Philadelphia"
"2002012132","06","67","67301","67301","2001","07","5","0727","07","1","1","0","1","1","","","N","00","0","00","3","0","1","2","2","N","N","39 57:32.613","75 14:51.180","0727","","0727","","0","","N","","0 ","","","","","","","","","","2","2","0","0","0","0","0","0","0","0","0","1","1","0","0","0","0","0","0","0","0","0","0","0","0","0","0","0","0","0","0","0","0","0","0","4","0","39.9591","-75.2475","","CRASH_2001_Philadelphia"
"2001207566","06","67","67301","67301","2001","01","6","0744","07","1","1","0","4","1","","","N","01","2","00","3","0","2","3","2","N","N","40 02:37.165","75 08:59.326","9999","","9999","","0","","N","","3 ","","","","","","","","","","2","2","0","0","0","0","0","0","0","0","0","1","1","0","1","0","0","0","0","0","0","0","0","0","0","0","0","0","0","0","0","0","0","0","0","4","0","40.0437","-75.1498","","CRASH_2001_Philadelphia"
"2001208924","06","67","67301","67301","2001","01","1","1355","13","1","1","0","5","1","","","N","00","0","00","3","0","1","2","3","N","N","","","9999","","9999","","0","","N","","0 ","","","","","","","","","","2","1","0","0","0","0","0","0","0","0","0","1","1","0","0","0","0","0","0","0","0","0","0","0","0","0","0","0","0","0","0","0","1","0","0","4","0","","","","CRASH_2001_Philadelphia"
"2001400885","06","67","67301","67301","2001","09","4","0020","00","3","1","0","6","1","","","N","00","0","00","3","1","2","3","2","N","N","","","9999","","9999","","0","","N","9","0 ","","","","","","","","","","2","0","0","0","1","0","1","0","0","0","0","2","2","0","0","0","0","0","0","0","0","0","0","1","1","0","0","0","0","0","0","0","0","0","0","1","0","","","9 ","CRASH_2001_Philadelphia"
"2001400891","06","67","67301","67301","2001","10","7","0200","02","3","1","0","6","1","","","N","02","0","00","3","1","2","3","4","N","N","39 59:49.560","75 04:26.400","9999","","9999","","0","","N","9","0 ","","","","","","","","","","4","2","0","0","0","0","0","0","0","0","0","2","2","0","0","0","0","0","0","0","0","0","0","0","0","0","0","0","0","0","0","0","0","0","0","1","0","39.997","-75.0741","2 ","CRASH_2001_Philadelphia"
"2002004023","06","67","67301","67301","2001","06","1","9999","99","1","1","0","7","4","","","N","00","0","00","3","0","2","2","2","N","N","40 05:13.413","74 58:16.813","1759","","1754","","0","","N","","0 ","","","","","","","","","","1","1","0","0","0","0","0","0","0","0","0","2","2","0","0","0","0","0","0","0","0","0","0","0","0","0","0","0","0","0","0","0","0","0","0","4","0","40.0871","-74.9714","","CRASH_2001_Philadelphia"
"2001207480","06","67","67301","67301","2001","01","7","0052","00","3","2","1","4","1","","","N","01","2","00","3","0","1","3","2","N","N","40 02:40.560","75 03:16.920","9999","","9999","","0","","N","","3 ","","","","","","","","","","2","1","0","0","0","0","0","1","0","0","0","0","0","0","1","0","0","0","0","1","0","0","0","0","0","0","0","0","0","0","0","0","0","0","0","9","0","40.0446","-75.0547","","CRASH_2001_Philadelphia"
"2001208931","06","67","67301","67301","2001","01","7","2230","22","3","1","6","9","1","","","N","00","0","00","3","0","0","1","3","N","N","","","9999","","9999","","0","","N","","0 ","","","","","","","","","","3","0","0","0","0","0","0","0","0","0","0","0","0","0","0","0","0","0","0","0","0","0","0","0","0","0","0","0","0","0","0","0","0","0","0","0","0","","","","CRASH_2001_Philadelphia"
"2001209063","06","67","67301","67301","2001","01","7","2328","23","3","1","0","7","1","","","N","01","2","00","3","0","0","2","1","N","N","39 56:24.000","75 09:58.320","9999","","9999","","0","","N","","3 ","","","","","","","","","","1","1","0","0","0","0","0","0","0","0","0","0","0","0","0","0","0","1","0","0","0","0","0","0","0","0","0","0","0","0","0","0","0","0","0","0","0","39.94","-75.1663","","CRASH_2001_Philadelphia"
"2001209171","06","67","67301","67301","2001","01","1","1416","14","1","1","0","4","1","","","N","01","3","00","3","0","5","6","3","N","N","39 57:45.720","75 12:14.400","9999","","9999","","0","","N","","3 ","","","","","","","","","","3","2","0","0","0","0","0","0","0","0","0","5","5","0","0","0","0","0","0","0","0","2","0","0","0","0","0","0","0","0","0","0","0","0","0","4","0","39.9627","-75.204","","CRASH_2001_Philadelphia"
"2001233100","06","67","67301","67301","2001","04","7","9999","99","3","1","0","7","5","","","N","03","0","00","3","0","0","2","1","N","N","40 06:29.322","75 01:11.413","9999","","9999","","0","","N","","0 ","","","","","","","","","","1","1","0","0","0","0","0","0","0","0","0","0","0","0","0","0","0","0","0","0","0","0","0","0","0","0","0","0","0","0","0","0","0","0","0","0","0","40.1081","-75.0198","","CRASH_2001_Philadelphia"
"2001240115","06","67","67301","67301","2001","04","5","1507","15","1","1","0","8","1","","","N","00","0","00","3","0","1","2","3","N","N","","","9999","","9999","","0","","N","","0 ","","","","","","","","","","2","1","0","0","0","0","0","0","0","0","0","1","1","0","0","0","0","0","0","0","0","0","0","0","0","0","0","0","0","0","0","0","1","0","0","4","0","","","","CRASH_2001_Philadelphia"
"2001008644","06","67","67301","67301","2001","05","5","0045","00","3","1","0","4","1","","","N","01","2","00","3","0","2","4","2","N","N","40 00:38.587","75 09:03.490","1250","","1245","","0","","Y","","3 ","","","","","","","","","","2","2","0","0","0","0","0","0","0","0","2","0","2","0","0","0","0","0","0","0","0","0","0","0","0","0","0","0","0","0","0","0","0","0","0","3","0","40.0108","-75.1509","","CRASH_2001_Philadelphia"
"2001209659","06","67","67301","67301","2001","01","1","2306","23","3","9","9","4","1","","","N","01","2","00","3","0","1","3","2","N","N","39 56:52.440","75 13:39.000","9999","","9999","","0","","N","","3 ","","","","","","","","","","2","2","0","0","0","0","0","0","0","0","0","1","1","0","0","0","0","0","0","0","1","0","0","0","0","0","0","0","0","0","0","0","0","0","0","4","0","39.9478","-75.2274","","CRASH_2001_Philadelphia"
"2001210778","06","67","67301","67301","2001","02","4","1728","17","1","1","0","8","1","","","N","00","0","00","3","0","1","2","2","N","N","","","9999","","9999","","0","","N","","0 ","","","","","","","","","","1","0","0","0","0","0","0","1","0","0","0","0","0","0","1","0","0","0","0","0","0","0","0","0","0","0","0","0","0","0","0","0","1","0","0","9","0","","","","CRASH_2001_Philadelphia"
"2001233052","06","67","67301","67301","2001","04","5","0935","09","1","1","0","1","1","","","N","01","2","00","3","0","2","3","2","N","N","40 02:05.640","75 04:09.840","9999","","9999","","0","","N","","3 ","","","","","","","","","","2","1","0","0","1","0","0","0","0","0","0","0","0","0","2","0","0","0","1","0","0","0","0","0","0","0","0","0","0","0","0","0","0","0","0","9","0","40.035","-75.0693","","CRASH_2001_Philadelphia"
"2001233151","06","67","67301","67301","2001","03","6","2015","20","3","1","0","7","5","","","N","00","0","00","3","0","1","1","1","N","N","","","9999","","9999","","0","","N","","0 ","","","","","","","","","","1","0","0","0","1","0","0","0","0","0","0","1","1","0","0","0","0","0","0","0","0","0","0","0","0","0","0","0","0","0","0","0","0","0","0","4","0","","","","CRASH_2001_Philadelphia"
"2001236975","06","67","67301","67301","2001","04","5","2100","21","3","1","0","1","1","","","N","00","0","00","3","0","1","3","2","N","N","39 56:30.120","75 11:40.200","9999","","9999","","0","","N","","0 ","","","","","","","","","","2","1","0","0","0","0","1","0","0","0","0","1","1","0","0","0","1","0","0","0","0","0","0","0","0","0","0","0","0","0","0","0","0","0","0","4","0","39.9409","-75.1952","","CRASH_2001_Philadelphia"
"2001239026","06","67","67301","67301","2001","04","6","1710","17","1","1","0","9","1","","","N","00","0","00","3","0","1","6","2","N","N","","","9999","","9999","","0","","N","","0 ","","","","","","","","","","2","1","0","0","0","0","0","0","0","0","0","1","1","0","0","0","0","0","0","0","0","0","0","0","0","0","0","0","0","0","0","0","0","0","0","4","0","","","","CRASH_2001_Philadelphia"
"2001244603","06","67","67301","67301","2001","05","6","9999","99","1","1","0","4","1","","","N","01","9","00","3","0","3","3","2","N","N","40 00:59.814","75 08:49.815","9999","","9999","","0","","N","","9 ","","","","","","","","","","2","2","0","0","0","0","0","0","0","0","0","1","1","0","2","0","0","0","0","0","0","0","0","0","0","0","0","0","0","0","0","0","0","0","0","4","0","40.0166","-75.1472","","CRASH_2001_Philadelphia"
"2001244873","06","67","67301","67301","2001","05","3","1540","15","1","1","0","8","1","","","N","00","0","00","3","0","1","2","2","N","N","","","9999","","9999","","0","","N","","0 ","","","","","","","","","","1","0","0","0","0","0","1","0","0","0","1","0","1","0","0","0","0","0","0","0","0","0","0","0","0","0","0","0","0","0","0","0","1","0","0","3","0","","","","CRASH_2001_Philadelphia"
"2001240033","06","67","67301","67301","2001","04","6","1708","17","1","1","0","8","1","","","N","00","0","00","3","0","1","2","2","N","N","","","9999","","9999","","0","","N","","0 ","","","","","","","","","","1","1","0","0","0","0","0","0","0","0","0","1","1","0","0","0","0","0","0","0","0","0","0","0","0","0","0","0","0","0","0","0","1","0","0","4","0","","","","CRASH_2001_Philadelphia"
"2001019577","06","67","67301","67301","2001","06","1","0150","01","3","1","0","1","1","","","N","01","2","00","3","0","1","2","2","N","N","39 57:44.246","75 14:34.058","0210","","0201","","0","","N","","3 ","","","","","","","","","","2","1","1","0","0","0","0","0","0","0","0","1","1","0","0","0","0","0","0","0","0","0","0","0","0","0","0","0","0","0","0","0","0","0","0","4","0","39.9622","-75.2427","","CRASH_2001_Philadelphia"
"2001215686","06","67","67301","67301","2001","03","2","0930","09","1","3","2","4","1","","","N","01","3","00","3","0","1","2","2","N","N","40 01:36.840","75 03:33.480","9999","","9999","","0","","N","","3 ","","","","","","","","","","2","2","0","0","0","0","0","0","0","0","0","1","1","0","0","0","0","0","0","0","0","0","0","0","0","0","0","0","0","0","0","0","0","0","0","4","0","40.0269","-75.0593","","CRASH_2001_Philadelphia"
"2001215720","06","67","67301","67301","2001","02","2","0118","01","3","1","0","4","1","","","N","01","3","00","3","0","3","4","2","N","N","","","9999","","9999","","0","","N","","3 ","","","","","","","","","","2","2","0","0","0","0","0","0","0","0","0","3","3","0","0","0","0","0","0","1","0","0","0","3","0","0","0","0","0","0","0","0","0","0","0","4","0","","","","CRASH_2001_Philadelphia"
"2001216971","06","67","67301","67301","2001","03","6","2145","21","3","1","0","4","1","","","N","01","3","00","3","0","1","2","2","N","N","","","9999","","9999","","0","","N","","3 ","","","","","","","","","","2","1","0","0","0","0","0","0","0","0","1","0","1","0","0","0","0","0","0","0","0","0","0","0","0","0","0","0","0","0","0","0","0","0","0","3","0","","","","CRASH_2001_Philadelphia"
"2001233546","06","67","67301","67301","2001","04","1","1600","16","1","2","1","1","1","","","N","00","0","00","3","0","1","3","2","N","N","39 57:10.440","75 10:06.240","9999","","9999","","0","","N","","0 ","","","","","","","","","","2","1","0","0","0","0","0","1","0","0","0","0","0","0","1","0","0","0","0","0","0","0","0","0","0","0","0","0","0","0","0","0","0","0","0","9","0","39.953","-75.1683","","CRASH_2001_Philadelphia"
"2001204622","06","67","67301","67301","2001","01","7","0250","02","3","1","0","1","1","","","N","01","2","00","3","0","0","3","2","N","N","40 07:24.600","75 00:55.080","9999","","9999","","0","","N","","3 ","","","","","","","","","","2","2","0","0","0","0","0","0","0","0","0","0","0","0","0","0","0","1","0","0","0","0","0","0","0","0","0","0","0","0","0","0","0","0","0","0","0","40.1236","-75.0155","","CRASH_2001_Philadelphia"
"2001207494","06","67","67301","67301","2001","01","3","0150","01","3","1","0","9","1","","","N","00","0","00","3","0","1","1","2","N","N","40 02:44.520","74 59:42.720","9999","","9999","","0","","N","","0 ","","","","","","","","","","2","1","0","0","0","0","0","0","0","0","0","1","1","0","0","0","0","0","0","0","0","0","0","0","0","0","0","0","0","0","0","0","0","0","0","4","0","40.0456","-74.9952","","CRASH_2001_Philadelphia"