"CRN","DISTRICT","COUNTY","MUNICIPALITY","POLICE_AGCY","CRASH_YEAR","CRASH_MONTH","DAY_OF_WEEK","TIME_OF_DAY","HOUR_OF_DAY","ILLUMINATION","WEATHER","ROAD_CONDITION","COLLISION_TYPE","RELATION_TO_ROAD","WORK_ZONE_TYPE","WORK_ZONE_LOC","WORK_ZONE_IND","INTERSECT_TYPE","TCD_TYPE","LOCATION_TYPE","URBAN_RURAL","FATAL_COUNT","INJURY_COUNT","PERSON_COUNT","TOTAL_UNITS","SCH_BUS_IND","SCH_ZONE_IND","LATITUDE","LONGITUDE","ARRIVAL_TM","CONS_ZONE_SPD_LIM","DISPATCH_TM","EST_HRS_CLOSED","LANE_CLOSED","LN_CLOSE_DIR","NTFY_HIWY_MAINT","SPEC_JURIS_CD","TCD_FUNC_CD","TFC_DETOUR_IND","WORKERS_PRES","WZ_CLOSE_DETOUR","WZ_FLAGGER","WZ_LAW_OFFCR_IND","WZ_LN_CLOSURE","WZ_MOVING","WZ_OTHER","WZ_SHLDER_MDN","VEHICLE_COUNT","AUTOMOBILE_COUNT","MOTORCYCLE_COUNT","BUS_COUNT","SMALL_TRUCK_COUNT","HEAVY_TRUCK_COUNT","SUV_COUNT","VAN_COUNT","BICYCLE_COUNT","MAJ_INJ_COUNT","MOD_INJ_COUNT","MIN_INJ_COUNT","TOT_INJ_COUNT","UNK_INJ_DEG_COUNT","UNK_INJ_PER_COUNT","DRIVER_COUNT_16YR","DRIVER_COUNT_17YR","DRIVER_COUNT_18YR","DRIVER_COUNT_19YR","DRIVER_COUNT_20YR","DRIVER_COUNT_50_64YR","DRIVER_COUNT_65_74YR","DRIVER_COUNT_75PLUS","UNBELTED_OCC_COUNT","UNB_DEATH_COUNT","UNB_MAJ_INJ_COUNT","BELTED_DEATH_COUNT","BELTED_MAJ_INJ_COUNT","MCYCLE_DEATH_COUNT","MCYCLE_MAJ_INJ_COUNT","BICYCLE_DEATH_COUNT","BICYCLE_MAJ_INJ_COUNT","PED_COUNT","PED_DEATH_COUNT","PED_MAJ_INJ_COUNT","MAX_SEVERITY_LEVEL","COMM_VEH_COUNT","DEC_LAT","DEC_LONG","RDWY_SURF_TYPE_CD","COUNTY_YEAR"
"2001210637","06","67","67301","67301","2001","01","3","0830","08","1","2","1","4","1","","","N","00","0","00","3","0","1","3","4","N","N","39 59:53.160","75 07:32.520","9999","","9999","","0","","N","","0 ","","","","","","","","","","3","2","0","0","0","0","0","0","0","0","0","0","0","0","1","0","0","0","0","0","1","0","0","0","0","0","0","0","0","0","0","0","1","0","0","9","0","39.9981","-75.1257","","CRASH_2001_Philadelphia"
"2001211797","06","67","67301","67301","2001","02","3","0109","01","3","4","5","1","1","","","N","00","0","00","3","0","1","3","3","N","N","39 52:41.880","75 14:53.520","9999","","9999","","0","","N","","0 ","","","","","","","","","","3","3","0","0","0","0","0","0","0","0","0","0","0","0","1","0","0","0","0","0","0","0","0","0","0","0","0","0","0","0","0","0","0","0","0","9","0","39.8783","-75.2482","","CRASH_2001_Philadelphia"
"2001231229","06","67","67301","67301","2001","03","2","0634","06","1","4","1","1","1","","","N","00","0","00","3","0","1","2","2","N","N","39 59:12.120","75 15:02.880","9999","","9999","","0","","N","","0 ","","","","","","","","","","2","2","0","0","0","0","0","0","0","0","1","0","1","0","0","0","0","0","0","0","0","0","0","0","0","0","0","0","0","0","0","0","0","0","0","3","0","39.9867","-75.2507","","CRASH_2001_Philadelphia"
"2001233046","06","67","67301","67301","2001","04","7","1011","10","1","1","0","4","1","","","N","01","2","00","3","0","6","7","3","N","N","39 58:13.080","75 14:42.360","9999","","9999","","0","","N","","3 ","","","","","","","","","","3","0","0","0","1","0","0","2","0","2","4","0","6","0","0","0","0","0","0","0","1","0","0","4","0","2","0","0","0","0","0","0","0","0","0","2","0","39.9704","-75.2451","","CRASH_2001_Philadelphia"
"2001244791","06","67","67301","67301","2001","05","7","2331","23","3","1","0","1","1","","","N","00","0","00","3","0","1","3","2","N","N","39 57:19.080","75 11:54.240","9999","","9999","","0","","N","","0 ","","","","","","","","","","2","1","0","0","0","0","1","0","0","0","0","1","1","0","0","0","0","0","0","0","0","0","0","0","0","0","0","0","0","0","0","0","0","0","0","4","0","39.9552","-75.1984","","CRASH_2001_Philadelphia"
"2001244928","06","67","67301","67301","2001","05","4","9999","99","1","1","0","4","1","","","N","01","2","00","3","0","1","2","2","N","N","39 59:10.680","75 09:22.320","9999","","9999","","0","","N","","3 ","","","","","","","","","","1","1","0","0","0","0","0","0","1","1","0","0","1","0","0","0","0","0","0","0","0","0","0","0","0","0","0","0","0","0","0","1","0","0","0","2","0","39.9863","-75.1562","","CRASH_2001_Philadelphia"
"2001207595","06","67","67301","67301","2001","01","7","0250","02","3","2","1","8","1","","","N","00","0","00","3","0","2","6","4","N","N","","","9999","","9999","","0","","N","","0 ","","","","","","","","","","2","1","0","0","0","0","0","1","0","2","0","0","2","0","0","0","0","0","0","0","0","0","0","0","0","0","0","0","0","0","0","0","2","0","2","2","0","","","","CRASH_2001_Philadelphia"
"2001209143","06","67","67301","67301","2001","01","4","1701","17","3","1","0","4","1","","","N","01","3","00","3","0","0","4","2","N","N","40 03:23.403","75 03:49.064","9999","","9999","","0","","N","","3 ","","","","","","","","","","2","2","0","0","0","0","0","0","0","0","0","0","0","0","0","0","0","0","0","0","0","1","1","0","0","0","0","0","0","0","0","0","0","0","0","0","0","40.0565","-75.0636","","CRASH_2001_Philadelphia"
"2001233369","06","67","67301","67301","2001","03","4","1608","16","1","1","0","4","1","","","N","01","0","00","3","0","0","2","2","N","N","40 01:37.200","75 12:33.840","9999","","9999","","0","","N","","0 ","","","","","","","","","","2","2","0","0","0","0","0","0","0","0","0","0","0","0","0","0","0","0","0","1","0","0","0","0","0","0","0","0","0","0","0","0","0","0","0","0","0","40.0269","-75.2094","","CRASH_2001_Philadelphia"
"2001007265","06","67","67301","67301","2001","06","5","0141","01","3","1","0","1","1","","","N","00","0","00","3","0","2","6","3","N","N","39 59:19.234","75 09:20.375","0141","","0141","1","1","1","N","","0 ","Y","","","","","","","","","3","3","0","0","0","0","0","0","0","0","2","0","2","0","0","0","0","1","0","0","0","0","0","2","0","0","0","0","0","0","0","0","0","0","0","3","0","39.9887","-75.1556","","CRASH_2001_Philadelphia"
"2001007357","06","67","67301","67301","2001","06","5","1624","16","1","1","0","1","1","","","N","00","0","00","3","0","0","4","4","N","N","","","1626","","1624","","0","","N","","0 ","","","","","","","","","","4","3","0","0","1","0","0","0","0","0","0","0","0","0","0","0","0","0","0","0","0","0","0","4","0","0","0","0","0","0","0","0","0","0","0","0","0","","","","CRASH_2001_Philadelphia"
"2001223937","06","67","67301","67301","2001","03","1","0140","01","3","1","0","4","1","","","N","01","3","00","3","0","4","5","2","N","N","40 01:09.102","75 05:18.740","9999","","9999","","0","","N","","3 ","","","","","","","","","","2","2","0","0","0","0","0","0","0","0","1","2","3","0","1","0","0","0","0","1","0","0","0","5","0","0","0","0","0","0","0","0","0","0","0","3","0","40.0192","-75.0885","","CRASH_2001_Philadelphia"
"2001007209","06","67","67301","67301","2001","06","6","0207","02","3","1","0","7","5","","","N","00","0","00","3","0","1","1","1","N","N","40 03:23.040","75 01:15.240","0225","","0207","","0","","N","","0 ","","","","","","","","","","1","1","0","0","0","0","0","0","0","1","0","0","1","0","0","0","0","0","0","0","0","0","0","0","0","0","0","0","0","0","0","0","0","0","0","2","0","40.0564","-75.0205","","CRASH_2001_Philadelphia"
"2001239002","06","67","67301","67301","2001","04","4","1033","10","1","1","0","4","1","","","N","01","2","00","3","0","2","2","2","N","N","","","9999","","9999","","0","","N","","3 ","","","","","","","","","","2","2","0","0","0","0","0","0","0","0","0","2","2","0","0","0","0","0","0","0","0","0","0","0","0","0","0","0","0","0","0","0","0","0","0","4","0","","","","CRASH_2001_Philadelphia"
"2001240142","06","67","67301","67301","2001","04","4","1530","15","1","1","0","1","1","","","N","01","2","00","3","0","3","3","2","N","N","39 55:44.760","75 13:14.160","9999","","9999","","0","","N","","3 ","","","","","","","","","","2","2","0","0","0","0","0","0","0","0","0","3","3","0","0","0","0","0","1","0","0","0","0","0","0","0","0","0","0","0","0","0","0","0","0","4","0","39.9291","-75.2206","","CRASH_2001_Philadelphia"
"2001240300","06","67","67301","67301","2001","04","1","2240","22","3","1","0","4","1","","","N","01","2","00","3","0","0","2","2","N","N","40 01:26.400","75 02:07.440","9999","","9999","","0","","N","","3 ","","","","","","","","","","2","2","0","0","0","0","0","0","0","0","0","0","0","0","0","0","0","0","0","0","0","0","0","0","0","0","0","0","0","0","0","0","0","0","0","0","0","40.024","-75.0354","","CRASH_2001_Philadelphia"
"2001007152","06","67","67301","67301","2001","07","1","1150","11","1","1","0","1","1","","","N","00","0","00","3","0","1","2","2","N","N","40 00:36.323","75 11:49.259","1200","","1156","","0","","N","","0 ","","","","","","","","","","2","2","0","0","0","0","0","0","0","0","0","1","1","0","1","0","0","0","0","0","0","0","0","0","0","0","0","0","0","0","0","0","0","0","0","4","0","40.01","-75.1967","","CRASH_2001_Philadelphia"
"2001018209","06","67","67301","67301","2001","06","5","2349","23","3","1","0","8","1","","","N","01","2","00","3","0","1","2","2","N","N","39 57:20.578","75 12:07.949","2353","","2349","","0","","N","","3 ","","","","","","","","","","1","1","0","0","0","0","0","0","0","0","0","1","1","0","0","0","0","0","0","0","0","0","0","0","0","0","0","0","0","0","0","0","1","0","0","4","0","39.9541","-75.2025","","CRASH_2001_Philadelphia"
"2001215519","06","67","67301","67301","2001","03","7","1430","14","1","1","0","4","1","","","N","01","3","00","3","0","0","2","2","N","N","40 05:13.959","75 01:57.921","9999","","9999","","0","","N","","3 ","","","","","","","","","","2","2","0","0","0","0","0","0","0","0","0","0","0","0","0","0","0","0","0","0","0","0","1","0","0","0","0","0","0","0","0","0","0","0","0","0","0","40.0872","-75.0328","","CRASH_2001_Philadelphia"
"2001204151","06","67","67301","67301","2001","01","4","1900","19","3","1","0","5","1","","","N","00","0","00","3","0","1","2","2","N","N","","","9999","","9999","","0","","N","","0 ","","","","","","","","","","2","1","0","0","1","0","0","0","0","0","0","1","1","0","0","0","0","0","0","0","0","0","0","0","0","0","0","0","0","0","0","0","0","0","0","4","0","","","","CRASH_2001_Philadelphia"
"2001206190","06","67","67301","67301","2001","01","3","0658","06","5","1","0","8","1","","","N","00","0","00","3","0","1","2","2","N","N","40 06:36.000","75 01:30.720","9999","","9999","","0","","N","","0 ","","","","","","","","","","1","0","0","0","0","0","0","0","0","0","0","1","1","0","0","0","0","0","0","0","0","0","0","0","0","0","0","0","0","0","0","0","1","0","0","4","0","40.11","-75.0252","","CRASH_2001_Philadelphia"
"2001207643","06","67","67301","67301","2001","01","7","2006","20","3","1","0","1","1","","","N","00","0","00","3","0","4","5","4","N","N","39 58:39.000","75 12:03.240","9999","","9999","","0","","N","","0 ","","","","","","","","","","4","3","0","0","0","1","0","0","0","0","0","0","0","0","4","0","0","0","1","0","0","0","0","0","0","0","0","0","0","0","0","0","0","0","0","9","0","39.9775","-75.2009","","CRASH_2001_Philadelphia"
"2001209119","06","67","67301","67301","2001","01","2","2235","22","3","5","1","7","5","","","N","01","3","00","3","0","1","3","1","N","N","40 01:21.781","75 13:03.226","9999","","9999","","0","","N","","3 ","","","","","","","","","","1","1","0","0","0","0","0","0","0","0","0","1","1","0","0","0","0","0","0","0","0","0","0","0","0","0","0","0","0","0","0","0","0","0","0","4","0","40.0227","-75.2176","","CRASH_2001_Philadelphia"
"2001210687","06","67","67301","67301","2001","02","3","0340","03","3","4","3","7","5","","","N","00","0","00","3","0","1","1","1","N","N","40 04:27.840","75 02:05.640","9999","","9999","","0","","N","","0 ","","","","","","","","","","1","0","0","0","0","0","1","0","0","0","0","1","1","0","0","0","0","0","0","0","0","0","0","0","0","0","0","0","0","0","0","0","0","0","0","4","0","40.0744","-75.0349","","CRASH_2001_Philadelphia"
"2001210690","06","67","67301","67301","2001","02","3","1605","16","1","1","0","1","1","","","N","06","4","02","3","0","1","3","2","N","N","39 56:54.240","75 11:08.880","9999","","9999","","0","","N","","3 ","","","","","","","","","","2","2","0","0","0","0","0","0","0","0","0","1","1","0","0","0","0","0","0","0","0","0","0","0","0","0","0","0","0","0","0","0","0","0","0","4","0","39.9484","-75.1858","","CRASH_2001_Philadelphia"
"2001210722","06","67","67301","67301","2001","02","7","2220","22","3","1","0","4","1","","","N","01","2","00","3","0","2","4","4","N","N","40 01:58.080","75 06:24.120","9999","","9999","","0","","N","","3 ","","","","","","","","","","4","4","0","0","0","0","0","0","0","0","0","2","2","0","0","0","0","0","0","0","0","0","0","0","0","0","0","0","0","0","0","0","0","0","0","4","0","40.0329","-75.1067","","CRASH_2001_Philadelphia"
"2001214436","06","67","67301","67301","2001","02","5","1800","18","3","4","3","4","1","","","N","01","2","00","3","0","1","2","2","N","N","39 56:20.400","75 11:53.880","9999","","9999","","0","","N","","3 ","","","","","","","","","","2","1","0","1","0","0","0","0","0","0","0","1","1","0","0","0","0","0","0","0","0","0","0","0","0","0","0","0","0","0","0","0","0","0","0","4","1","39.9396","-75.1982","","CRASH_2001_Philadelphia"
"2001216936","06","67","67301","67301","2001","03","7","1700","17","1","1","0","4","1","","","N","03","9","07","3","0","1","3","2","N","N","40 01:46.920","75 06:14.760","9999","","9999","","0","","N","","9 ","","","","","","","","","","2","2","0","0","0","0","0","0","0","0","0","0","0","0","1","0","0","0","0","0","0","0","0","0","0","0","0","0","0","0","0","0","0","0","0","9","0","40.0297","-75.1033","","CRASH_2001_Philadelphia"
"2001006996","06","67","67301","67301","2001","05","4","1030","10","1","1","0","4","1","1","4","Y","01","0","00","3","0","1","3","2","N","N","40 00:48.445","75 04:08.778","1038","99","1035","","0","","N","","0 ","","U","","","U","","","","Y","2","2","0","0","0","0","0","0","0","0","0","1","1","0","0","0","0","0","0","0","0","0","0","0","0","0","0","0","0","0","0","0","0","0","0","4","0","40.0135","-75.0691","","CRASH_2001_Philadelphia"
"2001209087","06","67","67301","67301","2001","02","7","1408","14","1","1","0","4","1","","","N","01","2","00","3","0","0","2","2","N","N","39 57:12.240","75 11:02.040","9999","","9999","","0","","N","","3 ","","","","","","","","","","2","0","0","0","0","0","1","1","0","0","0","0","0","0","0","0","0","0","0","0","0","0","1","0","0","0","0","0","0","0","0","0","0","0","0","0","0","39.9534","-75.1839","","CRASH_2001_Philadelphia"
"2001211353","06","67","67301","67301","2001","02","6","1722","17","1","1","0","0","1","","","N","00","0","00","3","0","1","2","2","N","N","39 58:37.200","75 06:47.880","9999","","9999","","0","","N","","0 ","","","","","","","","","","2","2","0","0","0","0","0","0","0","0","0","1","1","0","0","0","0","0","0","0","0","0","0","0","0","0","0","0","0","0","0","0","0","0","0","4","0","39.9768","-75.1135","","CRASH_2001_Philadelphia"
"2001211396","06","67","67301","67301","2001","02","3","1050","10","1","1","0","9","1","","","N","00","0","00","3","0","0","1","2","N","N","40 03:28.080","75 02:56.040","9999","","9999","","0","","N","","0 ","","","","","","","","","","2","0","0","0","1","0","0","0","0","0","0","0","0","0","0","0","0","0","0","0","0","0","0","0","0","0","0","0","0","0","0","0","0","0","0","0","0","40.0578","-75.0489","","CRASH_2001_Philadelphia"
"2001216880","06","67","67301","67301","2001","03","4","0424","04","3","1","0","9","1","","","N","00","0","00","3","0","0","2","3","N","N","39 57:42.480","75 11:59.280","9999","","9999","","0","","N","","0 ","","","","","","","","","","3","1","0","0","0","0","0","0","0","0","0","0","0","0","0","0","0","0","0","0","0","0","0","0","0","0","0","0","0","0","0","0","0","0","0","0","0","39.9618","-75.1998","","CRASH_2001_Philadelphia"
"2001233228","06","67","67301","67301","2001","04","6","1909","19","4","1","0","8","1","","","N","00","0","00","3","0","1","2","2","N","N","","","9999","","9999","","0","","N","","0 ","","","","","","","","","","1","0","0","0","0","0","0","0","0","0","0","0","0","0","1","0","0","0","0","0","0","0","0","0","0","0","0","0","0","0","0","0","1","0","0","9","0","","","","CRASH_2001_Philadelphia"
"2001233506","06","67","67301","67301","2001","04","1","1630","16","1","1","0","4","1","","","N","02","0","00","3","0","1","5","2","N","N","39 55:03.432","75 08:48.584","9999","","9999","","0","","N","","0 ","","","","","","","","","","2","1","0","0","1","0","0","0","0","0","0","1","1","0","0","0","0","0","0","0","1","0","0","0","0","0","0","0","0","0","0","0","0","0","0","4","0","39.9176","-75.1468","","CRASH_2001_Philadelphia"
"2001006532","06","67","67301","67301","2001","07","6","2100","21","3","1","0","1","1","","","N","01","0","00","3","0","0","2","2","N","N","39 57:34.328","75 11:49.581","2102","","2102","","0","","N","","0 ","","","","","","","","","","2","2","0","0","0","0","0","0","0","0","0","0","0","0","0","0","0","0","0","0","0","0","0","0","0","0","0","0","0","0","0","0","0","0","0","0","0","39.9596","-75.197","","CRASH_2001_Philadelphia"
"2001213092","06","67","67301","67301","2001","02","7","1644","16","1","1","0","4","1","","","N","01","2","00","3","0","1","2","2","N","N","","","9999","","9999","","0","","N","","3 ","","","","","","","","","","2","1","0","0","0","0","0","1","0","0","1","0","1","0","0","0","0","0","0","0","0","0","2","0","0","0","0","0","0","0","0","0","0","0","0","3","0","","","","CRASH_2001_Philadelphia"
"2001240269","06","67","67301","67301","2001","04","7","2335","23","3","1","0","4","1","","","N","01","2","00","3","0","1","2","2","N","N","","","9999","","9999","","0","","N","","3 ","","","","","","","","","","2","1","0","0","0","0","0","0","0","0","0","1","1","0","0","0","0","0","0","0","0","0","0","0","0","0","0","0","0","0","0","0","0","0","0","4","0","","","","CRASH_2001_Philadelphia"
"2001244712","06","67","67301","67301","2001","05","5","1620","16","1","1","0","1","1","","","N","00","0","00","3","0","1","2","2","N","N","40 02:42.720","75 07:32.160","9999","","9999","","0","","N","","0 ","","","","","","","","","","2","1","0","0","0","0","1","0","0","0","0","1","1","0","0","0","0","0","0","0","1","0","0","0","0","0","0","0","0","0","0","0","0","0","0","4","0","40.0453","-75.1255","","CRASH_2001_Philadelphia"
"2001244742","06","67","67301","67301","2001","05","7","2225","22","3","1","0","4","1","","","N","01","2","00","3","0","1","3","2","N","N","40 03:15.840","75 04:17.760","9999","","9999","","0","","N","","3 ","","","","","","","","","","2","1","0","0","0","0","1","0","0","0","0","0","0","0","1","0","0","0","0","0","1","0","0","0","0","0","0","0","0","0","0","0","0","0","0","9","0","40.0544","-75.0716","","CRASH_2001_Philadelphia"
"2001204537","06","67","67301","67301","2001","01","7","1632","16","1","1","0","4","1","","","N","01","2","00","3","0","2","2","2","N","N","39 58:05.880","75 14:07.440","9999","","9999","","0","","N","","3 ","","","","","","","","","","2","2","0","0","0","0","0","0","0","0","1","1","2","0","0","0","0","0","0","0","0","0","0","2","0","0","0","0","0","0","0","0","0","0","0","3","0","39.9683","-75.2354","","CRASH_2001_Philadelphia"
"2001205985","06","67","67301","67301","2001","01","1","0000","00","3","2","1","9","1","","","N","00","0","00","3","0","0","1","3","N","N","","","9999","","9999","","0","","N","","0 ","","","","","","","","","","3","1","0","0","0","0","0","0","0","0","0","0","0","0","0","0","0","0","0","0","0","0","0","0","0","0","0","0","0","0","0","0","0","0","0","0","0","","","","CRASH_2001_Philadelphia"
"2001207637","06","67","67301","67301","2001","01","5","1220","12","1","1","0","4","1","","","N","01","3","00","3","0","1","3","2","N","N","39 58:30.720","75 13:21.720","9999","","9999","","0","","N","","3 ","","","","","","","","","","2","2","0","0","0","0","0","0","0","0","0","1","1","0","0","0","0","0","0","0","0","0","1","1","0","0","0","0","0","0","0","0","0","0","0","4","0","39.9752","-75.2225","","CRASH_2001_Philadelphia"
"2001231233","06","67","67301","67301","2001","03","7","0130","01","3","1","0","1","1","","","N","00","0","00","3","0","2","4","3","N","N","39 57:51.840","75 11:05.280","9999","","9999","","0","","N","","0 ","","","","","","","","","","3","2","0","0","0","0","0","1","0","0","0","0","0","0","2","0","0","0","0","2","0","0","0","0","0","0","0","0","0","0","0","0","0","0","0","9","0","39.9642","-75.1846","","CRASH_2001_Philadelphia"
"2001204504","06","67","67301","67301","2001","01","5","1529","15","1","1","9","4","1","","","N","02","3","00","3","0","1","2","2","N","N","40 05:38.900","75 00:10.043","9999","","9999","","0","","N","","3 ","","","","","","","","","","2","1","0","0","1","0","0","0","0","0","0","0","0","0","1","0","0","0","0","0","0","0","0","0","0","0","0","0","0","0","0","0","0","0","0","9","0","40.0941","-75.0028","","CRASH_2001_Philadelphia"
"2001210728","06","67","67301","67301","2001","02","2","1436","14","1","1","0","4","1","","","N","00","0","07","3","0","1","2","2","N","N","","","9999","","9999","","0","","N","","0 ","","","","","","","","","","2","1","0","0","0","1","0","0","0","0","0","1","1","0","0","0","0","0","0","0","1","0","0","0","0","0","0","0","0","0","0","0","0","0","0","4","1","","","","CRASH_2001_Philadelphia"
"2001231185","06","67","67301","67301","2001","03","2","1552","15","1","1","0","8","1","","","N","02","0","00","3","0","1","2","2","N","N","","","9999","","9999","","0","","N","","0 ","","","","","","","","","","1","1","0","0","0","0","0","0","0","0","0","1","1","0","0","0","0","0","0","0","0","1","0","0","0","0","0","0","0","0","0","0","1","0","0","4","0","","","","CRASH_2001_Philadelphia"
"2001233125","06","67","67301","67301","2001","03","6","1525","15","1","1","1","5","1","","","N","01","2","00","3","0","1","2","2","N","N","39 57:47.150","75 11:23.780","9999","","9999","","0","","N","","3 ","","","","","","","","","","2","1","0","0","1","0","0","0","0","0","0","0","0","0","1","0","0","0","0","0","0","0","0","0","0","0","0","0","0","0","0","0","0","0","0","9","0","39.9631","-75.1899","","CRASH_2001_Philadelphia"
"2001233427","06","67","67301","67301","2001","03","6","1010","10","1","1","0","4","1","","","N","01","2","00","3","0","1","2","2","N","N","40 04:12.720","75 10:49.800","9999","","9999","","0","","N","","3 ","","","","","","","","","","2","2","0","0","0","0","0","0","0","0","0","0","0","0","1","0","0","0","0","0","1","0","0","0","0","0","0","0","0","0","0","0","0","0","0","9","0","40.0702","-75.1805","","CRASH_2001_Philadelphia"
"2001240082","06","67","67301","67301","2001","04","1","0058","00","3","1","0","9","1","","","N","00","0","00","3","0","0","1","3","N","N","","","9999","","9999","","0","","N","","0 ","","","","","","","","","","3","1","0","0","0","0","0","0","0","0","0","0","0","0","0","0","0","0","0","0","1","0","0","0","0","0","0","0","0","0","0","0","0","0","0","0","0","","","","CRASH_2001_Philadelphia"
"2001244934","06","67","67301","67301","2001","05","6","1640","16","1","1","0","4","1","","","N","01","2","00","3","0","0","2","2","N","N","","","9999","","9999","","0","","N","","3 ","","","","","","","","","","2","2","0","0","0","0","0","0","0","0","0","0","0","0","0","0","0","0","0","0","2","0","0","0","0","0","0","0","0","0","0","0","0","0","0","0","0","","","","CRASH_2001_Philadelphia"
"2001006286","06","67","67301","67301","2001","06","1","0258","02","3","1","0","4","1","","","N","04","0","00","3","0","1","5","3","N","N","40 01:05.357","75 05:50.528","0250","","0230","","0","","N","","0 ","","","","","","","","","","3","3","0","0","0","0","0","0","0","0","0","1","1","0","0","0","0","0","0","0","0","0","0","2","0","0","0","0","0","0","0","0","0","0","0","4","0","40.0182","-75.0974","","CRASH_2001_Philadelphia"
"2001007409","06","67","67301","67301","2001","06","2","2259","22","3","2","7","7","2","","","N","00","0","00","3","0","1","3","2","N","N","39 58:42.600","75 06:38.160","2305","","2259","","0","","Y","","0 ","","","","","","","","","","2","2","0","0","0","0","0","0","0","0","0","1","1","0","0","0","0","0","0","1","0","0","0","0","0","0","0","0","0","0","0","0","0","0","0","4","0","39.9792","-75.1091","","CRASH_2001_Philadelphia"
"2001008650","06","67","67301","67301","2001","05","4","1725","17","1","1","0","4","1","","","N","01","2","00","3","0","1","3","2","N","N","40 00:31.603","75 08:18.898","1725","","1725","","0","","N","","3 ","","","","","","","","","","2","1","1","0","0","0","0","0","0","0","1","0","1","0","0","0","0","0","0","0","0","0","0","2","0","0","0","0","0","0","0","0","0","0","0","3","0","40.0088","-75.1386","","CRASH_2001_Philadelphia"
"2001223866","06","67","67301","67301","2001","03","5","1540","15","1","1","0","8","1","","","N","00","0","00","3","0","1","2","2","N","N","","","9999","","9999","","0","","N","","0 ","","","","","","","","","","1","1","0","0","0","0","0","0","0","0","0","0","0","0","1","0","0","0","0","0","0","0","0","0","0","0","0","0","0","0","0","0","1","0","0","9","0","","","","CRASH_2001_Philadelphia"
"2001234540","06","67","67301","67301","2001","04","2","2107","21","3","2","1","4","1","","","N","00","2","07","3","0","2","3","2","N","N","40 03:52.560","74 59:54.600","9999","","9999","","0","","N","","3 ","","","","","","","","","","2","1","0","0","1","0","0","0","0","0","1","1","2","0","0","0","1","0","1","0","0","0","0","1","0","0","0","0","0","0","0","0","0","0","0","3","0","40.0645","-74.9988","","CRASH_2001_Philadelphia"
"2001243084","06","67","67301","67301","2001","04","3","1537","15","1","1","0","1","1","","","N","06","2","02","3","0","2","3","3","N","N","39 56:42.360","75 11:26.520","9999","","9999","","0","","N","","3 ","","","","","","","","","","3","1","0","0","0","0","1","1","0","0","0","0","0","0","2","0","0","0","0","0","1","0","0","0","0","0","0","0","0","0","0","0","0","0","0","9","0","39.945","-75.1911","","CRASH_2001_Philadelphia"
"2001007413","06","67","67301","67301","2001","06","5","1335","13","1","1","0","7","3","","","N","00","0","02","3","0","1","1","1","N","N","40 02:51.000","74 59:57.120","1355","","1344","","0","","N","","0 ","","","","","","","","","","1","0","1","0","0","0","0","0","0","0","1","0","1","0","0","0","0","0","0","0","0","0","0","0","0","0","0","0","0","0","0","0","0","0","0","3","0","40.0473","-74.9991","","CRASH_2001_Philadelphia"
"2001018424","06","67","67301","67301","2001","06","5","1538","15","1","1","0","4","1","","","N","01","2","00","3","0","2","2","2","N","N","40 03:32.040","75 05:06.000","1555","","1549","","0","","N","","3 ","","","","","","","","","","2","2","0","0","0","0","0","0","0","0","0","2","2","0","0","0","0","0","0","0","0","0","0","0","0","0","0","0","0","0","0","0","0","0","0","4","0","40.0589","-75.085","","CRASH_2001_Philadelphia"
"2001214335","06","67","67301","67301","2001","02","1","0100","01","3","1","0","9","1","","","N","00","0","07","3","0","0","1","2","N","N","","","9999","","9999","","0","","N","","0 ","","","","","","","","","","2","1","0","0","0","0","0","0","0","0","0","0","0","0","0","0","0","0","0","0","0","0","0","0","0","0","0","0","0","0","0","0","0","0","0","0","0","","","","CRASH_2001_Philadelphia"
"2001238247","06","67","67301","67301","2001","03","6","0010","00","3","2","1","7","1","","","N","00","0","01","3","0","0","1","1","N","N","40 03:25.560","75 10:29.640","9999","","9999","","0","","N","","0 ","","","","","","","","","","1","1","0","0","0","0","0","0","0","0","0","0","0","0","0","0","0","0","0","0","0","0","0","0","0","0","0","0","0","0","0","0","0","0","0","0","0","40.0572","-75.1749","","CRASH_2001_Philadelphia"
"2001205975","06","67","67301","67301","2001","01","4","2344","23","3","1","6","7","5","","","N","00","0","00","3","0","1","1","1","N","N","40 02:52.080","75 08:33.720","9999","","9999","","0","","N","","0 ","","","","","","","","","","1","1","0","0","0","0","0","0","0","0","1","0","1","0","0","0","0","0","0","0","0","0","0","0","0","0","0","0","0","0","0","0","0","0","0","3","0","40.0478","-75.1427","","CRASH_2001_Philadelphia"
"2001209038","06","67","67301","67301","2001","01","2","0920","09","1","4","1","4","1","","","N","00","0","00","3","0","0","2","3","N","N","","","9999","","9999","","0","","N","","0 ","","","","","","","","","","3","1","0","0","0","0","0","1","0","0","0","0","0","0","0","0","0","0","0","0","0","0","0","0","0","0","0","0","0","0","0","0","0","0","0","0","0","","","","CRASH_2001_Philadelphia"
"2001239132","06","67","67301","67301","2001","04","4","1900","19","4","1","0","8","1","","","N","00","0","00","3","0","1","2","2","N","N","","","9999","","9999","","0","","N","","0 ","","","","","","","","","","1","1","0","0","0","0","0","0","0","0","0","1","1","0","0","0","0","0","0","0","0","0","0","0","0","0","0","0","0","0","0","0","1","0","0","4","0","","","","CRASH_2001_Philadelphia"