"CRN","DISTRICT","COUNTY","MUNICIPALITY","POLICE_AGCY","CRASH_YEAR","CRASH_MONTH","DAY_OF_WEEK","TIME_OF_DAY","HOUR_OF_DAY","ILLUMINATION","WEATHER","ROAD_CONDITION","COLLISION_TYPE","RELATION_TO_ROAD","WORK_ZONE_TYPE","WORK_ZONE_LOC","WORK_ZONE_IND","INTERSECT_TYPE","TCD_TYPE","LOCATION_TYPE","URBAN_RURAL","FATAL_COUNT","INJURY_COUNT","PERSON_COUNT","TOTAL_UNITS","SCH_BUS_IND","SCH_ZONE_IND","LATITUDE","LONGITUDE","ARRIVAL_TM","CONS_ZONE_SPD_LIM","DISPATCH_TM","EST_HRS_CLOSED","LANE_CLOSED","LN_CLOSE_DIR","NTFY_HIWY_MAINT","SPEC_JURIS_CD","TCD_FUNC_CD","TFC_DETOUR_IND","WORKERS_PRES","WZ_CLOSE_DETOUR","WZ_FLAGGER","WZ_LAW_OFFCR_IND","WZ_LN_CLOSURE","WZ_MOVING","WZ_OTHER","WZ_SHLDER_MDN","VEHICLE_COUNT","AUTOMOBILE_COUNT","MOTORCYCLE_COUNT","BUS_COUNT","SMALL_TRUCK_COUNT","HEAVY_TRUCK_COUNT","SUV_COUNT","VAN_COUNT","BICYCLE_COUNT","MAJ_INJ_COUNT","MOD_INJ_COUNT","MIN_INJ_COUNT","TOT_INJ_COUNT","UNK_INJ_DEG_COUNT","UNK_INJ_PER_COUNT","DRIVER_COUNT_16YR","DRIVER_COUNT_17YR","DRIVER_COUNT_18YR","DRIVER_COUNT_19YR","DRIVER_COUNT_20YR","DRIVER_COUNT_50_64YR","DRIVER_COUNT_65_74YR","DRIVER_COUNT_75PLUS","UNBELTED_OCC_COUNT","UNB_DEATH_COUNT","UNB_MAJ_INJ_COUNT","BELTED_DEATH_COUNT","BELTED_MAJ_INJ_COUNT","MCYCLE_DEATH_COUNT","MCYCLE_MAJ_INJ_COUNT","BICYCLE_DEATH_COUNT","BICYCLE_MAJ_INJ_COUNT","PED_COUNT","PED_DEATH_COUNT","PED_MAJ_INJ_COUNT","MAX_SEVERITY_LEVEL","COMM_VEH_COUNT","DEC_LAT","DEC_LONG","RDWY_SURF_TYPE_CD","COUNTY_YEAR"
"2001007201","06","67","67301","67301","2001","05","3","1530","15","1","2","1","4","1","","","N","00","0","07","3","0","2","6","2","N","N","40 04:46.560","75 01:34.320","1542","","1536","","0","","N","","0 ","","","","","","","","","","2","2","0","0","0","0","0","0","0","0","0","2","2","0","0","0","0","0","0","0","0","0","0","0","0","0","0","0","0","0","0","0","0","0","0","4","0","40.0797","-75.0264","","CRASH_2001_Philadelphia"
"2001007210","06","67","67301","67301","2001","05","7","2315","23","3","7","0","1","1","","","N","00","0","00","3","0","2","2","2","N","N","40 03:09.751","74 58:59.521","2333","","2330","","0","","N","","0 ","","","","","","","","","","2","1","0","0","0","1","0","0","0","0","0","2","2","0","0","0","0","0","0","0","0","0","0","2","0","0","0","0","0","0","0","0","0","0","0","4","0","40.0527","-74.9832","","CRASH_2001_Philadelphia"
"2001209092","06","67","67301","67301","2001","02","7","1900","19","3","1","0","4","1","","","N","00","0","07","3","0","1","2","2","N","N","39 57:11.880","75 09:16.920","9999","","9999","","0","","N","","0 ","","","","","","","","","","2","2","0","0","0","0","0","0","0","0","0","1","1","0","0","0","0","0","0","0","0","0","0","0","0","0","0","0","0","0","0","0","0","0","0","4","0","39.9533","-75.1546","","CRASH_2001_Philadelphia"
"2001213120","06","67","67301","67301","2001","02","6","0820","08","1","1","3","4","1","","","N","01","2","00","3","0","1","3","2","N","N","40 01:24.240","75 05:34.080","9999","","9999","","0","","N","","3 ","","","","","","","","","","2","2","0","0","0","0","0","0","0","0","0","1","1","0","0","0","0","0","0","0","2","0","0","0","0","0","0","0","0","0","0","0","0","0","0","4","0","40.0238","-75.0925","","CRASH_2001_Philadelphia"
"2001215605","06","67","67301","67301","2001","02","7","1915","19","3","1","0","8","1","","","N","00","0","00","3","0","1","2","2","N","N","","","9999","","9999","","0","","N","","0 ","","","","","","","","","","1","1","0","0","0","0","0","0","0","0","0","1","1","0","0","0","0","0","0","0","0","0","0","0","0","0","0","0","0","0","0","0","1","0","0","4","0","","","","CRASH_2001_Philadelphia"
"2001229601","06","67","67301","67301","2001","03","3","2000","20","3","1","0","1","1","","","N","00","0","07","3","0","2","3","3","N","N","","","9999","","9999","","0","","N","","0 ","","","","","","","","","","3","2","0","0","0","0","0","1","0","0","2","0","2","0","0","0","1","0","0","0","0","0","0","0","0","0","0","0","0","0","0","0","0","0","0","3","0","","","","CRASH_2001_Philadelphia"
"2001233289","06","67","67301","67301","2001","03","5","2300","23","3","2","1","7","5","","","N","00","0","00","3","0","1","2","1","N","N","40 01:51.960","75 05:05.640","9999","","9999","","0","","N","","0 ","","","","","","","","","","1","1","0","0","0","0","0","0","0","0","0","1","1","0","0","0","0","0","0","0","0","0","0","0","0","0","0","0","0","0","0","0","0","0","0","4","0","40.0317","-75.0839","","CRASH_2001_Philadelphia"
"2001240119","06","67","67301","67301","2001","04","4","0300","03","3","2","1","4","1","","","N","01","2","00","3","0","1","2","2","N","N","40 03:39.240","75 09:50.760","9999","","9999","","0","","N","","3 ","","","","","","","","","","2","2","0","0","0","0","0","0","0","0","0","1","1","0","0","0","0","0","0","0","0","1","0","0","0","0","0","0","0","0","0","0","0","0","0","4","0","40.0609","-75.1641","","CRASH_2001_Philadelphia"
"2001244638","06","67","67301","67301","2001","05","2","1620","16","1","1","0","4","1","","","N","01","2","00","3","0","1","3","2","N","N","40 00:20.520","75 05:56.400","9999","","9999","","0","","N","","3 ","","","","","","","","","","2","2","0","0","0","0","0","0","0","0","0","1","1","0","0","0","0","0","0","1","0","0","0","0","0","0","0","0","0","0","0","0","0","0","0","4","0","40.0057","-75.099","","CRASH_2001_Philadelphia"
"2001010290","06","67","67301","67301","2001","06","4","0858","08","1","1","0","1","1","","","N","01","2","00","3","0","1","2","2","N","N","40 03:54.821","75 10:05.037","0912","","0906","","0","","N","","3 ","","","","","","","","","","2","2","0","0","0","0","0","0","0","0","0","1","1","0","0","0","0","0","0","0","0","0","0","0","0","0","0","0","0","0","0","0","0","0","0","4","0","40.0652","-75.1681","","CRASH_2001_Philadelphia"
"2001204529","06","67","67301","67504","2001","01","2","0054","00","3","1","1","1","1","","","N","00","0","00","3","0","1","2","2","N","N","","","9999","","9999","","0","","N","","0 ","","","","","","","","","","2","1","0","0","0","0","0","0","0","0","0","1","1","0","0","0","0","0","0","0","0","0","0","0","0","0","0","0","0","0","0","0","0","0","0","4","0","","","","CRASH_2001_Philadelphia"
"2001214243","06","67","67301","67301","2001","02","3","2104","21","3","1","0","4","1","","","N","01","0","00","3","0","1","2","2","N","N","","","9999","","9999","","0","","N","","0 ","","","","","","","","","","1","1","0","0","0","0","0","0","1","0","0","1","1","0","0","0","0","0","0","0","1","0","0","0","0","0","0","0","0","0","0","0","0","0","0","4","0","","","","CRASH_2001_Philadelphia"
"2001215733","06","67","67301","67301","2001","03","6","0750","07","1","1","0","5","1","","","N","00","0","00","3","0","1","2","2","N","N","40 01:51.960","75 05:06.000","9999","","9999","","0","","N","","0 ","","","","","","","","","","2","1","0","0","0","1","0","0","0","0","0","1","1","0","0","0","0","0","0","0","0","0","0","0","0","0","0","0","0","0","0","0","0","0","0","4","0","40.0316","-75.084","","CRASH_2001_Philadelphia"
"2001231038","06","67","67301","67301","2001","03","5","0435","04","3","1","0","7","5","","","N","00","0","00","3","0","1","1","1","N","N","","","9999","","9999","","0","","N","","0 ","","","","","","","","","","1","1","0","0","0","0","0","0","0","0","1","0","1","0","0","0","0","0","0","0","0","0","0","0","0","0","0","0","0","0","0","0","0","0","0","3","0","","","","CRASH_2001_Philadelphia"
"2001233156","06","67","67301","67301","2001","04","5","0027","00","3","1","0","5","1","","","N","00","0","00","3","0","0","2","2","N","N","40 01:12.000","75 09:02.520","9999","","9999","","0","","N","","0 ","","","","","","","","","","2","1","0","0","1","0","0","0","0","0","0","0","0","0","0","0","0","0","0","0","0","0","0","0","0","0","0","0","0","0","0","0","0","0","0","0","0","40.0199","-75.1506","","CRASH_2001_Philadelphia"
"2001233419","06","67","67301","67301","2001","03","7","0207","02","3","1","0","9","1","","","N","03","2","00","3","0","1","1","2","N","N","","","9999","","9999","","0","","N","","3 ","","","","","","","","","","2","1","0","0","0","0","0","0","0","0","0","1","1","0","0","0","0","0","0","0","0","0","0","0","0","0","0","0","0","0","0","0","0","0","0","4","0","","","","CRASH_2001_Philadelphia"
"2001233540","06","67","67301","67301","2001","03","7","0840","08","1","1","0","5","1","","","N","00","0","00","3","0","0","2","2","N","N","39 58:55.200","75 06:05.040","9999","","9999","","0","","N","","0 ","","","","","","","","","","2","1","0","0","1","0","0","0","0","0","0","0","0","0","0","0","0","0","0","0","1","0","0","0","0","0","0","0","0","0","0","0","0","0","0","0","0","39.982","-75.1013","","CRASH_2001_Philadelphia"
"2001238227","06","67","67301","67301","2001","04","2","1747","17","1","1","0","4","1","","","N","02","0","00","3","0","1","2","2","N","N","40 02:28.867","75 07:49.688","9999","","9999","","0","","N","","0 ","","","","","","","","","","1","1","0","0","0","0","0","0","1","0","0","1","1","0","0","0","0","0","0","0","1","0","0","0","0","0","0","0","0","0","0","0","0","0","0","4","0","40.0414","-75.1305","","CRASH_2001_Philadelphia"
"2001240227","06","67","67301","67301","2001","04","4","2300","23","3","1","0","8","1","","","N","00","0","00","3","0","1","2","2","N","N","","","9999","","9999","","0","","N","","0 ","","","","","","","","","","1","1","0","0","0","0","0","0","0","0","0","1","1","0","0","0","0","0","0","0","0","0","0","0","0","0","0","0","0","0","0","0","1","0","0","4","0","","","","CRASH_2001_Philadelphia"
"2001007170","06","67","67301","67301","2001","05","2","1330","13","1","2","1","1","1","","","N","01","2","00","3","0","1","2","2","N","N","40 04:34.829","75 01:13.772","1340","","1335","","0","","N","","3 ","","","","","","","","","","2","2","0","0","0","0","0","0","0","0","0","1","1","0","0","0","0","0","0","0","1","0","0","1","0","0","0","0","0","0","0","0","0","0","0","4","0","40.0828","-75.032","","CRASH_2001_Philadelphia"
"2001207374","06","67","67301","67301","2001","01","6","1734","17","3","1","0","4","1","","","N","01","3","00","3","0","1","2","2","N","N","39 59:39.789","75 07:48.568","9999","","9999","","0","","N","","3 ","","","","","","","","","","2","1","1","0","0","0","0","0","0","0","1","0","1","0","0","0","0","0","0","0","0","0","0","0","0","0","0","0","0","0","0","0","0","0","0","3","0","39.9944","-75.1302","","CRASH_2001_Philadelphia"
"2001209018","06","67","67301","67301","2001","01","1","1315","13","1","1","5","7","5","","","N","00","0","00","3","0","1","1","1","N","N","","","9999","","9999","","0","","N","","0 ","","","","","","","","","","1","1","0","0","0","0","0","0","0","0","1","0","1","0","0","0","0","0","0","0","0","0","0","0","0","0","0","0","0","0","0","0","0","0","0","3","0","","","","CRASH_2001_Philadelphia"
"2001211703","06","67","67301","67301","2001","02","2","1750","17","3","4","3","6","1","","","N","01","2","00","3","0","1","2","2","N","N","40 00:59.814","75 08:49.815","9999","","9999","","0","","N","","3 ","","","","","","","","","","2","1","0","0","0","0","0","0","0","0","0","0","0","0","1","0","0","0","0","0","0","0","0","0","0","0","0","0","0","0","0","0","0","0","0","9","0","40.0166","-75.1472","","CRASH_2001_Philadelphia"
"2001233104","06","67","67301","67301","2001","04","2","0615","06","1","1","0","4","1","","","N","01","2","00","3","0","1","2","2","N","N","39 57:23.400","75 12:30.600","9999","","9999","","0","","N","","3 ","","","","","","","","","","2","1","0","0","0","0","0","0","0","0","0","1","1","0","0","0","0","0","0","0","0","0","0","0","0","0","0","0","0","0","0","0","0","0","0","4","0","39.9564","-75.2084","","CRASH_2001_Philadelphia"
"2001233210","06","67","67301","67301","2001","04","1","0730","07","1","1","0","5","1","","","N","00","0","00","3","0","0","3","3","N","N","39 59:22.200","75 12:21.960","9999","","9999","","0","","N","","0 ","","","","","","","","","","3","2","0","0","0","0","0","0","0","0","0","0","0","0","0","0","0","0","0","0","0","0","0","0","0","0","0","0","0","0","0","0","0","0","0","0","0","39.9895","-75.2062","","CRASH_2001_Philadelphia"
"2001016748","06","67","67301","67301","2001","05","1","2013","20","2","1","0","4","1","","","N","01","2","00","3","0","1","2","2","N","N","39 56:57.480","75 09:50.760","2018","","2015","","0","","N","","3 ","","","","","","","","","","1","1","0","0","0","0","0","0","1","0","1","0","1","0","0","0","0","0","0","0","0","0","0","1","0","0","0","0","0","0","0","0","0","0","0","3","0","39.9493","-75.1642","","CRASH_2001_Philadelphia"
"2001200915","06","67","67301","67301","2001","02","2","1140","11","1","4","3","9","1","","","N","00","0","00","3","0","1","3","2","N","N","","","9999","","9999","","0","","N","","0 ","","","","","","","","","","2","1","0","0","0","0","0","0","0","0","0","0","0","0","1","1","0","0","0","0","0","0","0","0","0","0","0","0","0","0","0","0","0","0","0","9","0","","","","CRASH_2001_Philadelphia"
"2001205972","06","67","67301","67301","2001","01","3","2238","22","3","1","0","4","1","","","N","00","0","07","3","0","2","4","2","N","N","","","9999","","9999","","0","","N","","0 ","","","","","","","","","","2","2","0","0","0","0","0","0","0","0","0","0","0","0","2","0","0","0","0","0","0","0","0","0","0","0","0","0","0","0","0","0","0","0","0","9","0","","","","CRASH_2001_Philadelphia"
"2001208948","06","67","67301","67301","2001","01","6","0910","09","1","1","0","4","1","","","N","01","2","00","3","0","3","3","2","N","N","","","9999","","9999","","0","","N","","3 ","","","","","","","","","","2","2","0","0","0","0","0","0","0","0","1","2","3","0","0","0","0","0","0","0","0","0","0","0","0","0","0","0","0","0","0","0","0","0","0","3","0","","","","CRASH_2001_Philadelphia"
"2001210574","06","67","67301","67301","2001","01","1","1655","16","1","1","0","4","1","","","N","01","2","00","3","0","6","6","3","N","N","40 00:57.144","75 09:13.828","9999","","9999","","0","","N","","3 ","","","","","","","","","","3","2","0","0","0","0","1","0","0","0","3","3","6","0","0","0","0","0","0","0","1","0","0","0","0","0","0","0","0","0","0","0","0","0","0","3","0","40.0159","-75.1538","","CRASH_2001_Philadelphia"
"2001240144","06","67","67301","67301","2001","04","4","0814","08","1","1","0","8","1","","","N","01","2","00","3","0","1","2","2","N","N","40 03:45.360","75 10:14.520","9999","","9999","","0","","N","","3 ","","","","","","","","","","1","1","0","0","0","0","0","0","0","0","0","1","1","0","0","0","0","0","0","0","0","0","0","0","0","0","0","0","0","0","0","0","1","0","0","4","0","40.0626","-75.1708","","CRASH_2001_Philadelphia"
"2001243542","06","67","67301","67301","2001","05","1","2140","21","3","1","0","1","1","","","N","01","2","00","3","0","2","5","2","N","N","39 59:43.440","75 10:44.040","9999","","9999","","0","","N","","3 ","","","","","","","","","","2","0","0","0","1","0","0","0","0","0","0","2","2","0","0","0","0","0","0","0","0","0","0","0","0","0","0","0","0","0","0","0","0","0","0","4","0","39.9954","-75.1789","","CRASH_2001_Philadelphia"
"2001211698","06","67","67301","67301","2001","02","4","0720","07","1","1","0","1","1","","","N","00","0","00","3","0","2","2","2","N","N","","","9999","","9999","","0","","N","","0 ","","","","","","","","","","2","2","0","0","0","0","0","0","0","0","2","0","2","0","0","0","0","0","0","0","0","0","0","0","0","0","0","0","0","0","0","0","0","0","0","3","0","","","","CRASH_2001_Philadelphia"
"2001248738","06","67","67301","67301","2001","05","1","0135","01","2","1","0","4","1","","","N","01","2","00","3","0","0","2","2","N","N","","","9999","","9999","","0","","N","","3 ","","","","","","","","","","2","1","0","0","1","0","0","0","0","0","0","0","0","0","0","0","0","0","0","0","0","0","0","0","0","0","0","0","0","0","0","0","0","0","0","0","0","","","","CRASH_2001_Philadelphia"
"2001007296","06","67","67301","67301","2001","06","2","2020","20","1","1","8","4","1","","","N","01","2","00","3","0","1","2","2","N","N","39 55:33.758","75 13:29.844","0223","","2020","","0","","N","","3 ","","","","","","","","","","1","0","0","0","1","0","0","0","0","0","0","1","1","0","0","0","0","0","0","0","0","1","0","1","0","0","0","0","0","0","0","0","1","0","0","4","0","39.9261","-75.2248","","CRASH_2001_Philadelphia"
"2001019654","06","67","67301","67301","2001","06","6","1740","17","1","2","1","4","1","","","N","01","2","00","3","0","0","2","2","N","N","39 57:56.952","75 14:46.268","1757","","1757","","0","","N","","3 ","","","","","","","","","","2","2","0","0","0","0","0","0","0","0","0","0","0","0","0","0","0","0","0","0","0","0","0","0","0","0","0","0","0","0","0","0","0","0","0","0","0","39.9658","-75.2462","","CRASH_2001_Philadelphia"
"2001204600","06","67","67301","67301","2001","01","6","0855","08","1","1","1","2","1","","","N","00","0","00","3","0","2","3","2","N","N","","","9999","","9999","","0","","N","","0 ","","","","","","","","","","2","1","0","0","0","0","1","0","0","0","0","2","2","0","0","0","0","0","0","0","0","0","0","0","0","0","0","0","0","0","0","0","0","0","0","4","0","","","","CRASH_2001_Philadelphia"
"2001204675","06","67","67301","67301","2001","01","2","1920","19","3","2","1","4","1","","","N","01","2","00","3","0","1","3","2","N","N","","","9999","","9999","","0","","N","","3 ","","","","","","","","","","2","1","0","0","0","0","0","1","0","0","0","1","1","0","0","0","0","0","0","0","1","0","0","0","0","0","0","0","0","0","0","0","0","0","0","4","0","","","","CRASH_2001_Philadelphia"
"2001207451","06","67","67301","67301","2001","01","2","1500","15","1","1","0","9","1","","","N","00","0","00","3","0","2","2","3","N","N","","","9999","","9999","","0","","N","","0 ","","","","","","","","","","2","1","0","0","0","0","0","0","0","0","0","2","2","0","0","0","0","0","0","0","1","0","0","0","0","0","0","0","0","0","0","0","1","0","0","4","0","","","","CRASH_2001_Philadelphia"
"2001007220","06","67","67301","67301","2001","06","6","1200","12","1","1","0","4","1","","","N","01","2","00","3","0","0","2","2","N","N","40 00:31.995","75 04:08.176","1205","","1200","","0","","N","","3 ","","","","","","","","","","2","2","0","0","0","0","0","0","0","0","0","0","0","0","0","0","0","0","0","0","0","0","0","0","0","0","0","0","0","0","0","0","0","0","0","0","0","40.0613","-75.0519","","CRASH_2001_Philadelphia"
"2001007437","06","67","67301","67301","2001","05","4","2015","20","1","1","0","8","1","","","N","01","2","00","3","0","1","2","2","N","N","","","2017","","2015","","0","","N","","3 ","","","","","","","","","","1","1","0","0","0","0","0","0","0","0","0","1","1","0","0","0","0","0","0","0","0","0","0","0","0","0","0","0","0","0","0","0","1","0","0","4","0","","","","CRASH_2001_Philadelphia"
"2001019564","06","67","67301","67301","2001","05","4","1724","17","1","1","0","4","1","","","N","01","2","01","3","0","2","3","2","N","N","39 57:34.115","75 13:15.353","1730","","1724","","0","","N","","3 ","","","","","","","","","","2","2","0","0","0","0","0","0","0","0","0","2","2","0","0","0","0","0","0","0","1","0","0","1","0","0","0","0","0","0","0","0","0","0","0","4","0","39.9595","-75.2209","","CRASH_2001_Philadelphia"
"2001214592","06","67","67301","67301","2001","02","1","1430","14","1","2","1","5","1","","","N","00","0","00","3","0","1","3","2","N","N","40 02:17.520","75 00:37.800","9999","","9999","","0","","N","","0 ","","","","","","","","","","2","2","0","0","0","0","0","0","0","0","0","1","1","0","0","0","0","0","0","0","1","0","0","0","0","0","0","0","0","0","0","0","0","0","0","4","0","40.0382","-75.0107","","CRASH_2001_Philadelphia"
"2001243056","06","67","67301","67301","2001","01","5","1302","13","1","2","1","5","1","","","N","00","0","00","3","0","2","3","3","N","N","","","9999","","9999","","0","","N","","0 ","","","","","","","","","","3","1","0","0","0","1","0","0","0","0","0","0","0","0","2","0","0","0","0","0","0","0","0","0","0","0","0","0","0","0","0","0","0","0","0","9","1","","","","CRASH_2001_Philadelphia"
"2001243295","06","67","67301","67301","2001","04","7","1941","19","4","2","1","7","1","","","N","00","0","00","3","0","1","1","1","N","N","39 53:23.280","75 13:58.800","9999","","9999","","0","","N","","0 ","","","","","","","","","","1","1","0","0","0","0","0","0","0","0","0","1","1","0","0","0","0","0","1","0","0","0","0","0","0","0","0","0","0","0","0","0","0","0","0","4","0","39.8897","-75.2326","","CRASH_2001_Philadelphia"
"2001206015","06","67","67301","67301","2001","01","5","0943","09","1","1","0","6","1","","","N","01","2","00","3","0","0","2","3","N","N","40 03:44.013","75 09:06.397","9999","","9999","","0","","N","","3 ","","","","","","","","","","3","2","0","0","0","0","0","0","0","0","0","0","0","0","0","0","0","0","0","0","1","0","0","0","0","0","0","0","0","0","0","0","0","0","0","0","0","40.0622","-75.1518","","CRASH_2001_Philadelphia"
"2001207373","06","67","67301","67301","2001","01","1","1654","16","1","2","1","4","1","","","N","01","2","00","3","0","1","2","2","N","N","40 00:21.754","75 10:35.816","9999","","9999","","0","","N","","3 ","","","","","","","","","","2","1","1","0","0","0","0","0","0","0","0","1","1","0","0","0","0","0","0","0","0","0","0","0","0","0","0","0","0","0","0","0","0","0","0","4","0","40.006","-75.1766","","CRASH_2001_Philadelphia"
"2001208905","06","67","67301","67301","2001","02","5","2246","22","3","1","0","7","1","","","N","00","0","01","3","0","1","1","1","N","N","39 56:49.200","75 11:18.600","9999","","9999","","0","","N","","0 ","","","","","","","","","","1","1","0","0","0","0","0","0","0","0","0","0","0","0","1","0","0","0","0","0","0","0","0","0","0","0","0","0","0","0","0","0","0","0","0","9","0","39.947","-75.1885","","CRASH_2001_Philadelphia"
"2001209043","06","67","67301","67301","2001","01","1","2345","23","3","1","3","4","1","","","N","01","2","00","3","0","2","3","2","N","N","40 01:34.680","75 07:01.920","9999","","9999","","0","","N","","3 ","","","","","","","","","","2","1","0","0","0","0","1","0","0","0","0","0","0","0","2","0","0","0","0","0","0","0","0","0","0","0","0","0","0","0","0","0","0","0","0","9","0","40.0263","-75.1172","","CRASH_2001_Philadelphia"
"2001209073","06","67","67301","67301","2001","01","7","2045","20","3","2","1","4","1","","","N","05","2","00","3","0","2","2","2","N","N","40 00:34.514","75 05:22.410","9999","","9999","","0","","N","","3 ","","","","","","","","","","2","1","0","0","0","0","0","1","0","0","2","0","2","0","0","0","0","0","0","0","1","0","0","0","0","0","0","0","0","0","0","0","0","0","0","3","0","40.0096","-75.0896","","CRASH_2001_Philadelphia"
"2001223830","06","67","67301","67301","2001","03","2","0905","09","1","1","0","4","1","","","N","01","2","00","3","0","1","2","2","N","N","40 03:01.080","74 59:59.640","9999","","9999","","0","","N","","3 ","","","","","","","","","","2","1","0","0","0","0","0","1","0","0","0","0","0","0","1","0","0","0","0","0","0","1","0","0","0","0","0","0","0","0","0","0","0","0","0","9","0","40.0504","-74.9999","","CRASH_2001_Philadelphia"
"2001238224","06","67","67301","67301","2001","03","3","1815","18","4","1","0","4","1","","","N","01","2","00","3","0","3","3","2","N","N","","","9999","","9999","","0","","N","","3 ","","","","","","","","","","2","2","0","0","0","0","0","0","0","0","0","1","1","0","2","0","0","0","0","0","0","0","0","0","0","0","0","0","0","0","0","0","0","0","0","4","0","","","","CRASH_2001_Philadelphia"
"2001207633","06","67","67301","67301","2001","01","4","0910","09","1","1","0","4","1","","","N","01","2","00","3","0","2","6","2","N","N","40 02:07.080","75 08:43.800","9999","","9999","","0","","N","","3 ","","","","","","","","","","2","2","0","0","0","0","0","0","0","0","0","0","0","0","2","0","0","1","0","0","0","1","0","0","0","0","0","0","0","0","0","0","0","0","0","9","0","40.0352","-75.1456","","CRASH_2001_Philadelphia"
"2001211723","06","67","67301","67301","2001","02","7","2150","21","3","1","0","6","1","","","N","00","0","00","3","0","0","3","3","N","N","40 04:18.120","75 09:14.760","9999","","9999","","0","","N","","0 ","","","","","","","","","","3","3","0","0","0","0","0","0","0","0","0","0","0","0","0","0","0","0","1","0","0","0","0","0","0","0","0","0","0","0","0","0","0","0","0","0","0","40.0717","-75.1541","","CRASH_2001_Philadelphia"
"2001238874","06","67","67301","67301","2001","04","2","0257","02","3","2","1","7","5","","","N","00","0","00","3","0","1","1","1","N","N","40 03:38.520","75 01:11.280","9999","","9999","","0","","N","","0 ","","","","","","","","","","1","0","0","0","0","0","1","0","0","0","0","1","1","0","0","0","0","0","0","0","0","0","0","0","0","0","0","0","0","0","0","0","0","0","0","4","0","40.0607","-75.0197","","CRASH_2001_Philadelphia"
"2001016986","06","67","67301","67301","2001","06","7","1206","12","1","1","0","4","1","","","N","01","2","00","3","0","1","2","2","N","N","","","1207","","1306","","0","","N","","3 ","","","","","","","","","","1","1","0","0","0","0","0","0","1","1","0","0","1","0","0","0","0","0","1","0","0","0","0","0","0","0","0","0","0","0","0","1","0","0","0","2","0","","","","CRASH_2001_Philadelphia"
"2001205989","06","67","67301","67301","2001","01","5","0605","06","1","1","0","1","1","","","N","00","0","00","3","0","6","6","3","N","N","39 52:49.800","75 14:50.280","9999","","9999","","0","","N","","0 ","","","","","","","","","","3","2","0","0","0","0","0","1","0","0","0","0","0","0","6","0","0","0","0","0","1","0","0","0","0","0","0","0","0","0","0","0","0","0","0","9","0","39.8805","-75.2473","","CRASH_2001_Philadelphia"
"2001210614","06","67","67301","67301","2001","01","6","0735","07","1","1","0","1","1","","","N","06","4","02","3","0","1","3","2","N","N","40 00:49.320","75 10:46.920","9999","","9999","","0","","N","","3 ","","","","","","","","","","2","2","0","0","0","0","0","0","0","0","0","1","1","0","0","0","0","0","0","0","0","1","0","0","0","0","0","0","0","0","0","0","0","0","0","4","0","40.0137","-75.1796","","CRASH_2001_Philadelphia"
"2001211376","06","67","67301","67301","2001","02","3","1620","16","1","1","0","4","1","","","N","02","3","00","3","0","1","6","2","N","N","","","9999","","9999","","0","","N","","3 ","","","","","","","","","","2","2","0","0","0","0","0","0","0","0","0","1","1","0","0","0","0","0","0","0","1","0","0","0","0","0","0","0","0","0","0","0","0","0","0","4","0","","","","CRASH_2001_Philadelphia"
"2001215485","06","67","67301","67301","2001","03","2","0735","07","1","3","6","4","1","","","N","01","3","00","3","0","2","2","2","N","N","39 56:48.919","75 11:00.412","9999","","9999","","0","","N","","3 ","","","","","","","","","","2","2","0","0","0","0","0","0","0","0","0","1","1","0","1","0","0","0","0","0","0","0","0","0","0","0","0","0","0","0","0","0","0","0","0","4","0","39.9469","-75.1834","","CRASH_2001_Philadelphia"
"2001223910","06","67","67301","67301","2001","03","7","2140","21","3","2","1","1","1","","","N","01","2","02","3","0","2","2","2","N","N","39 57:23.760","75 09:09.000","9999","","9999","","0","","N","","3 ","","","","","","","","","","2","1","0","0","1","0","0","0","0","0","0","1","1","0","1","0","0","0","0","0","0","0","0","0","0","0","0","0","0","0","0","0","0","0","0","4","0","39.9567","-75.1524","","CRASH_2001_Philadelphia"
"2001243623","06","67","67301","67301","2001","04","5","1835","18","1","1","0","8","1","","","N","00","0","00","3","0","1","2","2","N","N","","","9999","","9999","","0","","N","","0 ","","","","","","","","","","1","0","0","0","0","1","0","0","0","0","0","1","1","0","0","0","0","0","0","0","0","0","0","0","0","0","0","0","0","0","0","0","1","0","0","4","0","","","","CRASH_2001_Philadelphia"
"2001238136","06","67","67301","67301","2001","04","7","2104","21","3","1","0","1","1","","","N","00","0","00","3","0","1","2","2","N","N","40 01:44.400","75 06:21.960","9999","","9999","","0","","N","","0 ","","","","","","","","","","2","1","0","0","0","0","1","0","0","0","0","0","0","0","1","0","0","0","0","0","0","0","0","0","0","0","0","0","0","0","0","0","0","0","0","9","0","40.029","-75.1061","","CRASH_2001_Philadelphia"
"2001238961","06","67","67301","67301","2001","04","3","0934","09","1","1","0","4","1","","","N","01","2","00","3","0","0","2","2","N","N","39 58:20.280","75 15:11.520","9999","","9999","","0","","N","","3 ","","","","","","","","","","2","1","0","0","0","1","0","0","0","0","0","0","0","0","0","0","0","0","0","0","1","1","0","0","0","0","0","0","0","0","0","0","0","0","0","0","1","39.9723","-75.2532","","CRASH_2001_Philadelphia"
"2001240121","06","67","67301","67301","2001","04","4","0826","08","1","1","0","5","1","","","N","00","0","00","3","0","2","4","3","N","N","39 53:51.000","75 15:08.280","9999","","9999","","0","","N","","0 ","","","","","","","","","","3","1","0","0","1","0","0","0","0","0","0","2","2","0","0","0","0","0","0","0","0","0","0","0","0","0","0","0","0","0","0","0","0","0","0","4","0","39.8972","-75.2519","","CRASH_2001_Philadelphia"