"CRN","DISTRICT","COUNTY","MUNICIPALITY","POLICE_AGCY","CRASH_YEAR","CRASH_MONTH","DAY_OF_WEEK","TIME_OF_DAY","HOUR_OF_DAY","ILLUMINATION","WEATHER","ROAD_CONDITION","COLLISION_TYPE","RELATION_TO_ROAD","WORK_ZONE_TYPE","WORK_ZONE_LOC","WORK_ZONE_IND","INTERSECT_TYPE","TCD_TYPE","LOCATION_TYPE","URBAN_RURAL","FATAL_COUNT","INJURY_COUNT","PERSON_COUNT","TOTAL_UNITS","SCH_BUS_IND","SCH_ZONE_IND","LATITUDE","LONGITUDE","ARRIVAL_TM","CONS_ZONE_SPD_LIM","DISPATCH_TM","EST_HRS_CLOSED","LANE_CLOSED","LN_CLOSE_DIR","NTFY_HIWY_MAINT","SPEC_JURIS_CD","TCD_FUNC_CD","TFC_DETOUR_IND","WORKERS_PRES","WZ_CLOSE_DETOUR","WZ_FLAGGER","WZ_LAW_OFFCR_IND","WZ_LN_CLOSURE","WZ_MOVING","WZ_OTHER","WZ_SHLDER_MDN","VEHICLE_COUNT","AUTOMOBILE_COUNT","MOTORCYCLE_COUNT","BUS_COUNT","SMALL_TRUCK_COUNT","HEAVY_TRUCK_COUNT","SUV_COUNT","VAN_COUNT","BICYCLE_COUNT","MAJ_INJ_COUNT","MOD_INJ_COUNT","MIN_INJ_COUNT","TOT_INJ_COUNT","UNK_INJ_DEG_COUNT","UNK_INJ_PER_COUNT","DRIVER_COUNT_16YR","DRIVER_COUNT_17YR","DRIVER_COUNT_18YR","DRIVER_COUNT_19YR","DRIVER_COUNT_20YR","DRIVER_COUNT_50_64YR","DRIVER_COUNT_65_74YR","DRIVER_COUNT_75PLUS","UNBELTED_OCC_COUNT","UNB_DEATH_COUNT","UNB_MAJ_INJ_COUNT","BELTED_DEATH_COUNT","BELTED_MAJ_INJ_COUNT","MCYCLE_DEATH_COUNT","MCYCLE_MAJ_INJ_COUNT","BICYCLE_DEATH_COUNT","BICYCLE_MAJ_INJ_COUNT","PED_COUNT","PED_DEATH_COUNT","PED_MAJ_INJ_COUNT","MAX_SEVERITY_LEVEL","COMM_VEH_COUNT","DEC_LAT","DEC_LONG","RDWY_SURF_TYPE_CD","COUNTY_YEAR"
"2001211717","06","67","67301","67301","2001","01","4","1556","15","1","1","0","4","1","","","N","01","3","00","3","0","0","2","2","N","N","40 01:48.428","75 08:37.006","9999","","9999","","0","","N","","3 ","","","","","","","","","","2","2","0","0","0","0","0","0","0","0","0","0","0","0","0","0","0","0","0","0","1","0","0","0","0","0","0","0","0","0","0","0","0","0","0","0","0","40.0301","-75.1436","","CRASH_2001_Philadelphia"
"2001215750","06","67","67301","67301","2001","02","4","0440","04","3","1","0","1","1","","","N","00","0","00","3","0","1","1","2","N","N","39 59:05.640","75 05:42.360","9999","","9999","","0","","N","","0 ","","","","","","","","","","2","1","0","0","1","0","0","0","0","0","0","1","1","0","0","0","0","0","0","0","1","0","0","0","0","0","0","0","0","0","0","0","0","0","0","4","0","39.985","-75.0949","","CRASH_2001_Philadelphia"
"2001216908","06","67","67301","67301","2001","03","3","1926","19","3","4","1","4","1","","","N","01","2","00","3","0","1","2","2","N","N","40 02:48.480","75 08:15.360","9999","","9999","","0","","N","","3 ","","","","","","","","","","2","2","0","0","0","0","0","0","0","0","0","1","1","0","0","0","0","0","0","0","0","0","0","0","0","0","0","0","0","0","0","0","0","0","0","4","0","40.0468","-75.1376","","CRASH_2001_Philadelphia"
"2001233388","06","67","67301","67301","2001","03","1","0115","01","3","1","0","4","1","","","N","01","2","00","3","0","1","2","2","N","N","39 58:31.080","75 14:43.800","9999","","9999","","0","","N","","3 ","","","","","","","","","","2","1","0","0","1","0","0","0","0","0","1","0","1","0","0","0","0","0","0","1","0","0","0","0","0","0","0","0","0","0","0","0","0","0","0","3","0","39.9753","-75.2456","","CRASH_2001_Philadelphia"
"2001243450","06","67","67301","67301","2001","05","4","1220","12","1","1","0","8","1","","","N","00","0","00","3","0","1","2","2","N","N","","","9999","","9999","","0","","N","","0 ","","","","","","","","","","1","1","0","0","0","0","0","0","0","0","0","1","1","0","0","0","0","0","0","0","1","0","0","0","0","0","0","0","0","0","0","0","1","0","0","4","0","","","","CRASH_2001_Philadelphia"
"2001243537","06","67","67301","67301","2001","05","2","2035","20","3","1","0","9","1","","","N","00","0","00","3","0","0","1","3","N","N","","","9999","","9999","","0","","N","","0 ","","","","","","","","","","3","1","0","0","0","0","0","0","0","0","0","0","0","0","0","0","0","0","0","0","0","0","0","1","0","0","0","0","0","0","0","0","0","0","0","0","0","","","","CRASH_2001_Philadelphia"
"2001233483","06","67","67301","67301","2001","03","2","0012","00","3","1","0","7","1","","","N","00","0","00","3","0","0","1","1","N","N","40 01:03.720","75 10:22.800","9999","","9999","","0","","N","","0 ","","","","","","","","","","1","0","0","0","0","0","1","0","0","0","0","0","0","0","0","0","0","0","0","1","0","0","0","0","0","0","0","0","0","0","0","0","0","0","0","0","0","40.0176","-75.1727","","CRASH_2001_Philadelphia"
"2001240055","06","67","67301","67301","2001","04","2","0841","08","1","2","1","4","1","","","N","00","0","00","3","0","1","2","2","N","N","","","9999","","9999","","0","","N","","0 ","","","","","","","","","","2","2","0","0","0","0","0","0","0","0","0","0","0","0","1","0","0","0","0","0","1","0","0","0","0","0","0","0","0","0","0","0","0","0","0","9","0","","","","CRASH_2001_Philadelphia"
"2001240257","06","67","67301","67301","2001","04","7","0910","09","1","1","0","8","1","","","N","01","2","00","3","0","1","2","2","N","N","40 02:58.560","75 05:44.520","9999","","9999","","0","","N","","3 ","","","","","","","","","","1","1","0","0","0","0","0","0","0","0","0","1","1","0","0","0","0","0","0","0","0","0","0","0","0","0","0","0","0","0","0","0","1","0","0","4","0","40.0496","-75.0956","","CRASH_2001_Philadelphia"
"2001204111","06","67","67301","67301","2001","01","5","1740","17","3","1","1","8","1","","","N","00","0","00","3","0","1","2","2","N","N","","","9999","","9999","","0","","N","","0 ","","","","","","","","","","1","1","0","0","0","0","0","0","0","0","0","1","1","0","0","0","0","0","0","0","0","0","0","0","0","0","0","0","0","0","0","0","1","0","0","4","0","","","","CRASH_2001_Philadelphia"
"2001209140","06","67","67301","67301","2001","02","2","1031","10","1","2","1","4","1","","","N","02","3","00","3","0","2","3","3","N","N","40 01:55.675","75 06:08.639","9999","","9999","","0","","N","","3 ","","","","","","","","","","3","1","0","0","0","0","0","1","0","0","0","0","0","0","2","0","0","0","0","0","0","0","1","0","0","0","0","0","0","0","0","0","0","0","0","9","0","40.0321","-75.1024","","CRASH_2001_Philadelphia"
"2001223857","06","67","67301","67301","2001","03","4","1426","14","1","1","0","8","1","","","N","05","2","00","3","0","2","2","2","N","N","40 01:20.280","75 09:43.200","9999","","9999","","0","","N","","3 ","","","","","","","","","","1","0","0","0","0","0","0","0","0","0","1","0","1","0","1","0","0","0","0","0","0","0","0","0","0","0","0","0","0","0","0","0","1","0","0","3","0","40.0223","-75.162","","CRASH_2001_Philadelphia"
"2001007436","06","67","67301","67301","2001","06","3","1140","11","1","1","0","0","1","","","N","00","0","00","3","0","1","1","1","N","N","39 53:35.160","75 13:47.280","1210","","1147","","0","","Y","","0 ","","","","","","","","","","1","0","0","0","0","1","0","0","0","0","1","0","1","0","0","0","0","0","0","0","0","0","0","0","0","0","0","0","0","0","0","0","0","0","0","3","1","39.8931","-75.2296","","CRASH_2001_Philadelphia"
"2001210589","06","67","67301","67301","2001","02","5","1410","14","1","1","1","7","1","","","N","00","0","00","3","0","0","1","1","N","N","39 54:19.080","75 09:00.000","9999","","9999","","0","","N","","0 ","","","","","","","","","","1","0","0","0","0","0","0","1","0","0","0","0","0","0","0","0","0","0","0","0","0","0","0","0","0","0","0","0","0","0","0","0","0","0","0","0","0","39.9069","-75.1496","","CRASH_2001_Philadelphia"
"2001243674","06","67","67301","67301","2001","05","2","1745","17","1","1","0","2","1","","","N","00","0","00","3","0","0","3","2","N","N","","","9999","","9999","","0","","N","","0 ","","","","","","","","","","2","2","0","0","0","0","0","0","0","0","0","0","0","0","0","0","0","0","0","0","0","0","0","0","0","0","0","0","0","0","0","0","0","0","0","0","0","","","","CRASH_2001_Philadelphia"
"2001244692","06","67","67301","67301","2001","03","2","1610","16","1","1","0","8","1","","","N","02","0","00","3","0","1","2","2","N","N","39 55:59.520","75 13:45.840","9999","","9999","","0","","N","","0 ","","","","","","","","","","1","1","0","0","0","0","0","0","0","0","0","1","1","0","0","0","0","0","0","0","0","0","0","0","0","0","0","0","0","0","0","0","1","0","0","4","0","39.9331","-75.2294","","CRASH_2001_Philadelphia"
"2001207843","06","67","67301","67301","2001","01","1","0129","01","3","1","0","1","1","","","N","02","2","00","3","0","1","2","2","N","N","40 00:55.080","75 09:19.080","9999","","9999","","0","","N","","3 ","","","","","","","","","","2","1","0","1","0","0","0","0","0","0","0","1","1","0","0","0","0","0","0","0","0","0","0","0","0","0","0","0","0","0","0","0","0","0","0","4","1","40.0153","-75.1552","","CRASH_2001_Philadelphia"
"2001212904","06","67","67301","67301","2001","02","6","0741","07","1","2","1","7","5","","","N","00","0","00","3","0","0","1","1","N","N","","","9999","","9999","","0","","N","","0 ","","","","","","","","","","1","1","0","0","0","0","0","0","0","0","0","0","0","0","0","0","0","0","0","0","0","0","0","0","0","0","0","0","0","0","0","0","0","0","0","0","0","","","","CRASH_2001_Philadelphia"
"2001233503","06","67","67301","67301","2001","04","1","1814","18","1","1","0","8","1","","","N","00","0","00","3","0","2","2","2","N","N","","","9999","","9999","","0","","N","","0 ","","","","","","","","","","1","1","0","0","0","0","0","0","0","0","0","2","2","0","0","0","0","0","0","0","0","0","0","0","0","0","0","0","0","0","0","0","1","0","0","4","0","","","","CRASH_2001_Philadelphia"
"2001008749","06","67","67301","67301","2001","06","5","1720","17","1","1","0","5","1","","","N","00","0","00","3","0","1","3","2","N","N","39 54:19.685","75 11:39.441","1735","","1730","","0","","N","","0 ","","","","","","","","","","2","2","0","0","0","0","0","0","0","0","0","1","1","0","0","0","0","0","0","0","0","0","0","0","0","0","0","0","0","0","0","0","0","0","0","4","0","39.9055","-75.1943","","CRASH_2001_Philadelphia"
"2001008769","06","67","67301","67301","2001","06","7","0352","03","3","2","1","4","1","","","N","01","2","00","3","0","1","3","3","N","N","40 01:35.970","75 05:52.433","0359","","0358","1","1","5","Y","","2 ","N","","","","","","","","","3","3","0","0","0","0","0","0","0","0","0","1","1","0","0","0","0","0","0","0","0","0","0","0","0","0","0","0","0","0","0","0","0","0","0","4","0","40.0264","-75.0975","","CRASH_2001_Philadelphia"
"2001210633","06","67","67301","67301","2001","02","3","0532","05","1","1","1","4","1","","","N","01","2","00","3","0","1","2","2","N","N","39 58:18.480","75 14:41.280","9999","","9999","","0","","N","","3 ","","","","","","","","","","2","1","0","0","1","0","0","0","0","0","0","1","1","0","0","0","0","0","0","0","0","0","0","0","0","0","0","0","0","0","0","0","0","0","0","4","0","39.9719","-75.2448","","CRASH_2001_Philadelphia"
"2001233076","06","67","67301","67301","2001","04","4","0645","06","1","1","0","4","1","","","N","01","2","00","3","0","1","2","2","N","N","40 02:51.896","75 04:18.775","9999","","9999","","0","","N","","3 ","","","","","","","","","","1","1","0","0","0","0","0","0","1","0","0","1","1","0","0","0","0","0","0","0","0","0","0","0","0","0","0","0","0","0","0","0","0","0","0","4","0","40.0477","-75.0719","","CRASH_2001_Philadelphia"
"2001233452","06","67","67301","67301","2001","03","4","0500","05","5","1","0","6","1","","","N","00","0","00","3","0","0","2","2","N","N","","","9999","","9999","","0","","N","","0 ","","","","","","","","","","2","0","0","0","0","0","1","0","0","0","0","0","0","0","0","0","0","0","0","0","0","0","0","0","0","0","0","0","0","0","0","0","0","0","0","0","0","","","","CRASH_2001_Philadelphia"
"2001240157","06","67","67301","67301","2001","04","2","1130","11","1","1","0","8","1","","","N","03","2","00","3","0","1","2","2","N","N","39 56:16.440","75 14:01.680","9999","","9999","","0","","N","","3 ","","","","","","","","","","1","1","0","0","0","0","0","0","0","0","0","1","1","0","0","0","0","0","0","0","0","0","0","0","0","0","0","0","0","0","0","0","1","0","0","4","0","39.9379","-75.2339","","CRASH_2001_Philadelphia"
"2001007063","06","67","67301","67301","2001","05","7","2057","20","3","1","0","2","1","","","N","01","2","00","3","0","4","4","3","N","N","39 57:19.084","75 12:42.143","2105","","2057","","0","","N","","3 ","","","","","","","","","","3","3","0","0","0","0","0","0","0","0","1","3","4","0","0","0","0","0","0","0","0","0","0","0","0","0","0","0","0","0","0","0","0","0","0","3","0","39.9568","-75.2114","","CRASH_2001_Philadelphia"
"2001016745","06","67","67301","67301","2001","06","6","0600","06","1","1","0","1","1","","","N","01","3","00","3","0","1","2","4","N","N","40 03:46.959","75 03:18.352","0608","","0604","","0","","N","","3 ","","","","","","","","","","3","3","0","0","0","0","0","0","0","0","0","1","1","0","0","0","0","0","0","0","1","0","0","0","0","0","0","0","0","0","0","0","1","0","0","4","0","40.063","-75.0549","","CRASH_2001_Philadelphia"
"2001215501","06","67","67301","67301","2001","03","3","1204","12","1","4","1","5","1","","","N","00","0","00","3","0","0","2","2","N","N","","","9999","","9999","","0","","N","","0 ","","","","","","","","","","2","2","0","0","0","0","0","0","0","0","0","0","0","0","0","0","0","0","0","0","0","0","0","0","0","0","0","0","0","0","0","0","0","0","0","0","0","","","","CRASH_2001_Philadelphia"
"2001214371","06","67","67301","67301","2001","02","5","1345","13","1","4","3","8","1","","","N","00","0","00","3","0","1","2","2","N","N","","","9999","","9999","","0","","N","","0 ","","","","","","","","","","1","1","0","0","0","0","0","0","0","0","0","1","1","0","0","0","0","0","0","0","0","0","0","0","0","0","0","0","0","0","0","0","1","0","0","4","0","","","","CRASH_2001_Philadelphia"
"2001231119","06","67","67301","67301","2001","03","7","0740","07","1","1","0","1","1","","","N","02","0","00","3","0","0","2","2","N","N","40 04:11.280","75 04:44.400","9999","","9999","","0","","N","","0 ","","","","","","","","","","2","2","0","0","0","0","0","0","0","0","0","0","0","0","0","0","0","0","0","1","0","0","0","0","0","0","0","0","0","0","0","0","0","0","0","0","0","40.0698","-75.0791","","CRASH_2001_Philadelphia"
"2001231121","06","67","67301","67301","2001","03","7","0620","06","1","1","0","9","1","","","N","00","0","00","3","0","1","1","2","N","N","40 02:30.480","75 06:21.240","9999","","9999","","0","","N","","0 ","","","","","","","","","","2","1","0","0","0","0","0","0","0","0","0","1","1","0","0","0","0","0","0","0","0","0","0","1","0","0","0","0","0","0","0","0","0","0","0","4","0","40.0419","-75.1059","","CRASH_2001_Philadelphia"
"2001238930","06","67","67301","67301","2001","04","1","1437","14","1","1","0","7","5","","","N","00","0","00","3","0","0","1","1","N","N","40 04:20.280","75 14:32.640","9999","","9999","","0","","N","","0 ","","","","","","","","","","1","0","0","0","0","1","0","0","0","0","0","0","0","0","0","0","0","0","0","0","0","0","0","0","0","0","0","0","0","0","0","0","0","0","0","0","0","40.0724","-75.2425","","CRASH_2001_Philadelphia"
"2001210780","06","67","67301","67301","2001","01","6","0646","06","5","1","0","8","1","","","N","01","2","00","3","0","1","2","2","N","N","39 59:54.240","75 07:45.480","9999","","9999","","0","","N","","3 ","","","","","","","","","","1","0","0","0","0","0","0","0","0","0","0","1","1","0","0","0","0","0","0","0","0","0","0","0","0","0","0","0","0","0","0","0","1","0","0","4","0","39.9984","-75.1293","","CRASH_2001_Philadelphia"
"2001215752","06","67","67301","67301","2001","03","5","0820","08","1","1","0","4","1","","","N","02","0","00","3","0","5","7","2","Y","N","39 57:39.240","75 09:41.760","9999","","9999","","0","","N","","0 ","","","","","","","","","","2","1","0","1","0","0","0","0","0","0","0","5","5","0","0","0","0","0","0","0","1","0","0","1","0","0","0","0","0","0","0","0","0","0","0","4","1","39.9609","-75.1617","","CRASH_2001_Philadelphia"
"2001215762","06","67","67301","67301","2001","03","3","0849","08","1","4","1","1","1","","","N","01","2","00","3","0","2","2","2","N","N","39 57:25.920","75 13:39.000","9999","","9999","","0","","N","","3 ","","","","","","","","","","2","1","0","1","0","0","0","0","0","0","0","0","0","0","2","0","0","0","0","0","2","0","0","0","0","0","0","0","0","0","0","0","0","0","0","9","1","39.9572","-75.2275","","CRASH_2001_Philadelphia"
"2001231190","06","67","67301","67301","2001","03","6","1905","19","3","1","0","8","1","","","N","01","2","00","3","0","1","2","2","N","N","","","9999","","9999","","0","","N","","3 ","","","","","","","","","","1","1","0","0","0","0","0","0","0","0","0","1","1","0","0","0","0","0","0","0","1","0","0","1","0","0","0","0","0","0","0","0","1","0","0","4","0","","","","CRASH_2001_Philadelphia"
"2001231210","06","67","67301","67301","2001","03","2","0754","07","1","4","1","8","1","","","N","02","3","00","3","0","1","2","2","N","N","","","9999","","9999","","0","","N","","3 ","","","","","","","","","","1","0","0","0","0","0","1","0","0","0","0","1","1","0","0","0","0","0","0","0","1","0","0","1","0","0","0","0","0","0","0","0","1","0","0","4","0","","","","CRASH_2001_Philadelphia"
"2001231211","06","67","67301","67301","2001","03","3","1310","13","1","1","0","8","1","","","N","01","2","00","3","0","1","2","2","N","N","","","9999","","9999","","0","","N","","3 ","","","","","","","","","","1","0","0","0","0","0","0","0","0","0","0","1","1","0","0","0","0","0","0","0","0","0","0","0","0","0","0","0","0","0","0","0","1","0","0","4","0","","","","CRASH_2001_Philadelphia"
"2001006928","06","67","67301","67301","2001","05","4","1240","12","1","1","0","4","1","","","N","01","3","00","3","0","0","2","2","N","N","40 02:29.000","75 11:30.700","1255","","1250","","0","","N","","3 ","","","","","","","","","","2","2","0","0","0","0","0","0","0","0","0","0","0","0","0","0","0","0","0","0","0","0","0","0","0","0","0","0","0","0","0","0","0","0","0","0","0","40.0415","-75.1918","","CRASH_2001_Philadelphia"
"2001206240","06","67","67301","67301","2001","01","1","0825","08","1","4","3","5","1","","","N","00","0","00","3","0","0","2","2","N","N","39 58:34.680","75 11:45.240","9999","","9999","","0","","N","","0 ","","","","","","","","","","2","2","0","0","0","0","0","0","0","0","0","0","0","0","0","0","0","1","0","0","0","0","0","0","0","0","0","0","0","0","0","0","0","0","0","0","0","39.9763","-75.1958","","CRASH_2001_Philadelphia"
"2001211490","06","67","67301","67301","2001","02","3","1555","15","1","1","0","8","1","","","N","01","2","00","3","0","1","2","2","N","N","40 00:25.851","75 08:52.483","9999","","9999","","0","","N","","3 ","","","","","","","","","","1","1","0","0","0","0","0","0","0","0","0","1","1","0","0","0","0","0","0","0","0","0","0","0","0","0","0","0","0","0","0","0","1","0","0","4","0","40.0072","-75.1479","","CRASH_2001_Philadelphia"
"2001215560","06","67","67301","67301","2001","03","4","0001","00","3","1","9","6","1","","","N","01","2","00","3","0","1","2","2","N","N","39 57:40.320","75 14:49.560","9999","","9999","","0","","N","","3 ","","","","","","","","","","2","2","0","0","0","0","0","0","0","0","0","0","0","0","1","0","0","0","0","0","0","0","0","0","0","0","0","0","0","0","0","0","0","0","0","9","0","39.9597","-75.2474","","CRASH_2001_Philadelphia"
"2001007426","06","67","67301","67301","2001","05","5","2353","23","3","1","0","1","1","1","2","Y","00","0","00","3","0","4","8","4","N","N","","","2357","99","1353","1","1","2","N","","0 ","N","Y","","","U","Y","","","","4","4","0","0","0","0","0","0","0","1","2","1","4","0","2","0","0","0","0","0","1","0","0","0","0","0","0","0","0","0","0","0","0","0","0","2","0","","","","CRASH_2001_Philadelphia"
"2001014299","06","67","67301","67301","2001","06","7","0708","07","1","1","0","7","2","","","N","00","0","00","3","0","1","1","1","N","N","40 01:43.575","75 12:18.808","0715","","0713","","0","","N","","0 ","","","","","","","","","","1","1","0","0","0","0","0","0","0","0","0","1","1","0","0","0","0","0","0","0","0","0","0","0","0","0","0","0","0","0","0","0","0","0","0","4","0","40.0288","-75.2052","","CRASH_2001_Philadelphia"
"2001016936","06","67","67301","67301","2001","05","3","1806","18","1","1","0","4","1","","","N","01","2","00","3","0","2","4","2","N","N","39 59:40.684","75 05:40.256","1814","","1810","","0","","N","","3 ","","","","","","","","","","2","2","0","0","0","0","0","0","0","0","1","1","2","0","0","0","0","0","0","0","0","1","0","0","0","0","0","0","0","0","0","0","0","0","0","3","0","39.9946","-75.0945","","CRASH_2001_Philadelphia"
"2001207375","06","67","67301","67301","2001","01","3","1755","17","1","1","0","8","1","","","N","01","3","00","3","0","1","2","2","N","N","40 00:29.160","75 08:32.640","9999","","9999","","0","","N","","3 ","","","","","","","","","","1","1","0","0","0","0","0","0","0","0","0","1","1","0","0","0","0","0","0","0","0","0","0","0","0","0","0","0","0","0","0","0","1","0","0","4","0","40.0081","-75.1423","","CRASH_2001_Philadelphia"
"2001215473","06","67","67301","67301","2001","03","5","2300","23","3","1","0","8","1","","","N","01","9","00","3","0","1","2","2","N","N","","","9999","","9999","","0","","N","","9 ","","","","","","","","","","1","0","0","0","0","0","0","1","0","0","0","1","1","0","0","0","0","0","0","0","0","0","0","0","0","0","0","0","0","0","0","0","1","0","0","4","0","","","","CRASH_2001_Philadelphia"
"2001233064","06","67","67301","67301","2001","04","5","1314","13","1","1","0","4","1","","","N","01","2","00","3","0","5","5","2","N","N","39 57:16.560","75 12:23.040","9999","","9999","","0","","N","","3 ","","","","","","","","","","2","2","0","0","0","0","0","0","0","0","0","3","3","0","2","0","0","1","0","0","0","0","0","0","0","0","0","0","0","0","0","0","0","0","0","4","0","39.9546","-75.2064","","CRASH_2001_Philadelphia"
"2001233141","06","67","67301","67301","2001","04","5","1403","14","1","1","0","1","1","","","N","03","2","00","3","0","1","3","2","N","N","40 01:44.400","75 06:24.480","9999","","9999","","0","","N","","3 ","","","","","","","","","","2","2","0","0","0","0","0","0","0","0","0","1","1","0","0","0","0","0","0","0","0","0","0","0","0","0","0","0","0","0","0","0","0","0","0","4","0","40.029","-75.1068","","CRASH_2001_Philadelphia"
"2001233188","06","67","67301","67301","2001","04","1","2345","23","3","1","0","7","5","","","N","00","0","00","3","0","0","1","1","N","N","","","9999","","9999","","0","","N","","0 ","","","","","","","","","","1","1","0","0","0","0","0","0","0","0","0","0","0","0","0","0","0","0","0","0","0","0","0","0","0","0","0","0","0","0","0","0","0","0","0","0","0","","","","CRASH_2001_Philadelphia"
"2001238412","06","67","67301","67301","2001","04","4","2025","20","3","3","1","4","1","","","N","01","2","00","3","0","3","5","2","N","N","","","9999","","9999","","0","","N","","3 ","","","","","","","","","","2","2","0","0","0","0","0","0","0","0","3","0","3","0","0","0","0","0","0","0","0","0","0","0","0","0","0","0","0","0","0","0","0","0","0","3","0","","","","CRASH_2001_Philadelphia"
"2001244929","06","67","67301","67301","2001","05","6","2002","20","4","1","0","7","1","","","N","01","2","00","3","0","0","1","1","N","N","","","9999","","9999","","0","","N","","3 ","","","","","","","","","","1","1","0","0","0","0","0","0","0","0","0","0","0","0","0","0","0","0","0","0","0","0","0","0","0","0","0","0","0","0","0","0","0","0","0","0","0","","","","CRASH_2001_Philadelphia"
"2001018240","06","67","67301","67301","2001","06","5","2245","22","3","1","0","1","1","","","N","00","0","00","3","0","1","3","2","N","N","40 00:50.287","75 03:22.688","2308","","2300","1","1","1","N","","0 ","N","","","","","","","","","2","2","0","0","0","0","0","0","0","0","1","0","1","0","0","0","0","0","0","0","0","0","0","0","0","0","0","0","0","0","0","0","0","0","0","3","0","40.0142","-75.0557","","CRASH_2001_Philadelphia"
"2001018242","06","67","67301","67301","2001","06","5","0040","00","3","1","0","7","4","","","N","00","0","00","3","0","0","1","1","N","N","39 54:45.351","75 08:54.879","0045","","0040","","0","","N","","0 ","","","","","","","","","","1","1","0","0","0","0","0","0","0","0","0","0","0","0","0","0","0","0","0","0","0","0","0","0","0","0","0","0","0","0","0","0","0","0","0","0","0","39.9113","-75.149","","CRASH_2001_Philadelphia"
"2001206202","06","67","67301","67301","2001","01","6","1603","16","4","2","1","8","1","","","N","05","2","00","3","0","1","2","2","N","N","39 57:42.840","75 12:00.000","9999","","9999","","0","","N","","3 ","","","","","","","","","","1","1","0","0","0","0","0","0","0","0","1","0","1","0","0","0","0","0","0","0","0","0","0","1","0","0","0","0","0","0","0","0","1","0","0","3","0","39.9619","-75.2","","CRASH_2001_Philadelphia"
"2001207386","06","67","67301","67301","2001","01","1","1515","15","1","1","0","8","1","","","N","00","0","00","3","0","2","2","2","N","N","","","9999","","9999","","0","","N","","0 ","","","","","","","","","","1","1","0","0","0","0","0","0","0","0","0","1","1","0","1","0","0","0","0","0","0","0","0","0","0","0","0","0","0","0","0","0","1","0","0","4","0","","","","CRASH_2001_Philadelphia"
"2001213171","06","67","67301","67301","2001","02","6","0545","05","5","1","5","6","1","","","N","00","0","00","3","0","1","2","2","N","N","40 07:45.840","75 01:27.480","9999","","9999","","0","","N","","0 ","","","","","","","","","","2","1","0","0","0","0","0","0","0","0","0","1","1","0","0","0","0","0","0","0","1","0","0","0","0","0","0","0","0","0","0","0","0","0","0","4","0","40.1294","-75.0243","","CRASH_2001_Philadelphia"
"2001231195","06","67","67301","67301","2001","03","6","1903","19","3","1","0","4","1","","","N","02","3","00","3","0","1","5","2","N","N","40 01:40.800","75 12:18.000","9999","","9999","","0","","N","","3 ","","","","","","","","","","2","2","0","0","0","0","0","0","0","0","0","1","1","0","0","0","0","0","0","0","0","0","0","0","0","0","0","0","0","0","0","0","0","0","0","4","0","40.0279","-75.2051","","CRASH_2001_Philadelphia"
"2001233303","06","67","67301","67301","2001","03","6","1004","10","1","1","0","4","1","","","N","00","0","07","3","0","1","4","2","N","N","","","9999","","9999","","0","","N","","0 ","","","","","","","","","","2","2","0","0","0","0","0","0","0","0","0","1","1","0","0","0","0","0","0","0","0","0","0","0","0","0","0","0","0","0","0","0","0","0","0","4","0","","","","CRASH_2001_Philadelphia"
"2001223822","06","67","67301","67301","2001","03","7","1945","19","3","2","1","1","1","","","N","00","0","00","3","0","3","3","2","N","N","39 59:37.680","75 11:57.840","9999","","9999","","0","","N","","0 ","","","","","","","","","","2","1","0","0","0","0","1","0","0","0","0","0","0","0","3","0","0","0","0","0","0","0","0","1","0","0","0","0","0","0","0","0","0","0","0","9","0","39.9938","-75.1995","","CRASH_2001_Philadelphia"
"2001231188","06","67","67301","67301","2001","03","5","0830","08","1","1","0","8","1","","","N","02","0","00","3","0","1","2","2","N","N","","","9999","","9999","","0","","N","","0 ","","","","","","","","","","1","1","0","0","0","0","0","0","0","0","0","1","1","0","0","0","0","0","0","0","0","0","0","0","0","0","0","0","0","0","0","0","1","0","0","4","0","","","","CRASH_2001_Philadelphia"
"2001233173","06","67","67301","67301","2001","04","2","0803","08","1","2","1","8","1","","","N","01","2","00","3","0","1","2","2","N","N","39 57:45.360","75 14:48.120","9999","","9999","","0","","N","","3 ","","","","","","","","","","1","1","0","0","0","0","0","0","0","0","0","1","1","0","0","0","0","0","0","0","0","0","0","0","0","0","0","0","0","0","0","0","1","0","0","4","0","39.9627","-75.2467","","CRASH_2001_Philadelphia"
"2001233543","06","67","67301","67301","2001","04","1","1240","12","1","2","1","5","1","","","N","00","0","00","3","0","2","2","2","N","N","39 57:01.440","75 09:36.720","9999","","9999","","0","","N","","0 ","","","","","","","","","","2","2","0","0","0","0","0","0","0","0","0","1","1","0","1","0","0","0","0","0","0","0","0","0","0","0","0","0","0","0","0","0","0","0","0","4","0","39.9504","-75.1602","","CRASH_2001_Philadelphia"
"2001008599","06","67","67301","67301","2001","06","3","1603","16","1","1","0","4","1","","","N","01","2","00","3","0","1","3","2","N","N","39 59:27.383","75 06:05.660","1609","","1604","","0","","N","","3 ","","","","","","","","","","2","2","0","0","0","0","0","0","0","0","0","1","1","0","0","0","0","0","0","0","1","0","0","0","0","0","0","0","0","0","0","0","0","0","0","4","0","39.9909","-75.1016","","CRASH_2001_Philadelphia"