"CRN","DISTRICT","COUNTY","MUNICIPALITY","POLICE_AGCY","CRASH_YEAR","CRASH_MONTH","DAY_OF_WEEK","TIME_OF_DAY","HOUR_OF_DAY","ILLUMINATION","WEATHER","ROAD_CONDITION","COLLISION_TYPE","RELATION_TO_ROAD","WORK_ZONE_TYPE","WORK_ZONE_LOC","WORK_ZONE_IND","INTERSECT_TYPE","TCD_TYPE","LOCATION_TYPE","URBAN_RURAL","FATAL_COUNT","INJURY_COUNT","PERSON_COUNT","TOTAL_UNITS","SCH_BUS_IND","SCH_ZONE_IND","LATITUDE","LONGITUDE","ARRIVAL_TM","CONS_ZONE_SPD_LIM","DISPATCH_TM","EST_HRS_CLOSED","LANE_CLOSED","LN_CLOSE_DIR","NTFY_HIWY_MAINT","SPEC_JURIS_CD","TCD_FUNC_CD","TFC_DETOUR_IND","WORKERS_PRES","WZ_CLOSE_DETOUR","WZ_FLAGGER","WZ_LAW_OFFCR_IND","WZ_LN_CLOSURE","WZ_MOVING","WZ_OTHER","WZ_SHLDER_MDN","VEHICLE_COUNT","AUTOMOBILE_COUNT","MOTORCYCLE_COUNT","BUS_COUNT","SMALL_TRUCK_COUNT","HEAVY_TRUCK_COUNT","SUV_COUNT","VAN_COUNT","BICYCLE_COUNT","MAJ_INJ_COUNT","MOD_INJ_COUNT","MIN_INJ_COUNT","TOT_INJ_COUNT","UNK_INJ_DEG_COUNT","UNK_INJ_PER_COUNT","DRIVER_COUNT_16YR","DRIVER_COUNT_17YR","DRIVER_COUNT_18YR","DRIVER_COUNT_19YR","DRIVER_COUNT_20YR","DRIVER_COUNT_50_64YR","DRIVER_COUNT_65_74YR","DRIVER_COUNT_75PLUS","UNBELTED_OCC_COUNT","UNB_DEATH_COUNT","UNB_MAJ_INJ_COUNT","BELTED_DEATH_COUNT","BELTED_MAJ_INJ_COUNT","MCYCLE_DEATH_COUNT","MCYCLE_MAJ_INJ_COUNT","BICYCLE_DEATH_COUNT","BICYCLE_MAJ_INJ_COUNT","PED_COUNT","PED_DEATH_COUNT","PED_MAJ_INJ_COUNT","MAX_SEVERITY_LEVEL","COMM_VEH_COUNT","DEC_LAT","DEC_LONG","RDWY_SURF_TYPE_CD","COUNTY_YEAR"
"2001204135","06","67","67301","67301","2001","01","4","0817","08","1","1","0","1","1","","","N","00","0","00","3","0","1","2","2","N","N","39 53:38.040","75 14:44.520","9999","","9999","","0","","N","","0 ","","","","","","","","","","2","0","0","0","1","1","0","0","0","0","1","0","1","0","0","0","0","0","0","0","2","0","0","0","0","0","0","0","0","0","0","0","0","0","0","3","0","39.8936","-75.2451","","CRASH_2001_Philadelphia"
"2001210707","06","67","67301","67301","2001","02","6","0051","00","3","1","0","7","5","","","N","00","0","00","3","0","1","1","1","N","N","","","9999","","9999","","0","","N","","0 ","","","","","","","","","","1","1","0","0","0","0","0","0","0","0","0","0","0","0","1","0","0","0","0","0","0","0","0","0","0","0","0","0","0","0","0","0","0","0","0","9","0","","","","CRASH_2001_Philadelphia"
"2001215568","06","67","67301","67301","2001","02","5","1420","14","1","1","0","1","1","","","N","01","2","00","3","0","1","2","2","N","N","39 58:20.280","75 09:56.880","9999","","9999","","0","","N","","3 ","","","","","","","","","","2","2","0","0","0","0","0","0","0","0","0","1","1","0","0","0","0","0","0","0","0","0","0","0","0","0","0","0","0","0","0","0","0","0","0","4","0","39.9723","-75.1658","","CRASH_2001_Philadelphia"
"2001217002","06","67","67301","67301","2001","03","1","1805","18","1","1","0","8","1","","","N","00","0","00","3","0","1","2","2","N","N","","","9999","","9999","","0","","N","","0 ","","","","","","","","","","1","1","0","0","0","0","0","0","0","1","0","0","1","0","0","0","0","0","0","0","0","0","0","0","0","0","0","0","0","0","0","0","1","0","1","2","0","","","","CRASH_2001_Philadelphia"
"2001209033","06","67","67301","67301","2001","01","2","1600","16","1","1","0","4","1","","","N","02","2","00","3","0","2","6","3","N","N","","","9999","","9999","","0","","N","","3 ","","","","","","","","","","2","0","0","0","0","0","1","0","0","0","0","2","2","0","0","0","0","0","0","0","0","0","0","0","0","0","0","0","0","0","0","0","0","0","0","4","0","","","","CRASH_2001_Philadelphia"
"2001214276","06","67","67301","67301","2001","02","2","0640","06","1","1","0","7","1","","","N","00","0","00","3","0","0","1","1","N","N","40 03:07.560","74 59:03.120","9999","","9999","","0","","N","","0 ","","","","","","","","","","1","1","0","0","0","0","0","0","0","0","0","0","0","0","0","0","0","0","0","0","0","0","0","0","0","0","0","0","0","0","0","0","0","0","0","0","0","40.0521","-74.9841","","CRASH_2001_Philadelphia"
"2001207651","06","67","67301","67301","2001","01","6","2308","23","3","2","0","1","1","","","N","01","3","00","3","0","2","4","2","N","N","40 03:35.272","75 04:34.935","9999","","9999","","0","","N","","3 ","","","","","","","","","","2","0","0","0","2","0","0","0","0","0","0","2","2","0","0","0","0","0","0","0","0","0","0","0","0","0","0","0","0","0","0","0","0","0","0","4","0","40.0598","-75.0764","","CRASH_2001_Philadelphia"
"2001210782","06","67","67301","67301","2001","02","6","0715","07","5","1","0","9","1","","","N","00","0","00","3","0","2","3","2","N","N","","","9999","","9999","","0","","N","","0 ","","","","","","","","","","2","1","0","0","0","0","0","0","0","0","0","2","2","0","0","0","0","0","0","1","0","0","0","3","0","0","0","0","0","0","0","0","0","0","0","4","0","","","","CRASH_2001_Philadelphia"
"2001223778","06","67","67301","67301","2001","03","1","0954","09","1","1","0","5","1","","","N","00","0","00","3","0","0","2","2","N","N","","","9999","","9999","","0","","N","","0 ","","","","","","","","","","2","2","0","0","0","0","0","0","0","0","0","0","0","0","0","0","0","0","0","0","0","0","0","2","0","0","0","0","0","0","0","0","0","0","0","0","0","","","","CRASH_2001_Philadelphia"
"2001231228","06","67","67301","67301","2001","03","5","1200","12","1","1","0","4","1","","","N","02","3","00","3","0","1","2","2","N","N","40 00:00.720","75 13:42.240","9999","","9999","","0","","N","","3 ","","","","","","","","","","1","1","0","0","0","0","0","0","1","0","0","1","1","0","0","0","0","0","0","0","0","0","0","0","0","0","0","0","0","0","0","0","0","0","0","4","0","40.0003","-75.2284","","CRASH_2001_Philadelphia"
"2001205935","06","67","67301","67301","2001","01","6","2255","22","3","4","3","1","1","","","N","01","2","00","3","0","0","2","2","N","N","40 02:54.852","75 09:42.008","9999","","9999","","0","","N","","3 ","","","","","","","","","","2","2","0","0","0","0","0","0","0","0","0","0","0","0","0","0","0","0","0","0","1","0","0","0","0","0","0","0","0","0","0","0","0","0","0","0","0","40.0486","-75.1617","","CRASH_2001_Philadelphia"
"2001209170","06","67","67301","67301","2001","01","1","1426","14","1","1","0","4","1","","","N","01","2","00","3","0","2","2","2","N","N","","","9999","","9999","","0","","N","","3 ","","","","","","","","","","2","2","0","0","0","0","0","0","0","0","0","2","2","0","0","0","0","0","0","0","1","0","0","1","0","0","0","0","0","0","0","0","0","0","0","4","0","","","","CRASH_2001_Philadelphia"
"2001210663","06","67","67301","67301","2001","02","5","1135","11","1","1","0","8","1","","","N","01","2","00","3","0","1","2","2","N","N","39 59:25.800","75 06:57.600","9999","","9999","","0","","N","","3 ","","","","","","","","","","1","1","0","0","0","0","0","0","0","0","0","1","1","0","0","0","0","0","0","0","0","0","0","0","0","0","0","0","0","0","0","0","1","0","0","4","0","39.9904","-75.116","","CRASH_2001_Philadelphia"
"2001215713","06","67","67301","67301","2001","03","5","1736","17","4","1","0","4","1","","","N","01","2","00","3","0","0","2","2","N","N","40 01:27.922","75 08:48.832","9999","","9999","","0","","N","","3 ","","","","","","","","","","2","1","0","0","0","0","0","1","0","0","0","0","0","0","0","0","0","0","0","0","0","0","0","0","0","0","0","0","0","0","0","0","0","0","0","0","0","40.0244","-75.1469","","CRASH_2001_Philadelphia"
"2001216964","06","67","67301","67301","2001","03","7","1207","12","1","1","0","4","1","","","N","01","9","00","3","0","2","5","2","N","N","","","9999","","9999","","0","","N","","9 ","","","","","","","","","","2","2","0","0","0","0","0","0","0","0","2","0","2","0","0","0","0","0","0","0","1","0","0","0","0","0","0","0","0","0","0","0","0","0","0","3","0","","","","CRASH_2001_Philadelphia"
"2001014292","06","67","67301","67301","2001","06","7","1715","17","1","1","0","4","1","","","N","02","2","00","3","0","2","4","2","N","N","40 02:24.000","75 12:50.264","1721","","1717","","0","","N","","3 ","","","","","","","","","","2","2","0","0","0","0","0","0","0","0","1","1","2","0","0","0","0","1","0","0","0","0","0","0","0","0","0","0","0","0","0","0","0","0","0","3","0","40.0403","-75.2142","","CRASH_2001_Philadelphia"
"2001014323","06","67","67301","67301","2001","06","7","1245","12","1","2","1","1","1","","","N","00","0","00","3","0","3","5","2","N","N","40 02:52.686","74 59:57.000","1255","","1245","1","1","2","N","","0 ","N","","","","","","","","","2","2","0","0","0","0","0","0","0","0","0","3","3","0","0","0","0","0","0","0","0","0","0","0","0","0","0","0","0","0","0","0","0","0","0","4","0","40.048","-74.9996","","CRASH_2001_Philadelphia"
"2001204534","06","67","67301","67301","2001","01","7","0230","02","3","1","6","4","1","","","N","01","2","00","3","0","3","4","2","N","N","39 57:30.960","75 09:55.800","9999","","9999","","0","","N","","3 ","","","","","","","","","","2","0","0","0","0","0","2","0","0","0","1","2","3","0","0","0","0","0","0","0","0","0","0","3","0","0","0","0","0","0","0","0","0","0","0","3","0","39.9586","-75.1655","","CRASH_2001_Philadelphia"
"2001209130","06","67","67301","67301","2001","02","6","1930","19","3","1","0","1","1","","","N","00","0","00","3","0","2","6","4","N","N","","","9999","","9999","","0","","N","","0 ","","","","","","","","","","4","2","0","0","0","0","2","0","0","0","0","2","2","0","0","0","0","0","0","0","0","0","0","0","0","0","0","0","0","0","0","0","0","0","0","4","0","","","","CRASH_2001_Philadelphia"
"2001231128","06","67","67301","67301","2001","03","4","1642","16","4","2","1","8","1","","","N","01","2","00","3","0","1","2","2","N","N","40 07:08.040","75 01:04.800","9999","","9999","","0","","N","","3 ","","","","","","","","","","1","1","0","0","0","0","0","0","0","0","0","1","1","0","0","0","0","0","1","0","0","0","0","0","0","0","0","0","0","0","0","0","1","0","0","4","0","40.1189","-75.018","","CRASH_2001_Philadelphia"
"2001016945","06","67","67301","67301","2001","05","4","2330","23","3","1","0","8","1","","","N","01","2","00","3","0","1","2","2","N","N","40 02:17.876","75 07:58.594","2348","","2346","","0","","N","","3 ","","","","","","","","","","1","1","0","0","0","0","0","0","0","0","0","1","1","0","0","0","0","0","0","0","0","0","0","0","0","0","0","0","0","0","0","0","1","0","0","4","0","40.0383","-75.1329","","CRASH_2001_Philadelphia"
"2001238116","06","67","67301","67301","2001","04","6","2133","21","3","1","0","4","1","","","N","01","2","00","3","0","0","4","2","N","N","40 01:43.320","75 12:20.160","9999","","9999","","0","","N","","3 ","","","","","","","","","","2","2","0","0","0","0","0","0","0","0","0","0","0","0","0","0","1","0","0","0","0","0","0","0","0","0","0","0","0","0","0","0","0","0","0","0","0","40.0287","-75.2055","","CRASH_2001_Philadelphia"
"2001200722","06","67","67301","67301","2001","01","7","0230","02","3","2","1","4","1","","","N","01","2","00","3","0","1","2","2","N","N","","","9999","","9999","","0","","N","","3 ","","","","","","","","","","2","1","0","0","1","0","0","0","0","0","0","1","1","0","0","0","1","0","0","0","0","0","0","0","0","0","0","0","0","0","0","0","0","0","0","4","0","","","","CRASH_2001_Philadelphia"
"2001214262","06","67","67301","67301","2001","03","5","1200","12","1","1","0","6","1","","","N","02","2","00","3","0","0","2","2","N","N","40 06:08.902","74 58:55.293","9999","","9999","","0","","N","","3 ","","","","","","","","","","2","1","0","0","0","0","0","1","0","0","0","0","0","0","0","0","0","0","0","0","0","1","0","0","0","0","0","0","0","0","0","0","0","0","0","0","0","40.1025","-74.982","","CRASH_2001_Philadelphia"
"2001210764","06","67","67301","67301","2001","02","2","0800","08","1","2","1","8","1","","","N","01","2","00","3","0","1","2","2","N","N","40 02:11.040","75 07:49.800","9999","","9999","","0","","N","","3 ","","","","","","","","","","1","0","0","0","0","0","0","1","0","0","0","1","1","0","0","0","0","0","0","0","0","1","0","0","0","0","0","0","0","0","0","0","1","0","0","4","0","40.0364","-75.1305","","CRASH_2001_Philadelphia"
"2001214202","06","67","67301","67301","2001","02","3","2305","23","3","1","0","1","1","","","N","01","2","00","3","0","1","2","2","N","N","39 57:33.840","75 09:42.840","9999","","9999","","0","","N","","3 ","","","","","","","","","","2","0","0","0","0","0","2","0","0","0","0","1","1","0","0","0","0","0","0","0","0","0","0","0","0","0","0","0","0","0","0","0","0","0","0","4","0","39.9595","-75.1621","","CRASH_2001_Philadelphia"
"2001215472","06","67","67301","67301","2001","03","6","1042","10","1","1","0","1","1","","","N","00","0","00","3","0","1","2","2","N","N","39 54:10.440","75 12:00.000","9999","","9999","","0","","N","","0 ","","","","","","","","","","2","2","0","0","0","0","0","0","0","0","0","0","0","0","1","0","0","0","0","0","0","0","1","0","0","0","0","0","0","0","0","0","0","0","0","9","0","39.9029","-75.2","","CRASH_2001_Philadelphia"
"2001240166","06","67","67301","67301","2001","04","1","0405","04","3","1","0","7","5","","","N","00","0","00","3","0","1","1","1","N","N","39 53:35.160","75 13:48.360","9999","","9999","","0","","N","","0 ","","","","","","","","","","1","1","0","0","0","0","0","0","0","0","0","0","0","0","1","0","0","0","0","0","0","0","0","0","0","0","0","0","0","0","0","0","0","0","0","9","0","39.8931","-75.2299","","CRASH_2001_Philadelphia"
"2001006949","06","67","67301","67301","2001","06","5","1220","12","1","1","0","1","1","","","N","01","2","00","3","0","1","3","2","N","N","40 02:25.800","75 02:51.000","1230","","1226","","0","","N","","3 ","","","","","","","","","","2","2","0","0","0","0","0","0","0","0","0","1","1","0","0","0","0","0","0","0","0","0","0","0","0","0","0","0","0","0","0","0","0","0","0","4","0","40.0405","-75.0474","","CRASH_2001_Philadelphia"
"2001010287","06","67","67301","67301","2001","06","2","2247","22","3","1","0","4","1","","","N","02","0","07","3","0","1","2","2","N","N","40 03:26.124","75 10:29.251","2258","","2247","","0","","N","","0 ","","","","","","","","","","2","2","0","0","0","0","0","0","0","0","0","1","1","0","0","0","0","0","0","1","0","0","0","1","0","0","0","0","0","0","0","0","0","0","0","4","0","40.0573","-75.1748","","CRASH_2001_Philadelphia"
"2001210670","06","67","67301","67301","2001","02","3","1235","12","1","1","0","7","1","","","N","00","0","00","3","0","1","3","2","N","N","40 02:07.440","75 01:02.280","9999","","9999","","0","","N","","0 ","","","","","","","","","","2","1","0","0","0","1","0","0","0","0","0","0","0","0","1","0","0","1","0","0","1","0","0","3","0","0","0","0","0","0","0","0","0","0","0","9","1","40.0353","-75.0175","","CRASH_2001_Philadelphia"
"2001210701","06","67","67301","67301","2001","02","2","1210","12","1","1","0","5","1","","","N","00","0","00","3","0","2","3","2","N","N","39 57:47.520","75 09:58.320","9999","","9999","","0","","N","","0 ","","","","","","","","","","2","2","0","0","0","0","0","0","0","0","0","0","0","0","2","0","0","0","1","0","0","0","0","1","0","0","0","0","0","0","0","0","0","0","0","9","0","39.9631","-75.1663","","CRASH_2001_Philadelphia"
"2001215571","06","67","67301","67301","2001","03","2","1904","19","3","1","1","8","1","","","N","01","2","00","3","0","1","2","2","N","N","","","9999","","9999","","0","","N","","3 ","","","","","","","","","","1","0","0","0","0","0","0","0","0","0","0","1","1","0","0","0","0","0","0","0","0","0","0","0","0","0","0","0","0","0","0","0","1","0","0","4","0","","","","CRASH_2001_Philadelphia"
"2001215680","06","67","67301","67301","2001","03","7","0220","02","3","1","0","4","1","","","N","01","2","03","3","0","3","3","2","N","N","40 00:32.040","75 04:18.480","9999","","9999","","0","","N","","3 ","","","","","","","","","","2","1","0","0","0","0","0","0","0","1","1","0","2","0","1","0","0","0","0","0","0","0","0","0","0","0","0","0","0","0","0","0","0","0","0","2","0","40.0089","-75.0718","","CRASH_2001_Philadelphia"
"2001231626","06","67","67301","67301","2001","03","5","1140","11","1","1","0","1","1","","","N","00","0","00","3","0","2","5","4","N","N","39 55:45.480","75 11:51.000","9999","","9999","","0","","N","","0 ","","","","","","","","","","4","3","0","0","0","0","1","0","0","0","0","0","0","0","2","0","0","0","0","0","1","1","0","0","0","0","0","0","0","0","0","0","0","0","0","9","0","39.9294","-75.1976","","CRASH_2001_Philadelphia"
"2001243075","06","67","67301","67301","2001","05","6","2320","23","3","1","0","8","1","","","N","01","2","00","3","0","1","2","2","N","N","39 57:20.880","75 13:32.880","9999","","9999","","0","","N","","3 ","","","","","","","","","","1","1","0","0","0","0","0","0","0","0","0","1","1","0","0","0","0","0","0","0","0","0","0","0","0","0","0","0","0","0","0","0","1","0","0","4","0","39.9558","-75.2258","","CRASH_2001_Philadelphia"
"2001018420","06","67","67301","67301","2001","05","7","1326","13","1","2","1","7","5","","","N","00","0","00","3","0","0","1","1","N","N","39 58:34.918","75 07:11.459","1326","","1326","","0","","N","","0 ","","","","","","","","","","1","1","0","0","0","0","0","0","0","0","0","0","0","0","0","0","0","0","0","0","0","0","0","1","0","0","0","0","0","0","0","0","0","0","0","0","0","39.9771","-75.1194","","CRASH_2001_Philadelphia"
"2001211503","06","67","67301","67301","2001","02","6","1557","15","1","1","1","8","1","","","N","02","3","00","3","0","1","2","2","N","N","40 03:16.200","75 10:46.560","9999","","9999","","0","","N","","3 ","","","","","","","","","","1","0","0","0","0","0","1","0","0","0","0","1","1","0","0","0","0","0","0","0","0","0","0","0","0","0","0","0","0","0","0","0","1","0","0","4","0","40.0545","-75.1795","","CRASH_2001_Philadelphia"
"2001244762","06","67","67301","67301","2001","05","7","2018","20","4","1","0","1","1","","","N","00","0","00","3","0","4","5","4","N","N","","","9999","","9999","","0","","N","","0 ","","","","","","","","","","4","0","0","0","0","1","1","0","0","0","0","3","3","0","1","0","0","0","0","0","0","0","0","0","0","0","0","0","0","0","0","0","0","0","0","4","0","","","","CRASH_2001_Philadelphia"
"2001244775","06","67","67301","67301","2001","05","3","1830","18","1","1","0","7","1","","","N","00","0","00","3","0","1","1","1","N","N","","","9999","","9999","","0","","N","","0 ","","","","","","","","","","1","0","1","0","0","0","0","0","0","0","1","0","1","0","0","0","0","0","0","0","1","0","0","0","0","0","0","0","0","0","0","0","0","0","0","3","0","","","","CRASH_2001_Philadelphia"
"2001206219","06","67","67301","67301","2001","01","6","1845","18","3","2","1","8","1","","","N","01","2","00","3","0","1","2","2","N","N","40 03:15.840","75 04:18.120","9999","","9999","","0","","N","","3 ","","","","","","","","","","1","1","0","0","0","0","0","0","0","0","0","1","1","0","0","0","0","0","0","0","0","0","0","0","0","0","0","0","0","0","0","0","1","0","0","4","0","40.0544","-75.0717","","CRASH_2001_Philadelphia"
"2001209163","06","67","67301","67301","2001","01","3","1515","15","1","1","1","4","1","","","N","01","2","00","3","0","1","2","2","N","N","40 05:21.120","75 01:15.240","9999","","9999","","0","","N","","3 ","","","","","","","","","","2","2","0","0","0","0","0","0","0","0","0","1","1","0","0","0","0","1","0","0","0","0","0","0","0","0","0","0","0","0","0","0","0","0","0","4","0","40.0892","-75.021","","CRASH_2001_Philadelphia"
"2001209298","06","67","67301","67301","2001","01","1","1907","19","3","1","0","1","1","","","N","00","0","00","3","0","2","8","3","N","N","40 01:23.880","75 02:04.920","9999","","9999","","0","","N","","0 ","","","","","","","","","","3","2","0","0","0","0","0","1","0","0","1","1","2","0","0","0","0","0","0","0","0","0","0","1","0","0","0","0","0","0","0","0","0","0","0","3","0","40.0234","-75.0345","","CRASH_2001_Philadelphia"
"2001213181","06","67","67301","67301","2001","02","4","0907","09","1","1","0","4","1","","","N","01","1","00","3","0","1","2","2","N","N","40 02:25.080","75 03:30.600","9999","","9999","","0","","N","","3 ","","","","","","","","","","2","2","0","0","0","0","0","0","0","0","0","1","1","0","0","0","0","0","0","0","0","0","0","0","0","0","0","0","0","0","0","0","0","0","0","4","0","40.0402","-75.0584","","CRASH_2001_Philadelphia"
"2001215528","06","67","67301","67301","2001","03","2","1249","12","1","4","3","1","1","","","N","00","0","00","3","0","2","3","2","N","N","","","9999","","9999","","0","","N","","0 ","","","","","","","","","","2","1","0","0","1","0","0","0","0","0","0","1","1","0","1","0","0","0","0","0","1","0","0","0","0","0","0","0","0","0","0","0","0","0","0","4","0","","","","CRASH_2001_Philadelphia"
"2002001547","06","67","67301","67301","2001","10","7","2250","22","3","1","0","4","1","","","N","01","3","00","3","0","0","2","2","N","N","40 02:18.000","75 02:38.000","2310","","2303","","0","","N","","3 ","","","","","","","","","","2","2","0","0","0","0","0","0","0","0","0","0","0","0","0","0","1","0","0","0","0","0","0","0","0","0","0","0","0","0","0","0","0","0","0","0","0","40.0387","-75.0443","","CRASH_2001_Philadelphia"
"2001205980","06","67","67301","67301","2001","01","1","0030","00","3","1","0","9","1","","","N","00","0","00","3","0","0","1","2","N","N","","","9999","","9999","","0","","N","","0 ","","","","","","","","","","2","0","0","0","0","0","1","0","0","0","0","0","0","0","0","0","0","0","0","0","0","0","0","0","0","0","0","0","0","0","0","0","0","0","0","0","0","","","","CRASH_2001_Philadelphia"
"2001207273","06","67","67301","67301","2001","01","6","0630","06","3","1","0","4","1","","","N","01","2","00","3","0","1","2","2","N","N","39 59:38.040","75 09:16.560","9999","","9999","","0","","N","","3 ","","","","","","","","","","1","1","0","0","0","0","0","0","1","0","0","1","1","0","0","0","0","0","0","0","0","0","0","0","0","0","0","0","0","0","0","0","0","0","0","4","0","39.9939","-75.1545","","CRASH_2001_Philadelphia"
"2001208938","06","67","67301","67301","2001","01","5","0250","02","3","1","0","7","5","","","N","03","3","00","3","0","1","1","1","N","N","40 02:14.280","75 08:11.400","9999","","9999","","0","","N","","3 ","","","","","","","","","","1","0","0","0","0","0","1","0","0","0","1","0","1","0","0","0","0","0","0","0","0","0","0","0","0","0","0","0","0","0","0","0","0","0","0","3","0","40.0372","-75.1364","","CRASH_2001_Philadelphia"
"2001210739","06","67","67301","67301","2001","02","7","1820","18","4","1","0","4","1","","","N","01","2","00","3","0","1","3","2","N","N","40 02:30.166","75 03:40.132","9999","","9999","","0","","N","","3 ","","","","","","","","","","2","2","0","0","0","0","0","0","0","0","0","1","1","0","0","0","0","0","0","0","0","0","0","3","0","0","0","0","0","0","0","0","0","0","0","4","0","40.0417","-75.0611","","CRASH_2001_Philadelphia"
"2001223818","06","67","67301","67301","2001","03","6","2100","21","3","2","1","4","1","","","N","05","2","00","3","0","0","3","2","N","N","40 03:08.460","75 09:27.889","9999","","9999","","0","","N","","3 ","","","","","","","","","","2","2","0","0","0","0","0","0","0","0","0","0","0","0","0","0","0","0","0","0","0","0","0","0","0","0","0","0","0","0","0","0","0","0","0","0","0","40.0524","-75.1577","","CRASH_2001_Philadelphia"
"2001233051","06","67","67301","67301","2001","04","7","1100","11","1","1","0","4","1","","","N","01","3","00","3","0","1","3","2","N","N","","","9999","","9999","","0","","N","","3 ","","","","","","","","","","2","2","0","0","0","0","0","0","0","0","0","1","1","0","0","0","0","0","0","0","0","0","0","0","0","0","0","0","0","0","0","0","0","0","0","4","0","","","","CRASH_2001_Philadelphia"
"2001243550","06","67","67301","67301","2001","05","5","0825","08","1","1","0","1","1","","","N","01","2","00","3","0","1","3","3","N","N","40 03:19.800","75 05:08.880","9999","","9999","","0","","N","","3 ","","","","","","","","","","3","2","0","0","1","0","0","0","0","0","1","0","1","0","0","0","0","0","0","0","1","1","0","0","0","0","0","0","0","0","0","0","0","0","0","3","0","40.0555","-75.0858","","CRASH_2001_Philadelphia"
"2001008760","06","67","67301","67301","2001","06","7","1510","15","1","1","0","4","1","","","N","01","2","00","3","0","1","3","2","N","N","39 57:37.440","75 13:43.320","1710","","1705","","0","","N","","3 ","","","","","","","","","","2","2","0","0","0","0","0","0","0","0","0","1","1","0","0","0","0","0","0","0","0","0","0","0","0","0","0","0","0","0","0","0","0","0","0","4","0","39.9604","-75.2287","","CRASH_2001_Philadelphia"
"2001217009","06","67","67301","67301","2001","03","3","1623","16","1","1","1","4","1","","","N","01","2","00","3","0","4","4","2","N","N","39 57:30.600","75 13:30.720","9999","","9999","","0","","N","","3 ","","","","","","","","","","2","1","0","0","0","0","1","0","0","0","4","0","4","0","0","0","0","0","0","0","1","0","0","0","0","0","0","0","0","0","0","0","0","0","0","3","0","39.9585","-75.2252","","CRASH_2001_Philadelphia"
"2001231159","06","67","67301","67301","2001","03","7","2010","20","3","1","0","8","1","","","N","02","2","00","3","0","1","2","2","N","N","40 01:23.880","75 04:36.840","9999","","9999","","0","","N","","3 ","","","","","","","","","","1","1","0","0","0","0","0","0","0","0","1","0","1","0","0","0","0","0","0","1","0","0","0","0","0","0","0","0","0","0","0","0","1","0","0","3","0","40.0233","-75.0768","","CRASH_2001_Philadelphia"
"2001239076","06","67","67301","67301","2001","04","1","1338","13","1","1","0","1","1","","","N","00","0","00","3","0","1","2","2","N","N","39 59:02.760","75 09:24.480","9999","","9999","","0","","N","","0 ","","","","","","","","","","2","1","0","0","0","0","1","0","0","0","0","1","1","0","0","0","0","0","0","0","0","0","0","0","0","0","0","0","0","0","0","0","0","0","0","4","0","39.9841","-75.1568","","CRASH_2001_Philadelphia"
"2001240129","06","67","67301","67301","2001","04","5","1345","13","1","9","9","5","1","","","N","00","0","07","3","0","0","2","2","N","N","","","9999","","9999","","0","","N","","0 ","","","","","","","","","","2","1","0","0","0","0","0","1","0","0","0","0","0","0","0","0","0","0","0","0","1","0","0","0","0","0","0","0","0","0","0","0","0","0","0","0","0","","","","CRASH_2001_Philadelphia"
"2001244747","06","67","67301","67301","2001","05","3","0037","00","3","1","0","4","1","","","N","05","2","00","3","0","2","2","2","N","N","40 02:30.480","75 04:30.360","9999","","9999","","0","","N","","3 ","","","","","","","","","","2","2","0","0","0","0","0","0","0","0","1","1","2","0","0","0","0","0","1","0","0","0","0","0","0","0","0","0","0","0","0","0","0","0","0","3","0","40.0419","-75.0751","","CRASH_2001_Philadelphia"
"2001019672","06","67","67301","67301","2001","05","5","9999","99","3","1","0","4","1","","","N","01","0","00","3","0","2","3","2","N","N","40 00:50.871","75 09:28.836","2300","","2259","","0","","N","","0 ","","","","","","","","","","2","2","0","0","0","0","0","0","0","0","0","2","2","0","0","0","0","0","0","0","0","1","0","1","0","0","0","0","0","0","0","0","0","0","0","4","0","40.014","-75.158","","CRASH_2001_Philadelphia"
"2001283785","06","67","67301","67301","2001","02","3","1500","15","1","1","0","8","1","","","N","01","2","00","3","0","2","2","2","N","N","39 59:42.637","75 06:56.944","9999","","9999","","0","","N","","3 ","","","","","","","","","","1","1","0","0","0","0","0","0","0","0","0","1","1","0","1","0","0","0","0","0","0","0","0","0","0","0","0","0","0","0","0","0","1","0","0","4","0","39.9952","-75.1158","","CRASH_2001_Philadelphia"
"2001248790","06","67","67301","37301","2001","05","4","1700","17","1","2","0","8","1","","","N","00","0","00","3","0","2","2","2","N","N","","","9999","","9999","","0","","N","","0 ","","","","","","","","","","1","1","0","0","0","0","0","0","0","0","1","0","1","0","1","0","0","0","0","0","0","0","0","0","0","0","0","0","0","0","0","0","1","0","0","3","0","","","","CRASH_2001_Philadelphia"
"2001201837","06","67","67301","67301","2001","03","2","1706","17","1","1","0","8","1","","","N","01","2","00","3","0","1","3","2","N","N","39 57:11.160","75 10:12.360","9999","","9999","","0","","N","","3 ","","","","","","","","","","1","1","0","0","0","0","0","0","0","0","0","1","1","0","0","0","1","0","0","0","0","0","0","0","0","0","0","0","0","0","0","0","1","0","0","4","0","39.9532","-75.17","","CRASH_2001_Philadelphia"
"2001204173","06","67","67301","67301","2001","01","4","1400","14","1","1","0","4","1","","","N","03","3","00","3","0","2","5","4","N","N","40 00:10.378","75 08:55.957","9999","","9999","","0","","N","","3 ","","","","","","","","","","4","1","0","0","0","0","0","2","0","0","0","0","0","0","2","0","0","0","0","0","0","0","0","0","0","0","0","0","0","0","0","0","0","0","0","9","0","40.0029","-75.1489","","CRASH_2001_Philadelphia"