"CRN","DISTRICT","COUNTY","MUNICIPALITY","POLICE_AGCY","CRASH_YEAR","CRASH_MONTH","DAY_OF_WEEK","TIME_OF_DAY","HOUR_OF_DAY","ILLUMINATION","WEATHER","ROAD_CONDITION","COLLISION_TYPE","RELATION_TO_ROAD","WORK_ZONE_TYPE","WORK_ZONE_LOC","WORK_ZONE_IND","INTERSECT_TYPE","TCD_TYPE","LOCATION_TYPE","URBAN_RURAL","FATAL_COUNT","INJURY_COUNT","PERSON_COUNT","TOTAL_UNITS","SCH_BUS_IND","SCH_ZONE_IND","LATITUDE","LONGITUDE","ARRIVAL_TM","CONS_ZONE_SPD_LIM","DISPATCH_TM","EST_HRS_CLOSED","LANE_CLOSED","LN_CLOSE_DIR","NTFY_HIWY_MAINT","SPEC_JURIS_CD","TCD_FUNC_CD","TFC_DETOUR_IND","WORKERS_PRES","WZ_CLOSE_DETOUR","WZ_FLAGGER","WZ_LAW_OFFCR_IND","WZ_LN_CLOSURE","WZ_MOVING","WZ_OTHER","WZ_SHLDER_MDN","VEHICLE_COUNT","AUTOMOBILE_COUNT","MOTORCYCLE_COUNT","BUS_COUNT","SMALL_TRUCK_COUNT","HEAVY_TRUCK_COUNT","SUV_COUNT","VAN_COUNT","BICYCLE_COUNT","MAJ_INJ_COUNT","MOD_INJ_COUNT","MIN_INJ_COUNT","TOT_INJ_COUNT","UNK_INJ_DEG_COUNT","UNK_INJ_PER_COUNT","DRIVER_COUNT_16YR","DRIVER_COUNT_17YR","DRIVER_COUNT_18YR","DRIVER_COUNT_19YR","DRIVER_COUNT_20YR","DRIVER_COUNT_50_64YR","DRIVER_COUNT_65_74YR","DRIVER_COUNT_75PLUS","UNBELTED_OCC_COUNT","UNB_DEATH_COUNT","UNB_MAJ_INJ_COUNT","BELTED_DEATH_COUNT","BELTED_MAJ_INJ_COUNT","MCYCLE_DEATH_COUNT","MCYCLE_MAJ_INJ_COUNT","BICYCLE_DEATH_COUNT","BICYCLE_MAJ_INJ_COUNT","PED_COUNT","PED_DEATH_COUNT","PED_MAJ_INJ_COUNT","MAX_SEVERITY_LEVEL","COMM_VEH_COUNT","DEC_LAT","DEC_LONG","RDWY_SURF_TYPE_CD","COUNTY_YEAR"
"2001204662","06","67","67301","67301","2001","01","7","1658","16","1","1","0","4","1","","","N","00","0","00","3","0","1","2","2","N","N","","","9999","","9999","","0","","N","","0 ","","","","","","","","","","2","2","0","0","0","0","0","0","0","0","0","1","1","0","0","0","0","0","0","0","0","0","0","0","0","0","0","0","0","0","0","0","0","0","0","4","0","","","","CRASH_2001_Philadelphia"
"2001207377","06","67","67301","67301","2001","01","5","1718","17","3","2","1","4","1","","","N","01","2","00","3","0","1","2","2","N","N","40 00:36.720","75 05:52.800","9999","","9999","","0","","N","","3 ","","","","","","","","","","2","2","0","0","0","0","0","0","0","0","0","1","1","0","0","0","0","0","0","1","1","0","0","0","0","0","0","0","0","0","0","0","0","0","0","4","0","40.0102","-75.098","","CRASH_2001_Philadelphia"
"2001233477","06","67","67301","67301","2001","03","2","2230","22","3","1","0","1","1","","","N","01","2","00","3","0","2","2","2","N","N","40 02:46.885","75 09:02.527","9999","","9999","","0","","N","","3 ","","","","","","","","","","2","2","0","0","0","0","0","0","0","0","0","1","1","0","1","0","0","0","0","0","1","0","0","0","0","0","0","0","0","0","0","0","0","0","0","4","0","40.0464","-75.1507","","CRASH_2001_Philadelphia"
"2001019622","06","67","67301","67301","2001","06","6","2258","22","3","2","1","1","1","","","N","00","0","00","3","0","0","3","2","N","N","40 05:15.000","75 02:07.080","2310","","2258","","0","","N","","0 ","","","","","","","","","","2","2","0","0","0","0","0","0","0","0","0","0","0","0","0","0","0","0","0","0","0","0","1","0","0","0","0","0","0","0","0","0","0","0","0","0","0","40.0876","-75.0353","","CRASH_2001_Philadelphia"
"2001215623","06","67","67301","67301","2001","02","1","1753","17","4","2","1","9","1","","","N","00","0","00","3","0","0","1","3","N","N","","","9999","","9999","","0","","N","","0 ","","","","","","","","","","3","1","0","0","0","0","0","0","0","0","0","0","0","0","0","0","0","0","0","0","0","0","0","0","0","0","0","0","0","0","0","0","0","0","0","0","0","","","","CRASH_2001_Philadelphia"
"2001215734","06","67","67301","67301","2001","03","6","0938","09","1","1","0","1","1","","","N","00","0","00","3","0","3","4","2","N","N","39 57:35.280","75 10:38.640","9999","","9999","","0","","N","","0 ","","","","","","","","","","2","0","0","0","0","1","0","1","0","0","0","0","0","0","3","0","0","0","0","0","0","0","0","0","0","0","0","0","0","0","0","0","0","0","0","9","1","39.9598","-75.1774","","CRASH_2001_Philadelphia"
"2001224001","06","67","67301","67301","2001","03","7","1233","12","1","1","0","1","1","","","N","01","2","00","3","0","1","2","2","N","N","","","9999","","9999","","0","","N","","3 ","","","","","","","","","","2","2","0","0","0","0","0","0","0","0","0","1","1","0","0","0","0","0","0","0","0","0","0","0","0","0","0","0","0","0","0","0","0","0","0","4","0","","","","CRASH_2001_Philadelphia"
"2001233309","06","67","67301","67301","2001","03","2","1302","13","1","1","0","8","1","","","N","01","3","00","3","0","1","2","2","N","N","39 55:42.600","75 10:07.680","9999","","9999","","0","","N","","3 ","","","","","","","","","","1","1","0","0","0","0","0","0","0","0","1","0","1","0","0","0","0","0","0","0","0","0","0","0","0","0","0","0","0","0","0","0","1","0","0","3","0","39.9286","-75.1688","","CRASH_2001_Philadelphia"
"2001233363","06","67","67301","67301","2001","04","3","0915","09","1","1","0","1","1","","","N","00","0","00","3","0","3","4","2","N","N","39 58:15.240","75 09:21.600","9999","","9999","","0","","N","","0 ","","","","","","","","","","2","2","0","0","0","0","0","0","0","0","0","1","1","0","2","0","0","0","0","1","0","0","0","1","0","0","0","0","0","0","0","0","0","0","0","4","0","39.971","-75.156","","CRASH_2001_Philadelphia"
"2001265947","06","67","67301","67301","2001","05","5","1301","13","1","1","0","4","1","","","N","01","2","00","3","0","1","5","2","N","N","40 02:07.800","75 07:26.040","9999","","9999","","0","","N","","3 ","","","","","","","","","","2","1","0","0","0","1","0","0","0","1","0","0","1","0","0","0","0","0","0","0","1","0","0","0","0","0","0","0","0","0","0","0","0","0","0","2","0","40.0356","-75.1239","","CRASH_2001_Philadelphia"
"2001007361","06","67","67301","67301","2001","05","7","0714","07","1","2","1","7","3","","","N","00","0","00","3","0","0","1","1","N","N","","","0730","","0714","","0","","N","","0 ","","","","","","","","","","1","0","0","0","1","0","0","0","0","0","0","0","0","0","0","0","0","0","0","0","0","0","0","0","0","0","0","0","0","0","0","0","0","0","0","0","0","","","","CRASH_2001_Philadelphia"
"2001211792","06","67","67301","67301","2001","02","3","2130","21","3","1","0","7","5","","","N","00","0","00","3","0","0","1","1","N","N","","","9999","","9999","","0","","N","","0 ","","","","","","","","","","1","0","0","0","0","0","1","0","0","0","0","0","0","0","0","0","0","0","0","0","0","0","0","0","0","0","0","0","0","0","0","0","0","0","0","0","0","","","","CRASH_2001_Philadelphia"
"2001217034","06","67","67301","67301","2001","03","6","0800","08","1","2","1","4","1","","","N","01","2","00","3","0","4","4","2","N","N","","","9999","","9999","","0","","N","","3 ","","","","","","","","","","2","2","0","0","0","0","0","0","0","0","0","4","4","0","0","0","0","0","0","0","1","0","0","4","0","0","0","0","0","0","0","0","0","0","0","4","0","","","","CRASH_2001_Philadelphia"
"2001200723","06","67","67301","67301","2001","01","2","1946","19","3","1","0","8","1","","","N","02","0","00","3","0","1","4","2","N","N","39 55:52.341","75 09:51.325","9999","","9999","","0","","N","","0 ","","","","","","","","","","1","1","0","0","0","0","0","0","0","0","0","1","1","0","0","0","1","0","0","0","0","0","0","0","0","0","0","0","0","0","0","0","1","0","0","4","0","39.9312","-75.1643","","CRASH_2001_Philadelphia"
"2001204685","06","67","67301","67301","2001","01","6","1445","14","1","4","3","7","5","","","N","00","0","00","3","0","0","1","1","N","N","40 00:38.880","75 03:39.600","9999","","9999","","0","","N","","0 ","","","","","","","","","","1","1","0","0","0","0","0","0","0","0","0","0","0","0","0","0","0","0","0","1","0","0","0","0","0","0","0","0","0","0","0","0","0","0","0","0","0","40.0111","-75.0607","","CRASH_2001_Philadelphia"
"2001208942","06","67","67301","67301","2001","01","5","0040","00","3","1","0","4","1","","","N","01","2","00","3","0","7","7","3","N","N","40 01:37.801","75 09:04.478","9999","","9999","","0","","N","","3 ","","","","","","","","","","3","3","0","0","0","0","0","0","0","0","6","1","7","0","0","0","0","0","1","1","0","0","0","1","0","0","0","0","0","0","0","0","0","0","0","3","0","40.0272","-75.1512","","CRASH_2001_Philadelphia"
"2001211499","06","67","67301","67301","2001","02","5","1635","16","1","1","0","4","1","","","N","01","3","00","3","0","3","5","2","N","N","39 54:50.482","75 13:17.717","9999","","9999","","0","","N","","3 ","","","","","","","","","","2","1","0","0","0","0","1","0","0","0","0","3","3","0","0","0","0","0","0","0","0","0","0","0","0","0","0","0","0","0","0","0","0","0","0","4","0","39.914","-75.2216","","CRASH_2001_Philadelphia"
"2001216867","06","67","67301","67301","2001","03","1","0829","08","1","1","0","4","1","","","N","01","3","00","3","0","1","2","2","N","N","","","9999","","9999","","0","","N","","3 ","","","","","","","","","","1","1","0","0","0","0","0","0","1","0","0","1","1","0","0","0","0","0","0","0","0","0","0","0","0","0","0","0","0","0","0","0","0","0","0","4","0","","","","CRASH_2001_Philadelphia"
"2001233408","06","67","67301","67301","2001","03","7","0827","08","1","1","0","7","5","","","N","00","0","00","3","0","1","1","2","N","N","","","9999","","9999","","0","","N","","0 ","","","","","","","","","","2","1","0","0","0","0","0","0","0","0","0","1","1","0","0","0","0","0","0","0","0","0","0","1","0","0","0","0","0","0","0","0","0","0","0","4","0","","","","CRASH_2001_Philadelphia"
"2001018220","06","67","67301","67301","2001","06","5","9999","99","1","1","0","8","2","","","N","01","2","00","3","0","1","2","2","N","N","40 01:46.796","75 12:40.042","1930","","1928","","0","","N","","3 ","","","","","","","","","","1","0","0","0","1","0","0","0","0","0","0","1","1","0","0","0","0","0","0","0","0","0","0","0","0","0","0","0","0","0","0","0","1","0","0","4","0","40.0297","-75.2111","","CRASH_2001_Philadelphia"
"2001213153","06","67","67301","67301","2001","02","1","1750","17","4","1","0","8","1","","","N","00","0","00","3","0","1","2","2","N","N","","","9999","","9999","","0","","N","","0 ","","","","","","","","","","1","1","0","0","0","0","0","0","0","1","0","0","1","0","0","0","0","0","0","0","0","0","0","0","0","0","0","0","0","0","0","0","1","0","1","2","0","","","","CRASH_2001_Philadelphia"
"2001240196","06","67","67301","67301","2001","04","3","1400","14","1","1","0","4","1","","","N","01","2","00","3","0","1","2","2","N","N","40 01:09.480","75 02:42.000","9999","","9999","","0","","N","","3 ","","","","","","","","","","2","1","0","0","0","1","0","0","0","0","0","0","0","0","1","0","0","0","0","0","1","0","0","0","0","0","0","0","0","0","0","0","0","0","0","9","1","40.0192","-75.0448","","CRASH_2001_Philadelphia"
"2001200437","06","67","67301","67301","2001","01","1","1230","12","1","4","3","1","1","","","N","00","0","00","3","0","1","2","2","N","N","39 56:57.120","75 09:51.480","9999","","9999","","0","","N","","0 ","","","","","","","","","","2","2","0","0","0","0","0","0","0","0","0","0","0","0","1","0","1","0","0","0","0","0","0","0","0","0","0","0","0","0","0","0","0","0","0","9","0","39.9492","-75.1643","","CRASH_2001_Philadelphia"
"2001207384","06","67","67301","67301","2001","01","1","1508","15","1","1","0","4","1","","","N","02","0","07","3","0","1","2","2","N","N","40 01:56.805","75 06:27.205","9999","","9999","","0","","N","","0 ","","","","","","","","","","2","2","0","0","0","0","0","0","0","0","0","1","1","0","0","0","0","0","0","0","1","0","0","0","0","0","0","0","0","0","0","0","0","0","0","4","0","40.0324","-75.1076","","CRASH_2001_Philadelphia"
"2001216993","06","67","67301","67301","2001","03","4","2123","21","3","1","0","4","1","1","8","Y","01","2","00","3","0","1","6","2","N","N","39 57:36.720","75 08:14.280","9999","99","9999","","0","","N","","3 ","","U","","","U","","","","","2","2","0","0","0","0","0","0","0","0","0","1","1","0","0","0","0","1","0","0","0","0","0","0","0","0","0","0","0","0","0","0","0","0","0","4","0","39.9602","-75.1372","","CRASH_2001_Philadelphia"
"2001223947","06","67","67301","67301","2001","03","1","1610","16","1","1","0","1","1","","","N","00","0","00","3","0","2","2","2","N","N","39 59:15.360","75 12:58.680","9999","","9999","","0","","N","","0 ","","","","","","","","","","2","1","0","0","0","0","0","0","0","0","0","1","1","0","1","0","0","0","0","0","1","0","0","0","0","0","0","0","0","0","0","0","0","0","0","4","0","39.9876","-75.2162","","CRASH_2001_Philadelphia"
"2001239105","06","67","67301","67301","2001","04","5","0915","09","1","1","0","4","1","","","N","01","3","00","3","0","1","2","2","N","N","40 01:57.972","75 13:54.623","9999","","9999","","0","","N","","3 ","","","","","","","","","","2","2","0","0","0","0","0","0","0","0","1","0","1","0","0","0","0","0","0","0","0","0","0","0","0","0","0","0","0","0","0","0","0","0","0","3","0","40.0328","-75.2318","","CRASH_2001_Philadelphia"
"2001205940","06","67","67301","67301","2001","01","7","1220","12","1","1","1","4","1","","","N","00","0","07","3","0","0","3","2","N","N","40 00:20.160","75 06:12.240","9999","","9999","","0","","N","","0 ","","","","","","","","","","2","2","0","0","0","0","0","0","0","0","0","0","0","0","0","0","0","0","1","0","0","0","0","0","0","0","0","0","0","0","0","0","0","0","0","0","0","40.0056","-75.1034","","CRASH_2001_Philadelphia"
"2001207634","06","67","67301","67301","2001","01","5","1600","16","1","1","0","4","1","","","N","01","9","00","3","0","1","2","2","N","N","39 59:47.382","75 13:43.683","9999","","9999","","0","","N","","9 ","","","","","","","","","","2","2","0","0","0","0","0","0","0","0","0","1","1","0","0","0","0","0","0","0","0","1","0","0","0","0","0","0","0","0","0","0","0","0","0","4","0","39.9965","-75.2288","","CRASH_2001_Philadelphia"
"2001209295","06","67","67301","67301","2001","01","2","2201","22","3","6","1","4","1","","","N","01","2","00","3","0","1","2","2","N","N","","","9999","","9999","","0","","N","","3 ","","","","","","","","","","2","1","0","0","0","0","0","1","0","0","0","1","1","0","0","0","0","0","0","0","1","0","0","0","0","0","0","0","0","0","0","0","0","0","0","4","0","","","","CRASH_2001_Philadelphia"
"2001243706","06","67","67301","67301","2001","05","5","1940","19","3","1","0","4","1","","","N","02","0","00","3","0","2","3","2","N","N","40 05:43.029","74 58:04.738","9999","","9999","","0","","N","","0 ","","","","","","","","","","2","1","0","0","0","0","0","1","0","0","0","0","0","0","2","0","0","1","0","0","0","0","0","0","0","0","0","0","0","0","0","0","0","0","0","9","0","40.0953","-74.968","","CRASH_2001_Philadelphia"
"2001244704","06","67","67301","67301","2001","05","2","0557","05","1","1","0","4","1","","","N","01","2","00","3","0","3","3","2","N","N","40 01:44.500","75 08:46.197","9999","","9999","","0","","N","","3 ","","","","","","","","","","2","2","0","0","0","0","0","0","0","0","2","0","2","0","1","0","0","0","0","0","0","0","0","0","0","0","0","0","0","0","0","0","0","0","0","3","0","40.029","-75.1462","","CRASH_2001_Philadelphia"
"2001248833","06","67","67301","67301","2001","05","6","0051","00","3","1","0","0","1","","","N","00","0","00","3","0","0","1","1","N","N","40 01:13.440","75 09:14.400","9999","","9999","","0","","N","","0 ","","","","","","","","","","1","0","0","0","0","0","1","0","0","0","0","0","0","0","0","0","0","0","0","0","0","0","0","0","0","0","0","0","0","0","0","0","0","0","0","0","0","40.0204","-75.1539","","CRASH_2001_Philadelphia"
"2001209310","06","67","67301","67301","2001","01","3","1605","16","1","1","0","4","1","","","N","01","2","00","3","0","0","2","2","N","N","39 57:41.400","75 09:06.480","9999","","9999","","0","","N","","3 ","","","","","","","","","","2","1","0","0","1","0","0","0","0","0","0","0","0","0","0","0","0","0","0","0","0","1","0","0","0","0","0","0","0","0","0","0","0","0","0","0","0","39.9615","-75.1518","","CRASH_2001_Philadelphia"
"2001209656","06","67","67301","67301","2001","02","2","0801","08","1","2","1","1","1","","","N","00","0","00","3","0","2","4","2","Y","N","40 01:50.880","75 05:09.960","9999","","9999","","0","","N","","0 ","","","","","","","","","","2","1","0","1","0","0","0","0","0","0","0","2","2","0","0","0","0","0","0","0","0","0","0","0","0","0","0","0","0","0","0","0","0","0","0","4","1","40.0312","-75.0851","","CRASH_2001_Philadelphia"
"2001211479","06","67","67301","67301","2001","02","5","2008","20","3","2","1","7","1","","","N","01","0","00","3","0","1","1","1","N","N","40 03:21.240","75 10:55.200","9999","","9999","","0","","N","","0 ","","","","","","","","","","1","1","0","0","0","0","0","0","0","0","0","0","0","0","1","0","0","0","0","0","0","0","0","0","0","0","0","0","0","0","0","0","0","0","0","9","0","40.0559","-75.182","","CRASH_2001_Philadelphia"
"2001212896","06","67","67301","67301","2001","02","1","9999","99","1","2","0","4","1","","","N","01","2","00","3","0","1","3","2","N","N","39 57:30.600","75 14:15.000","9999","","9999","","0","","N","","3 ","","","","","","","","","","2","1","0","0","0","0","0","1","0","0","0","0","0","0","1","0","0","1","0","0","0","0","0","2","0","0","0","0","0","0","0","0","0","0","0","9","0","39.9584","-75.2375","","CRASH_2001_Philadelphia"
"2001213178","06","67","67301","67301","2001","02","4","0815","08","1","1","0","4","1","","","N","01","2","00","3","0","1","2","2","N","N","39 58:25.320","75 15:29.520","9999","","9999","","0","","N","","3 ","","","","","","","","","","2","2","0","0","0","0","0","0","0","0","0","1","1","0","0","0","0","0","0","0","0","0","0","0","0","0","0","0","0","0","0","0","0","0","0","4","0","39.9737","-75.2582","","CRASH_2001_Philadelphia"
"2001216930","06","67","67301","67301","2001","03","3","2300","23","3","2","1","1","1","","","N","01","2","00","3","0","1","3","2","N","N","40 01:40.080","75 05:57.840","9999","","9999","","0","","N","","3 ","","","","","","","","","","2","1","0","0","0","0","1","0","0","0","0","1","1","0","0","0","0","0","0","0","0","0","0","0","0","0","0","0","0","0","0","0","0","0","0","4","0","40.0279","-75.0996","","CRASH_2001_Philadelphia"
"2001238077","06","67","67301","67301","2001","04","4","1351","13","1","2","1","4","1","","","N","00","0","00","3","0","2","2","2","N","N","39 57:09.720","75 14:55.680","9999","","9999","","0","","N","","0 ","","","","","","","","","","2","1","0","0","1","0","0","0","0","0","0","1","1","0","1","0","0","0","0","0","0","0","0","0","0","0","0","0","0","0","0","0","0","0","0","4","0","39.9527","-75.2488","","CRASH_2001_Philadelphia"
"2001007274","06","67","67301","67301","2001","06","6","1152","11","1","1","0","5","2","","","N","01","2","00","3","0","0","2","2","N","N","39 56:25.369","75 14:11.650","1152","","1152","","0","","N","","3 ","","","","","","","","","","2","2","0","0","0","0","0","0","0","0","0","0","0","0","0","0","0","0","0","0","0","0","0","0","0","0","0","0","0","0","0","0","0","0","0","0","0","39.9404","-75.2366","","CRASH_2001_Philadelphia"
"2001223792","06","67","67301","67301","2001","03","6","2230","22","3","2","1","8","1","","","N","00","0","00","3","0","1","2","2","N","N","40 05:08.160","75 02:21.120","9999","","9999","","0","","N","","0 ","","","","","","","","","","1","0","0","0","0","0","0","0","0","0","0","1","1","0","0","0","0","0","0","0","0","0","0","0","0","0","0","0","0","0","0","0","1","0","0","4","0","40.0855","-75.0393","","CRASH_2001_Philadelphia"
"2001233311","06","67","67301","67301","2001","03","7","1330","13","1","1","0","8","1","","","N","00","0","00","3","0","1","2","2","N","N","","","9999","","9999","","0","","N","","0 ","","","","","","","","","","1","1","0","0","0","0","0","0","0","0","1","0","1","0","0","0","0","0","0","0","0","0","0","0","0","0","0","0","0","0","0","0","1","0","0","3","0","","","","CRASH_2001_Philadelphia"
"2001238134","06","67","67301","67301","2001","04","3","1911","19","2","1","0","8","1","","","N","00","0","00","3","0","1","2","2","N","N","","","9999","","9999","","0","","N","","0 ","","","","","","","","","","1","1","0","0","0","0","0","0","0","0","0","0","0","0","1","0","0","0","0","0","0","0","0","0","0","0","0","0","0","0","0","0","1","0","0","9","0","","","","CRASH_2001_Philadelphia"
"2001238877","06","67","67301","67301","2001","04","2","1215","12","1","1","0","4","1","","","N","01","2","00","3","0","4","4","2","N","N","40 02:05.640","75 04:09.840","9999","","9999","","0","","N","","3 ","","","","","","","","","","2","2","0","0","0","0","0","0","0","0","0","4","4","0","0","0","0","0","0","0","0","0","0","0","0","0","0","0","0","0","0","0","0","0","0","4","0","40.035","-75.0693","","CRASH_2001_Philadelphia"
"2001207403","06","67","67301","67301","2001","01","5","1845","18","3","1","0","8","1","","","N","01","3","00","3","0","1","2","2","N","N","40 02:11.544","75 04:56.787","9999","","9999","","0","","N","","3 ","","","","","","","","","","1","0","0","0","0","0","0","0","0","0","0","1","1","0","0","0","0","0","0","0","0","0","0","0","0","0","0","0","0","0","0","0","1","0","0","4","0","40.0365","-75.0824","","CRASH_2001_Philadelphia"
"2001215584","06","67","67301","67301","2001","02","3","1100","11","1","1","0","9","1","","","N","00","0","00","3","0","1","1","2","N","N","","","9999","","9999","","0","","N","","0 ","","","","","","","","","","2","1","0","0","0","0","0","0","0","0","0","1","1","0","0","0","0","0","0","0","0","0","0","0","0","0","0","0","0","0","0","0","0","0","0","4","0","","","","CRASH_2001_Philadelphia"
"2001231037","06","67","67301","67301","2001","03","4","1215","12","1","1","0","4","1","","","N","02","3","00","3","0","1","3","2","N","N","40 01:10.560","75 06:51.840","9999","","9999","","0","","N","","3 ","","","","","","","","","","2","1","0","0","0","1","0","0","0","0","1","0","1","0","0","0","0","0","0","0","0","0","1","0","0","0","0","0","0","0","0","0","0","0","0","3","1","40.0198","-75.1146","","CRASH_2001_Philadelphia"
"2001233533","06","67","67301","67301","2001","03","7","1734","17","1","1","0","4","1","","","N","02","3","00","3","0","1","20","2","N","N","39 59:56.760","75 08:03.840","9999","","9999","","0","","N","","3 ","","","","","","","","","","2","1","0","1","0","0","0","0","0","0","1","0","1","0","0","0","0","0","0","0","0","0","0","0","0","0","0","0","0","0","0","0","0","0","0","3","1","39.9992","-75.1344","","CRASH_2001_Philadelphia"
"2001234143","06","67","67301","67501","2001","04","2","0833","08","1","1","0","0","1","","","N","00","0","00","3","0","0","1","1","N","N","","","9999","","9999","","0","","N","","0 ","","","","","","","","","","1","1","0","0","0","0","0","0","0","0","0","0","0","0","0","0","0","0","0","0","1","0","0","0","0","0","0","0","0","0","0","0","0","0","0","0","0","","","","CRASH_2001_Philadelphia"
"2001204677","06","67","67301","67301","2001","01","7","1933","19","3","1","0","4","1","","","N","01","2","00","3","0","1","9","2","N","N","40 04:51.600","75 01:43.320","9999","","9999","","0","","N","","3 ","","","","","","","","","","2","1","0","0","0","0","1","0","0","0","0","1","1","0","0","0","0","0","1","0","0","0","0","0","0","0","0","0","0","0","0","0","0","0","0","4","0","40.081","-75.0287","","CRASH_2001_Philadelphia"
"2001215570","06","67","67301","67301","2001","02","4","1528","15","1","1","0","8","1","","","N","00","0","00","3","0","1","2","2","N","N","","","9999","","9999","","0","","N","","0 ","","","","","","","","","","1","1","0","0","0","0","0","0","0","0","0","1","1","0","0","0","0","0","0","0","0","0","0","0","0","0","0","0","0","0","0","0","1","0","0","4","0","","","","CRASH_2001_Philadelphia"
"2001233275","06","67","67301","67301","2001","03","3","2256","22","3","1","0","6","1","","","N","00","0","00","3","0","2","2","2","N","N","","","9999","","9999","","0","","N","","0 ","","","","","","","","","","2","0","0","0","1","0","0","0","0","0","0","1","1","0","1","0","0","0","0","0","0","0","0","1","0","0","0","0","0","0","0","0","0","0","0","4","0","","","","CRASH_2001_Philadelphia"
"2001233431","06","67","67301","67301","2001","03","4","1719","17","1","2","1","8","1","","","N","01","3","00","3","0","1","2","2","N","N","39 59:57.796","75 06:14.972","9999","","9999","","0","","N","","3 ","","","","","","","","","","1","1","0","0","0","0","0","0","0","0","0","1","1","0","0","0","0","0","0","0","0","0","0","0","0","0","0","0","0","0","0","0","1","0","0","4","0","39.9994","-75.1042","","CRASH_2001_Philadelphia"
"2001233547","06","67","67301","67301","2001","04","3","0900","09","1","1","0","1","1","","","N","00","0","00","3","0","3","9","3","N","N","40 02:06.720","75 01:30.360","9999","","9999","","0","","N","","0 ","","","","","","","","","","3","2","0","1","0","0","0","0","0","0","0","3","3","0","0","0","0","0","0","0","0","0","1","0","0","0","0","0","0","0","0","0","0","0","0","4","1","40.0352","-75.0251","","CRASH_2001_Philadelphia"
"2001016772","06","67","67301","67301","2001","05","7","1800","18","1","2","1","1","1","","","N","00","0","00","3","0","1","5","2","N","N","40 00:49.300","75 10:46.960","0612","","0604","","0","","N","","0 ","","","","","","","","","","2","1","0","0","1","0","0","0","0","0","0","1","1","0","0","0","0","0","0","0","0","0","0","5","0","0","0","0","0","0","0","0","0","0","0","4","0","40.0119","-75.1821","","CRASH_2001_Philadelphia"
"2001016720","06","67","67301","67301","2001","06","2","2000","20","1","1","0","4","1","","","N","00","0","00","3","0","1","2","2","N","N","39 57:17.608","75 13:33.516","2045","","2005","","0","","N","","0 ","","","","","","","","","","2","2","0","0","0","0","0","0","0","0","0","1","1","0","0","0","0","0","0","0","0","0","0","0","0","0","0","0","0","0","0","0","0","0","0","4","0","39.9548","-75.226","","CRASH_2001_Philadelphia"
"2001210714","06","67","67301","67301","2001","02","5","0732","07","1","1","0","8","1","","","N","01","2","00","3","0","1","2","2","N","N","","","9999","","9999","","0","","N","","3 ","","","","","","","","","","1","1","0","0","0","0","0","0","0","0","0","1","1","0","0","0","0","0","0","0","0","0","0","0","0","0","0","0","0","0","0","0","1","0","0","4","0","","","","CRASH_2001_Philadelphia"
"2001231192","06","67","67301","67301","2001","03","6","1850","18","3","1","0","4","1","","","N","01","2","00","3","0","1","2","2","N","N","39 58:32.880","75 09:30.240","9999","","9999","","0","","N","","3 ","","","","","","","","","","2","2","0","0","0","0","0","0","0","0","0","1","1","0","0","0","0","0","0","0","0","0","0","0","0","0","0","0","0","0","0","0","0","0","0","4","0","39.9758","-75.1584","","CRASH_2001_Philadelphia"
"2001243718","06","67","67301","67301","2001","05","3","0800","08","1","1","0","1","1","","","N","01","2","00","3","0","3","6","4","N","N","40 02:07.080","75 04:12.720","9999","","9999","","0","","N","","3 ","","","","","","","","","","4","2","0","0","0","0","0","2","0","0","2","1","3","0","0","0","0","0","0","0","0","0","0","0","0","0","0","0","0","0","0","0","0","0","0","3","0","40.0355","-75.0698","","CRASH_2001_Philadelphia"
"2001244610","06","67","67301","67301","2001","05","5","1100","11","1","1","0","4","1","","","N","01","2","00","3","0","2","6","2","N","N","40 00:46.800","75 07:09.840","9999","","9999","","0","","N","","3 ","","","","","","","","","","2","2","0","0","0","0","0","0","0","0","0","2","2","0","0","0","0","0","0","0","1","0","1","0","0","0","0","0","0","0","0","0","0","0","0","4","0","40.013","-75.1194","","CRASH_2001_Philadelphia"
"2001244634","06","67","67301","67301","2001","05","6","1845","18","1","1","0","8","1","","","N","02","3","00","3","0","1","2","2","N","N","39 55:52.971","75 10:31.105","9999","","9999","","0","","N","","3 ","","","","","","","","","","1","1","0","0","0","0","0","0","0","0","0","1","1","0","0","0","0","0","1","0","0","0","0","0","0","0","0","0","0","0","0","0","1","0","0","4","0","39.9314","-75.1753","","CRASH_2001_Philadelphia"
"2001216933","06","67","67301","67301","2001","03","2","1700","17","1","1","0","1","1","","","N","02","2","00","3","0","2","2","2","N","N","39 57:17.713","75 09:05.995","9999","","9999","","0","","N","","3 ","","","","","","","","","","2","2","0","0","0","0","0","0","0","0","1","0","1","0","1","0","0","0","0","0","2","0","0","0","0","0","0","0","0","0","0","0","0","0","0","3","0","39.9549","-75.1517","","CRASH_2001_Philadelphia"
"2001231158","06","67","67301","67301","2001","03","2","1630","16","1","1","0","1","1","","","N","03","3","00","3","0","1","6","3","N","N","39 58:33.960","75 12:46.440","9999","","9999","","0","","N","","3 ","","","","","","","","","","3","2","0","0","0","0","0","1","0","0","0","1","1","0","0","0","0","0","0","0","0","0","0","0","0","0","0","0","0","0","0","0","0","0","0","4","0","39.9761","-75.2129","","CRASH_2001_Philadelphia"