"CRN","DISTRICT","COUNTY","MUNICIPALITY","POLICE_AGCY","CRASH_YEAR","CRASH_MONTH","DAY_OF_WEEK","TIME_OF_DAY","HOUR_OF_DAY","ILLUMINATION","WEATHER","ROAD_CONDITION","COLLISION_TYPE","RELATION_TO_ROAD","WORK_ZONE_TYPE","WORK_ZONE_LOC","WORK_ZONE_IND","INTERSECT_TYPE","TCD_TYPE","LOCATION_TYPE","URBAN_RURAL","FATAL_COUNT","INJURY_COUNT","PERSON_COUNT","TOTAL_UNITS","SCH_BUS_IND","SCH_ZONE_IND","LATITUDE","LONGITUDE","ARRIVAL_TM","CONS_ZONE_SPD_LIM","DISPATCH_TM","EST_HRS_CLOSED","LANE_CLOSED","LN_CLOSE_DIR","NTFY_HIWY_MAINT","SPEC_JURIS_CD","TCD_FUNC_CD","TFC_DETOUR_IND","WORKERS_PRES","WZ_CLOSE_DETOUR","WZ_FLAGGER","WZ_LAW_OFFCR_IND","WZ_LN_CLOSURE","WZ_MOVING","WZ_OTHER","WZ_SHLDER_MDN","VEHICLE_COUNT","AUTOMOBILE_COUNT","MOTORCYCLE_COUNT","BUS_COUNT","SMALL_TRUCK_COUNT","HEAVY_TRUCK_COUNT","SUV_COUNT","VAN_COUNT","BICYCLE_COUNT","MAJ_INJ_COUNT","MOD_INJ_COUNT","MIN_INJ_COUNT","TOT_INJ_COUNT","UNK_INJ_DEG_COUNT","UNK_INJ_PER_COUNT","DRIVER_COUNT_16YR","DRIVER_COUNT_17YR","DRIVER_COUNT_18YR","DRIVER_COUNT_19YR","DRIVER_COUNT_20YR","DRIVER_COUNT_50_64YR","DRIVER_COUNT_65_74YR","DRIVER_COUNT_75PLUS","UNBELTED_OCC_COUNT","UNB_DEATH_COUNT","UNB_MAJ_INJ_COUNT","BELTED_DEATH_COUNT","BELTED_MAJ_INJ_COUNT","MCYCLE_DEATH_COUNT","MCYCLE_MAJ_INJ_COUNT","BICYCLE_DEATH_COUNT","BICYCLE_MAJ_INJ_COUNT","PED_COUNT","PED_DEATH_COUNT","PED_MAJ_INJ_COUNT","MAX_SEVERITY_LEVEL","COMM_VEH_COUNT","DEC_LAT","DEC_LONG","RDWY_SURF_TYPE_CD","COUNTY_YEAR"
"2001231163","06","67","67301","67301","2001","03","3","1540","15","1","1","0","7","5","","","N","00","0","00","3","0","1","1","1","N","N","40 02:04.200","75 04:16.680","9999","","9999","","0","","N","","0 ","","","","","","","","","","1","1","0","0","0","0","0","0","0","0","1","0","1","0","0","0","0","0","0","0","0","0","0","0","0","0","0","0","0","0","0","0","0","0","0","3","0","40.0346","-75.0713","","CRASH_2001_Philadelphia"
"2001233252","06","67","67301","67301","2001","04","1","0907","09","1","1","0","4","1","","","N","01","2","00","3","0","4","4","2","N","N","","","9999","","9999","","0","","N","","3 ","","","","","","","","","","2","2","0","0","0","0","0","0","0","0","3","1","4","0","0","0","0","1","0","0","1","0","0","1","0","0","0","0","0","0","0","0","0","0","0","3","0","","","","CRASH_2001_Philadelphia"
"2001240226","06","67","67301","67301","2001","04","7","2125","21","3","1","0","7","5","","","N","00","0","00","3","0","1","1","1","N","N","","","9999","","9999","","0","","N","","0 ","","","","","","","","","","1","1","0","0","0","0","0","0","0","0","0","1","1","0","0","0","0","0","0","0","0","0","0","0","0","0","0","0","0","0","0","0","0","0","0","4","0","","","","CRASH_2001_Philadelphia"
"2001204134","06","67","67301","67301","2001","01","7","1750","17","3","1","1","8","1","","","N","00","0","00","3","0","1","2","2","N","N","","","9999","","9999","","0","","N","","0 ","","","","","","","","","","1","0","0","0","0","0","0","0","0","0","0","0","0","0","1","0","0","0","0","0","0","0","0","0","0","0","0","0","0","0","0","0","1","0","0","9","0","","","","CRASH_2001_Philadelphia"
"2001205954","06","67","67301","67301","2001","01","1","0056","00","3","1","5","7","1","","","N","00","0","00","3","0","0","1","1","N","N","40 00:55.800","75 10:10.560","9999","","9999","","0","","N","","0 ","","","","","","","","","","1","1","0","0","0","0","0","0","0","0","0","0","0","0","0","0","0","1","0","0","0","0","0","0","0","0","0","0","0","0","0","0","0","0","0","0","0","40.0155","-75.1696","","CRASH_2001_Philadelphia"
"2001209182","06","67","67301","67301","2001","02","6","1630","16","1","1","0","8","1","","","N","01","2","00","3","0","1","2","2","N","N","40 02:12.120","75 02:26.880","9999","","9999","","0","","N","","3 ","","","","","","","","","","1","1","0","0","0","0","0","0","0","0","0","1","1","0","0","0","0","0","0","0","0","0","0","0","0","0","0","0","0","0","0","0","1","0","0","4","0","40.0368","-75.0409","","CRASH_2001_Philadelphia"
"2001211420","06","67","67301","67301","2001","02","3","2040","20","3","1","0","4","1","","","N","01","3","00","3","0","1","2","2","N","N","40 03:19.087","75 03:23.630","9999","","9999","","0","","N","","3 ","","","","","","","","","","2","1","1","0","0","0","0","0","0","0","1","0","1","0","0","0","0","0","0","0","0","0","0","0","0","0","0","0","0","0","0","0","0","0","0","3","0","40.0553","-75.0566","","CRASH_2001_Philadelphia"
"2001223906","06","67","67301","67301","2001","03","1","1600","16","1","1","0","4","1","","","N","01","3","00","3","0","0","4","2","N","N","40 03:20.242","75 11:08.253","9999","","9999","","0","","N","","3 ","","","","","","","","","","2","1","0","0","0","0","0","0","0","0","0","0","0","0","0","0","0","1","0","0","0","0","0","0","0","0","0","0","0","0","0","0","0","0","0","0","0","40.0556","-75.1856","","CRASH_2001_Philadelphia"
"2001233038","06","67","67301","67301","2001","03","6","0820","08","1","2","1","4","1","","","N","01","2","00","3","0","0","2","2","N","N","40 01:03.360","75 03:53.640","9999","","9999","","0","","N","","3 ","","","","","","","","","","2","2","0","0","0","0","0","0","0","0","0","0","0","0","0","0","0","0","0","0","0","0","0","0","0","0","0","0","0","0","0","0","0","0","0","0","0","40.0176","-75.0652","","CRASH_2001_Philadelphia"
"2001214239","06","67","67301","67301","2001","02","4","1757","17","3","1","0","8","1","","","N","01","2","00","3","0","1","2","2","N","N","","","9999","","9999","","0","","N","","3 ","","","","","","","","","","1","0","0","0","0","0","0","0","0","0","1","0","1","0","0","0","0","0","0","0","0","0","0","0","0","0","0","0","0","0","0","0","1","0","0","3","0","","","","CRASH_2001_Philadelphia"
"2001209084","06","67","67301","67301","2001","02","7","0030","00","3","1","0","4","1","","","N","01","2","00","3","0","0","2","2","N","N","39 56:40.920","75 14:35.880","9999","","9999","","0","","N","","3 ","","","","","","","","","","2","1","0","0","0","0","0","0","0","0","0","0","0","0","0","0","0","0","0","0","0","0","0","0","0","0","0","0","0","0","0","0","0","0","0","0","0","39.9447","-75.2435","","CRASH_2001_Philadelphia"
"2001210621","06","67","67301","67301","2001","02","4","0609","06","3","1","1","8","1","","","N","02","2","00","3","0","1","2","2","N","N","40 06:05.040","75 00:20.880","9999","","9999","","0","","N","","3 ","","","","","","","","","","1","1","0","0","0","0","0","0","0","0","1","0","1","0","0","0","0","0","0","0","0","0","0","0","0","0","0","0","0","0","0","0","1","0","0","3","0","40.1014","-75.006","","CRASH_2001_Philadelphia"
"2001214315","06","67","67301","67301","2001","02","5","1406","14","1","1","0","4","1","","","N","01","3","00","3","0","1","2","3","N","N","40 00:18.108","75 08:10.960","9999","","9999","","0","","N","","3 ","","","","","","","","","","3","1","0","0","0","0","1","0","0","0","0","1","1","0","0","0","0","0","0","0","0","0","0","1","0","0","0","0","0","0","0","0","0","0","0","4","0","40.005","-75.1364","","CRASH_2001_Philadelphia"
"2001215652","06","67","67301","67301","2001","02","6","1655","16","1","2","0","4","1","","","N","02","0","00","3","0","3","4","2","N","N","40 00:33.840","75 10:05.160","9999","","9999","","0","","N","","0 ","","","","","","","","","","2","2","0","0","0","0","0","0","0","0","0","2","2","0","1","0","0","0","0","0","0","0","0","0","0","0","0","0","0","0","0","0","0","0","0","4","0","40.0095","-75.1679","","CRASH_2001_Philadelphia"
"2001231155","06","67","67301","67301","2001","03","5","1927","19","3","1","0","8","1","","","N","00","0","00","3","0","1","2","2","N","N","","","9999","","9999","","0","","N","","0 ","","","","","","","","","","1","1","0","0","0","0","0","0","0","0","0","1","1","0","0","0","0","0","0","0","0","0","0","0","0","0","0","0","0","0","0","0","1","0","0","4","0","","","","CRASH_2001_Philadelphia"
"2001238904","06","67","67301","67301","2001","04","1","1330","13","1","1","0","5","1","","","N","00","0","00","3","0","0","5","2","N","N","39 59:05.640","75 09:23.760","9999","","9999","","0","","N","","0 ","","","","","","","","","","2","2","0","0","0","0","0","0","0","0","0","0","0","0","0","0","0","0","0","0","1","0","0","0","0","0","0","0","0","0","0","0","0","0","0","0","0","39.9849","-75.1566","","CRASH_2001_Philadelphia"
"2001244669","06","67","67301","67301","2001","05","5","9999","99","1","1","0","4","1","","","N","00","0","00","3","0","1","2","2","N","N","","","9999","","9999","","0","","N","","0 ","","","","","","","","","","1","1","0","0","0","0","0","0","1","0","0","1","1","0","0","0","0","0","0","0","0","0","0","0","0","0","0","0","0","0","0","0","0","0","0","4","0","","","","CRASH_2001_Philadelphia"
"2001207860","06","67","67301","67301","2001","01","7","1023","10","1","2","1","7","5","","","N","00","0","00","3","0","1","2","1","N","N","","","9999","","9999","","0","","N","","0 ","","","","","","","","","","1","1","0","0","0","0","0","0","0","0","0","1","1","0","0","0","0","0","0","0","0","0","0","0","0","0","0","0","0","0","0","0","0","0","0","4","0","","","","CRASH_2001_Philadelphia"
"2001216864","06","67","67301","67301","2001","03","4","2030","20","1","1","0","1","1","","","N","01","2","00","3","0","2","2","2","N","N","40 01:59.880","75 04:36.840","9999","","9999","","0","","N","","3 ","","","","","","","","","","2","1","0","0","0","0","0","1","0","0","0","1","1","0","1","0","0","0","0","0","0","0","0","0","0","0","0","0","0","0","0","0","0","0","0","4","0","40.0334","-75.0768","","CRASH_2001_Philadelphia"
"2001204155","06","67","67301","67301","2001","01","6","1430","14","1","4","1","1","1","","","N","01","3","00","3","0","2","3","2","N","N","39 59:56.760","75 08:03.840","9999","","9999","","0","","N","","3 ","","","","","","","","","","2","0","0","0","0","0","0","2","0","0","0","2","2","0","0","0","0","0","0","0","1","0","0","0","0","0","0","0","0","0","0","0","0","0","0","4","0","39.9992","-75.1344","","CRASH_2001_Philadelphia"
"2001204528","06","67","67301","67301","2001","01","2","0230","02","3","4","3","4","1","","","N","00","0","00","3","0","7","7","2","N","N","40 00:44.280","75 04:27.480","9999","","9999","","0","","N","","0 ","","","","","","","","","","2","1","0","0","0","0","0","1","0","0","3","4","7","0","0","0","0","0","0","0","0","0","0","1","0","0","0","0","0","0","0","0","0","0","0","3","0","40.0123","-75.0743","","CRASH_2001_Philadelphia"
"2001214224","06","67","67301","67301","2001","02","3","2035","20","3","1","0","7","1","","","N","00","0","00","3","0","1","2","3","N","N","39 56:50.280","75 09:52.560","9999","","9999","","0","","N","","0 ","","","","","","","","","","3","2","0","0","0","0","0","0","0","0","0","0","0","0","1","0","0","0","0","0","0","0","0","0","0","0","0","0","0","0","0","0","0","0","0","9","0","39.9474","-75.1646","","CRASH_2001_Philadelphia"
"2001007143","06","67","67301","67301","2001","06","3","1609","16","1","1","0","5","1","","","N","01","2","00","3","0","1","4","2","N","N","39 56:55.000","75 08:47.785","1640","","1634","","0","","N","","3 ","","","","","","","","","","2","2","0","0","0","0","0","0","0","0","0","1","1","0","0","0","0","0","0","0","0","0","0","0","0","0","0","0","0","0","0","0","0","0","0","4","0","39.9488","-75.1476","","CRASH_2001_Philadelphia"
"2001215563","06","67","67301","67301","2001","03","6","2238","22","3","1","0","4","1","","","N","01","2","00","3","0","2","5","2","N","N","39 58:45.480","75 09:45.720","9999","","9999","","0","","N","","3 ","","","","","","","","","","2","2","0","0","0","0","0","0","0","0","0","2","2","0","0","0","0","0","1","0","0","0","0","0","0","0","0","0","0","0","0","0","0","0","0","4","0","39.9793","-75.1626","","CRASH_2001_Philadelphia"
"2001239097","06","67","67301","67301","2001","04","2","1245","12","1","1","0","4","1","","","N","01","2","00","3","0","3","3","3","N","N","39 57:14.760","75 13:33.960","9999","","9999","","0","","N","","3 ","","","","","","","","","","3","1","2","0","0","0","0","0","0","0","3","0","3","0","0","0","0","0","0","0","0","0","0","0","0","0","0","0","0","0","0","0","0","0","0","3","0","39.954","-75.2261","","CRASH_2001_Philadelphia"
"2001200912","06","67","67301","67301","2001","02","1","1615","16","1","1","0","4","1","","","N","01","3","00","3","0","0","3","2","N","N","40 02:50.136","75 05:41.341","9999","","9999","","0","","N","","3 ","","","","","","","","","","2","1","0","0","1","0","0","0","0","0","0","0","0","0","0","0","1","0","0","0","0","0","0","0","0","0","0","0","0","0","0","0","0","0","0","0","0","40.0473","-75.0948","","CRASH_2001_Philadelphia"
"2001213232","06","67","67301","67301","2001","02","4","1034","10","1","1","0","1","1","","","N","00","0","00","3","0","3","5","2","N","N","39 57:29.520","75 13:21.000","9999","","9999","","0","","N","","0 ","","","","","","","","","","2","1","0","0","0","0","0","1","0","3","0","0","3","0","0","0","0","0","0","0","0","0","0","0","0","0","0","0","0","0","0","0","0","0","0","2","0","39.9582","-75.2225","","CRASH_2001_Philadelphia"
"2001231137","06","67","67301","67301","2001","03","7","0309","03","3","9","9","7","2","","","N","00","0","00","3","0","0","6","1","N","N","40 01:05.520","75 10:07.320","9999","","9999","","0","","N","","0 ","","","","","","","","","","1","0","0","0","0","0","0","1","0","0","0","0","0","0","0","0","0","0","0","0","0","0","0","0","0","0","0","0","0","0","0","0","0","0","0","0","0","40.0182","-75.1688","","CRASH_2001_Philadelphia"
"2001238059","06","67","67301","67301","2001","04","4","1645","16","1","2","1","1","1","","","N","01","2","00","3","0","1","2","2","N","N","39 59:44.880","75 05:31.920","9999","","9999","","0","","N","","3 ","","","","","","","","","","2","1","0","0","1","0","0","0","0","1","0","0","1","0","0","0","0","0","1","0","0","0","0","0","0","0","0","1","0","0","0","0","0","0","0","2","0","39.9959","-75.0921","","CRASH_2001_Philadelphia"
"2001238994","06","67","67301","67301","2001","04","3","1115","11","1","1","0","7","1","","","N","01","2","00","3","0","0","1","1","N","N","39 54:14.400","75 14:25.080","9999","","9999","","0","","N","","3 ","","","","","","","","","","1","1","0","0","0","0","0","0","0","0","0","0","0","0","0","0","0","0","0","0","0","0","0","0","0","0","0","0","0","0","0","0","0","0","0","0","0","39.904","-75.2403","","CRASH_2001_Philadelphia"
"2001240940","06","67","67301","67301","2001","04","7","0924","09","1","1","0","4","1","","","N","01","2","00","3","0","5","5","3","N","N","40 02:12.120","75 02:26.880","9999","","9999","","0","","N","","3 ","","","","","","","","","","3","3","0","0","0","0","0","0","0","0","0","0","0","0","5","0","0","0","0","0","0","0","0","0","0","0","0","0","0","0","0","0","0","0","0","9","0","40.0368","-75.0409","","CRASH_2001_Philadelphia"
"2001240955","06","67","67301","67301","2001","04","5","0850","08","1","2","0","4","1","","","N","01","2","00","3","0","0","2","2","N","N","39 56:16.800","75 11:55.320","9999","","9999","","0","","N","","3 ","","","","","","","","","","2","2","0","0","0","0","0","0","0","0","0","0","0","0","0","0","0","0","0","0","0","0","0","0","0","0","0","0","0","0","0","0","0","0","0","0","0","39.938","-75.1987","","CRASH_2001_Philadelphia"
"2001007213","06","67","67301","67301","2001","05","6","0214","02","3","1","0","7","4","","","N","01","2","00","3","0","0","1","1","N","N","40 02:36.000","75 01:09.600","0227","","0215","","0","","N","","3 ","","","","","","","","","","1","1","0","0","0","0","0","0","0","0","0","0","0","0","0","0","0","0","0","0","0","0","0","0","0","0","0","0","0","0","0","0","0","0","0","0","0","40.0433","-75.0193","","CRASH_2001_Philadelphia"
"2001207276","06","67","67301","67301","2001","01","4","1445","14","1","1","0","8","1","","","N","01","2","00","3","0","1","2","2","N","N","39 58:07.320","75 14:43.800","9999","","9999","","0","","N","","3 ","","","","","","","","","","1","1","0","0","0","0","0","0","0","0","0","1","1","0","0","0","0","0","0","0","0","0","0","0","0","0","0","0","0","0","0","0","1","0","0","4","0","39.9688","-75.2454","","CRASH_2001_Philadelphia"
"2001223763","06","67","67301","67301","2001","03","6","1230","12","1","1","0","7","5","","","N","00","0","00","3","0","0","1","1","N","N","","","9999","","9999","","0","","N","","0 ","","","","","","","","","","1","1","0","0","0","0","0","0","0","0","0","0","0","0","0","0","0","0","0","0","0","0","0","0","0","0","0","0","0","0","0","0","0","0","0","0","0","","","","CRASH_2001_Philadelphia"
"2001223873","06","67","67301","67301","2001","03","4","0855","08","1","1","0","4","1","","","N","00","0","07","3","0","2","3","2","N","N","","","9999","","9999","","0","","N","","0 ","","","","","","","","","","2","2","0","0","0","0","0","0","0","0","0","0","0","0","2","0","0","0","0","0","0","1","0","0","0","0","0","0","0","0","0","0","0","0","0","9","0","","","","CRASH_2001_Philadelphia"
"2001233037","06","67","67301","67301","2001","03","6","1720","17","3","1","1","4","1","","","N","02","3","00","3","0","0","2","2","N","N","40 06:02.930","74 58:03.133","9999","","9999","","0","","N","","3 ","","","","","","","","","","2","1","0","0","0","0","0","1","0","0","0","0","0","0","0","0","0","0","0","0","0","0","0","0","0","0","0","0","0","0","0","0","0","0","0","0","0","40.1008","-74.9675","","CRASH_2001_Philadelphia"
"2001236842","06","67","67301","67301","2001","04","4","1730","17","1","2","1","4","1","","","N","00","0","00","3","0","1","2","2","N","N","40 01:38.280","75 03:44.640","9999","","9999","","0","","N","","0 ","","","","","","","","","","1","1","0","0","0","0","0","0","1","0","1","0","1","0","0","0","1","0","0","0","0","0","0","0","0","0","0","0","0","0","0","0","0","0","0","3","0","40.0272","-75.0624","","CRASH_2001_Philadelphia"
"2001238108","06","67","67301","67301","2001","04","7","0243","02","3","1","0","7","1","","","N","00","0","00","3","0","1","1","1","N","N","39 58:11.640","75 09:34.920","9999","","9999","","0","","N","","0 ","","","","","","","","","","1","1","0","0","0","0","0","0","0","0","0","0","0","0","1","0","0","0","0","0","0","0","0","0","0","0","0","0","0","0","0","0","0","0","0","9","0","39.9699","-75.1597","","CRASH_2001_Philadelphia"
"2001238941","06","67","67301","67301","2001","04","2","0808","08","1","2","1","4","1","","","N","02","3","00","3","0","1","3","2","N","N","","","9999","","9999","","0","","N","","3 ","","","","","","","","","","2","2","0","0","0","0","0","0","0","0","0","1","1","0","0","0","0","0","0","0","0","0","0","0","0","0","0","0","0","0","0","0","0","0","0","4","0","","","","CRASH_2001_Philadelphia"
"2001233518","06","67","67301","67301","2001","03","5","0215","02","3","1","0","7","1","","","N","00","0","00","3","0","0","1","1","N","N","40 02:48.480","75 00:03.240","9999","","9999","","0","","N","","0 ","","","","","","","","","","1","1","0","0","0","0","0","0","0","0","0","0","0","0","0","0","0","0","0","0","0","0","0","0","0","0","0","0","0","0","0","0","0","0","0","0","0","40.0468","-75.0011","","CRASH_2001_Philadelphia"
"2001205943","06","67","67301","67301","2001","01","7","1410","14","1","1","0","4","1","","","N","01","2","00","3","0","1","10","3","N","N","40 01:28.513","75 07:23.473","9999","","9999","","0","","N","","3 ","","","","","","","","","","3","3","0","0","0","0","0","0","0","0","0","1","1","0","0","0","0","1","0","0","0","0","0","0","0","0","0","0","0","0","0","0","0","0","0","4","0","40.0246","-75.1232","","CRASH_2001_Philadelphia"
"2001213161","06","67","67301","67301","2001","02","7","1700","17","1","1","0","4","1","","","N","02","2","02","3","0","3","3","2","N","N","39 57:49.680","75 11:06.000","9999","","9999","","0","","N","","3 ","","","","","","","","","","2","2","0","0","0","0","0","0","0","0","0","0","0","0","3","0","0","0","0","0","0","0","0","0","0","0","0","0","0","0","0","0","0","0","0","9","0","39.9638","-75.185","","CRASH_2001_Philadelphia"
"2001216866","06","67","67301","67301","2001","03","1","1650","16","1","2","0","4","1","","","N","01","2","00","3","0","3","4","2","N","N","39 57:19.800","75 09:52.560","9999","","9999","","0","","N","","3 ","","","","","","","","","","2","2","0","0","0","0","0","0","0","0","0","3","3","0","0","0","0","0","0","0","0","0","0","0","0","0","0","0","0","0","0","0","0","0","0","4","0","39.9555","-75.1646","","CRASH_2001_Philadelphia"
"2001231565","06","67","67301","67301","2001","03","7","1400","14","1","1","0","1","1","","","N","00","0","00","3","0","1","3","3","N","N","40 01:24.600","75 08:00.960","9999","","9999","","0","","N","","0 ","","","","","","","","","","3","3","0","0","0","0","0","0","0","0","1","0","1","0","0","0","0","0","0","0","0","1","0","0","0","0","0","0","0","0","0","0","0","0","0","3","0","40.0235","-75.1337","","CRASH_2001_Philadelphia"
"2001233134","06","67","67301","67301","2001","03","6","1527","15","1","1","1","6","1","","","N","00","0","00","3","0","4","4","3","N","N","","","9999","","9999","","0","","N","","0 ","","","","","","","","","","3","2","0","0","0","0","1","0","0","0","0","4","4","0","0","0","0","0","0","0","0","0","0","0","0","0","0","0","0","0","0","0","0","0","0","4","0","","","","CRASH_2001_Philadelphia"
"2001233255","06","67","67301","67301","2001","04","1","0600","06","5","2","1","7","5","","","N","00","0","00","3","0","2","3","1","N","N","39 58:25.680","75 13:10.920","9999","","9999","","0","","N","","0 ","","","","","","","","","","1","1","0","0","0","0","0","0","0","0","0","1","1","0","1","0","0","0","0","0","0","0","0","0","0","0","0","0","0","0","0","0","0","0","0","4","0","39.9737","-75.2196","","CRASH_2001_Philadelphia"
"2001007188","06","67","67301","67301","2001","05","4","1510","15","1","1","0","1","1","","","N","00","0","00","3","0","1","2","2","N","N","40 01:20.548","75 12:31.514","1520","","1511","","0","","N","","0 ","","","","","","","","","","2","1","0","1","0","0","0","0","0","0","0","1","1","0","0","0","0","0","0","0","1","0","0","0","0","0","0","0","0","0","0","0","0","0","0","4","1","40.0225","-75.2086","","CRASH_2001_Philadelphia"
"2001205998","06","67","67301","67301","2001","01","2","2240","22","3","4","5","4","1","","","N","01","3","00","3","0","1","2","2","N","N","","","9999","","9999","","0","","N","","3 ","","","","","","","","","","2","2","0","0","0","0","0","0","0","0","0","1","1","0","0","0","0","0","0","0","0","0","0","0","0","0","0","0","0","0","0","0","0","0","0","4","0","","","","CRASH_2001_Philadelphia"
"2001213324","06","67","67301","09212","2001","02","4","2130","21","3","1","0","4","1","","","N","02","2","07","3","0","0","3","2","N","N","40 04:27.120","75 02:04.920","9999","","9999","","0","","N","","3 ","","","","","","","","","","2","2","0","0","0","0","0","0","0","0","0","0","0","0","0","0","0","0","0","0","1","0","0","0","0","0","0","0","0","0","0","0","0","0","0","0","0","40.1343","-75.0091","","CRASH_2001_Philadelphia"
"2001238386","06","67","67301","67301","2001","04","6","0248","02","3","1","1","7","9","","","N","01","2","00","3","0","0","1","1","N","N","","","9999","","9999","","0","","N","","3 ","","","","","","","","","","1","0","0","0","0","0","0","1","0","0","0","0","0","0","0","0","0","0","0","0","0","0","0","0","0","0","0","0","0","0","0","0","0","0","0","0","0","","","","CRASH_2001_Philadelphia"
"2001239017","06","67","67301","67301","2001","04","4","2240","22","3","2","1","4","1","","","N","01","3","00","3","0","1","2","2","N","N","40 01:46.089","75 07:08.659","9999","","9999","","0","","N","","3 ","","","","","","","","","","2","1","0","0","0","0","1","0","0","0","0","1","1","0","0","0","0","0","0","0","1","0","0","0","0","0","0","0","0","0","0","0","0","0","0","4","0","40.0295","-75.1191","","CRASH_2001_Philadelphia"
"2001007195","06","67","67301","67301","2001","06","1","1342","13","1","1","1","4","1","","","N","01","0","00","3","0","1","5","2","N","N","40 03:07.895","75 00:29.116","1345","","1342","","0","","N","","0 ","","","","","","","","","","2","2","0","0","0","0","0","0","0","0","0","1","1","0","0","0","0","0","1","0","0","0","0","0","0","0","0","0","0","0","0","0","0","0","0","4","0","40.0523","-75.008","","CRASH_2001_Philadelphia"
"2001204142","06","67","67301","67301","2001","01","6","2000","20","3","1","3","8","1","","","N","00","0","00","3","0","1","3","3","N","N","","","9999","","9999","","0","","N","","0 ","","","","","","","","","","2","2","0","0","0","0","0","0","0","0","0","1","1","0","0","0","0","0","0","0","0","0","0","0","0","0","0","0","0","0","0","0","1","0","0","4","0","","","","CRASH_2001_Philadelphia"
"2001238140","06","67","67301","67301","2001","04","4","1750","17","1","2","1","6","1","","","N","00","0","00","3","0","3","3","2","N","N","40 01:11.280","75 05:44.880","9999","","9999","","0","","N","","0 ","","","","","","","","","","2","2","0","0","0","0","0","0","0","0","0","3","3","0","0","0","0","0","0","0","0","0","0","0","0","0","0","0","0","0","0","0","0","0","0","4","0","40.0202","-75.0953","","CRASH_2001_Philadelphia"
"2001238407","06","67","67301","67301","2001","04","7","1839","18","1","1","0","4","1","","","N","02","2","00","3","0","7","12","2","N","N","39 57:01.439","75 10:21.841","9999","","9999","","0","","N","","3 ","","","","","","","","","","2","1","0","1","0","0","0","0","0","0","0","7","7","0","0","0","0","0","1","0","0","0","0","0","0","0","0","0","0","0","0","0","0","0","0","4","1","39.9504","-75.1727","","CRASH_2001_Philadelphia"
"2001014318","06","67","67301","67301","2001","06","5","1504","15","1","1","0","5","1","2","3","Y","03","0","00","3","0","1","2","2","N","N","39 52:58.080","75 14:43.080","1513","35","1506","2","2","2","N","","0 ","Y","N","","","U","Y","Y","Y","Y","2","1","0","0","0","1","0","0","0","0","0","1","1","0","0","0","0","0","0","0","0","0","0","0","0","0","0","0","0","0","0","0","0","0","0","4","1","39.8828","-75.2453","","CRASH_2001_Philadelphia"
"2001209012","06","67","67301","67301","2001","01","4","1550","15","1","1","1","8","1","","","N","00","0","00","3","0","1","4","2","N","N","40 02:02.760","75 10:59.520","9999","","9999","","0","","N","","0 ","","","","","","","","","","1","1","0","0","0","0","0","0","0","0","0","1","1","0","0","0","0","0","0","0","0","0","0","0","0","0","0","0","0","0","0","0","1","0","0","4","0","40.0342","-75.1831","","CRASH_2001_Philadelphia"
"2001211696","06","67","67301","67301","2001","02","3","0050","00","3","4","5","7","5","","","N","00","0","00","3","0","1","1","1","N","N","","","9999","","9999","","0","","N","","0 ","","","","","","","","","","1","1","0","0","0","0","0","0","0","0","0","0","0","0","1","0","0","0","0","0","0","0","0","0","0","0","0","0","0","0","0","0","0","0","0","9","0","","","","CRASH_2001_Philadelphia"
"2001215423","06","67","67301","67301","2001","04","5","1451","14","1","1","0","7","1","","","N","00","0","00","3","0","1","3","3","N","N","","","9999","","9999","","0","","N","","0 ","","","","","","","","","","3","2","0","0","0","0","1","0","0","0","1","0","1","0","0","0","0","0","0","0","0","1","0","0","0","0","0","0","0","0","0","0","0","0","0","3","0","40.0783","-75.374","","CRASH_2001_Philadelphia"
"2001240270","06","67","67301","67301","2001","04","7","1830","18","3","2","1","1","1","","","N","01","2","00","3","0","2","3","2","N","N","","","9999","","9999","","0","","N","","3 ","","","","","","","","","","2","2","0","0","0","0","0","0","0","0","0","0","0","0","2","0","0","0","0","0","0","0","0","0","0","0","0","0","0","0","0","0","0","0","0","9","0","","","","CRASH_2001_Philadelphia"
"2001248798","06","67","67301","67301","2001","05","5","9999","99","1","1","0","4","1","","","N","02","3","00","3","0","1","3","4","N","N","","","9999","","9999","","0","","N","","3 ","","","","","","","","","","3","2","0","0","0","0","0","0","0","0","1","0","1","0","0","0","0","0","0","1","0","0","0","0","0","0","0","0","0","0","0","0","1","0","0","3","0","","","","CRASH_2001_Philadelphia"
"2001243563","06","67","67301","67301","2001","05","5","0008","00","3","1","0","1","1","","","N","00","0","00","3","0","1","6","4","N","N","40 02:19.680","75 08:40.920","9999","","9999","","0","","N","","0 ","","","","","","","","","","3","2","0","0","1","0","0","0","0","0","1","0","1","0","0","0","0","0","0","1","2","0","0","0","0","0","0","0","0","0","0","0","1","0","0","3","0","40.0388","-75.1447","","CRASH_2001_Philadelphia"
"2001244842","06","67","67301","67301","2001","05","3","1700","17","1","1","0","4","1","","","N","00","0","00","3","0","1","2","2","N","N","40 00:31.320","75 05:24.720","9999","","9999","","0","","N","","0 ","","","","","","","","","","1","0","0","0","0","0","0","1","1","0","0","1","1","0","0","0","0","0","0","1","0","0","0","0","0","0","0","0","0","0","0","0","0","0","0","4","0","40.0086","-75.0902","","CRASH_2001_Philadelphia"