"CRN","DISTRICT","COUNTY","MUNICIPALITY","POLICE_AGCY","CRASH_YEAR","CRASH_MONTH","DAY_OF_WEEK","TIME_OF_DAY","HOUR_OF_DAY","ILLUMINATION","WEATHER","ROAD_CONDITION","COLLISION_TYPE","RELATION_TO_ROAD","WORK_ZONE_TYPE","WORK_ZONE_LOC","WORK_ZONE_IND","INTERSECT_TYPE","TCD_TYPE","LOCATION_TYPE","URBAN_RURAL","FATAL_COUNT","INJURY_COUNT","PERSON_COUNT","TOTAL_UNITS","SCH_BUS_IND","SCH_ZONE_IND","LATITUDE","LONGITUDE","ARRIVAL_TM","CONS_ZONE_SPD_LIM","DISPATCH_TM","EST_HRS_CLOSED","LANE_CLOSED","LN_CLOSE_DIR","NTFY_HIWY_MAINT","SPEC_JURIS_CD","TCD_FUNC_CD","TFC_DETOUR_IND","WORKERS_PRES","WZ_CLOSE_DETOUR","WZ_FLAGGER","WZ_LAW_OFFCR_IND","WZ_LN_CLOSURE","WZ_MOVING","WZ_OTHER","WZ_SHLDER_MDN","VEHICLE_COUNT","AUTOMOBILE_COUNT","MOTORCYCLE_COUNT","BUS_COUNT","SMALL_TRUCK_COUNT","HEAVY_TRUCK_COUNT","SUV_COUNT","VAN_COUNT","BICYCLE_COUNT","MAJ_INJ_COUNT","MOD_INJ_COUNT","MIN_INJ_COUNT","TOT_INJ_COUNT","UNK_INJ_DEG_COUNT","UNK_INJ_PER_COUNT","DRIVER_COUNT_16YR","DRIVER_COUNT_17YR","DRIVER_COUNT_18YR","DRIVER_COUNT_19YR","DRIVER_COUNT_20YR","DRIVER_COUNT_50_64YR","DRIVER_COUNT_65_74YR","DRIVER_COUNT_75PLUS","UNBELTED_OCC_COUNT","UNB_DEATH_COUNT","UNB_MAJ_INJ_COUNT","BELTED_DEATH_COUNT","BELTED_MAJ_INJ_COUNT","MCYCLE_DEATH_COUNT","MCYCLE_MAJ_INJ_COUNT","BICYCLE_DEATH_COUNT","BICYCLE_MAJ_INJ_COUNT","PED_COUNT","PED_DEATH_COUNT","PED_MAJ_INJ_COUNT","MAX_SEVERITY_LEVEL","COMM_VEH_COUNT","DEC_LAT","DEC_LONG","RDWY_SURF_TYPE_CD","COUNTY_YEAR"
"2001215583","06","67","67301","67301","2001","02","7","2250","22","3","1","1","1","1","","","N","01","2","00","3","0","2","2","2","N","N","39 59:07.440","75 08:13.200","9999","","9999","","0","","N","","3 ","","","","","","","","","","2","1","0","0","0","0","0","0","0","0","1","0","1","0","1","0","0","0","0","0","0","0","0","0","0","0","0","0","0","0","0","0","0","0","0","3","0","39.9854","-75.137","","CRASH_2001_Philadelphia"
"2001233060","06","67","67301","67301","2001","04","5","1410","14","1","1","0","1","1","","","N","01","2","00","3","0","2","5","3","N","N","39 58:48.720","75 09:27.000","9999","","9999","","0","","N","","3 ","","","","","","","","","","3","2","0","0","0","0","0","1","0","0","0","0","0","0","2","0","0","0","0","0","1","0","0","0","0","0","0","0","0","0","0","0","0","0","0","9","0","39.9802","-75.1576","","CRASH_2001_Philadelphia"
"2001015116","06","67","67301","67301","2001","06","7","1045","10","1","1","0","4","1","","","N","01","3","00","3","0","2","3","2","N","N","40 03:30.600","75 04:44.040","1100","","1047","","0","","N","","1 ","","","","","","","","","","2","2","0","0","0","0","0","0","0","0","0","2","2","0","0","0","0","0","0","0","0","0","1","0","0","0","0","0","0","0","0","0","0","0","0","4","0","40.0585","-75.0788","","CRASH_2001_Philadelphia"
"2001210704","06","67","67301","67301","2001","02","1","0650","06","5","1","0","4","1","","","N","01","2","00","3","0","0","2","4","N","N","","","9999","","9999","","0","","N","","3 ","","","","","","","","","","4","1","0","0","0","0","1","0","0","0","0","0","0","0","0","0","0","0","0","0","0","0","0","0","0","0","0","0","0","0","0","0","0","0","0","0","0","","","","CRASH_2001_Philadelphia"
"2001223782","06","67","67301","67301","2001","03","2","1330","13","1","1","0","9","1","","","N","01","2","00","3","0","0","1","3","N","N","39 57:19.080","75 09:46.080","9999","","9999","","0","","N","","3 ","","","","","","","","","","3","1","0","0","0","0","0","0","0","0","0","0","0","0","0","0","0","0","0","0","1","0","0","0","0","0","0","0","0","0","0","0","0","0","0","0","0","39.9553","-75.1628","","CRASH_2001_Philadelphia"
"2001240218","06","67","67301","67301","2001","04","7","1832","18","1","1","1","8","1","","","N","02","0","00","3","0","1","2","2","N","N","40 02:15.000","75 02:20.040","9999","","9999","","0","","N","","0 ","","","","","","","","","","1","0","0","0","1","0","0","0","0","0","0","1","1","0","0","0","0","0","0","0","0","0","0","1","0","0","0","0","0","0","0","0","1","0","0","4","0","40.0375","-75.0389","","CRASH_2001_Philadelphia"
"2001266375","06","67","67301","67301","2001","07","1","1526","15","1","1","0","4","1","","","N","01","3","00","3","0","1","2","2","N","N","","","9999","","9999","","0","","N","","3 ","","","","","","","","","","2","1","0","1","0","0","0","0","0","0","1","0","1","0","0","1","0","0","0","0","0","0","0","0","0","0","0","0","0","0","0","0","0","0","0","3","1","","","","CRASH_2001_Philadelphia"
"2001243459","06","67","67301","67301","2001","05","3","1945","19","3","1","0","3","1","","","N","00","0","00","3","0","1","2","2","N","N","","","9999","","9999","","0","","N","","0 ","","","","","","","","","","1","1","0","0","0","0","0","0","1","0","0","1","1","0","0","0","0","0","0","0","0","0","0","0","0","0","0","0","0","0","0","0","0","0","0","4","0","","","","CRASH_2001_Philadelphia"
"2001204618","06","67","67301","67301","2001","01","3","0039","00","3","1","1","7","1","","","N","00","0","02","3","0","1","2","1","N","N","40 01:24.960","75 01:54.120","9999","","9999","","0","","N","","0 ","","","","","","","","","","1","1","0","0","0","0","0","0","0","1","0","0","1","0","0","0","0","0","0","0","0","0","0","1","0","0","0","1","0","0","0","0","0","0","0","2","0","40.0234","-75.033","","CRASH_2001_Philadelphia"
"2001209095","06","67","67301","67301","2001","02","2","1458","14","1","3","3","1","1","","","N","01","2","00","3","0","1","2","2","N","N","","","9999","","9999","","0","","N","","3 ","","","","","","","","","","2","2","0","0","0","0","0","0","0","0","0","1","1","0","0","0","0","0","0","1","0","0","0","0","0","0","0","0","0","0","0","0","0","0","0","4","0","","","","CRASH_2001_Philadelphia"
"2001211706","06","67","67301","67301","2001","02","5","1430","14","1","1","0","4","1","","","N","01","2","00","3","0","0","3","2","N","N","40 00:36.720","75 07:17.040","9999","","9999","","0","","N","","3 ","","","","","","","","","","2","2","0","0","0","0","0","0","0","0","0","0","0","0","0","0","0","0","0","1","0","0","0","2","0","0","0","0","0","0","0","0","0","0","0","0","0","40.0102","-75.1214","","CRASH_2001_Philadelphia"
"2001213195","06","67","67301","67301","2001","01","4","0830","08","1","1","0","4","1","","","N","01","2","00","3","0","1","3","2","N","N","","","9999","","9999","","0","","N","","3 ","","","","","","","","","","2","0","0","1","1","0","0","0","0","0","0","1","1","0","0","0","0","0","0","0","1","0","0","0","0","0","0","0","0","0","0","0","0","0","0","4","1","","","","CRASH_2001_Philadelphia"
"2001223878","06","67","67301","67301","2001","03","1","2350","23","3","3","2","7","5","","","N","02","3","00","3","0","1","1","1","N","N","39 56:31.920","75 14:19.320","9999","","9999","","0","","N","","3 ","","","","","","","","","","1","1","0","0","0","0","0","0","0","0","0","0","0","0","1","0","0","0","0","0","0","0","0","0","0","0","0","0","0","0","0","0","0","0","0","9","0","39.9421","-75.2387","","CRASH_2001_Philadelphia"
"2001239111","06","67","67301","67301","2001","04","5","1415","14","1","1","0","5","1","","","N","01","2","00","3","0","1","2","2","N","N","","","9999","","9999","","0","","N","","3 ","","","","","","","","","","2","1","0","0","0","0","1","0","0","0","0","1","1","0","0","0","0","0","0","0","0","0","0","1","0","0","0","0","0","0","0","0","0","0","0","4","0","","","","CRASH_2001_Philadelphia"
"2001204503","06","67","67301","67301","2001","01","5","0435","04","3","1","0","4","1","","","N","01","2","00","3","0","1","5","2","N","N","40 02:44.880","74 59:40.920","9999","","9999","","0","","N","","3 ","","","","","","","","","","2","1","0","0","1","0","0","0","0","0","0","0","0","0","1","0","0","0","0","0","0","0","0","0","0","0","0","0","0","0","0","0","0","0","0","9","0","40.0458","-74.9947","","CRASH_2001_Philadelphia"
"2001204554","06","67","67301","67301","2001","01","7","2319","23","3","1","0","1","1","","","N","00","0","00","3","0","2","3","3","N","N","40 01:12.720","75 09:01.080","9999","","9999","","0","","N","","0 ","","","","","","","","","","3","2","0","0","0","0","0","0","0","0","0","2","2","0","0","0","0","0","0","0","1","0","0","0","0","0","0","0","0","0","0","0","0","0","0","4","0","40.02","-75.1502","","CRASH_2001_Philadelphia"
"2001213139","06","67","67301","67301","2001","02","6","0640","06","5","2","1","1","1","","","N","02","3","00","3","0","1","2","2","N","N","","","9999","","9999","","0","","N","","3 ","","","","","","","","","","2","2","0","0","0","0","0","0","0","0","0","0","0","0","1","0","0","0","0","0","0","0","0","0","0","0","0","0","0","0","0","0","0","0","0","9","0","","","","CRASH_2001_Philadelphia"
"2001216861","06","67","67301","67301","2001","03","3","1950","19","3","1","0","1","1","","","N","00","0","00","3","0","1","3","2","N","N","40 03:31.320","75 05:06.360","9999","","9999","","0","","N","","0 ","","","","","","","","","","2","2","0","0","0","0","0","0","0","0","0","1","1","0","0","0","0","0","0","0","0","0","0","0","0","0","0","0","0","0","0","0","0","0","0","4","0","40.0587","-75.0851","","CRASH_2001_Philadelphia"
"2001019627","06","67","67301","67301","2001","06","1","1715","17","1","1","0","5","1","","","N","00","2","00","3","0","1","2","2","N","N","40 04:11.280","75 03:01.440","1721","","1721","","0","","N","","2 ","","","","","","","","","","1","0","0","0","1","0","0","0","1","0","0","1","1","0","0","0","0","0","0","0","0","0","0","0","0","0","0","0","0","0","0","0","0","0","0","4","0","40.0696","-75.0505","","CRASH_2001_Philadelphia"
"2001207665","06","67","67301","67301","2001","01","6","2000","20","3","2","1","4","1","","","N","05","1","00","3","0","0","2","2","N","N","39 57:42.480","75 09:27.000","9999","","9999","","0","","N","","3 ","","","","","","","","","","2","1","0","0","0","0","0","1","0","0","0","0","0","0","0","0","0","0","0","0","2","0","0","0","0","0","0","0","0","0","0","0","0","0","0","0","0","39.9617","-75.1575","","CRASH_2001_Philadelphia"
"2001210763","06","67","67301","67301","2001","02","6","1753","17","3","1","0","4","1","","","N","01","3","00","3","0","2","3","2","N","N","","","9999","","9999","","0","","N","","3 ","","","","","","","","","","2","2","0","0","0","0","0","0","0","0","0","1","1","0","1","0","0","0","0","0","0","0","0","0","0","0","0","0","0","0","0","0","0","0","0","4","0","","","","CRASH_2001_Philadelphia"
"2001211388","06","67","67301","67301","2001","02","4","1830","18","3","2","1","4","1","","","N","01","2","00","3","0","2","2","2","N","N","39 55:26.760","75 10:03.360","9999","","9999","","0","","N","","3 ","","","","","","","","","","2","0","0","0","1","0","0","1","0","0","0","2","2","0","0","0","0","0","0","0","0","0","0","0","0","0","0","0","0","0","0","0","0","0","0","4","0","39.9241","-75.1675","","CRASH_2001_Philadelphia"
"2001231654","06","67","67301","67301","2001","03","6","0055","00","3","1","1","1","1","","","N","00","0","00","3","0","4","4","2","N","N","39 58:07.680","75 08:11.040","9999","","9999","","0","","N","","0 ","","","","","","","","","","2","2","0","0","0","0","0","0","0","0","0","1","1","0","3","0","0","0","0","0","0","0","0","0","0","0","0","0","0","0","0","0","0","0","0","4","0","39.969","-75.1364","","CRASH_2001_Philadelphia"
"2001238907","06","67","67301","67301","2001","04","1","1546","15","1","1","0","1","1","","","N","00","0","00","3","0","0","3","2","N","N","39 55:13.800","75 11:26.880","9999","","9999","","0","","N","","0 ","","","","","","","","","","2","2","0","0","0","0","0","0","0","0","0","0","0","0","0","0","0","0","0","0","0","0","0","0","0","0","0","0","0","0","0","0","0","0","0","0","0","39.9204","-75.1907","","CRASH_2001_Philadelphia"
"2001204585","06","67","67301","67301","2001","01","6","1320","13","1","4","1","4","1","","","N","00","0","07","3","0","0","2","2","N","N","","","9999","","9999","","0","","N","","0 ","","","","","","","","","","2","2","0","0","0","0","0","0","0","0","0","0","0","0","0","0","0","0","0","0","1","0","0","0","0","0","0","0","0","0","0","0","0","0","0","0","0","","","","CRASH_2001_Philadelphia"
"2001207467","06","67","67301","67301","2001","01","2","1000","10","1","3","5","1","1","","","N","00","0","00","3","0","0","2","3","N","N","","","9999","","9999","","0","","N","","0 ","","","","","","","","","","3","2","0","0","0","0","0","0","0","0","0","0","0","0","0","0","0","0","0","0","0","0","2","0","0","0","0","0","0","0","0","0","0","0","0","0","0","","","","CRASH_2001_Philadelphia"
"2001240155","06","67","67301","67301","2001","04","1","1410","14","1","1","0","7","1","","","N","00","0","00","3","0","1","1","1","N","N","","","9999","","9999","","0","","N","","0 ","","","","","","","","","","1","0","1","0","0","0","0","0","0","1","0","0","1","0","0","0","0","0","0","0","0","0","0","0","0","0","0","0","0","1","0","0","0","0","0","2","0","","","","CRASH_2001_Philadelphia"
"2001240159","06","67","67301","67301","2001","04","6","0725","07","1","1","0","1","1","","","N","00","0","00","3","0","5","6","3","N","N","39 56:44.880","75 14:24.000","9999","","9999","","0","","N","","0 ","","","","","","","","","","3","3","0","0","0","0","0","0","0","0","0","5","5","0","0","0","0","0","0","0","0","0","0","0","0","0","0","0","0","0","0","0","0","0","0","4","0","39.9458","-75.2402","","CRASH_2001_Philadelphia"
"2001204522","06","67","67301","67301","2001","01","4","2245","22","3","1","3","4","1","","","N","01","3","00","3","0","1","2","2","N","N","39 57:30.600","75 08:55.680","9999","","9999","","0","","N","","3 ","","","","","","","","","","2","2","0","0","0","0","0","0","0","0","0","1","1","0","0","0","0","0","0","1","0","0","0","0","0","0","0","0","0","0","0","0","0","0","0","4","0","39.9585","-75.1488","","CRASH_2001_Philadelphia"
"2001207442","06","67","67301","67301","2001","01","7","1247","12","1","2","1","4","1","","","N","01","2","00","3","0","1","4","2","N","N","39 57:21.600","75 13:03.360","9999","","9999","","0","","N","","3 ","","","","","","","","","","2","1","0","0","0","0","0","1","0","0","0","1","1","0","0","0","0","0","0","0","0","0","0","0","0","0","0","0","0","0","0","0","0","0","0","4","0","39.956","-75.2176","","CRASH_2001_Philadelphia"
"2001236844","06","67","67301","67301","2001","04","6","1245","12","1","1","0","7","5","","","N","01","2","00","3","0","0","1","1","N","N","39 58:13.080","75 14:42.360","9999","","9999","","0","","N","","3 ","","","","","","","","","","1","1","0","0","0","0","0","0","0","0","0","0","0","0","0","0","0","0","0","0","0","0","0","1","0","0","0","0","0","0","0","0","0","0","0","0","0","39.9704","-75.2451","","CRASH_2001_Philadelphia"
"2001238082","06","67","67301","67301","2001","04","4","1620","16","1","2","1","8","1","","","N","00","0","00","3","0","1","2","2","N","N","","","9999","","9999","","0","","N","","0 ","","","","","","","","","","1","0","0","0","0","0","0","0","0","0","0","1","1","0","0","0","0","0","0","0","0","0","0","0","0","0","0","0","0","0","0","0","1","0","0","4","0","","","","CRASH_2001_Philadelphia"
"2001207405","06","67","67301","67301","2001","01","6","1700","17","4","1","0","8","1","","","N","02","0","00","3","0","1","2","2","N","N","40 04:33.240","75 04:51.240","9999","","9999","","0","","N","","0 ","","","","","","","","","","1","0","0","0","0","0","0","0","0","0","1","0","1","0","0","0","0","0","0","0","0","0","0","0","0","0","0","0","0","0","0","0","1","0","0","3","0","40.0759","-75.0809","","CRASH_2001_Philadelphia"
"2001238111","06","67","67301","67301","2001","04","6","2350","23","3","1","0","9","1","","","N","00","0","00","3","0","1","3","2","N","N","39 57:19.080","75 09:46.800","9999","","9999","","0","","N","","0 ","","","","","","","","","","2","0","0","0","1","0","0","0","0","0","0","1","1","0","0","0","0","0","0","0","0","0","0","0","0","0","0","0","0","0","0","0","0","0","0","4","0","39.9554","-75.163","","CRASH_2001_Philadelphia"
"2001238910","06","67","67301","67301","2001","04","4","0125","01","3","2","1","4","1","","","N","01","2","00","3","0","0","3","4","N","N","39 57:23.400","75 12:30.600","9999","","9999","","0","","N","","3 ","","","","","","","","","","4","1","0","0","1","0","1","0","0","0","0","0","0","0","0","0","0","0","0","0","1","0","0","3","0","0","0","0","0","0","0","0","0","0","0","0","0","39.9564","-75.2084","","CRASH_2001_Philadelphia"
"2001007435","06","67","67301","67301","2001","05","4","1530","15","1","1","0","5","1","","","N","06","4","02","3","0","1","3","3","N","N","40 01:14.160","75 09:15.480","1733","","1731","1","1","2","N","","3 ","N","","","","","","","","","3","3","0","0","0","0","0","0","0","0","0","1","1","0","0","0","0","0","0","0","0","0","1","0","0","0","0","0","0","0","0","0","0","0","0","4","0","40.0205","-75.1543","","CRASH_2001_Philadelphia"
"2001206004","06","67","67301","67301","2001","01","6","0000","00","3","1","0","7","2","","","N","00","0","00","3","0","0","1","1","N","N","40 01:45.840","75 01:20.640","9999","","9999","","0","","N","","0 ","","","","","","","","","","1","0","0","0","0","0","0","1","0","0","0","0","0","0","0","0","0","0","0","0","0","0","0","0","0","0","0","0","0","0","0","0","0","0","0","0","0","40.0291","-75.0225","","CRASH_2001_Philadelphia"
"2001208918","06","67","67301","67301","2001","01","4","0000","00","3","1","0","7","5","","","N","01","0","00","3","0","1","1","1","N","N","40 02:26.520","75 01:48.000","9999","","9999","","0","","N","","0 ","","","","","","","","","","1","0","0","0","0","0","1","0","0","0","0","1","1","0","0","0","0","0","0","0","0","1","0","1","0","0","0","0","0","0","0","0","0","0","0","4","0","40.0407","-75.03","","CRASH_2001_Philadelphia"
"2001214293","06","67","67301","67301","2001","02","5","2015","20","3","4","3","1","1","","","N","00","0","00","3","0","0","2","2","N","N","40 01:24.600","75 02:02.040","9999","","9999","","0","","N","","0 ","","","","","","","","","","2","1","0","0","0","0","0","0","0","0","0","0","0","0","0","0","0","0","0","0","0","0","0","0","0","0","0","0","0","0","0","0","0","0","0","0","0","40.0236","-75.0337","","CRASH_2001_Philadelphia"
"2001231172","06","67","67301","67301","2001","03","4","1540","15","1","2","1","2","1","","","N","00","0","00","3","0","1","12","2","N","N","40 02:54.600","74 59:51.360","9999","","9999","","0","","N","","0 ","","","","","","","","","","2","0","0","0","0","0","0","1","0","0","0","0","0","0","1","0","0","0","0","0","0","0","0","0","0","0","0","0","0","0","0","0","0","0","0","9","0","40.0488","-74.9981","","CRASH_2001_Philadelphia"
"2001233478","06","67","67301","67301","2001","03","3","1340","13","1","1","0","4","1","","","N","01","2","00","3","0","1","3","2","N","N","40 03:22.935","75 09:09.367","9999","","9999","","0","","N","","3 ","","","","","","","","","","2","1","0","0","0","0","1","0","0","0","0","1","1","0","0","0","0","0","0","1","0","0","0","0","0","0","0","0","0","0","0","0","0","0","0","4","0","40.0564","-75.1526","","CRASH_2001_Philadelphia"
"2001240148","06","67","67301","67301","2001","04","4","1525","15","1","1","0","4","1","","","N","05","2","00","3","0","3","7","2","N","N","40 01:45.480","75 03:45.720","9999","","9999","","0","","N","","3 ","","","","","","","","","","2","2","0","0","0","0","0","0","0","0","0","3","3","0","0","0","0","1","0","1","0","0","0","0","0","0","0","0","0","0","0","0","0","0","0","4","0","40.0294","-75.0627","","CRASH_2001_Philadelphia"
"2001244921","06","67","67301","67301","2001","05","5","0832","08","1","1","0","8","1","","","N","00","0","00","3","0","1","2","2","N","N","","","9999","","9999","","0","","N","","0 ","","","","","","","","","","1","1","0","0","0","0","0","0","0","0","1","0","1","0","0","0","0","0","0","0","1","0","0","0","0","0","0","0","0","0","0","0","1","0","0","3","0","","","","CRASH_2001_Philadelphia"
"2001248460","06","67","67301","67301","2001","05","6","1526","15","1","1","0","1","1","","","N","01","2","00","3","0","1","4","2","N","N","40 03:07.920","75 04:04.080","9999","","9999","","0","","N","","3 ","","","","","","","","","","2","2","0","0","0","0","0","0","0","0","0","1","1","0","0","0","0","1","0","0","0","0","0","0","0","0","0","0","0","0","0","0","0","0","0","4","0","40.0521","-75.0678","","CRASH_2001_Philadelphia"
"2001204695","06","67","67301","67301","2001","01","7","0052","00","3","1","0","4","1","","","N","01","2","00","3","0","5","5","2","N","N","39 57:38.160","75 08:28.320","9999","","9999","","0","","N","","3 ","","","","","","","","","","2","1","0","1","0","0","0","0","0","0","0","5","5","0","0","0","0","0","0","0","0","0","0","1","0","0","0","0","0","0","0","0","0","0","0","4","1","39.9606","-75.1412","","CRASH_2001_Philadelphia"
"2001210724","06","67","67301","67301","2001","02","2","0651","06","3","1","0","1","1","","","N","00","0","00","3","0","2","3","3","N","N","","","9999","","9999","","0","","N","","0 ","","","","","","","","","","3","3","0","0","0","0","0","0","0","0","0","0","0","0","2","0","0","0","0","0","0","0","0","0","0","0","0","0","0","0","0","0","0","0","0","9","0","","","","CRASH_2001_Philadelphia"
"2001214259","06","67","67301","67301","2001","03","5","2232","22","3","1","0","7","1","","","N","00","0","01","3","0","0","1","1","N","N","40 01:13.080","75 04:49.800","9999","","9999","","0","","N","","0 ","","","","","","","","","","1","1","0","0","0","0","0","0","0","0","0","0","0","0","0","0","0","0","0","0","0","0","0","1","0","0","0","0","0","0","0","0","0","0","0","0","0","40.0202","-75.0804","","CRASH_2001_Philadelphia"
"2001215689","06","67","67301","67301","2001","03","5","0730","07","1","1","0","4","1","","","N","02","3","00","3","0","1","2","2","N","N","40 04:03.000","75 14:24.360","9999","","9999","","0","","N","","3 ","","","","","","","","","","2","2","0","0","0","0","0","0","0","0","0","1","1","0","0","0","0","0","0","0","0","0","0","0","0","0","0","0","0","0","0","0","0","0","0","4","0","40.0679","-75.2402","","CRASH_2001_Philadelphia"
"2001223791","06","67","67301","67301","2001","03","6","1232","12","1","1","0","8","1","","","N","01","3","00","3","0","2","2","2","N","N","39 54:54.360","75 09:30.960","9999","","9999","","0","","N","","3 ","","","","","","","","","","1","0","0","0","0","0","0","0","0","0","0","1","1","0","1","0","0","0","0","0","0","0","0","0","0","0","0","0","0","0","0","0","1","0","0","4","0","39.9151","-75.1586","","CRASH_2001_Philadelphia"
"2001240952","06","67","67301","67301","2001","04","7","1240","12","1","1","0","1","1","","","N","00","0","00","3","0","3","4","2","N","N","","","9999","","9999","","0","","N","","0 ","","","","","","","","","","2","1","0","1","0","0","0","0","0","0","0","3","3","0","0","0","0","0","0","0","0","0","0","0","0","0","0","0","0","0","0","0","0","0","0","4","1","40.0117","-75.2107","","CRASH_2001_Philadelphia"
"2001008661","06","67","67301","67301","2001","05","1","1900","19","4","1","0","4","1","","","N","01","2","00","3","0","0","2","2","N","N","39 58:53.789","75 07:01.949","0019","","1933","","0","","N","","3 ","","","","","","","","","","2","2","0","0","0","0","0","0","0","0","0","0","0","0","0","0","0","0","0","0","0","0","0","0","0","0","0","0","0","0","0","0","0","0","0","0","0","39.9815","-75.1173","","CRASH_2001_Philadelphia"
"2001007256","06","67","67301","67301","2001","05","3","0709","07","1","1","0","1","1","","","N","00","0","00","3","0","1","2","2","N","N","40 06:25.560","74 59:44.520","0715","","0709","2","1","3","N","","0 ","N","","","","","","","","","2","2","0","0","0","0","0","0","0","0","0","1","1","0","0","0","0","0","0","0","2","0","0","0","0","0","0","0","0","0","0","0","0","0","0","4","0","40.0759","-74.9644","","CRASH_2001_Philadelphia"
"2001207856","06","67","67301","67301","2001","01","6","0155","01","3","1","0","4","1","","","N","01","2","00","3","0","1","4","2","N","N","39 57:16.920","75 08:58.560","9999","","9999","","0","","N","","3 ","","","","","","","","","","2","2","0","0","0","0","0","0","0","0","0","1","1","0","0","0","0","0","0","0","0","0","0","3","0","0","0","0","0","0","0","0","0","0","0","4","0","39.9547","-75.1495","","CRASH_2001_Philadelphia"
"2001209027","06","67","67301","67301","2001","01","6","1830","18","3","1","0","1","1","","","N","00","0","00","3","0","0","3","2","N","N","39 56:52.080","75 13:45.480","9999","","9999","","0","","N","","0 ","","","","","","","","","","2","1","0","0","0","0","1","0","0","0","0","0","0","0","0","0","0","0","0","0","1","0","0","0","0","0","0","0","0","0","0","0","0","0","0","0","0","39.9478","-75.2293","","CRASH_2001_Philadelphia"
"2001210784","06","67","67301","67301","2001","02","4","1530","15","1","9","9","4","1","","","N","01","9","00","3","0","0","2","2","N","N","","","9999","","9999","","0","","N","","9 ","","","","","","","","","","2","1","0","0","0","0","0","1","0","0","0","0","0","0","0","0","0","0","0","0","0","0","0","0","0","0","0","0","0","0","0","0","0","0","0","0","0","","","","CRASH_2001_Philadelphia"
"2001211720","06","67","67301","67301","2001","02","4","1800","18","1","1","0","1","1","","","N","00","0","00","3","0","1","2","2","N","N","","","9999","","9999","","0","","N","","0 ","","","","","","","","","","2","1","0","0","0","0","0","0","0","0","0","0","0","0","1","0","0","0","0","0","0","0","0","0","0","0","0","0","0","0","0","0","0","0","0","9","0","","","","CRASH_2001_Philadelphia"
"2001233426","06","67","67301","67301","2001","03","4","2000","20","3","1","0","8","1","","","N","00","0","00","3","0","2","2","2","N","N","","","9999","","9999","","0","","N","","0 ","","","","","","","","","","1","1","0","0","0","0","0","0","0","0","0","0","0","0","2","0","0","0","0","0","1","0","0","0","0","0","0","0","0","0","0","0","1","0","0","9","0","","","","CRASH_2001_Philadelphia"
"2001239053","06","67","67301","67301","2001","04","1","2100","21","3","1","0","4","1","","","N","00","0","07","3","0","1","3","2","N","N","40 00:33.840","75 09:06.480","9999","","9999","","0","","N","","0 ","","","","","","","","","","2","1","0","0","0","0","1","0","0","0","0","1","1","0","0","0","0","0","0","1","0","0","0","0","0","0","0","0","0","0","0","0","0","0","0","4","0","40.0093","-75.1518","","CRASH_2001_Philadelphia"
"2001240298","06","67","67301","67301","2001","04","1","1157","11","1","1","0","1","1","","","N","00","0","00","3","0","0","3","2","N","N","39 58:01.920","75 11:18.960","9999","","9999","","0","","N","","0 ","","","","","","","","","","2","2","0","0","0","0","0","0","0","0","0","0","0","0","0","0","0","0","0","0","0","0","1","0","0","0","0","0","0","0","0","0","0","0","0","0","0","39.9672","-75.1886","","CRASH_2001_Philadelphia"
"2001209302","06","67","67301","67301","2001","01","5","1823","18","3","1","0","4","1","","","N","01","2","00","3","0","1","2","2","N","N","40 03:19.800","75 05:08.880","9999","","9999","","0","","N","","3 ","","","","","","","","","","2","2","0","0","0","0","0","0","0","0","0","1","1","0","0","0","0","0","0","0","1","0","0","0","0","0","0","0","0","0","0","0","0","0","0","4","0","40.0555","-75.0858","","CRASH_2001_Philadelphia"
"2001210742","06","67","67301","67301","2001","02","5","2245","22","3","1","0","1","1","","","N","00","0","00","3","0","1","2","3","N","N","","","9999","","9999","","0","","N","","0 ","","","","","","","","","","3","2","0","0","0","0","0","0","0","0","0","1","1","0","0","0","0","0","0","0","0","0","0","0","0","0","0","0","0","0","0","0","0","0","0","4","0","","","","CRASH_2001_Philadelphia"
"2001214343","06","67","67301","67301","2001","02","4","1545","15","1","2","1","7","1","","","N","00","0","00","3","0","1","1","1","N","N","","","9999","","9999","","0","","N","","0 ","","","","","","","","","","1","1","0","0","0","0","0","0","0","0","0","1","1","0","0","0","0","0","0","0","0","1","0","0","0","0","0","0","0","0","0","0","0","0","0","4","0","","","","CRASH_2001_Philadelphia"
"2001238971","06","67","67301","67301","2001","04","6","0100","01","3","1","0","7","5","","","N","00","0","00","3","0","1","1","1","N","N","40 07:37.560","75 00:51.120","9999","","9999","","0","","N","","0 ","","","","","","","","","","1","1","0","0","0","0","0","0","0","0","0","1","1","0","0","0","0","0","0","0","0","0","0","0","0","0","0","0","0","0","0","0","0","0","0","4","0","40.1271","-75.0141","","CRASH_2001_Philadelphia"
"2001239131","06","67","67301","67301","2001","04","4","1730","17","1","1","0","4","1","","","N","01","3","00","3","0","1","2","2","N","N","39 58:58.360","75 10:40.731","9999","","9999","","0","","N","","3 ","","","","","","","","","","2","0","0","0","0","0","1","0","0","0","0","1","1","0","0","0","0","0","0","1","0","0","0","0","0","0","0","0","0","0","0","0","0","0","0","4","0","39.9829","-75.178","","CRASH_2001_Philadelphia"