"CRN","DISTRICT","COUNTY","MUNICIPALITY","POLICE_AGCY","CRASH_YEAR","CRASH_MONTH","DAY_OF_WEEK","TIME_OF_DAY","HOUR_OF_DAY","ILLUMINATION","WEATHER","ROAD_CONDITION","COLLISION_TYPE","RELATION_TO_ROAD","WORK_ZONE_TYPE","WORK_ZONE_LOC","WORK_ZONE_IND","INTERSECT_TYPE","TCD_TYPE","LOCATION_TYPE","URBAN_RURAL","FATAL_COUNT","INJURY_COUNT","PERSON_COUNT","TOTAL_UNITS","SCH_BUS_IND","SCH_ZONE_IND","LATITUDE","LONGITUDE","ARRIVAL_TM","CONS_ZONE_SPD_LIM","DISPATCH_TM","EST_HRS_CLOSED","LANE_CLOSED","LN_CLOSE_DIR","NTFY_HIWY_MAINT","SPEC_JURIS_CD","TCD_FUNC_CD","TFC_DETOUR_IND","WORKERS_PRES","WZ_CLOSE_DETOUR","WZ_FLAGGER","WZ_LAW_OFFCR_IND","WZ_LN_CLOSURE","WZ_MOVING","WZ_OTHER","WZ_SHLDER_MDN","VEHICLE_COUNT","AUTOMOBILE_COUNT","MOTORCYCLE_COUNT","BUS_COUNT","SMALL_TRUCK_COUNT","HEAVY_TRUCK_COUNT","SUV_COUNT","VAN_COUNT","BICYCLE_COUNT","MAJ_INJ_COUNT","MOD_INJ_COUNT","MIN_INJ_COUNT","TOT_INJ_COUNT","UNK_INJ_DEG_COUNT","UNK_INJ_PER_COUNT","DRIVER_COUNT_16YR","DRIVER_COUNT_17YR","DRIVER_COUNT_18YR","DRIVER_COUNT_19YR","DRIVER_COUNT_20YR","DRIVER_COUNT_50_64YR","DRIVER_COUNT_65_74YR","DRIVER_COUNT_75PLUS","UNBELTED_OCC_COUNT","UNB_DEATH_COUNT","UNB_MAJ_INJ_COUNT","BELTED_DEATH_COUNT","BELTED_MAJ_INJ_COUNT","MCYCLE_DEATH_COUNT","MCYCLE_MAJ_INJ_COUNT","BICYCLE_DEATH_COUNT","BICYCLE_MAJ_INJ_COUNT","PED_COUNT","PED_DEATH_COUNT","PED_MAJ_INJ_COUNT","MAX_SEVERITY_LEVEL","COMM_VEH_COUNT","DEC_LAT","DEC_LONG","RDWY_SURF_TYPE_CD","COUNTY_YEAR"
"2001240240","06","67","67301","67301","2001","04","2","0935","09","1","1","0","1","1","","","N","00","0","00","3","0","2","4","3","N","N","39 57:27.720","75 09:38.520","9999","","9999","","0","","N","","0 ","","","","","","","","","","3","2","0","0","0","0","1","0","0","0","0","0","0","0","2","0","0","0","0","0","0","1","0","0","0","0","0","0","0","0","0","0","0","0","0","9","0","39.9577","-75.1608","","CRASH_2001_Philadelphia"
"2001254813","06","67","67301","67301","2001","06","6","1120","11","1","1","0","8","1","","","N","02","2","00","3","0","1","2","2","N","N","40 01:58.080","75 12:52.200","9999","","9999","","0","","N","","3 ","","","","","","","","","","1","1","0","0","0","0","0","0","0","0","0","1","1","0","0","0","1","0","0","0","0","0","0","0","0","0","0","0","0","0","0","0","1","0","0","4","0","40.0328","-75.2145","","CRASH_2001_Philadelphia"
"2001288181","06","67","67301","","2001","06","1","1900","19","1","1","9","8","1","","","N","00","0","00","3","0","1","2","2","N","N","","","9999","","9999","","0","","N","","0 ","","","","","","","","","","1","1","0","0","0","0","0","0","0","0","0","1","1","0","0","0","0","0","0","0","0","0","0","0","0","0","0","0","0","0","0","0","1","0","0","4","0","","","","CRASH_2001_Philadelphia"
"2001204122","06","67","67301","67301","2001","01","4","1530","15","1","1","0","8","1","","","N","01","2","00","3","0","1","2","2","N","N","40 02:23.640","75 08:40.200","9999","","9999","","0","","N","","3 ","","","","","","","","","","1","1","0","0","0","0","0","0","0","0","0","1","1","0","0","0","0","0","0","0","0","0","0","0","0","0","0","0","0","0","0","0","1","0","0","4","0","40.0398","-75.1445","","CRASH_2001_Philadelphia"
"2001204546","06","67","67301","67301","2001","01","3","1655","16","1","1","1","4","1","","","N","01","0","00","3","0","3","3","2","N","N","39 58:44.760","75 13:01.920","9999","","9999","","0","","N","","0 ","","","","","","","","","","2","2","0","0","0","0","0","0","0","0","0","2","2","0","1","0","0","0","0","0","0","0","1","0","0","0","0","0","0","0","0","0","0","0","0","4","0","39.9791","-75.2172","","CRASH_2001_Philadelphia"
"2001204624","06","67","67301","67301","2001","01","6","2336","23","3","1","0","4","1","","","N","01","2","00","3","0","0","2","2","N","N","40 02:39.480","75 03:15.120","9999","","9999","","0","","N","","3 ","","","","","","","","","","2","2","0","0","0","0","0","0","0","0","0","0","0","0","0","0","0","0","0","0","0","0","1","0","0","0","0","0","0","0","0","0","0","0","0","0","0","40.0444","-75.0541","","CRASH_2001_Philadelphia"
"2001204656","06","67","67301","67301","2001","01","2","1740","17","3","2","1","8","1","","","N","01","2","00","3","0","1","2","2","N","N","40 01:48.720","75 02:06.720","9999","","9999","","0","","N","","3 ","","","","","","","","","","1","1","0","0","0","0","0","0","0","0","1","0","1","0","0","0","0","0","0","0","0","0","0","0","0","0","0","0","0","0","0","0","1","0","0","3","0","40.0301","-75.0352","","CRASH_2001_Philadelphia"
"2001207575","06","67","67301","67301","2001","01","3","1219","12","1","1","0","4","1","","","N","00","0","07","3","0","1","3","2","N","N","39 59:09.960","75 09:22.320","9999","","9999","","0","","N","","0 ","","","","","","","","","","2","2","0","0","0","0","0","0","0","0","0","1","1","0","0","0","0","0","0","0","0","0","0","0","0","0","0","0","0","0","0","0","0","0","0","4","0","39.9861","-75.1562","","CRASH_2001_Philadelphia"
"2001233306","06","67","67301","67301","2001","03","2","1545","15","1","1","0","8","1","","","N","00","0","00","3","0","2","2","2","N","N","","","9999","","9999","","0","","N","","0 ","","","","","","","","","","1","1","0","0","0","0","0","0","0","0","0","1","1","0","1","0","0","0","0","0","0","0","0","0","0","0","0","0","0","0","0","0","1","0","0","4","0","","","","CRASH_2001_Philadelphia"
"2001008737","06","67","67301","67301","2001","05","6","1958","19","4","1","0","4","1","","","N","02","0","00","3","0","1","3","2","N","N","","","2002","","1958","","0","","N","","0 ","","","","","","","","","","2","2","0","0","0","0","0","0","0","0","0","1","1","0","0","1","0","0","0","0","0","0","0","0","0","0","0","0","0","0","0","0","0","0","0","4","0","","","","CRASH_2001_Philadelphia"
"2001206215","06","67","67301","67301","2001","01","6","0733","07","1","2","1","1","1","","","N","00","0","02","3","0","1","5","3","N","N","39 55:19.200","75 11:26.880","9999","","9999","","0","","N","","0 ","","","","","","","","","","3","3","0","0","0","0","0","0","0","0","0","1","1","0","0","0","0","0","0","0","0","0","0","0","0","0","0","0","0","0","0","0","0","0","0","4","0","39.9245","-75.193","","CRASH_2001_Philadelphia"
"2001207482","06","67","67301","67301","2001","01","6","1330","13","1","2","1","6","1","","","N","06","0","02","3","0","0","2","2","N","N","39 59:58.920","75 05:05.280","9999","","9999","","0","","N","","0 ","","","","","","","","","","2","1","0","0","0","0","0","0","0","0","0","0","0","0","0","0","0","0","0","0","0","0","0","0","0","0","0","0","0","0","0","0","0","0","0","0","0","39.9995","-75.0846","","CRASH_2001_Philadelphia"
"2001210736","06","67","67301","67301","2001","02","6","1500","15","1","1","0","1","1","","","N","00","0","00","3","0","1","2","2","N","N","40 02:39.120","75 04:22.440","9999","","9999","","0","","N","","0 ","","","","","","","","","","2","1","0","0","0","0","0","0","0","0","0","1","1","0","0","0","0","0","1","0","0","0","0","0","0","0","0","0","0","0","0","0","0","0","0","4","0","40.0443","-75.0728","","CRASH_2001_Philadelphia"
"2001211415","06","67","67301","67301","2001","02","3","2341","23","3","2","0","4","1","","","N","01","3","00","3","0","1","2","2","N","N","","","9999","","9999","","0","","N","","3 ","","","","","","","","","","2","1","0","0","0","0","0","1","0","1","0","0","1","0","0","0","0","0","1","0","0","0","0","0","0","0","0","0","0","0","0","0","0","0","0","2","0","","","","CRASH_2001_Philadelphia"
"2001214230","06","67","67301","67301","2001","03","5","1740","17","1","1","0","7","5","","","N","00","0","00","3","0","1","1","1","N","N","40 06:27.000","75 01:40.440","9999","","9999","","0","","N","","0 ","","","","","","","","","","1","1","0","0","0","0","0","0","0","0","1","0","1","0","0","0","0","0","0","0","0","0","0","0","0","0","0","0","0","0","0","0","0","0","0","3","0","40.1075","-75.0279","","CRASH_2001_Philadelphia"
"2001215667","06","67","67301","67301","2001","03","7","1000","10","1","1","0","9","1","","","N","01","0","00","3","0","0","2","2","N","N","40 01:26.040","75 06:37.440","9999","","9999","","0","","N","","0 ","","","","","","","","","","2","2","0","0","0","0","0","0","0","0","0","0","0","0","0","0","0","0","0","0","1","0","0","0","0","0","0","0","0","0","0","0","0","0","0","0","0","40.0239","-75.1105","","CRASH_2001_Philadelphia"
"2001223916","06","67","67301","67301","2001","03","7","0111","01","3","2","1","7","1","","","N","00","0","00","3","0","1","1","1","N","N","39 56:25.080","75 12:04.680","9999","","9999","","0","","N","","0 ","","","","","","","","","","1","1","0","0","0","0","0","0","0","0","1","0","1","0","0","0","0","0","1","0","0","0","0","0","0","0","0","0","0","0","0","0","0","0","0","3","0","39.9402","-75.2013","","CRASH_2001_Philadelphia"
"2001204112","06","67","67301","67301","2001","01","2","0209","02","3","1","9","4","1","","","N","01","2","00","3","0","3","3","2","N","N","40 00:09.360","75 07:27.840","9999","","9999","","0","","N","","3 ","","","","","","","","","","2","2","0","0","0","0","0","0","0","0","1","2","3","0","0","0","0","0","0","0","0","0","0","0","0","0","0","0","0","0","0","0","0","0","0","3","0","40.0026","-75.1244","","CRASH_2001_Philadelphia"
"2001238985","06","67","67301","67301","2001","04","7","1637","16","1","1","0","4","1","","","N","01","3","00","3","0","1","4","2","N","N","","","9999","","9999","","0","","N","","3 ","","","","","","","","","","2","2","0","0","0","0","0","0","0","0","0","1","1","0","0","0","0","0","0","0","1","0","0","0","0","0","0","0","0","0","0","0","0","0","0","4","0","","","","CRASH_2001_Philadelphia"
"2001243099","06","67","67301","67301","2001","05","1","2257","22","3","1","0","4","1","","","N","01","2","00","3","0","2","2","2","N","N","40 02:39.480","75 03:15.120","9999","","9999","","0","","N","","3 ","","","","","","","","","","2","2","0","0","0","0","0","0","0","0","1","1","2","0","0","0","0","0","1","0","0","0","0","0","0","0","0","0","0","0","0","0","0","0","0","3","0","40.0443","-75.0541","","CRASH_2001_Philadelphia"
"2001016953","06","67","67301","67301","2001","05","5","2120","21","3","1","0","4","1","","","N","00","0","00","3","0","1","3","2","N","N","40 01:03.256","75 09:01.312","2128","","2125","","0","","N","","0 ","","","","","","","","","","2","2","0","0","0","0","0","0","0","0","0","1","1","0","0","0","0","0","0","0","0","0","0","0","0","0","0","0","0","0","0","0","0","0","0","4","0","40.0175","-75.1504","","CRASH_2001_Philadelphia"
"2001206227","06","67","67301","67301","2001","01","4","1548","15","1","1","1","1","1","","","N","01","2","00","3","0","1","4","4","N","N","40 03:00.360","75 03:51.120","9999","","9999","","0","","N","","3 ","","","","","","","","","","4","3","0","0","1","0","0","0","0","0","0","1","1","0","0","0","0","0","0","0","0","0","0","0","0","0","0","0","0","0","0","0","0","0","0","4","0","40.0501","-75.0642","","CRASH_2001_Philadelphia"
"2001211378","06","67","67301","67301","2001","02","5","0840","08","5","1","1","6","1","","","N","07","0","02","3","0","1","2","2","N","N","39 57:34.053","75 10:50.657","9999","","9999","","0","","N","","0 ","","","","","","","","","","2","1","0","0","0","0","0","0","0","0","0","1","1","0","0","0","0","0","0","0","1","0","0","1","0","0","0","0","0","0","0","0","0","0","0","4","0","40.0128","-75.2113","","CRASH_2001_Philadelphia"
"2001214251","06","67","67301","67301","2001","02","7","0110","01","3","1","0","8","1","","","N","01","2","00","3","0","1","2","2","N","N","40 05:03.840","74 58:24.960","9999","","9999","","0","","N","","3 ","","","","","","","","","","1","0","0","0","0","0","0","0","0","1","0","0","1","0","0","0","0","0","0","0","0","0","0","0","0","0","0","0","0","0","0","0","1","0","1","2","0","40.0844","-74.9736","","CRASH_2001_Philadelphia"
"2001233276","06","67","67301","67301","2001","03","4","1301","13","1","1","0","4","1","","","N","01","3","00","3","0","1","2","2","N","N","39 57:34.905","75 09:21.056","9999","","9999","","0","","N","","3 ","","","","","","","","","","2","2","0","0","0","0","0","0","0","0","0","1","1","0","0","0","0","0","0","0","0","0","0","0","0","0","0","0","0","0","0","0","0","0","0","4","0","39.9597","-75.1558","","CRASH_2001_Philadelphia"
"2001233341","06","67","67301","67301","2001","03","5","1502","15","1","2","1","4","1","","","N","00","0","07","3","0","2","4","3","N","N","","","9999","","9999","","0","","N","","0 ","","","","","","","","","","3","2","0","0","0","0","0","1","0","0","0","2","2","0","0","0","0","0","0","0","1","0","0","0","0","0","0","0","0","0","0","0","0","0","0","4","0","","","","CRASH_2001_Philadelphia"
"2001233455","06","67","67301","67301","2001","03","6","2012","20","2","1","0","8","1","","","N","00","0","00","3","0","1","2","2","N","N","","","9999","","9999","","0","","N","","0 ","","","","","","","","","","1","1","0","0","0","0","0","0","0","0","0","0","0","0","1","0","0","0","0","0","0","0","0","0","0","0","0","0","0","0","0","0","1","0","0","9","0","","","","CRASH_2001_Philadelphia"
"2001010310","06","67","67301","67301","2001","06","5","2356","23","3","1","0","8","1","","","N","00","2","00","3","0","1","2","2","N","N","39 56:46.942","75 14:15.293","0005","","0003","","0","","N","","3 ","","","","","","","","","","1","1","0","0","0","0","0","0","0","0","0","1","1","0","0","0","0","0","0","0","0","0","0","0","0","0","0","0","0","0","0","0","1","0","0","4","0","39.9464","-75.2378","","CRASH_2001_Philadelphia"
"2001243074","06","67","67301","67301","2001","05","6","1740","17","1","1","0","8","1","","","N","01","2","00","3","0","1","2","2","N","N","39 57:25.920","75 12:06.840","9999","","9999","","0","","N","","3 ","","","","","","","","","","0","0","0","0","0","0","0","0","0","0","0","1","1","0","0","0","0","0","0","0","0","0","0","0","0","0","0","0","0","0","0","0","1","0","0","4","0","39.9572","-75.2019","","CRASH_2001_Philadelphia"
"2001007044","06","67","67301","67301","2001","05","5","1748","17","1","1","0","4","1","","","N","01","2","00","3","0","2","2","2","N","N","39 57:19.952","75 12:49.223","9999","","9999","","0","","N","","3 ","","","","","","","","","","2","2","0","0","0","0","0","0","0","0","2","0","2","0","0","0","0","0","0","0","0","0","0","0","0","0","0","0","0","0","0","0","0","0","0","3","0","39.957","-75.2133","","CRASH_2001_Philadelphia"
"2002012207","06","67","67301","67301","2001","07","4","1841","18","1","1","0","4","1","","","N","01","2","00","3","0","0","2","2","N","N","39 55:29.537","75 13:35.834","1953","","1941","","0","","N","","3 ","","","","","","","","","","2","2","0","0","0","0","0","0","0","0","0","0","0","0","0","0","0","0","0","0","0","0","0","0","0","0","0","0","0","0","0","0","0","0","0","0","0","39.9249","-75.2265","","CRASH_2001_Philadelphia"
"2001240136","06","67","67301","67301","2001","04","4","0800","08","1","1","0","4","1","","","N","01","2","00","3","0","2","3","2","N","N","40 01:43.320","75 12:20.160","9999","","9999","","0","","N","","3 ","","","","","","","","","","2","2","0","0","0","0","0","0","0","0","1","1","2","0","0","0","0","0","0","0","0","0","0","0","0","0","0","0","0","0","0","0","0","0","0","3","0","40.0287","-75.2055","","CRASH_2001_Philadelphia"
"2001243262","06","67","67301","67301","2001","04","7","0435","04","3","1","0","9","1","","","N","00","0","00","3","0","0","1","2","N","N","","","9999","","9999","","0","","N","","0 ","","","","","","","","","","2","1","0","0","0","0","0","0","0","0","0","0","0","0","0","0","0","0","0","0","0","0","0","0","0","0","0","0","0","0","0","0","0","0","0","0","0","","","","CRASH_2001_Philadelphia"
"2001248781","06","67","67301","67301","2001","05","6","1710","17","1","1","0","4","1","","","N","01","3","00","3","0","3","3","2","N","N","","","9999","","9999","","0","","N","","3 ","","","","","","","","","","2","2","0","0","0","0","0","0","0","0","0","0","0","0","3","0","0","0","0","0","0","0","0","0","0","0","0","0","0","0","0","0","0","0","0","9","0","","","","CRASH_2001_Philadelphia"
"2001201181","06","67","67301","67301","2001","02","4","1850","18","3","1","0","1","1","","","N","00","0","00","3","0","0","2","2","N","N","","","9999","","9999","","0","","N","","0 ","","","","","","","","","","2","2","0","0","0","0","0","0","0","0","0","0","0","0","0","0","1","0","0","0","0","0","0","2","0","0","0","0","0","0","0","0","0","0","0","0","0","","","","CRASH_2001_Philadelphia"
"2001209069","06","67","67301","67301","2001","01","7","2220","22","3","1","0","1","1","","","N","00","0","00","3","0","2","3","2","N","N","39 58:45.480","75 06:31.680","9999","","9999","","0","","N","","0 ","","","","","","","","","","2","2","0","0","0","0","0","0","0","0","0","2","2","0","0","0","0","0","0","0","0","0","0","0","0","0","0","0","0","0","0","0","0","0","0","4","0","39.9795","-75.1078","","CRASH_2001_Philadelphia"
"2001216937","06","67","67301","67301","2001","03","3","1819","18","3","1","0","2","1","","","N","03","4","00","3","0","3","4","2","N","N","40 00:34.560","75 05:22.560","9999","","9999","","0","","N","","3 ","","","","","","","","","","2","1","0","0","0","0","1","0","0","0","0","3","3","0","0","0","0","0","0","0","0","0","0","0","0","0","0","0","0","0","0","0","0","0","0","4","0","40.0096","-75.0896","","CRASH_2001_Philadelphia"
"2001233054","06","67","67301","67301","2001","04","6","1900","19","1","1","0","4","1","","","N","02","3","00","3","0","0","2","2","N","N","40 07:22.609","75 00:51.321","9999","","9999","","0","","N","","3 ","","","","","","","","","","2","2","0","0","0","0","0","0","0","0","0","0","0","0","0","0","0","0","0","0","0","1","0","0","0","0","0","0","0","0","0","0","0","0","0","0","0","40.1229","-75.0143","","CRASH_2001_Philadelphia"
"2001233230","06","67","67301","67301","2001","04","6","2200","22","3","1","0","4","1","","","N","00","0","00","3","0","3","11","2","N","N","","","9999","","9999","","0","","N","","0 ","","","","","","","","","","2","2","0","0","0","0","0","0","0","0","1","2","3","0","0","0","0","0","0","0","0","0","0","8","0","0","0","0","0","0","0","0","0","0","0","3","0","","","","CRASH_2001_Philadelphia"
"2001233384","06","67","67301","67301","2001","03","5","1005","10","1","1","0","4","1","","","N","01","2","00","3","0","0","2","2","N","N","40 02:12.480","75 04:47.280","9999","","9999","","0","","N","","3 ","","","","","","","","","","2","2","0","0","0","0","0","0","0","0","0","0","0","0","0","0","0","0","0","0","0","0","0","0","0","0","0","0","0","0","0","0","0","0","0","0","0","40.0369","-75.0799","","CRASH_2001_Philadelphia"
"2001239004","06","67","67301","67301","2001","04","4","2227","22","3","6","1","7","5","","","N","01","2","00","3","0","1","1","1","N","N","40 00:12.600","75 10:53.760","9999","","9999","","0","","N","","3 ","","","","","","","","","","1","1","0","0","0","0","0","0","0","1","0","0","1","0","0","0","0","0","0","0","0","0","0","0","0","0","0","0","0","0","0","0","0","0","0","2","0","40.0035","-75.1816","","CRASH_2001_Philadelphia"
"2001239047","06","67","67301","67301","2001","04","2","1539","15","1","1","0","1","1","","","N","00","0","00","3","0","1","6","4","N","N","40 02:34.440","75 01:26.040","9999","","9999","","0","","N","","0 ","","","","","","","","","","4","2","0","0","1","0","1","0","0","0","0","1","1","0","0","0","0","0","0","0","0","1","0","0","0","0","0","0","0","0","0","0","0","0","0","4","0","40.0429","-75.0239","","CRASH_2001_Philadelphia"
"2001008771","06","67","67301","67301","2001","06","6","1013","10","1","1","0","1","1","","","N","01","2","00","3","0","1","2","2","N","N","40 03:47.000","75 05:11.463","1030","","1025","","0","","N","","3 ","","","","","","","","","","2","1","0","0","0","1","0","0","0","0","0","1","1","0","0","0","0","0","0","0","1","0","0","0","0","0","0","0","0","0","0","0","0","0","0","4","1","40.0631","-75.0865","","CRASH_2001_Philadelphia"
"2001204672","06","67","67301","67301","2001","01","7","0901","09","1","1","0","4","1","","","N","02","2","00","3","0","4","5","2","N","N","39 59:52.440","75 11:06.720","9999","","9999","","0","","N","","3 ","","","","","","","","","","2","2","0","0","0","0","0","0","0","0","0","4","4","0","0","0","0","0","0","0","0","0","0","0","0","0","0","0","0","0","0","0","0","0","0","4","0","39.9979","-75.1851","","CRASH_2001_Philadelphia"
"2001233539","06","67","67301","67301","2001","03","4","1750","17","1","1","0","1","1","","","N","06","4","02","3","0","1","2","2","N","N","39 56:42.360","75 11:26.520","9999","","9999","","0","","N","","3 ","","","","","","","","","","2","2","0","0","0","0","0","0","0","0","0","0","0","0","1","0","0","0","0","0","0","0","0","0","0","0","0","0","0","0","0","0","0","0","0","9","0","39.9451","-75.1907","","CRASH_2001_Philadelphia"
"2001239010","06","67","67301","67301","2001","04","6","1150","11","1","1","0","9","1","","","N","00","0","00","3","0","1","2","2","N","N","","","9999","","9999","","0","","N","","0 ","","","","","","","","","","2","1","0","0","0","0","0","0","0","0","1","0","1","0","0","0","0","0","0","0","0","0","0","0","0","0","0","0","0","0","0","0","0","0","0","3","0","","","","CRASH_2001_Philadelphia"
"2001240049","06","67","67301","67301","2001","04","2","1422","14","1","1","0","1","1","","","N","00","0","00","3","0","2","4","3","N","N","39 58:16.320","75 07:25.680","9999","","9999","","0","","N","","0 ","","","","","","","","","","3","3","0","0","0","0","0","0","0","0","0","2","2","0","0","0","0","0","0","0","1","0","0","0","0","0","0","0","0","0","0","0","0","0","0","4","0","39.9709","-75.1244","","CRASH_2001_Philadelphia"
"2001205967","06","67","67301","67301","2001","01","3","1739","17","3","1","0","4","1","","","N","01","2","00","3","0","2","3","2","N","N","40 00:38.520","75 09:03.600","9999","","9999","","0","","N","","3 ","","","","","","","","","","2","2","0","0","0","0","0","0","0","0","0","2","2","0","0","0","0","0","0","0","0","0","0","0","0","0","0","0","0","0","0","0","0","0","0","4","0","40.0109","-75.1509","","CRASH_2001_Philadelphia"
"2001233219","06","67","67301","67301","2001","04","6","1024","10","1","1","0","4","1","1","8","Y","01","2","00","3","0","1","4","2","N","N","40 04:05.300","75 03:39.909","9999","99","9999","","0","","N","","3 ","","U","","","U","","","","","2","2","0","0","0","0","0","0","0","0","0","1","1","0","0","0","0","0","0","0","0","1","0","4","0","0","0","0","0","0","0","0","0","0","0","4","0","40.0681","-75.0611","","CRASH_2001_Philadelphia"
"2001233470","06","67","67301","67301","2001","03","2","0810","08","1","4","1","4","1","","","N","00","0","00","3","0","0","2","2","N","N","","","9999","","9999","","0","","N","","0 ","","","","","","","","","","2","1","0","0","0","0","0","1","0","0","0","0","0","0","0","0","0","0","0","0","0","0","0","0","0","0","0","0","0","0","0","0","0","0","0","0","0","","","","CRASH_2001_Philadelphia"
"2001017589","06","67","67301","67301","2001","05","7","1840","18","1","2","1","2","1","","","N","00","0","00","3","0","3","5","3","N","N","40 05:15.622","75 12:41.130","1855","","1845","","0","","N","","0 ","","","","","","","","","","3","3","0","0","0","0","0","0","0","2","1","0","3","0","0","0","0","0","0","0","1","0","0","4","0","2","0","0","0","0","0","0","0","0","0","2","0","40.0877","-75.2114","","CRASH_2001_Philadelphia"
"2001243736","06","67","67301","67301","2001","05","4","0950","09","1","1","0","5","1","","","N","00","0","00","3","0","2","3","2","Y","N","39 55:06.960","75 12:27.000","9999","","9999","","0","","N","","0 ","","","","","","","","","","2","0","0","1","0","0","1","0","0","0","0","0","0","0","2","0","0","0","0","0","1","0","0","0","0","0","0","0","0","0","0","0","0","0","0","9","1","39.918","-75.21","","CRASH_2001_Philadelphia"
"2001244758","06","67","67301","67301","2001","05","6","1745","17","1","1","0","1","1","","","N","00","0","02","3","0","0","2","2","N","N","","","9999","","9999","","0","","N","","0 ","","","","","","","","","","2","1","0","0","0","0","1","0","0","0","0","0","0","0","0","0","0","0","0","0","1","0","0","0","0","0","0","0","0","0","0","0","0","0","0","0","0","","","","CRASH_2001_Philadelphia"
"2001244905","06","67","67301","67301","2001","05","6","1830","18","1","1","0","8","1","","","N","01","0","00","3","0","1","2","2","N","N","39 55:44.483","75 14:27.254","9999","","9999","","0","","N","","0 ","","","","","","","","","","1","1","0","0","0","0","0","0","0","0","0","1","1","0","0","0","0","0","0","0","0","0","0","0","0","0","0","0","0","0","0","0","1","0","0","4","0","39.929","-75.2409","","CRASH_2001_Philadelphia"
"2001209663","06","67","67301","67301","2001","02","6","1200","12","1","1","0","1","1","","","N","00","0","00","3","0","1","2","2","N","N","39 57:14.400","75 10:05.520","9999","","9999","","0","","N","","0 ","","","","","","","","","","2","1","0","0","0","0","0","1","0","0","0","1","1","0","0","0","0","0","0","0","0","0","0","0","0","0","0","0","0","0","0","0","0","0","0","4","0","39.954","-75.1682","","CRASH_2001_Philadelphia"
"2001210592","06","67","67301","67301","2001","02","3","0915","09","1","1","1","9","1","","","N","00","0","00","3","0","1","1","2","N","N","","","9999","","9999","","0","","N","","0 ","","","","","","","","","","2","1","0","0","0","0","0","0","0","0","0","0","0","0","1","0","0","0","0","0","0","0","0","0","0","0","0","0","0","0","0","0","0","0","0","9","0","","","","CRASH_2001_Philadelphia"
"2001217015","06","67","67301","67301","2001","03","1","0230","02","3","1","0","1","1","","","N","01","2","00","3","0","0","6","3","N","N","39 55:16.320","75 11:39.120","9999","","9999","","0","","N","","3 ","","","","","","","","","","3","2","0","0","0","0","0","1","0","0","0","0","0","0","0","0","0","0","1","0","0","0","0","0","0","0","0","0","0","0","0","0","0","0","0","0","0","39.9211","-75.1938","","CRASH_2001_Philadelphia"
"2001014311","06","67","67301","67301","2001","06","7","0859","08","1","1","0","8","1","","","N","01","2","00","3","0","1","2","2","N","N","39 57:15.878","75 10:16.660","0902","","0859","","0","","N","","3 ","","","","","","","","","","1","1","0","0","0","0","0","0","0","0","1","0","1","0","0","0","0","0","0","0","0","0","0","0","0","0","0","0","0","0","0","0","1","0","0","3","0","39.9544","-75.1714","","CRASH_2001_Philadelphia"
"2001216894","06","67","67301","67301","2001","03","2","1215","12","1","3","5","5","1","1","8","Y","00","0","00","3","0","1","2","2","N","N","39 53:03.840","75 14:40.560","9999","99","9999","","0","","N","","0 ","","U","","","U","","","","","2","1","0","0","0","1","0","0","0","0","0","1","1","0","0","0","0","0","0","0","0","0","0","0","0","0","0","0","0","0","0","0","0","0","0","4","1","39.8843","-75.2444","","CRASH_2001_Philadelphia"
"2001204512","06","67","67301","67301","2001","01","2","2325","23","3","1","0","1","1","","","N","01","2","00","3","0","3","3","2","N","N","40 02:06.000","75 04:10.200","9999","","9999","","0","","N","","3 ","","","","","","","","","","2","2","0","0","0","0","0","0","0","0","1","2","3","0","0","0","0","0","0","0","0","0","0","0","0","0","0","0","0","0","0","0","0","0","0","3","0","40.0351","-75.0695","","CRASH_2001_Philadelphia"
"2001210733","06","67","67301","67301","2001","02","7","1855","18","3","1","0","4","1","","","N","01","2","00","3","0","1","4","2","N","N","39 57:41.040","75 08:53.520","9999","","9999","","0","","N","","3 ","","","","","","","","","","2","1","0","0","0","0","0","1","0","0","0","1","1","0","0","0","0","0","0","0","0","0","0","0","0","0","0","0","0","0","0","0","0","0","0","4","0","39.9614","-75.1482","","CRASH_2001_Philadelphia"
"2001238928","06","67","67301","67301","2001","04","1","1825","18","1","2","1","8","1","","","N","00","0","00","3","0","1","3","2","N","N","","","9999","","9999","","0","","N","","0 ","","","","","","","","","","1","1","0","0","0","0","0","0","0","0","1","0","1","0","0","0","0","0","0","0","0","0","0","0","0","0","0","0","0","0","0","0","1","0","0","3","0","","","","CRASH_2001_Philadelphia"
"2001238870","06","67","67301","67301","2001","04","3","0920","09","1","2","0","1","1","","","N","00","0","00","3","0","2","3","2","N","N","39 58:06.240","75 10:57.720","9999","","9999","","0","","N","","0 ","","","","","","","","","","2","2","0","0","0","0","0","0","0","0","0","2","2","0","0","0","0","0","0","0","0","0","0","0","0","0","0","0","0","0","0","0","0","0","0","4","0","39.9684","-75.1828","","CRASH_2001_Philadelphia"
"2001238909","06","67","67301","67301","2001","04","4","0749","07","1","1","1","7","5","","","N","00","0","00","3","0","0","1","1","N","N","39 58:02.280","75 10:49.800","9999","","9999","","0","","N","","0 ","","","","","","","","","","1","1","0","0","0","0","0","0","0","0","0","0","0","0","0","0","0","0","0","0","0","0","0","1","0","0","0","0","0","0","0","0","0","0","0","0","0","39.9673","-75.1805","","CRASH_2001_Philadelphia"