"CRN","DISTRICT","COUNTY","MUNICIPALITY","POLICE_AGCY","CRASH_YEAR","CRASH_MONTH","DAY_OF_WEEK","TIME_OF_DAY","HOUR_OF_DAY","ILLUMINATION","WEATHER","ROAD_CONDITION","COLLISION_TYPE","RELATION_TO_ROAD","WORK_ZONE_TYPE","WORK_ZONE_LOC","WORK_ZONE_IND","INTERSECT_TYPE","TCD_TYPE","LOCATION_TYPE","URBAN_RURAL","FATAL_COUNT","INJURY_COUNT","PERSON_COUNT","TOTAL_UNITS","SCH_BUS_IND","SCH_ZONE_IND","LATITUDE","LONGITUDE","ARRIVAL_TM","CONS_ZONE_SPD_LIM","DISPATCH_TM","EST_HRS_CLOSED","LANE_CLOSED","LN_CLOSE_DIR","NTFY_HIWY_MAINT","SPEC_JURIS_CD","TCD_FUNC_CD","TFC_DETOUR_IND","WORKERS_PRES","WZ_CLOSE_DETOUR","WZ_FLAGGER","WZ_LAW_OFFCR_IND","WZ_LN_CLOSURE","WZ_MOVING","WZ_OTHER","WZ_SHLDER_MDN","VEHICLE_COUNT","AUTOMOBILE_COUNT","MOTORCYCLE_COUNT","BUS_COUNT","SMALL_TRUCK_COUNT","HEAVY_TRUCK_COUNT","SUV_COUNT","VAN_COUNT","BICYCLE_COUNT","MAJ_INJ_COUNT","MOD_INJ_COUNT","MIN_INJ_COUNT","TOT_INJ_COUNT","UNK_INJ_DEG_COUNT","UNK_INJ_PER_COUNT","DRIVER_COUNT_16YR","DRIVER_COUNT_17YR","DRIVER_COUNT_18YR","DRIVER_COUNT_19YR","DRIVER_COUNT_20YR","DRIVER_COUNT_50_64YR","DRIVER_COUNT_65_74YR","DRIVER_COUNT_75PLUS","UNBELTED_OCC_COUNT","UNB_DEATH_COUNT","UNB_MAJ_INJ_COUNT","BELTED_DEATH_COUNT","BELTED_MAJ_INJ_COUNT","MCYCLE_DEATH_COUNT","MCYCLE_MAJ_INJ_COUNT","BICYCLE_DEATH_COUNT","BICYCLE_MAJ_INJ_COUNT","PED_COUNT","PED_DEATH_COUNT","PED_MAJ_INJ_COUNT","MAX_SEVERITY_LEVEL","COMM_VEH_COUNT","DEC_LAT","DEC_LONG","RDWY_SURF_TYPE_CD","COUNTY_YEAR"
"2002001043","06","67","67301","67301","2001","05","7","1028","10","1","1","0","4","2","","","N","01","2","00","3","0","1","2","2","N","N","39 59:32.248","75 05:57.742","1035","","1032","","0","","N","","3 ","","","","","","","","","","1","1","0","0","0","0","0","0","1","0","0","1","1","0","0","0","0","0","0","0","0","0","0","0","0","0","0","0","0","0","0","0","0","0","0","4","0","39.9922","-75.0994","","CRASH_2001_Philadelphia"
"2001207438","06","67","67301","67301","2001","01","3","0251","02","3","2","1","9","1","","","N","00","0","00","3","0","1","1","4","N","N","40 01:23.880","75 09:49.680","9999","","9999","","0","","N","","0 ","","","","","","","","","","4","1","0","0","0","0","0","0","0","0","0","0","0","0","1","0","0","0","0","0","0","0","0","0","0","0","0","0","0","0","0","0","0","0","0","9","0","40.0233","-75.1638","","CRASH_2001_Philadelphia"
"2001207559","06","67","67301","67301","2001","01","5","0012","00","3","1","0","8","1","","","N","01","2","00","3","0","1","2","2","N","N","40 01:22.080","75 08:53.880","9999","","9999","","0","","N","","3 ","","","","","","","","","","1","0","0","0","0","0","0","0","0","0","0","1","1","0","0","0","0","0","0","0","0","0","0","0","0","0","0","0","0","0","0","0","1","0","0","4","0","40.0227","-75.1482","","CRASH_2001_Philadelphia"
"2001238285","06","67","67301","67301","2001","03","6","2035","20","3","1","0","4","1","","","N","01","2","00","3","0","1","3","2","N","N","39 56:20.400","75 11:53.880","9999","","9999","","0","","N","","3 ","","","","","","","","","","2","1","0","0","0","0","1","0","0","0","0","0","0","0","1","0","0","0","0","0","0","0","0","0","0","0","0","0","0","0","0","0","0","0","0","9","0","39.939","-75.1983","","CRASH_2001_Philadelphia"
"2001007244","06","67","67301","67301","2001","05","5","1525","15","1","1","0","4","1","","","N","01","2","00","3","0","1","2","2","N","N","39 57:13.680","75 09:59.760","1535","","1533","","0","","N","","3 ","","","","","","","","","","1","1","0","0","0","0","0","0","1","0","0","1","1","0","0","0","0","0","0","0","0","0","0","0","0","0","0","0","0","0","0","0","0","0","0","4","0","39.9538","-75.1667","","CRASH_2001_Philadelphia"
"2001265468","06","67","67301","67301","2001","07","1","2030","20","1","1","1","4","1","","","N","01","2","00","3","0","2","4","2","N","N","40 01:02.946","75 09:01.252","9999","","9999","","0","","N","","3 ","","","","","","","","","","2","2","0","0","0","0","0","0","0","0","0","2","2","0","0","1","0","0","0","0","0","0","0","0","0","0","0","0","0","0","0","0","0","0","0","4","0","40.0175","-75.1503","","CRASH_2001_Philadelphia"
"2002001164","06","67","67301","67301","2001","06","3","0820","08","1","1","0","8","1","","","N","01","3","00","3","0","1","3","2","N","N","39 59:10.795","75 10:48.890","0828","","0825","","0","","N","","9 ","","","","","","","","","","1","1","0","0","0","0","0","0","0","0","0","1","1","0","0","0","0","0","0","0","0","0","0","0","0","0","0","0","0","0","0","0","1","0","0","4","0","39.9863","-75.1802","","CRASH_2001_Philadelphia"
"2001007155","06","67","67301","67301","2001","06","6","1630","16","1","2","1","2","1","","","N","01","2","00","3","0","0","4","2","N","N","40 01:43.123","75 12:19.936","1702","","1651","","0","","N","","3 ","","","","","","","","","","2","2","0","0","0","0","0","0","0","0","0","0","0","0","0","0","0","0","1","0","0","1","0","0","0","0","0","0","0","0","0","0","0","0","0","0","0","40.0287","-75.2055","","CRASH_2001_Philadelphia"
"2001007375","06","67","67301","67301","2001","06","6","0847","08","1","1","0","7","5","","","N","00","0","00","3","0","1","1","1","N","N","40 00:53.575","75 09:24.569","0850","","0847","","0","","N","","0 ","","","","","","","","","","1","1","0","0","0","0","0","0","0","0","1","0","1","0","0","0","0","0","0","0","0","1","0","0","0","0","0","0","0","0","0","0","0","0","0","3","0","40.0148","-75.1568","","CRASH_2001_Philadelphia"
"2001007419","06","67","67301","67301","2001","01","7","0927","09","1","2","1","7","4","","","N","06","0","02","3","0","1","2","1","N","N","40 01:30.758","75 01:44.195","0931","","0927","","0","","N","","0 ","","","","","","","","","","1","1","0","0","0","0","0","0","0","0","0","1","1","0","1","0","0","0","0","0","0","0","0","1","0","0","0","0","0","0","0","0","0","0","0","4","0","40.025","-75.0293","","CRASH_2001_Philadelphia"
"2001010316","06","67","67301","67301","2001","06","6","0858","08","1","1","0","8","1","","","N","01","2","00","3","0","1","2","2","N","N","40 00:33.534","75 09:05.023","0907","","0858","","0","","N","","3 ","","","","","","","","","","1","1","0","0","0","0","0","0","0","0","1","0","1","0","0","0","0","0","0","0","0","0","0","0","0","0","0","0","0","0","0","0","1","0","0","3","0","40.0092","-75.1512","","CRASH_2001_Philadelphia"
"2001206007","06","67","67301","67301","2001","01","6","2205","22","3","1","0","7","5","","","N","00","0","00","3","0","0","1","1","N","N","","","9999","","9999","","0","","N","","0 ","","","","","","","","","","1","1","0","0","0","0","0","0","0","0","0","0","0","0","0","0","0","0","0","0","0","0","0","0","0","0","0","0","0","0","0","0","0","0","0","0","0","","","","CRASH_2001_Philadelphia"
"2001240109","06","67","67301","67301","2001","04","2","2355","23","3","1","0","4","1","","","N","01","3","00","3","0","2","2","2","N","N","40 03:19.800","75 03:42.840","9999","","9999","","0","","N","","3 ","","","","","","","","","","2","1","0","0","0","0","0","1","0","0","0","2","2","0","0","0","0","1","0","0","0","0","0","0","0","0","0","0","0","0","0","0","0","0","0","4","0","40.0555","-75.0621","","CRASH_2001_Philadelphia"
"2001240125","06","67","67301","67301","2001","04","5","2340","23","3","1","0","1","1","","","N","00","0","00","3","0","6","9","4","N","N","39 55:51.960","75 08:44.520","9999","","9999","","0","","N","","0 ","","","","","","","","","","4","3","0","0","0","0","1","0","0","0","0","6","6","0","0","0","0","0","0","0","0","0","1","0","0","0","0","0","0","0","0","0","0","0","0","4","0","39.9283","-75.1463","","CRASH_2001_Philadelphia"
"2001243538","06","67","67301","67301","2001","05","3","0800","08","1","1","0","8","1","","","N","00","0","00","3","0","1","2","2","N","N","","","9999","","9999","","0","","N","","0 ","","","","","","","","","","1","1","0","0","0","0","0","0","0","0","1","0","1","0","0","0","0","0","0","0","0","1","0","0","0","0","0","0","0","0","0","0","1","0","0","3","0","","","","CRASH_2001_Philadelphia"
"2001244606","06","67","67301","67301","2001","04","1","1620","16","1","1","0","4","1","","","N","01","2","00","3","0","0","2","2","N","N","40 01:18.141","75 07:32.411","9999","","9999","","0","","N","","3 ","","","","","","","","","","2","2","0","0","0","0","0","0","0","0","0","0","0","0","0","0","0","0","0","0","0","0","0","0","0","0","0","0","0","0","0","0","0","0","0","0","0","40.0217","-75.1257","","CRASH_2001_Philadelphia"
"2001244765","06","67","67301","67301","2001","05","2","1220","12","1","1","0","4","1","","","N","01","2","00","3","0","2","6","2","N","N","39 59:27.600","75 07:58.800","9999","","9999","","0","","N","","3 ","","","","","","","","","","2","0","0","0","0","0","0","2","0","0","0","2","2","0","0","0","0","0","0","0","1","0","0","3","0","0","0","0","0","0","0","0","0","0","0","4","0","39.991","-75.133","","CRASH_2001_Philadelphia"
"2001244886","06","67","67301","67301","2001","05","4","1900","19","1","1","0","4","1","","","N","01","3","00","3","0","1","2","2","N","N","39 58:26.061","75 14:39.260","9999","","9999","","0","","N","","3 ","","","","","","","","","","1","0","0","0","0","0","0","1","1","0","0","0","0","0","1","0","0","0","0","0","1","0","0","0","0","0","0","0","0","0","0","0","0","0","0","9","0","39.9739","-75.2442","","CRASH_2001_Philadelphia"
"2001019279","06","67","67301","67301","2001","05","3","1524","15","1","8","8","0","1","","","N","00","0","00","3","0","1","2","1","N","N","39 57:05.993","75 11:56.649","1530","","1524","","0","","N","","0 ","","","","","","","","","","1","0","1","0","0","0","0","0","0","0","0","1","1","0","0","0","0","0","0","0","0","0","0","0","0","0","0","0","0","0","0","0","0","0","0","4","0","39.9509","-75.1992","","CRASH_2001_Philadelphia"
"2001204540","06","67","67301","67301","2001","01","7","0530","05","3","1","1","7","1","","","N","00","0","00","3","0","1","1","1","N","N","39 58:48.000","75 09:27.360","9999","","9999","","0","","N","","0 ","","","","","","","","","","1","1","0","0","0","0","0","0","0","0","0","1","1","0","0","0","0","0","0","0","0","0","0","0","0","0","0","0","0","0","0","0","0","0","0","4","0","39.98","-75.1576","","CRASH_2001_Philadelphia"
"2001215627","06","67","67301","67301","2001","02","3","1840","18","1","1","0","1","1","","","N","00","0","00","3","0","0","3","3","N","N","40 01:03.720","75 10:21.000","9999","","9999","","0","","N","","0 ","","","","","","","","","","3","2","0","0","0","0","0","1","0","0","0","0","0","0","0","0","0","0","0","0","0","0","0","3","0","0","0","0","0","0","0","0","0","0","0","0","0","40.0176","-75.1723","","CRASH_2001_Philadelphia"
"2001223769","06","67","67301","67301","2001","03","1","2220","22","3","1","0","7","1","","","N","00","0","00","3","0","1","1","1","N","N","","","9999","","9999","","0","","N","","0 ","","","","","","","","","","1","0","1","0","0","0","0","0","0","0","1","0","1","0","0","0","0","0","0","0","0","0","0","0","0","0","0","0","0","0","0","0","0","0","0","3","0","","","","CRASH_2001_Philadelphia"
"2001233409","06","67","67301","67301","2001","03","1","1755","17","1","1","0","8","1","","","N","01","9","00","3","0","2","2","2","N","N","40 03:47.340","75 09:01.929","9999","","9999","","0","","N","","9 ","","","","","","","","","","1","0","0","0","0","0","0","0","0","0","0","1","1","0","1","0","0","0","0","0","0","0","0","0","0","0","0","0","0","0","0","0","1","0","0","4","0","40.0632","-75.1505","","CRASH_2001_Philadelphia"
"2001236845","06","67","67301","67301","2001","04","2","2029","20","3","1","0","4","1","","","N","01","2","00","3","0","1","6","2","N","N","39 59:58.920","75 05:56.400","9999","","9999","","0","","N","","3 ","","","","","","","","","","2","1","0","0","0","0","0","1","0","1","0","0","1","0","0","0","0","0","1","0","0","0","0","0","0","0","0","0","0","0","0","0","0","0","0","2","0","39.9997","-75.099","","CRASH_2001_Philadelphia"
"2001009002","06","67","67301","67301","2001","05","2","0857","08","1","2","1","8","1","","","N","01","2","00","3","0","2","3","3","N","N","39 59:36.000","75 09:03.092","0903","","0857","","0","","N","","9 ","","","","","","","","","","1","1","0","0","0","0","0","0","0","0","0","2","2","0","0","0","0","0","0","0","0","0","0","0","0","0","0","0","0","0","0","0","2","0","0","4","0","39.9934","-75.1508","","CRASH_2001_Philadelphia"
"2001207552","06","67","67301","67301","2001","01","4","1253","12","1","1","0","5","1","","","N","01","2","00","3","0","2","3","2","N","N","40 02:28.161","75 09:04.622","9999","","9999","","0","","N","","3 ","","","","","","","","","","2","2","0","0","0","0","0","0","0","0","0","2","2","0","0","0","0","0","0","0","0","1","1","0","0","0","0","0","0","0","0","0","0","0","0","4","0","40.0412","-75.1513","","CRASH_2001_Philadelphia"
"2001213107","06","67","67301","67301","2001","02","2","1700","17","1","1","0","4","1","","","N","01","2","00","3","0","2","4","2","N","N","","","9999","","9999","","0","","N","","3 ","","","","","","","","","","2","1","0","0","0","0","1","0","0","0","2","0","2","0","0","0","0","0","0","0","0","0","1","0","0","0","0","0","0","0","0","0","0","0","0","3","0","","","","CRASH_2001_Philadelphia"
"2001238876","06","67","67301","67301","2001","04","1","2215","22","3","1","0","8","1","","","N","01","2","00","3","0","1","2","2","N","N","40 02:09.960","75 03:51.120","9999","","9999","","0","","N","","3 ","","","","","","","","","","1","1","0","0","0","0","0","0","0","0","0","1","1","0","0","0","0","0","0","0","0","0","0","0","0","0","0","0","0","0","0","0","1","0","0","4","0","40.0362","-75.0642","","CRASH_2001_Philadelphia"
"2001238914","06","67","67301","67301","2001","04","4","0820","08","1","1","0","4","1","","","N","01","2","00","3","0","0","2","2","N","N","40 01:37.200","75 12:33.840","9999","","9999","","0","","N","","3 ","","","","","","","","","","2","1","0","0","1","0","0","0","0","0","0","0","0","0","0","0","0","0","0","0","1","0","0","0","0","0","0","0","0","0","0","0","0","0","0","0","0","40.0269","-75.2094","","CRASH_2001_Philadelphia"
"2001238922","06","67","67301","67301","2001","04","1","1655","16","1","1","0","1","1","","","N","00","0","00","3","0","0","2","2","N","N","39 54:34.920","75 08:57.120","9999","","9999","","0","","N","","0 ","","","","","","","","","","2","1","0","0","1","0","0","0","0","0","0","0","0","0","0","0","0","0","0","0","0","0","0","0","0","0","0","0","0","0","0","0","0","0","0","0","0","39.9101","-75.1492","","CRASH_2001_Philadelphia"
"2001243580","06","67","67301","67301","2001","05","7","1815","18","4","1","0","1","1","","","N","00","0","00","3","0","3","3","2","N","N","","","9999","","9999","","0","","N","","0 ","","","","","","","","","","2","2","0","0","0","0","0","0","0","0","0","2","2","0","1","0","0","0","0","1","1","0","0","1","0","0","0","0","0","0","0","0","0","0","0","4","0","","","","CRASH_2001_Philadelphia"
"2001244759","06","67","67301","67301","2001","05","5","1530","15","1","1","0","1","1","","","N","00","0","00","3","0","1","2","2","N","N","","","9999","","9999","","0","","N","","0 ","","","","","","","","","","1","1","0","0","0","0","0","0","1","0","0","1","1","0","0","0","0","0","0","0","0","1","0","0","0","0","0","0","0","0","0","0","0","0","0","4","0","","","","CRASH_2001_Philadelphia"
"2001233536","06","67","67301","67301","2001","03","7","0211","02","3","2","0","8","1","","","N","00","0","00","3","0","2","3","3","N","N","","","9999","","9999","","0","","N","","0 ","","","","","","","","","","1","1","0","0","0","0","0","0","0","0","0","2","2","0","0","0","0","0","0","0","0","0","0","0","0","0","0","0","0","0","0","0","2","0","0","4","0","","","","CRASH_2001_Philadelphia"
"2001243717","06","67","67301","67301","2001","05","5","1830","18","1","1","0","8","1","","","N","01","2","00","3","0","1","2","2","N","N","39 57:16.560","75 10:22.800","9999","","9999","","0","","N","","3 ","","","","","","","","","","1","1","0","0","0","0","0","0","0","0","0","1","1","0","0","0","0","0","0","0","0","0","0","0","0","0","0","0","0","0","0","0","1","0","0","4","0","39.9546","-75.173","","CRASH_2001_Philadelphia"
"2001244768","06","67","67301","67301","2001","04","4","2315","23","3","1","0","4","1","","","N","01","0","00","3","0","1","3","2","N","N","","","9999","","9999","","0","","N","","0 ","","","","","","","","","","2","1","0","0","0","0","0","1","0","0","0","1","1","0","0","0","0","0","0","0","0","0","0","0","0","0","0","0","0","0","0","0","0","0","0","4","0","","","","CRASH_2001_Philadelphia"
"2001248791","06","67","67301","67301","2001","05","7","2050","20","3","1","0","4","1","","","N","01","2","00","3","0","1","2","2","N","N","39 59:56.702","75 06:07.365","9999","","9999","","0","","N","","3 ","","","","","","","","","","1","0","0","0","0","0","0","1","1","0","1","0","1","0","0","0","0","0","0","0","0","0","0","0","0","0","0","0","0","0","0","0","0","0","0","3","0","39.9991","-75.102","","CRASH_2001_Philadelphia"
"2001207586","06","67","67301","37301","2001","01","2","1027","10","1","2","0","4","1","","","N","01","2","00","3","0","2","2","2","N","N","","","9999","","9999","","0","","N","","3 ","","","","","","","","","","2","1","0","0","1","0","0","0","0","1","1","0","2","0","0","0","0","0","0","0","1","1","0","0","0","0","0","0","0","0","0","0","0","0","0","2","0","","","","CRASH_2001_Philadelphia"
"2001233063","06","67","67301","67301","2001","04","5","1000","10","1","1","0","1","1","","","N","01","2","00","3","0","1","3","2","N","N","39 56:28.320","75 12:33.840","9999","","9999","","0","","N","","3 ","","","","","","","","","","2","1","0","0","1","0","0","0","0","0","0","0","0","0","1","0","0","0","0","0","0","0","0","0","0","0","0","0","0","0","0","0","0","0","0","9","0","39.9412","-75.2094","","CRASH_2001_Philadelphia"
"2001233282","06","67","67301","67301","2001","03","5","2115","21","3","2","1","1","1","","","N","02","2","00","3","0","1","3","3","N","N","39 57:19.800","75 11:17.520","9999","","9999","","0","","N","","3 ","","","","","","","","","","3","3","0","0","0","0","0","0","0","0","0","0","0","0","1","0","0","0","0","0","1","0","0","0","0","0","0","0","0","0","0","0","0","0","0","9","0","39.9554","-75.1882","","CRASH_2001_Philadelphia"
"2001233462","06","67","67301","67301","2001","03","4","1550","15","1","2","1","1","1","","","N","00","0","00","3","0","2","4","2","N","N","40 00:40.320","75 11:00.600","9999","","9999","","0","","N","","0 ","","","","","","","","","","2","2","0","0","0","0","0","0","0","0","0","0","0","0","2","0","0","0","0","0","0","1","0","0","0","0","0","0","0","0","0","0","0","0","0","9","0","40.0112","-75.1832","","CRASH_2001_Philadelphia"
"2001238958","06","67","67301","67301","2001","04","6","9999","99","3","1","0","8","1","","","N","01","2","00","3","0","1","2","2","N","N","40 01:24.456","75 09:37.253","9999","","9999","","0","","N","","3 ","","","","","","","","","","1","1","0","0","0","0","0","0","0","1","0","0","1","0","0","0","0","0","0","0","0","0","0","0","0","0","0","0","0","0","0","0","1","0","1","2","0","40.0235","-75.1603","","CRASH_2001_Philadelphia"
"2001240885","06","67","67301","67301","2001","04","3","2137","21","3","1","0","1","1","","","N","01","2","00","3","0","2","2","2","N","N","39 56:24.000","75 09:58.320","9999","","9999","","0","","N","","3 ","","","","","","","","","","2","2","0","0","0","0","0","0","0","0","1","0","1","0","1","0","0","0","0","0","0","0","0","0","0","0","0","0","0","0","0","0","0","0","0","3","0","39.94","-75.1663","","CRASH_2001_Philadelphia"
"2001207387","06","67","67301","67301","2001","01","2","1420","14","1","1","0","4","1","","","N","02","0","00","3","0","1","2","2","N","N","40 02:13.920","75 03:47.520","9999","","9999","","0","","N","","0 ","","","","","","","","","","2","1","0","0","1","0","0","0","0","0","0","0","0","0","1","0","0","0","0","0","0","0","0","0","0","0","0","0","0","0","0","0","0","0","0","9","0","40.0371","-75.0631","","CRASH_2001_Philadelphia"
"2001214277","06","67","67301","67301","2001","02","5","1833","18","3","4","3","2","1","","","N","00","0","00","3","0","1","3","2","N","N","","","9999","","9999","","0","","N","","0 ","","","","","","","","","","2","1","0","0","1","0","0","0","0","0","0","0","0","0","1","0","0","0","0","0","0","1","0","0","0","0","0","0","0","0","0","0","0","0","0","9","0","","","","CRASH_2001_Philadelphia"
"2001215481","06","67","67301","67301","2001","03","4","2130","21","3","1","0","8","1","","","N","01","2","00","3","0","1","2","2","N","N","39 56:50.280","75 08:52.800","9999","","9999","","0","","N","","3 ","","","","","","","","","","1","1","0","0","0","0","0","0","0","0","0","1","1","0","0","0","0","0","0","0","1","0","0","0","0","0","0","0","0","0","0","0","1","0","0","4","0","39.9473","-75.148","","CRASH_2001_Philadelphia"
"2001215723","06","67","67301","67301","2001","03","6","1840","18","3","1","0","5","1","","","N","01","2","00","3","0","0","2","2","N","N","40 01:15.600","75 08:24.360","9999","","9999","","0","","N","","3 ","","","","","","","","","","2","0","0","0","2","0","0","0","0","0","0","0","0","0","0","0","0","0","0","0","0","0","0","0","0","0","0","0","0","0","0","0","0","0","0","0","0","40.0215","-75.1398","","CRASH_2001_Philadelphia"
"2001216991","06","67","67301","67301","2001","03","7","1300","13","1","1","0","5","1","","","N","00","0","00","3","0","0","2","2","N","N","","","9999","","9999","","0","","N","","0 ","","","","","","","","","","2","2","0","0","0","0","0","0","0","0","0","0","0","0","0","0","0","0","0","0","0","0","0","0","0","0","0","0","0","0","0","0","0","0","0","0","0","","","","CRASH_2001_Philadelphia"
"2001224003","06","67","67301","67301","2001","03","2","1355","13","1","1","0","4","1","","","N","05","2","02","3","0","4","6","3","N","N","39 57:28.080","75 09:50.760","9999","","9999","","0","","N","","3 ","","","","","","","","","","3","3","0","0","0","0","0","0","0","0","0","4","4","0","0","0","0","0","0","0","1","0","0","0","0","0","0","0","0","0","0","0","0","0","0","4","0","39.9579","-75.1641","","CRASH_2001_Philadelphia"
"2001233043","06","67","67301","67301","2001","04","7","2029","20","3","1","0","4","1","","","N","10","2","00","3","0","3","5","2","N","N","40 03:31.188","75 02:39.382","9999","","9999","","0","","N","","3 ","","","","","","","","","","2","1","0","0","0","0","1","0","0","0","2","0","3","1","0","0","0","1","0","0","0","0","0","0","0","0","0","0","0","0","0","0","0","0","0","3","0","40.0587","-75.0443","","CRASH_2001_Philadelphia"
"2001233116","06","67","67301","67301","2001","03","6","0136","01","3","2","1","5","1","","","N","00","0","00","3","0","2","3","2","N","N","40 02:07.080","75 01:02.640","9999","","9999","","0","","N","","0 ","","","","","","","","","","2","2","0","0","0","0","0","0","0","0","0","2","2","0","0","0","0","1","0","0","0","0","0","0","0","0","0","0","0","0","0","0","0","0","0","4","0","40.0352","-75.0177","","CRASH_2001_Philadelphia"
"2001239065","06","67","67301","67301","2001","04","5","1315","13","1","1","0","1","1","1","8","Y","00","0","00","3","0","0","2","2","N","N","39 54:21.600","75 11:38.400","9999","99","9999","","0","","N","","0 ","","U","","","U","","","","","2","2","0","0","0","0","0","0","0","0","0","0","0","0","0","0","0","0","0","0","0","0","0","0","0","0","0","0","0","0","0","0","0","0","0","0","0","39.906","-75.1939","","CRASH_2001_Philadelphia"
"2001240946","06","67","67301","67301","2001","04","1","2305","23","3","1","0","1","1","","","N","06","0","02","3","0","0","3","3","N","N","40 01:04.800","75 10:18.840","9999","","9999","","0","","N","","0 ","","","","","","","","","","3","2","0","0","0","1","0","0","0","0","0","0","0","0","0","0","0","0","0","0","0","0","0","0","0","0","0","0","0","0","0","0","0","0","0","0","1","40.0179","-75.1718","","CRASH_2001_Philadelphia"
"2001206012","06","67","67301","67301","2001","01","5","0200","02","3","1","0","5","1","","","N","00","0","00","3","0","0","2","2","N","N","40 00:51.840","75 03:20.880","9999","","9999","","0","","N","","0 ","","","","","","","","","","2","1","0","0","1","0","0","0","0","0","0","0","0","0","0","0","0","0","0","0","0","0","0","1","0","0","0","0","0","0","0","0","0","0","0","0","0","40.0144","-75.0556","","CRASH_2001_Philadelphia"
"2001211213","06","67","67301","67501","2001","02","4","2131","21","3","2","1","7","1","","","N","00","8","05","3","0","0","2","1","N","N","","","9999","","9999","","0","","N","","3 ","","","","","","","","","","1","1","0","0","0","0","0","0","0","0","0","0","0","0","0","0","0","0","0","0","0","0","0","0","0","0","0","0","0","0","0","0","0","0","0","0","0","","","","CRASH_2001_Philadelphia"
"2001215625","06","67","67301","67301","2001","02","1","2210","22","3","1","0","4","1","","","N","01","2","00","3","0","3","4","2","N","N","","","9999","","9999","","0","","N","","3 ","","","","","","","","","","2","1","0","0","0","0","0","0","0","0","0","3","3","0","0","0","0","0","1","0","0","0","0","0","0","0","0","0","0","0","0","0","0","0","0","4","0","","","","CRASH_2001_Philadelphia"
"2001233515","06","67","67301","67301","2001","03","2","1411","14","1","1","0","5","1","","","N","07","0","02","3","0","1","3","3","N","N","39 54:13.320","75 09:01.440","9999","","9999","","0","","N","","0 ","","","","","","","","","","3","2","0","0","0","1","0","0","0","0","0","0","0","0","1","0","0","0","0","0","1","0","0","0","0","0","0","0","0","0","0","0","0","0","0","9","1","39.9056","-75.1498","","CRASH_2001_Philadelphia"
"2001206000","06","67","67301","67301","2001","01","3","0700","07","1","3","5","7","5","","","N","02","3","00","3","0","0","1","1","N","N","40 04:23.646","75 12:55.216","9999","","9999","","0","","N","","3 ","","","","","","","","","","1","1","0","0","0","0","0","0","0","0","0","0","0","0","0","0","0","0","0","0","0","0","0","0","0","0","0","0","0","0","0","0","0","0","0","0","0","40.0732","-75.2153","","CRASH_2001_Philadelphia"
"2001209123","06","67","67301","67301","2001","01","2","1321","13","1","1","1","1","1","","","N","01","2","00","3","0","2","3","3","N","N","39 57:51.120","75 14:47.040","9999","","9999","","0","","N","","3 ","","","","","","","","","","3","2","0","0","0","0","1","0","0","0","0","2","2","0","0","0","0","0","0","0","0","1","0","0","0","0","0","0","0","0","0","0","0","0","0","4","0","39.9643","-75.2465","","CRASH_2001_Philadelphia"
"2001008683","06","67","67301","67301","2001","05","4","0820","08","1","2","1","1","1","","","N","02","2","00","3","0","1","3","2","N","N","40 01:39.417","75 07:14.420","0830","","0827","","0","","N","","3 ","","","","","","","","","","2","2","0","0","0","0","0","0","0","0","0","1","1","0","0","0","0","0","0","0","0","0","0","3","0","0","0","0","0","0","0","0","0","0","0","4","0","40.0276","-75.1206","","CRASH_2001_Philadelphia"
"2001204141","06","67","67301","67301","2001","01","6","1340","13","1","4","1","8","1","","","N","00","0","00","3","0","1","2","2","N","N","40 02:08.880","75 10:29.640","9999","","9999","","0","","N","","0 ","","","","","","","","","","1","1","0","0","0","0","0","0","0","0","0","1","1","0","0","0","0","0","0","0","0","0","0","0","0","0","0","0","0","0","0","0","1","0","0","4","0","40.0359","-75.1748","","CRASH_2001_Philadelphia"
"2001213176","06","67","67301","67301","2001","02","4","1848","18","3","1","0","4","1","","","N","01","3","00","3","0","1","3","2","N","N","","","9999","","9999","","0","","N","","3 ","","","","","","","","","","1","1","0","0","0","0","0","0","1","0","0","0","0","0","1","0","0","0","0","0","0","0","0","0","0","0","0","0","0","0","0","0","0","0","0","9","0","","","","CRASH_2001_Philadelphia"
"2001223831","06","67","67301","67301","2001","03","2","1709","17","1","1","0","7","5","","","N","00","0","07","3","0","1","1","1","N","N","","","9999","","9999","","0","","N","","0 ","","","","","","","","","","1","1","0","0","0","0","0","0","0","0","0","0","0","0","1","0","0","0","0","0","1","0","0","1","0","0","0","0","0","0","0","0","0","0","0","9","0","","","","CRASH_2001_Philadelphia"
"2001238981","06","67","67301","67301","2001","04","4","0850","08","1","2","1","9","1","","","N","00","0","00","3","0","1","1","3","N","N","","","9999","","9999","","0","","N","","0 ","","","","","","","","","","3","1","0","0","0","0","0","0","0","0","0","1","1","0","0","0","0","0","0","0","0","0","0","0","0","0","0","0","0","0","0","0","0","0","0","4","0","","","","CRASH_2001_Philadelphia"
"2001240081","06","67","67301","67301","2001","04","5","2113","21","3","1","0","8","1","","","N","00","0","00","3","0","1","2","2","N","N","","","9999","","9999","","0","","N","","0 ","","","","","","","","","","1","1","0","0","0","0","0","0","0","0","1","0","1","0","0","0","0","0","0","0","0","0","0","0","0","0","0","0","0","0","0","0","1","0","0","3","0","","","","CRASH_2001_Philadelphia"