"CRN","DISTRICT","COUNTY","MUNICIPALITY","POLICE_AGCY","CRASH_YEAR","CRASH_MONTH","DAY_OF_WEEK","TIME_OF_DAY","HOUR_OF_DAY","ILLUMINATION","WEATHER","ROAD_CONDITION","COLLISION_TYPE","RELATION_TO_ROAD","WORK_ZONE_TYPE","WORK_ZONE_LOC","WORK_ZONE_IND","INTERSECT_TYPE","TCD_TYPE","LOCATION_TYPE","URBAN_RURAL","FATAL_COUNT","INJURY_COUNT","PERSON_COUNT","TOTAL_UNITS","SCH_BUS_IND","SCH_ZONE_IND","LATITUDE","LONGITUDE","ARRIVAL_TM","CONS_ZONE_SPD_LIM","DISPATCH_TM","EST_HRS_CLOSED","LANE_CLOSED","LN_CLOSE_DIR","NTFY_HIWY_MAINT","SPEC_JURIS_CD","TCD_FUNC_CD","TFC_DETOUR_IND","WORKERS_PRES","WZ_CLOSE_DETOUR","WZ_FLAGGER","WZ_LAW_OFFCR_IND","WZ_LN_CLOSURE","WZ_MOVING","WZ_OTHER","WZ_SHLDER_MDN","VEHICLE_COUNT","AUTOMOBILE_COUNT","MOTORCYCLE_COUNT","BUS_COUNT","SMALL_TRUCK_COUNT","HEAVY_TRUCK_COUNT","SUV_COUNT","VAN_COUNT","BICYCLE_COUNT","MAJ_INJ_COUNT","MOD_INJ_COUNT","MIN_INJ_COUNT","TOT_INJ_COUNT","UNK_INJ_DEG_COUNT","UNK_INJ_PER_COUNT","DRIVER_COUNT_16YR","DRIVER_COUNT_17YR","DRIVER_COUNT_18YR","DRIVER_COUNT_19YR","DRIVER_COUNT_20YR","DRIVER_COUNT_50_64YR","DRIVER_COUNT_65_74YR","DRIVER_COUNT_75PLUS","UNBELTED_OCC_COUNT","UNB_DEATH_COUNT","UNB_MAJ_INJ_COUNT","BELTED_DEATH_COUNT","BELTED_MAJ_INJ_COUNT","MCYCLE_DEATH_COUNT","MCYCLE_MAJ_INJ_COUNT","BICYCLE_DEATH_COUNT","BICYCLE_MAJ_INJ_COUNT","PED_COUNT","PED_DEATH_COUNT","PED_MAJ_INJ_COUNT","MAX_SEVERITY_LEVEL","COMM_VEH_COUNT","DEC_LAT","DEC_LONG","RDWY_SURF_TYPE_CD","COUNTY_YEAR"
"2001249656","06","67","67301","67301","2001","05","6","2303","23","3","1","0","4","1","","","N","00","0","00","3","0","1","2","2","N","N","","","9999","","9999","","0","","N","","0 ","","","","","","","","","","2","1","1","0","0","0","0","0","0","0","0","1","1","0","0","0","0","0","0","0","0","0","1","0","0","0","0","0","0","0","0","0","0","0","0","4","0","","","","CRASH_2001_Philadelphia"
"2001204162","06","67","67301","67301","2001","01","2","0130","01","3","1","3","6","1","","","N","00","0","00","3","0","2","3","2","N","N","","","9999","","9999","","0","","N","","0 ","","","","","","","","","","2","0","0","0","1","0","0","0","0","0","0","2","2","0","0","0","0","0","0","0","0","0","0","0","0","0","0","0","0","0","0","0","0","0","0","4","0","","","","CRASH_2001_Philadelphia"
"2001208894","06","67","67301","67301","2001","02","1","0050","00","3","1","0","4","1","","","N","00","1","07","3","0","3","3","2","N","N","39 58:54.480","75 15:55.080","9999","","9999","","0","","N","","3 ","","","","","","","","","","2","2","0","0","0","0","0","0","0","0","2","0","2","0","1","0","0","0","0","0","0","0","0","2","0","0","0","0","0","0","0","0","0","0","0","3","0","39.9787","-75.2725","","CRASH_2001_Philadelphia"
"2001215515","06","67","67301","67301","2001","03","7","0713","07","1","1","0","7","5","","","N","00","0","00","3","0","0","1","1","N","N","40 00:00.720","75 11:26.520","9999","","9999","","0","","N","","0 ","","","","","","","","","","1","1","0","0","0","0","0","0","0","0","0","0","0","0","0","0","0","0","0","0","0","0","0","0","0","0","0","0","0","0","0","0","0","0","0","0","0","40","-75.1906","","CRASH_2001_Philadelphia"
"2001215639","06","67","67301","67301","2001","02","3","1730","17","1","1","0","4","1","","","N","01","2","00","3","0","1","2","2","N","N","39 59:23.280","75 06:13.680","9999","","9999","","0","","N","","3 ","","","","","","","","","","2","2","0","0","0","0","0","0","0","0","0","1","1","0","0","0","0","0","0","0","2","0","0","0","0","0","0","0","0","0","0","0","0","0","0","4","0","39.9898","-75.1038","","CRASH_2001_Philadelphia"
"2001233111","06","67","67301","67301","2001","03","6","0551","05","1","2","1","4","1","","","N","01","2","00","3","0","1","2","2","N","N","39 54:20.520","75 11:37.680","9999","","9999","","0","","N","","3 ","","","","","","","","","","2","2","0","0","0","0","0","0","0","0","0","1","1","0","0","0","0","0","0","0","1","0","0","0","0","0","0","0","0","0","0","0","0","0","0","4","0","39.9057","-75.1938","","CRASH_2001_Philadelphia"
"2001239044","06","67","67301","67301","2001","04","5","2215","22","3","2","0","4","1","","","N","00","0","07","3","0","2","3","2","N","N","40 06:01.080","75 01:46.200","9999","","9999","","0","","N","","0 ","","","","","","","","","","2","2","0","0","0","0","0","0","0","0","0","2","2","0","0","0","0","1","0","0","0","0","1","0","0","0","0","0","0","0","0","0","0","0","0","4","0","40.1004","-75.0297","","CRASH_2001_Philadelphia"
"2001240886","06","67","67301","67301","2001","04","5","0810","08","1","1","0","4","1","","","N","01","2","00","3","0","3","4","2","N","N","39 57:46.440","75 12:07.200","9999","","9999","","0","","N","","3 ","","","","","","","","","","1","1","0","0","0","0","0","0","0","0","1","1","2","0","1","0","0","0","0","0","0","0","0","0","0","0","0","0","0","0","0","0","0","0","0","3","0","39.9629","-75.2019","","CRASH_2001_Philadelphia"
"2001243659","06","67","67301","67301","2001","03","7","2129","21","3","1","0","9","1","","","N","00","0","00","3","0","0","1","2","N","N","39 57:45.000","75 14:40.920","9999","","9999","","0","","N","","0 ","","","","","","","","","","2","0","0","0","0","0","0","1","0","0","0","0","0","0","0","0","0","0","0","0","0","0","0","0","0","0","0","0","0","0","0","0","0","0","0","0","0","39.9625","-75.2447","","CRASH_2001_Philadelphia"
"2001008590","06","67","67301","67301","2001","05","5","1600","16","1","1","0","5","1","","","N","01","3","00","3","0","1","2","2","N","N","39 59:32.438","75 06:35.200","1610","","1606","","0","","N","","3 ","","","","","","","","","","2","2","0","0","0","0","0","0","0","0","0","1","1","0","0","0","0","0","1","0","1","0","0","0","0","0","0","0","0","0","0","0","0","0","0","4","0","39.9923","-75.1098","","CRASH_2001_Philadelphia"
"2001207658","06","67","67301","67301","2001","01","5","0854","08","1","1","0","5","1","","","N","00","0","00","3","0","0","2","2","N","N","40 04:06.600","75 14:25.080","9999","","9999","","0","","N","","0 ","","","","","","","","","","2","1","0","0","0","1","0","0","0","0","0","0","0","0","0","0","0","0","0","0","0","0","0","0","0","0","0","0","0","0","0","0","0","0","0","0","0","40.0687","-75.2404","","CRASH_2001_Philadelphia"
"2001216911","06","67","67301","67301","2001","03","7","1410","14","1","1","0","4","1","","","N","01","2","00","3","0","0","3","2","N","N","40 04:26.865","75 09:30.131","9999","","9999","","0","","N","","3 ","","","","","","","","","","2","1","0","0","0","0","0","1","0","0","0","0","0","0","0","0","0","0","0","0","0","0","0","0","0","0","0","0","0","0","0","0","0","0","0","0","0","40.0741","-75.1584","","CRASH_2001_Philadelphia"
"2001223847","06","67","67301","67301","2001","03","6","0644","06","1","9","9","7","1","","","N","00","0","00","3","0","0","1","1","N","N","","","9999","","9999","","0","","N","","0 ","","","","","","","","","","1","0","0","0","0","0","0","1","0","0","0","0","0","0","0","0","0","0","0","0","0","0","0","0","0","0","0","0","0","0","0","0","0","0","0","0","0","","","","CRASH_2001_Philadelphia"
"2001243085","06","67","67301","67301","2001","04","6","1909","19","4","1","0","8","1","","","N","00","0","00","3","0","1","2","2","N","N","","","9999","","9999","","0","","N","","0 ","","","","","","","","","","1","0","0","0","0","0","0","0","0","0","1","0","1","0","0","0","0","0","0","0","0","0","0","0","0","0","0","0","0","0","0","0","1","0","0","3","0","","","","CRASH_2001_Philadelphia"
"2001208887","06","67","67301","67301","2001","02","2","1959","19","3","4","3","5","1","","","N","00","0","02","3","0","4","4","2","N","N","39 57:34.920","75 08:26.880","9999","","9999","","0","","N","","0 ","","","","","","","","","","2","1","0","0","0","0","0","1","0","0","0","0","0","0","4","0","0","0","0","0","0","0","0","0","0","0","0","0","0","0","0","0","0","0","0","9","0","39.9631","-75.1396","","CRASH_2001_Philadelphia"
"2001208982","06","67","67301","67301","2001","01","1","2146","21","3","1","0","7","1","","","N","00","0","00","3","0","1","1","1","N","N","","","9999","","9999","","0","","N","","0 ","","","","","","","","","","1","1","0","0","0","0","0","0","0","0","1","0","1","0","0","0","0","0","0","0","0","0","0","1","0","0","0","0","0","0","0","0","0","0","0","3","0","","","","CRASH_2001_Philadelphia"
"2001214228","06","67","67301","67301","2001","03","5","0720","07","1","1","0","4","1","","","N","01","2","00","3","0","2","3","2","N","N","39 57:23.760","75 12:35.280","9999","","9999","","0","","N","","3 ","","","","","","","","","","2","1","0","0","0","0","1","0","0","0","0","2","2","0","0","0","0","0","0","0","0","0","0","0","0","0","0","0","0","0","0","0","0","0","0","4","0","39.9566","-75.2098","","CRASH_2001_Philadelphia"
"2001215544","06","67","67301","67301","2001","03","7","2225","22","3","1","0","1","1","","","N","00","0","00","3","0","1","3","2","N","N","39 58:05.880","75 11:26.520","9999","","9999","","0","","N","","0 ","","","","","","","","","","2","2","0","0","0","0","0","0","0","0","0","1","1","0","0","0","0","0","0","0","0","0","0","0","0","0","0","0","0","0","0","0","0","0","0","4","0","39.9683","-75.1907","","CRASH_2001_Philadelphia"
"2001216902","06","67","67301","67301","2001","03","5","0716","07","1","1","0","1","1","","","N","00","0","00","3","0","1","3","2","N","N","","","9999","","9999","","0","","N","","0 ","","","","","","","","","","2","2","0","0","0","0","0","0","0","0","0","0","0","0","1","0","0","0","0","0","0","0","0","0","0","0","0","0","0","0","0","0","0","0","0","9","0","","","","CRASH_2001_Philadelphia"
"2001007177","06","67","67301","67301","2001","06","2","1547","15","1","1","1","2","1","","","N","00","0","00","3","0","3","3","2","N","N","40 05:53.880","75 01:49.080","1550","","1550","","0","","N","","0 ","","","","","","","","","","2","2","0","0","0","0","0","0","0","0","1","2","3","0","0","0","0","0","0","0","0","0","2","0","0","0","0","0","0","0","0","0","0","0","0","3","0","40.0983","-75.0303","","CRASH_2001_Philadelphia"
"2001234144","06","67","67301","67501","2001","04","1","1800","18","1","1","0","0","1","","","N","00","0","00","3","0","0","1","1","N","N","","","9999","","9999","","0","","N","","0 ","","","","","","","","","","1","1","0","0","0","0","0","0","0","0","0","0","0","0","0","0","0","0","0","0","1","0","0","0","0","0","0","0","0","0","0","0","0","0","0","0","0","","","","CRASH_2001_Philadelphia"
"2001010305","06","67","67301","67301","2001","06","1","1116","11","1","1","1","4","1","","","N","01","2","00","3","0","2","2","2","N","N","39 58:38.149","75 13:36.778","1117","","1117","","0","","N","","2 ","","","","","","","","","","2","2","0","0","0","0","0","0","0","0","1","1","2","0","0","0","0","0","0","0","0","0","0","0","0","0","0","0","0","0","0","0","0","0","0","3","0","39.9772","-75.2268","","CRASH_2001_Philadelphia"
"2001204640","06","67","67301","67301","2001","01","6","1405","14","1","4","3","1","1","","","N","01","2","00","3","0","1","3","2","N","N","40 01:32.520","75 03:29.880","9999","","9999","","0","","N","","3 ","","","","","","","","","","2","1","0","0","0","0","0","1","0","0","0","1","1","0","0","0","0","0","0","0","0","0","0","0","0","0","0","0","0","0","0","0","0","0","0","4","0","40.0257","-75.0582","","CRASH_2001_Philadelphia"
"2001206206","06","67","67301","67301","2001","01","6","1737","17","3","2","1","4","1","","","N","01","2","00","3","0","1","4","3","N","N","40 03:47.160","75 01:19.200","9999","","9999","","0","","N","","3 ","","","","","","","","","","3","1","0","0","1","0","0","1","0","0","0","1","1","0","0","0","0","1","0","0","0","0","0","0","0","0","0","0","0","0","0","0","0","0","0","4","0","40.0631","-75.022","","CRASH_2001_Philadelphia"
"2001207409","06","67","67301","67301","2001","01","6","1525","15","1","1","0","8","1","","","N","02","3","00","3","0","1","2","2","N","N","40 06:01.083","75 03:49.402","9999","","9999","","0","","N","","3 ","","","","","","","","","","1","0","0","0","0","0","0","1","0","0","1","0","1","0","0","0","0","0","0","0","0","0","0","0","0","0","0","0","0","0","0","0","1","0","0","3","0","40.1003","-75.0637","","CRASH_2001_Philadelphia"
"2001208909","06","67","67301","67301","2001","02","7","1340","13","1","1","0","4","1","","","N","01","3","00","3","0","2","3","5","N","N","","","9999","","9999","","0","","N","","3 ","","","","","","","","","","5","3","0","0","0","0","0","0","0","0","0","1","1","0","1","0","1","0","0","0","0","1","0","0","0","0","0","0","0","0","0","0","0","0","0","4","0","","","","CRASH_2001_Philadelphia"
"2001211426","06","67","67301","67301","2001","02","3","9999","99","1","1","0","1","1","","","N","02","2","00","3","0","3","4","2","N","N","39 59:02.760","75 11:17.160","9999","","9999","","0","","N","","3 ","","","","","","","","","","2","1","0","0","0","0","0","1","0","0","0","3","3","0","0","0","0","0","0","0","1","0","0","0","0","0","0","0","0","0","0","0","0","0","0","4","0","39.9842","-75.188","","CRASH_2001_Philadelphia"
"2001211725","06","67","67301","67301","2001","02","5","0935","09","1","1","0","4","1","","","N","01","2","00","3","0","1","4","2","N","N","40 03:51.796","75 09:23.446","9999","","9999","","0","","N","","3 ","","","","","","","","","","2","1","0","0","1","0","0","0","0","0","0","0","0","0","1","0","0","0","0","0","1","0","0","0","0","0","0","0","0","0","0","0","0","0","0","9","0","40.0644","-75.1565","","CRASH_2001_Philadelphia"
"2001211732","06","67","67301","67301","2001","02","3","2320","23","3","2","0","4","1","","","N","01","2","00","3","0","0","4","3","N","N","39 59:40.200","75 09:33.840","9999","","9999","","0","","N","","3 ","","","","","","","","","","3","3","0","0","0","0","0","0","0","0","0","0","0","0","0","0","0","0","0","0","0","0","0","0","0","0","0","0","0","0","0","0","0","0","0","0","0","39.9945","-75.1594","","CRASH_2001_Philadelphia"
"2001231143","06","67","67301","67301","2001","03","7","2254","22","3","1","0","1","1","","","N","01","2","00","3","0","1","2","2","N","N","40 02:20.760","75 08:40.920","9999","","9999","","0","","N","","3 ","","","","","","","","","","2","2","0","0","0","0","0","0","0","0","0","1","1","0","0","0","0","0","0","0","1","0","0","0","0","0","0","0","0","0","0","0","0","0","0","4","0","40.039","-75.1446","","CRASH_2001_Philadelphia"
"2001244627","06","67","67301","67301","2001","05","1","2002","20","1","1","0","8","1","","","N","00","0","00","3","0","1","2","2","N","N","","","9999","","9999","","0","","N","","0 ","","","","","","","","","","1","1","0","0","0","0","0","0","0","0","0","1","1","0","0","0","0","0","0","0","0","0","0","0","0","0","0","0","0","0","0","0","1","0","0","4","0","","","","CRASH_2001_Philadelphia"
"2001204169","06","67","67301","67301","2001","01","3","0930","09","1","1","0","9","1","","","N","00","0","00","3","0","0","1","2","N","N","40 03:41.040","75 11:31.560","9999","","9999","","0","","N","","0 ","","","","","","","","","","2","0","0","0","0","1","0","0","0","0","0","0","0","0","0","0","0","0","0","0","0","0","0","0","0","0","0","0","0","0","0","0","0","0","0","0","1","40.0614","-75.192","","CRASH_2001_Philadelphia"
"2001210734","06","67","67301","67301","2001","02","7","1603","16","1","1","0","4","1","","","N","01","2","00","3","0","1","3","2","N","N","","","9999","","9999","","0","","N","","3 ","","","","","","","","","","1","1","0","0","0","0","0","0","1","0","0","1","1","0","0","0","0","0","0","0","0","0","0","0","0","0","0","0","0","0","0","0","0","0","0","4","0","","","","CRASH_2001_Philadelphia"
"2001220830","06","67","67301","67301","2001","03","6","2010","20","3","2","1","4","1","","","N","01","2","00","3","0","3","5","2","N","N","","","9999","","9999","","0","","N","","3 ","","","","","","","","","","2","2","0","0","0","0","0","0","0","0","0","3","3","0","0","1","0","0","0","0","0","0","0","0","0","0","0","0","0","0","0","0","0","0","0","4","0","","","","CRASH_2001_Philadelphia"
"2001240304","06","67","67301","67301","2001","04","6","0943","09","1","9","9","4","1","","","N","01","2","00","3","0","0","3","3","N","N","40 00:29.520","75 12:41.040","9999","","9999","","0","","N","","3 ","","","","","","","","","","3","3","0","0","0","0","0","0","0","0","0","0","0","0","0","0","0","0","0","0","1","0","0","0","0","0","0","0","0","0","0","0","0","0","0","0","0","40.0086","-75.2108","","CRASH_2001_Philadelphia"
"2001243272","06","67","67301","67301","2001","04","4","2115","21","3","1","0","7","5","","","N","00","0","00","3","0","2","2","1","N","N","39 58:29.280","75 07:03.000","9999","","9999","","0","","N","","0 ","","","","","","","","","","1","1","0","0","0","0","0","0","0","0","1","1","2","0","0","0","0","0","0","0","0","0","0","0","0","0","0","0","0","0","0","0","0","0","0","3","0","39.9745","-75.118","","CRASH_2001_Philadelphia"
"2001244913","06","67","67301","67301","2001","05","1","1420","14","1","1","0","4","1","","","N","01","3","00","3","0","1","2","2","N","N","","","9999","","9999","","0","","N","","3 ","","","","","","","","","","1","1","0","0","0","0","0","0","1","0","0","1","1","0","0","0","0","0","0","0","0","0","0","0","0","0","0","0","0","0","0","0","0","0","0","4","0","","","","CRASH_2001_Philadelphia"
"2001401000","06","67","67301","67301","2001","10","5","1440","14","1","1","0","4","1","","","N","00","0","00","3","1","3","4","2","N","N","40 00:50.400","75 11:06.000","9999","","9999","","0","","N","9","0 ","","","","","","","","","","2","2","0","0","0","0","0","0","0","1","1","1","3","0","0","0","0","0","0","0","0","0","1","1","0","0","1","1","0","0","0","0","0","0","0","1","0","40.014","-75.1849","2 ","CRASH_2001_Philadelphia"
"2001231176","06","67","67301","67301","2001","03","4","1405","14","1","2","1","7","2","","","N","00","0","00","3","0","0","1","1","N","N","40 02:53.520","74 59:54.960","9999","","9999","","0","","N","","0 ","","","","","","","","","","1","1","0","0","0","0","0","0","0","0","0","0","0","0","0","0","0","0","0","0","0","0","0","0","0","0","0","0","0","0","0","0","0","0","0","0","0","40.0484","-74.999","","CRASH_2001_Philadelphia"
"2001233190","06","67","67301","67301","2001","04","2","1540","15","1","1","0","4","1","","","N","02","3","00","3","0","1","2","2","N","N","40 03:42.840","74 59:39.120","9999","","9999","","0","","N","","3 ","","","","","","","","","","2","2","0","0","0","0","0","0","0","0","0","1","1","0","0","0","0","0","0","0","0","1","1","0","0","0","0","0","0","0","0","0","0","0","0","4","0","40.062","-74.9944","","CRASH_2001_Philadelphia"
"2001238376","06","67","67301","67301","2001","04","7","0745","07","1","1","0","8","1","","","N","01","3","00","3","0","1","4","2","N","N","39 59:45.751","75 07:21.521","9999","","9999","","0","","N","","3 ","","","","","","","","","","1","1","0","0","0","0","0","0","0","0","1","0","1","0","0","0","0","0","0","0","0","0","0","0","0","0","0","0","0","0","0","0","1","0","0","3","0","39.996","-75.1226","","CRASH_2001_Philadelphia"
"2001243636","06","67","67301","67301","2001","05","2","0930","09","1","1","0","7","1","","","N","00","0","03","3","0","1","2","2","N","N","39 54:07.920","75 12:06.840","9999","","9999","","0","","N","","0 ","","","","","","","","","","2","2","0","0","0","0","0","0","0","0","1","0","1","0","0","0","0","0","0","0","0","0","0","0","0","0","0","0","0","0","0","0","0","0","0","3","0","39.9021","-75.202","","CRASH_2001_Philadelphia"
"2001213095","06","67","67301","67301","2001","02","7","1320","13","1","1","0","4","1","","","N","01","3","00","3","0","1","3","2","N","N","","","9999","","9999","","0","","N","","3 ","","","","","","","","","","2","2","0","0","0","0","0","0","0","0","0","1","1","0","0","0","0","0","0","0","0","0","0","0","0","0","0","0","0","0","0","0","0","0","0","4","0","","","","CRASH_2001_Philadelphia"
"2001214236","06","67","67301","67301","2001","02","4","1542","15","1","1","0","7","1","","","N","01","2","00","3","0","1","2","2","N","N","39 57:25.560","75 12:48.240","9999","","9999","","0","","N","","3 ","","","","","","","","","","1","1","0","0","0","0","0","0","0","0","1","0","1","0","0","0","0","0","0","0","1","0","0","0","0","0","0","0","0","0","0","0","1","0","0","3","0","39.957","-75.2133","","CRASH_2001_Philadelphia"
"2001238237","06","67","67301","67301","2001","04","6","1500","15","1","1","1","8","1","","","N","00","0","00","3","0","1","2","2","N","N","39 58:08.760","75 08:01.320","9999","","9999","","0","","N","","0 ","","","","","","","","","","1","1","0","0","0","0","0","0","0","0","0","1","1","0","0","0","0","0","0","0","1","0","0","0","0","0","0","0","0","0","0","0","1","0","0","4","0","39.9691","-75.1337","","CRASH_2001_Philadelphia"
"2001007384","06","67","67301","67301","2001","05","1","1206","12","1","1","0","4","1","","","N","10","0","00","3","0","1","2","2","N","N","","","1208","","1205","","0","","N","","0 ","","","","","","","","","","1","1","0","0","0","0","0","0","1","1","0","0","1","0","0","0","0","0","0","0","1","0","0","0","0","0","0","0","0","0","0","1","0","0","0","2","0","","","","CRASH_2001_Philadelphia"
"2001210613","06","67","67301","67301","2001","02","1","0310","03","3","1","0","9","1","","","N","01","2","00","3","0","1","1","2","N","N","40 01:44.500","75 08:46.197","9999","","9999","","0","","N","","3 ","","","","","","","","","","2","0","0","0","0","0","0","1","0","0","0","0","0","0","1","0","0","0","0","0","0","0","0","1","0","0","0","0","0","0","0","0","0","0","0","9","0","40.029","-75.1462","","CRASH_2001_Philadelphia"
"2001210617","06","67","67301","67301","2001","02","5","0126","01","3","1","0","4","1","","","N","01","3","00","3","0","0","3","3","N","N","","","9999","","9999","","0","","N","","3 ","","","","","","","","","","3","2","0","0","0","0","0","0","0","0","0","0","0","0","0","0","0","0","0","0","0","0","0","0","0","0","0","0","0","0","0","0","0","0","0","0","0","","","","CRASH_2001_Philadelphia"
"2001210643","06","67","67301","67301","2001","01","1","0850","08","1","1","0","4","1","","","N","01","9","00","3","0","1","2","2","N","N","","","9999","","9999","","0","","N","","9 ","","","","","","","","","","2","1","0","0","0","0","0","1","0","0","0","1","1","0","0","0","0","0","0","0","1","0","0","0","0","0","0","0","0","0","0","0","0","0","0","4","0","","","","CRASH_2001_Philadelphia"
"2001217012","06","67","67301","67301","2001","03","1","0339","03","3","1","0","7","1","","","N","00","0","00","3","0","0","1","1","N","N","39 55:22.080","75 11:28.320","9999","","9999","","0","","N","","0 ","","","","","","","","","","1","1","0","0","0","0","0","0","0","0","0","0","0","0","0","0","0","0","0","0","0","0","0","0","0","0","0","0","0","0","0","0","0","0","0","0","0","39.9239","-75.1922","","CRASH_2001_Philadelphia"
"2001244831","06","67","67301","67301","2001","05","7","1822","18","1","1","0","9","1","","","N","00","0","00","3","0","0","1","2","N","N","","","9999","","9999","","0","","N","","0 ","","","","","","","","","","2","1","0","0","0","0","0","0","0","0","0","0","0","0","0","0","0","0","0","0","0","0","1","0","0","0","0","0","0","0","0","0","0","0","0","0","0","","","","CRASH_2001_Philadelphia"
"2001019570","06","67","67301","67301","2001","05","2","1340","13","1","2","1","2","1","","","N","02","0","00","3","0","1","2","2","Y","N","39 55:59.017","75 14:18.223","1351","","1350","2","2","6","Y","","0 ","Y","","","","","","","","","2","1","0","1","0","0","0","0","0","0","1","0","1","0","0","0","0","0","0","1","1","0","0","0","0","0","0","0","0","0","0","0","0","0","0","3","1","39.933","-75.2383","","CRASH_2001_Philadelphia"
"2001210583","06","67","67301","67301","2001","02","2","1207","12","1","4","3","4","1","","","N","01","2","00","3","0","0","2","2","N","N","","","9999","","9999","","0","","N","","3 ","","","","","","","","","","2","2","0","0","0","0","0","0","0","0","0","0","0","0","0","0","0","0","0","0","0","0","0","0","0","0","0","0","0","0","0","0","0","0","0","0","0","","","","CRASH_2001_Philadelphia"
"2001223923","06","67","67301","67301","2001","03","7","2316","23","3","1","0","7","1","","","N","00","0","00","3","0","0","1","1","N","N","39 58:30.000","75 11:40.200","9999","","9999","","0","","N","","0 ","","","","","","","","","","1","1","0","0","0","0","0","0","0","0","0","0","0","0","0","0","0","0","0","0","0","0","0","0","0","0","0","0","0","0","0","0","0","0","0","0","0","39.975","-75.1945","","CRASH_2001_Philadelphia"
"2001233047","06","67","67301","67301","2001","04","7","1403","14","1","1","0","4","1","","","N","00","0","07","3","0","1","2","2","N","N","39 58:11.280","75 14:43.080","9999","","9999","","0","","N","","0 ","","","","","","","","","","2","2","0","0","0","0","0","0","0","0","0","0","0","0","1","0","0","0","0","0","0","0","0","0","0","0","0","0","0","0","0","0","0","0","0","9","0","39.97","-75.2453","","CRASH_2001_Philadelphia"
"2001238918","06","67","67301","67301","2001","04","6","0652","06","1","1","0","4","1","","","N","01","2","00","3","0","0","2","2","N","N","39 57:42.120","75 14:19.680","9999","","9999","","0","","N","","3 ","","","","","","","","","","2","0","0","0","0","1","1","0","0","0","0","0","0","0","0","0","0","0","0","0","1","0","0","0","0","0","0","0","0","0","0","0","0","0","0","0","0","39.9616","-75.2388","","CRASH_2001_Philadelphia"
"2001240175","06","67","67301","67301","2001","04","2","0750","07","1","1","0","8","1","","","N","00","0","00","3","0","1","2","2","N","N","40 03:34.920","75 09:56.880","9999","","9999","","0","","N","","0 ","","","","","","","","","","1","1","0","0","0","0","0","0","0","0","1","0","1","0","0","0","0","0","0","0","0","0","0","0","0","0","0","0","0","0","0","0","1","0","0","3","0","40.0597","-75.1658","","CRASH_2001_Philadelphia"
"2001238200","06","67","67301","67301","2001","04","7","1530","15","1","1","0","8","1","","","N","00","0","00","3","0","1","2","2","N","N","","","9999","","9999","","0","","N","","0 ","","","","","","","","","","1","1","0","0","0","0","0","0","0","0","0","0","0","0","1","0","0","0","0","0","0","1","0","0","0","0","0","0","0","0","0","0","1","0","0","9","0","","","","CRASH_2001_Philadelphia"
"2001238869","06","67","67301","67301","2001","04","2","2200","22","3","2","0","3","1","","","N","00","0","00","3","0","1","2","2","N","N","","","9999","","9999","","0","","N","","0 ","","","","","","","","","","2","2","0","0","0","0","0","0","0","0","0","1","1","0","0","0","0","0","0","0","0","0","0","0","0","0","0","0","0","0","0","0","0","0","0","4","0","","","","CRASH_2001_Philadelphia"
"2001240191","06","67","67301","67301","2001","04","2","1249","12","1","1","0","1","1","","","N","00","0","00","3","0","1","2","2","N","N","40 02:37.320","75 09:42.840","9999","","9999","","0","","N","","0 ","","","","","","","","","","2","2","0","0","0","0","0","0","0","0","0","1","1","0","0","0","0","0","0","0","0","0","0","0","0","0","0","0","0","0","0","0","0","0","0","4","0","40.0437","-75.1619","","CRASH_2001_Philadelphia"
"2001243740","06","67","67301","67301","2001","05","5","2355","23","3","1","0","4","1","","","N","05","2","02","3","0","1","2","2","N","N","39 57:25.560","75 09:04.680","9999","","9999","","0","","N","","3 ","","","","","","","","","","2","1","0","0","0","0","1","0","0","0","0","0","0","0","1","0","0","0","0","0","0","0","0","0","0","0","0","0","0","0","0","0","0","0","0","9","0","39.9571","-75.1511","","CRASH_2001_Philadelphia"
"2001238095","06","67","67301","67301","2001","04","4","1636","16","1","2","1","4","1","","","N","01","3","00","3","0","2","3","2","N","N","","","9999","","9999","","0","","N","","3 ","","","","","","","","","","2","2","0","0","0","0","0","0","0","0","0","2","2","0","0","0","0","0","0","0","0","0","0","0","0","0","0","0","0","0","0","0","0","0","0","4","0","","","","CRASH_2001_Philadelphia"
"2001204553","06","67","67301","67301","2001","01","2","1713","17","3","6","1","8","1","","","N","01","3","00","3","0","1","2","2","N","N","","","9999","","9999","","0","","N","","3 ","","","","","","","","","","1","0","0","0","0","0","1","0","0","0","0","1","1","0","0","0","0","0","0","0","0","0","0","0","0","0","0","0","0","0","0","0","1","0","0","4","0","","","","CRASH_2001_Philadelphia"
"2001207642","06","67","67301","67301","2001","01","7","1155","11","1","2","1","1","1","","","N","00","0","00","3","0","2","3","2","N","N","39 58:26.400","75 12:14.760","9999","","9999","","0","","N","","0 ","","","","","","","","","","2","2","0","0","0","0","0","0","0","0","0","2","2","0","0","0","0","0","0","0","0","0","0","0","0","0","0","0","0","0","0","0","0","0","0","4","0","39.9741","-75.2044","","CRASH_2001_Philadelphia"
"2001209009","06","67","67301","67301","2001","01","2","0749","07","1","1","0","8","1","","","N","00","0","00","3","0","2","3","3","N","N","","","9999","","9999","","0","","N","","0 ","","","","","","","","","","1","1","0","0","0","0","0","0","0","0","0","2","2","0","0","0","0","0","0","0","0","0","0","0","0","0","0","0","0","0","0","0","2","0","0","4","0","","","","CRASH_2001_Philadelphia"