"CRN","DISTRICT","COUNTY","MUNICIPALITY","POLICE_AGCY","CRASH_YEAR","CRASH_MONTH","DAY_OF_WEEK","TIME_OF_DAY","HOUR_OF_DAY","ILLUMINATION","WEATHER","ROAD_CONDITION","COLLISION_TYPE","RELATION_TO_ROAD","WORK_ZONE_TYPE","WORK_ZONE_LOC","WORK_ZONE_IND","INTERSECT_TYPE","TCD_TYPE","LOCATION_TYPE","URBAN_RURAL","FATAL_COUNT","INJURY_COUNT","PERSON_COUNT","TOTAL_UNITS","SCH_BUS_IND","SCH_ZONE_IND","LATITUDE","LONGITUDE","ARRIVAL_TM","CONS_ZONE_SPD_LIM","DISPATCH_TM","EST_HRS_CLOSED","LANE_CLOSED","LN_CLOSE_DIR","NTFY_HIWY_MAINT","SPEC_JURIS_CD","TCD_FUNC_CD","TFC_DETOUR_IND","WORKERS_PRES","WZ_CLOSE_DETOUR","WZ_FLAGGER","WZ_LAW_OFFCR_IND","WZ_LN_CLOSURE","WZ_MOVING","WZ_OTHER","WZ_SHLDER_MDN","VEHICLE_COUNT","AUTOMOBILE_COUNT","MOTORCYCLE_COUNT","BUS_COUNT","SMALL_TRUCK_COUNT","HEAVY_TRUCK_COUNT","SUV_COUNT","VAN_COUNT","BICYCLE_COUNT","MAJ_INJ_COUNT","MOD_INJ_COUNT","MIN_INJ_COUNT","TOT_INJ_COUNT","UNK_INJ_DEG_COUNT","UNK_INJ_PER_COUNT","DRIVER_COUNT_16YR","DRIVER_COUNT_17YR","DRIVER_COUNT_18YR","DRIVER_COUNT_19YR","DRIVER_COUNT_20YR","DRIVER_COUNT_50_64YR","DRIVER_COUNT_65_74YR","DRIVER_COUNT_75PLUS","UNBELTED_OCC_COUNT","UNB_DEATH_COUNT","UNB_MAJ_INJ_COUNT","BELTED_DEATH_COUNT","BELTED_MAJ_INJ_COUNT","MCYCLE_DEATH_COUNT","MCYCLE_MAJ_INJ_COUNT","BICYCLE_DEATH_COUNT","BICYCLE_MAJ_INJ_COUNT","PED_COUNT","PED_DEATH_COUNT","PED_MAJ_INJ_COUNT","MAX_SEVERITY_LEVEL","COMM_VEH_COUNT","DEC_LAT","DEC_LONG","RDWY_SURF_TYPE_CD","COUNTY_YEAR"
"2001211434","06","67","67301","67301","2001","02","4","1848","18","3","2","1","9","1","","","N","00","0","00","3","0","1","2","2","N","N","40 03:03.600","75 05:39.120","9999","","9999","","0","","N","","0 ","","","","","","","","","","2","1","0","0","0","0","0","0","0","0","1","0","1","0","0","0","0","0","0","0","1","0","0","0","0","0","0","0","0","0","0","0","0","0","0","3","0","40.051","-75.0942","","CRASH_2001_Philadelphia"
"2001238145","06","67","67301","67301","2001","04","3","2026","20","3","1","0","7","2","","","N","00","0","02","3","0","1","1","1","N","N","39 59:53.160","75 04:52.680","9999","","9999","","0","","N","","0 ","","","","","","","","","","1","1","0","0","0","0","0","0","0","0","0","1","1","0","0","0","0","0","0","0","1","0","0","0","0","0","0","0","0","0","0","0","0","0","0","4","0","39.9955","-75.0831","","CRASH_2001_Philadelphia"
"2001243280","06","67","67301","67301","2001","04","5","0805","08","1","9","9","4","1","","","N","01","3","00","3","0","0","2","2","N","N","","","9999","","9999","","0","","N","","3 ","","","","","","","","","","2","1","0","0","0","0","1","0","0","0","0","0","0","0","0","0","0","0","0","0","0","0","0","0","0","0","0","0","0","0","0","0","0","0","0","0","0","","","","CRASH_2001_Philadelphia"
"2001015119","06","67","67301","67301","2001","06","2","1930","19","1","1","0","4","1","","","N","01","2","00","3","0","3","4","3","N","N","40 02:28.611","75 06:24.402","1939","","1934","","0","","N","","3 ","","","","","","","","","","3","3","0","0","0","0","0","0","0","0","1","2","3","0","0","0","0","0","0","0","0","0","0","0","0","0","0","0","0","0","0","0","0","0","0","3","0","40.0413","-75.1067","","CRASH_2001_Philadelphia"
"2001201836","06","67","67301","67301","2001","03","4","1215","12","1","1","0","8","1","","","N","00","0","00","3","0","1","2","2","N","N","39 58:17.400","75 08:03.840","9999","","9999","","0","","N","","0 ","","","","","","","","","","1","0","0","0","0","0","0","1","0","0","1","0","1","0","0","0","0","0","0","0","1","0","0","0","0","0","0","0","0","0","0","0","1","0","0","3","0","39.9715","-75.1344","","CRASH_2001_Philadelphia"
"2001233537","06","67","67301","67301","2001","03","7","1030","10","1","1","1","4","1","","","N","02","2","00","3","0","5","23","2","N","N","39 58:30.720","75 12:24.120","9999","","9999","","0","","N","","3 ","","","","","","","","","","2","0","0","1","0","0","0","1","0","0","0","5","5","0","0","0","0","0","0","0","1","0","0","0","0","0","0","0","0","0","0","0","0","0","0","4","1","39.9752","-75.2067","","CRASH_2001_Philadelphia"
"2001209134","06","67","67301","67301","2001","01","4","1700","17","1","1","0","4","1","","","N","01","2","00","3","0","1","2","2","N","N","39 57:54.360","75 09:38.520","9999","","9999","","0","","N","","3 ","","","","","","","","","","2","2","0","0","0","0","0","0","0","0","0","1","1","0","0","0","0","0","0","0","1","0","0","0","0","0","0","0","0","0","0","0","0","0","0","4","0","39.9657","-75.1607","","CRASH_2001_Philadelphia"
"2001211480","06","67","67301","67301","2001","02","6","2330","23","3","1","0","4","1","","","N","01","2","00","3","0","1","5","2","N","N","","","9999","","9999","","0","","N","","3 ","","","","","","","","","","2","2","0","0","0","0","0","0","0","0","1","0","1","0","0","0","0","0","0","0","0","0","0","0","0","0","0","0","0","0","0","0","0","0","0","3","0","","","","CRASH_2001_Philadelphia"
"2001211500","06","67","67301","67301","2001","02","1","9999","99","1","1","0","4","1","","","N","01","3","00","3","0","1","2","2","N","N","40 01:44.659","75 10:41.278","9999","","9999","","0","","N","","3 ","","","","","","","","","","1","1","0","0","0","0","0","0","1","0","0","1","1","0","0","0","0","0","0","0","0","0","1","0","0","0","0","0","0","0","0","0","0","0","0","4","0","40.0291","-75.1781","","CRASH_2001_Philadelphia"
"2001216785","06","67","67301","67301","2001","02","5","1700","17","3","4","3","5","1","","","N","00","0","00","3","0","1","3","2","N","N","40 03:01.080","75 03:02.880","9999","","9999","","0","","N","","0 ","","","","","","","","","","2","2","0","0","0","0","0","0","0","0","0","1","1","0","0","0","0","0","0","0","0","0","0","0","0","0","0","0","0","0","0","0","0","0","0","4","0","40.0503","-75.0508","","CRASH_2001_Philadelphia"
"2001019658","06","67","67301","67301","2001","05","6","1338","13","1","1","0","4","1","","","N","01","2","00","3","0","0","2","2","N","N","39 54:47.309","75 14:35.486","1340","","1340","","0","","N","","3 ","","","","","","","","","","2","2","0","0","0","0","0","0","0","0","0","0","0","0","0","0","0","0","0","0","0","0","0","2","0","0","0","0","0","0","0","0","0","0","0","0","0","39.9131","-75.2433","","CRASH_2001_Philadelphia"
"2001210795","06","67","67301","67301","2001","02","4","1510","15","1","1","0","1","1","","","N","00","0","00","3","0","1","2","2","N","N","39 55:30.720","75 10:34.320","9999","","9999","","0","","N","","0 ","","","","","","","","","","2","2","0","0","0","0","0","0","0","0","0","1","1","0","0","0","0","0","0","0","1","0","0","0","0","0","0","0","0","0","0","0","0","0","0","4","0","39.9252","-75.1761","","CRASH_2001_Philadelphia"
"2001233489","06","67","67301","67301","2001","03","5","2222","22","3","2","1","5","1","","","N","00","0","00","3","0","1","2","2","N","N","","","9999","","9999","","0","","N","","0 ","","","","","","","","","","2","2","0","0","0","0","0","0","0","0","0","0","0","0","1","0","0","0","0","0","1","0","0","2","0","0","0","0","0","0","0","0","0","0","0","9","0","","","","CRASH_2001_Philadelphia"
"2001238983","06","67","67301","67301","2001","04","6","1914","19","1","1","0","4","1","","","N","01","3","00","3","0","1","2","2","N","N","40 04:27.566","75 09:57.844","9999","","9999","","0","","N","","3 ","","","","","","","","","","2","0","1","0","0","0","1","0","0","0","0","1","1","0","0","0","0","0","1","0","0","0","0","0","0","0","0","0","0","0","0","0","0","0","0","4","0","40.0743","-75.1661","","CRASH_2001_Philadelphia"
"2001248786","06","67","67301","67301","2001","05","4","1600","16","1","1","0","4","1","","","N","00","0","07","3","0","0","4","2","N","N","","","9999","","9999","","0","","N","","0 ","","","","","","","","","","2","1","0","0","0","1","0","0","0","0","0","0","0","0","0","0","0","0","0","0","0","0","0","0","0","0","0","0","0","0","0","0","0","0","0","0","0","","","","CRASH_2001_Philadelphia"
"2001238192","06","67","67301","67301","2001","04","7","0233","02","3","1","0","9","1","","","N","00","0","00","3","0","0","1","2","N","N","","","9999","","9999","","0","","N","","0 ","","","","","","","","","","2","1","0","0","0","0","0","0","0","0","0","0","0","0","0","0","0","0","0","0","0","0","0","0","0","0","0","0","0","0","0","0","0","0","0","0","0","","","","CRASH_2001_Philadelphia"
"2001238223","06","67","67301","67301","2001","03","6","0930","09","1","2","1","4","1","","","N","01","3","00","3","0","1","3","2","N","N","","","9999","","9999","","0","","N","","3 ","","","","","","","","","","2","1","0","0","0","0","0","1","0","0","0","1","1","0","0","0","0","0","0","0","1","0","0","0","0","0","0","0","0","0","0","0","0","0","0","4","0","","","","CRASH_2001_Philadelphia"
"2001240936","06","67","67301","67301","2001","04","1","1210","12","1","1","0","9","1","","","N","00","0","00","3","0","1","2","2","N","N","","","9999","","9999","","0","","N","","0 ","","","","","","","","","","2","1","0","0","0","0","0","0","0","0","1","0","1","0","0","0","0","0","0","0","0","0","0","2","0","0","0","0","0","0","0","0","0","0","0","3","0","","","","CRASH_2001_Philadelphia"
"2001243689","06","67","67301","67301","2001","05","1","0234","02","3","1","0","4","1","","","N","01","2","00","3","0","0","4","2","N","N","39 57:38.160","75 08:28.320","9999","","9999","","0","","N","","3 ","","","","","","","","","","2","2","0","0","0","0","0","0","0","0","0","0","0","0","0","0","0","0","0","0","0","0","0","0","0","0","0","0","0","0","0","0","0","0","0","0","0","39.9606","-75.1412","","CRASH_2001_Philadelphia"
"2001244642","06","67","67301","67301","2001","05","6","1510","15","1","1","0","8","1","","","N","02","0","00","3","0","1","2","2","N","N","39 59:56.425","75 06:45.896","9999","","9999","","0","","N","","0 ","","","","","","","","","","1","0","0","0","0","0","1","0","0","0","0","1","1","0","0","0","0","0","0","0","1","0","0","0","0","0","0","0","0","0","0","0","1","0","0","4","0","39.999","-75.1127","","CRASH_2001_Philadelphia"
"2001019552","06","67","67301","67301","2001","05","7","1245","12","1","2","1","6","1","","","N","00","2","03","3","0","2","5","2","N","N","39 58:42.600","75 11:21.840","1305","","1255","","0","","N","","3 ","","","","","","","","","","2","2","0","0","0","0","0","0","0","0","0","2","2","0","0","0","0","0","0","0","0","0","0","0","0","0","0","0","0","0","0","0","0","0","0","4","0","39.9787","-75.1893","","CRASH_2001_Philadelphia"
"2001216863","06","67","67301","67301","2001","03","7","2344","23","3","1","0","4","1","","","N","01","2","00","3","0","1","3","2","N","N","39 56:56.400","75 13:37.920","9999","","9999","","0","","N","","3 ","","","","","","","","","","2","1","0","0","0","0","0","1","0","0","1","0","1","0","0","0","0","0","0","0","0","0","0","0","0","0","0","0","0","0","0","0","0","0","0","3","0","39.9489","-75.2272","","CRASH_2001_Philadelphia"
"2001231108","06","67","67301","67301","2001","03","7","0349","03","3","1","1","7","5","","","N","00","0","00","3","0","1","1","1","N","N","40 00:58.320","75 07:01.560","9999","","9999","","0","","N","","0 ","","","","","","","","","","1","1","0","0","0","0","0","0","0","0","0","1","1","0","0","0","0","0","0","0","0","0","0","0","0","0","0","0","0","0","0","0","0","0","0","4","0","40.0162","-75.1172","","CRASH_2001_Philadelphia"
"2001238166","06","67","67301","67301","2001","04","2","0147","01","3","2","0","7","5","","","N","00","0","00","3","0","0","1","1","N","N","","","9999","","9999","","0","","N","","0 ","","","","","","","","","","1","1","0","0","0","0","0","0","0","0","0","0","0","0","0","0","0","0","0","0","0","0","0","0","0","0","0","0","0","0","0","0","0","0","0","0","0","","","","CRASH_2001_Philadelphia"
"2001233078","06","67","67301","67301","2001","04","4","0840","08","1","1","0","8","1","","","N","02","3","00","3","0","1","2","2","N","N","40 02:16.461","75 04:22.691","9999","","9999","","0","","N","","3 ","","","","","","","","","","1","1","0","0","0","0","0","0","0","0","0","1","1","0","0","0","0","0","0","0","0","0","0","0","0","0","0","0","0","0","0","0","1","0","0","4","0","40.0379","-75.073","","CRASH_2001_Philadelphia"
"2001233505","06","67","67301","67301","2001","04","1","1010","10","1","1","0","8","1","","","N","00","0","00","3","0","1","2","2","N","N","","","9999","","9999","","0","","N","","0 ","","","","","","","","","","1","1","0","0","0","0","0","0","0","0","0","1","1","0","0","0","0","0","0","0","0","0","0","0","0","0","0","0","0","0","0","0","1","0","0","4","0","","","","CRASH_2001_Philadelphia"
"2001240888","06","67","67301","67301","2001","04","5","1550","15","1","1","0","4","1","","","N","01","2","00","3","0","0","4","2","N","N","39 59:26.880","75 09:18.720","9999","","9999","","0","","N","","3 ","","","","","","","","","","2","2","0","0","0","0","0","0","0","0","0","0","0","0","0","0","0","0","0","0","0","0","0","0","0","0","0","0","0","0","0","0","0","0","0","0","0","39.9909","-75.1551","","CRASH_2001_Philadelphia"
"2001243442","06","67","67301","67301","2001","05","3","1819","18","1","1","0","1","1","","","N","00","0","00","3","0","1","3","2","N","N","","","9999","","9999","","0","","N","","0 ","","","","","","","","","","2","1","0","0","0","0","1","0","0","0","0","1","1","0","0","0","0","0","0","0","0","0","0","0","0","0","0","0","0","0","0","0","0","0","0","4","0","","","","CRASH_2001_Philadelphia"
"2001249415","06","67","67301","67301","2001","04","7","0230","02","3","1","0","7","5","","","N","01","2","00","3","0","2","2","1","N","N","","","9999","","9999","","0","","N","","3 ","","","","","","","","","","1","1","0","0","0","0","0","0","0","0","0","2","2","0","0","0","1","0","0","0","0","0","0","0","0","0","0","0","0","0","0","0","0","0","0","4","0","","","","CRASH_2001_Philadelphia"
"2001207447","06","67","67301","67301","2001","01","5","1640","16","1","1","0","8","1","","","N","01","2","00","3","0","2","2","2","N","N","","","9999","","9999","","0","","N","","3 ","","","","","","","","","","1","0","0","1","0","0","0","0","0","0","0","0","0","0","2","0","0","0","0","0","0","0","0","0","0","0","0","0","0","0","0","0","1","0","0","9","1","","","","CRASH_2001_Philadelphia"
"2001213228","06","67","67301","67301","2001","02","1","1450","14","1","1","0","1","1","","","N","00","0","00","3","0","1","2","2","N","N","40 05:03.840","75 01:28.560","9999","","9999","","0","","N","","0 ","","","","","","","","","","2","1","0","1","0","0","0","0","0","0","0","1","1","0","0","0","0","0","0","0","0","0","0","0","0","0","0","0","0","0","0","0","0","0","0","4","1","40.0845","-75.0248","","CRASH_2001_Philadelphia"
"2001233377","06","67","67301","67301","2001","03","1","0329","03","3","1","0","4","1","","","N","01","2","00","3","0","0","4","2","N","N","39 57:37.800","75 14:27.960","9999","","9999","","0","","N","","3 ","","","","","","","","","","2","2","0","0","0","0","0","0","0","0","0","0","0","0","0","0","0","0","0","0","0","0","0","0","0","0","0","0","0","0","0","0","0","0","0","0","0","39.9604","-75.2411","","CRASH_2001_Philadelphia"
"2001007139","06","67","67301","67301","2001","06","1","0255","02","3","1","0","3","1","","","N","00","0","00","3","0","0","2","2","N","N","39 54:54.961","75 09:33.759","0302","","0252","","0","","N","","0 ","","","","","","","","","","2","2","0","0","0","0","0","0","0","0","0","0","0","0","0","0","0","0","0","0","1","0","0","0","0","0","0","0","0","0","0","0","0","0","0","0","0","39.9154","-75.1598","","CRASH_2001_Philadelphia"
"2001204557","06","67","67301","67301","2001","01","7","0940","09","1","1","0","4","1","","","N","01","3","00","3","0","2","3","2","N","N","40 01:23.930","75 07:32.757","9999","","9999","","0","","N","","3 ","","","","","","","","","","2","2","0","0","0","0","0","0","0","0","0","2","2","0","0","0","0","0","0","0","1","0","0","3","0","0","0","0","0","0","0","0","0","0","0","4","0","40.0233","-75.1258","","CRASH_2001_Philadelphia"
"2001205956","06","67","67301","67301","2001","01","4","2030","20","3","1","0","4","1","","","N","02","2","00","3","0","1","3","2","N","N","39 55:00.840","75 12:56.520","9999","","9999","","0","","N","","3 ","","","","","","","","","","2","2","0","0","0","0","0","0","0","0","0","1","1","0","0","0","0","0","0","0","1","0","0","0","0","0","0","0","0","0","0","0","0","0","0","4","0","39.9166","-75.218","","CRASH_2001_Philadelphia"
"2001205964","06","67","67301","67301","2001","01","3","0106","01","3","4","6","7","5","","","N","02","2","00","3","0","1","1","1","N","N","40 04:22.080","75 11:18.600","9999","","9999","","0","","N","","3 ","","","","","","","","","","1","1","0","0","0","0","0","0","0","0","0","1","1","0","0","0","0","0","0","0","1","0","0","0","0","0","0","0","0","0","0","0","0","0","0","4","0","40.0727","-75.1885","","CRASH_2001_Philadelphia"
"2001231134","06","67","67301","67301","2001","03","7","9999","99","3","2","1","7","1","","","N","00","0","00","3","0","0","1","1","N","N","40 00:08.280","75 11:13.920","9999","","9999","","0","","N","","0 ","","","","","","","","","","1","1","0","0","0","0","0","0","0","0","0","0","0","0","0","0","0","0","0","1","0","0","0","0","0","0","0","0","0","0","0","0","0","0","0","0","0","40.0023","-75.1871","","CRASH_2001_Philadelphia"
"2001233264","06","67","67301","67301","2001","04","3","1300","13","1","1","0","8","1","","","N","00","0","00","3","0","1","2","2","N","N","","","9999","","9999","","0","","N","","0 ","","","","","","","","","","1","1","0","0","0","0","0","0","0","0","0","1","1","0","0","0","0","0","0","0","0","0","0","0","0","0","0","0","0","0","0","0","1","0","0","4","0","","","","CRASH_2001_Philadelphia"
"2001240938","06","67","67301","67301","2001","04","1","0030","00","3","1","0","8","1","","","N","01","3","00","3","0","1","2","2","N","N","","","9999","","9999","","0","","N","","3 ","","","","","","","","","","1","1","0","0","0","0","0","0","0","0","0","1","1","0","0","0","0","0","0","0","0","0","0","0","0","0","0","0","0","0","0","0","1","0","0","4","0","","","","CRASH_2001_Philadelphia"
"2001244872","06","67","67301","67301","2001","05","1","0330","03","3","1","0","4","1","","","N","01","2","00","3","0","0","2","2","N","N","39 57:41.400","75 09:06.480","9999","","9999","","0","","N","","3 ","","","","","","","","","","2","1","0","0","0","0","1","0","0","0","0","0","0","0","0","0","0","0","0","0","0","0","0","0","0","0","0","0","0","0","0","0","0","0","0","0","0","39.9615","-75.1518","","CRASH_2001_Philadelphia"
"2001249409","06","67","67301","67301","2001","04","2","0820","08","1","1","0","4","1","1","8","Y","01","2","00","3","0","7","7","4","N","N","40 01:12.720","75 08:56.040","9999","99","9999","","0","","N","","3 ","","U","","","U","","","","","4","4","0","0","0","0","0","0","0","0","0","0","0","0","7","0","1","0","0","0","1","0","0","0","0","0","0","0","0","0","0","0","0","0","0","9","0","40.0201","-75.1489","","CRASH_2001_Philadelphia"
"2001231216","06","67","67301","67301","2001","03","6","0214","02","3","1","0","4","1","","","N","01","2","00","3","0","0","2","2","N","N","","","9999","","9999","","0","","N","","3 ","","","","","","","","","","2","2","0","0","0","0","0","0","0","0","0","0","0","0","0","0","0","0","0","0","0","0","0","0","0","0","0","0","0","0","0","0","0","0","0","0","0","","","","CRASH_2001_Philadelphia"
"2001210645","06","67","67301","67301","2001","02","7","0240","02","3","1","0","1","1","","","N","00","0","00","3","0","1","4","4","N","N","39 53:36.240","75 13:45.120","9999","","9999","","0","","N","","0 ","","","","","","","","","","4","2","0","0","0","0","2","0","0","0","1","0","1","0","0","0","0","0","0","0","0","0","0","0","0","0","0","0","0","0","0","0","0","0","0","3","0","39.8931","-75.2271","","CRASH_2001_Philadelphia"
"2001210888","06","67","67301","67301","2001","02","1","0041","00","3","1","0","7","5","","","N","00","0","00","3","0","1","1","1","N","N","","","9999","","9999","","0","","N","","0 ","","","","","","","","","","1","1","0","0","0","0","0","0","0","1","0","0","1","0","0","0","0","0","0","0","1","0","0","0","0","0","0","0","0","0","0","0","0","0","0","2","0","","","","CRASH_2001_Philadelphia"
"2001214344","06","67","67301","67301","2001","02","4","1445","14","1","1","0","4","1","","","N","01","3","00","3","0","2","3","2","N","N","39 59:16.584","75 07:57.424","9999","","9999","","0","","N","","3 ","","","","","","","","","","2","0","1","0","0","0","0","1","0","0","0","1","1","0","1","0","0","0","0","0","0","0","0","1","0","0","0","0","0","0","0","0","0","0","0","4","0","39.9879","-75.1326","","CRASH_2001_Philadelphia"
"2001224266","06","67","67301","67501","2001","03","5","0805","08","1","1","0","1","1","","","N","00","0","00","3","0","0","2","2","N","N","","","9999","","9999","","0","","N","","0 ","","","","","","","","","","2","1","0","0","0","0","0","1","0","0","0","0","0","0","0","0","0","0","1","0","1","0","0","0","0","0","0","0","0","0","0","0","0","0","0","0","0","","","","CRASH_2001_Philadelphia"
"2001233068","06","67","67301","67301","2001","04","4","0946","09","1","1","0","1","1","","","N","00","0","00","3","0","1","3","3","N","N","40 05:58.200","74 59:12.120","9999","","9999","","0","","N","","0 ","","","","","","","","","","3","3","0","0","0","0","0","0","0","1","0","0","1","0","0","0","0","0","0","1","1","0","0","3","0","1","0","0","0","0","0","0","0","0","0","2","0","40.0995","-74.9869","","CRASH_2001_Philadelphia"
"2001238867","06","67","67301","67301","2001","04","3","1317","13","1","1","0","4","1","","","N","00","0","00","3","0","1","2","2","N","N","","","9999","","9999","","0","","N","","0 ","","","","","","","","","","2","2","0","0","0","0","0","0","0","0","0","1","1","0","0","0","0","0","0","0","0","0","0","0","0","0","0","0","0","0","0","0","0","0","0","4","0","","","","CRASH_2001_Philadelphia"
"2001007373","06","67","67301","67301","2001","05","5","1407","14","1","1","0","5","1","","","N","05","2","00","3","0","1","1","5","N","N","40 00:11.000","75 09:09.678","1416","","1413","","0","","N","","3 ","","","","","","","","","","4","4","0","0","0","0","0","0","0","0","1","0","1","0","0","0","0","0","0","0","0","1","0","0","0","0","0","0","0","0","0","0","0","0","0","3","0","40.0032","-75.1526","","CRASH_2001_Philadelphia"
"2001207381","06","67","67301","67301","2001","01","6","1545","15","1","1","0","4","1","","","N","02","3","07","3","0","2","3","2","N","N","","","9999","","9999","","0","","N","","3 ","","","","","","","","","","2","2","0","0","0","0","0","0","0","0","0","2","2","0","0","0","0","0","0","0","1","0","0","2","0","0","0","0","0","0","0","0","0","0","0","4","0","","","","CRASH_2001_Philadelphia"
"2001248792","06","67","67301","67301","2001","05","7","1424","14","1","1","0","4","1","","","N","01","3","00","3","0","1","2","2","N","N","40 00:31.514","75 05:56.853","9999","","9999","","0","","N","","3 ","","","","","","","","","","1","1","0","0","0","0","0","0","1","0","1","0","1","0","0","0","0","0","0","0","0","0","0","0","0","0","0","0","0","0","0","0","0","0","0","3","0","40.0088","-75.0991","","CRASH_2001_Philadelphia"
"2001209149","06","67","67301","67301","2001","01","4","2230","22","3","1","0","4","1","","","N","01","3","00","3","0","1","2","2","N","N","","","9999","","9999","","0","","N","","3 ","","","","","","","","","","1","1","0","0","0","0","0","0","1","0","0","1","1","0","0","0","0","0","0","0","0","0","0","0","0","0","0","0","0","0","0","0","0","0","0","4","0","","","","CRASH_2001_Philadelphia"
"2001209178","06","67","67301","67301","2001","01","7","0556","05","3","2","1","8","1","","","N","00","0","00","3","0","1","2","2","N","N","39 58:43.320","75 09:28.080","9999","","9999","","0","","N","","0 ","","","","","","","","","","1","1","0","0","0","0","0","0","0","0","0","1","1","0","0","0","0","0","0","0","0","0","0","0","0","0","0","0","0","0","0","0","1","0","0","4","0","39.9787","-75.1578","","CRASH_2001_Philadelphia"
"2001233479","06","67","67301","67301","2001","03","5","2350","23","3","2","1","4","1","","","N","02","2","00","3","0","2","2","2","N","N","40 03:24.480","75 09:38.520","9999","","9999","","0","","N","","3 ","","","","","","","","","","2","1","0","0","0","0","0","0","0","0","0","1","1","0","1","0","0","0","0","0","0","0","0","0","0","0","0","0","0","0","0","0","0","0","0","4","0","40.0568","-75.1607","","CRASH_2001_Philadelphia"
"2001238121","06","67","67301","67301","2001","04","4","1945","19","1","2","1","4","1","","","N","02","3","00","3","0","2","3","3","N","N","40 01:46.560","75 12:22.320","9999","","9999","","0","","N","","3 ","","","","","","","","","","3","3","0","0","0","0","0","0","0","0","1","1","2","0","0","0","0","0","0","0","0","1","0","0","0","0","0","0","0","0","0","0","0","0","0","3","0","40.0296","-75.2064","","CRASH_2001_Philadelphia"
"2001240247","06","67","67301","67301","2001","04","2","0036","00","3","1","0","2","1","","","N","01","2","00","3","0","1","3","2","N","N","39 57:40.320","75 14:05.640","9999","","9999","","0","","N","","3 ","","","","","","","","","","2","1","0","0","0","0","0","0","0","0","0","1","1","0","0","0","0","0","0","0","0","0","0","2","0","0","0","0","0","0","0","0","0","0","0","4","0","39.9613","-75.2348","","CRASH_2001_Philadelphia"
"2001243554","06","67","67301","67301","2001","03","3","1438","14","1","1","0","4","1","","","N","02","0","00","3","0","1","3","2","N","N","39 56:12.840","75 12:45.000","9999","","9999","","0","","N","","0 ","","","","","","","","","","2","1","0","0","0","1","0","0","0","0","0","0","0","0","1","0","0","0","0","0","0","0","0","0","0","0","0","0","0","0","0","0","0","0","0","9","0","39.937","-75.2124","","CRASH_2001_Philadelphia"
"2001259771","06","67","67301","67301","2001","06","4","2245","22","3","1","0","9","1","","","N","00","0","00","3","0","5","6","8","N","N","","","9999","","9999","","0","","N","","0 ","","","","","","","","","","4","1","0","0","0","0","0","0","0","0","1","4","5","0","0","0","0","0","0","0","0","0","0","0","0","0","0","0","0","0","0","0","4","0","0","3","0","","","","CRASH_2001_Philadelphia"
"2001208884","06","67","67301","67301","2001","02","1","1225","12","1","1","0","4","1","","","N","01","3","00","3","0","2","3","2","N","N","40 03:37.800","75 03:26.280","9999","","9999","","0","","N","","3 ","","","","","","","","","","2","2","0","0","0","0","0","0","0","0","0","2","2","0","0","0","0","0","0","0","0","0","1","0","0","0","0","0","0","0","0","0","0","0","0","4","0","40.0606","-75.0573","","CRASH_2001_Philadelphia"
"2001223918","06","67","67301","67301","2001","03","7","1528","15","1","1","2","2","1","","","N","00","0","00","3","0","2","2","3","N","N","39 57:54.720","75 13:29.640","9999","","9999","","0","","N","","0 ","","","","","","","","","","3","2","0","0","0","0","0","0","0","0","0","1","1","0","1","0","0","0","0","0","0","0","0","0","0","0","0","0","0","0","0","0","0","0","0","4","0","39.965","-75.2245","","CRASH_2001_Philadelphia"
"2001238083","06","67","67301","67301","2001","04","7","0510","05","3","1","0","7","5","","","N","02","3","00","3","0","1","1","1","N","N","39 57:59.677","75 13:32.552","9999","","9999","","0","","N","","3 ","","","","","","","","","","1","1","0","0","0","0","0","0","0","0","0","0","0","0","1","0","0","0","0","0","0","0","0","0","0","0","0","0","0","0","0","0","0","0","0","9","0","39.9666","-75.2257","","CRASH_2001_Philadelphia"
"2001239059","06","67","67301","67301","2001","04","1","1925","19","3","2","1","4","1","","","N","01","2","00","3","0","2","4","2","N","N","40 02:20.760","75 06:36.360","9999","","9999","","0","","N","","3 ","","","","","","","","","","2","2","0","0","0","0","0","0","0","0","0","2","2","0","0","0","0","0","0","1","0","0","0","0","0","0","0","0","0","0","0","0","0","0","0","4","0","40.0392","-75.11","","CRASH_2001_Philadelphia"
"2001267285","06","67","67301","67301","2001","08","5","2030","20","3","2","1","4","1","","","N","01","3","00","3","0","1","2","2","N","N","40 00:14.400","75 10:17.040","9999","","9999","","0","","N","","3 ","","","","","","","","","","2","2","0","0","0","0","0","0","0","0","0","1","1","0","0","0","1","0","0","0","0","0","0","0","0","0","0","0","0","0","0","0","0","0","0","4","0","40.004","-75.1712","","CRASH_2001_Philadelphia"
"2001233432","06","67","67301","67301","2001","03","4","1355","13","1","2","1","9","1","","","N","00","0","00","3","0","1","1","3","N","N","","","9999","","9999","","0","","N","","0 ","","","","","","","","","","3","1","0","0","0","0","0","0","0","0","0","0","0","0","1","0","0","0","0","0","0","0","0","0","0","0","0","0","0","0","0","0","0","0","0","9","0","","","","CRASH_2001_Philadelphia"