"CRN","DISTRICT","COUNTY","MUNICIPALITY","POLICE_AGCY","CRASH_YEAR","CRASH_MONTH","DAY_OF_WEEK","TIME_OF_DAY","HOUR_OF_DAY","ILLUMINATION","WEATHER","ROAD_CONDITION","COLLISION_TYPE","RELATION_TO_ROAD","WORK_ZONE_TYPE","WORK_ZONE_LOC","WORK_ZONE_IND","INTERSECT_TYPE","TCD_TYPE","LOCATION_TYPE","URBAN_RURAL","FATAL_COUNT","INJURY_COUNT","PERSON_COUNT","TOTAL_UNITS","SCH_BUS_IND","SCH_ZONE_IND","LATITUDE","LONGITUDE","ARRIVAL_TM","CONS_ZONE_SPD_LIM","DISPATCH_TM","EST_HRS_CLOSED","LANE_CLOSED","LN_CLOSE_DIR","NTFY_HIWY_MAINT","SPEC_JURIS_CD","TCD_FUNC_CD","TFC_DETOUR_IND","WORKERS_PRES","WZ_CLOSE_DETOUR","WZ_FLAGGER","WZ_LAW_OFFCR_IND","WZ_LN_CLOSURE","WZ_MOVING","WZ_OTHER","WZ_SHLDER_MDN","VEHICLE_COUNT","AUTOMOBILE_COUNT","MOTORCYCLE_COUNT","BUS_COUNT","SMALL_TRUCK_COUNT","HEAVY_TRUCK_COUNT","SUV_COUNT","VAN_COUNT","BICYCLE_COUNT","MAJ_INJ_COUNT","MOD_INJ_COUNT","MIN_INJ_COUNT","TOT_INJ_COUNT","UNK_INJ_DEG_COUNT","UNK_INJ_PER_COUNT","DRIVER_COUNT_16YR","DRIVER_COUNT_17YR","DRIVER_COUNT_18YR","DRIVER_COUNT_19YR","DRIVER_COUNT_20YR","DRIVER_COUNT_50_64YR","DRIVER_COUNT_65_74YR","DRIVER_COUNT_75PLUS","UNBELTED_OCC_COUNT","UNB_DEATH_COUNT","UNB_MAJ_INJ_COUNT","BELTED_DEATH_COUNT","BELTED_MAJ_INJ_COUNT","MCYCLE_DEATH_COUNT","MCYCLE_MAJ_INJ_COUNT","BICYCLE_DEATH_COUNT","BICYCLE_MAJ_INJ_COUNT","PED_COUNT","PED_DEATH_COUNT","PED_MAJ_INJ_COUNT","MAX_SEVERITY_LEVEL","COMM_VEH_COUNT","DEC_LAT","DEC_LONG","RDWY_SURF_TYPE_CD","COUNTY_YEAR"
"2001248775","06","67","67301","67301","2001","05","7","9999","99","1","2","0","9","1","","","N","00","0","00","3","0","1","2","5","N","N","","","9999","","9999","","0","","N","","0 ","","","","","","","","","","4","1","0","0","0","0","0","0","0","0","0","1","1","0","0","0","0","0","0","0","0","0","0","0","0","0","0","0","0","0","0","0","1","0","0","4","0","","","","CRASH_2001_Philadelphia"
"2001248828","06","67","67301","67301","2001","05","7","0512","05","1","1","0","4","1","","","N","01","2","00","3","0","3","4","3","N","N","40 01:21.720","75 09:32.400","9999","","9999","","0","","N","","3 ","","","","","","","","","","3","2","0","0","0","0","1","0","0","0","0","3","3","0","0","0","0","0","0","0","0","0","0","0","0","0","0","0","0","0","0","0","0","0","0","4","0","40.0228","-75.159","","CRASH_2001_Philadelphia"
"2001016758","06","67","67301","67301","2001","05","3","9999","99","5","2","1","8","1","","","N","01","2","00","3","0","1","2","2","N","N","40 01:16.716","75 09:36.895","2111","","2101","","0","","N","","3 ","","","","","","","","","","1","0","0","0","0","0","0","0","0","0","0","1","1","0","0","0","0","0","0","0","0","0","0","0","0","0","0","0","0","0","0","0","1","0","0","4","0","40.0213","-75.1602","","CRASH_2001_Philadelphia"
"2001204507","06","67","67301","67301","2001","01","5","2103","21","3","1","6","1","1","","","N","00","0","02","3","0","1","3","2","N","N","40 05:56.400","74 59:11.040","9999","","9999","","0","","N","","0 ","","","","","","","","","","2","2","0","0","0","0","0","0","0","0","0","0","0","0","1","0","0","0","0","0","1","0","0","0","0","0","0","0","0","0","0","0","0","0","0","9","0","40.0983","-74.9857","","CRASH_2001_Philadelphia"
"2001216985","06","67","67301","67301","2001","03","3","0116","01","3","2","1","7","1","","","N","00","0","00","3","0","0","1","1","N","N","40 02:18.960","75 06:39.240","9999","","9999","","0","","N","","0 ","","","","","","","","","","1","1","0","0","0","0","0","0","0","0","0","0","0","0","0","0","0","0","0","0","0","0","0","0","0","0","0","0","0","0","0","0","0","0","0","0","0","40.0386","-75.1108","","CRASH_2001_Philadelphia"
"2001223892","06","67","67301","67301","2001","03","5","1710","17","1","2","1","1","1","","","N","00","0","00","3","0","2","6","2","N","N","39 58:33.600","75 06:55.440","9999","","9999","","0","","N","","0 ","","","","","","","","","","2","2","0","0","0","0","0","0","0","0","0","2","2","0","0","0","0","0","0","0","0","0","0","5","0","0","0","0","0","0","0","0","0","0","0","4","0","39.9757","-75.1156","","CRASH_2001_Philadelphia"
"2001206175","06","67","67301","67301","2001","01","2","1755","17","4","1","0","1","1","","","N","03","2","00","3","0","1","2","2","N","N","40 00:55.080","75 12:29.160","9999","","9999","","0","","N","","3 ","","","","","","","","","","2","1","0","0","0","0","0","1","0","0","0","1","1","0","0","0","0","0","0","0","0","0","0","0","0","0","0","0","0","0","0","0","0","0","0","4","0","40.0154","-75.2083","","CRASH_2001_Philadelphia"
"2001207391","06","67","67301","67301","2001","01","2","1450","14","1","1","0","1","1","","","N","01","2","00","3","0","1","2","2","N","N","40 04:35.040","75 01:57.360","9999","","9999","","0","","N","","3 ","","","","","","","","","","2","2","0","0","0","0","0","0","0","0","1","0","1","0","0","0","0","0","0","0","0","0","0","0","0","0","0","0","0","0","0","0","0","0","0","3","0","40.0765","-75.0327","","CRASH_2001_Philadelphia"
"2001223941","06","67","67301","67301","2001","03","1","1125","11","1","1","0","5","1","","","N","00","0","00","3","0","2","3","2","N","N","39 57:12.600","75 10:54.480","9999","","9999","","0","","N","","0 ","","","","","","","","","","2","2","0","0","0","0","0","0","0","0","0","0","0","0","2","0","0","0","0","0","0","0","0","0","0","0","0","0","0","0","0","0","0","0","0","9","0","39.9535","-75.1817","","CRASH_2001_Philadelphia"
"2001210596","06","67","67301","67301","2001","02","2","2200","22","3","3","6","7","1","","","N","00","0","02","3","0","0","1","1","N","N","40 00:36.360","75 03:51.840","9999","","9999","","0","","N","","0 ","","","","","","","","","","1","1","0","0","0","0","0","0","0","0","0","0","0","0","0","0","0","0","0","0","0","0","0","0","0","0","0","0","0","0","0","0","0","0","0","0","0","40.0107","-75.0628","","CRASH_2001_Philadelphia"
"2001214588","06","67","67301","67301","2001","02","1","0225","02","3","1","0","8","1","","","N","01","2","00","3","0","1","2","2","N","N","39 57:54.360","75 12:19.800","9999","","9999","","0","","N","","3 ","","","","","","","","","","1","1","0","0","0","0","0","0","0","0","0","1","1","0","0","0","0","0","0","0","0","0","0","0","0","0","0","0","0","0","0","0","1","0","0","4","0","39.9651","-75.2055","","CRASH_2001_Philadelphia"
"2001233414","06","67","67301","67301","2001","03","1","1945","19","3","1","0","4","1","","","N","01","2","00","3","0","2","2","2","N","N","39 59:45.600","75 10:14.880","9999","","9999","","0","","N","","3 ","","","","","","","","","","2","1","0","0","0","0","0","1","0","0","0","0","0","0","2","0","0","0","0","0","0","0","0","0","0","0","0","0","0","0","0","0","0","0","0","9","0","39.996","-75.1707","","CRASH_2001_Philadelphia"
"2001238184","06","67","67301","67301","2001","04","4","1325","13","1","1","0","9","1","","","N","00","0","00","3","0","1","2","3","N","N","","","9999","","9999","","0","","N","","0 ","","","","","","","","","","2","1","0","0","0","0","0","0","0","0","0","0","0","0","1","0","0","0","0","0","0","0","0","0","0","0","0","0","0","0","0","0","1","0","0","9","0","","","","CRASH_2001_Philadelphia"
"2001239090","06","67","67301","67301","2001","04","1","1716","17","1","2","0","1","1","1","8","Y","02","2","00","3","0","2","3","2","N","N","39 57:24.480","75 08:18.960","9999","99","9999","","0","","N","","3 ","","U","","","U","","","","","2","2","0","0","0","0","0","0","0","0","0","2","2","0","0","0","0","0","0","0","0","0","0","0","0","0","0","0","0","0","0","0","0","0","0","4","0","39.9568","-75.1386","","CRASH_2001_Philadelphia"
"2001216948","06","67","67301","67301","2001","03","2","1228","12","1","4","5","9","1","","","N","00","0","00","3","0","1","1","2","N","N","","","9999","","9999","","0","","N","","0 ","","","","","","","","","","2","1","0","0","0","0","0","0","0","0","0","0","0","0","1","0","0","0","0","0","1","0","0","0","0","0","0","0","0","0","0","0","0","0","0","9","0","","","","CRASH_2001_Philadelphia"
"2001238952","06","67","67301","67301","2001","04","6","1950","19","1","1","0","4","1","","","N","01","2","00","3","0","1","2","2","N","N","40 00:03.960","75 08:53.880","9999","","9999","","0","","N","","3 ","","","","","","","","","","2","1","0","0","0","0","0","0","0","0","0","1","1","0","0","0","0","0","0","0","0","0","0","0","0","0","0","0","0","0","0","0","0","0","0","4","0","40.0011","-75.1483","","CRASH_2001_Philadelphia"
"2001207281","06","67","67301","67301","2001","01","5","0926","09","1","1","0","8","1","","","N","01","0","00","3","0","1","2","2","N","N","","","9999","","9999","","0","","N","","0 ","","","","","","","","","","1","1","0","0","0","0","0","0","0","0","0","1","1","0","0","0","0","0","0","0","0","0","0","0","0","0","0","0","0","0","0","0","1","0","0","4","0","","","","CRASH_2001_Philadelphia"
"2001209074","06","67","67301","67301","2001","01","6","1910","19","3","1","0","2","1","","","N","00","0","00","3","0","3","3","3","N","N","39 59:26.520","75 07:52.320","9999","","9999","","0","","N","","0 ","","","","","","","","","","3","2","0","0","0","0","0","0","0","0","1","2","3","0","0","0","0","1","0","0","0","0","0","1","0","0","0","0","0","0","0","0","0","0","0","3","0","39.9909","-75.1311","","CRASH_2001_Philadelphia"
"2001209080","06","67","67301","67301","2001","01","1","1404","14","1","2","1","1","1","","","N","01","2","00","3","0","2","4","2","N","N","39 59:31.920","75 05:57.120","9999","","9999","","0","","N","","3 ","","","","","","","","","","2","2","0","0","0","0","0","0","0","0","0","2","2","0","0","0","0","0","0","0","1","0","0","0","0","0","0","0","0","0","0","0","0","0","0","4","0","39.9922","-75.0994","","CRASH_2001_Philadelphia"
"2001233538","06","67","67301","67301","2001","03","1","1715","17","1","1","0","1","1","","","N","00","0","00","3","0","0","6","2","N","N","39 58:18.120","75 09:33.840","9999","","9999","","0","","N","","0 ","","","","","","","","","","2","1","0","0","0","0","1","0","0","0","0","0","0","0","0","0","0","0","0","0","0","0","0","4","0","0","0","0","0","0","0","0","0","0","0","0","0","39.9717","-75.1594","","CRASH_2001_Philadelphia"
"2001207341","06","67","67301","67301","2001","01","4","1744","17","3","1","0","4","1","","","N","01","2","00","3","0","1","7","2","N","N","40 02:20.760","75 06:36.360","9999","","9999","","0","","N","","3 ","","","","","","","","","","2","2","0","0","0","0","0","0","0","0","0","1","1","0","0","0","0","0","0","1","1","0","0","0","0","0","0","0","0","0","0","0","0","0","0","4","0","40.0392","-75.11","","CRASH_2001_Philadelphia"
"2001207420","06","67","67301","67301","2001","01","3","0707","07","1","1","5","7","5","","","N","00","0","00","3","0","1","1","4","N","N","","","9999","","9999","","0","","N","","0 ","","","","","","","","","","4","0","0","0","0","0","1","0","0","0","0","1","1","0","0","0","0","0","0","0","0","0","0","0","0","0","0","0","0","0","0","0","0","0","0","4","0","","","","CRASH_2001_Philadelphia"
"2001233526","06","67","67301","67301","2001","03","6","1515","15","1","1","0","8","1","","","N","00","0","00","3","0","2","2","2","N","N","40 00:12.240","75 09:09.720","9999","","9999","","0","","N","","0 ","","","","","","","","","","1","1","0","0","0","0","0","0","0","0","0","1","1","0","1","0","0","0","0","0","0","0","0","0","0","0","0","0","0","0","0","0","1","0","0","4","0","40.0034","-75.1525","","CRASH_2001_Philadelphia"
"2001248793","06","67","67301","67301","2001","05","3","1650","16","1","1","0","4","1","","","N","01","2","00","3","0","1","2","2","N","N","40 00:49.320","75 05:50.640","9999","","9999","","0","","N","","3 ","","","","","","","","","","2","1","0","0","0","0","0","1","0","0","0","1","1","0","0","0","0","0","0","0","1","0","0","0","0","0","0","0","0","0","0","0","0","0","0","4","0","40.0137","-75.0974","","CRASH_2001_Philadelphia"
"2001238977","06","67","67301","67301","2001","04","6","1730","17","1","1","0","8","1","","","N","00","0","00","3","0","1","2","2","N","N","39 57:32.400","75 14:29.400","9999","","9999","","0","","N","","0 ","","","","","","","","","","1","1","0","0","0","0","0","0","0","0","0","1","1","0","0","0","0","0","0","0","0","0","0","0","0","0","0","0","0","0","0","0","1","0","0","4","0","39.9589","-75.2414","","CRASH_2001_Philadelphia"
"2001240209","06","67","67301","67301","2001","04","5","2125","21","3","1","0","7","1","","","N","00","0","00","3","0","2","2","1","N","N","39 55:15.240","75 08:28.680","9999","","9999","","0","","N","","0 ","","","","","","","","","","1","0","0","0","0","0","0","1","0","0","0","1","1","0","1","0","0","0","0","0","0","0","0","0","0","0","0","0","0","0","0","0","0","0","0","4","0","39.9209","-75.1413","","CRASH_2001_Philadelphia"
"2001244655","06","67","67301","67301","2001","05","6","1754","17","1","1","0","1","1","","","N","00","0","00","3","0","1","2","2","N","N","40 02:02.040","75 10:58.080","9999","","9999","","0","","N","","0 ","","","","","","","","","","1","1","0","0","0","0","0","0","1","0","0","1","1","0","0","0","0","0","0","0","0","0","0","0","0","0","0","0","0","0","0","0","0","0","0","4","0","40.034","-75.1828","","CRASH_2001_Philadelphia"
"2001200727","06","67","67301","67301","2001","01","1","1445","14","1","1","3","4","1","","","N","01","3","00","3","0","1","2","2","N","N","","","9999","","9999","","0","","N","","3 ","","","","","","","","","","2","1","0","0","0","0","1","0","0","0","0","0","0","0","1","1","0","0","0","0","0","0","0","0","0","0","0","0","0","0","0","0","0","0","0","9","0","","","","CRASH_2001_Philadelphia"
"2001204511","06","67","67301","67301","2001","01","5","1407","14","1","1","0","4","1","","","N","01","2","00","3","0","1","3","2","N","N","39 58:46.200","75 09:51.120","9999","","9999","","0","","N","","3 ","","","","","","","","","","2","2","0","0","0","0","0","0","0","0","0","1","1","0","0","0","0","0","0","0","0","0","0","0","0","0","0","0","0","0","0","0","0","0","0","4","0","39.9795","-75.1642","","CRASH_2001_Philadelphia"
"2001231230","06","67","67301","67301","2001","03","3","0826","08","1","2","1","4","1","","","N","01","2","00","3","0","0","3","2","N","N","39 58:53.040","75 15:59.040","9999","","9999","","0","","N","","3 ","","","","","","","","","","2","2","0","0","0","0","0","0","0","0","0","0","0","0","0","0","0","0","0","0","1","0","0","0","0","0","0","0","0","0","0","0","0","0","0","0","0","39.9814","-75.2664","","CRASH_2001_Philadelphia"
"2001243531","06","67","67301","67301","2001","04","1","1825","18","1","1","0","1","1","","","N","02","3","00","3","0","1","4","2","N","N","40 04:13.080","75 09:05.760","9999","","9999","","0","","N","","3 ","","","","","","","","","","2","0","0","0","0","0","2","0","0","0","0","1","1","0","0","0","0","0","0","0","0","0","0","0","0","0","0","0","0","0","0","0","0","0","0","4","0","40.0703","-75.1516","","CRASH_2001_Philadelphia"
"2001233458","06","67","67301","67301","2001","03","4","1100","11","1","2","1","4","1","","","N","01","2","00","3","0","3","3","2","N","N","40 00:35.280","75 09:04.320","9999","","9999","","0","","N","","3 ","","","","","","","","","","2","0","0","0","0","0","2","0","0","0","0","1","1","0","2","0","0","0","0","0","0","0","0","0","0","0","0","0","0","0","0","0","0","0","0","4","0","40.0101","-75.1511","","CRASH_2001_Philadelphia"
"2001204697","06","67","67301","67301","2001","01","4","0745","07","1","1","0","8","1","","","N","01","0","00","3","0","1","2","2","Y","N","","","9999","","9999","","0","","N","","0 ","","","","","","","","","","1","0","0","1","0","0","0","0","0","0","0","0","0","0","1","0","0","0","0","0","0","0","0","0","0","0","0","0","0","0","0","0","1","0","0","9","1","","","","CRASH_2001_Philadelphia"
"2001207367","06","67","67301","67301","2001","01","5","1052","10","1","4","1","4","1","","","N","01","2","00","3","0","6","6","3","N","N","","","9999","","9999","","0","","N","","3 ","","","","","","","","","","3","1","0","0","0","1","0","1","0","0","0","4","4","0","2","0","0","0","0","0","0","0","0","0","0","0","0","0","0","0","0","0","0","0","0","4","0","","","","CRASH_2001_Philadelphia"
"2001207549","06","67","67301","67301","2001","01","3","1555","15","1","1","0","8","1","","","N","01","2","00","3","0","1","2","2","N","N","40 00:57.600","75 09:14.040","9999","","9999","","0","","N","","3 ","","","","","","","","","","1","1","0","0","0","0","0","0","0","0","1","0","1","0","0","0","0","0","0","0","0","0","1","0","0","0","0","0","0","0","0","0","1","0","0","3","0","40.0159","-75.1538","","CRASH_2001_Philadelphia"
"2001207631","06","67","67301","67301","2001","01","4","1500","15","1","1","0","4","1","","","N","01","3","00","3","0","1","3","2","N","N","39 58:56.280","75 07:36.120","9999","","9999","","0","","N","","3 ","","","","","","","","","","2","1","0","0","0","0","1","0","0","0","1","0","1","0","0","0","0","0","0","0","0","0","0","0","0","0","0","0","0","0","0","0","0","0","0","3","0","39.9823","-75.1268","","CRASH_2001_Philadelphia"
"2001208980","06","67","67301","67301","2001","01","3","1532","15","1","1","1","8","1","","","N","01","3","00","3","0","1","2","2","N","N","","","9999","","9999","","0","","N","","3 ","","","","","","","","","","1","1","0","0","0","0","0","0","0","0","0","1","1","0","0","0","0","0","0","0","1","0","0","0","0","0","0","0","0","0","0","0","1","0","0","4","0","","","","CRASH_2001_Philadelphia"
"2001215721","06","67","67301","67301","2001","02","4","0700","07","3","2","0","8","1","","","N","01","2","00","3","0","1","2","2","N","N","","","9999","","9999","","0","","N","","3 ","","","","","","","","","","1","1","0","0","0","0","0","0","0","0","1","0","1","0","0","0","0","0","0","0","0","0","0","0","0","0","0","0","0","0","0","0","1","0","0","3","0","","","","CRASH_2001_Philadelphia"
"2002004247","06","67","67301","67301","2001","06","5","1620","16","1","2","1","4","1","","","N","00","0","00","3","0","1","2","2","N","N","39 55:29.277","75 10:25.588","1625","","1620","","0","","N","","0 ","","","","","","","","","","1","1","0","0","0","0","0","0","1","0","0","1","1","0","0","0","0","0","0","0","0","0","0","0","0","0","0","0","0","0","0","0","0","0","0","4","0","39.9248","-75.1738","","CRASH_2001_Philadelphia"
"2002016743","06","67","67301","67301","2001","07","6","0110","01","3","1","0","2","1","","","N","01","0","00","3","0","2","3","6","N","N","40 00:38.676","75 09:46.166","0112","","0110","","0","","N","","0 ","","","","","","","","","","6","4","0","0","0","0","0","0","0","0","0","2","2","0","1","0","0","0","0","0","0","0","0","1","0","0","0","0","0","0","0","0","0","0","0","4","0","40.0107","-75.1626","","CRASH_2001_Philadelphia"
"2002027915","06","67","67301","67301","2001","08","3","1855","18","2","1","0","8","4","","","N","00","0","00","3","0","1","2","2","N","N","40 01:30.248","75 10:01.505","1856","","1855","","0","","N","","0 ","","","","","","","","","","1","1","0","0","0","0","0","0","0","0","1","0","1","0","0","0","0","0","0","0","0","0","0","0","0","0","0","0","0","0","0","0","1","0","0","3","0","40.0251","-75.1671","","CRASH_2001_Philadelphia"
"2002029758","06","67","67301","67301","2001","09","3","1617","16","1","1","0","8","1","","","N","01","2","00","3","0","1","2","2","N","N","39 59:54.474","75 07:45.036","1622","","1620","","0","","N","","3 ","","","","","","","","","","1","1","0","0","0","0","0","0","0","0","0","1","1","0","0","0","0","0","0","0","0","0","0","0","0","0","0","0","0","0","0","0","1","0","0","4","0","39.9985","-75.1293","","CRASH_2001_Philadelphia"
"2001209068","06","67","67301","67301","2001","01","6","1436","14","1","1","0","9","1","","","N","00","0","00","3","0","0","1","2","N","N","","","9999","","9999","","0","","N","","0 ","","","","","","","","","","2","1","0","0","0","0","0","0","0","0","0","0","0","0","0","0","0","0","0","0","0","0","0","0","0","0","0","0","0","0","0","0","0","0","0","0","0","","","","CRASH_2001_Philadelphia"
"2001214399","06","67","67301","67301","2001","02","6","1925","19","3","1","1","8","1","","","N","00","0","00","3","0","2","2","2","N","N","","","9999","","9999","","0","","N","","0 ","","","","","","","","","","1","0","0","0","0","0","0","0","0","0","1","0","1","0","1","0","0","0","0","0","0","0","0","0","0","0","0","0","0","0","0","0","1","0","0","3","0","","","","CRASH_2001_Philadelphia"
"2001216877","06","67","67301","67301","2001","03","5","1834","18","3","2","1","9","1","","","N","02","3","00","3","0","0","1","4","N","N","40 03:56.016","75 03:39.131","9999","","9999","","0","","N","","3 ","","","","","","","","","","4","1","0","0","0","0","0","0","0","0","0","0","0","0","0","0","0","0","0","0","0","0","0","0","0","0","0","0","0","0","0","0","0","0","0","0","0","40.0656","-75.0609","","CRASH_2001_Philadelphia"
"2001217028","06","67","67301","67301","2001","03","5","9999","99","3","1","0","4","1","","","N","01","2","00","3","0","3","5","2","N","N","39 57:49.320","75 09:31.320","9999","","9999","","0","","N","","3 ","","","","","","","","","","2","1","0","0","0","0","1","0","0","0","0","3","3","0","0","0","0","0","0","0","0","0","0","0","0","0","0","0","0","0","0","0","0","0","0","4","0","39.9636","-75.1588","","CRASH_2001_Philadelphia"
"2001223770","06","67","67301","67301","2001","03","1","1140","11","1","1","0","8","1","","","N","01","9","00","3","0","2","2","2","N","N","","","9999","","9999","","0","","N","","9 ","","","","","","","","","","1","1","0","0","0","0","0","0","0","0","0","1","1","0","1","0","0","0","0","0","0","0","0","0","0","0","0","0","0","0","0","0","1","0","0","4","0","","","","CRASH_2001_Philadelphia"
"2001233148","06","67","67301","67301","2001","04","5","1735","17","1","1","0","1","1","","","N","00","0","07","3","0","2","3","2","N","N","40 02:08.160","75 03:50.760","9999","","9999","","0","","N","","0 ","","","","","","","","","","2","1","0","0","1","0","0","0","0","0","0","2","2","0","0","0","0","1","0","0","0","0","0","0","0","0","0","0","0","0","0","0","0","0","0","4","0","40.0357","-75.0641","","CRASH_2001_Philadelphia"
"2001233274","06","67","67301","67301","2001","03","4","2100","21","3","1","0","4","1","","","N","02","3","00","3","0","1","2","2","N","N","40 05:08.520","75 02:21.480","9999","","9999","","0","","N","","3 ","","","","","","","","","","2","0","0","0","2","0","0","0","0","0","0","0","0","0","1","0","0","0","0","0","0","0","0","0","0","0","0","0","0","0","0","0","0","0","0","9","0","40.0857","-75.0393","","CRASH_2001_Philadelphia"
"2001240058","06","67","67301","67301","2001","04","1","1620","16","1","1","0","8","1","","","N","00","0","00","3","0","1","2","2","N","N","","","9999","","9999","","0","","N","","0 ","","","","","","","","","","1","1","0","0","0","0","0","0","0","0","0","0","0","0","1","0","0","0","0","0","0","0","0","0","0","0","0","0","0","0","0","0","1","0","0","9","0","","","","CRASH_2001_Philadelphia"
"2001243445","06","67","67301","67301","2001","05","4","1800","18","1","1","0","8","1","","","N","01","0","00","3","0","1","4","2","N","N","40 03:34.200","75 09:55.800","9999","","9999","","0","","N","","0 ","","","","","","","","","","1","1","0","0","0","0","0","0","0","0","1","0","1","0","0","0","0","0","0","0","0","0","0","0","0","0","0","0","0","0","0","0","1","0","0","3","0","40.0595","-75.1655","","CRASH_2001_Philadelphia"
"2001243547","06","67","67301","67301","2001","05","4","1553","15","1","1","0","4","1","","","N","01","3","00","3","0","2","3","2","N","N","","","9999","","9999","","0","","N","","3 ","","","","","","","","","","2","2","0","0","0","0","0","0","0","0","0","2","2","0","0","0","0","0","0","0","0","0","0","0","0","0","0","0","0","0","0","0","0","0","0","4","0","","","","CRASH_2001_Philadelphia"
"2001233195","06","67","67301","67301","2001","04","2","1750","17","1","1","0","9","1","","","N","00","0","00","3","0","0","1","2","N","N","","","9999","","9999","","0","","N","","0 ","","","","","","","","","","2","1","0","0","0","0","0","0","0","0","0","0","0","0","0","0","0","0","0","0","0","0","0","0","0","0","0","0","0","0","0","0","0","0","0","0","0","","","","CRASH_2001_Philadelphia"
"2001233203","06","67","67301","67301","2001","04","3","2300","23","3","2","1","4","1","","","N","01","2","00","3","0","2","6","2","N","N","","","9999","","9999","","0","","N","","3 ","","","","","","","","","","2","1","0","0","0","0","0","1","0","0","0","2","2","0","0","0","0","0","0","0","1","1","0","2","0","0","0","0","0","0","0","0","0","0","0","4","0","","","","CRASH_2001_Philadelphia"
"2001240070","06","67","67301","67301","2001","04","6","1250","12","1","1","0","4","1","","","N","01","2","00","3","0","3","3","3","N","N","","","9999","","9999","","0","","N","","3 ","","","","","","","","","","2","1","0","0","0","0","1","0","0","0","3","0","3","0","0","0","0","0","0","0","0","0","0","0","0","0","0","0","0","0","0","0","1","0","0","3","0","","","","CRASH_2001_Philadelphia"
"2001215508","06","67","67301","67301","2001","03","1","1520","15","1","4","1","1","1","","","N","00","0","00","3","0","1","2","2","N","N","39 57:24.840","75 09:09.000","9999","","9999","","0","","N","","0 ","","","","","","","","","","2","2","0","0","0","0","0","0","0","0","0","0","0","0","1","0","0","0","0","0","0","0","0","1","0","0","0","0","0","0","0","0","0","0","0","9","0","39.957","-75.1525","","CRASH_2001_Philadelphia"
"2001233313","06","67","67301","67301","2001","03","5","2230","22","3","1","0","8","1","","","N","02","2","00","3","0","2","2","2","N","N","39 56:36.960","75 14:47.760","9999","","9999","","0","","N","","3 ","","","","","","","","","","1","1","0","0","0","0","0","0","0","0","0","1","1","0","1","0","0","0","0","0","0","0","0","0","0","0","0","0","0","0","0","0","1","0","0","4","0","39.9435","-75.2467","","CRASH_2001_Philadelphia"
"2001233412","06","67","67301","67301","2001","04","4","1455","14","1","1","0","8","1","","","N","00","0","00","3","0","1","4","2","N","N","","","9999","","9999","","0","","N","","0 ","","","","","","","","","","1","1","0","0","0","0","0","0","0","1","0","0","1","0","0","0","0","1","0","0","0","0","0","0","0","0","0","0","0","0","0","0","1","0","1","2","0","","","","CRASH_2001_Philadelphia"
"2001238873","06","67","67301","67301","2001","04","2","0055","00","3","2","1","1","1","","","N","01","2","00","3","0","2","3","2","N","N","40 03:15.840","75 04:17.760","9999","","9999","","0","","N","","3 ","","","","","","","","","","2","2","0","0","0","0","0","0","0","0","0","2","2","0","0","0","0","0","1","0","0","0","0","0","0","0","0","0","0","0","0","0","0","0","0","4","0","40.0543","-75.0714","","CRASH_2001_Philadelphia"
"2001239080","06","67","67301","67301","2001","04","1","2040","20","3","1","0","4","1","","","N","01","2","00","3","0","2","2","2","N","N","","","9999","","9999","","0","","N","","3 ","","","","","","","","","","2","2","0","0","0","0","0","0","0","0","0","2","2","0","0","0","0","0","0","0","0","0","2","0","0","0","0","0","0","0","0","0","0","0","0","4","0","","","","CRASH_2001_Philadelphia"
"2001208960","06","67","67301","67301","2001","01","3","1810","18","3","1","0","4","1","","","N","00","0","07","3","0","1","2","2","N","N","40 02:15.000","75 08:42.000","9999","","9999","","0","","N","","0 ","","","","","","","","","","2","2","0","0","0","0","0","0","0","0","0","1","1","0","0","0","0","0","0","0","0","0","0","0","0","0","0","0","0","0","0","0","0","0","0","4","0","40.0374","-75.145","","CRASH_2001_Philadelphia"
"2001215538","06","67","67301","67301","2001","03","6","9999","99","1","1","0","4","1","","","N","01","2","00","3","0","1","2","2","N","N","40 03:08.460","75 09:27.889","9999","","9999","","0","","N","","3 ","","","","","","","","","","2","0","0","0","0","0","2","0","0","0","0","1","1","0","0","0","0","0","0","0","1","0","0","0","0","0","0","0","0","0","0","0","0","0","0","4","0","40.0524","-75.1577","","CRASH_2001_Philadelphia"
"2001216833","06","67","67301","67301","2001","04","1","0140","01","3","1","0","7","1","","","N","00","0","00","3","0","2","2","1","N","N","","","9999","","9999","","0","","N","","0 ","","","","","","","","","","1","1","0","0","0","0","0","0","0","0","2","0","2","0","0","0","0","1","0","0","0","0","0","0","0","0","0","0","0","0","0","0","0","0","0","3","0","","","","CRASH_2001_Philadelphia"
"2001233253","06","67","67301","67301","2001","04","6","1735","17","1","1","1","8","1","","","N","03","9","00","3","0","1","2","2","N","N","39 57:30.099","75 12:31.409","9999","","9999","","0","","N","","9 ","","","","","","","","","","1","1","0","0","0","0","0","0","0","0","1","0","1","0","0","0","0","0","0","1","0","0","0","1","0","0","0","0","0","0","0","0","1","0","0","3","0","39.9584","-75.2087","","CRASH_2001_Philadelphia"
"2001206208","06","67","67301","67301","2001","01","6","2257","22","3","6","1","7","1","1","8","Y","00","0","00","3","0","2","2","1","N","N","40 05:36.240","74 58:48.000","9999","99","9999","","0","","N","","0 ","","U","","","U","","","","","1","1","0","0","0","0","0","0","0","0","0","2","2","0","0","0","0","0","0","0","0","0","0","0","0","0","0","0","0","0","0","0","0","0","0","4","0","40.0935","-74.9802","","CRASH_2001_Philadelphia"