"CRN","DISTRICT","COUNTY","MUNICIPALITY","POLICE_AGCY","CRASH_YEAR","CRASH_MONTH","DAY_OF_WEEK","TIME_OF_DAY","HOUR_OF_DAY","ILLUMINATION","WEATHER","ROAD_CONDITION","COLLISION_TYPE","RELATION_TO_ROAD","WORK_ZONE_TYPE","WORK_ZONE_LOC","WORK_ZONE_IND","INTERSECT_TYPE","TCD_TYPE","LOCATION_TYPE","URBAN_RURAL","FATAL_COUNT","INJURY_COUNT","PERSON_COUNT","TOTAL_UNITS","SCH_BUS_IND","SCH_ZONE_IND","LATITUDE","LONGITUDE","ARRIVAL_TM","CONS_ZONE_SPD_LIM","DISPATCH_TM","EST_HRS_CLOSED","LANE_CLOSED","LN_CLOSE_DIR","NTFY_HIWY_MAINT","SPEC_JURIS_CD","TCD_FUNC_CD","TFC_DETOUR_IND","WORKERS_PRES","WZ_CLOSE_DETOUR","WZ_FLAGGER","WZ_LAW_OFFCR_IND","WZ_LN_CLOSURE","WZ_MOVING","WZ_OTHER","WZ_SHLDER_MDN","VEHICLE_COUNT","AUTOMOBILE_COUNT","MOTORCYCLE_COUNT","BUS_COUNT","SMALL_TRUCK_COUNT","HEAVY_TRUCK_COUNT","SUV_COUNT","VAN_COUNT","BICYCLE_COUNT","MAJ_INJ_COUNT","MOD_INJ_COUNT","MIN_INJ_COUNT","TOT_INJ_COUNT","UNK_INJ_DEG_COUNT","UNK_INJ_PER_COUNT","DRIVER_COUNT_16YR","DRIVER_COUNT_17YR","DRIVER_COUNT_18YR","DRIVER_COUNT_19YR","DRIVER_COUNT_20YR","DRIVER_COUNT_50_64YR","DRIVER_COUNT_65_74YR","DRIVER_COUNT_75PLUS","UNBELTED_OCC_COUNT","UNB_DEATH_COUNT","UNB_MAJ_INJ_COUNT","BELTED_DEATH_COUNT","BELTED_MAJ_INJ_COUNT","MCYCLE_DEATH_COUNT","MCYCLE_MAJ_INJ_COUNT","BICYCLE_DEATH_COUNT","BICYCLE_MAJ_INJ_COUNT","PED_COUNT","PED_DEATH_COUNT","PED_MAJ_INJ_COUNT","MAX_SEVERITY_LEVEL","COMM_VEH_COUNT","DEC_LAT","DEC_LONG","RDWY_SURF_TYPE_CD","COUNTY_YEAR"
"2001208995","06","67","67301","67301","2001","01","4","0823","08","5","1","0","8","1","","","N","01","3","00","3","0","1","2","2","N","N","39 58:56.326","75 08:17.336","9999","","9999","","0","","N","","3 ","","","","","","","","","","1","1","0","0","0","0","0","0","0","0","0","1","1","0","0","0","0","0","0","0","0","1","0","0","0","0","0","0","0","0","0","0","1","0","0","4","0","39.9823","-75.1381","","CRASH_2001_Philadelphia"
"2001213125","06","67","67301","67301","2001","02","5","1600","16","1","4","3","8","1","","","N","01","3","00","3","0","1","2","2","N","N","","","9999","","9999","","0","","N","","3 ","","","","","","","","","","1","0","0","0","0","0","0","0","0","0","0","1","1","0","0","0","0","0","0","0","0","0","0","0","0","0","0","0","0","0","0","0","1","0","0","4","0","","","","CRASH_2001_Philadelphia"
"2001214280","06","67","67301","67301","2001","02","5","0800","08","1","1","0","4","1","","","N","01","3","00","3","0","1","2","2","N","N","","","9999","","9999","","0","","N","","3 ","","","","","","","","","","2","2","0","0","0","0","0","0","0","0","0","1","1","0","0","0","0","0","0","0","1","0","0","0","0","0","0","0","0","0","0","0","0","0","0","4","0","","","","CRASH_2001_Philadelphia"
"2001215569","06","67","67301","67301","2001","03","7","0755","07","3","1","0","1","1","","","N","01","2","00","3","0","1","3","2","N","N","","","9999","","9999","","0","","N","","3 ","","","","","","","","","","2","1","0","0","0","0","1","0","0","0","0","1","1","0","0","0","0","0","0","0","1","0","0","0","0","0","0","0","0","0","0","0","0","0","0","4","0","","","","CRASH_2001_Philadelphia"
"2001007107","06","67","67301","67301","2001","06","5","2258","22","3","1","0","4","1","","","N","01","2","00","3","0","1","2","2","N","N","39 57:30.600","75 14:15.000","2305","","2300","","0","","N","","3 ","","","","","","","","","","2","2","0","0","0","0","0","0","0","0","0","1","1","0","0","0","0","0","0","0","0","0","0","0","0","0","0","0","0","0","0","0","0","0","0","4","0","39.9584","-75.2375","","CRASH_2001_Philadelphia"
"2001018432","06","67","67301","67301","2001","06","2","0251","02","3","1","0","4","1","","","N","02","2","00","3","0","1","2","2","N","N","39 56:00.171","75 08:35.970","0255","","0251","","0","","N","","3 ","","","","","","","","","","2","2","0","0","0","0","0","0","0","0","0","1","1","0","0","0","0","0","0","0","0","0","0","0","0","0","0","0","0","0","0","0","0","0","0","4","0","39.9333","-75.1434","","CRASH_2001_Philadelphia"
"2001211371","06","67","67301","67301","2001","02","5","1521","15","1","1","0","4","1","","","N","01","3","00","3","0","4","4","2","N","N","","","9999","","9999","","0","","N","","3 ","","","","","","","","","","2","1","0","0","0","0","1","0","0","0","0","0","0","0","4","0","0","0","0","0","1","0","0","0","0","0","0","0","0","0","0","0","0","0","0","9","0","","","","CRASH_2001_Philadelphia"
"2001216929","06","67","67301","67301","2001","03","2","2230","22","3","2","1","5","1","","","N","00","0","00","3","0","1","2","2","N","N","40 00:34.560","75 03:55.440","9999","","9999","","0","","N","","0 ","","","","","","","","","","2","1","0","0","0","1","0","0","0","0","0","1","1","0","0","0","0","0","0","0","0","0","0","0","0","0","0","0","0","0","0","0","0","0","0","4","1","40.0094","-75.0655","","CRASH_2001_Philadelphia"
"2001233171","06","67","67301","67301","2001","04","2","1625","16","1","1","0","5","1","","","N","00","0","00","3","0","1","3","5","N","N","39 57:20.160","75 12:49.680","9999","","9999","","0","","N","","0 ","","","","","","","","","","5","3","0","0","0","0","0","0","0","0","1","0","1","0","0","0","0","0","0","0","0","0","0","0","0","0","0","0","0","0","0","0","0","0","0","3","0","39.9555","-75.2138","","CRASH_2001_Philadelphia"
"2001239141","06","67","67301","67301","2001","04","2","1930","19","3","1","0","4","1","","","N","00","2","07","3","0","1","2","2","N","N","40 05:43.800","74 57:35.280","9999","","9999","","0","","N","","3 ","","","","","","","","","","2","1","0","0","0","0","1","0","0","0","1","0","1","0","0","0","0","0","0","0","0","0","0","0","0","0","0","0","0","0","0","0","0","0","0","3","0","40.0955","-74.9598","","CRASH_2001_Philadelphia"
"2001240297","06","67","67301","67301","2001","04","1","0300","03","3","1","0","1","1","","","N","00","0","00","3","0","0","3","2","N","N","40 01:44.760","75 02:13.920","9999","","9999","","0","","N","","0 ","","","","","","","","","","2","2","0","0","0","0","0","0","0","0","0","0","0","0","0","0","0","0","0","0","0","0","0","0","0","0","0","0","0","0","0","0","0","0","0","0","0","40.0286","-75.034","","CRASH_2001_Philadelphia"
"2001244837","06","67","67301","67301","2001","05","1","1305","13","1","1","0","7","5","","","N","01","2","00","3","0","1","1","2","N","N","40 01:03.720","75 03:33.480","9999","","9999","","0","","N","","3 ","","","","","","","","","","2","1","0","0","0","0","0","0","0","0","0","1","1","0","0","0","0","0","0","0","1","0","0","0","0","0","0","0","0","0","0","0","0","0","0","4","0","40.0177","-75.0593","","CRASH_2001_Philadelphia"
"2001401160","06","67","67301","67301","2001","09","3","1605","16","1","1","0","7","5","","","N","00","0","00","3","1","0","1","1","N","N","40 00:36.000","75 11:11.040","9999","","9999","","0","","N","9","0 ","","","","","","","","","","1","1","0","0","0","0","0","0","0","0","0","0","0","0","0","0","0","0","0","0","0","0","0","0","0","0","1","0","0","0","0","0","0","0","0","1","0","40.0103","-75.1856","8 ","CRASH_2001_Philadelphia"
"2001211355","06","67","67301","67301","2001","02","5","0855","08","1","1","0","4","1","","","N","01","2","00","3","0","3","3","2","N","N","39 58:42.600","75 12:48.600","9999","","9999","","0","","N","","3 ","","","","","","","","","","2","2","0","0","0","0","0","0","0","0","0","3","3","0","0","0","0","0","0","0","1","0","0","0","0","0","0","0","0","0","0","0","0","0","0","4","0","39.9785","-75.2135","","CRASH_2001_Philadelphia"
"2001215759","06","67","67301","67301","2001","03","5","1140","11","1","1","0","1","1","","","N","00","0","00","3","0","2","3","2","N","N","40 00:57.600","75 09:14.400","9999","","9999","","0","","N","","0 ","","","","","","","","","","2","1","0","0","0","1","0","0","0","0","0","2","2","0","0","0","0","0","0","0","1","0","0","0","0","0","0","0","0","0","0","0","0","0","0","4","1","40.0159","-75.1539","","CRASH_2001_Philadelphia"
"2001239133","06","67","67301","67301","2001","04","5","1550","15","1","3","0","7","1","","","N","01","0","00","3","0","1","2","2","N","N","39 57:35.640","75 13:26.040","9999","","9999","","0","","N","","0 ","","","","","","","","","","1","1","0","0","0","0","0","0","0","0","0","1","1","0","0","0","0","0","0","0","0","0","0","0","0","0","0","0","0","0","0","0","1","0","0","4","0","39.9599","-75.2239","","CRASH_2001_Philadelphia"
"2001238172","06","67","67301","67301","2001","03","6","1115","11","1","1","1","4","1","","","N","01","0","00","3","0","1","2","2","N","N","40 00:59.814","75 08:49.815","9999","","9999","","0","","N","","0 ","","","","","","","","","","2","2","0","0","0","0","0","0","0","0","0","1","1","0","0","0","0","0","1","0","0","0","0","2","0","0","0","0","0","0","0","0","0","0","0","4","0","40.0166","-75.1472","","CRASH_2001_Philadelphia"
"2001244694","06","67","67301","67301","2001","05","7","0155","01","3","1","0","4","1","","","N","01","2","00","3","0","2","3","2","N","N","40 01:15.600","75 08:24.360","9999","","9999","","0","","N","","3 ","","","","","","","","","","2","2","0","0","0","0","0","0","0","0","0","2","2","0","0","0","0","0","1","0","0","0","0","0","0","0","0","0","0","0","0","0","0","0","0","4","0","40.0215","-75.1398","","CRASH_2001_Philadelphia"
"2001206177","06","67","67301","67301","2001","01","5","1626","16","1","2","1","5","1","","","N","00","0","00","3","0","1","2","3","N","N","","","9999","","9999","","0","","N","","0 ","","","","","","","","","","2","2","0","0","0","0","0","0","0","0","0","1","1","0","0","0","0","0","0","0","0","0","1","0","0","0","0","0","0","0","0","0","1","0","0","4","0","","","","CRASH_2001_Philadelphia"
"2001206241","06","67","67301","67301","2001","01","5","2317","23","3","1","0","9","1","","","N","00","0","00","3","0","0","1","3","N","N","40 02:31.920","75 01:33.240","9999","","9999","","0","","N","","0 ","","","","","","","","","","3","1","0","0","0","0","0","0","0","0","0","0","0","0","0","0","0","0","0","0","0","0","0","0","0","0","0","0","0","0","0","0","0","0","0","0","0","40.0422","-75.0259","","CRASH_2001_Philadelphia"
"2001238938","06","67","67301","67301","2001","04","1","1325","13","1","1","0","7","1","","","N","00","0","00","3","0","1","1","1","N","N","40 02:42.000","75 00:06.840","9999","","9999","","0","","N","","0 ","","","","","","","","","","1","0","0","0","1","0","0","0","0","0","0","1","1","0","0","0","0","0","0","0","0","0","1","0","0","0","0","0","0","0","0","0","0","0","0","4","0","40.0449","-75.0021","","CRASH_2001_Philadelphia"
"2001240231","06","67","67301","67301","2001","04","5","0958","09","1","1","0","1","1","","","N","00","0","00","3","0","2","4","2","N","N","39 59:33.720","75 05:07.080","9999","","9999","","0","","N","","0 ","","","","","","","","","","2","1","0","0","1","0","0","0","0","0","0","2","2","0","0","0","0","1","0","0","0","1","0","0","0","0","0","0","0","0","0","0","0","0","0","4","0","39.9927","-75.0855","","CRASH_2001_Philadelphia"
"2001244824","06","67","67301","67301","2001","05","1","1645","16","1","1","0","1","1","","","N","00","0","00","3","0","1","8","3","N","N","39 58:44.400","75 12:12.960","9999","","9999","","0","","N","","0 ","","","","","","","","","","3","1","0","0","0","0","1","0","0","0","0","0","0","0","1","0","0","0","0","0","0","0","0","0","0","0","0","0","0","0","0","0","0","0","0","9","0","39.9791","-75.2036","","CRASH_2001_Philadelphia"
"2001238241","06","67","67301","67301","2001","04","7","1645","16","1","1","0","4","1","","","N","02","3","00","3","0","0","2","2","N","N","","","9999","","9999","","0","","N","","3 ","","","","","","","","","","2","2","0","0","0","0","0","0","0","0","0","0","0","0","0","0","0","0","0","0","0","0","0","2","0","0","0","0","0","0","0","0","0","0","0","0","0","","","","CRASH_2001_Philadelphia"
"2001238290","06","67","67301","67301","2001","04","7","1210","12","1","1","0","1","1","","","N","02","3","00","3","0","1","6","2","N","N","","","9999","","9999","","0","","N","","3 ","","","","","","","","","","2","2","0","0","0","0","0","0","0","0","0","1","1","0","0","0","0","0","0","0","1","0","0","0","0","0","0","0","0","0","0","0","0","0","0","4","0","","","","CRASH_2001_Philadelphia"
"2001240273","06","67","67301","67301","2001","04","7","1634","16","1","1","0","8","1","","","N","00","0","00","3","0","1","2","2","N","N","","","9999","","9999","","0","","N","","0 ","","","","","","","","","","1","1","0","0","0","0","0","0","0","0","0","1","1","0","0","0","0","0","0","0","0","0","0","0","0","0","0","0","0","0","0","0","1","0","0","4","0","","","","CRASH_2001_Philadelphia"
"2001207670","06","67","67301","67301","2001","01","7","1305","13","1","1","1","4","1","","","N","01","2","00","3","0","3","4","2","N","N","40 00:20.520","75 05:56.400","9999","","9999","","0","","N","","3 ","","","","","","","","","","2","1","0","0","0","1","0","0","0","0","2","1","3","0","0","0","0","0","0","0","0","0","0","0","0","0","0","0","0","0","0","0","0","0","0","3","0","40.0057","-75.099","","CRASH_2001_Philadelphia"
"2001214301","06","67","67301","67301","2001","02","5","1415","14","1","4","5","1","1","","","N","00","0","00","3","0","1","2","2","N","N","40 02:49.200","75 03:08.280","9999","","9999","","0","","N","","0 ","","","","","","","","","","2","2","0","0","0","0","0","0","0","0","0","1","1","0","0","0","0","0","0","0","0","1","0","0","0","0","0","0","0","0","0","0","0","0","0","4","0","40.0469","-75.0523","","CRASH_2001_Philadelphia"
"2001214310","06","67","67301","67301","2001","02","4","1530","15","1","1","0","1","1","","","N","00","0","00","3","0","1","3","2","N","N","39 59:20.040","75 05:24.360","9999","","9999","","0","","N","","0 ","","","","","","","","","","2","2","0","0","0","0","0","0","0","0","0","1","1","0","0","0","0","0","0","0","1","0","0","0","0","0","0","0","0","0","0","0","0","0","0","4","0","39.9888","-75.0901","","CRASH_2001_Philadelphia"
"2001233261","06","67","67301","67301","2001","04","1","1251","12","1","1","1","8","1","","","N","00","0","00","3","0","1","2","2","N","N","","","9999","","9999","","0","","N","","0 ","","","","","","","","","","1","1","0","0","0","0","0","0","0","0","0","1","1","0","0","0","0","0","0","0","0","0","0","0","0","0","0","0","0","0","0","0","1","0","0","4","0","","","","CRASH_2001_Philadelphia"
"2001240219","06","67","67301","67301","2001","04","7","1740","17","1","1","0","8","1","","","N","00","0","00","3","0","1","2","2","N","N","","","9999","","9999","","0","","N","","0 ","","","","","","","","","","1","1","0","0","0","0","0","0","0","0","0","1","1","0","0","0","0","0","0","0","0","0","0","0","0","0","0","0","0","0","0","0","1","0","0","4","0","","","","CRASH_2001_Philadelphia"
"2001240263","06","67","67301","67301","2001","04","7","1922","19","1","2","1","6","1","","","N","00","0","00","3","0","2","3","2","N","N","40 04:06.240","75 01:47.280","9999","","9999","","0","","N","","0 ","","","","","","","","","","2","2","0","0","0","0","0","0","0","0","0","2","2","0","0","0","0","0","1","0","0","0","0","1","0","0","0","0","0","0","0","0","0","0","0","4","0","40.0685","-75.0299","","CRASH_2001_Philadelphia"
"2001243684","06","67","67301","67301","2001","05","7","1254","12","1","1","0","1","1","","","N","01","2","00","3","0","1","5","2","N","N","39 57:39.960","75 08:47.400","9999","","9999","","0","","N","","3 ","","","","","","","","","","2","2","0","0","0","0","0","0","0","0","0","1","1","0","0","0","0","0","0","0","0","0","0","0","0","0","0","0","0","0","0","0","0","0","0","4","0","39.9612","-75.1466","","CRASH_2001_Philadelphia"
"2001244605","06","67","67301","67301","2001","04","7","2154","21","3","1","0","1","1","","","N","01","3","00","3","0","1","3","3","N","N","39 59:56.760","75 08:03.840","9999","","9999","","0","","N","","3 ","","","","","","","","","","3","3","0","0","0","0","0","0","0","0","0","1","1","0","0","0","0","0","0","0","0","0","0","0","0","0","0","0","0","0","0","0","0","0","0","4","0","39.9992","-75.1344","","CRASH_2001_Philadelphia"
"2001244912","06","67","67301","67301","2001","05","3","1821","18","4","1","0","4","1","","","N","01","2","00","3","0","1","2","2","N","N","39 56:30.120","75 13:12.360","9999","","9999","","0","","N","","3 ","","","","","","","","","","1","1","0","0","0","0","0","0","1","0","0","1","1","0","0","0","0","0","0","0","0","0","0","0","0","0","0","0","0","0","0","0","0","0","0","4","0","39.9416","-75.2201","","CRASH_2001_Philadelphia"
"2001400335","06","67","67301","67301","2001","04","2","1158","11","1","1","0","4","1","","","N","01","2","00","3","1","1","3","3","N","N","40 01:13.800","75 03:13.320","9999","","9999","","0","","N","9","3 ","","","","","","","","","","2","1","0","0","1","0","0","0","0","1","0","0","1","0","0","0","0","0","0","0","0","0","0","1","1","0","0","0","0","0","0","0","1","0","1","1","0","40.0205","-75.0537","2 ","CRASH_2001_Philadelphia"
"2001248839","06","67","67301","67301","2001","05","6","1520","15","1","1","9","4","1","","","N","01","3","00","3","0","3","5","2","N","N","39 58:34.842","75 08:21.879","9999","","9999","","0","","N","","3 ","","","","","","","","","","2","1","0","0","0","0","0","1","0","0","0","3","3","0","0","0","0","0","1","0","0","0","0","0","0","0","0","0","0","0","0","0","0","0","0","4","0","39.9763","-75.1394","","CRASH_2001_Philadelphia"
"2001238087","06","67","67301","67301","2001","04","3","1022","10","1","1","0","4","1","","","N","02","3","00","3","0","4","6","2","N","N","39 58:32.520","75 13:25.680","9999","","9999","","0","","N","","3 ","","","","","","","","","","2","1","0","1","0","0","0","0","0","0","0","0","0","0","4","0","0","0","0","0","1","0","0","0","0","0","0","0","0","0","0","0","0","0","0","9","1","39.9757","-75.2236","","CRASH_2001_Philadelphia"
"2001243451","06","67","67301","67301","2001","05","5","0849","08","1","1","0","4","1","","","N","01","3","00","3","0","1","2","2","N","N","40 01:11.582","75 05:22.923","9999","","9999","","0","","N","","3 ","","","","","","","","","","2","1","0","0","1","0","0","0","0","0","0","1","1","0","0","0","0","0","0","0","0","0","0","0","0","0","0","0","0","0","0","0","0","0","0","4","0","40.0199","-75.0897","","CRASH_2001_Philadelphia"
"2001208882","06","67","67301","67301","2001","01","6","1250","12","1","2","1","5","1","","","N","00","0","00","3","0","0","2","2","N","N","39 58:44.040","75 09:33.840","9999","","9999","","0","","N","","0 ","","","","","","","","","","2","2","0","0","0","0","0","0","0","0","0","0","0","0","0","0","0","0","0","0","0","0","0","0","0","0","0","0","0","0","0","0","0","0","0","0","0","39.9789","-75.1594","","CRASH_2001_Philadelphia"
"2001209116","06","67","67301","67301","2001","01","2","1345","13","1","2","1","9","1","","","N","00","0","00","3","0","1","1","2","N","N","","","9999","","9999","","0","","N","","0 ","","","","","","","","","","2","1","0","0","0","0","0","0","0","0","0","1","1","0","0","0","0","0","0","0","0","0","0","0","0","0","0","0","0","0","0","0","0","0","0","4","0","","","","CRASH_2001_Philadelphia"
"2001215610","06","67","67301","67301","2001","02","7","0944","09","1","1","0","4","1","","","N","01","0","00","3","0","2","2","2","N","N","","","9999","","9999","","0","","N","","0 ","","","","","","","","","","2","2","0","0","0","0","0","0","0","0","2","0","2","0","0","0","0","0","0","0","0","0","0","0","0","0","0","0","0","0","0","0","0","0","0","3","0","","","","CRASH_2001_Philadelphia"
"2001217005","06","67","67301","67301","2001","03","1","0130","01","3","1","0","4","1","","","N","01","2","00","3","0","4","4","2","N","N","39 59:10.680","75 10:49.080","9999","","9999","","0","","N","","3 ","","","","","","","","","","2","1","0","0","1","0","0","0","0","0","0","4","4","0","0","0","0","0","0","0","0","0","0","0","0","0","0","0","0","0","0","0","0","0","0","4","0","39.9863","-75.1802","","CRASH_2001_Philadelphia"
"2001233095","06","67","67301","67301","2001","04","4","1403","14","1","1","0","4","1","","","N","01","2","00","3","0","0","2","2","N","N","40 04:15.240","75 02:16.080","9999","","9999","","0","","N","","3 ","","","","","","","","","","2","2","0","0","0","0","0","0","0","0","0","0","0","0","0","0","0","0","0","0","1","0","1","0","0","0","0","0","0","0","0","0","0","0","0","0","0","40.071","-75.0378","","CRASH_2001_Philadelphia"
"2001238219","06","67","67301","67301","2001","04","7","1120","11","1","1","0","9","1","","","N","00","0","00","3","0","0","2","2","N","N","","","9999","","9999","","0","","N","","0 ","","","","","","","","","","2","1","0","0","0","0","0","0","0","0","0","0","0","0","0","0","0","0","0","0","0","0","0","0","0","0","0","0","0","0","0","0","0","0","0","0","0","","","","CRASH_2001_Philadelphia"
"2001288579","06","67","67301","","2001","11","3","0820","08","1","1","0","1","1","","","N","00","0","00","3","0","1","2","2","N","N","40 04:10.560","75 03:01.800","9999","","9999","","0","","N","","0 ","","","","","","","","","","2","1","0","0","0","0","0","0","0","0","0","1","1","0","0","0","0","0","0","0","1","0","0","0","0","0","0","0","0","0","0","0","0","0","0","4","0","40.0694","-75.0507","","CRASH_2001_Philadelphia"
"2001233245","06","67","67301","67301","2001","04","2","2210","22","3","2","1","1","1","","","N","00","0","02","3","0","3","8","2","N","N","39 54:44.640","75 09:02.160","9999","","9999","","0","","N","","0 ","","","","","","","","","","2","2","0","0","0","0","0","0","0","0","0","3","3","0","0","0","0","0","0","0","0","0","0","1","0","0","0","0","0","0","0","0","0","0","0","4","0","39.9124","-75.1505","","CRASH_2001_Philadelphia"
"2001233370","06","67","67301","67301","2001","03","4","1635","16","1","1","0","9","1","","","N","00","0","00","3","0","0","1","3","N","N","","","9999","","9999","","0","","N","","0 ","","","","","","","","","","3","1","0","0","0","0","0","0","0","0","0","0","0","0","0","0","0","0","0","0","1","0","0","0","0","0","0","0","0","0","0","0","0","0","0","0","0","","","","CRASH_2001_Philadelphia"
"2001240018","06","67","67301","67301","2001","03","2","2127","21","3","2","1","4","1","","","N","01","2","00","3","0","1","2","2","N","N","40 00:19.440","75 06:33.480","9999","","9999","","0","","N","","3 ","","","","","","","","","","2","2","0","0","0","0","0","0","0","0","0","1","1","0","0","0","0","0","0","1","0","0","0","0","0","0","0","0","0","0","0","0","0","0","0","4","0","40.0054","-75.1093","","CRASH_2001_Philadelphia"
"2001204584","06","67","67301","67301","2001","01","7","1039","10","1","1","0","4","1","","","N","00","1","07","3","0","1","2","2","N","N","40 04:07.680","75 00:23.400","9999","","9999","","0","","N","","3 ","","","","","","","","","","2","0","0","0","0","1","1","0","0","0","0","1","1","0","0","0","0","0","0","0","1","0","0","0","0","0","0","0","0","0","0","0","0","0","0","4","0","40.0688","-75.0067","","CRASH_2001_Philadelphia"
"2001205979","06","67","67301","67301","2001","01","1","1930","19","3","2","1","4","1","","","N","01","0","00","3","0","0","2","2","N","N","40 01:14.666","75 07:34.603","9999","","9999","","0","","N","","0 ","","","","","","","","","","2","2","0","0","0","0","0","0","0","0","0","0","0","0","0","0","0","0","0","0","0","0","0","0","0","0","0","0","0","0","0","0","0","0","0","0","0","40.0207","-75.1263","","CRASH_2001_Philadelphia"
"2001252104","06","67","67301","67301","2001","06","6","1620","16","1","2","1","8","1","","","N","00","0","00","3","0","1","2","3","N","N","","","9999","","9999","","0","","N","","0 ","","","","","","","","","","2","0","0","0","0","0","1","0","0","0","0","1","1","0","0","1","0","0","0","0","0","0","0","0","0","0","0","0","0","0","0","0","1","0","0","4","0","","","","CRASH_2001_Philadelphia"
"2001255896","06","67","67301","67301","2001","05","6","0745","07","1","1","0","5","1","","","N","00","0","00","3","0","0","3","3","N","N","39 59:08.160","75 05:35.880","9999","","9999","","0","","N","","0 ","","","","","","","","","","3","1","0","0","0","1","0","1","0","0","0","0","0","0","0","0","0","0","0","0","1","0","0","0","0","0","0","0","0","0","0","0","0","0","0","0","1","39.9856","-75.0934","","CRASH_2001_Philadelphia"
"2001259774","06","67","67301","67301","2001","06","2","1505","15","1","1","0","4","1","","","N","01","0","00","3","0","2","6","2","N","N","","","9999","","9999","","0","","N","","0 ","","","","","","","","","","2","1","0","0","0","0","0","1","0","0","0","2","2","0","0","0","1","0","0","0","0","0","0","0","0","0","0","0","0","0","0","0","0","0","0","4","0","","","","CRASH_2001_Philadelphia"
"2001265960","06","67","67301","67301","2001","05","5","1645","16","1","1","0","1","1","","","N","02","0","00","3","0","5","9","4","N","N","","","9999","","9999","","0","","N","","0 ","","","","","","","","","","4","3","0","0","0","1","0","0","0","0","0","0","0","0","5","0","0","0","0","0","0","0","0","0","0","0","0","0","0","0","0","0","0","0","0","9","0","","","","CRASH_2001_Philadelphia"
"2001244619","06","67","67301","67301","2001","05","1","1315","13","1","1","0","4","1","","","N","01","2","00","3","0","1","3","2","N","N","40 07:00.120","75 01:11.280","9999","","9999","","0","","N","","3 ","","","","","","","","","","2","2","0","0","0","0","0","0","0","0","0","1","1","0","0","0","0","0","0","0","0","0","0","1","0","0","0","0","0","0","0","0","0","0","0","4","0","40.1167","-75.0198","","CRASH_2001_Philadelphia"
"2001231101","06","67","67301","67301","2001","03","6","2350","23","3","2","1","4","1","","","N","01","2","00","3","0","1","2","2","N","N","","","9999","","9999","","0","","N","","3 ","","","","","","","","","","2","2","0","0","0","0","0","0","0","0","1","0","1","0","0","0","0","0","0","0","1","0","0","0","0","0","0","0","0","0","0","0","0","0","0","3","0","","","","CRASH_2001_Philadelphia"
"2001233251","06","67","67301","67301","2001","04","2","1856","18","1","1","0","8","1","","","N","00","0","00","3","0","1","2","2","N","N","","","9999","","9999","","0","","N","","0 ","","","","","","","","","","1","1","0","0","0","0","0","0","0","0","1","0","1","0","0","0","0","0","0","0","1","0","0","0","0","0","0","0","0","0","0","0","1","0","0","3","0","","","","CRASH_2001_Philadelphia"
"2001216883","06","67","67301","67301","2001","03","3","2355","23","3","1","1","7","5","","","N","02","9","00","3","0","1","2","1","N","N","40 02:42.082","75 05:39.051","9999","","9999","","0","","N","","9 ","","","","","","","","","","1","0","0","0","0","0","0","1","0","0","0","1","1","0","0","0","0","0","0","0","1","0","0","0","0","0","0","0","0","0","0","0","0","0","0","4","0","40.045","-75.0942","","CRASH_2001_Philadelphia"
"2001223867","06","67","67301","67301","2001","03","5","0750","07","3","2","1","8","1","","","N","01","2","00","3","0","1","2","2","N","N","40 02:11.040","75 07:49.800","9999","","9999","","0","","N","","3 ","","","","","","","","","","1","1","0","0","0","0","0","0","0","0","1","0","1","0","0","0","0","0","1","0","0","0","0","0","0","0","0","0","0","0","0","0","1","0","0","3","0","40.0364","-75.1305","","CRASH_2001_Philadelphia"
"2001231156","06","67","67301","67301","2001","03","5","1923","19","3","1","0","1","1","","","N","00","0","00","3","0","4","6","3","N","N","39 58:09.840","75 12:41.400","9999","","9999","","0","","N","","0 ","","","","","","","","","","3","1","0","1","0","0","0","1","0","0","1","3","4","0","0","0","0","0","0","0","1","0","0","1","0","0","0","0","0","0","0","0","0","0","0","3","1","39.9694","-75.2115","","CRASH_2001_Philadelphia"
"2001233391","06","67","67301","67301","2001","03","7","2100","21","3","1","0","6","1","","","N","00","0","00","3","0","1","2","2","N","N","","","9999","","9999","","0","","N","","0 ","","","","","","","","","","2","2","0","0","0","0","0","0","0","0","0","1","1","0","0","0","0","0","0","0","0","1","0","0","0","0","0","0","0","0","0","0","0","0","0","4","0","","","","CRASH_2001_Philadelphia"
"2001233446","06","67","67301","67301","2001","03","2","1345","13","1","1","0","1","1","","","N","00","0","00","3","0","0","3","3","N","N","40 00:52.560","75 09:00.360","9999","","9999","","0","","N","","0 ","","","","","","","","","","3","3","0","0","0","0","0","0","0","0","0","0","0","0","0","0","0","0","0","0","0","0","0","0","0","0","0","0","0","0","0","0","0","0","0","0","0","40.0145","-75.15","","CRASH_2001_Philadelphia"
"2001243318","06","67","67301","67301","2001","04","7","1830","18","1","1","0","7","5","","","N","01","2","00","3","0","0","1","1","N","N","40 01:43.284","75 07:03.795","9999","","9999","","0","","N","","3 ","","","","","","","","","","1","1","0","0","0","0","0","0","0","0","0","0","0","0","0","0","0","0","0","0","0","0","0","0","0","0","0","0","0","0","0","0","0","0","0","0","0","40.0287","-75.1177","","CRASH_2001_Philadelphia"