"CRN","DISTRICT","COUNTY","MUNICIPALITY","POLICE_AGCY","CRASH_YEAR","CRASH_MONTH","DAY_OF_WEEK","TIME_OF_DAY","HOUR_OF_DAY","ILLUMINATION","WEATHER","ROAD_CONDITION","COLLISION_TYPE","RELATION_TO_ROAD","WORK_ZONE_TYPE","WORK_ZONE_LOC","WORK_ZONE_IND","INTERSECT_TYPE","TCD_TYPE","LOCATION_TYPE","URBAN_RURAL","FATAL_COUNT","INJURY_COUNT","PERSON_COUNT","TOTAL_UNITS","SCH_BUS_IND","SCH_ZONE_IND","LATITUDE","LONGITUDE","ARRIVAL_TM","CONS_ZONE_SPD_LIM","DISPATCH_TM","EST_HRS_CLOSED","LANE_CLOSED","LN_CLOSE_DIR","NTFY_HIWY_MAINT","SPEC_JURIS_CD","TCD_FUNC_CD","TFC_DETOUR_IND","WORKERS_PRES","WZ_CLOSE_DETOUR","WZ_FLAGGER","WZ_LAW_OFFCR_IND","WZ_LN_CLOSURE","WZ_MOVING","WZ_OTHER","WZ_SHLDER_MDN","VEHICLE_COUNT","AUTOMOBILE_COUNT","MOTORCYCLE_COUNT","BUS_COUNT","SMALL_TRUCK_COUNT","HEAVY_TRUCK_COUNT","SUV_COUNT","VAN_COUNT","BICYCLE_COUNT","MAJ_INJ_COUNT","MOD_INJ_COUNT","MIN_INJ_COUNT","TOT_INJ_COUNT","UNK_INJ_DEG_COUNT","UNK_INJ_PER_COUNT","DRIVER_COUNT_16YR","DRIVER_COUNT_17YR","DRIVER_COUNT_18YR","DRIVER_COUNT_19YR","DRIVER_COUNT_20YR","DRIVER_COUNT_50_64YR","DRIVER_COUNT_65_74YR","DRIVER_COUNT_75PLUS","UNBELTED_OCC_COUNT","UNB_DEATH_COUNT","UNB_MAJ_INJ_COUNT","BELTED_DEATH_COUNT","BELTED_MAJ_INJ_COUNT","MCYCLE_DEATH_COUNT","MCYCLE_MAJ_INJ_COUNT","BICYCLE_DEATH_COUNT","BICYCLE_MAJ_INJ_COUNT","PED_COUNT","PED_DEATH_COUNT","PED_MAJ_INJ_COUNT","MAX_SEVERITY_LEVEL","COMM_VEH_COUNT","DEC_LAT","DEC_LONG","RDWY_SURF_TYPE_CD","COUNTY_YEAR"
"2001243574","06","67","67301","67301","2001","05","3","2305","23","3","1","0","1","1","","","N","00","0","00","3","0","6","6","4","N","N","39 53:55.680","75 10:21.720","9999","","9999","","0","","N","","0 ","","","","","","","","","","4","3","0","0","0","0","0","1","0","0","0","0","0","0","6","0","0","0","0","0","0","0","0","0","0","0","0","0","0","0","0","0","0","0","0","9","0","39.8995","-75.164","","CRASH_2001_Philadelphia"
"2001244899","06","67","67301","67301","2001","05","7","1326","13","1","1","0","4","1","","","N","01","2","00","3","0","3","5","2","N","N","39 56:20.400","75 11:53.880","9999","","9999","","0","","N","","3 ","","","","","","","","","","2","1","0","0","1","0","0","0","0","0","0","2","2","0","1","0","0","0","0","1","0","0","0","3","0","0","0","0","0","0","0","0","0","0","0","4","0","39.9396","-75.1982","","CRASH_2001_Philadelphia"
"2001238939","06","67","67301","67301","2001","04","1","2120","21","3","2","1","4","1","","","N","01","2","00","3","0","1","3","2","N","N","39 57:32.400","75 10:07.320","9999","","9999","","0","","N","","3 ","","","","","","","","","","2","1","0","0","0","0","1","0","0","0","0","0","0","0","1","0","0","0","0","0","1","0","0","0","0","0","0","0","0","0","0","0","0","0","0","9","0","39.9589","-75.1688","","CRASH_2001_Philadelphia"
"2001240143","06","67","67301","67301","2001","04","4","0830","08","1","1","0","8","1","","","N","01","2","00","3","0","1","2","2","N","N","40 04:17.202","75 10:08.443","9999","","9999","","0","","N","","3 ","","","","","","","","","","1","1","0","0","0","0","0","0","0","0","0","1","1","0","0","0","0","0","0","0","0","0","0","0","0","0","0","0","0","0","0","0","1","0","0","4","0","40.0714","-75.169","","CRASH_2001_Philadelphia"
"2001288082","06","67","67301","","2001","04","6","1000","10","1","9","9","1","1","","","N","06","0","02","3","0","1","3","2","N","N","39 56:53.520","75 11:11.400","9999","","9999","","0","","N","","0 ","","","","","","","","","","2","0","0","0","0","0","0","0","0","0","0","1","1","0","0","0","0","0","0","0","0","0","0","0","0","0","0","0","0","0","0","0","0","0","0","4","0","39.9482","-75.1865","","CRASH_2001_Philadelphia"
"2001238861","06","67","67301","67301","2001","04","3","0910","09","1","1","0","1","1","","","N","01","2","00","3","0","1","2","2","N","N","39 57:13.680","75 10:30.720","9999","","9999","","0","","N","","3 ","","","","","","","","","","1","1","0","0","0","0","0","0","1","0","0","1","1","0","0","0","0","0","0","0","1","0","0","0","0","0","0","0","0","0","0","0","0","0","0","4","0","39.9538","-75.1751","","CRASH_2001_Philadelphia"
"2001208993","06","67","67301","67301","2001","01","4","9999","99","3","2","0","4","1","","","N","01","9","00","3","0","1","2","2","N","N","40 00:22.174","75 10:35.725","9999","","9999","","0","","N","","9 ","","","","","","","","","","2","2","0","0","0","0","0","0","0","0","0","1","1","0","0","0","0","0","0","0","0","0","0","0","0","0","0","0","0","0","0","0","0","0","0","4","0","40.0062","-75.1766","","CRASH_2001_Philadelphia"
"2001215692","06","67","67301","67301","2001","03","5","2202","22","2","1","0","4","1","","","N","01","0","00","3","0","1","2","2","N","N","39 55:34.782","75 08:46.917","9999","","9999","","0","","N","","0 ","","","","","","","","","","1","1","0","0","0","0","0","0","1","0","0","1","1","0","0","0","0","0","0","0","0","0","0","0","0","0","0","0","0","0","0","0","0","0","0","4","0","39.9263","-75.1464","","CRASH_2001_Philadelphia"
"2001224007","06","67","67301","67301","2001","03","6","2040","20","3","2","1","4","1","","","N","01","2","00","3","0","1","2","2","N","N","40 06:46.800","75 01:22.800","9999","","9999","","0","","N","","3 ","","","","","","","","","","2","1","0","1","0","0","0","0","0","0","0","1","1","0","0","0","0","0","0","0","0","0","0","0","0","0","0","0","0","0","0","0","0","0","0","4","1","40.113","-75.023","","CRASH_2001_Philadelphia"
"2001238052","06","67","67301","67301","2001","04","5","1930","19","1","1","0","7","5","","","N","00","0","00","3","0","1","1","1","N","N","","","9999","","9999","","0","","N","","0 ","","","","","","","","","","1","1","0","0","0","0","0","0","0","0","0","1","1","0","0","0","0","0","0","1","0","0","0","0","0","0","0","0","0","0","0","0","0","0","0","4","0","","","","CRASH_2001_Philadelphia"
"2001244771","06","67","67301","67301","2001","05","3","1700","17","1","1","0","2","1","","","N","00","0","00","3","0","2","2","2","N","N","","","9999","","9999","","0","","N","","0 ","","","","","","","","","","2","2","0","0","0","0","0","0","0","0","0","2","2","0","0","0","0","0","0","0","0","0","0","0","0","0","0","0","0","0","0","0","0","0","0","4","0","","","","CRASH_2001_Philadelphia"
"2001240615","06","67","67301","67301","2001","04","5","1809","18","1","1","0","5","1","","","N","06","0","02","3","0","0","2","2","N","N","39 58:33.600","75 06:55.440","9999","","9999","","0","","N","","0 ","","","","","","","","","","2","1","0","0","0","1","0","0","0","0","0","0","0","0","0","0","0","0","0","0","0","0","0","0","0","0","0","0","0","0","0","0","0","0","0","0","1","39.9757","-75.1156","","CRASH_2001_Philadelphia"
"2001243575","06","67","67301","67301","2001","05","6","1920","19","1","1","0","4","1","","","N","02","3","00","3","0","2","4","2","N","N","39 55:02.863","75 09:20.102","9999","","9999","","0","","N","","3 ","","","","","","","","","","1","1","0","0","0","0","0","0","1","0","0","2","2","0","0","0","0","0","0","0","0","0","0","0","0","0","0","0","0","0","0","0","0","0","0","4","0","39.9175","-75.1556","","CRASH_2001_Philadelphia"
"2001240896","06","67","67301","67301","2001","04","5","1723","17","1","1","0","5","1","","","N","00","0","00","3","0","4","5","2","N","N","39 57:06.120","75 09:29.880","9999","","9999","","0","","N","","0 ","","","","","","","","","","2","1","0","1","0","0","0","0","0","0","0","0","0","0","4","0","0","0","0","0","0","0","0","4","0","0","0","0","0","0","0","0","0","0","0","9","1","39.9517","-75.1584","","CRASH_2001_Philadelphia"
"2001244840","06","67","67301","67301","2001","05","3","1930","19","1","1","0","5","1","","","N","01","2","00","3","0","1","5","2","N","N","40 00:59.040","75 03:42.480","9999","","9999","","0","","N","","3 ","","","","","","","","","","2","2","0","0","0","0","0","0","0","0","1","0","1","0","0","0","0","0","0","0","0","0","0","0","0","0","0","0","0","0","0","0","0","0","0","3","0","40.0163","-75.0618","","CRASH_2001_Philadelphia"
"2002010497","06","67","67301","67301","2001","07","4","1820","18","4","1","0","1","1","","","N","02","2","00","3","0","1","2","2","N","N","40 01:46.354","75 12:11.880","1830","","1824","","0","","N","","3 ","","","","","","","","","","2","2","0","0","0","0","0","0","0","0","0","1","1","0","0","0","0","0","0","0","0","0","0","0","0","0","0","0","0","0","0","0","0","0","0","4","0","40.0295","-75.2035","","CRASH_2001_Philadelphia"
"2001243530","06","67","67301","67301","2001","04","2","0935","09","1","1","0","5","1","","","N","00","0","00","3","0","2","3","3","N","N","","","9999","","9999","","0","","N","","0 ","","","","","","","","","","3","2","0","0","0","0","0","0","0","0","1","1","2","0","0","0","0","0","0","0","0","0","0","0","0","0","0","0","0","0","0","0","0","0","0","3","0","","","","CRASH_2001_Philadelphia"
"2001248739","06","67","67301","67301","2001","05","6","2155","21","3","1","0","1","1","","","N","00","0","00","3","0","0","3","3","N","N","39 55:53.040","75 08:44.160","9999","","9999","","0","","N","","0 ","","","","","","","","","","3","2","0","0","0","0","1","0","0","0","0","0","0","0","0","0","0","0","1","0","0","0","0","0","0","0","0","0","0","0","0","0","0","0","0","0","0","39.9286","-75.1462","","CRASH_2001_Philadelphia"
"2002004250","06","67","67301","67301","2001","06","5","1718","17","1","1","0","8","1","","","N","01","2","00","3","0","1","2","2","N","N","39 55:18.691","75 10:12.367","1725","","1723","","0","","N","","3 ","","","","","","","","","","1","1","0","0","0","0","0","0","0","0","1","0","1","0","0","0","0","0","0","0","1","0","0","0","0","0","0","0","0","0","0","0","1","0","0","3","0","39.9219","-75.1702","","CRASH_2001_Philadelphia"
"2002006398","06","67","67301","67301","2001","11","7","1500","15","1","1","0","5","1","","","N","01","2","00","3","0","1","2","2","N","N","39 56:58.672","75 12:33.231","1503","","1500","","0","","N","","3 ","","","","","","","","","","1","1","0","0","0","0","0","0","1","0","0","1","1","0","0","0","1","0","0","0","0","0","0","0","0","0","0","0","0","0","0","0","0","0","0","4","0","39.9495","-75.2093","","CRASH_2001_Philadelphia"
"2001007153","06","67","67301","67301","2001","07","1","1435","14","1","1","0","1","1","","","N","00","0","00","3","0","0","2","2","N","N","40 01:54.000","75 12:48.500","1513","","1511","","0","","N","","0 ","","","","","","","","","","2","2","0","0","0","0","0","0","0","0","0","0","0","0","0","0","0","0","0","0","0","0","0","0","0","0","0","0","0","0","0","0","0","0","0","0","0","40.0317","-75.2132","","CRASH_2001_Philadelphia"
"2001008606","06","67","67301","67301","2001","05","6","1106","11","1","1","0","6","1","","","N","01","2","00","3","0","0","5","4","N","N","40 00:19.401","75 06:33.253","1128","","1122","","0","","N","","3 ","","","","","","","","","","4","4","0","0","0","0","0","0","0","0","0","0","0","0","0","0","0","0","0","0","1","0","0","0","0","0","0","0","0","0","0","0","0","0","0","0","0","40.0054","-75.1092","","CRASH_2001_Philadelphia"
"2001204138","06","67","67301","67301","2001","01","3","1600","16","1","9","9","7","5","","","N","00","0","00","3","0","1","1","2","N","N","","","9999","","9999","","0","","N","","0 ","","","","","","","","","","2","0","0","0","1","0","0","0","0","0","0","1","1","0","0","0","0","0","0","0","0","0","0","0","0","0","0","0","0","0","0","0","0","0","0","4","0","","","","CRASH_2001_Philadelphia"
"2001243593","06","67","67301","67301","2001","05","1","0453","04","3","1","0","7","5","","","N","00","0","00","3","0","0","1","1","N","N","39 57:51.840","75 13:21.720","9999","","9999","","0","","N","","0 ","","","","","","","","","","1","1","0","0","0","0","0","0","0","0","0","0","0","0","0","0","0","0","0","0","0","0","0","0","0","0","0","0","0","0","0","0","0","0","0","0","0","39.9643","-75.222","","CRASH_2001_Philadelphia"
"2001211475","06","67","67301","67301","2001","01","1","0228","02","3","1","0","1","1","","","N","01","2","00","3","0","1","2","2","N","N","","","9999","","9999","","0","","N","","3 ","","","","","","","","","","2","2","0","0","0","0","0","0","0","0","0","1","1","0","0","0","0","0","0","0","0","0","0","0","0","0","0","0","0","0","0","0","0","0","0","4","0","","","","CRASH_2001_Philadelphia"
"2001233112","06","67","67301","67301","2001","03","5","1730","17","1","1","0","4","1","","","N","01","2","00","3","0","5","5","2","N","N","","","9999","","9999","","0","","N","","3 ","","","","","","","","","","2","2","0","0","0","0","0","0","0","0","0","0","0","0","5","0","0","0","0","0","2","0","0","0","0","0","0","0","0","0","0","0","0","0","0","9","0","","","","CRASH_2001_Philadelphia"
"2001243527","06","67","67301","67301","2001","04","2","1830","18","1","1","0","8","1","","","N","00","0","00","3","0","1","2","2","N","N","","","9999","","9999","","0","","N","","0 ","","","","","","","","","","1","1","0","0","0","0","0","0","0","0","0","1","1","0","0","0","0","0","0","0","0","0","0","0","0","0","0","0","0","0","0","0","1","0","0","4","0","","","","CRASH_2001_Philadelphia"
"2001206689","06","67","67301","67301","2001","01","6","0115","01","3","1","0","7","1","","","N","01","1","00","3","0","0","1","1","N","N","39 55:05.520","75 12:31.680","9999","","9999","","0","","N","","3 ","","","","","","","","","","1","1","0","0","0","0","0","0","0","0","0","0","0","0","0","0","0","0","0","0","0","0","0","0","0","0","0","0","0","0","0","0","0","0","0","0","0","39.9177","-75.2114","","CRASH_2001_Philadelphia"
"2001207636","06","67","67301","67301","2001","01","5","0320","03","3","1","1","8","1","","","N","02","0","00","3","0","2","2","2","N","N","39 57:59.382","75 14:21.069","9999","","9999","","0","","N","","0 ","","","","","","","","","","1","0","0","0","0","0","0","0","0","0","0","1","1","0","1","0","0","0","0","0","0","0","0","0","0","0","0","0","0","0","0","0","1","0","0","4","0","39.9665","-75.2392","","CRASH_2001_Philadelphia"
"2001210708","06","67","67301","67301","2001","02","7","1315","13","1","1","0","8","1","","","N","01","2","00","3","0","1","2","2","N","N","","","9999","","9999","","0","","N","","3 ","","","","","","","","","","1","0","0","0","0","0","1","0","0","0","0","1","1","0","0","0","0","0","0","0","0","0","0","0","0","0","0","0","0","0","0","0","1","0","0","4","0","","","","CRASH_2001_Philadelphia"
"2001238207","06","67","67301","67301","2001","04","5","1605","16","1","1","0","1","1","","","N","00","0","00","3","0","1","4","3","N","N","40 00:54.360","75 10:38.640","9999","","9999","","0","","N","","0 ","","","","","","","","","","3","2","0","0","0","0","1","0","0","0","0","0","0","0","1","0","0","0","1","0","0","0","0","0","0","0","0","0","0","0","0","0","0","0","0","9","0","40.0151","-75.1773","","CRASH_2001_Philadelphia"
"2001239043","06","67","67301","67301","2001","04","5","1405","14","1","1","0","8","1","","","N","01","2","00","3","0","1","2","2","N","N","","","9999","","9999","","0","","N","","3 ","","","","","","","","","","1","1","0","0","0","0","0","0","0","0","0","1","1","0","0","0","0","0","0","0","0","0","0","0","0","0","0","0","0","0","0","0","1","0","0","4","0","","","","CRASH_2001_Philadelphia"
"2001240185","06","67","67301","67301","2001","04","6","1621","16","1","1","0","1","1","","","N","00","0","00","3","0","1","2","2","N","N","40 01:56.640","75 10:10.200","9999","","9999","","0","","N","","0 ","","","","","","","","","","2","1","0","0","0","0","0","1","0","0","0","1","1","0","0","0","0","0","0","1","0","0","0","0","0","0","0","0","0","0","0","0","0","0","0","4","0","40.0325","-75.1695","","CRASH_2001_Philadelphia"
"2001006975","06","67","67301","67301","2001","05","4","0821","08","1","2","1","4","1","","","N","01","2","00","3","0","1","2","2","N","N","39 56:17.000","75 11:55.311","0825","","0822","","0","","N","","3 ","","","","","","","","","","2","2","0","0","0","0","0","0","0","0","1","0","1","0","0","0","0","0","0","0","0","0","0","0","0","0","0","0","0","0","0","0","0","0","0","3","0","39.9381","-75.1988","","CRASH_2001_Philadelphia"
"2001400334","06","67","67301","67301","2001","04","2","1719","17","1","1","0","2","1","","","N","00","0","00","3","1","1","2","2","N","N","40 05:43.080","75 03:01.080","9999","","9999","","0","","N","9","0 ","","","","","","","","","","2","1","0","0","0","0","1","0","0","0","1","0","1","0","0","0","0","1","0","0","1","0","0","0","0","0","0","0","0","0","0","0","0","0","0","1","0","40.0953","-75.0502","2 ","CRASH_2001_Philadelphia"
"2001401415","06","67","67301","67301","2001","02","6","1044","10","1","1","0","1","1","","","N","00","0","00","3","1","0","2","2","N","N","40 02:44.160","75 05:19.320","9999","","9999","","0","","N","9","0 ","","","","","","","","","","1","1","0","0","0","0","0","0","1","0","0","0","0","0","0","0","0","0","0","0","0","0","0","0","0","0","0","0","0","0","1","0","0","0","0","1","0","40.0457","-75.0886","0 ","CRASH_2001_Philadelphia"
"2001239008","06","67","67301","67301","2001","04","5","0750","07","1","1","0","1","1","","","N","00","0","00","3","0","0","4","3","N","N","39 59:37.320","75 14:33.360","9999","","9999","","0","","N","","0 ","","","","","","","","","","3","2","0","0","0","0","1","0","0","0","0","0","0","0","0","0","0","0","0","0","0","0","1","0","0","0","0","0","0","0","0","0","0","0","0","0","0","39.9936","-75.2425","","CRASH_2001_Philadelphia"
"2001266606","06","67","67301","67301","2001","08","7","0800","08","1","1","0","9","1","","","N","00","0","00","3","0","2","2","2","N","N","39 56:05.280","75 13:37.200","9999","","9999","","0","","N","","0 ","","","","","","","","","","2","1","0","0","0","0","0","0","0","0","2","0","2","0","0","0","0","1","0","0","0","0","0","2","0","0","0","0","0","0","0","0","0","0","0","3","0","39.9348","-75.2271","","CRASH_2001_Philadelphia"
"2001287448","06","67","67301","","2001","01","6","0830","08","1","9","9","1","1","","","N","00","0","00","3","0","2","2","2","N","N","40 00:28.800","75 12:42.480","9999","","9999","","0","","N","","0 ","","","","","","","","","","2","2","0","0","0","0","0","0","0","0","0","0","0","0","2","0","0","0","0","0","0","1","0","0","0","0","0","0","0","0","0","0","0","0","0","9","0","40.0083","-75.2112","","CRASH_2001_Philadelphia"
"2001019674","06","67","67301","67301","2001","06","6","2114","21","3","1","0","4","1","","","N","01","2","00","3","0","1","2","2","N","N","39 57:41.080","75 10:30.868","2125","","2114","","0","","N","","9 ","","","","","","","","","","2","1","0","0","1","0","0","0","0","0","0","1","1","0","0","0","0","0","0","0","0","0","0","0","0","0","0","0","0","0","0","0","0","0","0","4","0","39.9614","-75.1752","","CRASH_2001_Philadelphia"
"2001208908","06","67","67301","67301","2001","02","7","1744","17","4","1","1","4","1","","","N","01","2","00","3","0","1","2","2","N","N","","","9999","","9999","","0","","N","","3 ","","","","","","","","","","2","1","0","0","0","0","0","1","0","0","0","0","0","0","1","0","0","0","1","0","1","0","0","0","0","0","0","0","0","0","0","0","0","0","0","9","0","","","","CRASH_2001_Philadelphia"
"2001215675","06","67","67301","67301","2001","03","7","1436","14","1","1","0","9","1","","","N","00","0","00","3","0","1","1","4","N","N","","","9999","","9999","","0","","N","","0 ","","","","","","","","","","4","0","0","0","0","0","1","0","0","0","1","0","1","0","0","0","0","0","0","0","0","0","0","0","0","0","0","0","0","0","0","0","0","0","0","3","0","","","","CRASH_2001_Philadelphia"
"2001238180","06","67","67301","67301","2001","04","6","1844","18","1","1","0","4","1","","","N","01","2","00","3","0","1","2","2","N","N","39 59:44.880","75 05:31.920","9999","","9999","","0","","N","","3 ","","","","","","","","","","2","2","0","0","0","0","0","0","0","0","0","1","1","0","0","0","0","0","0","0","1","0","0","0","0","0","0","0","0","0","0","0","0","0","0","4","0","39.996","-75.0921","","CRASH_2001_Philadelphia"
"2001238288","06","67","67301","67301","2001","03","6","2246","22","3","1","0","1","1","","","N","00","0","00","3","0","1","4","3","N","N","39 56:43.440","75 11:24.000","9999","","9999","","0","","N","","0 ","","","","","","","","","","3","3","0","0","0","0","0","0","0","0","0","1","1","0","0","0","0","1","0","0","0","0","0","0","0","0","0","0","0","0","0","0","0","0","0","4","0","39.9454","-75.19","","CRASH_2001_Philadelphia"
"2001208943","06","67","67301","67301","2001","01","6","1808","18","3","1","0","4","1","","","N","01","2","00","3","0","0","2","2","N","N","40 01:33.960","75 08:51.360","9999","","9999","","0","","N","","3 ","","","","","","","","","","2","2","0","0","0","0","0","0","0","0","0","0","0","0","0","0","0","0","0","0","0","0","0","0","0","0","0","0","0","0","0","0","0","0","0","0","0","40.0261","-75.1476","","CRASH_2001_Philadelphia"
"2001214252","06","67","67301","67301","2001","02","7","1555","15","1","1","0","4","1","","","N","01","9","00","3","0","2","6","2","N","N","40 04:43.856","75 01:58.245","9999","","9999","","0","","N","","9 ","","","","","","","","","","2","1","0","0","0","0","0","0","0","0","1","1","2","0","0","0","0","0","0","0","0","0","1","3","0","0","0","0","0","0","0","0","0","0","0","3","0","40.0788","-75.0328","","CRASH_2001_Philadelphia"
"2001214361","06","67","67301","67301","2001","02","5","1409","14","1","4","3","1","1","","","N","01","2","00","3","0","1","3","2","N","N","39 55:23.160","75 09:34.920","9999","","9999","","0","","N","","3 ","","","","","","","","","","2","1","0","0","0","0","0","1","0","0","0","1","1","0","0","0","0","0","0","0","0","0","0","0","0","0","0","0","0","0","0","0","0","0","0","4","0","39.9231","-75.1597","","CRASH_2001_Philadelphia"
"2001233121","06","67","67301","67301","2001","03","6","0242","02","3","2","1","7","1","","","N","00","0","00","3","0","1","1","1","N","N","40 00:50.040","75 03:24.480","9999","","9999","","0","","N","","0 ","","","","","","","","","","1","0","0","0","1","0","0","0","0","0","0","1","1","0","0","0","0","0","0","0","0","0","0","0","0","0","0","0","0","0","0","0","0","0","0","4","0","40.0139","-75.0567","","CRASH_2001_Philadelphia"
"2001233248","06","67","67301","67301","2001","04","2","2340","23","3","1","1","4","1","","","N","03","3","00","3","0","2","2","2","N","N","39 56:57.480","75 12:43.560","9999","","9999","","0","","N","","3 ","","","","","","","","","","2","2","0","0","0","0","0","0","0","0","0","2","2","0","0","0","0","0","0","0","1","0","0","0","0","0","0","0","0","0","0","0","0","0","0","4","0","39.9491","-75.2121","","CRASH_2001_Philadelphia"
"2001238920","06","67","67301","67301","2001","04","1","0508","05","3","1","0","9","1","","","N","00","0","00","3","0","0","1","2","N","N","39 59:10.320","75 09:22.680","9999","","9999","","0","","N","","0 ","","","","","","","","","","2","1","0","0","0","0","0","0","0","0","0","0","0","0","0","0","0","0","0","0","0","0","0","0","0","0","0","0","0","0","0","0","0","0","0","0","0","39.9862","-75.1563","","CRASH_2001_Philadelphia"
"2001243092","06","67","67301","67301","2001","05","3","1610","16","1","1","0","6","1","","","N","00","0","00","3","0","1","4","2","N","N","40 00:37.440","75 04:45.120","9999","","9999","","0","","N","","0 ","","","","","","","","","","2","0","0","0","2","0","0","0","0","0","0","0","0","0","1","0","0","0","0","0","1","0","0","0","0","0","0","0","0","0","0","0","0","0","0","9","0","40.0104","-75.0792","","CRASH_2001_Philadelphia"
"2001243630","06","67","67301","67301","2001","04","1","2300","23","3","1","0","4","1","","","N","01","3","00","3","0","0","2","2","N","N","40 03:01.414","75 09:11.224","9999","","9999","","0","","N","","3 ","","","","","","","","","","2","1","0","0","0","0","0","1","0","0","0","0","0","0","0","0","0","0","0","0","0","0","0","0","0","0","0","0","0","0","0","0","0","0","0","0","0","40.0504","-75.1531","","CRASH_2001_Philadelphia"
"2001010321","06","67","67301","67301","2001","06","4","1720","17","1","1","0","8","1","","","N","01","3","00","3","0","1","2","2","N","N","40 01:45.189","75 09:49.376","1750","","1730","","0","","N","","3 ","","","","","","","","","","1","1","0","0","0","0","0","0","0","0","0","1","1","0","0","0","0","0","0","0","0","0","0","0","0","0","0","0","0","0","0","0","1","0","0","4","0","40.0293","-75.1638","","CRASH_2001_Philadelphia"
"2001014320","06","67","67301","67301","2001","06","3","1450","14","1","1","0","1","1","","","N","00","0","00","3","0","1","2","2","N","N","39 55:42.753","75 11:46.723","1450","","1450","1","1","4","Y","","0 ","N","","","","","","","","","2","1","0","0","1","0","0","0","0","0","0","1","1","0","0","0","0","0","1","0","0","0","0","0","0","0","0","0","0","0","0","0","0","0","0","4","0","39.9287","-75.1966","","CRASH_2001_Philadelphia"
"2001206216","06","67","67301","67301","2001","01","6","1055","10","1","2","1","4","1","","","N","05","2","00","3","0","1","3","2","N","N","39 55:17.400","75 11:30.480","9999","","9999","","0","","N","","3 ","","","","","","","","","","2","1","0","0","0","0","0","1","0","0","0","1","1","0","0","0","0","0","0","0","1","0","0","0","0","0","0","0","0","0","0","0","0","0","0","4","0","39.9214","-75.1914","","CRASH_2001_Philadelphia"
"2001216910","06","67","67301","67301","2001","02","7","0450","04","3","3","0","9","1","","","N","00","0","00","3","0","1","1","3","N","N","","","9999","","9999","","0","","N","","0 ","","","","","","","","","","3","1","0","0","0","0","0","0","0","0","0","1","1","0","0","0","0","0","0","0","0","0","0","0","0","0","0","0","0","0","0","0","0","0","0","4","0","","","","CRASH_2001_Philadelphia"
"2001238081","06","67","67301","67301","2001","04","6","0432","04","3","1","0","9","1","","","N","00","0","00","3","0","1","1","2","N","N","","","9999","","9999","","0","","N","","0 ","","","","","","","","","","2","1","0","0","0","0","0","0","0","0","0","1","1","0","0","0","0","0","0","0","0","0","0","0","0","0","0","0","0","0","0","0","0","0","0","4","0","","","","CRASH_2001_Philadelphia"
"2001238214","06","67","67301","67301","2001","03","7","1655","16","1","1","0","4","1","","","N","02","3","00","3","0","2","2","2","N","N","40 02:34.310","75 09:29.995","9999","","9999","","0","","N","","3 ","","","","","","","","","","2","2","0","0","0","0","0","0","0","0","0","2","2","0","0","0","0","0","0","1","0","1","0","0","0","0","0","0","0","0","0","0","0","0","0","4","0","40.0429","-75.1583","","CRASH_2001_Philadelphia"
"2001240069","06","67","67301","67301","2001","04","6","0810","08","1","1","0","1","1","","","N","01","2","00","3","0","1","3","3","N","N","39 56:42.360","75 08:30.840","9999","","9999","","0","","N","","3 ","","","","","","","","","","3","2","0","0","0","0","0","1","0","0","0","1","1","0","0","0","0","0","0","0","0","0","0","0","0","0","0","0","0","0","0","0","0","0","0","4","0","39.9451","-75.142","","CRASH_2001_Philadelphia"
"2001240894","06","67","67301","67301","2001","04","7","0303","03","3","1","0","4","1","","","N","00","0","00","3","0","0","4","2","N","N","40 02:22.560","75 08:40.200","9999","","9999","","0","","N","","0 ","","","","","","","","","","2","1","0","1","0","0","0","0","0","0","0","0","0","0","0","0","0","0","0","0","0","0","0","0","0","0","0","0","0","0","0","0","0","0","0","0","1","40.0395","-75.1445","","CRASH_2001_Philadelphia"
"2001018419","06","67","67301","67301","2001","06","1","1741","17","1","1","0","4","1","","","N","01","2","00","3","0","2","5","2","N","N","39 59:33.671","75 08:46.198","1745","","1743","","0","","N","","2 ","","","","","","","","","","2","2","0","0","0","0","0","0","0","0","2","0","2","0","0","0","0","0","0","0","0","0","0","0","0","0","0","0","0","0","0","0","0","0","0","3","0","39.9928","-75.1461","","CRASH_2001_Philadelphia"
"2001233548","06","67","67301","67301","2001","03","1","2145","21","3","1","0","4","1","","","N","01","2","00","3","0","1","2","2","N","N","","","9999","","9999","","0","","N","","3 ","","","","","","","","","","2","2","0","0","0","0","0","0","0","0","0","1","1","0","0","0","0","0","0","0","0","0","0","0","0","0","0","0","0","0","0","0","0","0","0","4","0","","","","CRASH_2001_Philadelphia"
"2001244918","06","67","67301","67301","2001","05","6","2129","21","3","1","0","1","1","","","N","00","0","00","3","0","1","2","2","N","N","","","9999","","9999","","0","","N","","0 ","","","","","","","","","","2","1","1","0","0","0","0","0","0","0","0","1","1","0","0","0","0","0","0","1","0","0","0","0","0","0","0","0","0","0","0","0","0","0","0","4","0","","","","CRASH_2001_Philadelphia"
"2001239036","06","67","67301","67301","2001","04","7","1217","12","1","1","0","1","1","","","N","01","2","00","3","0","1","3","2","N","N","39 56:20.400","75 11:53.880","9999","","9999","","0","","N","","3 ","","","","","","","","","","2","2","0","0","0","0","0","0","0","0","0","1","1","0","0","0","0","0","0","0","0","0","0","0","0","0","0","0","0","0","0","0","0","0","0","4","0","39.939","-75.1983","","CRASH_2001_Philadelphia"