"CRN","DISTRICT","COUNTY","MUNICIPALITY","POLICE_AGCY","CRASH_YEAR","CRASH_MONTH","DAY_OF_WEEK","TIME_OF_DAY","HOUR_OF_DAY","ILLUMINATION","WEATHER","ROAD_CONDITION","COLLISION_TYPE","RELATION_TO_ROAD","WORK_ZONE_TYPE","WORK_ZONE_LOC","WORK_ZONE_IND","INTERSECT_TYPE","TCD_TYPE","LOCATION_TYPE","URBAN_RURAL","FATAL_COUNT","INJURY_COUNT","PERSON_COUNT","TOTAL_UNITS","SCH_BUS_IND","SCH_ZONE_IND","LATITUDE","LONGITUDE","ARRIVAL_TM","CONS_ZONE_SPD_LIM","DISPATCH_TM","EST_HRS_CLOSED","LANE_CLOSED","LN_CLOSE_DIR","NTFY_HIWY_MAINT","SPEC_JURIS_CD","TCD_FUNC_CD","TFC_DETOUR_IND","WORKERS_PRES","WZ_CLOSE_DETOUR","WZ_FLAGGER","WZ_LAW_OFFCR_IND","WZ_LN_CLOSURE","WZ_MOVING","WZ_OTHER","WZ_SHLDER_MDN","VEHICLE_COUNT","AUTOMOBILE_COUNT","MOTORCYCLE_COUNT","BUS_COUNT","SMALL_TRUCK_COUNT","HEAVY_TRUCK_COUNT","SUV_COUNT","VAN_COUNT","BICYCLE_COUNT","MAJ_INJ_COUNT","MOD_INJ_COUNT","MIN_INJ_COUNT","TOT_INJ_COUNT","UNK_INJ_DEG_COUNT","UNK_INJ_PER_COUNT","DRIVER_COUNT_16YR","DRIVER_COUNT_17YR","DRIVER_COUNT_18YR","DRIVER_COUNT_19YR","DRIVER_COUNT_20YR","DRIVER_COUNT_50_64YR","DRIVER_COUNT_65_74YR","DRIVER_COUNT_75PLUS","UNBELTED_OCC_COUNT","UNB_DEATH_COUNT","UNB_MAJ_INJ_COUNT","BELTED_DEATH_COUNT","BELTED_MAJ_INJ_COUNT","MCYCLE_DEATH_COUNT","MCYCLE_MAJ_INJ_COUNT","BICYCLE_DEATH_COUNT","BICYCLE_MAJ_INJ_COUNT","PED_COUNT","PED_DEATH_COUNT","PED_MAJ_INJ_COUNT","MAX_SEVERITY_LEVEL","COMM_VEH_COUNT","DEC_LAT","DEC_LONG","RDWY_SURF_TYPE_CD","COUNTY_YEAR"
"2001233364","06","67","67301","67301","2001","04","3","0809","08","1","2","9","4","1","","","N","01","2","00","3","0","0","2","2","N","N","39 58:25.320","75 14:42.720","9999","","9999","","0","","N","","3 ","","","","","","","","","","2","2","0","0","0","0","0","0","0","0","0","0","0","0","0","0","0","0","0","0","0","0","0","0","0","0","0","0","0","0","0","0","0","0","0","0","0","39.9738","-75.2453","","CRASH_2001_Philadelphia"
"2001283807","06","67","67301","67301","2001","03","1","1652","16","1","1","0","8","1","","","N","00","0","00","3","0","1","2","2","N","N","","","9999","","9999","","0","","N","","0 ","","","","","","","","","","1","1","0","0","0","0","0","0","0","0","1","0","1","0","0","0","0","0","1","0","0","0","0","1","0","0","0","0","0","0","0","0","1","0","0","3","0","","","","CRASH_2001_Philadelphia"
"2001238058","06","67","67301","67301","2001","04","6","1353","13","1","1","0","8","1","","","N","00","0","00","3","0","1","2","2","N","N","40 01:46.200","75 09:51.120","9999","","9999","","0","","N","","0 ","","","","","","","","","","1","0","0","0","0","0","1","0","0","0","1","0","1","0","0","0","0","0","0","0","0","1","0","0","0","0","0","0","0","0","0","0","1","0","0","3","0","40.0295","-75.1642","","CRASH_2001_Philadelphia"
"2001240168","06","67","67301","67301","2001","04","3","1815","18","1","1","0","4","1","","","N","00","0","07","3","0","0","2","2","N","N","","","9999","","9999","","0","","N","","0 ","","","","","","","","","","2","2","0","0","0","0","0","0","0","0","0","0","0","0","0","0","0","0","1","0","0","0","0","0","0","0","0","0","0","0","0","0","0","0","0","0","0","","","","CRASH_2001_Philadelphia"
"2002003983","06","67","67301","67301","2001","06","1","1350","13","1","1","0","7","5","","","N","02","3","00","3","0","0","1","1","N","N","","","1405","","1359","","0","","N","","3 ","","","","","","","","","","1","1","0","0","0","0","0","0","0","0","0","0","0","0","0","0","0","0","1","0","0","0","0","0","0","0","0","0","0","0","0","0","0","0","0","0","0","","","","CRASH_2001_Philadelphia"
"2002004251","06","67","67301","67301","2001","06","2","2115","21","3","1","0","5","1","","","N","00","0","00","3","0","1","6","2","N","N","39 54:50.236","75 08:59.123","2145","","2130","","0","","N","","0 ","","","","","","","","","","2","2","0","0","0","0","0","0","0","0","0","1","1","0","0","0","0","0","0","0","0","0","0","0","0","0","0","0","0","0","0","0","0","0","0","4","0","39.914","-75.1497","","CRASH_2001_Philadelphia"
"2001233527","06","67","67301","67301","2001","03","7","0725","07","1","1","0","9","1","","","N","00","0","00","3","0","1","1","2","N","N","","","9999","","9999","","0","","N","","0 ","","","","","","","","","","2","1","0","0","0","0","0","0","0","0","0","0","0","0","1","0","0","0","0","0","0","0","0","0","0","0","0","0","0","0","0","0","0","0","0","9","0","","","","CRASH_2001_Philadelphia"
"2001240096","06","67","67301","67301","2001","04","4","0732","07","1","1","0","9","1","","","N","00","0","00","3","0","0","3","3","N","N","","","9999","","9999","","0","","N","","0 ","","","","","","","","","","3","1","0","0","0","0","0","0","0","0","0","0","0","0","0","0","0","0","0","0","0","0","0","0","0","0","0","0","0","0","0","0","0","0","0","0","0","","","","CRASH_2001_Philadelphia"
"2001243104","06","67","67301","67301","2001","05","5","2357","23","3","1","0","4","1","","","N","01","3","00","3","0","4","4","2","N","N","40 03:16.200","75 02:34.440","9999","","9999","","0","","N","","3 ","","","","","","","","","","2","2","0","0","0","0","0","0","0","0","1","3","4","0","0","0","0","0","0","0","0","0","0","0","0","0","0","0","0","0","0","0","0","0","0","3","0","40.0546","-75.0428","","CRASH_2001_Philadelphia"
"2001233386","06","67","67301","67301","2001","03","1","1114","11","1","1","0","4","1","","","N","01","3","00","3","0","1","2","2","N","N","","","9999","","9999","","0","","N","","3 ","","","","","","","","","","2","2","0","0","0","0","0","0","0","0","0","1","1","0","0","0","0","0","0","0","0","0","1","0","0","0","0","0","0","0","0","0","0","0","0","4","0","","","","CRASH_2001_Philadelphia"
"2001238127","06","67","67301","67301","2001","04","3","1550","15","1","1","0","1","1","","","N","00","0","00","3","0","0","4","4","N","N","40 05:29.040","75 02:49.920","9999","","9999","","0","","N","","0 ","","","","","","","","","","4","0","0","0","1","0","2","1","0","0","0","0","0","0","0","0","0","0","0","0","0","0","0","0","0","0","0","0","0","0","0","0","0","0","0","0","0","40.0913","-75.0471","","CRASH_2001_Philadelphia"
"2001265950","06","67","67301","67301","2001","05","1","1625","16","1","1","0","4","1","","","N","01","2","00","3","0","1","2","2","N","N","39 55:27.120","75 10:35.040","9999","","9999","","0","","N","","3 ","","","","","","","","","","1","1","0","0","0","0","0","0","1","0","1","0","1","0","0","0","0","0","0","0","0","0","0","0","0","0","0","0","0","0","0","0","0","0","0","3","0","39.9242","-75.1764","","CRASH_2001_Philadelphia"
"2002004241","06","67","67301","67301","2001","06","5","1355","13","1","1","0","1","1","","","N","01","2","00","3","0","1","2","2","N","N","40 00:52.739","75 09:23.913","1406","","1402","","0","","N","","3 ","","","","","","","","","","2","1","0","0","1","0","0","0","0","0","0","1","1","0","0","0","0","0","0","0","0","1","0","0","0","0","0","0","0","0","0","0","0","0","0","4","0","40.0146","-75.1567","","CRASH_2001_Philadelphia"
"2001233157","06","67","67301","67301","2001","03","6","1002","10","1","2","1","4","1","","","N","02","0","00","3","0","1","2","2","N","N","40 00:48.240","75 11:03.120","9999","","9999","","0","","N","","0 ","","","","","","","","","","2","1","0","0","0","1","0","0","0","0","0","1","1","0","0","0","0","0","0","0","1","0","0","0","0","0","0","0","0","0","0","0","0","0","0","4","1","40.0133","-75.1842","","CRASH_2001_Philadelphia"
"2001243555","06","67","67301","67301","2001","05","7","9999","99","1","1","0","4","1","","","N","01","2","02","3","0","1","3","2","N","N","40 05:58.560","74 59:09.240","9999","","9999","","0","","N","","3 ","","","","","","","","","","2","0","0","0","0","0","1","1","0","0","1","0","1","0","0","0","0","0","0","0","0","0","0","0","0","0","0","0","0","0","0","0","0","0","0","3","0","40.0985","-74.9852","","CRASH_2001_Philadelphia"
"2001214248","06","67","67301","67301","2001","02","7","0848","08","1","1","0","7","1","","","N","00","0","00","3","0","1","1","1","N","N","39 58:01.560","75 11:16.800","9999","","9999","","0","","N","","0 ","","","","","","","","","","1","1","0","0","0","0","0","0","0","0","1","0","1","0","0","0","0","0","0","0","1","0","0","1","0","0","0","0","0","0","0","0","0","0","0","3","0","39.967","-75.188","","CRASH_2001_Philadelphia"
"2001215551","06","67","67301","67301","2001","03","2","0000","00","3","4","6","7","5","","","N","00","0","00","3","0","0","1","1","N","N","40 02:12.840","75 13:09.840","9999","","9999","","0","","N","","0 ","","","","","","","","","","1","1","0","0","0","0","0","0","0","0","0","0","0","0","0","0","0","0","0","0","0","0","0","0","0","0","0","0","0","0","0","0","0","0","0","0","0","40.0368","-75.2192","","CRASH_2001_Philadelphia"
"2001238161","06","67","67301","67301","2001","04","6","0925","09","1","2","1","4","1","","","N","02","3","00","3","0","1","3","2","N","N","40 01:15.240","75 08:55.320","9999","","9999","","0","","N","","3 ","","","","","","","","","","2","2","0","0","0","0","0","0","0","0","0","0","0","0","1","0","0","0","0","0","0","0","0","0","0","0","0","0","0","0","0","0","0","0","0","9","0","40.0208","-75.1486","","CRASH_2001_Philadelphia"
"2001244662","06","67","67301","67301","2001","05","5","0626","06","1","1","0","4","1","","","N","01","2","00","3","0","0","2","2","N","N","40 01:01.560","75 11:18.240","9999","","9999","","0","","N","","3 ","","","","","","","","","","2","2","0","0","0","0","0","0","0","0","0","0","0","0","0","0","0","0","0","0","0","0","1","0","0","0","0","0","0","0","0","0","0","0","0","0","0","40.017","-75.1883","","CRASH_2001_Philadelphia"
"2001248813","06","67","67301","67301","2001","05","7","1629","16","1","1","0","7","5","","","N","00","0","00","3","0","1","1","1","N","N","39 55:05.880","75 12:32.400","9999","","9999","","0","","N","","0 ","","","","","","","","","","1","1","0","0","0","0","0","0","0","0","0","0","0","0","1","0","0","0","0","1","0","0","0","0","0","0","0","0","0","0","0","0","0","0","0","9","0","39.9175","-75.2133","","CRASH_2001_Philadelphia"
"2001238099","06","67","67301","67301","2001","04","4","1227","12","1","2","1","1","1","","","N","01","2","00","3","0","1","3","2","N","N","40 02:16.800","75 04:04.800","9999","","9999","","0","","N","","3 ","","","","","","","","","","2","1","0","0","0","0","1","0","0","0","1","0","1","0","0","0","0","1","0","0","0","0","0","1","0","0","0","0","0","0","0","0","0","0","0","3","0","40.038","-75.0681","","CRASH_2001_Philadelphia"
"2001238246","06","67","67301","67301","2001","04","1","1850","18","1","1","0","8","1","","","N","01","3","00","3","0","1","2","2","N","N","","","9999","","9999","","0","","N","","3 ","","","","","","","","","","1","1","0","0","0","0","0","0","0","0","1","0","1","0","0","0","0","0","0","0","1","0","0","0","0","0","0","0","0","0","0","0","1","0","0","3","0","","","","CRASH_2001_Philadelphia"
"2001238943","06","67","67301","67301","2001","04","1","9999","99","3","2","1","2","1","","","N","00","0","00","3","0","1","2","2","N","N","40 01:40.800","75 02:21.480","9999","","9999","","0","","N","","0 ","","","","","","","","","","2","2","0","0","0","0","0","0","0","0","0","0","0","0","1","0","0","0","0","0","0","0","0","0","0","0","0","0","0","0","0","0","0","0","0","9","0","40.028","-75.0392","","CRASH_2001_Philadelphia"
"2001243737","06","67","67301","67301","2001","04","7","0055","00","3","1","0","4","1","","","N","01","2","00","3","0","1","3","2","N","N","39 55:11.280","75 13:39.360","9999","","9999","","0","","N","","3 ","","","","","","","","","","2","1","0","1","0","0","0","0","0","0","0","1","1","0","0","0","0","0","0","0","0","0","0","0","0","0","0","0","0","0","0","0","0","0","0","4","1","39.9198","-75.2275","","CRASH_2001_Philadelphia"
"2001250500","06","67","67301","67301","2001","05","4","2335","23","3","1","0","4","1","","","N","05","2","00","3","0","3","4","2","N","N","40 00:52.920","75 09:23.760","9999","","9999","","0","","N","","3 ","","","","","","","","","","2","1","0","0","0","1","0","0","0","0","2","1","3","0","0","0","1","0","0","0","0","0","0","0","0","0","0","0","0","0","0","0","0","0","0","3","1","40.0147","-75.1567","","CRASH_2001_Philadelphia"
"2001268748","06","67","67301","46411","2001","10","6","1840","18","3","1","0","1","1","","","N","00","0","00","3","0","3","6","4","N","N","","","9999","","9999","","0","","N","","0 ","","","","","","","","","","4","3","0","0","1","0","0","0","0","0","0","3","3","0","0","0","0","2","0","0","0","0","0","1","0","0","0","0","0","0","0","0","0","0","0","4","0","","","","CRASH_2001_Philadelphia"
"2001233196","06","67","67301","67301","2001","04","3","1435","14","1","1","0","8","1","","","N","00","0","00","3","0","1","2","2","N","N","","","9999","","9999","","0","","N","","0 ","","","","","","","","","","1","0","0","0","1","0","0","0","0","0","0","1","1","0","0","0","0","0","0","0","0","0","0","0","0","0","0","0","0","0","0","0","1","0","0","4","0","","","","CRASH_2001_Philadelphia"
"2001238976","06","67","67301","67301","2001","04","2","2045","20","3","1","0","1","1","","","N","00","0","00","3","0","1","2","2","N","N","40 02:42.000","75 01:01.920","9999","","9999","","0","","N","","0 ","","","","","","","","","","2","2","0","0","0","0","0","0","0","0","0","1","1","0","0","0","0","0","0","0","1","0","0","0","0","0","0","0","0","0","0","0","0","0","0","4","0","40.0451","-75.0172","","CRASH_2001_Philadelphia"
"2001244665","06","67","67301","67301","2001","04","1","2355","23","3","1","0","4","1","","","N","00","0","07","3","0","2","2","2","N","N","","","9999","","9999","","0","","N","","0 ","","","","","","","","","","2","2","0","0","0","0","0","0","0","1","1","0","2","0","0","0","0","0","0","1","1","0","0","0","0","0","0","0","0","0","0","0","0","0","0","2","0","","","","CRASH_2001_Philadelphia"
"2001244732","06","67","67301","67301","2001","05","4","1635","16","1","1","0","4","1","","","N","02","3","07","3","0","2","3","2","N","N","40 03:29.520","75 02:35.160","9999","","9999","","0","","N","","3 ","","","","","","","","","","2","2","0","0","0","0","0","0","0","0","0","2","2","0","0","0","0","0","0","0","1","0","1","0","0","0","0","0","0","0","0","0","0","0","0","4","0","40.0584","-75.0431","","CRASH_2001_Philadelphia"
"2001207678","06","67","67301","67301","2001","01","5","1833","18","3","1","0","8","1","","","N","00","0","07","3","0","1","2","2","N","N","","","9999","","9999","","0","","N","","0 ","","","","","","","","","","1","0","0","0","0","0","0","0","0","0","1","0","1","0","0","0","0","0","0","0","0","0","0","0","0","0","0","0","0","0","0","0","1","0","0","3","0","","","","CRASH_2001_Philadelphia"
"2001210629","06","67","67301","67301","2001","02","4","1809","18","3","1","0","8","1","","","N","02","0","00","3","0","1","2","2","N","N","40 02:01.525","75 04:46.711","9999","","9999","","0","","N","","0 ","","","","","","","","","","1","0","0","0","0","0","0","0","0","0","0","1","1","0","0","0","0","0","0","0","0","0","0","0","0","0","0","0","0","0","0","0","1","0","0","4","0","40.0338","-75.0796","","CRASH_2001_Philadelphia"
"2001214214","06","67","67301","67301","2001","02","3","1800","18","1","1","0","8","1","","","N","00","0","00","3","0","1","2","2","N","N","","","9999","","9999","","0","","N","","0 ","","","","","","","","","","1","0","0","0","0","0","0","0","0","0","0","1","1","0","0","0","0","0","0","0","0","0","0","0","0","0","0","0","0","0","0","0","1","0","0","4","0","","","","CRASH_2001_Philadelphia"
"2001214437","06","67","67301","67301","2001","02","4","1538","15","1","1","0","4","1","","","N","01","0","00","3","0","1","2","2","N","N","39 56:39.120","75 12:59.760","9999","","9999","","0","","N","","0 ","","","","","","","","","","2","1","0","1","0","0","0","0","0","0","1","0","1","0","0","0","0","0","0","0","1","0","0","0","0","0","0","0","0","0","0","0","0","0","0","3","1","39.9442","-75.2166","","CRASH_2001_Philadelphia"
"2001215649","06","67","67301","67301","2001","02","5","2045","20","3","3","1","1","1","","","N","00","0","00","3","0","1","4","3","N","N","40 00:57.240","75 10:34.680","9999","","9999","","0","","N","","0 ","","","","","","","","","","3","3","0","0","0","0","0","0","0","0","0","1","1","0","0","0","0","0","0","1","0","0","0","0","0","0","0","0","0","0","0","0","0","0","0","4","0","40.0159","-75.1762","","CRASH_2001_Philadelphia"
"2001243447","06","67","67301","67301","2001","05","4","2200","22","3","1","0","1","1","","","N","00","0","00","3","0","2","2","2","N","N","","","9999","","9999","","0","","N","","0 ","","","","","","","","","","2","2","0","0","0","0","0","0","0","0","0","2","2","0","0","0","0","0","0","1","0","0","0","0","0","0","0","0","0","0","0","0","0","0","0","4","0","","","","CRASH_2001_Philadelphia"
"2001244617","06","67","67301","67301","2001","05","3","1305","13","1","1","0","4","1","","","N","01","3","00","3","0","0","3","2","N","N","40 02:40.560","75 10:46.560","9999","","9999","","0","","N","","3 ","","","","","","","","","","2","2","0","0","0","0","0","0","0","0","0","0","0","0","0","0","0","0","0","0","1","0","0","0","0","0","0","0","0","0","0","0","0","0","0","0","0","40.0445","-75.1796","","CRASH_2001_Philadelphia"
"2001244738","06","67","67301","67301","2001","05","3","0625","06","1","5","0","7","1","","","N","00","0","03","3","0","1","1","1","N","N","39 53:56.400","75 10:37.920","9999","","9999","","0","","N","","0 ","","","","","","","","","","1","0","0","0","0","1","0","0","0","0","0","0","0","0","1","0","0","0","0","0","0","0","0","1","0","0","0","0","0","0","0","0","0","0","0","9","0","39.8991","-75.1674","","CRASH_2001_Philadelphia"
"2001240309","06","67","67301","67301","2001","04","2","0140","01","3","1","0","4","1","","","N","01","2","00","3","0","0","2","2","N","N","39 57:30.600","75 14:15.000","9999","","9999","","0","","N","","3 ","","","","","","","","","","2","1","0","0","0","0","0","0","0","0","0","0","0","0","0","0","0","1","0","0","0","0","0","0","0","0","0","0","0","0","0","0","0","0","0","0","0","39.9584","-75.2375","","CRASH_2001_Philadelphia"
"2001243603","06","67","67301","67301","2001","05","7","2100","21","4","1","0","9","1","","","N","00","0","00","3","0","0","1","4","N","N","","","9999","","9999","","0","","N","","0 ","","","","","","","","","","4","0","0","0","0","1","0","0","0","0","0","0","0","0","0","0","0","0","0","0","0","0","0","0","0","0","0","0","0","0","0","0","0","0","0","0","0","","","","CRASH_2001_Philadelphia"
"2001244657","06","67","67301","67301","2001","05","7","1730","17","3","1","0","8","1","","","N","01","3","00","3","0","1","2","2","N","N","","","9999","","9999","","0","","N","","3 ","","","","","","","","","","1","1","0","0","0","0","0","0","0","0","0","1","1","0","0","0","0","0","0","0","0","0","0","0","0","0","0","0","0","0","0","0","1","0","0","4","0","","","","CRASH_2001_Philadelphia"
"2001248815","06","67","67301","67301","2001","05","6","1345","13","1","1","0","5","1","","","N","01","2","00","3","0","0","2","2","N","N","","","9999","","9999","","0","","N","","3 ","","","","","","","","","","2","1","0","1","0","0","0","0","0","0","0","0","0","0","0","0","0","0","0","0","1","0","0","0","0","0","0","0","0","0","0","0","0","0","0","0","1","","","","CRASH_2001_Philadelphia"
"2001248840","06","67","67301","67301","2001","05","7","0645","06","1","1","0","4","1","","","N","01","2","00","3","0","1","2","2","N","N","39 59:28.320","75 08:06.000","9999","","9999","","0","","N","","3 ","","","","","","","","","","2","1","0","0","1","0","0","0","0","0","1","0","1","0","0","0","0","0","0","0","1","0","0","0","0","0","0","0","0","0","0","0","0","0","0","3","0","39.9914","-75.1349","","CRASH_2001_Philadelphia"
"2001239136","06","67","67301","67301","2001","04","5","0235","02","3","2","1","1","1","","","N","00","0","00","3","0","1","2","2","N","N","39 58:17.040","75 11:35.520","9999","","9999","","0","","N","","0 ","","","","","","","","","","2","2","0","0","0","0","0","0","0","0","1","0","1","0","0","0","0","0","0","0","0","0","0","0","0","0","0","0","0","0","0","0","0","0","0","3","0","39.9714","-75.1932","","CRASH_2001_Philadelphia"
"2001243694","06","67","67301","67301","2001","05","5","2005","20","3","1","0","4","1","","","N","01","2","00","3","0","2","3","2","N","N","39 57:16.920","75 08:58.560","9999","","9999","","0","","N","","3 ","","","","","","","","","","2","2","0","0","0","0","0","0","0","2","0","0","2","0","0","0","0","0","0","0","0","0","0","0","0","0","0","2","0","0","0","0","0","0","0","2","0","39.9547","-75.1496","","CRASH_2001_Philadelphia"
"2001244734","06","67","67301","67301","2001","05","3","1346","13","1","1","0","7","1","","","N","00","0","00","3","0","1","1","1","N","N","40 02:58.200","74 59:35.520","9999","","9999","","0","","N","","0 ","","","","","","","","","","1","1","0","0","0","0","0","0","0","0","0","1","1","0","0","0","0","0","0","0","0","0","0","0","0","0","0","0","0","0","0","0","0","0","0","4","0","40.0497","-74.9937","","CRASH_2001_Philadelphia"
"2002016690","06","67","67301","67301","2001","07","3","1700","17","1","2","1","5","1","","","N","01","2","00","3","0","4","5","2","N","N","39 55:05.561","75 12:31.968","1802","","1802","","0","","N","","3 ","","","","","","","","","","2","1","0","0","1","0","0","0","0","0","0","4","4","0","0","0","0","0","0","0","0","0","0","0","0","0","0","0","0","0","0","0","0","0","0","4","0","39.9177","-75.2114","","CRASH_2001_Philadelphia"
"2002019232","06","67","67301","67301","2001","08","2","1617","16","1","1","0","2","1","","","N","00","0","00","3","0","2","4","5","N","N","","","1624","","1620","2","9","5","N","","0 ","Y","","","","","","","","","3","3","0","0","0","0","0","0","0","0","2","0","2","0","0","0","0","0","0","0","1","0","0","0","0","0","0","0","0","0","0","0","2","0","0","3","0","","","","CRASH_2001_Philadelphia"
"2002020047","06","67","67301","67301","2001","06","4","1525","15","1","1","0","1","1","","","N","00","0","00","3","0","3","6","3","N","N","","","1550","","1540","","0","","N","","0 ","","","","","","","","","","3","3","0","0","0","0","0","0","0","0","3","0","3","0","1","0","0","0","0","0","1","0","0","0","0","0","0","0","0","0","0","0","0","0","0","3","0","","","","CRASH_2001_Philadelphia"
"2002023106","06","67","67301","46104","2001","09","4","0211","02","3","1","0","1","1","","","N","02","2","07","3","0","5","12","3","N","N","40 00:09.373","75 13:25.195","0216","","0211","3","1","2","N","","3 ","N","","","","","","","","","3","3","0","0","0","0","0","0","0","0","0","5","5","0","0","0","0","0","1","1","0","0","0","5","0","0","0","0","0","0","0","0","0","0","0","4","0","40.0025","-75.2236","","CRASH_2001_Philadelphia"
"2001217023","06","67","67301","67301","2001","03","5","9999","99","3","2","1","4","1","","","N","01","2","00","3","0","2","2","2","N","N","40 01:40.026","75 05:06.849","9999","","9999","","0","","N","","3 ","","","","","","","","","","2","1","0","0","0","0","0","1","0","0","2","0","2","0","0","0","0","0","0","0","0","0","0","0","0","0","0","0","0","0","0","0","0","0","0","3","0","40.0278","-75.0852","","CRASH_2001_Philadelphia"
"2001223908","06","67","67301","67301","2001","03","3","0050","00","3","2","1","4","1","","","N","01","2","00","3","0","2","2","2","N","N","39 55:38.640","75 08:40.920","9999","","9999","","0","","N","","3 ","","","","","","","","","","2","2","0","0","0","0","0","0","0","0","0","2","2","0","0","0","0","0","0","1","0","0","0","0","0","0","0","0","0","0","0","0","0","0","0","4","0","39.9274","-75.145","","CRASH_2001_Philadelphia"
"2001231651","06","67","67301","67301","2001","03","7","1411","14","1","1","0","8","1","","","N","00","0","00","3","0","1","2","2","Y","N","","","9999","","9999","","0","","N","","0 ","","","","","","","","","","1","0","0","1","0","0","0","0","0","0","0","1","1","0","0","0","0","0","0","0","0","0","0","0","0","0","0","0","0","0","0","0","1","0","0","4","1","","","","CRASH_2001_Philadelphia"
"2001244871","06","67","67301","67301","2001","05","1","0715","07","1","1","0","7","1","","","N","00","0","03","3","0","0","1","1","N","N","39 58:06.600","75 07:43.680","9999","","9999","","0","","N","","0 ","","","","","","","","","","1","1","0","0","0","0","0","0","0","0","0","0","0","0","0","0","0","0","0","0","0","0","0","0","0","0","0","0","0","0","0","0","0","0","0","0","0","39.9687","-75.1286","","CRASH_2001_Philadelphia"
"2001210635","06","67","67301","67301","2001","01","5","2156","21","3","1","0","9","1","","","N","00","0","00","3","0","1","1","3","N","N","","","9999","","9999","","0","","N","","0 ","","","","","","","","","","3","1","0","0","0","0","0","0","0","0","0","0","0","0","1","0","0","0","0","0","0","0","0","0","0","0","0","0","0","0","0","0","0","0","0","9","0","","","","CRASH_2001_Philadelphia"
"2001210688","06","67","67301","67301","2001","02","4","0000","00","3","1","9","1","1","","","N","10","2","00","3","0","3","4","2","N","N","39 57:07.560","75 09:45.000","9999","","9999","","0","","N","","3 ","","","","","","","","","","2","1","0","0","0","1","0","0","0","0","0","3","3","0","0","0","0","0","0","0","0","0","0","0","0","0","0","0","0","0","0","0","0","0","0","4","1","39.9524","-75.1625","","CRASH_2001_Philadelphia"
"2001215669","06","67","67301","67301","2001","03","2","1225","12","1","3","1","5","1","","","N","00","0","00","3","0","0","2","2","N","N","40 01:56.280","75 04:51.960","9999","","9999","","0","","N","","0 ","","","","","","","","","","2","2","0","0","0","0","0","0","0","0","0","0","0","0","0","0","0","0","0","0","0","0","0","0","0","0","0","0","0","0","0","0","0","0","0","0","0","40.0325","-75.0811","","CRASH_2001_Philadelphia"
"2001216973","06","67","67301","67301","2001","03","3","1600","16","1","1","0","4","1","","","N","01","2","00","3","0","0","2","2","N","N","","","9999","","9999","","0","","N","","3 ","","","","","","","","","","2","2","0","0","0","0","0","0","0","0","0","0","0","0","0","0","0","0","0","0","1","0","0","0","0","0","0","0","0","0","0","0","0","0","0","0","0","","","","CRASH_2001_Philadelphia"
"2001238060","06","67","67301","67301","2001","04","7","1315","13","1","1","0","7","1","","","N","00","0","02","3","0","0","1","1","N","N","39 54:08.640","75 09:03.600","9999","","9999","","0","","N","","0 ","","","","","","","","","","1","0","0","0","1","0","0","0","0","0","0","0","0","0","0","0","0","0","0","0","0","0","0","1","0","0","0","0","0","0","0","0","0","0","0","0","0","39.9023","-75.1511","","CRASH_2001_Philadelphia"
"2001238065","06","67","67301","67301","2001","04","4","1758","17","4","1","0","1","1","","","N","01","1","00","3","0","4","6","2","N","N","39 55:43.586","75 09:53.449","9999","","9999","","0","","N","","3 ","","","","","","","","","","2","1","0","0","0","0","1","0","0","0","0","4","4","0","0","0","0","0","0","0","0","0","0","0","0","0","0","0","0","0","0","0","0","0","0","4","0","39.9288","-75.1648","","CRASH_2001_Philadelphia"
"2001238115","06","67","67301","67301","2001","04","7","1749","17","1","1","0","4","1","","","N","01","2","00","3","0","3","3","3","N","N","","","9999","","9999","","0","","N","","3 ","","","","","","","","","","3","2","0","0","0","0","0","0","0","0","0","0","0","0","3","0","0","0","0","1","1","0","0","0","0","0","0","0","0","0","0","0","0","0","0","9","0","","","","CRASH_2001_Philadelphia"
"2001243569","06","67","67301","67301","2001","04","1","0605","06","1","1","0","5","1","","","N","00","0","00","3","0","1","2","2","N","N","39 53:57.120","75 10:37.200","9999","","9999","","0","","N","","0 ","","","","","","","","","","2","1","0","0","0","0","0","0","0","0","1","0","1","0","0","0","0","0","0","0","0","0","0","1","0","0","0","0","0","0","0","0","0","0","0","3","0","39.8991","-75.1741","","CRASH_2001_Philadelphia"
"2001244786","06","67","67301","67301","2001","05","3","1600","16","1","1","0","1","1","","","N","00","0","00","3","0","3","4","3","N","N","40 03:34.920","75 14:17.520","9999","","9999","","0","","N","","0 ","","","","","","","","","","3","3","0","0","0","0","0","0","0","0","0","0","0","0","3","0","0","1","0","0","1","0","0","0","0","0","0","0","0","0","0","0","0","0","0","9","0","40.0593","-75.2379","","CRASH_2001_Philadelphia"
"2001268098","06","67","67301","67301","2001","09","1","1938","19","3","1","0","4","1","","","N","02","0","00","3","0","1","2","2","N","N","","","9999","","9999","","0","","N","","0 ","","","","","","","","","","1","1","0","0","0","0","0","0","1","0","1","0","1","0","0","1","0","0","0","0","0","0","0","1","0","0","0","0","0","0","0","0","0","0","0","3","0","","","","CRASH_2001_Philadelphia"