"CRN","DISTRICT","COUNTY","MUNICIPALITY","POLICE_AGCY","CRASH_YEAR","CRASH_MONTH","DAY_OF_WEEK","TIME_OF_DAY","HOUR_OF_DAY","ILLUMINATION","WEATHER","ROAD_CONDITION","COLLISION_TYPE","RELATION_TO_ROAD","WORK_ZONE_TYPE","WORK_ZONE_LOC","WORK_ZONE_IND","INTERSECT_TYPE","TCD_TYPE","LOCATION_TYPE","URBAN_RURAL","FATAL_COUNT","INJURY_COUNT","PERSON_COUNT","TOTAL_UNITS","SCH_BUS_IND","SCH_ZONE_IND","LATITUDE","LONGITUDE","ARRIVAL_TM","CONS_ZONE_SPD_LIM","DISPATCH_TM","EST_HRS_CLOSED","LANE_CLOSED","LN_CLOSE_DIR","NTFY_HIWY_MAINT","SPEC_JURIS_CD","TCD_FUNC_CD","TFC_DETOUR_IND","WORKERS_PRES","WZ_CLOSE_DETOUR","WZ_FLAGGER","WZ_LAW_OFFCR_IND","WZ_LN_CLOSURE","WZ_MOVING","WZ_OTHER","WZ_SHLDER_MDN","VEHICLE_COUNT","AUTOMOBILE_COUNT","MOTORCYCLE_COUNT","BUS_COUNT","SMALL_TRUCK_COUNT","HEAVY_TRUCK_COUNT","SUV_COUNT","VAN_COUNT","BICYCLE_COUNT","MAJ_INJ_COUNT","MOD_INJ_COUNT","MIN_INJ_COUNT","TOT_INJ_COUNT","UNK_INJ_DEG_COUNT","UNK_INJ_PER_COUNT","DRIVER_COUNT_16YR","DRIVER_COUNT_17YR","DRIVER_COUNT_18YR","DRIVER_COUNT_19YR","DRIVER_COUNT_20YR","DRIVER_COUNT_50_64YR","DRIVER_COUNT_65_74YR","DRIVER_COUNT_75PLUS","UNBELTED_OCC_COUNT","UNB_DEATH_COUNT","UNB_MAJ_INJ_COUNT","BELTED_DEATH_COUNT","BELTED_MAJ_INJ_COUNT","MCYCLE_DEATH_COUNT","MCYCLE_MAJ_INJ_COUNT","BICYCLE_DEATH_COUNT","BICYCLE_MAJ_INJ_COUNT","PED_COUNT","PED_DEATH_COUNT","PED_MAJ_INJ_COUNT","MAX_SEVERITY_LEVEL","COMM_VEH_COUNT","DEC_LAT","DEC_LONG","RDWY_SURF_TYPE_CD","COUNTY_YEAR"
"2001233073","06","67","67301","67301","2001","04","4","1820","18","1","1","0","4","1","","","N","01","3","00","3","0","1","3","2","N","N","40 03:17.866","75 05:05.373","9999","","9999","","0","","N","","3 ","","","","","","","","","","2","1","0","0","1","0","0","0","0","0","0","1","1","0","0","0","0","0","0","0","0","0","0","0","0","0","0","0","0","0","0","0","0","0","0","4","0","40.055","-75.0848","","CRASH_2001_Philadelphia"
"2001238135","06","67","67301","67301","2001","04","5","2227","22","3","1","0","4","1","","","N","01","2","00","3","0","3","3","2","N","N","40 04:08.760","75 00:25.560","9999","","9999","","0","","N","","3 ","","","","","","","","","","2","2","0","0","0","0","0","0","0","0","0","0","0","0","3","0","0","0","0","0","1","0","0","0","0","0","0","0","0","0","0","0","0","0","0","9","0","40.0692","-75.0071","","CRASH_2001_Philadelphia"
"2001240293","06","67","67301","67301","2001","04","7","2102","21","3","1","0","5","1","","","N","00","0","00","3","0","0","2","2","N","N","40 02:52.440","75 05:33.720","9999","","9999","","0","","N","","0 ","","","","","","","","","","2","1","0","0","0","0","0","0","0","0","0","0","0","0","0","0","0","0","0","0","0","0","0","0","0","0","0","0","0","0","0","0","0","0","0","0","0","40.0479","-75.0927","","CRASH_2001_Philadelphia"
"2001243526","06","67","67301","67301","2001","04","2","1825","18","1","1","0","4","1","","","N","01","2","00","3","0","2","2","2","N","N","40 04:26.760","75 11:27.240","9999","","9999","","0","","N","","3 ","","","","","","","","","","2","1","0","0","0","0","1","0","0","0","0","1","1","0","1","0","0","0","0","0","0","0","0","0","0","0","0","0","0","0","0","0","0","0","0","4","0","40.0741","-75.1909","","CRASH_2001_Philadelphia"
"2001201182","06","67","67301","67301","2001","02","2","2035","20","3","1","6","7","5","","","N","00","0","00","3","0","1","1","1","N","N","","","9999","","9999","","0","","N","","0 ","","","","","","","","","","1","1","0","0","0","0","0","0","0","0","0","0","0","0","1","0","1","0","0","0","0","0","0","0","0","0","0","0","0","0","0","0","0","0","0","9","0","","","","CRASH_2001_Philadelphia"
"2001215600","06","67","67301","67301","2001","02","4","1500","15","1","1","0","1","1","","","N","01","9","00","3","0","1","3","3","N","N","","","9999","","9999","","0","","N","","9 ","","","","","","","","","","3","3","0","0","0","0","0","0","0","0","0","1","1","0","0","0","0","0","0","0","1","0","0","0","0","0","0","0","0","0","0","0","0","0","0","4","0","","","","CRASH_2001_Philadelphia"
"2001248843","06","67","67301","67301","2001","05","3","1645","16","1","1","0","1","1","","","N","01","2","00","3","0","4","4","2","N","N","","","9999","","9999","","0","","N","","3 ","","","","","","","","","","2","2","0","0","0","0","0","0","0","0","3","0","3","0","1","0","0","0","1","0","0","0","0","1","0","0","0","0","0","0","0","0","0","0","0","3","0","","","","CRASH_2001_Philadelphia"
"2001254783","06","67","67301","67301","2001","06","5","1300","13","1","1","0","4","1","","","N","01","2","00","3","0","2","2","2","N","N","40 03:02.880","75 08:55.680","9999","","9999","","0","","N","","3 ","","","","","","","","","","2","2","0","0","0","0","0","0","0","0","2","0","2","0","0","1","0","0","0","0","0","0","0","0","0","0","0","0","0","0","0","0","0","0","0","3","0","40.0508","-75.1487","","CRASH_2001_Philadelphia"
"2001267412","06","67","67301","67301","2001","08","2","2000","20","3","1","0","2","1","","","N","00","0","00","3","0","1","2","2","N","N","","","9999","","9999","","0","","N","","0 ","","","","","","","","","","1","1","0","0","0","0","0","0","1","0","0","0","0","0","1","1","0","0","0","0","0","0","0","0","0","0","0","0","0","0","0","0","0","0","0","9","0","","","","CRASH_2001_Philadelphia"
"2001243671","06","67","67301","67301","2001","05","2","2135","21","3","1","0","7","5","","","N","00","0","00","3","0","1","1","1","N","N","","","9999","","9999","","0","","N","","0 ","","","","","","","","","","1","1","0","0","0","0","0","0","0","0","0","1","1","0","0","0","0","0","0","0","0","0","0","0","0","0","0","0","0","0","0","0","0","0","0","4","0","","","","CRASH_2001_Philadelphia"
"2001204633","06","67","67301","67301","2001","01","5","1520","15","1","1","0","1","1","","","N","03","2","00","3","0","1","2","2","N","N","40 04:23.322","75 03:21.463","9999","","9999","","0","","N","","3 ","","","","","","","","","","2","2","0","0","0","0","0","0","0","0","0","1","1","0","0","0","0","0","0","0","2","0","0","0","0","0","0","0","0","0","0","0","0","0","0","4","0","40.0731","-75.056","","CRASH_2001_Philadelphia"
"2001240040","06","67","67301","67301","2001","04","1","2030","20","3","2","0","1","1","","","N","01","2","00","3","0","1","2","2","N","N","40 01:40.800","75 10:21.000","9999","","9999","","0","","N","","3 ","","","","","","","","","","2","2","0","0","0","0","0","0","0","0","0","1","1","0","0","0","0","0","0","0","0","0","0","0","0","0","0","0","0","0","0","0","0","0","0","4","0","40.028","-75.1725","","CRASH_2001_Philadelphia"
"2001210754","06","67","67301","67301","2001","02","7","0910","09","1","1","0","4","1","","","N","01","2","00","3","0","0","2","2","N","N","","","9999","","9999","","0","","N","","3 ","","","","","","","","","","2","1","0","0","0","0","1","0","0","0","0","0","0","0","0","0","0","0","0","0","1","0","0","0","0","0","0","0","0","0","0","0","0","0","0","0","0","","","","CRASH_2001_Philadelphia"
"2001213121","06","67","67301","67301","2001","02","6","0852","08","5","3","0","4","1","","","N","01","2","00","3","0","3","3","2","N","N","40 02:40.560","75 03:16.920","9999","","9999","","0","","N","","3 ","","","","","","","","","","2","1","0","0","0","0","0","1","0","0","0","0","0","0","3","0","0","0","0","0","0","0","0","0","0","0","0","0","0","0","0","0","0","0","0","9","0","40.0443","-75.0541","","CRASH_2001_Philadelphia"
"2001215536","06","67","67301","67301","2001","02","3","0835","08","1","1","0","0","1","","","N","00","0","02","3","0","1","1","1","N","N","39 57:41.760","75 08:22.920","9999","","9999","","0","","N","","0 ","","","","","","","","","","1","0","0","0","0","1","0","0","0","0","1","0","1","0","0","0","0","0","0","0","0","0","0","0","0","0","0","0","0","0","0","0","0","0","0","3","1","39.9623","-75.1394","","CRASH_2001_Philadelphia"
"2001231657","06","67","67301","67301","2001","03","4","2020","20","3","2","1","4","1","","","N","01","3","00","3","0","1","2","2","N","N","","","9999","","9999","","0","","N","","3 ","","","","","","","","","","1","1","0","0","0","0","0","0","1","0","0","1","1","0","0","0","0","0","0","0","1","0","0","0","0","0","0","0","0","0","0","0","0","0","0","4","0","","","","CRASH_2001_Philadelphia"
"2001233498","06","67","67301","67301","2001","03","5","1815","18","3","2","1","1","1","","","N","00","0","00","3","0","2","2","2","N","N","","","9999","","9999","","0","","N","","0 ","","","","","","","","","","2","2","0","0","0","0","0","0","0","0","0","0","0","0","2","0","0","0","0","0","1","0","0","0","0","0","0","0","0","0","0","0","0","0","0","9","0","","","","CRASH_2001_Philadelphia"
"2001237063","06","67","67301","67301","2001","04","1","1930","19","3","2","1","4","1","","","N","01","0","00","3","0","1","2","2","N","N","","","9999","","9999","","0","","N","","0 ","","","","","","","","","","2","2","0","0","0","0","0","0","0","0","0","1","1","0","0","1","1","0","0","0","0","0","0","0","0","0","0","0","0","0","0","0","0","0","0","4","0","","","","CRASH_2001_Philadelphia"
"2001238411","06","67","67301","67301","2001","04","3","0822","08","1","1","0","8","1","","","N","01","2","00","3","0","1","2","2","N","N","39 57:13.680","75 09:59.760","9999","","9999","","0","","N","","3 ","","","","","","","","","","1","1","0","0","0","0","0","0","0","0","1","0","1","0","0","0","0","0","0","0","0","0","0","0","0","0","0","0","0","0","0","0","1","0","0","3","0","39.9538","-75.1667","","CRASH_2001_Philadelphia"
"2001240181","06","67","67301","67301","2001","04","5","0900","09","1","5","1","4","1","","","N","03","3","00","3","0","1","2","2","N","N","40 02:28.320","75 11:30.120","9999","","9999","","0","","N","","3 ","","","","","","","","","","2","2","0","0","0","0","0","0","0","0","0","1","1","0","0","0","0","0","0","0","0","0","0","0","0","0","0","0","0","0","0","0","0","0","0","4","0","40.0414","-75.1917","","CRASH_2001_Philadelphia"
"2001266610","06","67","67301","67301","2001","08","2","1343","13","1","1","0","4","1","","","N","01","2","00","3","0","0","3","2","N","N","","","9999","","9999","","0","","N","","3 ","","","","","","","","","","2","2","0","0","0","0","0","0","0","0","0","0","0","0","0","0","1","0","0","0","0","0","0","0","0","0","0","0","0","0","0","0","0","0","0","0","0","","","","CRASH_2001_Philadelphia"
"2001238984","06","67","67301","67301","2001","04","4","2045","20","3","2","1","7","5","","","N","00","0","00","3","0","0","1","1","N","N","","","9999","","9999","","0","","N","","0 ","","","","","","","","","","1","1","0","0","0","0","0","0","0","0","0","0","0","0","0","0","0","0","0","0","0","0","0","0","0","0","0","0","0","0","0","0","0","0","0","0","0","","","","CRASH_2001_Philadelphia"
"2001239095","06","67","67301","67301","2001","04","2","1617","16","1","1","0","4","1","","","N","01","2","00","3","0","2","2","2","N","N","","","9999","","9999","","0","","N","","3 ","","","","","","","","","","2","2","0","0","0","0","0","0","0","0","0","2","2","0","0","0","0","0","0","0","1","0","0","0","0","0","0","0","0","0","0","0","0","0","0","4","0","","","","CRASH_2001_Philadelphia"
"2001244778","06","67","67301","67301","2001","05","7","0105","01","3","1","0","1","1","","","N","00","0","00","3","0","1","4","2","N","N","40 03:02.880","74 59:22.920","9999","","9999","","0","","N","","0 ","","","","","","","","","","2","1","0","0","0","0","1","0","0","0","0","0","0","0","1","0","0","0","0","0","0","0","0","0","0","0","0","0","0","0","0","0","0","0","0","9","0","40.0508","-74.9901","","CRASH_2001_Philadelphia"
"2001244969","06","67","67301","67301","2001","05","1","1616","16","1","1","0","7","5","","","N","00","0","00","3","0","0","1","1","N","N","","","9999","","9999","","0","","N","","0 ","","","","","","","","","","1","1","0","0","0","0","0","0","0","0","0","0","0","0","0","0","0","0","0","0","0","0","1","0","0","0","0","0","0","0","0","0","0","0","0","0","0","","","","CRASH_2001_Philadelphia"
"2001245062","06","67","67301","67301","2001","05","3","1456","14","1","1","0","1","1","","","N","00","2","07","3","0","4","5","2","N","N","40 00:12.240","75 09:59.400","9999","","9999","","0","","N","","3 ","","","","","","","","","","2","2","0","0","0","0","0","0","0","0","0","2","2","0","2","0","0","1","0","0","0","0","1","0","0","0","0","0","0","0","0","0","0","0","0","4","0","40.0033","-75.1664","","CRASH_2001_Philadelphia"
"2001214342","06","67","67301","67301","2001","02","4","2130","21","3","2","1","1","1","","","N","01","2","00","3","0","1","2","2","N","N","40 01:52.935","75 09:08.539","9999","","9999","","0","","N","","3 ","","","","","","","","","","2","1","0","0","0","0","0","1","0","0","0","1","1","0","0","0","0","0","0","0","0","0","0","0","0","0","0","0","0","0","0","0","0","0","0","4","0","40.0314","-75.1524","","CRASH_2001_Philadelphia"
"2001240023","06","67","67301","67301","2001","04","2","0730","07","3","2","1","7","1","","","N","00","0","00","3","0","0","1","1","N","N","39 56:22.560","75 11:53.880","9999","","9999","","0","","N","","0 ","","","","","","","","","","1","1","0","0","0","0","0","0","0","0","0","0","0","0","0","0","0","0","0","0","0","0","0","0","0","0","0","0","0","0","0","0","0","0","0","0","0","39.9396","-75.1982","","CRASH_2001_Philadelphia"
"2001243076","06","67","67301","67301","2001","05","6","1730","17","1","1","0","4","1","","","N","00","0","00","3","0","1","3","2","N","N","","","9999","","9999","","0","","N","","0 ","","","","","","","","","","2","1","0","0","0","0","0","1","0","0","0","1","1","0","0","0","0","1","0","0","0","1","0","3","0","0","0","0","0","0","0","0","0","0","0","4","0","","","","CRASH_2001_Philadelphia"
"2001233433","06","67","67301","67301","2001","03","7","0420","04","3","1","0","0","1","","","N","00","0","00","3","0","1","1","1","N","N","","","9999","","9999","","0","","N","","0 ","","","","","","","","","","1","1","0","0","0","0","0","0","0","0","0","0","0","0","1","0","0","0","0","0","0","0","0","0","0","0","0","0","0","0","0","0","0","0","0","9","0","","","","CRASH_2001_Philadelphia"
"2001233532","06","67","67301","67301","2001","03","5","2223","22","3","1","9","5","1","","","N","00","0","00","3","0","1","2","2","N","N","39 59:55.680","75 09:12.600","9999","","9999","","0","","N","","0 ","","","","","","","","","","2","1","0","0","0","0","1","0","0","0","1","0","1","0","0","0","0","0","0","0","0","0","0","2","0","0","0","0","0","0","0","0","0","0","0","3","0","39.9988","-75.1534","","CRASH_2001_Philadelphia"
"2001244612","06","67","67301","67301","2001","04","6","1730","17","1","1","0","8","1","","","N","02","0","00","3","0","1","2","2","N","N","39 59:52.800","75 07:33.960","9999","","9999","","0","","N","","0 ","","","","","","","","","","1","0","0","0","0","0","0","1","0","0","1","0","1","0","0","0","0","0","0","0","1","0","0","0","0","0","0","0","0","0","0","0","1","0","0","3","0","39.998","-75.1261","","CRASH_2001_Philadelphia"
"2001248816","06","67","67301","67301","2001","05","5","0602","06","1","1","0","4","1","","","N","01","2","00","3","0","2","3","2","N","N","","","9999","","9999","","0","","N","","3 ","","","","","","","","","","2","1","1","0","0","0","0","0","0","0","0","1","1","0","1","0","0","0","0","0","0","0","0","0","0","0","0","0","0","0","0","0","0","0","0","4","0","","","","CRASH_2001_Philadelphia"
"2001240100","06","67","67301","67301","2001","04","5","1220","12","1","1","0","4","1","","","N","02","2","07","3","0","0","2","2","N","N","40 05:35.880","74 57:43.200","9999","","9999","","0","","N","","3 ","","","","","","","","","","2","2","0","0","0","0","0","0","0","0","0","0","0","0","0","0","0","0","0","0","0","0","0","0","0","0","0","0","0","0","0","0","0","0","0","0","0","40.0934","-74.9622","","CRASH_2001_Philadelphia"
"2001243340","06","67","67301","67301","2001","04","5","9999","99","1","1","0","9","1","","","N","00","0","00","3","0","0","1","5","N","N","40 00:20.520","75 11:15.720","9999","","9999","","0","","N","","0 ","","","","","","","","","","5","1","0","0","0","0","0","0","0","0","0","0","0","0","0","0","0","0","0","0","0","0","0","1","0","0","0","0","0","0","0","0","0","0","0","0","0","40.0056","-75.1877","","CRASH_2001_Philadelphia"
"2001245283","06","67","67301","67301","2001","03","7","0210","02","3","1","0","1","1","","","N","01","2","00","3","0","1","2","2","N","N","39 53:40.560","75 14:11.760","9999","","9999","","0","","N","","3 ","","","","","","","","","","2","1","0","0","0","0","1","0","0","0","0","0","0","0","1","0","1","0","0","0","0","0","0","0","0","0","0","0","0","0","0","0","0","0","0","9","0","39.8997","-75.2388","","CRASH_2001_Philadelphia"
"2001244838","06","67","67301","67301","2001","05","4","0252","02","3","9","9","7","5","","","N","02","3","00","3","0","0","2","1","N","N","40 01:36.534","75 02:04.045","9999","","9999","","0","","N","","3 ","","","","","","","","","","1","1","0","0","0","0","0","0","0","0","0","0","0","0","0","0","0","1","0","0","0","0","0","0","0","0","0","0","0","0","0","0","0","0","0","0","0","40.0268","-75.0345","","CRASH_2001_Philadelphia"
"2001244629","06","67","67301","67301","2001","05","3","1540","15","1","1","0","0","1","","","N","01","2","00","3","0","1","1","1","N","N","40 01:02.280","75 06:57.960","9999","","9999","","0","","N","","3 ","","","","","","","","","","1","0","1","0","0","0","0","0","0","0","0","1","1","0","0","0","0","0","0","0","0","0","0","0","0","0","0","0","0","0","0","0","0","0","0","4","0","40.0174","-75.1162","","CRASH_2001_Philadelphia"
"2002004021","06","67","67301","67301","2001","06","2","1237","12","1","1","8","4","1","","","N","01","2","00","3","0","0","2","2","N","N","40 04:51.240","75 01:44.040","1300","","1254","","0","","N","","3 ","","","","","","","","","","2","2","0","0","0","0","0","0","0","0","0","0","0","0","0","0","0","0","0","0","0","0","0","0","0","0","0","0","0","0","0","0","0","0","0","0","0","40.081","-75.0288","","CRASH_2001_Philadelphia"
"2001240265","06","67","67301","67301","2001","04","6","2200","22","3","1","0","8","1","","","N","01","2","00","3","0","1","2","2","N","N","39 58:12.720","75 09:34.920","9999","","9999","","0","","N","","3 ","","","","","","","","","","1","0","0","0","0","0","0","0","0","0","0","1","1","0","0","0","0","0","0","0","0","0","0","0","0","0","0","0","0","0","0","0","1","0","0","4","0","39.9702","-75.1597","","CRASH_2001_Philadelphia"
"2001239016","06","67","67301","67301","2001","04","3","1332","13","1","1","0","8","1","","","N","00","0","00","3","0","1","2","2","N","N","","","9999","","9999","","0","","N","","0 ","","","","","","","","","","1","1","0","0","0","0","0","0","0","0","1","0","1","0","0","0","0","0","0","0","1","0","0","1","0","0","0","0","0","0","0","0","1","0","0","3","0","","","","CRASH_2001_Philadelphia"
"2001243680","06","67","67301","67301","2001","05","1","1320","13","1","1","0","4","1","","","N","01","2","00","3","0","4","4","2","N","N","","","9999","","9999","","0","","N","","3 ","","","","","","","","","","2","2","0","0","0","0","0","0","0","0","0","2","2","0","2","0","0","0","0","0","1","0","0","0","0","0","0","0","0","0","0","0","0","0","0","4","0","","","","CRASH_2001_Philadelphia"
"2001244743","06","67","67301","67301","2001","05","7","0200","02","3","1","0","9","1","","","N","00","0","00","3","0","0","1","2","N","N","","","9999","","9999","","0","","N","","0 ","","","","","","","","","","2","0","0","0","0","0","1","0","0","0","0","0","0","0","0","0","0","0","0","0","0","0","0","0","0","0","0","0","0","0","0","0","0","0","0","0","0","","","","CRASH_2001_Philadelphia"
"2001240087","06","67","67301","67301","2001","04","3","1950","19","4","1","0","4","1","","","N","00","0","07","3","0","1","2","2","N","N","40 02:51.000","75 08:34.080","9999","","9999","","0","","N","","0 ","","","","","","","","","","2","1","0","0","0","0","0","0","0","0","0","1","1","0","0","0","0","0","0","0","0","0","0","1","0","0","0","0","0","0","0","0","0","0","0","4","0","40.0475","-75.1428","","CRASH_2001_Philadelphia"
"2001287501","06","67","67301","","2001","02","6","1815","18","1","1","0","4","1","","","N","01","2","00","3","0","3","3","2","N","N","40 02:07.080","75 08:43.800","9999","","9999","","0","","N","","3 ","","","","","","","","","","2","1","0","1","0","0","0","0","0","0","1","0","1","0","2","0","0","0","0","0","0","1","0","0","0","0","0","0","0","0","0","0","0","0","0","3","1","40.0352","-75.1455","","CRASH_2001_Philadelphia"
"2001231093","06","67","67301","67301","2001","03","6","0705","07","1","1","9","7","2","","","N","00","0","07","3","0","4","4","2","N","N","","","9999","","9999","","0","","N","","0 ","","","","","","","","","","2","1","0","0","0","0","1","0","0","0","0","0","0","0","4","0","0","1","0","0","1","0","0","0","0","0","0","0","0","0","0","0","0","0","0","9","0","","","","CRASH_2001_Philadelphia"
"2001231205","06","67","67301","67301","2001","03","4","1653","16","1","2","1","1","1","","","N","00","0","00","3","0","0","2","2","N","N","39 57:27.720","75 13:53.040","9999","","9999","","0","","N","","0 ","","","","","","","","","","2","2","0","0","0","0","0","0","0","0","0","0","0","0","0","0","0","0","0","1","0","0","0","0","0","0","0","0","0","0","0","0","0","0","0","0","0","39.9577","-75.2313","","CRASH_2001_Philadelphia"
"2001233110","06","67","67301","67301","2001","04","2","2115","21","3","1","0","4","1","","","N","02","3","00","3","0","1","2","2","N","N","39 59:09.186","75 09:55.036","9999","","9999","","0","","N","","3 ","","","","","","","","","","1","1","0","0","0","0","0","0","1","0","0","0","0","0","1","0","0","0","0","0","0","0","0","0","0","0","0","0","0","0","0","0","0","0","0","9","0","39.9859","-75.1653","","CRASH_2001_Philadelphia"
"2001233124","06","67","67301","67301","2001","03","6","1530","15","1","1","1","4","1","","","N","01","3","00","3","0","1","2","2","N","N","40 01:44.097","75 04:46.793","9999","","9999","","0","","N","","3 ","","","","","","","","","","2","2","0","0","0","0","0","0","0","0","0","1","1","0","0","0","0","0","0","0","0","1","0","0","0","0","0","0","0","0","0","0","0","0","0","4","0","40.0289","-75.0797","","CRASH_2001_Philadelphia"
"2001244639","06","67","67301","67301","2001","05","2","1715","17","1","1","0","4","1","","","N","02","3","00","3","0","3","3","2","N","N","40 00:22.381","75 06:11.300","9999","","9999","","0","","N","","3 ","","","","","","","","","","2","2","0","0","0","0","0","0","0","0","0","3","3","0","0","0","0","0","0","0","0","0","0","0","0","0","0","0","0","0","0","0","0","0","0","4","0","40.0062","-75.1031","","CRASH_2001_Philadelphia"
"2001014326","06","67","67301","67301","2001","09","7","1628","16","1","1","0","2","1","","","N","01","2","00","3","0","2","2","2","N","N","40 02:55.320","75 08:42.360","1630","","1628","","0","","N","","3 ","","","","","","","","","","2","2","0","0","0","0","0","0","0","0","0","2","2","0","0","0","0","1","0","0","1","0","0","0","0","0","0","0","0","0","0","0","0","0","0","4","0","40.0487","-75.1449","","CRASH_2001_Philadelphia"
"2001268095","06","67","67301","67301","2001","09","5","0754","07","1","1","0","4","1","","","N","00","0","00","3","0","0","2","2","N","N","","","9999","","9999","","0","","N","","0 ","","","","","","","","","","2","2","0","0","0","0","0","0","0","0","0","0","0","0","0","0","1","0","0","0","0","0","0","2","0","0","0","0","0","0","0","0","0","0","0","0","0","","","","CRASH_2001_Philadelphia"
"2001243622","06","67","67301","67301","2001","04","1","2325","23","3","1","0","4","1","","","N","01","3","00","3","0","0","2","3","N","N","39 56:06.381","75 11:05.074","9999","","9999","","0","","N","","3 ","","","","","","","","","","3","2","0","0","0","0","0","0","0","0","0","0","0","0","0","0","0","0","0","0","0","0","0","0","0","0","0","0","0","0","0","0","0","0","0","0","0","39.9351","-75.1847","","CRASH_2001_Philadelphia"
"2001248796","06","67","67301","67301","2001","05","3","9999","99","1","1","0","4","1","","","N","02","3","00","3","0","0","2","2","N","N","39 59:16.659","75 07:16.777","9999","","9999","","0","","N","","3 ","","","","","","","","","","2","1","0","0","1","0","0","0","0","0","0","0","0","0","0","0","0","0","0","0","0","0","0","0","0","0","0","0","0","0","0","0","0","0","0","0","0","39.988","-75.1213","","CRASH_2001_Philadelphia"
"2001244894","06","67","67301","67301","2001","05","1","1300","13","1","1","0","4","1","","","N","01","3","00","3","0","1","4","2","N","N","40 03:57.240","75 10:35.400","9999","","9999","","0","","N","","3 ","","","","","","","","","","2","2","0","0","0","0","0","0","0","0","0","1","1","0","0","0","0","0","0","0","0","0","1","0","0","0","0","0","0","0","0","0","0","0","0","4","0","40.0659","-75.1765","","CRASH_2001_Philadelphia"
"2001240053","06","67","67301","67301","2001","04","1","1950","19","3","2","1","4","1","","","N","01","2","00","3","0","0","7","2","N","N","39 58:13.440","75 07:26.760","9999","","9999","","0","","N","","3 ","","","","","","","","","","2","2","0","0","0","0","0","0","0","0","0","0","0","0","0","0","0","1","0","0","0","0","0","0","0","0","0","0","0","0","0","0","0","0","0","0","0","39.9709","-75.1236","","CRASH_2001_Philadelphia"
"2001244847","06","67","67301","67301","2001","05","6","9999","99","1","1","0","4","1","","","N","01","2","00","3","0","2","3","2","N","N","40 02:22.200","75 02:45.240","9999","","9999","","0","","N","","3 ","","","","","","","","","","2","2","0","0","0","0","0","0","0","0","0","2","2","0","0","0","0","0","0","0","1","0","0","0","0","0","0","0","0","0","0","0","0","0","0","4","0","40.0395","-75.0458","","CRASH_2001_Philadelphia"
"2001248782","06","67","67301","67301","2001","05","6","0825","08","1","1","0","8","1","","","N","01","2","00","3","0","1","2","2","N","N","40 03:08.461","75 09:27.949","9999","","9999","","0","","N","","3 ","","","","","","","","","","1","1","0","0","0","0","0","0","0","0","0","1","1","0","0","0","0","0","0","0","0","0","0","0","0","0","0","0","0","0","0","0","1","0","0","4","0","40.0524","-75.1578","","CRASH_2001_Philadelphia"
"2001283804","06","67","67301","67301","2001","04","2","1505","15","1","1","0","4","1","","","N","01","2","00","3","0","2","3","2","N","N","40 01:00.840","75 08:58.560","9999","","9999","","0","","N","","3 ","","","","","","","","","","2","2","0","0","0","0","0","0","0","0","0","0","0","0","2","0","0","0","0","0","0","0","0","0","0","0","0","0","0","0","0","0","0","0","0","9","0","40.0169","-75.1495","","CRASH_2001_Philadelphia"
"2001259798","06","67","67301","67301","2001","06","3","1245","12","1","1","0","4","1","","","N","01","0","00","3","0","1","2","2","N","N","40 01:01.866","75 04:52.773","9999","","9999","","0","","N","","0 ","","","","","","","","","","1","1","0","0","0","0","0","0","1","0","0","1","1","0","0","0","0","0","0","0","0","0","0","0","0","0","0","0","0","0","0","0","0","0","0","4","0","40.0172","-75.0813","","CRASH_2001_Philadelphia"
"2002007611","06","67","67301","67301","2001","12","7","1925","19","3","2","1","4","1","","","N","01","2","00","3","0","0","2","2","N","N","40 02:08.172","75 04:51.684","1935","","1930","","0","","N","","3 ","","","","","","","","","","2","2","0","0","0","0","0","0","0","0","0","0","0","0","0","0","1","0","0","0","0","1","0","0","0","0","0","0","0","0","0","0","0","0","0","0","0","40.0356","-75.081","","CRASH_2001_Philadelphia"
"2001244823","06","67","67301","67301","2001","05","7","1800","18","1","1","0","8","1","","","N","00","0","00","3","0","1","2","2","N","N","39 57:54.360","75 12:19.800","9999","","9999","","0","","N","","0 ","","","","","","","","","","1","1","0","0","0","0","0","0","0","0","0","1","1","0","0","0","0","0","0","0","0","0","0","0","0","0","0","0","0","0","0","0","1","0","0","4","0","39.9651","-75.2054","","CRASH_2001_Philadelphia"
"2001238212","06","67","67301","67301","2001","04","1","0155","01","3","1","0","4","1","","","N","01","2","00","3","0","2","5","3","N","N","","","9999","","9999","","0","","N","","3 ","","","","","","","","","","3","3","0","0","0","0","0","0","0","0","0","2","2","0","0","0","0","0","0","1","0","0","0","0","0","0","0","0","0","0","0","0","0","0","0","4","0","","","","CRASH_2001_Philadelphia"
"2001243466","06","67","67301","67301","2001","03","5","2354","23","3","1","0","4","1","","","N","01","2","00","3","0","3","4","2","N","N","","","9999","","9999","","0","","N","","3 ","","","","","","","","","","2","2","0","0","0","0","0","0","0","1","0","2","3","0","0","0","0","0","0","0","0","0","0","3","0","1","0","0","0","0","0","0","0","0","0","2","0","","","","CRASH_2001_Philadelphia"
"2001243590","06","67","67301","67301","2001","05","1","1112","11","1","1","0","7","1","","","N","00","0","00","3","0","1","1","1","N","N","39 58:30.720","75 11:43.800","9999","","9999","","0","","N","","0 ","","","","","","","","","","1","1","0","0","0","0","0","0","0","0","0","1","1","0","0","0","0","0","0","0","0","0","0","0","0","0","0","0","0","0","0","0","0","0","0","4","0","39.9752","-75.1955","","CRASH_2001_Philadelphia"