"CRN","DISTRICT","COUNTY","MUNICIPALITY","POLICE_AGCY","CRASH_YEAR","CRASH_MONTH","DAY_OF_WEEK","TIME_OF_DAY","HOUR_OF_DAY","ILLUMINATION","WEATHER","ROAD_CONDITION","COLLISION_TYPE","RELATION_TO_ROAD","WORK_ZONE_TYPE","WORK_ZONE_LOC","WORK_ZONE_IND","INTERSECT_TYPE","TCD_TYPE","LOCATION_TYPE","URBAN_RURAL","FATAL_COUNT","INJURY_COUNT","PERSON_COUNT","TOTAL_UNITS","SCH_BUS_IND","SCH_ZONE_IND","LATITUDE","LONGITUDE","ARRIVAL_TM","CONS_ZONE_SPD_LIM","DISPATCH_TM","EST_HRS_CLOSED","LANE_CLOSED","LN_CLOSE_DIR","NTFY_HIWY_MAINT","SPEC_JURIS_CD","TCD_FUNC_CD","TFC_DETOUR_IND","WORKERS_PRES","WZ_CLOSE_DETOUR","WZ_FLAGGER","WZ_LAW_OFFCR_IND","WZ_LN_CLOSURE","WZ_MOVING","WZ_OTHER","WZ_SHLDER_MDN","VEHICLE_COUNT","AUTOMOBILE_COUNT","MOTORCYCLE_COUNT","BUS_COUNT","SMALL_TRUCK_COUNT","HEAVY_TRUCK_COUNT","SUV_COUNT","VAN_COUNT","BICYCLE_COUNT","MAJ_INJ_COUNT","MOD_INJ_COUNT","MIN_INJ_COUNT","TOT_INJ_COUNT","UNK_INJ_DEG_COUNT","UNK_INJ_PER_COUNT","DRIVER_COUNT_16YR","DRIVER_COUNT_17YR","DRIVER_COUNT_18YR","DRIVER_COUNT_19YR","DRIVER_COUNT_20YR","DRIVER_COUNT_50_64YR","DRIVER_COUNT_65_74YR","DRIVER_COUNT_75PLUS","UNBELTED_OCC_COUNT","UNB_DEATH_COUNT","UNB_MAJ_INJ_COUNT","BELTED_DEATH_COUNT","BELTED_MAJ_INJ_COUNT","MCYCLE_DEATH_COUNT","MCYCLE_MAJ_INJ_COUNT","BICYCLE_DEATH_COUNT","BICYCLE_MAJ_INJ_COUNT","PED_COUNT","PED_DEATH_COUNT","PED_MAJ_INJ_COUNT","MAX_SEVERITY_LEVEL","COMM_VEH_COUNT","DEC_LAT","DEC_LONG","RDWY_SURF_TYPE_CD","COUNTY_YEAR"
"2001244971","06","67","67301","67301","2001","05","1","0748","07","1","1","0","1","1","","","N","00","0","00","3","0","1","3","2","N","N","40 01:54.120","75 01:17.040","9999","","9999","","0","","N","","0 ","","","","","","","","","","2","1","0","0","1","0","0","0","0","0","1","0","1","0","0","0","0","0","0","0","1","0","0","0","0","0","0","0","0","0","0","0","0","0","0","3","0","40.0317","-75.0215","","CRASH_2001_Philadelphia"
"2001248803","06","67","67301","67301","2001","05","6","0056","00","3","1","0","4","1","","","N","01","2","00","3","0","0","2","2","N","N","","","9999","","9999","","0","","N","","3 ","","","","","","","","","","2","2","0","0","0","0","0","0","0","0","0","0","0","0","0","0","0","0","0","0","0","0","0","0","0","0","0","0","0","0","0","0","0","0","0","0","0","","","","CRASH_2001_Philadelphia"
"2001204581","06","67","67301","67301","2001","01","3","1130","11","1","4","3","0","1","","","N","01","3","00","3","0","0","1","1","N","N","40 02:13.833","75 10:06.549","9999","","9999","","0","","N","","3 ","","","","","","","","","","1","0","0","0","1","0","0","0","0","0","0","0","0","0","0","0","0","0","0","0","0","0","0","0","0","0","0","0","0","0","0","0","0","0","0","0","0","40.0372","-75.1685","","CRASH_2001_Philadelphia"
"2001213133","06","67","67301","67301","2001","02","6","0625","06","1","2","1","4","1","","","N","01","9","00","3","0","1","4","2","N","N","39 57:45.360","75 12:19.080","9999","","9999","","0","","N","","9 ","","","","","","","","","","2","2","0","0","0","0","0","0","0","0","1","0","1","0","0","0","0","0","0","0","1","0","0","0","0","0","0","0","0","0","0","0","0","0","0","3","0","39.9626","-75.2051","","CRASH_2001_Philadelphia"
"2001214422","06","67","67301","67301","2001","02","7","1252","12","1","1","1","4","1","","","N","01","2","00","3","0","1","4","2","N","N","39 57:51.120","75 10:34.680","9999","","9999","","0","","N","","3 ","","","","","","","","","","2","2","0","0","0","0","0","0","0","0","0","1","1","0","0","0","0","0","0","0","0","0","0","0","0","0","0","0","0","0","0","0","0","0","0","4","0","39.9643","-75.1763","","CRASH_2001_Philadelphia"
"2001288463","06","67","67301","","2001","09","4","1230","12","1","1","0","1","1","","","N","01","9","00","3","0","1","2","2","N","N","40 01:46.200","75 08:48.480","9999","","9999","","0","","N","","9 ","","","","","","","","","","2","1","0","0","0","0","0","0","0","1","0","0","1","0","0","0","0","0","0","0","0","0","1","0","0","0","0","0","0","0","0","0","0","0","0","2","0","40.0294","-75.1468","","CRASH_2001_Philadelphia"
"2001238258","06","67","67301","67301","2001","03","5","2110","21","3","1","0","4","1","","","N","01","2","00","3","0","1","2","2","N","N","40 03:07.005","75 09:28.004","9999","","9999","","0","","N","","3 ","","","","","","","","","","2","1","0","0","0","0","0","0","0","0","0","0","0","0","1","0","0","0","0","0","0","0","0","0","0","0","0","0","0","0","0","0","0","0","0","9","0","40.0519","-75.1578","","CRASH_2001_Philadelphia"
"2001243643","06","67","67301","67301","2001","05","5","2030","20","3","1","0","8","1","","","N","02","0","00","3","0","1","2","2","N","N","","","9999","","9999","","0","","N","","0 ","","","","","","","","","","1","1","0","0","0","0","0","0","0","0","0","1","1","0","0","0","0","0","0","0","0","0","0","0","0","0","0","0","0","0","0","0","1","0","0","4","0","","","","CRASH_2001_Philadelphia"
"2001268104","06","67","67301","67301","2001","07","1","2120","21","3","2","1","7","5","","","N","00","0","00","3","0","3","4","1","N","N","","","9999","","9999","","0","","N","","0 ","","","","","","","","","","1","1","0","0","0","0","0","0","0","0","0","3","3","0","0","1","0","0","0","0","0","0","0","0","0","0","0","0","0","0","0","0","0","0","0","4","0","","","","CRASH_2001_Philadelphia"
"2001288175","06","67","67301","","2001","05","4","1800","18","1","1","0","1","1","","","N","00","0","00","3","0","1","2","2","N","N","","","9999","","9999","","0","","N","","0 ","","","","","","","","","","1","0","0","0","0","0","0","0","1","0","1","0","1","0","0","0","0","0","0","0","0","0","0","0","0","0","0","0","0","0","0","0","0","0","0","3","0","","","","CRASH_2001_Philadelphia"
"2001243648","06","67","67301","67301","2001","05","7","0930","09","1","9","9","1","1","","","N","01","3","00","3","0","2","4","2","N","N","","","9999","","9999","","0","","N","","3 ","","","","","","","","","","2","1","0","0","0","0","1","0","0","0","0","0","0","0","2","0","0","0","0","0","0","0","0","0","0","0","0","0","0","0","0","0","0","0","0","9","0","","","","CRASH_2001_Philadelphia"
"2001240241","06","67","67301","67301","2001","04","2","1615","16","1","1","0","1","1","","","N","01","2","00","3","0","1","2","2","N","N","40 04:27.120","75 02:04.920","9999","","9999","","0","","N","","3 ","","","","","","","","","","2","1","0","0","0","0","1","0","0","0","0","1","1","0","0","0","0","0","0","0","2","0","0","0","0","0","0","0","0","0","0","0","0","0","0","4","0","40.0743","-75.0348","","CRASH_2001_Philadelphia"
"2001240254","06","67","67301","67301","2001","04","2","1750","17","1","1","0","4","1","","","N","01","0","00","3","0","3","5","2","N","N","39 58:36.303","75 13:58.047","9999","","9999","","0","","N","","0 ","","","","","","","","","","2","1","0","0","0","0","1","0","0","0","0","3","3","0","0","0","0","0","0","0","0","0","0","0","0","0","0","0","0","0","0","0","0","0","0","4","0","39.9768","-75.2328","","CRASH_2001_Philadelphia"
"2001243088","06","67","67301","67301","2001","05","2","1800","18","1","1","0","1","1","","","N","00","0","00","3","0","0","2","2","N","N","40 02:33.000","75 03:21.600","9999","","9999","","0","","N","","0 ","","","","","","","","","","2","1","0","0","0","0","1","0","0","0","0","0","0","0","0","0","0","0","0","0","1","0","0","0","0","0","0","0","0","0","0","0","0","0","0","0","0","40.0425","-75.056","","CRASH_2001_Philadelphia"
"2001244854","06","67","67301","67301","2001","05","4","1858","18","1","1","0","1","1","","","N","01","2","00","3","0","1","2","2","N","N","","","9999","","9999","","0","","N","","3 ","","","","","","","","","","2","2","0","0","0","0","0","0","0","0","0","1","1","0","0","0","0","0","0","0","1","0","0","0","0","0","0","0","0","0","0","0","0","0","0","4","0","","","","CRASH_2001_Philadelphia"
"2001249422","06","67","67301","67301","2001","05","7","1640","16","1","1","0","4","1","","","N","02","2","00","3","0","1","3","3","N","N","39 56:48.480","75 14:08.520","9999","","9999","","0","","N","","3 ","","","","","","","","","","3","2","0","0","0","0","0","0","0","0","1","0","1","0","0","1","0","0","0","0","0","0","0","0","0","0","0","0","0","0","0","0","0","0","0","3","0","39.9468","-75.2358","","CRASH_2001_Philadelphia"
"2001205966","06","67","67301","67301","2001","01","3","1452","14","1","1","6","4","1","","","N","01","3","00","3","0","3","4","2","N","N","39 59:53.463","75 06:04.518","9999","","9999","","0","","N","","3 ","","","","","","","","","","2","2","0","0","0","0","0","0","0","0","2","0","2","0","1","0","0","0","0","0","0","0","0","0","0","0","0","0","0","0","0","0","0","0","0","3","0","39.9982","-75.1013","","CRASH_2001_Philadelphia"
"2001207567","06","67","67301","67301","2001","01","6","1515","15","1","1","0","8","1","","","N","00","0","00","3","0","1","2","2","Y","N","","","9999","","9999","","0","","N","","0 ","","","","","","","","","","1","0","0","1","0","0","0","0","0","0","0","1","1","0","0","0","0","0","0","0","0","0","0","0","0","0","0","0","0","0","0","0","1","0","0","4","1","","","","CRASH_2001_Philadelphia"
"2001229595","06","67","67301","67301","2001","03","4","1350","13","1","2","1","1","1","","","N","00","0","00","3","0","1","2","2","N","N","","","9999","","9999","","0","","N","","0 ","","","","","","","","","","2","2","0","0","0","0","0","0","0","0","0","1","1","0","0","0","0","0","1","0","0","0","0","0","0","0","0","0","0","0","0","0","0","0","0","4","0","","","","CRASH_2001_Philadelphia"
"2001233056","06","67","67301","67301","2001","04","5","1520","15","1","1","0","8","1","","","N","02","0","00","3","0","1","2","2","N","N","39 59:33.838","75 09:27.921","9999","","9999","","0","","N","","0 ","","","","","","","","","","1","1","0","0","0","0","0","0","0","0","0","1","1","0","0","0","0","0","0","0","0","0","0","0","0","0","0","0","0","0","0","0","1","0","0","4","0","39.9927","-75.1578","","CRASH_2001_Philadelphia"
"2001233183","06","67","67301","67301","2001","04","6","2246","22","3","1","0","1","1","","","N","00","0","00","3","0","0","3","3","N","N","39 56:53.160","75 11:10.320","9999","","9999","","0","","N","","0 ","","","","","","","","","","3","2","0","0","0","0","1","0","0","0","0","0","0","0","0","0","0","0","0","0","1","0","0","0","0","0","0","0","0","0","0","0","0","0","0","0","0","39.9481","-75.1862","","CRASH_2001_Philadelphia"
"2001238232","06","67","67301","67301","2001","04","2","1750","17","1","1","0","8","1","","","N","00","0","00","3","0","1","2","2","N","N","","","9999","","9999","","0","","N","","0 ","","","","","","","","","","1","1","0","0","0","0","0","0","0","0","0","1","1","0","0","0","0","0","0","0","0","0","0","0","0","0","0","0","0","0","0","0","1","0","0","4","0","","","","CRASH_2001_Philadelphia"
"2001239061","06","67","67301","67301","2001","04","1","1045","10","1","1","0","4","1","","","N","01","2","00","3","0","2","2","2","N","N","40 01:46.920","75 05:17.160","9999","","9999","","0","","N","","3 ","","","","","","","","","","2","1","0","0","0","0","1","0","0","0","0","2","2","0","0","0","0","0","0","0","0","0","0","0","0","0","0","0","0","0","0","0","0","0","0","4","0","40.0301","-75.0882","","CRASH_2001_Philadelphia"
"2001240046","06","67","67301","67301","2001","04","5","0015","00","3","1","0","7","5","","","N","02","2","00","3","0","0","1","1","N","N","40 01:04.800","75 09:18.360","9999","","9999","","0","","N","","3 ","","","","","","","","","","1","0","0","0","0","0","1","0","0","0","0","0","0","0","0","0","0","0","0","0","0","0","0","0","0","0","0","0","0","0","0","0","0","0","0","0","0","40.018","-75.155","","CRASH_2001_Philadelphia"
"2001243265","06","67","67301","67301","2001","04","3","1202","12","1","1","0","8","1","","","N","00","0","00","3","0","1","2","2","N","N","","","9999","","9999","","0","","N","","0 ","","","","","","","","","","1","1","0","0","0","0","0","0","0","0","1","0","1","0","0","0","0","0","0","0","0","0","0","0","0","0","0","0","0","0","0","0","1","0","0","3","0","","","","CRASH_2001_Philadelphia"
"2001243335","06","67","67301","67301","2001","04","7","1617","16","1","9","9","4","1","","","N","00","0","07","3","0","1","2","2","N","N","40 00:58.320","75 08:59.280","9999","","9999","","0","","N","","0 ","","","","","","","","","","2","1","1","0","0","0","0","0","0","0","1","0","1","0","0","0","0","0","0","0","0","0","0","0","0","0","0","0","0","0","0","0","0","0","0","3","0","40.0162","-75.1496","","CRASH_2001_Philadelphia"
"2001243541","06","67","67301","67301","2001","05","1","1755","17","1","1","0","4","1","","","N","01","3","00","3","0","2","6","2","N","N","39 58:59.005","75 10:03.752","9999","","9999","","0","","N","","3 ","","","","","","","","","","2","2","0","0","0","0","0","0","0","0","0","2","2","0","0","0","0","0","0","0","0","0","0","5","0","0","0","0","0","0","0","0","0","0","0","4","0","39.9831","-75.1677","","CRASH_2001_Philadelphia"
"2001205960","06","67","67301","67301","2001","01","7","2310","23","3","1","0","4","1","","","N","01","2","00","3","0","1","7","2","N","N","","","9999","","9999","","0","","N","","3 ","","","","","","","","","","2","2","0","0","0","0","0","0","0","0","0","1","1","0","0","0","0","0","1","0","0","0","0","0","0","0","0","0","0","0","0","0","0","0","0","4","0","","","","CRASH_2001_Philadelphia"
"2001207473","06","67","67301","67301","2001","01","7","0250","02","3","2","1","9","1","","","N","00","0","00","3","0","1","1","2","N","N","39 57:25.200","75 13:31.080","9999","","9999","","0","","N","","0 ","","","","","","","","","","2","0","0","0","0","0","0","0","0","0","0","0","0","0","1","0","0","0","0","0","0","0","0","0","0","0","0","0","0","0","0","0","0","0","0","9","0","39.9569","-75.2253","","CRASH_2001_Philadelphia"
"2001208964","06","67","67301","67301","2001","02","7","9999","99","5","1","0","9","1","","","N","00","0","00","3","0","0","1","3","N","N","","","9999","","9999","","0","","N","","0 ","","","","","","","","","","3","0","0","0","0","0","1","0","0","0","0","0","0","0","0","0","0","0","0","0","0","0","0","0","0","0","0","0","0","0","0","0","0","0","0","0","0","","","","CRASH_2001_Philadelphia"
"2001238071","06","67","67301","67301","2001","04","4","1510","15","1","9","9","1","1","","","N","02","2","00","3","0","0","2","2","N","N","39 56:36.960","75 14:47.760","9999","","9999","","0","","N","","3 ","","","","","","","","","","2","0","0","0","0","0","0","1","0","0","0","0","0","0","0","0","0","0","0","0","0","0","0","0","0","0","0","0","0","0","0","0","0","0","0","0","0","39.9435","-75.2467","","CRASH_2001_Philadelphia"
"2001240944","06","67","67301","67301","2001","04","3","1742","17","1","1","0","4","1","","","N","02","3","00","3","0","2","3","2","N","N","","","9999","","9999","","0","","N","","3 ","","","","","","","","","","1","1","0","0","0","0","0","0","1","0","0","2","2","0","0","0","0","0","0","0","0","0","0","0","0","0","0","0","0","0","0","0","0","0","0","4","0","","","","CRASH_2001_Philadelphia"
"2001007168","06","67","67301","67301","2001","05","2","1515","15","1","2","1","1","1","","","N","00","0","00","3","0","0","2","2","N","N","40 05:14.640","75 02:30.840","1520","","1518","","0","","N","","0 ","","","","","","","","","","2","2","0","0","0","0","0","0","0","0","0","0","0","0","0","0","0","1","0","0","0","0","0","0","0","0","0","0","0","0","0","0","0","0","0","0","0","40.0874","-75.0416","","CRASH_2001_Philadelphia"
"2001223902","06","67","67301","67301","2001","03","2","1050","10","1","1","0","1","1","8","8","Y","00","0","00","3","0","1","2","2","N","N","39 55:24.240","75 08:51.360","9999","99","9999","","0","","N","","0 ","","U","","","U","","","","","2","0","0","0","0","1","0","1","0","0","0","1","1","0","0","0","0","0","0","0","1","0","0","0","0","0","0","0","0","0","0","0","0","0","0","4","1","39.9231","-75.1477","","CRASH_2001_Philadelphia"
"2001238196","06","67","67301","67301","2001","04","4","0800","08","1","1","0","7","1","1","8","Y","01","9","00","3","0","1","2","2","N","N","","","9999","99","9999","","0","","N","","9 ","","U","","","U","","","","","1","0","0","0","0","0","0","1","0","0","1","0","1","0","0","0","0","0","0","0","0","0","0","0","0","0","0","0","0","0","0","0","1","0","0","3","0","","","","CRASH_2001_Philadelphia"
"2001019554","06","67","67301","67301","2001","06","2","1230","12","1","1","0","0","1","1","8","Y","00","0","01","3","0","1","1","1","N","N","","","1235","99","1230","","0","","N","","0 ","","U","","","U","","Y","Y","Y","1","0","0","0","1","0","0","0","0","0","1","0","1","0","0","0","0","0","0","0","0","0","0","0","0","0","0","0","0","0","0","0","0","0","0","3","0","","","","CRASH_2001_Philadelphia"
"2001019620","06","67","67301","67301","2001","06","6","0005","00","3","1","0","5","1","","","N","03","2","00","3","0","1","2","2","N","N","40 06:29.092","75 01:34.625","0016","","0010","","0","","N","","3 ","","","","","","","","","","2","2","0","0","0","0","0","0","0","0","0","1","1","0","1","0","0","1","0","0","0","0","0","0","0","0","0","0","0","0","0","0","0","0","0","4","0","40.1079","-75.0264","","CRASH_2001_Philadelphia"
"2001208913","06","67","67301","67301","2001","02","7","0825","08","1","1","0","4","1","","","N","01","2","00","3","0","0","3","2","N","N","","","9999","","9999","","0","","N","","3 ","","","","","","","","","","2","2","0","0","0","0","0","0","0","0","0","0","0","0","0","0","0","0","0","0","1","0","0","0","0","0","0","0","0","0","0","0","0","0","0","0","0","","","","CRASH_2001_Philadelphia"
"2001208930","06","67","67301","67301","2001","01","1","0228","02","3","1","0","7","5","","","N","00","0","00","3","0","0","1","1","N","N","","","9999","","9999","","0","","N","","0 ","","","","","","","","","","1","1","0","0","0","0","0","0","0","0","0","0","0","0","0","0","0","0","0","0","0","0","0","0","0","0","0","0","0","0","0","0","0","0","0","0","0","","","","CRASH_2001_Philadelphia"
"2001216914","06","67","67301","67301","2001","02","2","0730","07","5","9","9","8","1","","","N","01","3","00","3","0","1","2","2","N","N","40 02:17.715","75 08:41.264","9999","","9999","","0","","N","","3 ","","","","","","","","","","1","0","0","0","0","0","0","0","0","0","0","1","1","0","0","0","0","0","0","0","0","0","0","0","0","0","0","0","0","0","0","0","1","0","0","4","0","40.0383","-75.1448","","CRASH_2001_Philadelphia"
"2001216989","06","67","67301","67301","2001","03","7","2003","20","3","1","0","1","1","","","N","06","4","02","3","0","0","3","2","N","N","39 57:35.280","75 10:39.000","9999","","9999","","0","","N","","3 ","","","","","","","","","","2","1","0","0","0","0","1","0","0","0","0","0","0","0","0","0","0","0","0","0","0","1","0","0","0","0","0","0","0","0","0","0","0","0","0","0","0","39.9598","-75.1775","","CRASH_2001_Philadelphia"
"2001233329","06","67","67301","67301","2001","03","1","1113","11","1","1","0","8","1","","","N","00","0","00","3","0","1","4","2","N","N","","","9999","","9999","","0","","N","","0 ","","","","","","","","","","1","1","0","0","0","0","0","0","0","0","0","1","1","0","0","0","0","0","0","0","0","0","0","0","0","0","0","0","0","0","0","0","1","0","0","4","0","","","","CRASH_2001_Philadelphia"
"2001248461","06","67","67301","67301","2001","05","3","0700","07","1","1","0","7","5","","","N","00","0","00","3","0","0","4","1","N","N","39 57:10.440","75 08:23.640","9999","","9999","","0","","N","","0 ","","","","","","","","","","1","1","0","0","0","0","0","0","0","0","0","0","0","0","0","0","1","0","0","0","0","0","0","0","0","0","0","0","0","0","0","0","0","0","0","0","0","39.9529","-75.1399","","CRASH_2001_Philadelphia"
"2001288649","06","67","67301","","2001","12","2","1301","13","1","1","0","1","1","","","N","00","0","00","3","0","1","2","2","N","N","","","9999","","9999","","0","","N","","0 ","","","","","","","","","","2","2","0","0","0","0","0","0","0","0","0","0","0","0","1","0","0","0","0","0","0","0","0","0","0","0","0","0","0","0","0","0","0","0","0","9","0","","","","CRASH_2001_Philadelphia"
"2002006400","06","67","67301","67301","2001","11","6","1518","15","1","1","0","4","1","","","N","02","0","00","3","0","1","2","2","N","N","40 02:13.747","75 02:23.068","1546","","1542","","0","","N","","0 ","","","","","","","","","","2","0","1","0","1","0","0","0","0","0","1","0","1","0","0","1","0","0","0","0","0","0","0","0","0","0","0","0","0","0","0","0","0","0","0","3","0","40.0372","-75.0396","","CRASH_2001_Philadelphia"
"2002017491","06","67","67301","67301","2001","07","1","2152","21","3","2","1","5","1","","","N","01","2","00","3","0","1","3","2","N","N","40 03:59.000","75 11:46.971","2201","","2157","","0","","N","","2 ","","","","","","","","","","2","2","0","0","0","0","0","0","0","0","0","1","1","0","0","0","0","1","0","0","0","0","0","0","0","0","0","0","0","0","0","0","0","0","0","4","0","40.0665","-75.1963","","CRASH_2001_Philadelphia"
"2001007041","06","67","67301","67301","2001","07","6","1520","15","1","1","0","4","1","","","N","01","2","00","3","0","1","2","2","N","N","39 58:10.344","75 13:31.618","1520","","1520","","0","","N","","3 ","","","","","","","","","","2","1","1","0","0","0","0","0","0","0","0","1","1","0","0","0","0","0","1","0","0","0","1","0","0","0","0","0","0","0","0","0","0","0","0","4","0","39.9695","-75.2254","","CRASH_2001_Philadelphia"
"2001233466","06","67","67301","67301","2001","03","5","2215","22","3","1","0","4","1","","","N","01","2","00","3","0","1","2","2","N","N","40 03:27.360","75 08:21.480","9999","","9999","","0","","N","","3 ","","","","","","","","","","2","1","0","0","0","0","1","0","0","0","0","0","0","0","1","0","0","0","0","0","0","0","0","0","0","0","0","0","0","0","0","0","0","0","0","9","0","40.0576","-75.1393","","CRASH_2001_Philadelphia"
"2002004063","06","67","67301","67301","2001","06","5","2250","22","3","1","0","4","1","","","N","00","0","00","3","0","2","4","3","N","N","39 58:33.960","75 06:54.360","2257","","2251","","0","","N","","0 ","","","","","","","","","","3","2","0","1","0","0","0","0","0","0","1","1","2","0","0","0","0","0","0","0","1","0","0","1","0","0","0","0","0","0","0","0","0","0","0","3","1","39.9759","-75.1153","","CRASH_2001_Philadelphia"
"2001244702","06","67","67301","67301","2001","05","3","1800","18","1","1","0","4","1","","","N","05","2","00","3","0","1","4","2","N","N","39 59:13.560","75 07:21.000","9999","","9999","","0","","N","","3 ","","","","","","","","","","2","1","0","0","0","0","0","1","0","0","0","1","1","0","0","0","0","0","0","0","1","0","0","0","0","0","0","0","0","0","0","0","0","0","0","4","0","39.987","-75.1224","","CRASH_2001_Philadelphia"
"2001267405","06","67","67301","67301","2001","08","1","1300","13","1","2","1","4","1","","","N","01","2","00","3","0","1","2","2","N","N","39 55:58.080","75 10:04.080","9999","","9999","","0","","N","","3 ","","","","","","","","","","1","0","0","0","0","0","0","0","1","0","0","1","1","0","0","0","0","0","0","0","0","0","0","0","0","0","0","0","0","0","0","0","0","0","0","4","0","39.9329","-75.1678","","CRASH_2001_Philadelphia"
"2002014547","06","67","67301","67301","2001","07","6","1236","12","1","1","0","4","1","","","N","01","2","00","3","0","1","2","2","N","N","39 57:33.266","75 13:08.876","1237","","1237","","0","","N","","1 ","","","","","","","","","","2","1","0","0","1","0","0","0","0","0","1","0","1","0","0","0","0","0","0","0","0","0","0","1","0","0","0","0","0","0","0","0","0","0","0","3","0","39.9592","-75.2191","","CRASH_2001_Philadelphia"
"2001204696","06","67","67301","67301","2001","01","3","1339","13","1","1","0","1","1","","","N","01","2","00","3","0","4","6","2","N","N","","","9999","","9999","","0","","N","","3 ","","","","","","","","","","2","1","0","1","0","0","0","0","0","0","4","0","4","0","0","0","0","0","0","0","0","0","0","1","0","0","0","0","0","0","0","0","0","0","0","3","1","","","","CRASH_2001_Philadelphia"
"2001205965","06","67","67301","67301","2001","01","6","1559","15","1","4","3","6","1","","","N","02","0","00","3","0","1","6","3","N","N","40 03:10.350","75 10:30.712","9999","","9999","","0","","N","","0 ","","","","","","","","","","3","1","0","0","0","0","0","2","0","0","0","1","1","0","0","0","0","0","0","0","1","0","0","0","0","0","0","0","0","0","0","0","0","0","0","4","0","40.0529","-75.1752","","CRASH_2001_Philadelphia"
"2001210684","06","67","67301","67301","2001","02","3","1122","11","1","1","0","1","1","","","N","00","0","00","3","0","1","2","2","N","N","","","9999","","9999","","0","","N","","0 ","","","","","","","","","","2","2","0","0","0","0","0","0","0","0","0","1","1","0","0","0","0","0","0","0","1","0","0","0","0","0","0","0","0","0","0","0","0","0","0","4","0","","","","CRASH_2001_Philadelphia"
"2001210694","06","67","67301","67301","2001","02","2","1730","17","1","1","0","4","1","","","N","01","2","00","3","0","6","6","2","N","N","39 58:23.520","75 12:43.560","9999","","9999","","0","","N","","3 ","","","","","","","","","","2","2","0","0","0","0","0","0","0","0","0","0","0","0","6","0","0","0","0","0","0","0","0","0","0","0","0","0","0","0","0","0","0","0","0","9","0","39.9732","-75.2122","","CRASH_2001_Philadelphia"
"2001244933","06","67","67301","67301","2001","05","6","1934","19","1","1","0","4","1","","","N","01","3","00","3","0","0","2","2","N","N","39 57:48.477","75 14:23.204","9999","","9999","","0","","N","","3 ","","","","","","","","","","2","2","0","0","0","0","0","0","0","0","0","0","0","0","0","0","0","0","1","0","0","0","0","0","0","0","0","0","0","0","0","0","0","0","0","0","0","39.9635","-75.2398","","CRASH_2001_Philadelphia"
"2001243714","06","67","67301","67301","2001","05","3","1856","18","1","1","0","4","1","","","N","01","2","00","3","0","1","2","2","N","N","39 57:30.240","75 09:50.400","9999","","9999","","0","","N","","3 ","","","","","","","","","","2","2","0","0","0","0","0","0","0","0","0","1","1","0","0","0","0","0","0","0","1","1","0","0","0","0","0","0","0","0","0","0","0","0","0","4","0","39.9583","-75.1641","","CRASH_2001_Philadelphia"
"2001243747","06","67","67301","67301","2001","04","6","1057","10","1","1","0","7","2","","","N","00","0","02","3","0","1","1","1","N","N","","","9999","","9999","","0","","N","","0 ","","","","","","","","","","1","1","0","0","0","0","0","0","0","0","0","1","1","0","0","0","0","0","0","0","0","0","0","0","0","0","0","0","0","0","0","0","0","0","0","4","0","","","","CRASH_2001_Philadelphia"
"2001244902","06","67","67301","67301","2001","05","6","1758","17","1","1","0","1","1","","","N","00","0","00","3","0","1","7","2","N","N","39 56:03.840","75 11:59.640","9999","","9999","","0","","N","","0 ","","","","","","","","","","2","1","0","0","0","0","0","1","0","0","0","0","0","0","1","0","0","0","0","0","0","0","0","0","0","0","0","0","0","0","0","0","0","0","0","9","0","39.9342","-75.1999","","CRASH_2001_Philadelphia"
"2002005837","06","67","67301","67301","2001","05","3","0800","08","1","2","1","4","1","","","N","00","0","07","3","0","1","2","2","N","N","40 06:01.187","75 00:26.531","0810","","0801","","0","","N","","0 ","","","","","","","","","","2","1","0","0","0","1","0","0","0","0","1","0","1","0","0","0","0","0","0","0","0","0","0","0","0","0","0","0","0","0","0","0","0","0","0","3","1","40.1003","-75.0076","","CRASH_2001_Philadelphia"
"2001283780","06","67","67301","67301","2001","05","1","0515","05","5","1","0","4","1","","","N","01","2","00","3","0","2","2","2","N","N","39 55:58.080","75 10:04.080","9999","","9999","","0","","N","","3 ","","","","","","","","","","2","1","0","0","1","0","0","0","0","0","0","0","0","0","2","0","0","0","0","0","0","0","0","0","0","0","0","0","0","0","0","0","0","0","0","9","0","39.9328","-75.1678","","CRASH_2001_Philadelphia"
"2001288321","06","67","67301","","2001","08","6","1930","19","1","9","9","1","1","","","N","05","2","00","3","0","2","3","2","N","N","40 01:31.800","75 07:20.640","9999","","9999","","0","","N","","3 ","","","","","","","","","","2","0","0","0","0","0","1","0","0","0","2","0","2","0","0","0","0","0","0","0","0","0","0","0","0","0","0","0","0","0","0","0","0","0","0","3","0","40.0255","-75.1224","","CRASH_2001_Philadelphia"
"2001240162","06","67","67301","67301","2001","04","1","0200","02","3","1","0","4","1","","","N","01","2","00","3","0","4","4","2","N","N","39 55:00.840","75 14:48.840","9999","","9999","","0","","N","","3 ","","","","","","","","","","2","2","0","0","0","0","0","0","0","0","4","0","4","0","0","0","0","0","0","0","0","0","0","0","0","0","0","0","0","0","0","0","0","0","0","3","0","39.9171","-75.2462","","CRASH_2001_Philadelphia"