"CRN","DISTRICT","COUNTY","MUNICIPALITY","POLICE_AGCY","CRASH_YEAR","CRASH_MONTH","DAY_OF_WEEK","TIME_OF_DAY","HOUR_OF_DAY","ILLUMINATION","WEATHER","ROAD_CONDITION","COLLISION_TYPE","RELATION_TO_ROAD","WORK_ZONE_TYPE","WORK_ZONE_LOC","WORK_ZONE_IND","INTERSECT_TYPE","TCD_TYPE","LOCATION_TYPE","URBAN_RURAL","FATAL_COUNT","INJURY_COUNT","PERSON_COUNT","TOTAL_UNITS","SCH_BUS_IND","SCH_ZONE_IND","LATITUDE","LONGITUDE","ARRIVAL_TM","CONS_ZONE_SPD_LIM","DISPATCH_TM","EST_HRS_CLOSED","LANE_CLOSED","LN_CLOSE_DIR","NTFY_HIWY_MAINT","SPEC_JURIS_CD","TCD_FUNC_CD","TFC_DETOUR_IND","WORKERS_PRES","WZ_CLOSE_DETOUR","WZ_FLAGGER","WZ_LAW_OFFCR_IND","WZ_LN_CLOSURE","WZ_MOVING","WZ_OTHER","WZ_SHLDER_MDN","VEHICLE_COUNT","AUTOMOBILE_COUNT","MOTORCYCLE_COUNT","BUS_COUNT","SMALL_TRUCK_COUNT","HEAVY_TRUCK_COUNT","SUV_COUNT","VAN_COUNT","BICYCLE_COUNT","MAJ_INJ_COUNT","MOD_INJ_COUNT","MIN_INJ_COUNT","TOT_INJ_COUNT","UNK_INJ_DEG_COUNT","UNK_INJ_PER_COUNT","DRIVER_COUNT_16YR","DRIVER_COUNT_17YR","DRIVER_COUNT_18YR","DRIVER_COUNT_19YR","DRIVER_COUNT_20YR","DRIVER_COUNT_50_64YR","DRIVER_COUNT_65_74YR","DRIVER_COUNT_75PLUS","UNBELTED_OCC_COUNT","UNB_DEATH_COUNT","UNB_MAJ_INJ_COUNT","BELTED_DEATH_COUNT","BELTED_MAJ_INJ_COUNT","MCYCLE_DEATH_COUNT","MCYCLE_MAJ_INJ_COUNT","BICYCLE_DEATH_COUNT","BICYCLE_MAJ_INJ_COUNT","PED_COUNT","PED_DEATH_COUNT","PED_MAJ_INJ_COUNT","MAX_SEVERITY_LEVEL","COMM_VEH_COUNT","DEC_LAT","DEC_LONG","RDWY_SURF_TYPE_CD","COUNTY_YEAR"
"2001288234","06","67","67301","","2001","06","1","1530","15","1","1","0","1","1","","","N","00","0","02","3","0","1","5","2","N","N","39 57:41.400","75 10:42.600","9999","","9999","","0","","N","","0 ","","","","","","","","","","2","1","0","0","0","0","0","0","0","0","0","0","0","0","1","0","0","0","0","0","1","0","0","0","0","0","0","0","0","0","0","0","0","0","0","9","0","39.9627","-75.1784","","CRASH_2001_Philadelphia"
"2001265476","06","67","67301","67301","2001","07","3","1830","18","1","1","0","1","1","","","N","00","0","00","3","0","1","5","4","N","N","39 54:07.560","75 09:05.400","9999","","9999","","0","","N","","0 ","","","","","","","","","","4","4","0","0","0","0","0","0","0","0","1","0","1","0","0","0","1","0","0","0","0","0","0","1","0","0","0","0","0","0","0","0","0","0","0","3","0","39.9029","-75.1508","","CRASH_2001_Philadelphia"
"2001283851","06","67","67301","67301","2001","04","1","2155","21","3","1","0","1","1","","","N","00","0","00","3","0","1","2","3","N","N","","","9999","","9999","","0","","N","","0 ","","","","","","","","","","3","0","1","0","0","0","0","0","0","0","1","0","1","0","0","0","0","0","0","0","0","0","0","0","0","0","0","0","0","0","0","0","0","0","0","3","0","","","","CRASH_2001_Philadelphia"
"2001266603","06","67","67301","67301","2001","07","7","9999","99","3","1","0","4","1","","","N","01","3","00","3","0","2","3","2","N","N","39 59:46.669","75 07:54.469","9999","","9999","","0","","N","","3 ","","","","","","","","","","2","2","0","0","0","0","0","0","0","0","0","2","2","0","0","1","0","0","0","0","0","0","0","0","0","0","0","0","0","0","0","0","0","0","0","4","0","39.9963","-75.1318","","CRASH_2001_Philadelphia"
"2002007881","06","67","67301","67301","2001","06","3","1350","13","1","1","0","1","1","","","N","00","0","00","3","0","2","3","2","N","N","40 03:12.650","75 04:12.283","1401","","1358","","0","","N","","0 ","","","","","","","","","","2","2","0","0","0","0","0","0","0","0","0","2","2","0","0","0","0","0","0","0","2","0","0","0","0","0","0","0","0","0","0","0","0","0","0","4","0","40.0535","-75.0701","","CRASH_2001_Philadelphia"
"2002017284","06","67","67301","67301","2001","07","6","1930","19","1","1","0","1","1","","","N","00","2","00","3","0","0","2","2","N","N","40 02:36.152","75 10:51.041","1700","","1700","","0","","N","","3 ","","","","","","","","","","2","2","0","0","0","0","0","0","0","0","0","0","0","0","2","0","0","0","0","0","0","0","0","0","0","0","0","0","0","0","0","0","0","0","0","9","0","40.0433","-75.1808","","CRASH_2001_Philadelphia"
"2001244868","06","67","67301","67301","2001","05","6","1852","18","1","1","0","4","1","","","N","01","3","00","3","0","1","2","4","N","N","","","9999","","9999","","0","","N","","3 ","","","","","","","","","","4","2","0","0","0","0","0","0","0","0","0","1","1","0","0","0","0","0","0","0","0","0","0","0","0","0","0","0","0","0","0","0","0","0","0","4","0","","","","CRASH_2001_Philadelphia"
"2001244930","06","67","67301","67301","2001","05","6","1640","16","1","1","0","8","1","","","N","01","0","00","3","0","1","2","2","N","N","","","9999","","9999","","0","","N","","0 ","","","","","","","","","","1","1","0","0","0","0","0","0","0","0","0","0","0","0","1","0","0","0","0","0","0","0","0","0","0","0","0","0","0","0","0","0","1","0","0","9","0","","","","CRASH_2001_Philadelphia"
"2001243475","06","67","67301","67301","2001","05","7","9999","99","1","1","0","1","1","","","N","01","2","00","3","0","1","6","2","N","N","","","9999","","9999","","0","","N","","3 ","","","","","","","","","","2","2","0","0","0","0","0","0","0","0","0","0","0","0","1","0","0","0","0","0","1","0","0","0","0","0","0","0","0","0","0","0","0","0","0","9","0","","","","CRASH_2001_Philadelphia"
"2001243720","06","67","67301","67301","2001","05","1","1710","17","1","1","0","4","1","","","N","00","0","07","3","0","1","2","2","N","N","","","9999","","9999","","0","","N","","0 ","","","","","","","","","","1","0","0","0","0","0","1","0","1","0","0","1","1","0","0","0","1","0","0","0","0","0","0","0","0","0","0","0","0","0","0","0","0","0","0","4","0","","","","CRASH_2001_Philadelphia"
"2001266615","06","67","67301","67301","2001","08","1","0630","06","1","2","9","7","1","","","N","00","0","02","3","0","1","3","1","N","N","39 58:02.640","75 07:54.480","9999","","9999","","0","","N","","0 ","","","","","","","","","","1","1","0","0","0","0","0","0","0","0","0","1","1","0","0","0","0","1","0","0","0","0","0","0","0","0","0","0","0","0","0","0","0","0","0","4","0","39.9671","-75.1331","","CRASH_2001_Philadelphia"
"2001267408","06","67","67301","67301","2001","08","6","1715","17","1","1","0","8","1","","","N","00","0","00","3","0","1","2","2","N","N","","","9999","","9999","","0","","N","","0 ","","","","","","","","","","1","1","0","0","0","0","0","0","0","0","0","1","1","0","0","0","0","1","0","0","0","0","0","0","0","0","0","0","0","0","0","0","1","0","0","4","0","","","","CRASH_2001_Philadelphia"
"2001238294","06","67","67301","67301","2001","04","2","2335","23","3","2","1","1","1","","","N","01","2","00","3","0","2","3","3","N","N","40 03:34.200","75 09:55.800","9999","","9999","","0","","N","","3 ","","","","","","","","","","3","2","0","0","0","0","1","0","0","0","1","0","1","0","1","0","0","0","0","0","0","0","0","0","0","0","0","0","0","0","0","0","0","0","0","3","0","40.0595","-75.1654","","CRASH_2001_Philadelphia"
"2001240268","06","67","67301","67301","2001","04","7","0205","02","3","1","0","8","1","","","N","00","0","00","3","0","1","3","2","N","N","40 02:12.480","75 02:27.960","9999","","9999","","0","","N","","0 ","","","","","","","","","","1","0","0","0","0","0","1","0","0","0","1","0","1","0","0","0","0","0","0","0","0","0","0","0","0","0","0","0","0","0","0","0","1","0","0","3","0","40.0368","-75.041","","CRASH_2001_Philadelphia"
"2001245551","06","67","67301","67301","2001","05","6","0055","00","3","1","0","7","5","","","N","01","2","00","3","0","0","1","1","N","N","39 57:28.800","75 08:56.040","9999","","9999","","0","","N","","3 ","","","","","","","","","","1","0","0","0","0","0","0","1","0","0","0","0","0","0","0","0","0","0","0","0","0","0","0","0","0","0","0","0","0","0","0","0","0","0","0","0","0","39.958","-75.1489","","CRASH_2001_Philadelphia"
"2001211789","06","67","67301","67301","2001","01","3","1029","10","1","2","1","7","1","","","N","00","0","02","3","0","1","1","1","N","N","40 00:12.960","75 04:35.760","9999","","9999","","0","","N","","0 ","","","","","","","","","","1","0","0","0","1","0","0","0","0","0","1","0","1","0","0","0","0","0","0","1","0","0","0","1","0","0","0","0","0","0","0","0","0","0","0","3","0","40.005","-75.0756","","CRASH_2001_Philadelphia"
"2001223862","06","67","67301","67301","2001","03","4","2230","22","3","1","0","4","1","","","N","01","3","00","3","0","2","3","2","N","N","","","9999","","9999","","0","","N","","3 ","","","","","","","","","","2","2","0","0","0","0","0","0","0","0","0","2","2","0","0","0","0","0","0","0","0","0","0","0","0","0","0","0","0","0","0","0","0","0","0","4","0","","","","CRASH_2001_Philadelphia"
"2001240954","06","67","67301","67301","2001","04","6","1530","15","1","1","0","5","1","","","N","00","2","07","3","0","1","2","2","N","N","39 57:24.840","75 10:09.120","9999","","9999","","0","","N","","3 ","","","","","","","","","","1","1","0","0","0","0","0","0","1","0","0","1","1","0","0","0","0","0","0","0","0","0","0","0","0","0","0","0","0","0","0","0","0","0","0","4","0","39.9568","-75.1692","","CRASH_2001_Philadelphia"
"2001007374","06","67","67301","67301","2001","05","1","1510","15","1","1","0","5","1","","","N","00","0","00","3","0","1","2","2","N","N","40 01:45.480","75 09:49.884","1520","","1515","","0","","N","","0 ","","","","","","","","","","2","2","0","0","0","0","0","0","0","0","0","1","1","0","0","0","0","0","0","0","0","0","0","0","0","0","0","0","0","0","0","0","0","0","0","4","0","40.0293","-75.1639","","CRASH_2001_Philadelphia"
"2002003988","06","67","67301","67301","2001","06","1","1540","15","1","1","0","4","1","","","N","01","2","00","3","0","2","3","2","N","N","39 57:33.840","75 14:43.440","1600","","1553","","0","","N","","3 ","","","","","","","","","","2","2","0","0","0","0","0","0","0","0","0","2","2","0","0","0","0","0","0","0","1","0","0","0","0","0","0","0","0","0","0","0","0","0","0","4","0","39.9594","-75.2454","","CRASH_2001_Philadelphia"
"2001250506","06","67","67301","67301","2001","05","7","2103","21","3","1","0","4","1","","","N","01","2","00","3","0","3","3","5","N","N","40 02:58.560","75 05:44.520","9999","","9999","","0","","N","","3 ","","","","","","","","","","5","2","0","0","0","0","0","0","0","3","0","0","3","0","0","0","1","0","0","0","0","0","0","0","0","0","0","0","0","0","0","0","0","0","0","2","0","40.0496","-75.0956","","CRASH_2001_Philadelphia"
"2001401413","06","67","67301","67301","2001","09","4","1550","15","1","1","0","7","1","","","N","00","0","00","3","1","0","3","5","N","N","","","9999","","9999","","0","","N","9","0 ","","","","","","","","","","5","1","0","0","1","0","0","0","0","0","0","0","0","0","0","1","0","0","0","0","0","0","0","0","0","0","0","0","0","0","0","0","0","0","0","1","0","","","0 ","CRASH_2001_Philadelphia"
"2001231653","06","67","67301","67301","2001","03","3","1850","18","3","1","0","1","1","","","N","00","0","00","3","0","2","5","3","N","N","39 53:40.200","75 13:08.400","9999","","9999","","0","","N","","0 ","","","","","","","","","","3","2","0","0","0","0","0","1","0","0","0","0","0","0","2","0","0","0","0","0","0","1","0","0","0","0","0","0","0","0","0","0","0","0","0","9","0","39.8945","-75.219","","CRASH_2001_Philadelphia"
"2001233238","06","67","67301","67301","2001","04","7","0204","02","3","1","0","2","1","","","N","00","0","00","3","0","1","4","2","N","N","","","9999","","9999","","0","","N","","0 ","","","","","","","","","","2","2","0","0","0","0","0","0","0","0","0","0","0","0","1","0","0","0","0","0","0","0","0","0","0","0","0","0","0","0","0","0","0","0","0","9","0","","","","CRASH_2001_Philadelphia"
"2001239930","06","67","67301","67301","2001","04","7","2320","23","3","1","0","7","1","","","N","00","0","00","3","0","0","2","1","N","N","","","9999","","9999","","0","","N","","0 ","","","","","","","","","","1","1","0","0","0","0","0","0","0","0","0","0","0","0","0","0","0","0","0","0","0","0","0","0","0","0","0","0","0","0","0","0","0","0","0","0","0","","","","CRASH_2001_Philadelphia"
"2002003996","06","67","67301","67301","2001","06","4","0820","08","1","1","0","5","6","","","N","00","0","00","3","0","5","6","2","N","N","39 57:20.692","75 11:25.721","0835","","0830","","0","","N","","0 ","","","","","","","","","","2","2","0","0","0","0","0","0","0","0","0","5","5","0","0","0","0","0","0","0","1","0","0","5","0","0","0","0","0","0","0","0","0","0","0","4","0","39.9557","-75.1905","","CRASH_2001_Philadelphia"
"2001240890","06","67","67301","67301","2001","04","6","0703","07","1","1","0","1","1","","","N","01","2","00","3","0","2","5","4","N","N","39 55:16.320","75 11:39.120","9999","","9999","","0","","N","","3 ","","","","","","","","","","4","2","0","1","1","0","0","0","0","0","1","1","2","0","0","0","0","0","0","0","0","0","0","0","0","0","0","0","0","0","0","0","0","0","0","3","1","39.9211","-75.1938","","CRASH_2001_Philadelphia"
"2001244708","06","67","67301","67301","2001","05","1","0025","00","3","1","0","1","1","","","N","01","3","00","3","0","0","2","2","N","N","","","9999","","9999","","0","","N","","3 ","","","","","","","","","","2","1","0","0","1","0","0","0","0","0","0","0","0","0","0","0","0","0","0","0","0","0","0","0","0","0","0","0","0","0","0","0","0","0","0","0","0","","","","CRASH_2001_Philadelphia"
"2001288058","06","67","67301","","2001","04","4","0945","09","1","1","0","0","1","","","N","00","0","00","3","0","0","2","2","N","N","","","9999","","9999","","0","","N","","0 ","","","","","","","","","","2","1","0","0","0","1","0","0","0","0","0","0","0","0","0","0","0","0","0","0","0","0","0","2","0","0","0","0","0","0","0","0","0","0","0","0","0","","","","CRASH_2001_Philadelphia"
"2001288167","06","67","67301","","2001","05","1","2215","22","3","2","0","8","1","","","N","01","2","00","3","0","2","3","3","N","N","39 56:30.120","75 13:12.360","9999","","9999","","0","","N","","3 ","","","","","","","","","","1","1","0","0","0","0","0","0","0","0","2","0","2","0","0","0","0","0","0","0","0","0","0","0","0","0","0","0","0","0","0","0","2","0","0","3","0","39.9416","-75.2201","","CRASH_2001_Philadelphia"
"2001243626","06","67","67301","67301","2001","04","2","0645","06","1","1","0","8","1","","","N","01","2","00","3","0","1","2","2","N","N","40 01:54.120","75 10:44.040","9999","","9999","","0","","N","","3 ","","","","","","","","","","1","1","0","0","0","0","0","0","0","0","0","1","1","0","0","0","0","0","0","0","0","0","0","0","0","0","0","0","0","0","0","0","1","0","0","4","0","40.0317","-75.1789","","CRASH_2001_Philadelphia"
"2001266607","06","67","67301","67301","2001","08","7","2116","21","3","1","0","7","5","","","N","01","0","00","3","0","0","1","1","N","N","","","9999","","9999","","0","","N","","0 ","","","","","","","","","","1","0","0","0","1","0","0","0","0","0","0","0","0","0","0","0","1","0","0","0","0","0","0","1","0","0","0","0","0","0","0","0","0","0","0","0","0","","","","CRASH_2001_Philadelphia"
"2001233269","06","67","67301","67301","2001","03","5","1600","16","1","2","1","7","5","","","N","00","0","00","3","0","1","1","1","N","N","39 53:30.120","75 13:31.440","9999","","9999","","0","","N","","0 ","","","","","","","","","","1","1","0","0","0","0","0","0","0","0","0","0","0","0","1","0","0","0","0","0","0","0","0","1","0","0","0","0","0","0","0","0","0","0","0","9","0","39.8918","-75.2251","","CRASH_2001_Philadelphia"
"2001254808","06","67","67301","67301","2001","06","5","1725","17","1","1","0","8","1","","","N","02","3","00","3","0","1","2","2","N","N","40 00:34.246","75 08:26.775","9999","","9999","","0","","N","","3 ","","","","","","","","","","1","1","0","0","0","0","0","0","0","1","0","0","1","0","0","1","0","0","0","0","0","0","0","0","0","0","0","0","0","0","0","0","1","0","1","2","0","40.0095","-75.1408","","CRASH_2001_Philadelphia"
"2001267413","06","67","67301","67301","2001","08","5","1750","17","1","2","1","5","1","","","N","00","0","00","3","0","1","3","6","N","N","","","9999","","9999","","0","","N","","0 ","","","","","","","","","","6","1","0","0","0","0","0","1","0","0","1","0","1","0","0","1","0","0","0","0","1","0","0","0","0","0","0","0","0","0","0","0","0","0","0","3","0","","","","CRASH_2001_Philadelphia"
"2001265946","06","67","67301","67301","2001","05","4","2318","23","3","1","0","4","1","","","N","01","2","00","3","0","8","8","2","N","N","39 59:57.271","75 08:50.495","9999","","9999","","0","","N","","3 ","","","","","","","","","","2","0","0","0","0","0","1","1","0","0","3","5","8","0","0","0","0","0","0","0","1","0","0","6","0","0","0","0","0","0","0","0","0","0","0","3","0","39.9992","-75.1474","","CRASH_2001_Philadelphia"
"2001283875","06","67","67301","67301","2001","03","6","0735","07","1","1","0","8","1","","","N","01","0","00","3","0","1","2","2","N","N","","","9999","","9999","","0","","N","","0 ","","","","","","","","","","1","1","0","0","0","0","0","0","0","0","0","1","1","0","0","0","0","0","0","0","0","0","0","0","0","0","0","0","0","0","0","0","1","0","0","4","0","","","","CRASH_2001_Philadelphia"
"2001204535","06","67","67301","67301","2001","01","5","0820","08","1","1","1","7","5","","","N","00","0","00","3","0","1","1","1","N","N","39 56:56.040","75 12:54.720","9999","","9999","","0","","N","","0 ","","","","","","","","","","1","1","0","0","0","0","0","0","0","0","0","1","1","0","0","0","0","0","0","0","1","0","0","0","0","0","0","0","0","0","0","0","0","0","0","4","0","39.9488","-75.2152","","CRASH_2001_Philadelphia"
"2001211382","06","67","67301","67301","2001","02","2","2250","22","3","2","1","4","1","","","N","02","2","00","3","0","1","2","2","N","N","39 59:38.760","75 14:30.120","9999","","9999","","0","","N","","3 ","","","","","","","","","","2","2","0","0","0","0","0","0","0","0","1","0","1","0","0","0","0","0","0","0","0","0","0","0","0","0","0","0","0","0","0","0","0","0","0","3","0","39.994","-75.2416","","CRASH_2001_Philadelphia"
"2001214321","06","67","67301","67301","2001","02","3","1505","15","1","1","0","8","1","","","N","00","0","00","3","0","1","2","2","N","N","","","9999","","9999","","0","","N","","0 ","","","","","","","","","","1","1","0","0","0","0","0","0","0","0","0","1","1","0","0","0","0","0","0","0","0","0","0","0","0","0","0","0","0","0","0","0","1","0","0","4","0","","","","CRASH_2001_Philadelphia"
"2001214570","06","67","67301","67301","2001","03","6","0730","07","1","1","1","9","1","","","N","00","0","00","3","0","0","1","2","N","N","","","9999","","9999","","0","","N","","0 ","","","","","","","","","","2","1","0","0","0","0","0","0","0","0","0","0","0","0","0","0","0","1","0","0","0","0","0","0","0","0","0","0","0","0","0","0","0","0","0","0","0","","","","CRASH_2001_Philadelphia"
"2001215470","06","67","67301","67301","2001","03","6","0735","07","1","1","0","8","1","","","N","02","3","00","3","0","1","2","2","N","N","","","9999","","9999","","0","","N","","3 ","","","","","","","","","","1","1","0","0","0","0","0","0","0","0","0","1","1","0","0","0","0","0","0","0","0","0","0","0","0","0","0","0","0","0","0","0","1","0","0","4","0","","","","CRASH_2001_Philadelphia"
"2001233180","06","67","67301","67301","2001","04","6","0630","06","5","1","0","4","1","","","N","01","2","00","3","0","0","2","2","N","N","40 06:39.135","75 00:12.689","9999","","9999","","0","","N","","3 ","","","","","","","","","","2","1","0","0","1","0","0","0","0","0","0","0","0","0","0","0","0","0","0","0","0","0","0","0","0","0","0","0","0","0","0","0","0","0","0","0","0","40.1109","-75.0035","","CRASH_2001_Philadelphia"
"2001233215","06","67","67301","67301","2001","03","7","2350","23","3","1","0","4","1","","","N","01","2","00","3","0","0","2","2","N","N","40 02:12.120","75 02:26.880","9999","","9999","","0","","N","","3 ","","","","","","","","","","2","1","0","0","0","0","0","1","0","0","0","0","0","0","0","0","0","0","0","0","0","0","0","0","0","0","0","0","0","0","0","0","0","0","0","0","0","40.0368","-75.0409","","CRASH_2001_Philadelphia"
"2001288069","06","67","67301","","2001","04","3","1335","13","1","1","0","1","1","","","N","01","2","00","3","0","2","3","2","N","N","39 58:43.320","75 09:28.080","9999","","9999","","0","","N","","3 ","","","","","","","","","","2","1","0","0","0","0","0","0","0","0","0","2","2","0","0","0","0","0","0","0","0","0","0","0","0","0","0","0","0","0","0","0","0","0","0","4","0","39.9787","-75.1578","","CRASH_2001_Philadelphia"
"2001288098","06","67","67301","","2001","05","2","1525","15","1","1","0","5","1","","","N","00","0","00","3","0","0","2","2","N","N","40 01:50.520","75 05:09.960","9999","","9999","","0","","N","","0 ","","","","","","","","","","2","1","0","0","1","0","0","0","0","0","0","0","0","0","0","0","0","0","0","0","1","0","0","0","0","0","0","0","0","0","0","0","0","0","0","0","0","40.0312","-75.0852","","CRASH_2001_Philadelphia"
"2001243320","06","67","67301","67301","2001","04","5","0803","08","1","1","0","4","1","","","N","01","3","00","3","0","2","3","2","N","N","","","9999","","9999","","0","","N","","3 ","","","","","","","","","","2","1","0","0","0","0","0","1","0","0","0","2","2","0","0","0","0","0","0","0","1","0","0","0","0","0","0","0","0","0","0","0","0","0","0","4","0","","","","CRASH_2001_Philadelphia"
"2001288469","06","67","67301","","2001","09","6","0900","09","1","1","0","8","1","","","N","00","0","00","3","0","1","2","2","N","N","39 58:45.480","75 09:45.000","9999","","9999","","0","","N","","0 ","","","","","","","","","","1","0","0","0","0","0","0","0","0","0","1","0","1","0","0","0","0","0","0","0","0","0","0","0","0","0","0","0","0","0","0","0","1","0","0","3","0","39.9793","-75.1625","","CRASH_2001_Philadelphia"
"2001401241","06","67","67301","67301","2001","10","3","1146","11","1","1","0","8","1","","","N","00","0","00","3","1","0","2","2","N","N","40 02:34.800","75 03:23.040","9999","","9999","","0","","N","9","0 ","","","","","","","","","","1","0","0","0","0","0","1","0","0","0","0","0","0","0","0","0","0","0","0","0","1","0","0","0","0","0","0","0","0","0","0","0","1","1","0","1","0","40.043","-75.0564","2 ","CRASH_2001_Philadelphia"
"2002010562","06","67","67301","67301","2001","07","1","1225","12","1","1","0","5","1","","","N","03","0","02","3","0","1","3","2","N","N","39 54:38.880","75 09:07.920","1250","","1236","","0","","N","","0 ","","","","","","","","","","2","2","0","0","0","0","0","0","0","0","1","0","1","0","0","0","0","0","0","0","1","1","0","1","0","0","0","0","0","0","0","0","0","0","0","3","0","39.9107","-75.1514","","CRASH_2001_Philadelphia"
"2001240187","06","67","67301","67301","2001","04","3","1815","18","1","1","0","4","1","","","N","01","3","00","3","0","1","2","2","N","N","40 03:52.970","75 10:39.784","9999","","9999","","0","","N","","3 ","","","","","","","","","","2","1","0","0","1","0","0","0","0","0","0","1","1","0","0","0","0","0","0","0","0","0","0","0","0","0","0","0","0","0","0","0","0","0","0","4","0","40.0647","-75.1777","","CRASH_2001_Philadelphia"
"2001244867","06","67","67301","67301","2001","05","6","1135","11","1","2","0","8","1","","","N","00","0","00","3","0","1","2","2","N","N","","","9999","","9999","","0","","N","","0 ","","","","","","","","","","1","1","0","0","0","0","0","0","0","0","0","1","1","0","0","0","0","0","0","0","0","0","0","0","0","0","0","0","0","0","0","0","1","0","0","4","0","","","","CRASH_2001_Philadelphia"
"2001237059","06","67","67301","67301","2001","04","5","1427","14","1","1","0","4","1","","","N","01","3","00","3","0","5","6","2","N","N","","","9999","","9999","","0","","N","","3 ","","","","","","","","","","2","2","0","0","0","0","0","0","0","0","2","3","5","0","0","0","1","0","0","0","0","0","0","2","0","0","0","0","0","0","0","0","0","0","0","3","0","","","","CRASH_2001_Philadelphia"
"2001208976","06","67","67301","67301","2001","01","3","1235","12","1","2","1","8","1","","","N","01","2","00","3","0","1","2","2","N","N","40 02:43.800","75 09:53.640","9999","","9999","","0","","N","","3 ","","","","","","","","","","1","0","0","1","0","0","0","0","0","0","0","1","1","0","0","0","0","0","0","0","0","0","0","0","0","0","0","0","0","0","0","0","1","0","0","4","1","40.0455","-75.1649","","CRASH_2001_Philadelphia"
"2001209103","06","67","67301","67301","2001","01","4","1621","16","1","1","0","4","1","","","N","01","2","00","3","0","0","2","2","N","N","39 57:51.840","75 13:21.720","9999","","9999","","0","","N","","3 ","","","","","","","","","","2","2","0","0","0","0","0","0","0","0","0","0","0","0","0","0","0","0","0","1","0","0","0","0","0","0","0","0","0","0","0","0","0","0","0","0","0","39.9643","-75.222","","CRASH_2001_Philadelphia"
"2001211389","06","67","67301","67301","2001","02","2","1330","13","1","9","9","1","1","","","N","00","0","02","3","0","1","2","2","N","N","39 57:47.160","75 11:02.040","9999","","9999","","0","","N","","0 ","","","","","","","","","","2","1","0","0","1","0","0","0","0","0","0","0","0","0","1","0","0","0","0","0","0","0","0","0","0","0","0","0","0","0","0","0","0","0","0","9","0","39.9637","-75.1844","","CRASH_2001_Philadelphia"
"2001233174","06","67","67301","67301","2001","03","7","1345","13","1","1","0","4","1","","","N","00","0","07","3","0","0","3","2","N","N","","","9999","","9999","","0","","N","","0 ","","","","","","","","","","2","2","0","0","0","0","0","0","0","0","0","0","0","0","0","0","0","0","0","0","0","0","0","0","0","0","0","0","0","0","0","0","0","0","0","0","0","","","","CRASH_2001_Philadelphia"
"2001244863","06","67","67301","67301","2001","05","7","1235","12","1","1","0","8","1","","","N","00","0","00","3","0","1","3","2","N","N","","","9999","","9999","","0","","N","","0 ","","","","","","","","","","1","0","0","0","0","0","0","1","0","0","0","1","1","0","0","0","0","0","0","0","1","0","0","0","0","0","0","0","0","0","0","0","1","0","0","4","0","","","","CRASH_2001_Philadelphia"
"2002003976","06","67","67301","67301","2001","06","3","1340","13","1","1","0","5","1","","","N","00","0","00","3","0","1","6","2","N","N","40 00:48.445","75 04:07.692","1350","","1347","","0","","Y","","0 ","","","","","","","","","","2","2","0","0","0","0","0","0","0","0","0","1","1","0","0","0","0","0","0","0","0","0","0","0","0","0","0","0","0","0","0","0","0","0","0","4","0","40.0133","-75.0687","","CRASH_2001_Philadelphia"
"2002004028","06","67","67301","67301","2001","06","2","1739","17","1","1","0","4","1","","","N","01","2","00","3","0","1","3","2","N","N","40 02:07.041","75 01:30.753","1738","","1730","","0","","N","","3 ","","","","","","","","","","2","2","0","0","0","0","0","0","0","0","0","1","1","0","0","0","0","0","0","0","0","1","0","1","0","0","0","0","0","0","0","0","0","0","0","4","0","40.0353","-75.0252","","CRASH_2001_Philadelphia"
"2001244828","06","67","67301","67301","2001","05","6","1949","19","4","1","0","4","1","","","N","01","2","00","3","0","3","4","2","N","N","","","9999","","9999","","0","","N","","3 ","","","","","","","","","","2","2","0","0","0","0","0","0","0","0","0","2","2","0","1","0","0","0","0","0","0","0","0","0","0","0","0","0","0","0","0","0","0","0","0","4","0","","","","CRASH_2001_Philadelphia"
"2002024054","06","67","67301","67301","2001","06","7","1704","17","1","8","8","1","1","","","N","10","0","99","3","0","2","4","3","N","N","40 00:47.160","75 12:07.451","1715","","1704","","0","","N","","0 ","","","","","","","","","","3","3","0","0","0","0","0","0","0","0","0","2","2","0","0","0","0","0","0","0","1","0","0","0","0","0","0","0","0","0","0","0","0","0","0","4","0","40.0131","-75.2021","","CRASH_2001_Philadelphia"
"2001243665","06","67","67301","67301","2001","05","1","1516","15","1","1","0","8","1","","","N","00","0","00","3","0","1","2","2","N","N","","","9999","","9999","","0","","N","","0 ","","","","","","","","","","1","1","0","0","0","0","0","0","0","0","0","0","0","0","1","0","0","0","0","0","0","0","0","0","0","0","0","0","0","0","0","0","1","0","0","9","0","","","","CRASH_2001_Philadelphia"
"2001259762","06","67","67301","67301","2001","06","2","0148","01","3","1","0","2","1","","","N","00","0","00","3","0","1","5","2","N","N","","","9999","","9999","","0","","N","","0 ","","","","","","","","","","2","2","0","0","0","0","0","0","0","0","0","1","1","0","0","1","0","1","0","0","0","0","0","0","0","0","0","0","0","0","0","0","0","0","0","4","0","","","","CRASH_2001_Philadelphia"
"2001243096","06","67","67301","67301","2001","05","7","1204","12","1","1","0","3","1","","","N","00","0","00","3","0","3","5","2","N","N","","","9999","","9999","","0","","N","","0 ","","","","","","","","","","2","0","0","0","0","0","2","0","0","0","2","1","3","0","0","0","0","0","0","0","0","0","0","2","0","0","0","0","0","0","0","0","0","0","0","3","0","","","","CRASH_2001_Philadelphia"