"CRN","DISTRICT","COUNTY","MUNICIPALITY","POLICE_AGCY","CRASH_YEAR","CRASH_MONTH","DAY_OF_WEEK","TIME_OF_DAY","HOUR_OF_DAY","ILLUMINATION","WEATHER","ROAD_CONDITION","COLLISION_TYPE","RELATION_TO_ROAD","WORK_ZONE_TYPE","WORK_ZONE_LOC","WORK_ZONE_IND","INTERSECT_TYPE","TCD_TYPE","LOCATION_TYPE","URBAN_RURAL","FATAL_COUNT","INJURY_COUNT","PERSON_COUNT","TOTAL_UNITS","SCH_BUS_IND","SCH_ZONE_IND","LATITUDE","LONGITUDE","ARRIVAL_TM","CONS_ZONE_SPD_LIM","DISPATCH_TM","EST_HRS_CLOSED","LANE_CLOSED","LN_CLOSE_DIR","NTFY_HIWY_MAINT","SPEC_JURIS_CD","TCD_FUNC_CD","TFC_DETOUR_IND","WORKERS_PRES","WZ_CLOSE_DETOUR","WZ_FLAGGER","WZ_LAW_OFFCR_IND","WZ_LN_CLOSURE","WZ_MOVING","WZ_OTHER","WZ_SHLDER_MDN","VEHICLE_COUNT","AUTOMOBILE_COUNT","MOTORCYCLE_COUNT","BUS_COUNT","SMALL_TRUCK_COUNT","HEAVY_TRUCK_COUNT","SUV_COUNT","VAN_COUNT","BICYCLE_COUNT","MAJ_INJ_COUNT","MOD_INJ_COUNT","MIN_INJ_COUNT","TOT_INJ_COUNT","UNK_INJ_DEG_COUNT","UNK_INJ_PER_COUNT","DRIVER_COUNT_16YR","DRIVER_COUNT_17YR","DRIVER_COUNT_18YR","DRIVER_COUNT_19YR","DRIVER_COUNT_20YR","DRIVER_COUNT_50_64YR","DRIVER_COUNT_65_74YR","DRIVER_COUNT_75PLUS","UNBELTED_OCC_COUNT","UNB_DEATH_COUNT","UNB_MAJ_INJ_COUNT","BELTED_DEATH_COUNT","BELTED_MAJ_INJ_COUNT","MCYCLE_DEATH_COUNT","MCYCLE_MAJ_INJ_COUNT","BICYCLE_DEATH_COUNT","BICYCLE_MAJ_INJ_COUNT","PED_COUNT","PED_DEATH_COUNT","PED_MAJ_INJ_COUNT","MAX_SEVERITY_LEVEL","COMM_VEH_COUNT","DEC_LAT","DEC_LONG","RDWY_SURF_TYPE_CD","COUNTY_YEAR"
"2001248818","06","67","67301","67301","2001","03","5","2030","20","2","1","0","8","1","","","N","01","2","00","3","0","1","2","2","N","N","","","9999","","9999","","0","","N","","3 ","","","","","","","","","","1","1","0","0","0","0","0","0","0","0","1","0","1","0","0","0","0","0","0","0","0","0","0","0","0","0","0","0","0","0","0","0","1","0","0","3","0","","","","CRASH_2001_Philadelphia"
"2001243269","06","67","67301","67301","2001","04","4","1155","11","1","1","0","5","1","","","N","00","0","00","3","0","1","3","2","N","N","","","9999","","9999","","0","","N","","0 ","","","","","","","","","","2","1","0","0","1","0","0","0","0","0","0","0","0","0","1","0","0","0","0","0","0","0","0","0","0","0","0","0","0","0","0","0","0","0","0","9","0","","","","CRASH_2001_Philadelphia"
"2001248842","06","67","67301","67301","2001","05","1","0315","03","3","1","0","4","1","","","N","01","2","00","3","0","0","2","2","N","N","","","9999","","9999","","0","","N","","3 ","","","","","","","","","","2","2","0","0","0","0","0","0","0","0","0","0","0","0","0","0","0","0","0","0","0","0","0","0","0","0","0","0","0","0","0","0","0","0","0","0","0","","","","CRASH_2001_Philadelphia"
"2001239005","06","67","67301","67301","2001","04","5","1105","11","1","1","0","4","1","","","N","01","2","00","3","0","0","2","2","N","N","","","9999","","9999","","0","","N","","3 ","","","","","","","","","","2","1","0","0","0","0","1","0","0","0","0","0","0","0","0","0","0","0","0","0","0","0","0","0","0","0","0","0","0","0","0","0","0","0","0","0","0","","","","CRASH_2001_Philadelphia"
"2001240154","06","67","67301","67301","2001","04","4","0810","08","1","1","0","4","1","","","N","01","2","00","3","0","1","3","2","N","N","","","9999","","9999","","0","","N","","3 ","","","","","","","","","","2","1","0","0","0","0","0","1","0","0","0","0","0","0","1","0","0","0","0","0","0","0","0","2","0","0","0","0","0","0","0","0","0","0","0","9","0","","","","CRASH_2001_Philadelphia"
"2001243544","06","67","67301","67301","2001","05","6","1215","12","1","1","0","1","1","","","N","01","2","00","3","0","1","2","2","N","N","39 59:04.920","75 09:23.400","9999","","9999","","0","","N","","3 ","","","","","","","","","","2","2","0","0","0","0","0","0","0","0","0","1","1","0","0","0","0","0","0","0","0","0","0","0","0","0","0","0","0","0","0","0","0","0","0","4","0","39.9847","-75.1565","","CRASH_2001_Philadelphia"
"2001243576","06","67","67301","67301","2001","05","6","2050","20","3","1","0","4","1","","","N","01","3","00","3","0","2","3","2","N","N","39 55:34.782","75 08:46.917","9999","","9999","","0","","N","","3 ","","","","","","","","","","2","1","0","0","0","0","0","0","0","0","0","2","2","0","0","0","0","0","0","0","0","0","0","0","0","0","0","0","0","0","0","0","0","0","0","4","0","39.9263","-75.1464","","CRASH_2001_Philadelphia"
"2001245942","06","67","67301","67301","2001","05","3","0800","08","1","5","0","4","1","","","N","00","0","07","3","0","0","3","3","N","N","","","9999","","9999","","0","","N","","0 ","","","","","","","","","","3","1","0","0","1","0","0","1","0","0","0","0","0","0","0","0","0","0","0","0","1","0","0","0","0","0","0","0","0","0","0","0","0","0","0","0","0","","","","CRASH_2001_Philadelphia"
"2001400719","06","67","67301","67301","2001","08","6","1724","17","3","1","0","7","5","","","N","00","0","00","3","1","0","1","1","N","N","","","9999","","9999","","0","","N","9","0 ","","","","","","","","","","1","1","0","0","0","0","0","0","0","0","0","0","0","0","0","0","0","0","0","0","0","0","1","0","0","0","0","0","0","0","0","0","0","0","0","1","0","","","9 ","CRASH_2001_Philadelphia"
"2001016767","06","67","67301","67301","2001","06","6","0817","08","1","1","0","1","1","","","N","00","0","00","3","0","2","4","3","N","N","39 55:53.040","75 11:57.840","0825","","0817","","0","","N","","0 ","","","","","","","","","","3","3","0","0","0","0","0","0","0","0","1","1","2","0","0","0","0","0","0","0","0","0","0","0","0","0","0","0","0","0","0","0","0","0","0","3","0","39.9315","-75.1995","","CRASH_2001_Philadelphia"
"2001400478","06","67","67301","67301","2001","06","7","1542","15","1","1","0","1","1","","","N","00","0","00","3","1","0","1","2","N","Y","","","1550","","1546","","0","","N","9","0 ","","","","","","","","","","2","2","0","0","0","0","0","0","0","0","0","0","0","0","0","0","0","0","0","0","0","0","0","1","1","0","0","0","0","0","0","0","0","0","0","1","0","","","9 ","CRASH_2001_Philadelphia"
"2001401244","06","67","67301","67301","2001","11","6","2000","20","3","1","0","4","1","","","N","01","2","00","3","1","1","2","2","N","N","40 01:30.360","75 07:31.800","9999","","9999","","0","","N","9","3 ","","","","","","","","","","2","1","0","0","1","0","0","0","0","1","0","0","1","0","0","0","0","0","0","0","1","0","0","1","1","0","0","0","0","0","0","0","0","0","0","1","0","40.0251","-75.1255","2 ","CRASH_2001_Philadelphia"
"2001248733","06","67","67301","67301","2001","05","1","1927","19","4","1","0","8","1","","","N","00","0","00","3","0","1","2","2","N","N","","","9999","","9999","","0","","N","","0 ","","","","","","","","","","1","1","0","0","0","0","0","0","0","0","0","1","1","0","0","0","0","0","0","0","0","0","0","0","0","0","0","0","0","0","0","0","1","0","0","4","0","","","","CRASH_2001_Philadelphia"
"2001204603","06","67","67301","67301","2001","01","1","2301","23","3","1","0","4","1","","","N","01","2","00","3","0","2","2","2","N","N","39 57:26.280","75 14:52.440","9999","","9999","","0","","N","","3 ","","","","","","","","","","2","2","0","0","0","0","0","0","0","0","1","1","2","0","0","0","0","0","1","1","0","0","0","1","0","0","0","0","0","0","0","0","0","0","0","3","0","39.9573","-75.2479","","CRASH_2001_Philadelphia"
"2001211365","06","67","67301","67301","2001","02","4","1045","10","1","6","1","8","1","","","N","00","0","00","3","0","1","2","2","N","N","40 04:09.120","75 03:03.240","9999","","9999","","0","","N","","0 ","","","","","","","","","","1","1","0","0","0","0","0","0","0","0","1","0","1","0","0","0","0","0","0","0","1","0","0","0","0","0","0","0","0","0","0","0","1","0","0","3","0","40.0694","-75.0508","","CRASH_2001_Philadelphia"
"2001215640","06","67","67301","67301","2001","02","6","1545","15","1","2","1","4","1","","","N","01","3","00","3","0","1","2","3","N","N","39 59:26.689","75 05:52.796","9999","","9999","","0","","N","","3 ","","","","","","","","","","3","2","0","0","0","0","0","0","0","0","0","1","1","0","0","0","0","0","0","0","0","0","0","0","0","0","0","0","0","0","0","0","0","0","0","4","0","39.9907","-75.098","","CRASH_2001_Philadelphia"
"2001233217","06","67","67301","67301","2001","04","6","1423","14","1","2","1","1","1","","","N","00","0","00","3","0","0","3","2","N","N","40 02:50.280","75 03:33.120","9999","","9999","","0","","N","","0 ","","","","","","","","","","2","2","0","0","0","0","0","0","0","0","0","0","0","0","0","0","0","0","0","0","0","1","0","0","0","0","0","0","0","0","0","0","0","0","0","0","0","40.0474","-75.0593","","CRASH_2001_Philadelphia"
"2001204551","06","67","67301","67301","2001","01","6","1040","10","1","1","0","1","1","","","N","01","0","00","3","0","1","2","2","N","N","","","9999","","9999","","0","","N","","0 ","","","","","","","","","","2","2","0","0","0","0","0","0","0","0","0","1","1","0","0","0","0","0","0","0","0","0","1","0","0","0","0","0","0","0","0","0","0","0","0","4","0","","","","CRASH_2001_Philadelphia"
"2001288561","06","67","67301","","2001","11","6","1330","13","1","1","0","4","1","","","N","01","2","00","3","0","1","3","2","N","N","39 59:25.800","75 07:44.760","9999","","9999","","0","","N","","3 ","","","","","","","","","","2","0","1","0","0","0","0","0","0","0","1","0","1","0","0","0","0","0","0","0","0","0","0","0","0","0","0","0","0","0","0","0","0","0","0","3","0","39.9906","-75.129","","CRASH_2001_Philadelphia"
"2001243602","06","67","67301","67301","2001","05","3","1508","15","1","1","0","5","1","","","N","00","0","00","3","0","2","6","4","N","N","","","9999","","9999","","0","","N","","0 ","","","","","","","","","","4","3","0","0","0","0","0","0","0","0","1","1","2","0","0","0","0","0","0","0","0","0","0","0","0","0","0","0","0","0","0","0","0","0","0","3","0","","","","CRASH_2001_Philadelphia"
"2001243709","06","67","67301","67301","2001","04","6","1630","16","1","1","0","1","1","","","N","00","0","00","3","0","1","6","2","N","N","39 58:01.560","75 09:39.600","9999","","9999","","0","","N","","0 ","","","","","","","","","","2","1","0","0","0","0","0","1","0","0","0","1","1","0","0","0","0","0","0","0","1","0","0","0","0","0","0","0","0","0","0","0","0","0","0","4","0","39.967","-75.1609","","CRASH_2001_Philadelphia"
"2001259764","06","67","67301","67301","2001","06","7","1250","12","1","1","0","4","1","","","N","00","0","07","3","0","1","3","3","N","N","","","9999","","9999","","0","","N","","0 ","","","","","","","","","","1","1","0","0","0","0","0","0","2","0","0","1","1","0","0","1","0","0","0","0","0","0","0","1","0","0","0","0","0","0","0","0","0","0","0","4","0","","","","CRASH_2001_Philadelphia"
"2001243595","06","67","67301","67301","2001","03","7","1728","17","1","1","0","4","1","","","N","01","2","00","3","0","2","3","2","N","N","39 57:28.080","75 13:09.480","9999","","9999","","0","","N","","3 ","","","","","","","","","","2","2","0","0","0","0","0","0","0","0","1","1","2","0","0","0","0","0","0","0","0","0","0","0","0","0","0","0","0","0","0","0","0","0","0","3","0","39.9578","-75.2193","","CRASH_2001_Philadelphia"
"2001245064","06","67","67301","67301","2001","05","6","0044","00","3","1","0","4","1","","","N","01","2","00","3","0","3","3","2","N","N","40 00:38.808","75 07:35.921","9999","","9999","","0","","N","","3 ","","","","","","","","","","2","2","0","0","0","0","0","0","0","0","1","2","3","0","0","0","0","0","0","0","0","0","0","0","0","0","0","0","0","0","0","0","0","0","0","3","0","40.0108","-75.1266","","CRASH_2001_Philadelphia"
"2001243693","06","67","67301","67301","2001","05","5","1657","16","1","1","0","1","1","","","N","01","2","00","3","0","1","3","3","N","N","39 57:14.400","75 09:34.200","9999","","9999","","0","","N","","3 ","","","","","","","","","","3","3","0","0","0","0","0","0","0","0","0","1","1","0","0","0","0","0","0","0","0","0","0","0","0","0","0","0","0","0","0","0","0","0","0","4","0","39.954","-75.1595","","CRASH_2001_Philadelphia"
"2001244890","06","67","67301","67301","2001","05","6","2100","21","3","1","0","7","1","","","N","00","0","01","3","0","1","1","1","N","N","39 57:36.720","75 13:37.200","9999","","9999","","0","","N","","0 ","","","","","","","","","","1","0","0","0","0","0","0","0","0","0","1","0","1","0","0","0","0","0","0","0","0","0","0","0","0","0","0","0","0","0","0","0","0","0","0","3","0","39.9602","-75.227","","CRASH_2001_Philadelphia"
"2001266631","06","67","67301","67301","2001","05","3","0950","09","1","1","0","5","1","","","N","00","0","00","3","0","2","3","4","N","N","","","9999","","9999","","0","","N","","0 ","","","","","","","","","","4","2","0","0","0","0","0","0","0","0","0","0","0","0","2","0","0","1","0","0","0","0","0","0","0","0","0","0","0","0","0","0","0","0","0","9","0","","","","CRASH_2001_Philadelphia"
"2001283862","06","67","67301","67301","2001","03","7","1130","11","1","1","0","9","1","","","N","01","2","00","3","0","0","3","5","N","N","39 57:24.120","75 11:52.800","9999","","9999","","0","","N","","3 ","","","","","","","","","","5","0","0","0","1","0","0","0","0","0","0","0","0","0","0","0","0","0","0","0","0","0","0","0","0","0","0","0","0","0","0","0","0","0","0","0","0","39.9566","-75.198","","CRASH_2001_Philadelphia"
"2001231110","06","67","67301","67301","2001","03","1","0124","01","3","1","0","4","1","","","N","02","3","00","3","0","0","2","3","N","N","39 59:07.800","75 07:15.600","9999","","9999","","0","","N","","3 ","","","","","","","","","","3","2","0","0","0","0","0","0","0","0","0","0","0","0","0","0","0","0","0","0","0","0","0","0","0","0","0","0","0","0","0","0","0","0","0","0","0","39.9855","-75.1209","","CRASH_2001_Philadelphia"
"2001233057","06","67","67301","67301","2001","04","5","1532","15","1","1","0","1","1","","","N","01","2","00","3","0","1","5","3","N","N","39 58:48.000","75 10:02.640","9999","","9999","","0","","N","","3 ","","","","","","","","","","3","2","0","0","1","0","0","0","0","0","0","0","0","0","1","0","0","0","0","0","0","1","0","0","0","0","0","0","0","0","0","0","0","0","0","9","0","39.9799","-75.1674","","CRASH_2001_Philadelphia"
"2001233308","06","67","67301","67301","2001","03","5","0840","08","1","2","1","8","1","","","N","01","2","00","3","0","2","2","2","N","N","40 03:12.600","75 10:40.800","9999","","9999","","0","","N","","3 ","","","","","","","","","","1","0","0","0","0","0","0","0","0","0","0","1","1","0","1","0","0","0","0","0","0","0","0","0","0","0","0","0","0","0","0","0","1","0","0","4","0","40.0536","-75.178","","CRASH_2001_Philadelphia"
"2001238171","06","67","67301","67301","2001","04","4","2114","21","3","1","0","4","1","","","N","01","2","07","3","0","5","5","2","N","N","40 00:46.800","75 07:09.840","9999","","9999","","0","","N","","3 ","","","","","","","","","","2","2","0","0","0","0","0","0","0","0","1","4","5","0","0","0","0","0","0","1","0","0","0","0","0","0","0","0","0","0","0","0","0","0","0","3","0","40.013","-75.1194","","CRASH_2001_Philadelphia"
"2001236847","06","67","67301","67301","2001","04","7","1546","15","1","1","0","4","1","","","N","01","3","00","3","0","2","5","2","N","N","39 58:57.885","75 06:40.168","9999","","9999","","0","","N","","3 ","","","","","","","","","","2","2","0","0","0","0","0","0","0","0","0","1","1","0","1","0","1","0","0","0","1","0","0","4","0","0","0","0","0","0","0","0","0","0","0","4","0","39.9827","-75.1112","","CRASH_2001_Philadelphia"
"2001266630","06","67","67301","67301","2001","08","2","1710","17","1","1","0","7","5","","","N","00","0","07","3","0","2","2","1","N","N","","","9999","","9999","","0","","N","","0 ","","","","","","","","","","1","0","0","0","0","0","1","0","0","0","0","1","1","0","1","0","1","0","0","0","0","0","0","0","0","0","0","0","0","0","0","0","0","0","0","4","0","","","","CRASH_2001_Philadelphia"
"2001248736","06","67","67301","67301","2001","05","1","1400","14","1","1","0","8","1","","","N","00","0","00","3","0","1","2","2","N","N","","","9999","","9999","","0","","N","","0 ","","","","","","","","","","1","1","0","0","0","0","0","0","0","0","0","1","1","0","0","0","0","0","0","0","0","0","0","0","0","0","0","0","0","0","0","0","1","0","0","4","0","","","","CRASH_2001_Philadelphia"
"2001265479","06","67","67301","67301","2001","07","2","1053","10","1","1","0","4","1","","","N","02","2","00","3","0","2","3","3","N","N","39 59:07.440","75 15:30.600","9999","","9999","","0","","N","","3 ","","","","","","","","","","3","2","0","0","0","0","0","1","0","0","0","1","1","0","1","0","0","1","0","0","1","0","0","0","0","0","0","0","0","0","0","0","0","0","0","4","0","39.9855","-75.2585","","CRASH_2001_Philadelphia"
"2001240311","06","67","67301","67301","2001","04","2","1450","14","1","1","0","4","1","","","N","01","2","00","3","0","0","4","2","N","N","40 07:08.040","75 01:04.800","9999","","9999","","0","","N","","3 ","","","","","","","","","","2","2","0","0","0","0","0","0","0","0","0","0","0","0","0","0","0","0","0","0","2","0","0","0","0","0","0","0","0","0","0","0","0","0","0","0","0","40.1189","-75.018","","CRASH_2001_Philadelphia"
"2001243517","06","67","67301","67301","2001","04","7","2015","20","3","1","0","4","1","","","N","01","2","00","3","0","1","2","2","N","N","","","9999","","9999","","0","","N","","3 ","","","","","","","","","","1","1","0","0","0","0","0","0","1","0","0","1","1","0","0","0","0","0","0","0","0","0","0","0","0","0","0","0","0","0","0","0","0","0","0","4","0","","","","CRASH_2001_Philadelphia"
"2001237056","06","67","67301","67301","2001","04","4","1015","10","1","1","0","1","1","","","N","00","0","07","3","0","3","4","3","N","N","40 02:20.400","75 09:01.080","9999","","9999","","0","","N","","0 ","","","","","","","","","","3","3","0","0","0","0","0","0","0","0","0","3","3","0","0","0","1","1","0","0","1","0","0","0","0","0","0","0","0","0","0","0","0","0","0","4","0","40.039","-75.1502","","CRASH_2001_Philadelphia"
"2001243079","06","67","67301","67301","2001","05","2","0724","07","1","1","0","8","1","","","N","00","0","00","3","0","1","2","2","N","N","","","9999","","9999","","0","","N","","0 ","","","","","","","","","","1","0","0","0","0","0","1","0","0","0","0","1","1","0","0","0","0","0","0","0","0","0","0","0","0","0","0","0","0","0","0","0","1","0","0","4","0","","","","CRASH_2001_Philadelphia"
"2002001067","06","67","67301","67301","2001","05","2","1545","15","1","1","1","8","1","","","N","05","2","00","3","0","1","2","2","N","N","40 04:07.000","75 09:24.425","1545","","1545","","0","","N","","3 ","","","","","","","","","","1","1","0","0","0","0","0","0","0","0","0","1","1","0","0","0","0","0","0","0","1","0","0","0","0","0","0","0","0","0","0","0","1","0","0","4","0","40.0687","-75.1568","","CRASH_2001_Philadelphia"
"2002012190","06","67","67301","67301","2001","07","5","0255","02","3","1","0","7","4","","","N","02","0","00","3","0","0","1","1","N","N","40 06:26.779","75 01:41.076","0420","","0420","","0","","N","","0 ","","","","","","","","","","1","1","0","0","0","0","0","0","0","0","0","0","0","0","0","0","0","1","0","0","0","0","0","1","0","0","0","0","0","0","0","0","0","0","0","0","0","40.1074","-75.0282","","CRASH_2001_Philadelphia"
"2002017682","06","67","67301","67301","2001","08","6","1840","18","1","1","0","4","1","","","N","02","0","00","3","0","1","2","2","N","N","40 02:33.000","75 03:05.000","1903","","1853","","0","","N","","0 ","","","","","","","","","","1","1","0","0","0","0","0","0","0","0","0","1","1","0","0","0","0","0","0","0","0","0","0","0","0","0","0","0","0","0","0","0","0","0","0","4","0","40.0428","-75.0515","","CRASH_2001_Philadelphia"
"2001233524","06","67","67301","67301","2001","04","1","1246","12","1","9","0","5","1","8","8","Y","00","0","02","3","0","1","6","2","N","N","39 57:18.360","75 08:29.040","9999","99","9999","","0","","N","","0 ","","U","","","U","","","","","2","2","0","0","0","0","0","0","0","0","0","0","0","0","1","0","0","0","0","0","1","0","0","0","0","0","0","0","0","0","0","0","0","0","0","9","0","39.9561","-75.1421","","CRASH_2001_Philadelphia"
"2001238865","06","67","67301","67301","2001","04","3","0106","01","3","1","0","4","1","","","N","01","2","00","3","0","3","3","2","N","N","40 00:49.320","75 03:21.960","9999","","9999","","0","","N","","3 ","","","","","","","","","","2","1","0","0","0","0","0","1","0","0","0","3","3","0","0","0","0","0","0","0","0","0","0","0","0","0","0","0","0","0","0","0","0","0","0","4","0","40.0139","-75.0556","","CRASH_2001_Philadelphia"
"2001248808","06","67","67301","67301","2001","05","5","1250","12","1","1","0","9","1","","","N","00","0","00","3","0","2","2","3","N","N","","","9999","","9999","","0","","N","","0 ","","","","","","","","","","3","1","0","0","0","0","0","0","0","0","0","2","2","0","0","0","0","0","0","0","0","0","0","2","0","0","0","0","0","0","0","0","0","0","0","4","0","","","","CRASH_2001_Philadelphia"
"2001401410","06","67","67301","67301","2001","07","1","0802","08","1","1","0","1","1","","","N","00","0","00","3","1","1","3","2","N","N","39 55:44.760","75 08:46.680","9999","","9999","","0","","N","9","0 ","","","","","","","","","","2","1","0","0","1","0","0","0","0","0","0","1","1","0","0","0","0","0","0","0","2","0","0","2","1","0","0","0","0","0","0","0","0","0","0","1","0","39.9274","-75.1467","8 ","CRASH_2001_Philadelphia"
"2002004057","06","67","67301","67301","2001","06","3","1044","10","1","1","0","5","1","1","4","Y","00","0","00","3","0","1","2","2","N","N","39 53:36.935","75 13:48.744","1054","35","1043","1","2","4","N","","0 ","Y","N","","","U","","","","Y","2","2","0","0","0","0","0","0","0","0","0","1","1","0","1","0","0","0","0","0","0","0","0","0","0","0","0","0","0","0","0","0","0","0","0","4","0","39.8935","-75.2304","","CRASH_2001_Philadelphia"
"2001244876","06","67","67301","67301","2001","05","7","1740","17","1","1","0","8","1","","","N","00","0","00","3","0","1","2","2","N","N","","","9999","","9999","","0","","N","","0 ","","","","","","","","","","1","1","0","0","0","0","0","0","0","0","0","1","1","0","0","0","0","0","0","0","0","0","0","0","0","0","0","0","0","0","0","0","1","0","0","4","0","","","","CRASH_2001_Philadelphia"
"2001400474","06","67","67301","67301","2001","06","4","1809","18","1","1","0","4","1","","","N","01","3","00","3","1","0","2","2","N","N","39 54:12.402","75 09:30.391","9999","","9999","","0","","N","9","3 ","","","","","","","","","","2","1","0","1","0","0","0","0","0","0","0","0","0","0","0","0","0","0","0","0","1","0","0","0","0","0","0","0","0","0","0","0","0","0","0","1","1","39.9034","-75.1584","9 ","CRASH_2001_Philadelphia"
"2001288502","06","67","67301","","2001","10","3","1815","18","1","1","0","1","1","","","N","00","0","00","3","0","2","2","2","N","N","39 56:56.040","75 11:06.000","9999","","9999","","0","","N","","0 ","","","","","","","","","","2","2","0","0","0","0","0","0","0","0","0","0","0","0","2","0","0","0","0","0","0","0","0","0","0","0","0","0","0","0","0","0","0","0","0","9","0","39.9489","-75.185","","CRASH_2001_Philadelphia"
"2001238988","06","67","67301","67301","2001","04","4","1800","18","1","2","1","8","1","","","N","00","0","00","3","0","1","2","2","N","N","39 55:44.760","75 13:13.800","9999","","9999","","0","","N","","0 ","","","","","","","","","","1","1","0","0","0","0","0","0","0","0","0","1","1","0","0","0","0","0","0","0","0","0","0","0","0","0","0","0","0","0","0","0","1","0","0","4","0","39.9291","-75.2205","","CRASH_2001_Philadelphia"
"2001239118","06","67","67301","67301","2001","04","5","0812","08","1","1","0","4","1","","","N","01","2","00","3","0","1","2","2","N","N","","","9999","","9999","","0","","N","","3 ","","","","","","","","","","2","1","0","0","0","0","1","0","0","0","1","0","1","0","0","0","0","0","1","0","0","0","0","0","0","0","0","0","0","0","0","0","0","0","0","3","0","","","","CRASH_2001_Philadelphia"
"2001240140","06","67","67301","67301","2001","04","4","1151","11","1","1","9","4","1","","","N","01","2","00","3","0","1","2","2","N","N","40 06:52.200","74 59:17.160","9999","","9999","","0","","N","","3 ","","","","","","","","","","2","2","0","0","0","0","0","0","0","0","0","1","1","0","0","0","0","0","0","0","0","0","0","0","0","0","0","0","0","0","0","0","0","0","0","4","0","40.1144","-74.9881","","CRASH_2001_Philadelphia"
"2001240942","06","67","67301","67301","2001","04","2","2226","22","3","1","0","2","1","","","N","01","0","00","3","0","1","2","2","N","N","40 02:11.760","75 07:53.400","9999","","9999","","0","","N","","0 ","","","","","","","","","","2","2","0","0","0","0","0","0","0","0","0","1","1","0","0","0","0","0","0","0","0","0","0","0","0","0","0","0","0","0","0","0","0","0","0","4","0","40.0366","-75.1315","","CRASH_2001_Philadelphia"
"2001244684","06","67","67301","67301","2001","03","6","2245","22","3","1","0","9","1","","","N","00","0","00","3","0","0","1","2","N","N","","","9999","","9999","","0","","N","","0 ","","","","","","","","","","2","1","0","0","0","0","0","0","0","0","0","0","0","0","0","0","0","0","0","0","1","0","0","0","0","0","0","0","0","0","0","0","0","0","0","0","0","","","","CRASH_2001_Philadelphia"
"2001244687","06","67","67301","67301","2001","03","7","0149","01","3","2","1","4","1","","","N","01","2","00","3","0","2","2","2","N","N","","","9999","","9999","","0","","N","","3 ","","","","","","","","","","2","2","0","0","0","0","0","0","0","0","2","0","2","0","0","0","0","0","0","0","0","0","0","0","0","0","0","0","0","0","0","0","0","0","0","3","0","","","","CRASH_2001_Philadelphia"
"2001245060","06","67","67301","67301","2001","05","6","0900","09","9","1","0","9","1","","","N","01","3","00","3","0","0","5","4","N","N","40 01:39.432","75 05:46.337","9999","","9999","","0","","N","","3 ","","","","","","","","","","4","2","0","0","0","0","0","0","0","0","0","0","0","0","0","0","0","0","0","0","0","0","0","0","0","0","0","0","0","0","0","0","0","0","0","0","0","40.0276","-75.0962","","CRASH_2001_Philadelphia"
"2001266711","06","67","67301","67301","2001","08","4","1935","19","1","1","0","4","1","","","N","00","0","00","3","0","1","2","2","N","N","","","9999","","9999","","0","","N","","0 ","","","","","","","","","","1","1","0","0","0","0","0","0","1","0","0","0","0","0","1","0","0","1","0","0","0","0","0","0","0","0","0","0","0","0","0","0","0","0","0","9","0","","","","CRASH_2001_Philadelphia"
"2001240887","06","67","67301","67301","2001","04","4","1620","16","1","2","0","8","1","","","N","01","2","00","3","0","1","2","2","N","N","39 57:20.520","75 12:52.560","9999","","9999","","0","","N","","3 ","","","","","","","","","","1","1","0","0","0","0","0","0","0","0","0","1","1","0","0","0","0","0","0","0","0","0","0","0","0","0","0","0","0","0","0","0","1","0","0","4","0","39.9557","-75.2146","","CRASH_2001_Philadelphia"
"2002013105","06","67","67301","67301","2001","12","1","1901","19","3","1","0","4","1","","","N","00","0","06","3","0","4","5","2","N","N","40 02:22.200","75 03:36.720","1906","","1905","","0","","N","","0 ","","","","","","","","","","2","2","0","0","0","0","0","0","0","0","0","4","4","0","0","0","1","0","0","0","0","0","0","0","0","0","0","0","0","0","0","0","0","0","0","4","0","40.0395","-75.0602","","CRASH_2001_Philadelphia"
"2001243614","06","67","67301","67301","2001","04","7","2200","22","3","1","0","8","1","","","N","01","2","00","3","0","1","2","2","N","N","","","9999","","9999","","0","","N","","3 ","","","","","","","","","","1","0","0","0","0","0","0","0","0","0","0","1","1","0","0","0","0","0","0","0","0","0","0","0","0","0","0","0","0","0","0","0","1","0","0","4","0","","","","CRASH_2001_Philadelphia"
"2001244717","06","67","67301","67301","2001","05","7","1715","17","1","1","0","9","1","","","N","00","0","00","3","0","0","2","2","N","N","","","9999","","9999","","0","","N","","0 ","","","","","","","","","","2","1","0","0","0","0","0","0","0","0","0","0","0","0","0","0","0","0","0","0","0","0","0","1","0","0","0","0","0","0","0","0","0","0","0","0","0","","","","CRASH_2001_Philadelphia"
"2002001061","06","67","67301","67301","2001","05","3","1256","12","1","1","1","4","1","","","N","02","3","00","3","0","0","2","2","N","N","39 58:13.263","75 08:08.843","1300","","1257","","0","","N","","3 ","","","","","","","","","","2","2","0","0","0","0","0","0","0","0","0","0","0","0","0","0","0","0","1","0","0","0","0","2","0","0","0","0","0","0","0","0","0","0","0","0","0","39.9704","-75.1358","","CRASH_2001_Philadelphia"