"CRN","DISTRICT","COUNTY","MUNICIPALITY","POLICE_AGCY","CRASH_YEAR","CRASH_MONTH","DAY_OF_WEEK","TIME_OF_DAY","HOUR_OF_DAY","ILLUMINATION","WEATHER","ROAD_CONDITION","COLLISION_TYPE","RELATION_TO_ROAD","WORK_ZONE_TYPE","WORK_ZONE_LOC","WORK_ZONE_IND","INTERSECT_TYPE","TCD_TYPE","LOCATION_TYPE","URBAN_RURAL","FATAL_COUNT","INJURY_COUNT","PERSON_COUNT","TOTAL_UNITS","SCH_BUS_IND","SCH_ZONE_IND","LATITUDE","LONGITUDE","ARRIVAL_TM","CONS_ZONE_SPD_LIM","DISPATCH_TM","EST_HRS_CLOSED","LANE_CLOSED","LN_CLOSE_DIR","NTFY_HIWY_MAINT","SPEC_JURIS_CD","TCD_FUNC_CD","TFC_DETOUR_IND","WORKERS_PRES","WZ_CLOSE_DETOUR","WZ_FLAGGER","WZ_LAW_OFFCR_IND","WZ_LN_CLOSURE","WZ_MOVING","WZ_OTHER","WZ_SHLDER_MDN","VEHICLE_COUNT","AUTOMOBILE_COUNT","MOTORCYCLE_COUNT","BUS_COUNT","SMALL_TRUCK_COUNT","HEAVY_TRUCK_COUNT","SUV_COUNT","VAN_COUNT","BICYCLE_COUNT","MAJ_INJ_COUNT","MOD_INJ_COUNT","MIN_INJ_COUNT","TOT_INJ_COUNT","UNK_INJ_DEG_COUNT","UNK_INJ_PER_COUNT","DRIVER_COUNT_16YR","DRIVER_COUNT_17YR","DRIVER_COUNT_18YR","DRIVER_COUNT_19YR","DRIVER_COUNT_20YR","DRIVER_COUNT_50_64YR","DRIVER_COUNT_65_74YR","DRIVER_COUNT_75PLUS","UNBELTED_OCC_COUNT","UNB_DEATH_COUNT","UNB_MAJ_INJ_COUNT","BELTED_DEATH_COUNT","BELTED_MAJ_INJ_COUNT","MCYCLE_DEATH_COUNT","MCYCLE_MAJ_INJ_COUNT","BICYCLE_DEATH_COUNT","BICYCLE_MAJ_INJ_COUNT","PED_COUNT","PED_DEATH_COUNT","PED_MAJ_INJ_COUNT","MAX_SEVERITY_LEVEL","COMM_VEH_COUNT","DEC_LAT","DEC_LONG","RDWY_SURF_TYPE_CD","COUNTY_YEAR"
"2002017564","06","67","67301","67301","2001","08","4","","","1","1","0","2","1","","","N","01","2","00","3","0","0","4","2","N","N","39 59:37.535","75 09:11.805","1400","","1410","","0","","N","","3 ","","","","","","","","","","2","2","0","0","0","0","0","0","0","0","0","0","0","0","0","0","0","0","0","0","0","0","0","0","0","0","0","0","0","0","0","0","0","0","0","0","0","39.9937","-75.1523","","CRASH_2001_Philadelphia"
"2001244714","06","67","67301","67301","2001","05","6","1514","15","1","1","0","4","1","","","N","01","3","00","3","0","1","4","2","N","N","40 02:06.162","75 07:54.659","9999","","9999","","0","","N","","3 ","","","","","","","","","","2","2","0","0","0","0","0","0","0","0","0","1","1","0","0","0","0","0","0","0","0","0","0","0","0","0","0","0","0","0","0","0","0","0","0","4","0","40.035","-75.1318","","CRASH_2001_Philadelphia"
"2001249655","06","67","67301","67301","2001","05","7","1355","13","1","1","0","8","1","","","N","00","0","00","3","0","1","2","2","N","N","","","9999","","9999","","0","","N","","0 ","","","","","","","","","","1","1","0","0","0","0","0","0","0","0","0","1","1","0","0","0","0","0","0","0","0","0","0","0","0","0","0","0","0","0","0","0","1","0","0","4","0","","","","CRASH_2001_Philadelphia"
"2001244677","06","67","67301","67301","2001","05","5","1810","18","1","1","0","4","1","","","N","01","3","00","3","0","1","2","2","N","N","","","9999","","9999","","0","","N","","3 ","","","","","","","","","","1","1","0","0","0","0","0","0","1","0","0","1","1","0","0","0","0","0","0","0","0","0","0","0","0","0","0","0","0","0","0","0","0","0","0","4","0","","","","CRASH_2001_Philadelphia"
"2001244844","06","67","67301","67301","2001","05","7","0215","02","3","1","0","1","1","","","N","02","2","00","3","0","4","4","2","N","N","40 02:04.560","75 02:41.640","9999","","9999","","0","","N","","3 ","","","","","","","","","","2","2","0","0","0","0","0","0","0","1","0","3","4","0","0","0","0","0","0","0","0","0","0","0","0","0","0","0","0","0","0","0","0","0","0","2","0","40.0346","-75.0449","","CRASH_2001_Philadelphia"
"2001239019","06","67","67301","67301","2001","04","4","0830","08","1","2","1","8","1","","","N","01","3","00","3","0","1","2","2","N","N","40 03:08.280","75 09:06.120","9999","","9999","","0","","N","","3 ","","","","","","","","","","1","0","0","0","0","0","0","0","0","0","0","0","0","0","1","0","0","0","0","0","0","0","0","0","0","0","0","0","0","0","0","0","1","0","0","9","0","40.0523","-75.1517","","CRASH_2001_Philadelphia"
"2001243559","06","67","67301","67301","2001","05","1","1004","10","1","1","0","9","1","","","N","00","0","00","3","0","1","2","2","N","N","","","9999","","9999","","0","","N","","0 ","","","","","","","","","","2","1","0","0","0","0","0","0","0","0","0","0","0","0","1","0","0","0","0","0","0","0","0","0","0","0","0","0","0","0","0","0","0","0","0","9","0","","","","CRASH_2001_Philadelphia"
"2001244920","06","67","67301","67301","2001","05","5","1629","16","1","1","0","9","1","","","N","02","3","00","3","0","1","1","2","N","N","40 04:14.901","75 11:55.093","9999","","9999","","0","","N","","3 ","","","","","","","","","","2","1","0","0","0","0","0","0","0","0","0","0","0","0","1","0","0","0","0","0","0","1","0","0","0","0","0","0","0","0","0","0","0","0","0","9","0","40.0708","-75.1986","","CRASH_2001_Philadelphia"
"2001215482","06","67","67301","67301","2001","03","7","0328","03","3","1","0","1","1","","","N","05","2","00","3","0","0","4","2","N","N","39 57:51.120","75 10:34.680","9999","","9999","","0","","N","","3 ","","","","","","","","","","2","1","0","0","0","0","1","0","0","0","0","0","0","0","0","0","0","0","0","1","0","0","0","0","0","0","0","0","0","0","0","0","0","0","0","0","0","39.9643","-75.1763","","CRASH_2001_Philadelphia"
"2001238254","06","67","67301","67301","2001","04","2","2331","23","3","1","0","7","5","","","N","00","0","00","3","0","1","1","1","N","N","","","9999","","9999","","0","","N","","0 ","","","","","","","","","","1","1","0","0","0","0","0","0","0","0","1","0","1","0","0","0","0","0","0","0","0","0","0","0","0","0","0","0","0","0","0","0","0","0","0","3","0","","","","CRASH_2001_Philadelphia"
"2001243453","06","67","67301","67301","2001","04","1","0228","02","3","1","0","7","5","","","N","00","0","00","3","0","1","2","2","N","N","39 57:50.760","75 11:04.200","9999","","9999","","0","","N","","0 ","","","","","","","","","","2","1","0","0","0","0","1","0","0","0","0","0","0","0","1","0","0","0","0","0","0","0","0","1","0","0","0","0","0","0","0","0","0","0","0","9","0","39.9641","-75.1844","","CRASH_2001_Philadelphia"
"2001243690","06","67","67301","67301","2001","05","1","0215","02","3","1","0","4","1","","","N","01","2","00","3","0","0","3","2","N","N","39 56:50.280","75 08:52.800","9999","","9999","","0","","N","","3 ","","","","","","","","","","2","2","0","0","0","0","0","0","0","0","0","0","0","0","0","0","0","0","0","0","0","0","0","0","0","0","0","0","0","0","0","0","0","0","0","0","0","39.9473","-75.148","","CRASH_2001_Philadelphia"
"2001248788","06","67","67301","67301","2001","05","1","1535","15","1","1","0","4","1","","","N","01","2","00","3","0","1","6","3","N","N","40 02:30.120","75 11:31.920","9999","","9999","","0","","N","","3 ","","","","","","","","","","3","3","0","0","0","0","0","0","0","0","0","0","0","0","1","0","0","0","0","0","0","0","0","0","0","0","0","0","0","0","0","0","0","0","0","9","0","40.0419","-75.1922","","CRASH_2001_Philadelphia"
"2001268099","06","67","67301","67301","2001","09","7","1849","18","1","1","0","1","1","","","N","00","0","00","3","0","0","2","2","N","N","","","9999","","9999","","0","","N","","0 ","","","","","","","","","","2","1","0","0","0","0","1","0","0","0","0","0","0","0","0","0","1","0","0","0","0","0","0","0","0","0","0","0","0","0","0","0","0","0","0","0","0","","","","CRASH_2001_Philadelphia"
"2001019616","06","67","67301","67301","2001","05","4","2010","20","3","1","0","4","1","","","N","00","0","00","3","0","2","6","2","N","N","","","2023","","2023","","0","","N","","0 ","","","","","","","","","","2","2","0","0","0","0","0","0","0","0","0","2","2","0","0","0","0","0","1","0","0","0","0","0","0","0","0","0","0","0","0","0","0","0","0","4","0","","","","CRASH_2001_Philadelphia"
"2001240172","06","67","67301","67301","2001","04","1","2240","22","2","2","1","1","1","","","N","00","0","00","3","0","1","3","2","N","N","","","9999","","9999","","0","","N","","0 ","","","","","","","","","","2","0","0","0","1","0","0","1","0","0","0","0","0","0","1","0","0","0","0","0","1","0","0","0","0","0","0","0","0","0","0","0","0","0","0","9","0","","","","CRASH_2001_Philadelphia"
"2001244636","06","67","67301","67301","2001","05","1","2205","22","3","1","0","4","1","","","N","01","3","00","3","0","0","2","2","N","N","","","9999","","9999","","0","","N","","3 ","","","","","","","","","","2","2","0","0","0","0","0","0","0","0","0","0","0","0","0","0","0","0","0","0","0","0","0","0","0","0","0","0","0","0","0","0","0","0","0","0","0","","","","CRASH_2001_Philadelphia"
"2001288320","06","67","67301","","2001","08","3","2145","21","9","9","9","9","1","","","N","01","9","00","3","0","0","1","2","N","N","39 59:31.720","75 05:57.418","9999","","9999","","0","","N","","9 ","","","","","","","","","","2","0","0","0","0","0","0","0","0","0","0","0","0","0","0","0","0","0","0","0","0","0","0","0","0","0","0","0","0","0","0","0","0","0","0","0","0","39.9921","-75.0993","","CRASH_2001_Philadelphia"
"2001007237","06","67","67301","67301","2001","06","3","1231","12","1","1","0","1","1","","","N","00","0","00","3","0","2","4","3","N","N","39 57:15.870","75 10:16.317","1240","","1234","","0","","N","","0 ","","","","","","","","","","3","2","0","0","1","0","0","0","0","0","0","2","2","0","0","0","0","0","0","0","0","0","0","1","0","0","0","0","0","0","0","0","0","0","0","4","0","39.9544","-75.1713","","CRASH_2001_Philadelphia"
"2001017686","06","67","67301","67301","2001","05","7","1924","19","4","1","0","4","1","","","N","01","3","00","3","0","3","3","2","N","Y","40 01:46.725","75 08:19.658","1926","","1924","1","9","4","N","","9 ","Y","","","","","","","","","2","2","0","0","0","0","0","0","0","0","0","3","3","0","0","0","0","0","1","0","0","0","0","0","0","0","0","0","0","0","0","0","0","0","0","4","0","40.0296","-75.1388","","CRASH_2001_Philadelphia"
"2002010447","06","67","67301","67301","2001","06","2","1600","16","2","1","0","4","1","","","N","01","2","00","3","0","2","4","2","N","N","40 02:39.120","75 09:45.720","1607","","1605","","0","","N","","3 ","","","","","","","","","","2","1","0","0","1","0","0","0","0","0","0","2","2","0","0","0","0","0","0","0","0","0","0","0","0","0","0","0","0","0","0","0","0","0","0","4","0","40.0442","-75.1627","","CRASH_2001_Philadelphia"
"2002010742","06","67","67301","67301","2001","06","4","1230","12","1","1","0","1","1","","","N","01","2","00","3","0","1","3","3","N","N","39 55:18.913","75 10:13.220","1240","","1234","","0","","N","","3 ","","","","","","","","","","3","3","0","0","0","0","0","0","0","0","0","1","1","0","0","0","0","0","0","0","0","1","0","0","0","0","0","0","0","0","0","0","0","0","0","4","0","39.9219","-75.1703","","CRASH_2001_Philadelphia"
"2002012158","06","67","67301","67301","2001","07","7","1140","11","1","1","0","1","1","","","N","01","2","00","3","0","3","10","3","N","N","39 55:18.986","75 09:03.657","1148","","1144","","0","","N","","3 ","","","","","","","","","","3","3","0","0","0","0","0","0","0","0","1","2","3","0","0","0","0","0","0","0","1","0","0","0","0","0","0","0","0","0","0","0","0","0","0","3","0","39.922","-75.151","","CRASH_2001_Philadelphia"
"2002017570","06","67","67301","67301","2001","08","5","1311","13","1","1","0","1","1","","","N","00","0","00","3","0","1","2","2","N","N","39 57:35.280","75 10:38.640","1315","","1311","1","1","4","N","","0 ","N","","","","","","","","","2","2","0","0","0","0","0","0","0","0","0","1","1","0","0","0","0","0","1","0","0","0","0","0","0","0","0","0","0","0","0","0","0","0","0","4","0","39.9598","-75.1774","","CRASH_2001_Philadelphia"
"2002017586","06","67","67301","67301","2001","08","6","0532","05","5","1","8","4","1","","","N","10","0","99","3","0","1","2","2","N","N","39 58:44.280","75 05:51.535","0536","","0533","","0","","N","","0 ","","","","","","","","","","2","1","0","0","1","0","0","0","0","0","0","1","1","0","0","0","0","0","0","0","0","0","0","0","0","0","0","0","0","0","0","0","0","0","0","4","0","39.979","-75.0976","","CRASH_2001_Philadelphia"
"2002017788","06","67","67301","67301","2001","08","2","1004","10","1","1","0","1","1","","","N","02","3","02","3","0","1","2","2","N","N","39 59:40.892","75 04:43.484","1009","","9999","","0","","N","","3 ","","","","","","","","","","2","1","0","0","0","1","0","0","0","0","0","1","1","0","0","0","0","0","0","0","0","0","0","0","0","0","0","0","0","0","0","0","0","0","0","4","1","39.9946","-75.0788","","CRASH_2001_Philadelphia"
"2002024035","06","67","67301","67301","2001","07","5","1518","15","1","1","0","4","1","","","N","01","3","00","3","0","1","2","2","N","N","40 03:18.330","75 10:36.013","1500","","1525","","0","","N","","3 ","","","","","","","","","","2","2","0","0","0","0","0","0","0","0","0","1","1","0","0","0","0","0","0","0","1","0","0","0","0","0","0","0","0","0","0","0","0","0","0","4","0","40.0551","-75.1766","","CRASH_2001_Philadelphia"
"2001244723","06","67","67301","67301","2001","05","7","9999","99","3","1","0","1","1","","","N","06","9","02","3","0","1","2","2","N","N","39 56:54.240","75 11:08.880","9999","","9999","","0","","N","","9 ","","","","","","","","","","2","1","0","0","0","0","1","0","0","0","0","0","0","0","1","0","0","0","0","0","0","0","0","0","0","0","0","0","0","0","0","0","0","0","0","9","0","39.9484","-75.1858","","CRASH_2001_Philadelphia"
"2001207606","06","67","67301","67301","2001","01","1","1420","14","1","1","0","6","1","","","N","01","2","00","3","0","3","3","2","N","N","","","9999","","9999","","0","","N","","3 ","","","","","","","","","","2","1","0","0","0","0","1","0","0","0","1","0","1","0","2","0","0","0","0","0","0","0","0","0","0","0","0","0","0","0","0","0","0","0","0","3","0","","","","CRASH_2001_Philadelphia"
"2001400195","06","67","67301","67301","2001","03","3","2200","22","3","1","0","8","1","","","N","00","0","00","3","1","0","2","2","N","N","40 01:26.040","75 07:53.040","9999","","9999","","0","","N","9","0 ","","","","","","","","","","1","1","0","0","0","0","0","0","0","0","0","0","0","0","0","0","0","0","0","0","0","0","0","0","0","0","0","0","0","0","0","0","1","1","0","1","0","40.0239","-75.1315","2 ","CRASH_2001_Philadelphia"
"2001239109","06","67","67301","67301","2001","04","5","1045","10","1","1","0","4","1","","","N","10","3","00","3","0","1","2","2","N","N","40 03:22.965","75 01:42.095","9999","","9999","","0","","N","","3 ","","","","","","","","","","2","1","0","0","0","1","0","0","0","0","0","0","0","0","1","0","0","0","0","0","1","0","0","0","0","0","0","0","0","0","0","0","0","0","0","9","0","40.0564","-75.0284","","CRASH_2001_Philadelphia"
"2001240252","06","67","67301","67301","2001","04","2","1549","15","1","1","0","4","1","","","N","01","2","00","3","0","1","3","2","N","N","39 58:00.840","75 13:47.640","9999","","9999","","0","","N","","3 ","","","","","","","","","","2","1","0","0","0","0","0","1","0","0","0","0","0","0","1","0","0","0","0","0","0","1","0","0","0","0","0","0","0","0","0","0","0","0","0","9","0","39.9669","-75.2299","","CRASH_2001_Philadelphia"
"2001243512","06","67","67301","67301","2001","04","6","1430","14","1","1","0","4","1","","","N","01","2","00","3","0","0","2","2","N","N","","","9999","","9999","","0","","N","","3 ","","","","","","","","","","2","2","0","0","0","0","0","0","0","0","0","0","0","0","0","0","0","0","0","0","0","0","0","0","0","0","0","0","0","0","0","0","0","0","0","0","0","","","","CRASH_2001_Philadelphia"
"2001244843","06","67","67301","67301","2001","05","5","1335","13","1","1","0","1","1","","","N","00","0","00","3","0","1","5","5","N","N","40 00:32.760","75 04:05.160","9999","","9999","","0","","N","","0 ","","","","","","","","","","5","3","0","0","2","0","0","0","0","0","0","1","1","0","0","0","0","0","0","0","2","0","0","0","0","0","0","0","0","0","0","0","0","0","0","4","0","40.0091","-75.0679","","CRASH_2001_Philadelphia"
"2001283775","06","67","67301","67301","2001","04","2","0043","00","3","5","0","7","1","","","N","00","0","00","3","0","2","2","1","N","N","39 56:15.000","75 14:01.680","9999","","9999","","0","","N","","0 ","","","","","","","","","","1","1","0","0","0","0","0","0","0","1","0","1","2","0","0","0","0","0","0","0","0","0","0","0","0","0","0","0","0","0","0","0","0","0","0","2","0","39.9375","-75.2339","","CRASH_2001_Philadelphia"
"2002012112","06","67","67301","67301","2001","07","5","0633","06","1","1","0","5","4","","","N","00","0","00","3","0","0","1","4","N","N","39 58:28.200","75 12:00.000","0641","","0636","","0","","N","","0 ","","","","","","","","","","4","3","0","0","1","0","0","0","0","0","0","0","0","0","0","0","0","0","0","0","0","0","0","0","0","0","0","0","0","0","0","0","0","0","0","0","0","39.9745","-75.2002","","CRASH_2001_Philadelphia"
"2001244849","06","67","67301","67301","2001","05","6","2240","22","3","1","0","4","1","","","N","01","2","00","3","0","1","2","2","N","N","40 02:40.560","75 03:16.920","9999","","9999","","0","","N","","3 ","","","","","","","","","","2","2","0","0","0","0","0","0","0","0","0","1","1","0","0","0","0","0","0","1","0","0","0","1","0","0","0","0","0","0","0","0","0","0","0","4","0","40.0447","-75.0546","","CRASH_2001_Philadelphia"
"2001240072","06","67","67301","67301","2001","04","6","0743","07","1","1","0","4","1","","","N","01","3","00","3","0","2","4","2","N","N","40 02:30.166","75 04:16.366","9999","","9999","","0","","N","","3 ","","","","","","","","","","2","2","0","0","0","0","0","0","0","0","0","0","0","0","2","0","0","0","0","0","0","0","0","0","0","0","0","0","0","0","0","0","0","0","0","9","0","40.0417","-75.0712","","CRASH_2001_Philadelphia"
"2001286471","06","67","67301","67301","2001","03","2","1352","13","1","1","0","8","1","","","N","05","2","00","3","0","1","2","2","N","N","","","9999","","9999","","0","","N","","3 ","","","","","","","","","","1","1","0","0","0","0","0","0","0","0","0","0","0","0","1","0","0","0","1","0","0","0","0","0","0","0","0","0","0","0","0","0","1","0","0","9","0","","","","CRASH_2001_Philadelphia"
"2002012673","06","67","67301","67301","2001","07","3","1653","16","1","2","1","7","5","","","N","00","0","00","3","0","1","1","1","N","N","39 59:03.255","75 05:56.759","1705","","1701","","0","","N","","0 ","","","","","","","","","","1","1","0","0","0","0","0","0","0","0","0","1","1","0","0","0","0","0","0","0","0","0","1","0","0","0","0","0","0","0","0","0","0","0","0","4","0","39.9842","-75.0991","","CRASH_2001_Philadelphia"
"2002017518","06","67","67301","67301","2001","08","5","1356","13","1","1","0","6","1","","","N","01","2","00","3","0","1","2","2","N","N","39 58:08.133","75 14:14.353","1400","","1357","","0","","N","","3 ","","","","","","","","","","2","2","0","0","0","0","0","0","0","0","0","1","1","0","0","0","0","0","0","0","0","0","1","0","0","0","0","0","0","0","0","0","0","0","0","4","0","39.9684","-75.2353","","CRASH_2001_Philadelphia"
"2002031104","06","67","67301","67301","2001","09","1","1716","17","4","2","1","4","1","","","N","00","0","00","3","0","2","2","2","N","N","","","1725","","1720","","0","","Y","","0 ","","","","","","","","","","2","2","0","0","0","0","0","0","0","0","0","2","2","0","0","0","0","0","0","0","0","0","0","0","0","0","0","0","0","0","0","0","0","0","0","4","0","","","","CRASH_2001_Philadelphia"
"2001288596","06","67","67301","","2001","11","6","0300","03","3","1","0","1","1","","","N","00","0","00","3","0","2","2","2","N","N","","","9999","","9999","","0","","N","","0 ","","","","","","","","","","2","1","0","0","0","0","0","0","0","0","0","0","0","0","2","0","0","0","0","0","0","0","0","0","0","0","0","0","0","0","0","0","0","0","0","9","0","","","","CRASH_2001_Philadelphia"
"2001401002","06","67","67301","67301","2001","10","1","0525","05","3","1","0","8","1","","","N","00","0","00","3","1","0","2","2","N","N","39 58:44.040","75 07:06.960","9999","","9999","","0","","N","9","0 ","","","","","","","","","","1","1","0","0","0","0","0","0","0","0","0","0","0","0","0","0","0","0","0","0","0","0","0","0","0","0","0","0","0","0","0","0","1","1","0","1","0","39.9782","-75.119","2 ","CRASH_2001_Philadelphia"
"2002014542","06","67","67301","67301","2001","07","4","0657","06","4","2","1","7","4","","","N","02","0","00","3","0","0","1","1","N","N","39 58:31.063","75 10:05.938","0735","","0729","","0","","Y","","0 ","","","","","","","","","","1","1","0","0","0","0","0","0","0","0","0","0","0","0","1","0","0","0","0","0","0","0","0","0","0","0","0","0","0","0","0","0","0","0","0","9","0","39.9753","-75.1683","","CRASH_2001_Philadelphia"
"2001238949","06","67","67301","67301","2001","04","6","1440","14","1","1","0","1","1","","","N","00","0","00","3","0","1","4","3","N","N","39 59:58.200","75 09:11.880","9999","","9999","","0","","N","","0 ","","","","","","","","","","3","3","0","0","0","0","0","0","0","0","0","1","1","0","0","0","0","0","0","0","1","0","0","0","0","0","0","0","0","0","0","0","0","0","0","4","0","39.9994","-75.1533","","CRASH_2001_Philadelphia"
"2001244674","06","67","67301","67301","2001","05","7","1810","18","1","1","0","8","1","","","N","00","0","00","3","0","1","4","2","N","N","","","9999","","9999","","0","","N","","0 ","","","","","","","","","","1","1","0","0","0","0","0","0","0","0","1","0","1","0","0","0","0","0","0","0","0","0","0","0","0","0","0","0","0","0","0","0","1","0","0","3","0","","","","CRASH_2001_Philadelphia"
"2001233042","06","67","67301","67301","2001","04","7","1834","18","1","1","0","4","1","","","N","01","2","00","3","0","1","2","2","N","N","39 57:06.840","75 10:18.480","9999","","9999","","0","","N","","3 ","","","","","","","","","","1","1","0","0","0","0","0","0","1","0","0","1","1","0","0","0","0","0","0","0","0","0","0","0","0","0","0","0","0","0","0","0","0","0","0","4","0","39.9518","-75.1718","","CRASH_2001_Philadelphia"
"2001400336","06","67","67301","67301","2001","04","4","0724","07","1","1","0","7","1","","","N","00","0","00","3","1","0","1","1","N","N","40 05:49.200","74 59:01.320","9999","","9999","","0","","N","9","0 ","","","","","","","","","","1","0","0","0","0","0","1","0","0","0","0","0","0","0","0","0","0","0","0","0","0","0","0","1","1","0","0","0","0","0","0","0","0","0","0","1","0","40.0969","-74.9839","1 ","CRASH_2001_Philadelphia"
"2002016745","06","67","67301","67301","2001","07","6","1855","18","1","1","0","7","2","","","N","01","2","00","3","0","1","1","1","N","N","39 58:42.735","75 12:48.755","1908","","1857","","0","","N","","3 ","","","","","","","","","","1","0","1","0","0","0","0","0","0","0","0","1","1","0","0","0","0","0","0","0","0","0","0","0","0","0","0","0","0","0","0","0","0","0","0","4","0","39.9785","-75.2137","","CRASH_2001_Philadelphia"
"2001233080","06","67","67301","67301","2001","04","4","0845","08","1","1","0","4","1","","","N","01","2","00","3","0","1","2","2","N","N","40 02:07.080","75 04:12.720","9999","","9999","","0","","N","","3 ","","","","","","","","","","2","1","0","0","0","1","0","0","0","0","0","1","1","0","0","0","0","0","0","0","0","0","0","1","0","0","0","0","0","0","0","0","0","0","0","4","0","40.035","-75.0693","","CRASH_2001_Philadelphia"
"2001234142","06","67","67301","67501","2001","03","6","1434","14","1","1","0","1","1","","","N","00","0","03","3","0","2","3","2","N","N","","","9999","","9999","","0","","N","","0 ","","","","","","","","","","2","1","0","0","0","1","0","0","0","1","1","0","2","0","0","0","0","0","0","0","1","0","0","2","0","1","0","0","0","0","0","0","0","0","0","2","1","","","","CRASH_2001_Philadelphia"
"2001238105","06","67","67301","67301","2001","04","3","1310","13","1","1","0","4","1","","","N","01","3","00","3","0","1","6","4","N","N","","","9999","","9999","","0","","N","","3 ","","","","","","","","","","4","2","0","0","0","0","0","0","0","0","0","0","0","0","1","0","0","0","0","0","0","0","0","4","0","0","0","0","0","0","0","0","0","0","0","9","0","","","","CRASH_2001_Philadelphia"
"2001238387","06","67","67301","67301","2001","04","6","1415","14","1","1","0","7","1","","","N","00","0","00","3","0","1","1","1","N","N","39 53:56.760","75 10:27.120","9999","","9999","","0","","N","","0 ","","","","","","","","","","1","1","0","0","0","0","0","0","0","0","0","1","1","0","0","0","0","0","0","0","1","0","0","0","0","0","0","0","0","0","0","0","0","0","0","4","0","39.8988","-75.1716","","CRASH_2001_Philadelphia"
"2001245558","06","67","67301","67301","2001","04","7","1042","10","1","1","0","4","1","","","N","01","0","00","3","0","2","3","2","Y","N","39 59:39.789","75 07:48.568","9999","","9999","","0","","N","","0 ","","","","","","","","","","2","1","0","1","0","0","0","0","0","0","0","2","2","0","0","0","0","0","0","0","0","1","0","0","0","0","0","0","0","0","0","0","0","0","0","4","1","39.9944","-75.1302","","CRASH_2001_Philadelphia"
"2002010763","06","67","67301","67301","2001","06","7","1254","12","1","1","0","4","1","","","N","02","2","00","3","0","1","3","2","N","N","40 03:23.760","75 01:51.600","1258","","1254","","0","","Y","","3 ","","","","","","","","","","2","2","0","0","0","0","0","0","0","0","0","1","1","0","0","0","0","0","0","0","0","0","1","0","0","0","0","0","0","0","0","0","0","0","0","4","0","40.0566","-75.0312","","CRASH_2001_Philadelphia"
"2001234539","06","67","67301","67301","2001","03","4","1830","18","4","1","0","4","1","","","N","05","2","00","3","0","2","2","2","N","N","40 00:21.600","75 05:30.840","9999","","9999","","0","","N","","3 ","","","","","","","","","","2","2","0","0","0","0","0","0","0","0","0","2","2","0","0","0","1","0","0","1","0","0","0","0","0","0","0","0","0","0","0","0","0","0","0","4","0","40.006","-75.0919","","CRASH_2001_Philadelphia"
"2001238375","06","67","67301","67301","2001","04","7","1320","13","1","1","0","1","1","","","N","01","2","00","3","0","2","7","3","N","N","39 59:52.800","75 07:31.440","9999","","9999","","0","","N","","3 ","","","","","","","","","","3","3","0","0","0","0","0","0","0","0","0","1","1","0","1","0","0","0","0","0","2","0","0","0","0","0","0","0","0","0","0","0","0","0","0","4","0","39.998","-75.1254","","CRASH_2001_Philadelphia"
"2001207457","06","67","67301","67301","2001","01","4","1441","14","1","9","9","7","5","","","N","00","0","00","3","0","1","1","1","N","N","","","9999","","9999","","0","","N","","0 ","","","","","","","","","","1","1","0","0","0","0","0","0","0","0","0","0","0","0","1","0","0","0","0","0","0","0","0","0","0","0","0","0","0","0","0","0","0","0","0","9","0","","","","CRASH_2001_Philadelphia"
"2001215502","06","67","67301","67301","2001","03","4","1910","19","3","1","0","5","1","","","N","00","0","00","3","0","1","2","2","N","N","","","9999","","9999","","0","","N","","0 ","","","","","","","","","","2","2","0","0","0","0","0","0","0","0","0","1","1","0","0","0","0","0","0","0","0","0","0","0","0","0","0","0","0","0","0","0","0","0","0","4","0","","","","CRASH_2001_Philadelphia"
"2001248748","06","67","67301","67301","2001","05","5","2030","20","3","1","0","1","1","","","N","01","0","00","3","0","2","2","2","N","N","","","9999","","9999","","0","","N","","0 ","","","","","","","","","","2","1","0","0","0","0","0","0","0","0","0","1","1","0","1","0","0","0","0","0","0","0","0","0","0","0","0","0","0","0","0","0","0","0","0","4","0","","","","CRASH_2001_Philadelphia"
"2001238090","06","67","67301","67301","2001","04","3","0345","03","3","1","9","7","5","","","N","00","0","00","3","0","1","1","1","N","N","39 53:29.000","75 14:32.779","9999","","9999","","0","","N","","0 ","","","","","","","","","","1","1","0","0","0","0","0","0","0","0","0","0","1","1","0","0","0","0","1","0","0","0","0","0","0","0","0","0","0","0","0","0","0","0","0","8","0","39.8916","-75.2423","","CRASH_2001_Philadelphia"
"2001243606","06","67","67301","67301","2001","04","7","2058","20","3","1","0","1","1","","","N","00","0","00","3","0","1","2","2","N","N","","","9999","","9999","","0","","N","","0 ","","","","","","","","","","1","1","0","0","0","0","0","0","0","0","0","1","1","0","0","0","0","0","0","0","1","0","0","0","0","0","0","0","0","0","0","0","0","0","0","4","0","","","","CRASH_2001_Philadelphia"
"2002010496","06","67","67301","67301","2001","06","7","0715","07","1","1","0","1","1","","","N","01","2","00","3","0","2","4","3","N","N","39 55:00.000","75 10:16.768","0745","","0730","9","1","1","N","","3 ","Y","","","","","","","","","3","3","0","0","0","0","0","0","0","0","0","2","2","0","0","0","0","0","0","0","0","1","0","0","0","0","0","0","0","0","0","0","0","0","0","4","0","39.9168","-75.1713","","CRASH_2001_Philadelphia"
"2001240171","06","67","67301","67301","2001","04","1","1530","15","1","1","0","7","5","","","N","00","0","00","3","0","2","2","1","N","N","","","9999","","9999","","0","","N","","0 ","","","","","","","","","","1","1","0","0","0","0","0","0","0","0","0","0","0","0","2","0","0","0","0","0","0","0","0","2","0","0","0","0","0","0","0","0","0","0","0","9","0","","","","CRASH_2001_Philadelphia"