"CRN","DISTRICT","COUNTY","MUNICIPALITY","POLICE_AGCY","CRASH_YEAR","CRASH_MONTH","DAY_OF_WEEK","TIME_OF_DAY","HOUR_OF_DAY","ILLUMINATION","WEATHER","ROAD_CONDITION","COLLISION_TYPE","RELATION_TO_ROAD","WORK_ZONE_TYPE","WORK_ZONE_LOC","WORK_ZONE_IND","INTERSECT_TYPE","TCD_TYPE","LOCATION_TYPE","URBAN_RURAL","FATAL_COUNT","INJURY_COUNT","PERSON_COUNT","TOTAL_UNITS","SCH_BUS_IND","SCH_ZONE_IND","LATITUDE","LONGITUDE","ARRIVAL_TM","CONS_ZONE_SPD_LIM","DISPATCH_TM","EST_HRS_CLOSED","LANE_CLOSED","LN_CLOSE_DIR","NTFY_HIWY_MAINT","SPEC_JURIS_CD","TCD_FUNC_CD","TFC_DETOUR_IND","WORKERS_PRES","WZ_CLOSE_DETOUR","WZ_FLAGGER","WZ_LAW_OFFCR_IND","WZ_LN_CLOSURE","WZ_MOVING","WZ_OTHER","WZ_SHLDER_MDN","VEHICLE_COUNT","AUTOMOBILE_COUNT","MOTORCYCLE_COUNT","BUS_COUNT","SMALL_TRUCK_COUNT","HEAVY_TRUCK_COUNT","SUV_COUNT","VAN_COUNT","BICYCLE_COUNT","MAJ_INJ_COUNT","MOD_INJ_COUNT","MIN_INJ_COUNT","TOT_INJ_COUNT","UNK_INJ_DEG_COUNT","UNK_INJ_PER_COUNT","DRIVER_COUNT_16YR","DRIVER_COUNT_17YR","DRIVER_COUNT_18YR","DRIVER_COUNT_19YR","DRIVER_COUNT_20YR","DRIVER_COUNT_50_64YR","DRIVER_COUNT_65_74YR","DRIVER_COUNT_75PLUS","UNBELTED_OCC_COUNT","UNB_DEATH_COUNT","UNB_MAJ_INJ_COUNT","BELTED_DEATH_COUNT","BELTED_MAJ_INJ_COUNT","MCYCLE_DEATH_COUNT","MCYCLE_MAJ_INJ_COUNT","BICYCLE_DEATH_COUNT","BICYCLE_MAJ_INJ_COUNT","PED_COUNT","PED_DEATH_COUNT","PED_MAJ_INJ_COUNT","MAX_SEVERITY_LEVEL","COMM_VEH_COUNT","DEC_LAT","DEC_LONG","RDWY_SURF_TYPE_CD","COUNTY_YEAR"
"2002000467","06","67","67301","67301","2001","06","3","1600","16","1","1","0","4","1","","","N","02","3","00","3","0","1","6","2","N","N","40 01:04.208","75 09:32.910","1620","","1610","","0","","N","","3 ","","","","","","","","","","2","2","0","0","0","0","0","0","0","0","0","1","1","0","0","0","0","1","0","0","0","0","0","0","0","0","0","0","0","0","0","0","0","0","0","4","0","40.0177","-75.159","","CRASH_2001_Philadelphia"
"2001233464","06","67","67301","67301","2001","03","6","0800","08","1","1","0","1","1","","","N","00","0","00","3","0","1","3","2","N","N","40 01:01.200","75 09:06.840","9999","","9999","","0","","N","","0 ","","","","","","","","","","2","1","0","0","0","0","0","1","0","0","0","1","1","0","0","0","0","0","0","0","0","0","0","0","0","0","0","0","0","0","0","0","0","0","0","4","0","40.0169","-75.1517","","CRASH_2001_Philadelphia"
"2001210691","06","67","67301","67301","2001","02","3","2323","23","3","1","1","4","1","","","N","01","2","00","3","0","2","2","2","N","N","39 59:10.680","75 10:49.080","9999","","9999","","0","","N","","3 ","","","","","","","","","","2","1","0","0","0","0","1","0","0","0","0","0","0","0","2","0","0","0","0","0","0","0","0","0","0","0","0","0","0","0","0","0","0","0","0","9","0","39.9863","-75.1802","","CRASH_2001_Philadelphia"
"2001238253","06","67","67301","67301","2001","04","6","1105","11","1","2","1","7","5","","","N","00","0","07","3","0","2","3","1","N","N","","","9999","","9999","","0","","N","","0 ","","","","","","","","","","1","1","0","0","0","0","0","0","0","0","0","2","2","0","0","0","0","0","0","0","0","0","0","0","0","0","0","0","0","0","0","0","0","0","0","4","0","","","","CRASH_2001_Philadelphia"
"2001240147","06","67","67301","67301","2001","04","4","1805","18","1","1","0","4","1","","","N","01","2","00","3","0","1","2","2","N","N","40 02:07.432","75 02:59.146","9999","","9999","","0","","N","","3 ","","","","","","","","","","1","0","0","0","1","0","0","0","1","0","1","0","1","0","0","0","0","0","0","0","0","0","0","1","0","0","0","0","0","0","0","0","0","0","0","3","0","40.0354","-75.0498","","CRASH_2001_Philadelphia"
"2001244877","06","67","67301","67301","2001","05","3","1720","17","1","1","0","8","1","","","N","00","0","00","3","0","1","2","2","N","N","","","9999","","9999","","0","","N","","0 ","","","","","","","","","","1","1","0","0","0","0","0","0","0","0","0","1","1","0","0","0","0","0","0","0","0","0","0","0","0","0","0","0","0","0","0","0","1","0","0","4","0","","","","CRASH_2001_Philadelphia"
"2001243568","06","67","67301","67301","2001","04","3","0130","01","3","1","0","7","2","","","N","00","0","02","3","0","2","2","1","N","N","39 54:55.080","75 08:52.800","9999","","9999","","0","","N","","0 ","","","","","","","","","","1","1","0","0","0","0","0","0","0","0","2","0","2","0","0","0","0","0","0","0","0","0","0","0","0","0","0","0","0","0","0","0","0","0","0","3","0","39.9147","-75.1481","","CRASH_2001_Philadelphia"
"2001210573","06","67","67301","67301","2001","01","1","1245","12","1","1","0","4","1","","","N","01","2","00","3","0","0","2","2","N","N","39 58:53.040","75 07:03.000","9999","","9999","","0","","N","","3 ","","","","","","","","","","2","2","0","0","0","0","0","0","0","0","0","0","0","0","0","0","0","0","0","0","0","0","0","0","0","0","0","0","0","0","0","0","0","0","0","0","0","39.98","-75.1181","","CRASH_2001_Philadelphia"
"2001238203","06","67","67301","67301","2001","04","4","1015","10","1","1","0","1","1","","","N","01","2","00","3","0","1","2","2","N","N","","","9999","","9999","","0","","N","","3 ","","","","","","","","","","2","2","0","0","0","0","0","0","0","0","0","0","0","0","1","0","0","0","0","0","1","0","0","0","0","0","0","0","0","0","0","0","0","0","0","9","0","","","","CRASH_2001_Philadelphia"
"2001244753","06","67","67301","67301","2001","05","6","0728","07","1","1","0","1","1","","","N","01","2","00","3","0","1","2","2","N","N","40 02:02.803","75 06:21.333","9999","","9999","","0","","N","","3 ","","","","","","","","","","2","0","0","0","0","0","0","1","0","0","0","1","1","0","0","0","0","0","0","0","0","0","0","0","0","0","0","0","0","0","0","0","0","0","0","4","0","40.0341","-75.1059","","CRASH_2001_Philadelphia"
"2001240202","06","67","67301","67301","2001","04","6","1452","14","1","1","0","1","1","","","N","00","0","00","3","0","1","3","3","N","N","39 59:35.520","75 14:36.600","9999","","9999","","0","","N","","0 ","","","","","","","","","","3","2","0","0","0","1","0","0","0","0","0","1","1","0","0","0","0","0","0","0","0","0","0","0","0","0","0","0","0","0","0","0","0","0","0","4","0","39.9932","-75.2434","","CRASH_2001_Philadelphia"
"2001248809","06","67","67301","67301","2001","05","6","0700","07","1","1","0","4","1","","","N","01","2","00","3","0","2","3","3","N","N","40 00:26.733","75 07:30.184","9999","","9999","","0","","N","","3 ","","","","","","","","","","2","1","0","0","1","0","0","0","0","0","0","2","2","0","0","0","0","0","0","0","0","0","0","0","0","0","0","0","0","0","0","0","1","0","0","4","0","40.0074","-75.1251","","CRASH_2001_Philadelphia"
"2001209141","06","67","67301","67301","2001","02","6","1415","14","1","1","0","4","1","","","N","01","2","00","3","0","3","3","2","N","N","40 02:32.640","75 04:57.720","9999","","9999","","0","","N","","3 ","","","","","","","","","","2","2","0","0","0","0","0","0","0","0","0","3","3","0","0","0","0","1","0","0","0","0","0","0","0","0","0","0","0","0","0","0","0","0","0","4","0","40.0424","-75.0828","","CRASH_2001_Philadelphia"
"2001233241","06","67","67301","67301","2001","04","2","1331","13","1","1","0","8","1","","","N","00","0","07","3","0","1","2","2","N","N","39 55:30.000","75 10:20.280","9999","","9999","","0","","N","","0 ","","","","","","","","","","1","1","0","0","0","0","0","0","0","0","0","0","0","0","1","0","0","0","0","0","0","0","0","0","0","0","0","0","0","0","0","0","1","0","0","9","0","39.925","-75.1723","","CRASH_2001_Philadelphia"
"2002004256","06","67","67301","67301","2001","06","5","1830","18","1","1","0","1","6","","","N","00","0","00","3","0","1","1","2","N","N","40 02:08.485","75 04:51.384","1943","","1941","","0","","N","","0 ","","","","","","","","","","2","2","0","0","0","0","0","0","0","0","0","1","1","0","0","0","0","0","0","0","0","0","0","1","0","0","0","0","0","0","0","0","0","0","0","4","0","40.0357","-75.081","","CRASH_2001_Philadelphia"
"2002004736","06","67","67301","67301","2001","11","5","0929","09","1","1","0","4","1","","","N","01","2","00","3","0","1","3","2","N","N","39 57:22.351","75 11:38.909","0933","","0929","","0","","N","","3 ","","","","","","","","","","2","1","0","0","1","0","0","0","0","0","0","1","1","0","0","0","1","0","0","0","0","0","0","0","0","0","0","0","0","0","0","0","0","0","0","4","0","39.9562","-75.1941","","CRASH_2001_Philadelphia"
"2001238935","06","67","67301","67301","2001","04","1","1618","16","1","1","0","4","1","","","N","00","0","00","3","0","1","2","2","N","N","40 02:39.120","75 03:14.040","9999","","9999","","0","","N","","0 ","","","","","","","","","","2","2","0","0","0","0","0","0","0","0","1","0","1","0","0","0","0","0","0","1","0","0","0","0","0","0","0","0","0","0","0","0","0","0","0","3","0","40.0441","-75.0539","","CRASH_2001_Philadelphia"
"2001240060","06","67","67301","67301","2001","04","4","1740","17","1","1","0","4","1","","","N","00","0","00","3","0","1","2","2","N","N","","","9999","","9999","","0","","N","","0 ","","","","","","","","","","1","1","0","0","0","0","0","0","1","0","0","1","1","0","0","0","0","0","0","0","0","0","1","0","0","0","0","0","0","0","0","0","0","0","0","4","0","","","","CRASH_2001_Philadelphia"
"2001240141","06","67","67301","67301","2001","04","4","0405","04","3","1","0","7","1","","","N","00","0","00","3","0","1","1","2","N","N","","","9999","","9999","","0","","N","","0 ","","","","","","","","","","2","1","0","0","0","0","0","0","0","0","1","0","1","0","0","0","0","0","1","0","0","0","0","0","0","0","0","0","0","0","0","0","0","0","0","3","0","","","","CRASH_2001_Philadelphia"
"2001214302","06","67","67301","67301","2001","02","5","1406","14","1","4","3","4","1","","","N","01","2","00","3","0","2","2","2","N","N","39 54:50.400","75 08:59.640","9999","","9999","","0","","N","","3 ","","","","","","","","","","2","1","0","0","0","0","1","0","0","2","0","0","2","0","0","0","0","0","0","0","0","0","1","0","0","0","0","0","0","0","0","0","0","0","0","2","0","39.914","-75.1499","","CRASH_2001_Philadelphia"
"2001214563","06","67","67301","67301","2001","02","1","0400","04","3","1","0","1","1","","","N","00","0","00","3","0","1","2","2","N","N","39 55:17.400","75 11:30.480","9999","","9999","","0","","N","","0 ","","","","","","","","","","2","2","0","0","0","0","0","0","0","0","0","1","1","0","0","0","0","0","0","1","1","0","0","0","0","0","0","0","0","0","0","0","0","0","0","4","0","39.9215","-75.1918","","CRASH_2001_Philadelphia"
"2001215513","06","67","67301","67301","2001","02","1","1337","13","1","2","1","4","1","","","N","01","3","00","3","0","0","2","2","N","N","40 01:37.272","75 13:31.457","9999","","9999","","0","","N","","3 ","","","","","","","","","","2","1","0","0","1","0","0","0","0","0","0","0","0","0","0","0","0","0","0","0","0","0","0","0","0","0","0","0","0","0","0","0","0","0","0","0","0","40.027","-75.2254","","CRASH_2001_Philadelphia"
"2001238125","06","67","67301","67301","2001","04","7","1420","14","1","1","0","1","1","","","N","02","2","00","3","0","3","5","2","N","N","39 56:58.920","75 08:26.880","9999","","9999","","0","","N","","3 ","","","","","","","","","","2","2","0","0","0","0","0","0","0","0","0","3","3","0","0","0","0","0","0","0","1","0","0","0","0","0","0","0","0","0","0","0","0","0","0","4","0","39.9498","-75.141","","CRASH_2001_Philadelphia"
"2001243585","06","67","67301","67301","2001","05","3","0859","08","1","1","0","4","1","","","N","01","2","00","3","0","2","2","2","N","N","39 57:30.960","75 12:50.400","9999","","9999","","0","","N","","3 ","","","","","","","","","","2","2","0","0","0","0","0","0","0","0","1","1","2","0","0","0","0","0","0","0","1","0","0","1","0","0","0","0","0","0","0","0","0","0","0","3","0","39.9587","-75.214","","CRASH_2001_Philadelphia"
"2001238868","06","67","67301","67301","2001","04","3","1745","17","1","1","0","8","1","","","N","00","0","00","3","0","1","2","2","N","N","39 58:52.320","75 10:55.200","9999","","9999","","0","","N","","0 ","","","","","","","","","","1","1","0","0","0","0","0","0","0","0","0","1","1","0","0","0","0","0","0","0","0","0","0","0","0","0","0","0","0","0","0","0","1","0","0","4","0","39.9812","-75.182","","CRASH_2001_Philadelphia"
"2001248704","06","67","67301","67301","2001","05","2","1542","15","1","1","0","8","1","","","N","01","3","00","3","0","1","4","2","N","N","39 55:38.431","75 10:58.990","9999","","9999","","0","","N","","3 ","","","","","","","","","","1","1","0","0","0","0","0","0","0","0","0","1","1","0","0","0","0","0","0","0","0","0","0","0","0","0","0","0","0","0","0","0","1","0","0","4","0","39.9273","-75.1831","","CRASH_2001_Philadelphia"
"2001265952","06","67","67301","67301","2001","05","7","1630","16","1","1","0","8","1","","","N","00","0","00","3","0","1","2","2","N","N","","","9999","","9999","","0","","N","","0 ","","","","","","","","","","1","1","0","0","0","0","0","0","0","0","0","1","1","0","0","0","0","0","0","0","0","0","0","0","0","0","0","0","0","0","0","0","1","0","0","4","0","","","","CRASH_2001_Philadelphia"
"2001254777","06","67","67301","67301","2001","06","7","1300","13","1","2","1","7","5","","","N","01","9","00","3","0","2","2","1","N","N","","","9999","","9999","","0","","N","","9 ","","","","","","","","","","1","1","0","0","0","0","0","0","0","0","0","2","2","0","0","0","1","0","0","0","0","0","0","0","0","0","0","0","0","0","0","0","0","0","0","4","0","","","","CRASH_2001_Philadelphia"
"2002010835","06","67","67301","67301","2001","07","1","1950","19","4","1","1","2","1","","","N","00","0","00","3","0","1","3","2","N","N","40 02:52.440","75 03:34.920","1957","","1954","","0","","N","","0 ","","","","","","","","","","2","2","0","0","0","0","0","0","0","0","0","1","1","0","1","0","0","0","0","0","0","0","0","0","0","0","0","0","0","0","0","0","0","0","0","4","0","40.048","-75.0597","","CRASH_2001_Philadelphia"
"2002017123","06","67","67301","67301","2001","07","1","1830","18","1","1","0","4","1","","","N","01","2","00","3","0","1","3","2","N","N","40 03:20.705","75 09:31.976","1850","","1844","","0","","N","","3 ","","","","","","","","","","2","2","0","0","0","0","0","0","0","0","0","1","1","0","0","0","0","1","0","0","1","0","0","0","0","0","0","0","0","0","0","0","0","0","0","4","0","40.0558","-75.1589","","CRASH_2001_Philadelphia"
"2002017487","06","67","67301","67301","2001","08","4","1628","16","1","1","0","4","1","","","N","01","2","00","3","0","0","2","2","N","N","40 04:46.583","75 12:01.255","1640","","1630","","0","","N","","3 ","","","","","","","","","","2","2","0","0","0","0","0","0","0","0","0","0","0","0","2","0","0","0","0","0","1","0","0","0","0","0","0","0","0","0","0","0","0","0","0","9","0","40.0797","-75.2004","","CRASH_2001_Philadelphia"
"2002017602","06","67","67301","67301","2001","07","2","1605","16","1","1","0","4","1","","","N","00","0","00","3","0","0","4","2","N","N","40 02:50.679","75 08:34.212","1614","","1613","","0","","N","","0 ","","","","","","","","","","2","2","0","0","0","0","0","0","0","0","0","0","0","0","0","0","0","0","0","0","0","0","1","0","0","0","0","0","0","0","0","0","0","0","0","0","0","40.0474","-75.1428","","CRASH_2001_Philadelphia"
"2002017862","06","67","67301","67301","2001","08","6","1900","19","1","2","1","8","1","","","N","01","2","00","3","0","1","3","2","N","N","39 58:23.626","75 12:43.794","1820","","1811","","0","","N","","2 ","","","","","","","","","","1","1","0","0","0","0","0","0","0","0","1","0","1","0","0","0","0","0","0","0","0","0","0","0","0","0","0","0","0","0","0","0","1","0","0","3","0","39.9732","-75.2122","","CRASH_2001_Philadelphia"
"2002011811","06","67","67301","67301","2001","07","1","1738","17","1","1","0","2","1","","","N","01","2","00","3","0","2","5","2","N","N","39 56:59.280","75 12:25.560","1745","","1742","","0","","N","","3 ","","","","","","","","","","2","2","0","0","0","0","0","0","0","0","2","0","2","0","0","0","0","0","0","0","1","0","0","2","0","0","0","0","0","0","0","0","0","0","0","3","0","39.9498","-75.2071","","CRASH_2001_Philadelphia"
"2002037596","06","67","67301","67301","2001","11","4","1505","15","1","1","0","1","1","","","N","00","8","05","3","0","1","2","2","N","N","","","1509","","1505","","0","","N","","3 ","","","","","","","","","","2","1","0","0","1","0","0","0","0","0","0","1","1","0","0","0","0","0","0","0","0","0","0","0","0","0","0","0","0","0","0","0","0","0","0","4","0","","","","CRASH_2001_Philadelphia"
"2001266714","06","67","67301","67301","2001","07","1","1030","10","1","1","0","1","1","","","N","01","2","00","3","0","3","4","2","N","N","39 54:14.619","75 14:25.049","9999","","9999","","0","","N","","3 ","","","","","","","","","","2","1","0","0","1","0","0","0","0","0","0","3","3","0","0","0","0","0","0","0","0","0","0","0","0","0","0","0","0","0","0","0","0","0","0","4","0","39.9041","-75.2403","","CRASH_2001_Philadelphia"
"2001243109","06","67","67301","67301","2001","03","3","0221","02","3","4","6","7","5","","","N","00","0","00","3","0","1","1","1","N","N","","","9999","","9999","","0","","N","","0 ","","","","","","","","","","1","0","0","0","0","0","1","0","0","0","1","0","1","0","0","0","0","0","0","0","0","0","0","0","0","0","0","0","0","0","0","0","0","0","0","3","0","","","","CRASH_2001_Philadelphia"
"2001243316","06","67","67301","67301","2001","04","5","1100","11","1","1","0","9","1","","","N","00","0","00","3","0","1","1","2","N","N","39 59:27.600","75 07:58.440","9999","","9999","","0","","N","","0 ","","","","","","","","","","2","1","0","0","0","0","0","0","0","0","0","1","1","0","0","0","0","0","0","0","0","0","0","0","0","0","0","0","0","0","0","0","0","0","0","4","0","39.9911","-75.1328","","CRASH_2001_Philadelphia"
"2001243494","06","67","67301","67301","2001","04","3","1410","14","1","1","0","4","1","","","N","01","3","00","3","0","0","2","2","N","N","39 59:14.409","75 06:12.488","9999","","9999","","0","","N","","3 ","","","","","","","","","","2","1","0","0","0","0","0","1","0","0","0","0","0","0","0","0","0","0","0","1","0","0","0","0","0","0","0","0","0","0","0","0","0","0","0","0","0","39.9873","-75.1035","","CRASH_2001_Philadelphia"
"2001239058","06","67","67301","67301","2001","04","3","0939","09","1","1","0","9","1","","","N","00","0","00","3","0","0","1","2","N","N","","","9999","","9999","","0","","N","","0 ","","","","","","","","","","2","1","0","0","0","0","0","0","0","0","0","0","0","0","0","0","0","0","0","0","0","0","0","0","0","0","0","0","0","0","0","0","0","0","0","0","0","","","","CRASH_2001_Philadelphia"
"2001243532","06","67","67301","67301","2001","04","5","1715","17","1","1","0","4","1","","","N","01","2","00","3","0","2","3","2","N","N","","","9999","","9999","","0","","N","","3 ","","","","","","","","","","2","2","0","0","0","0","0","0","0","0","0","2","2","0","0","0","0","0","0","0","0","0","0","0","0","0","0","0","0","0","0","0","0","0","0","4","0","","","","CRASH_2001_Philadelphia"
"2001244615","06","67","67301","67301","2001","02","4","1728","17","4","1","0","8","1","","","N","00","0","00","3","0","1","2","2","N","N","","","9999","","9999","","0","","N","","0 ","","","","","","","","","","1","0","0","0","0","0","0","1","0","0","0","0","0","0","1","0","0","0","0","0","0","0","0","0","0","0","0","0","0","0","0","0","1","0","0","9","0","","","","CRASH_2001_Philadelphia"
"2001401003","06","67","67301","67301","2001","10","4","1419","14","1","1","0","8","1","","","N","00","0","00","3","1","0","2","2","N","N","39 57:04.320","75 10:44.760","9999","","9999","","0","","N","9","0 ","","","","","","","","","","1","1","0","0","0","0","0","0","0","0","0","0","0","0","0","0","0","0","0","0","0","0","0","1","0","0","0","0","0","0","0","0","1","1","0","1","0","39.9512","-75.1791","8 ","CRASH_2001_Philadelphia"
"2002016874","06","67","67301","67301","2001","07","1","0924","09","1","2","1","4","1","","","N","02","0","00","3","0","1","2","2","N","N","40 02:32.280","75 03:02.520","0927","","0924","","0","","N","","0 ","","","","","","","","","","2","2","0","0","0","0","0","0","0","0","0","1","1","0","0","0","0","0","0","0","0","1","0","0","0","0","0","0","0","0","0","0","0","0","0","4","0","40.0424","-75.0506","","CRASH_2001_Philadelphia"
"2002035277","06","67","67301","67301","2001","11","7","1148","11","1","1","0","8","1","","","N","01","2","00","3","0","1","4","3","N","N","39 57:01.042","75 08:49.877","1200","","1155","","0","","N","","3 ","","","","","","","","","","1","1","0","0","0","0","0","0","0","0","0","1","1","0","0","0","0","0","0","0","0","0","0","0","0","0","0","0","0","0","0","0","2","0","0","4","0","39.9503","-75.1473","","CRASH_2001_Philadelphia"
"2001288286","06","67","67301","","2001","07","5","1500","15","1","1","0","1","1","","","N","01","9","00","3","0","2","3","2","N","N","40 07:24.600","75 00:55.080","9999","","9999","","0","","N","","9 ","","","","","","","","","","2","1","0","0","0","0","0","0","0","0","2","0","2","0","0","0","0","0","0","0","1","0","0","2","0","0","0","0","0","0","0","0","0","0","0","3","0","40.1236","-75.0155","","CRASH_2001_Philadelphia"
"2001400451","06","67","67301","67301","2001","05","3","2256","22","3","1","0","7","5","","","N","00","0","00","3","1","1","2","1","N","N","","","9999","","9999","","0","","N","9","0 ","","","","","","","","","","1","1","0","0","0","0","0","0","0","0","1","0","1","0","0","0","0","1","0","0","0","0","0","0","0","0","0","0","0","0","0","0","0","0","0","1","0","","","9 ","CRASH_2001_Philadelphia"
"2002001084","06","67","67301","67301","2001","06","7","0005","00","3","2","1","4","1","","","N","01","0","00","3","0","2","5","2","N","N","40 02:20.735","75 06:36.378","0015","","0009","","0","","Y","","0 ","","","","","","","","","","2","2","0","0","0","0","0","0","0","0","0","2","2","0","0","0","0","0","0","0","1","0","0","0","0","0","0","0","0","0","0","0","0","0","0","4","0","40.0392","-75.11","","CRASH_2001_Philadelphia"
"2001265956","06","67","67301","67301","2001","05","5","0021","00","3","1","0","4","1","","","N","01","2","00","3","0","1","3","2","N","N","","","9999","","9999","","0","","N","","3 ","","","","","","","","","","2","1","0","0","0","0","1","0","0","0","0","1","1","0","0","0","0","0","0","1","0","0","0","0","0","0","0","0","0","0","0","0","0","0","0","4","0","","","","CRASH_2001_Philadelphia"
"2001238157","06","67","67301","67301","2001","04","1","0335","03","3","1","0","4","1","","","N","01","9","00","3","0","0","2","2","N","N","","","9999","","9999","","0","","N","","9 ","","","","","","","","","","2","1","0","0","0","0","1","0","0","0","0","0","0","0","0","0","0","0","0","0","0","0","0","0","0","0","0","0","0","0","0","0","0","0","0","0","0","","","","CRASH_2001_Philadelphia"
"2001238923","06","67","67301","67301","2001","04","1","0130","01","3","1","0","1","1","","","N","00","0","00","3","0","0","3","2","N","N","40 01:24.240","75 03:47.520","9999","","9999","","0","","N","","0 ","","","","","","","","","","2","2","0","0","0","0","0","0","0","0","0","0","0","0","0","0","0","0","0","0","1","0","0","0","0","0","0","0","0","0","0","0","0","0","0","0","0","40.0234","-75.0631","","CRASH_2001_Philadelphia"
"2001243270","06","67","67301","67301","2001","04","2","2345","23","3","1","0","4","1","","","N","01","3","00","3","0","1","2","2","N","N","","","9999","","9999","","0","","N","","3 ","","","","","","","","","","2","2","0","0","0","0","0","0","0","0","0","1","1","0","0","0","0","0","0","0","0","0","0","0","0","0","0","0","0","0","0","0","0","0","0","4","0","","","","CRASH_2001_Philadelphia"
"2001243498","06","67","67301","67301","2001","04","7","1705","17","1","1","0","1","1","","","N","01","2","00","3","0","1","2","2","N","N","39 59:35.880","75 05:49.200","9999","","9999","","0","","N","","3 ","","","","","","","","","","2","2","0","0","0","0","0","0","0","0","0","0","0","0","1","0","0","1","0","0","1","0","0","0","0","0","0","0","0","0","0","0","0","0","0","9","0","39.9933","-75.097","","CRASH_2001_Philadelphia"
"2001401408","06","67","67301","67301","2001","12","2","1100","11","1","1","0","8","1","","","N","01","3","00","3","1","0","2","2","N","N","40 01:43.190","75 02:32.729","9999","","9999","","0","","N","9","3 ","","","","","","","","","","1","0","0","0","0","0","0","0","0","0","0","0","0","0","0","0","0","0","0","0","0","0","0","0","0","0","0","0","0","0","0","0","1","1","0","1","0","40.0287","-75.0424","9 ","CRASH_2001_Philadelphia"
"2002015181","06","67","67301","67301","2001","07","3","1835","18","1","1","0","7","3","","","N","01","2","00","3","0","1","1","1","N","N","40 03:24.480","75 02:49.560","1850","","1845","","0","","Y","","3 ","","","","","","","","","","1","1","0","0","0","0","0","0","0","0","0","1","1","0","0","0","0","0","0","0","1","0","0","0","0","0","0","0","0","0","0","0","0","0","0","4","0","40.0568","-75.047","","CRASH_2001_Philadelphia"
"2002031090","06","67","67301","67301","2001","09","4","1300","13","1","1","0","1","1","","","N","02","2","00","3","0","2","3","2","N","N","39 57:07.268","75 09:45.490","1300","","1300","","0","","N","","3 ","","","","","","","","","","2","2","0","0","0","0","0","0","0","0","0","2","2","0","0","0","0","0","0","0","0","0","0","0","0","0","0","0","0","0","0","0","0","0","0","4","0","39.952","-75.1626","","CRASH_2001_Philadelphia"
"2002033589","06","67","67301","67301","2001","10","4","2125","21","3","1","0","2","1","","","N","01","3","00","3","0","1","3","2","N","N","40 00:12.954","75 10:53.786","2128","","2125","","0","","N","","3 ","","","","","","","","","","2","1","1","0","0","0","0","0","0","0","0","1","1","0","0","0","0","0","0","0","1","0","0","0","0","0","0","0","0","0","0","0","0","0","0","4","0","40.0037","-75.1811","","CRASH_2001_Philadelphia"
"2001254709","06","67","67301","67301","2001","06","7","2030","20","3","2","1","4","1","","","N","00","0","07","3","0","1","2","2","N","N","","","9999","","9999","","0","","N","","0 ","","","","","","","","","","1","0","0","0","0","0","0","0","1","0","0","1","1","0","0","0","0","0","0","0","0","0","0","0","0","0","0","0","0","0","0","0","0","0","0","4","0","","","","CRASH_2001_Philadelphia"
"2001266593","06","67","67301","67301","2001","07","2","0322","03","2","1","0","1","1","","","N","02","0","02","3","0","0","4","2","N","N","39 59:35.160","75 05:06.360","9999","","9999","","0","","N","","0 ","","","","","","","","","","2","1","0","0","0","0","0","1","0","0","0","0","0","0","0","0","0","0","0","0","0","0","0","0","0","0","0","0","0","0","0","0","0","0","0","0","0","39.9931","-75.0852","","CRASH_2001_Philadelphia"
"2001288028","06","67","67301","","2001","03","3","9999","99","9","1","0","9","1","","","N","00","0","00","3","0","0","1","2","N","N","","","9999","","9999","","0","","N","","0 ","","","","","","","","","","2","1","0","0","0","0","0","0","0","0","0","0","0","0","0","0","0","0","0","0","0","0","0","0","0","0","0","0","0","0","0","0","0","0","0","0","0","","","","CRASH_2001_Philadelphia"
"2002016820","06","67","67301","67301","2001","07","1","1940","19","4","8","1","8","1","","","N","00","0","00","3","0","1","2","2","N","N","39 55:30.368","75 11:35.008","1953","","1947","","0","","N","","0 ","","","","","","","","","","1","1","0","0","0","0","0","0","0","0","1","0","1","0","0","0","0","0","0","0","0","0","0","0","0","0","0","0","0","0","0","0","1","0","0","3","0","39.9251","-75.1931","","CRASH_2001_Philadelphia"
"2002017640","06","67","67301","67301","2001","08","4","1730","17","1","1","0","8","4","","","N","00","2","00","3","0","1","2","2","N","N","39 59:16.638","75 09:23.556","1740","","1737","","0","","N","","3 ","","","","","","","","","","1","1","0","0","0","0","0","0","0","0","0","1","1","0","0","0","0","0","0","0","0","0","0","0","0","0","0","0","0","0","0","0","1","0","0","4","0","39.988","-75.1565","","CRASH_2001_Philadelphia"
"2001283814","06","67","67301","67301","2001","04","2","1446","14","1","1","0","8","1","","","N","01","3","00","3","0","2","3","3","N","N","39 59:33.475","75 07:53.723","9999","","9999","","0","","N","","3 ","","","","","","","","","","1","1","0","0","0","0","0","0","0","0","1","1","2","0","0","0","0","0","0","0","0","0","0","0","0","0","0","0","0","0","0","0","2","0","0","3","0","39.9926","-75.1316","","CRASH_2001_Philadelphia"
"2001288176","06","67","67301","","2001","06","2","1600","16","1","1","0","1","1","","","N","01","2","00","3","0","1","2","2","N","N","39 56:30.120","75 09:56.880","9999","","9999","","0","","N","","3 ","","","","","","","","","","2","0","0","0","1","0","0","0","0","0","0","1","1","0","0","0","0","0","0","0","0","0","0","0","0","0","0","0","0","0","0","0","0","0","0","4","0","39.9418","-75.1658","","CRASH_2001_Philadelphia"