"CRN","DISTRICT","COUNTY","MUNICIPALITY","POLICE_AGCY","CRASH_YEAR","CRASH_MONTH","DAY_OF_WEEK","TIME_OF_DAY","HOUR_OF_DAY","ILLUMINATION","WEATHER","ROAD_CONDITION","COLLISION_TYPE","RELATION_TO_ROAD","WORK_ZONE_TYPE","WORK_ZONE_LOC","WORK_ZONE_IND","INTERSECT_TYPE","TCD_TYPE","LOCATION_TYPE","URBAN_RURAL","FATAL_COUNT","INJURY_COUNT","PERSON_COUNT","TOTAL_UNITS","SCH_BUS_IND","SCH_ZONE_IND","LATITUDE","LONGITUDE","ARRIVAL_TM","CONS_ZONE_SPD_LIM","DISPATCH_TM","EST_HRS_CLOSED","LANE_CLOSED","LN_CLOSE_DIR","NTFY_HIWY_MAINT","SPEC_JURIS_CD","TCD_FUNC_CD","TFC_DETOUR_IND","WORKERS_PRES","WZ_CLOSE_DETOUR","WZ_FLAGGER","WZ_LAW_OFFCR_IND","WZ_LN_CLOSURE","WZ_MOVING","WZ_OTHER","WZ_SHLDER_MDN","VEHICLE_COUNT","AUTOMOBILE_COUNT","MOTORCYCLE_COUNT","BUS_COUNT","SMALL_TRUCK_COUNT","HEAVY_TRUCK_COUNT","SUV_COUNT","VAN_COUNT","BICYCLE_COUNT","MAJ_INJ_COUNT","MOD_INJ_COUNT","MIN_INJ_COUNT","TOT_INJ_COUNT","UNK_INJ_DEG_COUNT","UNK_INJ_PER_COUNT","DRIVER_COUNT_16YR","DRIVER_COUNT_17YR","DRIVER_COUNT_18YR","DRIVER_COUNT_19YR","DRIVER_COUNT_20YR","DRIVER_COUNT_50_64YR","DRIVER_COUNT_65_74YR","DRIVER_COUNT_75PLUS","UNBELTED_OCC_COUNT","UNB_DEATH_COUNT","UNB_MAJ_INJ_COUNT","BELTED_DEATH_COUNT","BELTED_MAJ_INJ_COUNT","MCYCLE_DEATH_COUNT","MCYCLE_MAJ_INJ_COUNT","BICYCLE_DEATH_COUNT","BICYCLE_MAJ_INJ_COUNT","PED_COUNT","PED_DEATH_COUNT","PED_MAJ_INJ_COUNT","MAX_SEVERITY_LEVEL","COMM_VEH_COUNT","DEC_LAT","DEC_LONG","RDWY_SURF_TYPE_CD","COUNTY_YEAR"
"2002012184","06","67","67301","67301","2001","07","7","2315","23","3","1","0","1","1","","","N","00","0","00","3","0","2","3","2","N","N","40 02:39.482","75 00:08.367","0031","","0026","","0","","N","","0 ","","","","","","","","","","2","2","0","0","0","0","0","0","0","0","0","2","2","0","0","0","0","0","0","0","0","0","0","0","0","0","0","0","0","0","0","0","0","0","0","4","0","40.0449","-75.0021","","CRASH_2001_Philadelphia"
"2002016791","06","67","67301","67301","2001","12","7","0030","00","3","1","0","2","1","","","N","01","0","00","3","0","1","2","2","N","N","39 59:36.240","75 11:11.400","1250","","1246","","0","","N","","0 ","","","","","","","","","","2","2","0","0","0","0","0","0","0","0","0","1","1","0","0","0","0","1","0","0","0","0","0","0","0","0","0","0","0","0","0","0","0","0","0","4","0","39.9934","-75.1865","","CRASH_2001_Philadelphia"
"2001248831","06","67","67301","67301","2001","05","3","1817","18","1","1","0","1","1","","","N","06","4","02","3","0","2","6","2","N","N","40 01:07.320","75 10:01.200","9999","","9999","","0","","N","","3 ","","","","","","","","","","2","2","0","0","0","0","0","0","0","0","0","0","0","0","2","0","0","0","0","0","0","0","0","0","0","0","0","0","0","0","0","0","0","0","0","9","0","40.0185","-75.1671","","CRASH_2001_Philadelphia"
"2001244845","06","67","67301","67301","2001","05","7","0810","08","1","1","0","7","1","","","N","00","0","00","3","0","1","1","1","N","N","40 00:32.760","75 04:03.000","9999","","9999","","0","","N","","0 ","","","","","","","","","","1","1","0","0","0","0","0","0","0","0","0","1","1","0","0","0","0","0","0","0","0","0","0","0","0","0","0","0","0","0","0","0","0","0","0","4","0","40.0091","-75.0676","","CRASH_2001_Philadelphia"
"2001248462","06","67","67301","67301","2001","05","6","1315","13","1","1","0","1","1","","","N","02","0","00","3","0","2","4","3","N","N","40 03:29.761","75 01:36.746","9999","","9999","","0","","N","","0 ","","","","","","","","","","3","3","0","0","0","0","0","0","0","0","2","0","2","0","0","0","0","1","0","0","1","0","0","0","0","0","0","0","0","0","0","0","0","0","0","3","0","40.0583","-75.0269","","CRASH_2001_Philadelphia"
"2002003977","06","67","67301","67301","2001","06","1","0255","02","3","1","0","7","5","","","N","01","2","00","3","0","1","1","1","N","N","40 01:17.089","75 05:39.251","0255","","0355","","0","","N","","3 ","","","","","","","","","","1","0","0","0","1","0","0","0","0","0","1","0","1","0","0","0","0","0","0","0","0","0","0","1","0","0","0","0","0","0","0","0","0","0","0","3","0","40.0218","-75.0941","","CRASH_2001_Philadelphia"
"2001267403","06","67","67301","67301","2001","08","2","1532","15","1","1","0","1","1","","","N","00","0","00","3","0","1","3","2","N","N","39 58:27.120","75 07:07.680","9999","","9999","","0","","N","","0 ","","","","","","","","","","2","1","0","0","0","0","1","0","0","0","0","1","1","0","0","0","0","1","0","0","1","0","0","0","0","0","0","0","0","0","0","0","0","0","0","4","0","39.9738","-75.1193","","CRASH_2001_Philadelphia"
"2001283801","06","67","67301","67301","2001","03","7","1130","11","1","1","0","1","1","","","N","00","0","00","3","0","3","4","2","N","N","39 57:24.480","75 11:55.320","9999","","9999","","0","","N","","0 ","","","","","","","","","","2","1","0","0","1","0","0","0","0","0","0","1","1","0","2","0","0","0","0","0","0","0","0","0","0","0","0","0","0","0","0","0","0","0","0","4","0","39.9567","-75.1986","","CRASH_2001_Philadelphia"
"2001233482","06","67","67301","67301","2001","03","2","1812","18","4","1","0","8","1","","","N","00","0","00","3","0","1","2","2","N","N","","","9999","","9999","","0","","N","","0 ","","","","","","","","","","1","0","0","0","0","0","0","1","0","0","0","1","1","0","0","0","0","0","0","0","1","0","0","0","0","0","0","0","0","0","0","0","1","0","0","4","0","","","","CRASH_2001_Philadelphia"
"2001243102","06","67","67301","67301","2001","05","6","1740","17","1","1","0","4","1","","","N","00","0","07","3","0","1","3","2","N","N","40 01:19.560","75 03:47.160","9999","","9999","","0","","N","","0 ","","","","","","","","","","2","1","0","0","0","0","0","1","0","0","0","1","1","0","0","0","0","0","0","0","1","0","0","0","0","0","0","0","0","0","0","0","0","0","0","4","0","40.022","-75.0632","","CRASH_2001_Philadelphia"
"2001244924","06","67","67301","67301","2001","05","1","0057","00","3","1","0","1","1","","","N","06","0","02","3","0","0","5","2","N","N","40 01:07.320","75 10:01.200","9999","","9999","","0","","N","","0 ","","","","","","","","","","2","1","0","0","0","0","1","0","0","0","0","0","0","0","0","0","0","0","0","0","0","0","0","0","0","0","0","0","0","0","0","0","0","0","0","0","0","40.0185","-75.1671","","CRASH_2001_Philadelphia"
"2001244898","06","67","67301","67301","2001","05","7","1745","17","1","1","0","2","1","","","N","00","0","00","3","0","3","3","2","N","N","40 01:54.120","75 10:44.040","9999","","9999","","0","","N","","0 ","","","","","","","","","","2","1","0","0","0","0","0","1","0","0","0","3","3","0","0","0","0","0","0","0","0","0","0","0","0","0","0","0","0","0","0","0","0","0","0","4","0","40.0317","-75.1788","","CRASH_2001_Philadelphia"
"2001233126","06","67","67301","67301","2001","03","6","0019","00","3","2","1","3","1","","","N","01","2","00","3","0","2","2","2","Y","N","39 57:12.960","75 13:34.680","9999","","9999","","0","","N","","3 ","","","","","","","","","","2","2","0","0","0","0","0","0","0","0","0","0","0","0","2","0","0","0","0","0","0","0","0","0","0","0","0","0","0","0","0","0","0","0","0","9","0","39.9535","-75.2262","","CRASH_2001_Philadelphia"
"2001240167","06","67","67301","67301","2001","04","5","2217","22","3","1","0","4","1","","","N","01","2","00","3","0","0","2","2","N","N","","","9999","","9999","","0","","N","","3 ","","","","","","","","","","2","2","0","0","0","0","0","0","0","0","0","0","0","0","0","0","0","0","0","0","0","0","0","0","0","0","0","0","0","0","0","0","0","0","0","0","0","","","","CRASH_2001_Philadelphia"
"2001206181","06","67","67301","67301","2001","01","5","1507","15","1","1","0","7","1","","","N","00","0","00","3","0","1","1","1","N","N","","","9999","","9999","","0","","N","","0 ","","","","","","","","","","1","1","0","0","0","0","0","0","0","0","0","0","0","0","1","0","0","0","0","0","0","0","0","0","0","0","0","0","0","0","0","0","0","0","0","9","0","","","","CRASH_2001_Philadelphia"
"2001214626","06","67","67301","67301","2001","03","5","1822","18","3","1","0","4","1","","","N","01","2","00","3","0","1","2","2","N","N","39 57:39.960","75 08:47.400","9999","","9999","","0","","N","","3 ","","","","","","","","","","2","2","0","0","0","0","0","0","0","0","0","1","1","0","0","0","0","0","0","0","0","0","0","0","0","0","0","0","0","0","0","0","0","0","0","4","0","39.9611","-75.1465","","CRASH_2001_Philadelphia"
"2001223845","06","67","67301","67301","2001","03","2","0912","09","1","1","0","5","1","","","N","00","0","00","3","0","2","2","2","N","N","39 56:52.440","75 13:39.000","9999","","9999","","0","","N","","0 ","","","","","","","","","","2","2","0","0","0","0","0","0","0","0","0","0","0","0","2","0","0","0","0","0","0","0","0","0","0","0","0","0","0","0","0","0","0","0","0","9","0","39.9478","-75.2274","","CRASH_2001_Philadelphia"
"2002016713","06","67","67301","67301","2001","07","2","1530","15","1","2","0","4","2","","","N","00","0","00","3","0","0","3","2","N","N","40 02:02.799","75 12:57.664","1555","","1548","","0","","N","","0 ","","","","","","","","","","2","0","2","0","0","0","0","0","0","0","0","0","0","0","0","0","0","0","0","0","1","0","0","0","0","0","0","0","0","0","0","0","0","0","0","0","0","40.0341","-75.2159","","CRASH_2001_Philadelphia"
"2002028527","06","67","67301","67301","2001","09","1","1949","19","3","1","0","4","1","","","N","01","0","00","3","0","1","2","2","N","N","40 06:52.056","74 59:16.817","1957","","1957","","0","","N","","0 ","","","","","","","","","","2","0","0","0","2","0","0","0","0","0","0","1","1","0","1","0","0","0","0","0","1","0","0","0","0","0","0","0","0","0","0","0","0","0","0","4","0","40.1141","-74.9877","","CRASH_2001_Philadelphia"
"2002004240","06","67","67301","67301","2001","06","7","1500","15","1","1","0","4","1","","","N","00","2","00","3","0","0","2","2","N","N","40 00:57.326","75 09:15.184","1505","","1501","9","1","4","N","","3 ","N","","","","","","","","","2","2","0","0","0","0","0","0","0","0","0","0","0","0","0","0","0","0","0","0","0","1","0","2","0","0","0","0","0","0","0","0","0","0","0","0","0","40.0158","-75.1541","","CRASH_2001_Philadelphia"
"2002010761","06","67","67301","67301","2001","06","4","2050","20","3","1","0","7","4","","","N","00","0","00","3","0","1","1","1","N","N","39 54:24.708","75 08:59.435","2100","","2055","","0","","N","","0 ","","","","","","","","","","1","0","0","0","1","0","0","0","0","0","0","1","1","0","0","0","0","0","0","0","0","0","0","1","0","0","0","0","0","0","0","0","0","0","0","4","0","39.9074","-75.1497","","CRASH_2001_Philadelphia"
"2001233069","06","67","67301","67301","2001","04","4","1015","10","1","1","0","8","1","","","N","01","2","00","3","0","1","2","2","N","N","39 57:04.680","75 09:18.360","9999","","9999","","0","","N","","3 ","","","","","","","","","","1","1","0","0","0","0","0","0","0","0","1","0","1","0","0","0","0","0","0","0","0","0","0","0","0","0","0","0","0","0","0","0","1","0","0","3","0","39.9513","-75.1552","","CRASH_2001_Philadelphia"
"2001233079","06","67","67301","67301","2001","04","4","0900","09","1","1","0","1","1","","","N","00","0","00","3","0","1","2","2","N","N","39 58:48.720","75 09:27.360","9999","","9999","","0","","N","","0 ","","","","","","","","","","2","1","0","0","0","0","0","0","0","0","1","0","1","0","0","0","0","0","0","0","1","0","0","0","0","0","0","0","0","0","0","0","0","0","0","3","0","39.9802","-75.1576","","CRASH_2001_Philadelphia"
"2001238120","06","67","67301","67301","2001","04","3","0828","08","1","1","0","4","1","","","N","02","2","00","3","0","1","2","2","N","N","40 01:46.560","75 12:22.320","9999","","9999","","0","","N","","3 ","","","","","","","","","","2","2","0","0","0","0","0","0","0","0","0","1","1","0","0","0","0","0","0","0","1","0","0","0","0","0","0","0","0","0","0","0","0","0","0","4","0","40.0296","-75.2064","","CRASH_2001_Philadelphia"
"2001400724","06","67","67301","67301","2001","08","1","2244","22","3","1","0","4","1","","","N","01","2","00","3","2","5","7","2","N","N","40 01:30.360","75 07:31.800","9999","","9999","","0","","N","9","3 ","","","","","","","","","","2","1","0","0","1","0","0","0","0","1","2","2","5","0","0","0","0","1","0","0","0","0","0","0","0","0","0","0","0","0","0","0","0","0","0","1","0","40.0255","-75.1254","2 ","CRASH_2001_Philadelphia"
"2001238109","06","67","67301","67301","2001","04","7","1200","12","1","1","0","4","1","","","N","01","2","00","3","0","2","5","2","N","N","","","9999","","9999","","0","","N","","3 ","","","","","","","","","","2","2","0","0","0","0","0","0","0","0","2","0","2","0","0","0","0","0","0","0","0","0","0","0","0","0","0","0","0","0","0","0","0","0","0","3","0","","","","CRASH_2001_Philadelphia"
"2001240948","06","67","67301","67301","2001","04","3","0925","09","1","1","0","6","1","","","N","01","2","00","3","0","1","2","2","N","N","40 02:11.040","75 07:49.800","9999","","9999","","0","","N","","3 ","","","","","","","","","","2","0","0","2","0","0","0","0","0","0","0","1","1","0","0","0","0","0","0","0","0","0","0","0","0","0","0","0","0","0","0","0","0","0","0","4","2","40.0364","-75.1305","","CRASH_2001_Philadelphia"
"2001401076","06","67","67301","67301","2001","12","6","2026","20","3","1","0","5","1","","","N","00","0","00","3","1","1","4","3","N","N","40 02:51.720","74 59:57.480","9999","","9999","","0","","N","9","0 ","","","","","","","","","","3","2","0","1","0","0","0","0","0","0","1","0","1","0","0","0","0","0","1","0","0","0","0","1","1","0","0","0","0","0","0","0","0","0","0","1","1","40.0476","-74.9997","2 ","CRASH_2001_Philadelphia"
"2001401365","06","67","67301","67301","2001","12","2","0800","08","1","1","0","7","1","","","N","00","0","00","3","1","0","3","2","N","N","","","9999","","9999","","0","","N","9","0 ","","","","","","","","","","2","1","0","0","0","0","0","0","0","0","0","0","0","0","0","0","0","0","0","0","0","0","1","1","1","0","0","0","0","0","0","0","0","0","0","1","0","","","0 ","CRASH_2001_Philadelphia"
"2001233096","06","67","67301","67301","2001","04","5","0800","08","1","1","0","4","1","","","N","01","2","00","3","0","0","3","4","N","N","39 55:21.720","75 09:23.760","9999","","9999","","0","","N","","3 ","","","","","","","","","","4","2","0","0","0","0","0","0","0","0","0","0","0","0","0","0","0","0","1","0","0","0","0","0","0","0","0","0","0","0","0","0","0","0","0","0","0","39.9227","-75.1565","","CRASH_2001_Philadelphia"
"2001248749","06","67","67301","67301","2001","05","7","0035","00","3","1","0","4","1","","","N","01","2","00","3","0","0","2","2","N","N","40 01:46.200","75 08:48.480","9999","","9999","","0","","N","","3 ","","","","","","","","","","2","1","0","0","0","0","0","0","0","0","0","0","0","0","0","0","0","0","0","0","0","0","0","0","0","0","0","0","0","0","0","0","0","0","0","0","0","40.0295","-75.1467","","CRASH_2001_Philadelphia"
"2001233225","06","67","67301","67301","2001","04","6","1718","17","1","1","0","4","1","","","N","01","2","00","3","0","1","2","2","N","N","40 03:47.160","75 01:19.200","9999","","9999","","0","","N","","3 ","","","","","","","","","","2","2","0","0","0","0","0","0","0","0","1","0","1","0","0","0","0","0","0","0","0","0","0","0","0","0","0","0","0","0","0","0","0","0","0","3","0","40.0631","-75.022","","CRASH_2001_Philadelphia"
"2001266441","06","67","67301","67301","2001","07","6","0530","05","5","1","0","7","1","","","N","00","0","03","3","0","0","1","1","N","N","39 57:50.760","75 08:18.960","9999","","9999","","0","","N","","0 ","","","","","","","","","","1","0","0","0","0","0","1","0","0","0","0","0","0","0","0","0","1","0","0","0","0","0","0","0","0","0","0","0","0","0","0","0","0","0","0","0","0","39.9643","-75.1384","","CRASH_2001_Philadelphia"
"2001288080","06","67","67301","","2001","04","2","1830","18","1","1","0","4","1","","","N","01","2","00","3","0","1","2","2","N","N","","","9999","","9999","","0","","N","","3 ","","","","","","","","","","2","0","0","0","0","0","0","1","0","0","0","1","1","0","0","0","0","0","0","0","0","0","0","0","0","0","0","0","0","0","0","0","0","0","0","4","0","","","","CRASH_2001_Philadelphia"
"2002004022","06","67","67301","67301","2001","06","4","1248","12","1","1","0","1","1","","","N","00","0","00","3","0","1","3","2","N","N","40 01:03.642","75 12:40.987","1251","","1248","","0","","N","","0 ","","","","","","","","","","2","1","0","0","1","0","0","0","0","0","0","1","1","0","0","0","0","1","0","0","0","0","0","0","0","0","0","0","0","0","0","0","0","0","0","4","0","40.0177","-75.2114","","CRASH_2001_Philadelphia"
"2001243503","06","67","67301","67301","2001","04","5","1920","19","1","1","0","1","1","","","N","00","0","00","3","0","0","2","2","N","N","39 59:48.120","75 09:14.040","9999","","9999","","0","","N","","0 ","","","","","","","","","","2","1","0","0","0","0","0","1","0","0","0","0","0","0","0","0","0","0","0","0","0","0","0","0","0","0","0","0","0","0","0","0","0","0","0","0","0","39.9967","-75.1539","","CRASH_2001_Philadelphia"
"2001243539","06","67","67301","67301","2001","04","2","1845","18","4","1","0","1","1","","","N","01","2","00","3","0","1","2","2","N","N","39 59:32.640","75 10:46.560","9999","","9999","","0","","N","","3 ","","","","","","","","","","2","2","0","0","0","0","0","0","0","0","0","1","1","0","0","0","0","0","0","0","0","0","0","0","0","0","0","0","0","0","0","0","0","0","0","4","0","39.9924","-75.1796","","CRASH_2001_Philadelphia"
"2001244736","06","67","67301","67301","2001","05","1","1500","15","1","1","0","8","1","","","N","00","0","00","3","0","1","2","2","N","N","","","9999","","9999","","0","","N","","0 ","","","","","","","","","","1","0","0","0","0","0","0","0","0","0","0","1","1","0","0","0","0","0","0","0","0","0","0","0","0","0","0","0","0","0","0","0","1","0","0","4","0","","","","CRASH_2001_Philadelphia"
"2002042149","06","67","67301","67301","2001","10","1","2127","21","3","1","0","4","1","","","N","01","2","00","3","0","2","4","2","N","N","40 02:25.793","75 10:43.149","2129","","2129","","0","","N","","3 ","","","","","","","","","","2","1","0","0","1","0","0","0","0","0","0","2","2","0","0","0","0","0","0","0","0","0","0","0","0","0","0","0","0","0","0","0","0","0","0","4","0","40.0404","-75.1786","","CRASH_2001_Philadelphia"
"2002027606","06","67","67301","67301","2001","09","1","1340","13","1","1","0","8","1","","","N","00","0","00","3","0","1","2","2","N","N","40 04:16.273","75 01:55.575","1342","","1342","","0","","N","","0 ","","","","","","","","","","1","1","0","0","0","0","0","0","0","0","1","0","1","0","0","0","0","0","0","0","1","0","0","0","0","0","0","0","0","0","0","0","1","0","0","3","0","40.0713","-75.0322","","CRASH_2001_Philadelphia"
"2002033566","06","67","67301","67301","2001","11","6","0806","08","1","1","0","8","1","","","N","01","2","00","3","0","1","2","2","N","N","40 02:08.100","75 13:02.573","0808","","0806","","0","","N","","3 ","","","","","","","","","","1","1","0","0","0","0","0","0","0","0","1","0","1","0","0","0","0","0","0","0","0","0","0","0","0","0","0","0","0","0","0","0","1","0","0","3","0","40.0355","-75.2173","","CRASH_2001_Philadelphia"
"2002048987","06","67","67301","67301","2001","08","4","1737","17","1","1","0","4","1","","","N","02","3","00","3","0","2","3","2","N","N","39 56:45.663","75 14:20.917","1740","","1739","1","2","6","N","","3 ","Y","","","","","","","","","1","1","0","0","0","0","0","0","0","0","0","2","2","0","0","0","0","0","0","0","0","0","0","0","0","0","0","0","0","0","0","0","0","0","0","4","0","39.9461","-75.2394","","CRASH_2001_Philadelphia"
"2002017253","06","67","67301","67301","2001","07","1","1005","10","1","1","0","7","2","","","N","00","0","00","3","0","0","1","1","N","N","39 59:02.818","75 05:57.601","1010","","1005","","0","","N","","0 ","","","","","","","","","","1","1","0","0","0","0","0","0","0","0","0","0","0","0","0","0","0","0","0","0","1","0","0","1","0","0","0","0","0","0","0","0","0","0","0","0","0","39.9841","-75.0994","","CRASH_2001_Philadelphia"
"2002023037","06","67","67301","67301","2001","08","5","1905","19","1","1","0","8","1","","","N","02","2","00","3","0","1","2","2","N","N","40 01:29.488","75 07:35.888","1906","","1905","","0","","N","","3 ","","","","","","","","","","1","1","0","0","0","0","0","0","0","0","0","1","1","0","0","0","0","0","0","0","0","0","0","0","0","0","0","0","0","0","0","0","1","0","0","4","0","40.0248","-75.1269","","CRASH_2001_Philadelphia"
"2002025077","06","67","67301","67301","2001","08","6","1125","11","1","1","0","7","2","","","N","00","0","00","3","0","1","1","1","N","N","40 01:05.444","75 10:08.878","1130","","1125","","0","","N","","0 ","","","","","","","","","","1","1","0","0","0","0","0","0","0","0","0","1","1","0","0","0","0","0","0","0","0","0","0","0","0","0","0","0","0","0","0","0","0","0","0","4","0","40.0182","-75.169","","CRASH_2001_Philadelphia"
"2002028516","06","67","67301","67301","2001","09","6","1155","11","1","2","1","2","1","","","N","00","2","00","3","0","1","2","2","N","N","39 58:38.287","75 12:47.472","1205","","1156","","0","","N","","3 ","","","","","","","","","","2","1","1","0","0","0","0","0","0","0","0","1","1","0","0","0","0","0","0","0","0","0","0","0","0","0","0","0","0","0","0","0","0","0","0","4","0","39.9775","-75.2133","","CRASH_2001_Philadelphia"
"2002029534","06","67","67301","67301","2001","09","3","2001","20","3","1","0","8","1","","","N","00","0","00","3","0","1","2","2","N","N","39 58:43.480","75 09:29.334","2005","","2001","","0","","N","","0 ","","","","","","","","","","1","1","0","0","0","0","0","0","0","0","0","1","1","0","0","0","0","0","0","0","0","0","0","0","0","0","0","0","0","0","0","0","1","0","0","4","0","39.9805","-75.1721","","CRASH_2001_Philadelphia"
"2002029591","06","67","67301","67301","2001","09","2","0803","08","1","1","0","4","1","","","N","01","3","00","3","0","1","2","3","N","N","40 01:27.847","75 02:26.005","0810","","0803","","0","","N","","3 ","","","","","","","","","","3","1","0","0","1","0","0","0","0","0","0","1","1","0","0","0","0","0","0","0","1","0","0","0","0","0","0","0","0","0","0","0","0","0","0","4","0","40.0244","-75.0406","","CRASH_2001_Philadelphia"
"2001267404","06","67","67301","67301","2001","08","5","1935","19","4","1","0","8","1","","","N","02","2","00","3","0","1","2","2","N","N","40 02:55.680","75 00:44.640","9999","","9999","","0","","N","","3 ","","","","","","","","","","1","1","0","0","0","0","0","0","0","0","0","0","0","0","1","0","1","0","0","0","0","0","0","0","0","0","0","0","0","0","0","0","1","0","0","9","0","40.0488","-75.0123","","CRASH_2001_Philadelphia"
"2002004025","06","67","67301","67301","2001","06","5","2340","23","3","1","0","1","1","","","N","01","2","00","3","0","3","4","2","N","N","40 03:23.594","75 02:47.503","1145","","1140","","0","","N","","3 ","","","","","","","","","","2","1","0","0","1","0","0","0","0","0","0","3","3","0","0","0","0","0","0","0","0","0","0","0","0","0","0","0","0","0","0","0","0","0","0","4","0","40.0566","-75.0466","","CRASH_2001_Philadelphia"
"2001254811","06","67","67301","67301","2001","06","2","0235","02","3","1","0","7","5","","","N","02","0","00","3","0","1","2","1","N","N","40 03:04.680","75 00:33.120","9999","","9999","","0","","N","","0 ","","","","","","","","","","1","1","0","0","0","0","0","0","0","0","0","1","1","0","0","0","1","0","0","0","0","0","0","2","0","0","0","0","0","0","0","0","0","0","0","4","0","40.0514","-75.0091","","CRASH_2001_Philadelphia"
"2001240275","06","67","67301","67301","2001","04","7","2300","23","3","1","0","0","1","","","N","00","0","00","3","0","1","1","1","N","N","40 00:30.600","75 11:42.360","9999","","9999","","0","","N","","0 ","","","","","","","","","","1","0","0","0","0","0","1","0","0","0","1","0","1","0","0","0","0","0","0","0","0","0","0","0","0","0","0","0","0","0","0","0","0","0","0","3","0","40.0085","-75.1952","","CRASH_2001_Philadelphia"
"2001288303","06","67","67301","","2001","07","2","1625","16","1","1","0","4","1","","","N","02","9","00","3","0","1","2","2","N","N","39 56:40.315","75 09:50.965","9999","","9999","","0","","N","","9 ","","","","","","","","","","1","1","0","0","0","0","0","0","1","0","0","1","1","0","0","0","0","0","0","0","0","0","0","0","0","0","0","0","0","0","0","0","0","0","0","4","0","39.9445","-75.1642","","CRASH_2001_Philadelphia"
"2001288601","06","67","67301","","2001","11","4","2200","22","3","5","1","1","1","","","N","00","0","00","3","0","2","3","2","N","N","","","9999","","9999","","0","","N","","0 ","","","","","","","","","","2","1","0","0","0","0","0","0","0","0","0","0","0","0","2","0","0","0","0","0","0","0","0","0","0","0","0","0","0","0","0","0","0","0","0","9","0","","","","CRASH_2001_Philadelphia"
"2001206176","06","67","67301","67301","2001","01","4","1930","19","2","1","0","1","1","","","N","01","3","00","3","0","1","2","2","N","N","","","9999","","9999","","0","","N","","3 ","","","","","","","","","","2","1","0","0","0","0","0","0","0","0","0","1","1","0","0","0","0","0","0","0","0","0","0","0","0","0","0","0","0","0","0","0","0","0","0","4","0","","","","CRASH_2001_Philadelphia"
"2002022077","06","67","67301","67301","2001","08","3","2140","21","3","1","2","7","2","","","N","00","0","00","3","0","1","3","1","N","N","39 55:28.196","75 11:33.669","2150","","2145","2","2","4","Y","","0 ","Y","","","","","","","","","1","1","0","0","0","0","0","0","0","0","0","1","1","0","0","0","0","0","0","0","0","0","0","0","0","0","0","0","0","0","0","0","0","0","0","4","0","39.9252","-75.1936","","CRASH_2001_Philadelphia"
"2002034849","06","67","67301","67301","2001","11","5","1810","18","3","1","0","7","4","","","N","00","0","00","3","0","1","1","1","N","N","40 03:25.920","75 07:44.400","1815","","1813","","0","","N","","0 ","","","","","","","","","","1","1","0","0","0","0","0","0","0","0","0","1","1","0","0","0","0","0","0","0","1","0","0","0","0","0","0","0","0","0","0","0","0","0","0","4","0","40.0572","-75.129","","CRASH_2001_Philadelphia"
"2002008898","06","67","67301","67301","2001","06","2","0735","07","1","1","0","4","1","","","N","02","2","00","3","0","0","2","2","N","N","40 01:09.480","75 02:42.000","0742","","0735","","0","","N","","3 ","","","","","","","","","","2","2","0","0","0","0","0","0","0","0","0","0","0","0","0","0","0","0","0","0","0","0","0","0","0","0","0","0","0","0","0","0","0","0","0","0","0","40.0192","-75.0449","","CRASH_2001_Philadelphia"
"2001243457","06","67","67301","67301","2001","05","4","1855","18","1","1","0","4","1","","","N","01","2","00","3","0","1","2","2","N","N","","","9999","","9999","","0","","N","","3 ","","","","","","","","","","2","1","0","0","1","0","0","0","0","0","0","1","1","0","0","0","0","0","0","0","0","0","0","0","0","0","0","0","0","0","0","0","0","0","0","4","0","","","","CRASH_2001_Philadelphia"
"2001243496","06","67","67301","67301","2001","04","2","1500","15","1","1","0","4","1","","","N","01","2","00","3","0","0","2","2","N","N","39 59:19.680","75 07:12.720","9999","","9999","","0","","N","","3 ","","","","","","","","","","2","2","0","0","0","0","0","0","0","0","0","0","0","0","0","0","0","0","0","0","0","0","0","0","0","0","0","0","0","0","0","0","0","0","0","0","0","39.9888","-75.1202","","CRASH_2001_Philadelphia"
"2001255846","06","67","67301","67301","2001","05","7","1058","10","1","1","0","7","1","","","N","02","3","00","3","0","0","2","1","N","N","39 57:59.428","75 12:52.091","9999","","9999","","0","","N","","3 ","","","","","","","","","","1","1","0","0","0","0","0","0","0","0","0","0","0","0","0","0","0","0","0","0","0","0","0","0","0","0","0","0","0","0","0","0","0","0","0","0","0","39.9665","-75.2145","","CRASH_2001_Philadelphia"
"2001287973","06","67","67301","","2001","03","3","1250","12","1","9","1","0","1","","","N","00","0","00","3","0","1","1","1","N","N","","","9999","","9999","","0","","N","","0 ","","","","","","","","","","1","1","0","0","0","0","0","0","0","0","0","0","0","0","1","0","0","0","0","0","0","1","0","0","0","0","0","0","0","0","0","0","0","0","0","9","0","","","","CRASH_2001_Philadelphia"
"2001243637","06","67","67301","67301","2001","04","1","0356","03","3","1","0","4","1","","","N","01","2","00","3","0","3","5","2","N","N","39 59:45.600","75 10:14.880","9999","","9999","","0","","N","","3 ","","","","","","","","","","2","0","0","0","0","0","0","1","0","0","0","3","3","0","0","0","0","0","0","0","0","0","0","0","0","0","0","0","0","0","0","0","0","0","0","4","0","39.996","-75.1707","","CRASH_2001_Philadelphia"