"CRN","DISTRICT","COUNTY","MUNICIPALITY","POLICE_AGCY","CRASH_YEAR","CRASH_MONTH","DAY_OF_WEEK","TIME_OF_DAY","HOUR_OF_DAY","ILLUMINATION","WEATHER","ROAD_CONDITION","COLLISION_TYPE","RELATION_TO_ROAD","WORK_ZONE_TYPE","WORK_ZONE_LOC","WORK_ZONE_IND","INTERSECT_TYPE","TCD_TYPE","LOCATION_TYPE","URBAN_RURAL","FATAL_COUNT","INJURY_COUNT","PERSON_COUNT","TOTAL_UNITS","SCH_BUS_IND","SCH_ZONE_IND","LATITUDE","LONGITUDE","ARRIVAL_TM","CONS_ZONE_SPD_LIM","DISPATCH_TM","EST_HRS_CLOSED","LANE_CLOSED","LN_CLOSE_DIR","NTFY_HIWY_MAINT","SPEC_JURIS_CD","TCD_FUNC_CD","TFC_DETOUR_IND","WORKERS_PRES","WZ_CLOSE_DETOUR","WZ_FLAGGER","WZ_LAW_OFFCR_IND","WZ_LN_CLOSURE","WZ_MOVING","WZ_OTHER","WZ_SHLDER_MDN","VEHICLE_COUNT","AUTOMOBILE_COUNT","MOTORCYCLE_COUNT","BUS_COUNT","SMALL_TRUCK_COUNT","HEAVY_TRUCK_COUNT","SUV_COUNT","VAN_COUNT","BICYCLE_COUNT","MAJ_INJ_COUNT","MOD_INJ_COUNT","MIN_INJ_COUNT","TOT_INJ_COUNT","UNK_INJ_DEG_COUNT","UNK_INJ_PER_COUNT","DRIVER_COUNT_16YR","DRIVER_COUNT_17YR","DRIVER_COUNT_18YR","DRIVER_COUNT_19YR","DRIVER_COUNT_20YR","DRIVER_COUNT_50_64YR","DRIVER_COUNT_65_74YR","DRIVER_COUNT_75PLUS","UNBELTED_OCC_COUNT","UNB_DEATH_COUNT","UNB_MAJ_INJ_COUNT","BELTED_DEATH_COUNT","BELTED_MAJ_INJ_COUNT","MCYCLE_DEATH_COUNT","MCYCLE_MAJ_INJ_COUNT","BICYCLE_DEATH_COUNT","BICYCLE_MAJ_INJ_COUNT","PED_COUNT","PED_DEATH_COUNT","PED_MAJ_INJ_COUNT","MAX_SEVERITY_LEVEL","COMM_VEH_COUNT","DEC_LAT","DEC_LONG","RDWY_SURF_TYPE_CD","COUNTY_YEAR"
"2001243743","06","67","67301","67301","2001","05","1","1900","19","1","1","0","4","1","","","N","01","2","00","3","0","3","6","2","N","N","39 57:30.600","75 14:15.000","9999","","9999","","0","","N","","3 ","","","","","","","","","","2","2","0","0","0","0","0","0","0","0","3","0","3","0","0","0","0","0","0","0","1","0","0","0","0","0","0","0","0","0","0","0","0","0","0","3","0","39.9584","-75.2375","","CRASH_2001_Philadelphia"
"2001283863","06","67","67301","67301","2001","04","4","2007","20","3","1","0","7","1","","","N","00","0","00","3","0","3","4","3","N","N","39 56:38.760","75 08:34.080","9999","","9999","","0","","N","","0 ","","","","","","","","","","3","2","0","0","0","1","0","0","0","1","0","2","3","0","0","0","0","0","0","0","2","0","0","1","0","1","0","0","0","0","0","0","0","0","0","2","1","39.9439","-75.143","","CRASH_2001_Philadelphia"
"2002021992","06","67","67301","67301","2001","08","2","0915","09","1","1","0","7","5","","","N","00","0","00","3","0","0","1","1","N","N","40 00:54.398","75 10:38.168","1715","","1709","","0","","N","","0 ","","","","","","","","","","1","1","0","0","0","0","0","0","0","0","0","0","0","0","0","0","0","0","0","0","0","0","0","1","0","0","0","0","0","0","0","0","0","0","0","0","0","40.0151","-75.1772","","CRASH_2001_Philadelphia"
"2002031127","06","67","67301","67301","2001","10","2","0030","00","3","2","1","7","2","","","N","00","0","01","3","0","1","2","1","N","N","39 58:29.419","75 11:38.487","0043","","0031","","0","","N","","0 ","","","","","","","","","","1","1","0","0","0","0","0","0","0","0","1","0","1","0","0","0","0","0","0","0","0","0","0","0","0","0","0","0","0","0","0","0","0","0","0","3","0","39.9749","-75.1943","","CRASH_2001_Philadelphia"
"2002034037","06","67","67301","67301","2001","10","4","1650","16","1","1","0","1","1","","","N","00","0","00","3","0","1","4","3","N","N","39 59:26.855","75 14:57.328","1710","","1652","","0","","N","","0 ","","","","","","","","","","3","3","0","0","0","0","0","0","0","0","0","1","1","0","0","0","0","0","0","0","1","0","0","0","0","0","0","0","0","0","0","0","0","0","0","4","0","39.9906","-75.2491","","CRASH_2001_Philadelphia"
"2001238921","06","67","67301","67301","2001","04","6","2017","20","3","1","0","9","1","","","N","00","0","00","3","0","0","1","5","N","N","","","9999","","9999","","0","","N","","0 ","","","","","","","","","","5","0","0","0","0","0","0","1","0","0","0","0","0","0","0","0","0","0","0","0","0","0","0","0","0","0","0","0","0","0","0","0","0","0","0","0","0","","","","CRASH_2001_Philadelphia"
"2001288315","06","67","67301","","2001","07","3","1630","16","9","9","9","1","1","","","N","02","2","00","3","0","1","2","2","N","N","40 02:33.720","75 06:48.960","9999","","9999","","0","","N","","3 ","","","","","","","","","","2","0","0","0","0","0","0","1","0","0","0","1","1","0","0","0","0","0","0","0","0","0","0","0","0","0","0","0","0","0","0","0","0","0","0","4","0","40.0427","-75.1136","","CRASH_2001_Philadelphia"
"2002004004","06","67","67301","67301","2001","06","2","1015","10","1","1","0","1","1","","","N","02","1","00","3","0","2","3","2","N","N","40 02:37.715","75 13:43.075","1023","","1019","","0","","N","","3 ","","","","","","","","","","2","2","0","0","0","0","0","0","0","0","0","2","2","0","0","0","0","0","0","0","0","1","0","0","0","0","0","0","0","0","0","0","0","0","0","4","0","40.0437","-75.2283","","CRASH_2001_Philadelphia"
"2001238187","06","67","67301","67301","2001","04","5","2133","21","3","1","0","4","1","","","N","01","2","00","3","0","1","3","2","N","N","39 58:48.720","75 06:58.320","9999","","9999","","0","","N","","3 ","","","","","","","","","","2","2","0","0","0","0","0","0","0","0","0","0","0","0","1","0","0","0","0","0","0","0","0","0","0","0","0","0","0","0","0","0","0","0","0","9","0","39.9802","-75.1162","","CRASH_2001_Philadelphia"
"2001243608","06","67","67301","67301","2001","04","7","2320","23","3","1","0","4","1","","","N","01","9","00","3","0","2","2","2","N","N","","","9999","","9999","","0","","N","","9 ","","","","","","","","","","2","2","0","0","0","0","0","0","0","0","0","1","1","0","1","0","0","0","0","0","0","0","0","0","0","0","0","0","0","0","0","0","0","0","0","4","0","","","","CRASH_2001_Philadelphia"
"2001243673","06","67","67301","67301","2001","03","1","2354","23","3","1","0","4","1","","","N","01","3","00","3","0","0","3","2","N","N","","","9999","","9999","","0","","N","","3 ","","","","","","","","","","2","2","0","0","0","0","0","0","0","0","0","0","0","0","0","0","0","0","0","0","0","0","0","0","0","0","0","0","0","0","0","0","0","0","0","0","0","","","","CRASH_2001_Philadelphia"
"2002004246","06","67","67301","67301","2001","06","2","0925","09","1","9","9","4","1","","","N","99","9","00","3","0","1","2","2","N","N","","","0930","","0929","","0","","N","","9 ","","","","","","","","","","2","1","1","0","0","0","0","0","0","0","0","1","1","0","0","0","0","0","0","0","1","0","0","0","0","0","0","0","0","0","0","0","0","0","0","4","0","","","","CRASH_2001_Philadelphia"
"2001244710","06","67","67301","67301","2001","05","2","9999","99","3","1","0","9","1","","","N","00","0","00","3","0","0","1","4","N","N","","","9999","","9999","","0","","N","","0 ","","","","","","","","","","4","0","0","0","1","0","0","0","0","0","0","0","0","0","0","0","0","0","0","0","0","0","0","0","0","0","0","0","0","0","0","0","0","0","0","0","0","","","","CRASH_2001_Philadelphia"
"2002010555","06","67","67301","67301","2001","07","3","2205","22","3","1","0","0","1","","","N","00","0","00","3","0","3","3","2","N","N","","","2219","","2216","","0","","N","","0 ","","","","","","","","","","2","2","0","0","0","0","0","0","0","0","1","2","3","0","0","0","0","0","0","0","0","0","0","0","0","0","0","0","0","0","0","0","0","0","0","3","0","","","","CRASH_2001_Philadelphia"
"2001209059","06","67","67301","67301","2001","01","4","1130","11","1","1","0","8","1","","","N","00","0","00","3","0","1","2","2","N","N","39 59:26.520","75 06:55.440","9999","","9999","","0","","N","","0 ","","","","","","","","","","1","1","0","0","0","0","0","0","0","0","0","1","1","0","0","0","0","0","0","0","0","0","0","0","0","0","0","0","0","0","0","0","1","0","0","4","0","39.9907","-75.1154","","CRASH_2001_Philadelphia"
"2001210575","06","67","67301","67301","2001","01","1","1200","12","1","1","0","4","1","","","N","01","2","00","3","0","2","7","2","N","N","40 00:25.549","75 05:38.543","9999","","9999","","0","","N","","3 ","","","","","","","","","","2","2","0","0","0","0","0","0","0","0","0","0","0","0","2","0","0","0","0","0","0","0","0","0","0","0","0","0","0","0","0","0","0","0","0","9","0","40.0071","-75.094","","CRASH_2001_Philadelphia"
"2001233525","06","67","67301","67301","2001","03","6","1310","13","1","2","1","0","1","","","N","00","0","02","3","0","1","1","1","N","N","39 54:49.680","75 08:54.600","9999","","9999","","0","","N","","0 ","","","","","","","","","","1","0","0","0","0","1","0","0","0","1","0","0","1","0","0","0","0","0","0","0","0","0","0","1","0","1","0","0","0","0","0","0","0","0","0","2","1","39.9135","-75.1485","","CRASH_2001_Philadelphia"
"2001238911","06","67","67301","67301","2001","04","4","1020","10","1","2","1","4","1","","","N","05","2","02","3","0","0","2","2","N","N","40 00:33.120","75 04:08.400","9999","","9999","","0","","N","","3 ","","","","","","","","","","2","1","0","0","0","1","0","0","0","0","0","0","0","0","0","0","0","0","0","0","1","0","0","0","0","0","0","0","0","0","0","0","0","0","0","0","1","40.0092","-75.069","","CRASH_2001_Philadelphia"
"2001240933","06","67","67301","67301","2001","04","7","2249","22","3","1","0","0","1","","","N","00","0","00","3","0","4","4","1","N","N","40 02:47.760","75 03:09.000","9999","","9999","","0","","N","","0 ","","","","","","","","","","1","0","0","0","0","0","1","0","0","0","0","4","4","0","0","0","0","0","0","0","0","0","0","0","0","0","0","0","0","0","0","0","0","0","0","4","0","40.0467","-75.0525","","CRASH_2001_Philadelphia"
"2001248783","06","67","67301","67301","2001","05","3","1315","13","1","1","0","8","1","","","N","00","0","00","3","0","1","2","2","N","N","","","9999","","9999","","0","","N","","0 ","","","","","","","","","","1","0","0","0","1","0","0","0","0","0","0","0","0","0","1","0","0","0","0","0","0","0","0","0","0","0","0","0","0","0","0","0","1","0","0","9","0","","","","CRASH_2001_Philadelphia"
"2001248846","06","67","67301","67301","2001","05","2","1900","19","1","1","0","4","1","","","N","01","2","00","3","0","1","2","2","N","N","39 55:49.440","75 10:05.880","9999","","9999","","0","","N","","3 ","","","","","","","","","","2","2","0","0","0","0","0","0","0","0","0","1","1","0","0","0","0","0","0","0","1","0","0","0","0","0","0","0","0","0","0","0","0","0","0","4","0","39.9305","-75.1684","","CRASH_2001_Philadelphia"
"2001243705","06","67","67301","67301","2001","05","5","2325","23","3","1","0","4","1","","","N","02","2","00","3","0","0","2","2","N","N","40 04:01.920","75 01:41.160","9999","","9999","","0","","N","","3 ","","","","","","","","","","2","1","0","0","1","0","0","0","0","0","0","0","0","0","0","0","0","0","1","0","0","0","0","0","0","0","0","0","0","0","0","0","0","0","0","0","0","40.0673","-75.0282","","CRASH_2001_Philadelphia"
"2001210678","06","67","67301","67301","2001","02","6","1838","18","3","1","0","4","1","","","N","01","2","00","3","0","1","2","2","N","N","40 05:12.120","74 58:18.480","9999","","9999","","0","","N","","3 ","","","","","","","","","","2","1","0","0","0","0","1","0","0","0","1","0","1","0","0","0","0","0","0","0","0","0","0","1","0","0","0","0","0","0","0","0","0","0","0","3","0","40.0868","-74.9719","","CRASH_2001_Philadelphia"
"2001215722","06","67","67301","67301","2001","02","2","1120","11","1","1","0","4","1","","","N","01","2","00","3","0","3","4","3","N","N","40 00:20.520","75 05:56.400","9999","","9999","","0","","N","","3 ","","","","","","","","","","3","2","0","0","0","0","1","0","0","0","0","3","3","0","0","0","0","0","0","0","0","0","1","0","0","0","0","0","0","0","0","0","0","0","0","4","0","40.0057","-75.099","","CRASH_2001_Philadelphia"
"2001216898","06","67","67301","67301","2001","03","6","0912","09","1","2","1","4","1","","","N","02","3","00","3","0","1","2","2","N","N","","","9999","","9999","","0","","N","","3 ","","","","","","","","","","2","2","0","0","0","0","0","0","0","0","0","0","0","0","1","0","0","0","0","0","0","0","0","1","0","0","0","0","0","0","0","0","0","0","0","9","0","","","","CRASH_2001_Philadelphia"
"2001217006","06","67","67301","67301","2001","03","3","1909","19","3","1","0","4","1","","","N","01","2","00","3","0","1","2","2","N","N","","","9999","","9999","","0","","N","","3 ","","","","","","","","","","2","2","0","0","0","0","0","0","0","0","0","1","1","0","0","0","0","0","0","0","0","0","0","1","0","0","0","0","0","0","0","0","0","0","0","4","0","","","","CRASH_2001_Philadelphia"
"2001233314","06","67","67301","67301","2001","03","3","1735","17","1","1","0","4","1","","","N","00","0","07","3","0","0","2","2","N","N","","","9999","","9999","","0","","N","","0 ","","","","","","","","","","2","2","0","0","0","0","0","0","0","0","0","0","0","0","0","0","0","0","0","1","0","0","0","0","0","0","0","0","0","0","0","0","0","0","0","0","0","","","","CRASH_2001_Philadelphia"
"2001233513","06","67","67301","67301","2001","03","6","1643","16","1","1","0","1","1","","","N","01","2","00","3","0","8","8","3","N","N","","","9999","","9999","","0","","N","","3 ","","","","","","","","","","3","2","0","0","0","0","1","0","0","0","0","0","0","0","8","0","0","0","0","0","0","0","0","0","0","0","0","0","0","0","0","0","0","0","0","9","0","","","","CRASH_2001_Philadelphia"
"2001240131","06","67","67301","67301","2001","04","4","1100","11","1","1","0","5","1","","","N","00","0","00","3","0","1","3","4","N","N","","","9999","","9999","","0","","N","","0 ","","","","","","","","","","4","1","0","1","0","0","0","0","0","0","0","0","0","0","1","0","0","0","0","0","2","0","0","0","0","0","0","0","0","0","0","0","0","0","0","9","1","","","","CRASH_2001_Philadelphia"
"2001244729","06","67","67301","67301","2001","05","5","1923","19","1","1","0","4","1","","","N","01","2","00","3","0","1","2","2","N","N","","","9999","","9999","","0","","N","","3 ","","","","","","","","","","1","1","0","0","0","0","0","0","1","0","0","1","1","0","0","0","0","0","0","0","0","0","1","0","0","0","0","0","0","0","0","0","0","0","0","4","0","","","","CRASH_2001_Philadelphia"
"2001239092","06","67","67301","67301","2001","04","1","0259","02","3","1","0","5","1","","","N","00","0","00","3","0","1","6","2","N","N","","","9999","","9999","","0","","N","","0 ","","","","","","","","","","2","2","0","0","0","0","0","0","0","0","0","1","1","0","0","0","0","0","1","0","0","0","0","0","0","0","0","0","0","0","0","0","0","0","0","4","0","","","","CRASH_2001_Philadelphia"
"2001240138","06","67","67301","67301","2001","04","4","1600","16","1","2","0","7","1","","","N","00","0","00","3","0","1","1","1","N","N","","","9999","","9999","","0","","N","","0 ","","","","","","","","","","1","0","1","0","0","0","0","0","0","0","0","1","1","0","0","0","0","0","0","0","1","0","0","0","0","0","0","0","0","0","0","0","0","0","0","4","0","","","","CRASH_2001_Philadelphia"
"2001243621","06","67","67301","67301","2001","04","5","1558","15","1","1","0","4","1","","","N","00","0","00","3","0","1","2","2","N","N","","","9999","","9999","","0","","N","","0 ","","","","","","","","","","1","1","0","0","0","0","0","0","1","0","0","1","1","0","0","0","0","0","0","0","0","1","0","1","0","0","0","0","0","0","0","0","0","0","0","4","0","","","","CRASH_2001_Philadelphia"
"2001243685","06","67","67301","67301","2001","05","7","0010","00","3","1","0","1","1","1","8","Y","00","0","00","3","0","1","2","2","N","N","39 56:51.720","75 08:30.840","9999","99","9999","","0","","N","","0 ","","U","","","U","","","","","2","1","0","0","0","0","1","0","0","0","0","0","0","0","1","0","0","0","0","0","0","0","0","0","0","0","0","0","0","0","0","0","0","0","0","9","0","39.9475","-75.1419","","CRASH_2001_Philadelphia"
"2001243699","06","67","67301","67301","2001","05","3","1750","17","1","1","0","4","1","","","N","01","2","00","3","0","1","4","2","N","N","40 03:28.800","75 00:30.960","9999","","9999","","0","","N","","3 ","","","","","","","","","","2","2","0","0","0","0","0","0","0","0","0","0","0","0","1","0","0","0","0","0","0","0","0","0","0","0","0","0","0","0","0","0","0","0","0","9","0","40.0578","-75.0088","","CRASH_2001_Philadelphia"
"2001244626","06","67","67301","67301","2001","05","1","2300","23","2","1","0","4","1","","","N","01","3","00","3","0","3","4","2","Y","N","39 59:35.462","75 06:24.911","9999","","9999","","0","","N","","3 ","","","","","","","","","","2","0","0","1","0","0","1","0","0","0","0","3","3","0","0","0","0","1","0","0","1","0","0","0","0","0","0","0","0","0","0","0","0","0","0","4","1","39.9932","-75.1069","","CRASH_2001_Philadelphia"
"2001287560","06","67","67301","","2001","02","5","1500","15","1","1","0","5","1","","","N","00","0","00","3","0","2","3","2","N","N","","","9999","","9999","","0","","N","","0 ","","","","","","","","","","2","0","0","0","0","0","0","1","0","0","0","2","2","0","0","0","0","0","0","0","0","0","0","0","0","0","0","0","0","0","0","0","0","0","0","4","0","","","","CRASH_2001_Philadelphia"
"2001239034","06","67","67301","67301","2001","04","4","2045","20","3","2","1","9","1","","","N","00","0","00","3","0","0","1","2","N","N","","","9999","","9999","","0","","N","","0 ","","","","","","","","","","2","1","0","0","0","0","0","0","0","0","0","0","0","0","0","0","0","0","0","0","0","0","0","0","0","0","0","0","0","0","0","0","0","0","0","0","0","","","","CRASH_2001_Philadelphia"
"2001244770","06","67","67301","67301","2001","05","3","1730","17","1","1","0","9","1","","","N","00","0","00","3","0","4","8","4","N","N","","","9999","","9999","","0","","N","","0 ","","","","","","","","","","4","1","0","0","0","0","1","1","0","0","1","2","3","0","1","0","0","0","0","0","0","0","0","1","0","0","0","0","0","0","0","0","0","0","0","3","0","","","","CRASH_2001_Philadelphia"
"2001244895","06","67","67301","67301","2001","05","7","0225","02","3","1","0","4","1","","","N","01","3","00","3","0","1","2","2","N","N","40 03:57.240","75 10:35.400","9999","","9999","","0","","N","","3 ","","","","","","","","","","2","2","0","0","0","0","0","0","0","0","0","1","1","0","0","0","0","0","1","0","0","0","0","0","0","0","0","0","0","0","0","0","0","0","0","4","0","40.0659","-75.1765","","CRASH_2001_Philadelphia"
"2002017881","06","67","67301","67301","2001","08","1","2040","20","3","6","1","1","1","","","N","01","2","00","3","0","2","4","2","N","N","40 05:03.624","75 02:18.100","2042","","9999","","0","","N","","9 ","","","","","","","","","","2","2","0","0","0","0","0","0","0","0","0","2","2","0","0","0","0","0","0","0","0","0","0","1","0","0","0","0","0","0","0","0","0","0","0","4","0","40.0845","-75.0384","","CRASH_2001_Philadelphia"
"2002018342","06","67","67301","67301","2001","07","2","0710","07","1","1","0","5","1","","","N","01","0","99","3","0","0","3","2","N","N","40 04:20.862","75 11:16.681","0810","","0749","","0","","N","","0 ","","","","","","","","","","2","1","0","0","1","0","0","0","0","0","0","0","0","0","0","0","0","0","0","0","0","0","0","0","0","0","0","0","0","0","0","0","0","0","0","0","0","40.0725","-75.1881","","CRASH_2001_Philadelphia"
"2002026510","06","67","67301","67301","2001","05","5","1415","14","1","1","0","5","1","","","N","00","2","00","3","0","1","2","2","N","N","39 57:15.480","75 09:47.520","1419","","9999","","0","","N","","3 ","","","","","","","","","","2","1","0","1","0","0","0","0","0","0","0","1","1","0","0","0","0","0","0","0","0","1","0","0","0","0","0","0","0","0","0","0","0","0","0","4","1","39.9543","-75.1632","","CRASH_2001_Philadelphia"
"2002012086","06","67","67301","67301","2001","07","5","1915","19","1","1","0","7","5","","","N","00","0","00","3","0","1","1","1","N","N","40 01:41.880","75 02:19.320","1922","","1920","","0","","N","","0 ","","","","","","","","","","1","0","1","0","0","0","0","0","0","0","1","0","1","0","0","0","0","0","0","0","0","0","0","0","0","0","0","0","0","0","0","0","0","0","0","3","0","40.0274","-75.033","","CRASH_2001_Philadelphia"
"2002017908","06","67","67301","67301","2001","07","2","1355","13","1","1","0","7","3","","","N","07","0","02","3","0","1","2","2","N","N","40 00:25.903","75 12:01.322","1355","","1350","9","1","3","Y","","0 ","N","","","","","","","","","1","1","0","0","0","0","0","0","0","0","0","1","1","0","0","0","0","0","1","0","0","0","0","0","0","0","0","0","0","0","0","0","0","0","0","4","0","40.0064","-75.1932","","CRASH_2001_Philadelphia"
"2002018371","06","67","67301","67301","2001","08","7","1250","12","1","1","0","1","1","","","N","01","3","00","3","0","1","2","2","N","N","","","1300","","1250","","0","","N","","3 ","","","","","","","","","","2","1","0","0","1","0","0","0","0","0","0","1","1","0","0","0","0","0","0","0","0","0","0","0","0","0","0","0","0","0","0","0","0","0","0","4","0","","","","CRASH_2001_Philadelphia"
"2001238410","06","67","67301","67301","2001","04","5","0116","01","3","1","0","4","1","","","N","01","2","00","3","0","1","3","2","N","N","","","9999","","9999","","0","","N","","3 ","","","","","","","","","","2","2","0","0","0","0","0","0","0","0","0","0","0","0","1","0","0","0","0","0","0","0","0","0","0","0","0","0","0","0","0","0","0","0","0","9","0","","","","CRASH_2001_Philadelphia"
"2001266605","06","67","67301","67301","2001","07","3","1808","18","1","1","0","1","1","","","N","00","0","00","3","0","1","4","2","N","N","","","9999","","9999","","0","","N","","0 ","","","","","","","","","","2","2","0","0","0","0","0","0","0","0","0","1","1","0","0","0","1","0","0","0","0","1","0","0","0","0","0","0","0","0","0","0","0","0","0","4","0","","","","CRASH_2001_Philadelphia"
"2002020101","06","67","67301","67301","2001","06","6","1145","11","1","1","0","1","2","","","N","01","3","00","3","0","2","2","2","N","N","39 55:20.875","75 09:18.203","1200","","1152","1","2","5","N","","3 ","Y","","","","","","","","","2","2","0","0","0","0","0","0","0","0","0","2","2","0","0","0","0","0","0","0","0","1","0","2","0","0","0","0","0","0","0","0","0","0","0","4","0","39.9225","-75.155","","CRASH_2001_Philadelphia"
"2001240221","06","67","67301","67301","2001","04","7","1230","12","1","1","0","7","1","","","N","00","0","00","3","0","1","2","2","N","N","39 57:23.400","75 12:30.960","9999","","9999","","0","","N","","0 ","","","","","","","","","","1","1","0","0","0","0","0","0","0","0","0","1","1","0","0","0","0","1","0","0","0","0","0","1","0","0","0","0","0","0","0","0","1","0","0","4","0","39.9564","-75.2086","","CRASH_2001_Philadelphia"
"2001265959","06","67","67301","67301","2001","05","4","1427","14","1","1","0","4","1","","","N","01","3","00","3","0","1","3","2","N","N","39 59:45.751","75 07:21.521","9999","","9999","","0","","N","","3 ","","","","","","","","","","2","2","0","0","0","0","0","0","0","0","0","1","1","0","0","0","0","0","0","0","0","0","0","0","0","0","0","0","0","0","0","0","0","0","0","4","0","39.996","-75.1226","","CRASH_2001_Philadelphia"
"2001288220","06","67","67301","","2001","06","7","1600","16","1","1","0","1","1","","","N","01","2","00","3","0","1","3","2","N","N","40 03:23.400","75 02:47.040","9999","","9999","","0","","N","","3 ","","","","","","","","","","2","1","0","0","0","1","0","0","0","0","0","0","0","0","1","0","0","0","0","0","1","0","0","0","0","0","0","0","0","0","0","0","0","0","0","9","1","40.0565","-75.0464","","CRASH_2001_Philadelphia"
"2001238233","06","67","67301","67301","2001","04","4","0820","08","1","1","0","3","1","","","N","00","0","00","3","0","1","2","2","N","N","","","9999","","9999","","0","","N","","0 ","","","","","","","","","","2","2","0","0","0","0","0","0","0","0","0","0","0","0","1","0","0","0","0","0","0","0","0","0","0","0","0","0","0","0","0","0","0","0","0","9","0","","","","CRASH_2001_Philadelphia"
"2001244621","06","67","67301","67301","2001","05","4","0719","07","1","1","0","1","1","","","N","05","2","00","3","0","2","3","2","N","N","40 03:32.505","75 02:41.288","9999","","9999","","0","","N","","3 ","","","","","","","","","","2","0","0","0","0","0","0","2","0","0","0","2","2","0","0","0","0","0","0","0","0","0","0","0","0","0","0","0","0","0","0","0","0","0","0","4","0","40.059","-75.0448","","CRASH_2001_Philadelphia"
"2001242885","06","67","67301","67301","2001","02","1","1555","15","1","1","0","1","1","","","N","06","0","02","3","0","2","5","3","N","N","40 06:33.840","74 59:39.480","9999","","9999","","0","","N","","0 ","","","","","","","","","","3","2","0","0","0","0","0","1","0","0","0","0","0","0","2","0","0","0","0","0","1","0","0","0","0","0","0","0","0","0","0","0","0","0","0","9","0","40.1093","-74.9944","","CRASH_2001_Philadelphia"
"2001243463","06","67","67301","67301","2001","05","4","1540","15","1","1","0","4","1","","","N","01","2","00","3","0","0","2","3","N","N","39 58:49.440","75 10:15.240","9999","","9999","","0","","N","","3 ","","","","","","","","","","3","1","0","0","1","0","0","0","0","0","0","0","0","0","0","0","0","0","0","0","1","0","0","0","0","0","0","0","0","0","0","0","0","0","0","0","0","39.9804","-75.1709","","CRASH_2001_Philadelphia"
"2001233439","06","67","67301","67301","2001","03","7","2125","21","3","1","0","5","1","","","N","00","0","00","3","0","1","3","2","N","N","39 58:35.760","75 06:50.760","9999","","9999","","0","","N","","0 ","","","","","","","","","","2","1","0","0","0","0","0","0","0","0","0","0","0","0","1","0","0","0","0","0","0","0","0","2","0","0","0","0","0","0","0","0","0","0","0","9","0","39.9764","-75.1143","","CRASH_2001_Philadelphia"
"2002014585","06","67","67301","67301","2001","07","5","0509","05","5","1","0","7","5","","","N","01","2","00","3","0","1","1","1","N","N","40 05:35.892","74 57:43.138","0510","","0509","","0","","N","","3 ","","","","","","","","","","1","1","0","0","0","0","0","0","0","1","0","0","1","0","0","0","0","0","0","0","0","0","0","1","0","1","0","0","0","0","0","0","0","0","0","2","0","40.0933","-74.9621","","CRASH_2001_Philadelphia"
"2002026362","06","67","67301","67301","2001","09","3","0143","01","3","1","0","6","1","","","N","00","0","00","3","0","1","2","3","N","N","40 01:04.156","75 09:32.869","0146","","0144","","0","","N","","0 ","","","","","","","","","","2","2","0","0","0","0","0","0","0","0","0","1","1","0","0","0","0","0","0","0","0","0","0","0","0","0","0","0","0","0","0","0","1","0","0","4","0","40.0178","-75.1591","","CRASH_2001_Philadelphia"
"2002041669","06","67","67301","67301","2001","12","4","0747","07","1","1","0","1","1","","","N","02","0","00","3","0","0","5","5","N","N","40 03:36.437","75 04:53.053","0752","","0750","","0","","N","","0 ","","","","","","","","","","5","3","0","0","2","0","0","0","0","0","0","0","0","0","0","0","0","0","0","0","2","1","0","0","0","0","0","0","0","0","0","0","0","0","0","0","0","40.06","-75.0815","","CRASH_2001_Philadelphia"
"2002048009","06","67","67301","46104","2001","10","7","1500","15","1","1","0","1","1","","","N","00","0","00","3","0","1","2","2","N","N","39 59:46.130","75 14:15.551","1620","","1615","","0","","N","","0 ","","","","","","","","","","2","2","0","0","0","0","0","0","0","0","0","1","1","0","0","0","0","0","1","0","0","0","0","0","0","0","0","0","0","0","0","0","0","0","0","4","0","39.9961","-75.2375","","CRASH_2001_Philadelphia"
"2001248837","06","67","67301","67301","2001","05","6","1657","16","1","1","0","8","1","","","N","01","3","00","3","0","1","2","2","N","N","","","9999","","9999","","0","","N","","3 ","","","","","","","","","","1","0","0","0","1","0","0","0","0","0","0","1","1","0","0","0","0","0","0","0","0","0","0","0","0","0","0","0","0","0","0","0","1","0","0","4","0","","","","CRASH_2001_Philadelphia"
"2001240313","06","67","67301","67301","2001","04","5","1018","10","1","1","0","1","1","","","N","02","9","00","3","0","1","4","2","N","N","39 59:15.615","75 13:29.927","9999","","9999","","0","","N","","9 ","","","","","","","","","","2","2","0","0","0","0","0","0","0","0","1","0","1","0","0","0","0","0","0","0","1","0","1","0","0","0","0","0","0","0","0","0","0","0","0","3","0","39.9877","-75.225","","CRASH_2001_Philadelphia"
"2001283602","06","67","67301","67301","2001","05","6","1451","14","1","1","0","4","1","","","N","01","2","00","3","0","1","2","3","N","N","40 02:55.680","75 14:07.440","9999","","9999","","0","","N","","3 ","","","","","","","","","","3","1","0","0","0","0","0","1","0","0","1","0","1","0","0","0","0","0","0","0","1","0","0","0","0","0","0","0","0","0","0","0","0","0","0","3","0","40.0485","-75.2353","","CRASH_2001_Philadelphia"
"2002032487","06","67","67301","67301","2001","09","4","1640","16","1","1","0","4","1","","","N","03","3","00","3","0","10","12","3","Y","N","39 58:37.772","75 13:44.543","1650","","1645","3","2","6","N","","9 ","Y","","","","","","","","","2","1","0","1","0","0","0","0","0","0","0","10","10","0","0","0","0","0","0","0","0","0","0","0","0","0","0","0","0","0","0","0","0","0","0","4","1","39.9772","-75.229","","CRASH_2001_Philadelphia"