"CRN","DISTRICT","COUNTY","MUNICIPALITY","POLICE_AGCY","CRASH_YEAR","CRASH_MONTH","DAY_OF_WEEK","TIME_OF_DAY","HOUR_OF_DAY","ILLUMINATION","WEATHER","ROAD_CONDITION","COLLISION_TYPE","RELATION_TO_ROAD","WORK_ZONE_TYPE","WORK_ZONE_LOC","WORK_ZONE_IND","INTERSECT_TYPE","TCD_TYPE","LOCATION_TYPE","URBAN_RURAL","FATAL_COUNT","INJURY_COUNT","PERSON_COUNT","TOTAL_UNITS","SCH_BUS_IND","SCH_ZONE_IND","LATITUDE","LONGITUDE","ARRIVAL_TM","CONS_ZONE_SPD_LIM","DISPATCH_TM","EST_HRS_CLOSED","LANE_CLOSED","LN_CLOSE_DIR","NTFY_HIWY_MAINT","SPEC_JURIS_CD","TCD_FUNC_CD","TFC_DETOUR_IND","WORKERS_PRES","WZ_CLOSE_DETOUR","WZ_FLAGGER","WZ_LAW_OFFCR_IND","WZ_LN_CLOSURE","WZ_MOVING","WZ_OTHER","WZ_SHLDER_MDN","VEHICLE_COUNT","AUTOMOBILE_COUNT","MOTORCYCLE_COUNT","BUS_COUNT","SMALL_TRUCK_COUNT","HEAVY_TRUCK_COUNT","SUV_COUNT","VAN_COUNT","BICYCLE_COUNT","MAJ_INJ_COUNT","MOD_INJ_COUNT","MIN_INJ_COUNT","TOT_INJ_COUNT","UNK_INJ_DEG_COUNT","UNK_INJ_PER_COUNT","DRIVER_COUNT_16YR","DRIVER_COUNT_17YR","DRIVER_COUNT_18YR","DRIVER_COUNT_19YR","DRIVER_COUNT_20YR","DRIVER_COUNT_50_64YR","DRIVER_COUNT_65_74YR","DRIVER_COUNT_75PLUS","UNBELTED_OCC_COUNT","UNB_DEATH_COUNT","UNB_MAJ_INJ_COUNT","BELTED_DEATH_COUNT","BELTED_MAJ_INJ_COUNT","MCYCLE_DEATH_COUNT","MCYCLE_MAJ_INJ_COUNT","BICYCLE_DEATH_COUNT","BICYCLE_MAJ_INJ_COUNT","PED_COUNT","PED_DEATH_COUNT","PED_MAJ_INJ_COUNT","MAX_SEVERITY_LEVEL","COMM_VEH_COUNT","DEC_LAT","DEC_LONG","RDWY_SURF_TYPE_CD","COUNTY_YEAR"
"2002035143","06","67","67301","67301","2001","11","2","0700","07","1","1","0","1","1","","","N","00","0","00","3","0","0","2","2","N","N","","","0710","","0704","","0","","N","","0 ","","","","","","","","","","2","2","0","0","0","0","0","0","0","0","0","0","0","0","0","0","0","0","0","0","2","0","0","0","0","0","0","0","0","0","0","0","0","0","0","0","0","","","","CRASH_2001_Philadelphia"
"2002035748","06","67","67301","67301","2001","11","2","2143","21","3","1","0","4","1","","","N","00","0","00","3","0","1","2","2","N","N","40 07:23.731","75 00:55.610","2149","","2145","","0","","N","","0 ","","","","","","","","","","2","2","0","0","0","0","0","0","0","0","1","0","1","0","0","0","0","0","0","0","0","0","0","0","0","0","0","0","0","0","0","0","0","0","0","3","0","40.1238","-75.0152","","CRASH_2001_Philadelphia"
"2002028555","06","67","67301","67301","2001","09","2","1415","14","1","1","0","4","1","","","N","01","0","00","3","0","1","2","2","N","N","40 00:35.645","75 09:21.954","1415","","1415","","0","","N","","0 ","","","","","","","","","","2","2","0","0","0","0","0","0","0","0","0","1","1","0","0","0","0","0","0","0","0","0","0","0","0","0","0","0","0","0","0","0","0","0","0","4","0","40.0099","-75.156","","CRASH_2001_Philadelphia"
"2002034064","06","67","67301","67301","2001","11","4","1640","16","1","1","0","4","1","","","N","01","2","00","3","0","0","3","3","N","N","40 01:15.733","75 08:23.485","1640","","1640","","0","","N","","3 ","","","","","","","","","","3","3","0","0","0","0","0","0","0","0","0","0","0","0","0","0","0","0","0","1","0","0","0","0","0","0","0","0","0","0","0","0","0","0","0","0","0","40.021","-75.1399","","CRASH_2001_Philadelphia"
"2001249066","06","67","67301","67301","2001","05","3","0949","09","1","1","0","4","1","","","N","02","3","00","3","0","3","3","2","N","N","39 58:23.160","75 12:49.680","9999","","9999","","0","","N","","3 ","","","","","","","","","","2","1","0","0","0","0","0","1","0","0","0","3","3","0","0","0","0","0","0","0","0","0","0","2","0","0","0","0","0","0","0","0","0","0","0","4","0","39.9731","-75.2138","","CRASH_2001_Philadelphia"
"2002018090","06","67","67301","67301","2001","07","2","2009","20","4","1","0","1","7","","","N","06","0","02","3","0","0","2","2","N","N","39 56:54.240","75 11:08.880","2015","","2011","","0","","N","","0 ","","","","","","","","","","2","2","0","0","0","0","0","0","0","0","0","0","0","0","0","0","0","0","0","0","0","0","0","0","0","0","0","0","0","0","0","0","0","0","0","0","0","39.9484","-75.1858","","CRASH_2001_Philadelphia"
"2001207364","06","67","67301","67301","2001","01","6","1635","16","4","2","1","9","1","","","N","00","0","00","3","0","0","1","2","N","N","40 01:37.560","75 09:39.240","9999","","9999","","0","","N","","0 ","","","","","","","","","","2","1","0","0","0","0","0","0","0","0","0","0","0","0","0","0","0","1","0","0","0","0","0","0","0","0","0","0","0","0","0","0","0","0","0","0","0","40.0272","-75.161","","CRASH_2001_Philadelphia"
"2001207673","06","67","67301","67301","2001","01","2","1724","17","3","2","1","8","1","","","N","00","0","00","3","0","2","3","3","N","N","","","9999","","9999","","0","","N","","0 ","","","","","","","","","","1","0","0","0","0","0","1","0","0","1","0","1","2","0","0","0","0","1","0","0","0","0","0","0","0","0","0","0","0","0","0","0","2","0","1","2","0","","","","CRASH_2001_Philadelphia"
"2001243283","06","67","67301","67301","2001","04","1","0340","03","3","1","0","9","1","","","N","00","0","00","3","0","0","1","3","N","N","","","9999","","9999","","0","","N","","0 ","","","","","","","","","","3","1","0","0","0","0","0","0","0","0","0","0","0","0","0","0","0","0","0","0","0","0","0","0","0","0","0","0","0","0","0","0","0","0","0","0","0","","","","CRASH_2001_Philadelphia"
"2002032501","06","67","67301","67301","2001","10","7","0830","08","6","2","2","4","6","","","N","00","0","00","3","0","1","2","2","N","N","39 55:52.039","75 14:34.675","0835","","0835","","0","","N","","0 ","","","","","","","","","","2","2","0","0","0","0","0","0","0","0","0","1","1","0","0","0","0","0","0","0","0","0","0","0","0","0","0","0","0","0","0","0","0","0","0","4","0","39.9311","-75.2429","","CRASH_2001_Philadelphia"
"2002032673","06","67","67301","67301","2001","10","1","1208","12","1","1","0","8","6","","","N","00","0","00","3","0","3","4","4","N","N","","","1218","","1208","","0","","N","","0 ","","","","","","","","","","1","1","0","0","0","0","0","0","0","0","0","3","3","0","1","0","0","0","0","0","0","0","0","0","0","0","0","0","0","0","0","0","3","0","0","4","0","","","","CRASH_2001_Philadelphia"
"2002037346","06","67","67301","67301","2001","11","1","9999","99","2","2","1","6","1","","","N","01","3","00","3","0","1","2","2","N","N","39 58:09.666","75 08:21.976","9999","","9999","","0","","N","","3 ","","","","","","","","","","2","2","0","0","0","0","0","0","0","0","1","0","1","0","0","0","0","0","0","1","0","0","0","0","0","0","0","0","0","0","0","0","0","0","0","3","0","39.9695","-75.1395","","CRASH_2001_Philadelphia"
"2002044277","06","67","67301","67301","2001","12","5","0027","00","3","2","1","5","6","","","N","00","0","00","3","0","1","2","5","N","N","39 59:15.968","75 07:35.214","0019","","0018","","0","","N","","0 ","","","","","","","","","","5","5","0","0","0","0","0","0","0","0","0","1","1","0","0","0","0","0","0","1","0","0","0","0","0","0","0","0","0","0","0","0","0","0","0","4","0","39.9878","-75.1264","","CRASH_2001_Philadelphia"
"2002012210","06","67","67301","67301","2001","07","3","0940","09","1","1","0","5","1","","","N","00","0","00","3","0","1","2","2","N","N","39 55:44.140","75 14:26.135","0957","","0945","","0","","N","","0 ","","","","","","","","","","2","1","0","0","0","0","0","0","0","0","0","1","1","0","0","0","0","0","0","0","0","0","0","0","0","0","0","0","0","0","0","0","0","0","0","4","0","39.929","-75.2407","","CRASH_2001_Philadelphia"
"2002010509","06","67","67301","67301","2001","07","7","0245","02","3","1","0","1","1","","","N","01","2","00","3","0","0","2","2","N","N","39 57:24.120","75 09:08.640","0250","","0246","","0","","N","","3 ","","","","","","","","","","2","1","0","0","0","1","0","0","0","0","0","0","0","0","0","0","0","0","0","0","0","0","0","0","0","0","0","0","0","0","0","0","0","0","0","0","1","39.9567","-75.1524","","CRASH_2001_Philadelphia"
"2002014628","06","67","67301","67301","2001","07","6","0430","04","3","1","0","7","2","","","N","00","0","00","3","0","1","2","1","N","N","39 54:21.805","75 08:59.267","0450","","0435","4","2","1","Y","","0 ","Y","","","","","","","","","1","0","0","0","0","1","0","0","0","0","1","0","1","0","0","0","0","0","0","0","0","0","0","1","0","0","0","0","0","0","0","0","0","0","0","3","1","39.9054","-75.1499","","CRASH_2001_Philadelphia"
"2002023878","06","67","67301","67301","2001","08","4","1515","15","1","1","0","6","1","","","N","01","2","00","3","0","2","2","2","N","N","39 59:49.892","75 05:22.227","1555","","1550","","0","","N","","3 ","","","","","","","","","","2","2","0","0","0","0","0","0","0","0","0","2","2","0","0","0","0","0","0","0","0","0","0","0","0","0","0","0","0","0","0","0","0","0","0","4","0","39.9973","-75.0895","","CRASH_2001_Philadelphia"
"2002043164","06","67","67301","67301","2001","12","7","1624","16","3","1","0","2","1","","","N","01","2","00","3","0","0","4","2","N","N","39 57:49.319","75 10:15.279","1626","","1624","","0","","N","","3 ","","","","","","","","","","2","2","0","0","0","0","0","0","0","0","0","0","0","0","1","0","0","0","0","0","0","0","0","1","0","0","0","0","0","0","0","0","0","0","0","9","0","39.9637","-75.171","","CRASH_2001_Philadelphia"
"2002038564","06","67","67301","67301","2001","11","5","2300","23","3","1","0","4","1","","","N","01","2","99","3","0","3","4","2","N","N","40 01:49.894","75 07:05.628","2316","","2305","","0","","N","","2 ","","","","","","","","","","2","2","0","0","0","0","0","0","0","0","0","3","3","0","0","0","0","0","0","0","1","0","0","0","0","0","0","0","0","0","0","0","0","0","0","4","0","40.0305","-75.1182","","CRASH_2001_Philadelphia"
"2001288603","06","67","67301","","2001","01","6","1235","12","1","1","0","4","1","","","N","01","2","00","3","0","1","2","2","N","N","39 59:58.920","75 08:18.600","9999","","9999","","0","","N","","3 ","","","","","","","","","","2","1","0","0","0","0","0","0","0","0","1","0","1","0","0","0","0","0","0","0","0","0","0","0","0","0","0","0","0","0","0","0","0","0","0","3","0","39.9997","-75.1385","","CRASH_2001_Philadelphia"
"2002001076","06","67","67301","67301","2001","06","1","0600","06","1","1","0","5","1","","","N","00","2","00","3","0","1","2","2","N","N","39 56:32.902","75 09:22.762","1818","","1815","","0","","N","","3 ","","","","","","","","","","1","0","0","0","1","0","0","0","1","0","0","1","1","0","0","0","0","0","0","0","0","0","0","0","0","0","0","0","0","0","0","0","0","0","0","4","0","39.9425","-75.1563","","CRASH_2001_Philadelphia"
"2001244910","06","67","67301","67301","2001","05","3","1305","13","1","1","0","8","1","","","N","00","0","00","3","0","1","2","2","N","N","39 55:40.800","75 14:12.840","9999","","9999","","0","","N","","0 ","","","","","","","","","","1","1","0","0","0","0","0","0","0","0","0","1","1","0","0","0","0","0","0","0","0","0","0","0","0","0","0","0","0","0","0","0","1","0","0","4","0","39.928","-75.2368","","CRASH_2001_Philadelphia"
"2002020192","06","67","67301","67301","2001","09","6","9999","99","3","1","0","1","7","","","N","06","4","02","3","0","1","2","2","N","N","40 00:34.560","75 11:14.280","1200","","9999","","0","","N","","3 ","","","","","","","","","","2","2","0","0","0","0","0","0","0","0","0","1","1","0","0","0","1","0","0","0","1","0","0","0","0","0","0","0","0","0","0","0","0","0","0","4","0","40.0096","-75.1873","","CRASH_2001_Philadelphia"
"2002000466","06","67","67301","67301","2001","06","5","1028","10","1","1","0","4","1","","","N","00","0","00","3","0","1","2","2","N","N","40 00:56.929","75 09:15.282","1042","","1038","","0","","N","","0 ","","","","","","","","","","2","1","0","0","1","0","0","0","0","0","0","1","1","0","0","0","0","0","0","0","0","0","0","0","0","0","0","0","0","0","0","0","0","0","0","4","0","40.0157","-75.1541","","CRASH_2001_Philadelphia"
"2001265482","06","67","67301","67301","2001","06","5","2105","21","3","1","0","4","1","","","N","01","2","00","3","0","1","2","2","N","N","40 03:29.160","75 10:27.840","9999","","9999","","0","","N","","3 ","","","","","","","","","","1","1","0","0","0","0","0","0","1","0","0","1","1","0","0","0","0","0","0","0","0","0","0","0","0","0","0","0","0","0","0","0","0","0","0","4","0","40.0581","-75.1744","","CRASH_2001_Philadelphia"
"2001267409","06","67","67301","67301","2001","08","1","1823","18","1","2","1","1","1","","","N","00","0","00","3","0","1","3","3","N","N","","","9999","","9999","","0","","N","","0 ","","","","","","","","","","3","2","0","0","0","0","0","0","0","0","0","1","1","0","0","0","1","0","0","0","0","0","0","1","0","0","0","0","0","0","0","0","0","0","0","4","0","","","","CRASH_2001_Philadelphia"
"2001266632","06","67","67301","67301","2001","08","2","1706","17","1","1","0","4","1","","","N","02","3","00","3","0","1","2","2","N","N","40 02:25.566","75 07:13.151","9999","","9999","","0","","N","","3 ","","","","","","","","","","2","2","0","0","0","0","0","0","0","0","0","1","1","0","0","0","1","0","0","0","1","0","0","2","0","0","0","0","0","0","0","0","0","0","0","4","0","40.0404","-75.1203","","CRASH_2001_Philadelphia"
"2001243448","06","67","67301","67301","2001","05","4","1804","18","1","1","0","4","1","","","N","02","0","00","3","0","1","3","2","N","N","40 01:25.320","75 03:12.960","9999","","9999","","0","","N","","0 ","","","","","","","","","","2","1","0","0","0","0","0","0","0","0","0","1","1","0","0","0","0","0","0","0","0","0","0","0","0","0","0","0","0","0","0","0","0","0","0","4","0","40.0236","-75.0536","","CRASH_2001_Philadelphia"
"2001249647","06","67","67301","67301","2001","05","2","1535","15","1","1","0","8","1","1","8","Y","01","2","00","3","0","2","3","3","Y","N","40 01:20.463","75 04:41.285","9999","99","9999","","0","","N","","3 ","","U","","","U","","","","","2","0","0","1","0","0","0","0","0","0","0","1","1","0","1","0","0","0","0","0","0","0","0","0","0","0","0","0","0","0","0","0","1","0","0","4","1","40.0224","-75.0781","","CRASH_2001_Philadelphia"
"2001243697","06","67","67301","67301","2001","05","1","0235","02","3","1","0","4","1","","","N","02","2","00","3","0","2","3","2","N","N","40 03:44.640","74 59:12.480","9999","","9999","","0","","N","","3 ","","","","","","","","","","2","0","0","0","1","0","1","0","0","0","0","2","2","0","0","0","0","0","0","1","0","0","0","0","0","0","0","0","0","0","0","0","0","0","0","4","0","40.0624","-74.987","","CRASH_2001_Philadelphia"
"2001243667","06","67","67301","67301","2001","05","2","1720","17","1","1","0","8","1","","","N","00","0","00","3","0","1","2","2","N","N","","","9999","","9999","","0","","N","","0 ","","","","","","","","","","1","1","0","0","0","0","0","0","0","0","0","0","0","0","1","0","0","0","0","0","0","0","0","0","0","0","0","0","0","0","0","0","1","0","0","9","0","","","","CRASH_2001_Philadelphia"
"2001283880","06","67","67301","67301","2001","04","3","2144","21","3","1","0","4","1","","","N","01","2","00","3","0","2","2","2","N","N","39 57:47.520","75 12:08.640","9999","","9999","","0","","N","","3 ","","","","","","","","","","2","2","0","0","0","0","0","0","0","0","2","0","2","0","0","0","0","0","0","0","0","0","0","0","0","0","0","0","0","0","0","0","0","0","0","3","0","39.9632","-75.2024","","CRASH_2001_Philadelphia"
"2001288530","06","67","67301","","2001","10","2","1545","15","1","1","0","1","1","","","N","07","0","02","3","0","5","5","2","N","N","40 01:13.800","75 09:16.200","9999","","9999","","0","","N","","0 ","","","","","","","","","","2","1","0","0","0","0","0","0","0","0","4","0","4","0","1","0","0","0","0","0","0","0","0","0","0","0","0","0","0","0","0","0","0","0","0","3","0","40.0204","-75.1544","","CRASH_2001_Philadelphia"
"2001240051","06","67","67301","67301","2001","04","6","1510","15","1","2","0","8","1","","","N","00","0","00","3","0","1","2","2","N","N","","","9999","","9999","","0","","N","","0 ","","","","","","","","","","1","1","0","0","0","0","0","0","0","0","0","1","1","0","0","0","0","0","0","0","0","0","0","0","0","0","0","0","0","0","0","0","1","0","0","4","0","","","","CRASH_2001_Philadelphia"
"2001288248","06","67","67301","","2001","07","4","0740","07","1","1","0","4","1","","","N","05","2","00","3","0","1","2","2","N","N","","","9999","","9999","","0","","N","","3 ","","","","","","","","","","2","1","0","0","1","0","0","0","0","0","1","0","1","0","0","0","0","0","0","0","0","0","0","0","0","0","0","0","0","0","0","0","0","0","0","3","0","","","","CRASH_2001_Philadelphia"
"2001244679","06","67","67301","67301","2001","05","2","1430","14","1","1","0","4","1","","","N","01","3","00","3","0","0","2","2","N","N","40 03:34.200","75 09:55.800","9999","","9999","","0","","N","","3 ","","","","","","","","","","2","2","0","0","0","0","0","0","0","0","0","0","0","0","0","0","0","0","1","0","0","0","0","0","0","0","0","0","0","0","0","0","0","0","0","0","0","40.0595","-75.1655","","CRASH_2001_Philadelphia"
"2001243263","06","67","67301","67301","2001","04","2","2100","21","3","1","0","4","1","","","N","01","3","00","3","0","1","2","2","N","N","40 00:16.736","75 08:25.220","9999","","9999","","0","","N","","3 ","","","","","","","","","","1","1","0","0","0","0","0","0","1","0","0","1","1","0","0","0","0","0","0","0","0","0","0","0","0","0","0","0","0","0","0","0","0","0","0","4","0","40.0046","-75.1403","","CRASH_2001_Philadelphia"
"2001283782","06","67","67301","67301","2001","04","1","2026","20","4","1","0","5","1","","","N","00","0","00","3","0","2","3","2","N","N","39 55:52.320","75 08:44.520","9999","","9999","","0","","N","","0 ","","","","","","","","","","2","1","0","0","0","0","1","0","0","0","1","1","2","0","0","0","0","0","0","0","1","0","0","0","0","0","0","0","0","0","0","0","0","0","0","3","0","39.9284","-75.1463","","CRASH_2001_Philadelphia"
"2001244618","06","67","67301","67301","2001","05","1","1523","15","1","1","0","2","1","","","N","00","0","00","3","0","4","5","2","N","N","40 06:11.520","75 02:12.480","9999","","9999","","0","","N","","0 ","","","","","","","","","","2","1","0","0","0","0","1","0","0","0","0","2","2","0","2","0","0","0","0","0","1","0","0","0","0","0","0","0","0","0","0","0","0","0","0","4","0","40.1033","-75.0368","","CRASH_2001_Philadelphia"
"2001248830","06","67","67301","67301","2001","05","5","1445","14","1","1","0","8","1","","","N","00","0","00","3","0","1","2","2","N","N","40 00:58.320","75 09:14.760","9999","","9999","","0","","N","","0 ","","","","","","","","","","1","1","0","0","0","0","0","0","0","0","0","1","1","0","0","0","0","0","0","0","0","0","0","0","0","0","0","0","0","0","0","0","1","0","0","4","0","40.0161","-75.154","","CRASH_2001_Philadelphia"
"2001252099","06","67","67301","67301","2001","05","6","1846","18","1","1","0","4","1","","","N","01","0","00","3","0","0","3","3","N","N","","","9999","","9999","","0","","N","","0 ","","","","","","","","","","3","3","0","0","0","0","0","0","0","0","0","0","0","0","0","0","0","1","0","0","0","0","0","0","0","0","0","0","0","0","0","0","0","0","0","0","0","","","","CRASH_2001_Philadelphia"
"2002017539","06","67","67301","67301","2001","08","3","1700","17","6","1","0","7","2","","","N","00","0","00","3","0","1","1","1","N","N","40 04:52.680","75 01:42.960","1710","","1700","","0","","N","","0 ","","","","","","","","","","1","1","0","0","0","0","0","0","0","0","0","1","1","0","0","0","0","0","0","1","0","0","0","0","0","0","0","0","0","0","0","0","0","0","0","4","0","40.0813","-75.0286","","CRASH_2001_Philadelphia"
"2002020145","06","67","67301","67301","2001","07","3","0900","09","1","1","0","4","1","","","N","01","2","00","3","0","1","2","2","N","N","39 54:14.558","75 14:25.275","0905","","0902","1","1","1","N","","3 ","N","","","","","","","","","2","2","0","0","0","0","0","0","0","0","0","1","1","0","0","0","0","0","0","0","0","0","0","0","0","0","0","0","0","0","0","0","0","0","0","4","0","39.904","-75.2401","","CRASH_2001_Philadelphia"
"2001243452","06","67","67301","67301","2001","05","5","1850","18","1","1","0","8","1","","","N","00","0","00","3","0","1","2","2","N","N","40 00:55.440","75 04:16.680","9999","","9999","","0","","N","","0 ","","","","","","","","","","1","1","0","0","0","0","0","0","0","0","1","0","1","0","0","0","0","0","0","0","0","0","0","0","0","0","0","0","0","0","0","0","1","0","0","3","0","40.0154","-75.0712","","CRASH_2001_Philadelphia"
"2002016823","06","67","67301","67301","2001","07","1","1630","16","1","2","1","8","1","","","N","00","0","00","3","0","1","2","2","N","N","39 55:29.236","75 10:25.809","1637","","1634","","0","","N","","0 ","","","","","","","","","","1","1","0","0","0","0","0","0","0","0","1","0","1","0","0","0","0","0","0","0","0","0","0","0","0","0","0","0","0","0","0","0","0","0","0","3","0","39.9248","-75.1738","","CRASH_2001_Philadelphia"
"2002017243","06","67","67301","67301","2001","07","5","1747","17","1","1","0","8","1","","","N","02","0","00","3","0","1","2","2","N","N","39 59:17.415","75 05:29.471","1755","","1747","","0","","N","","0 ","","","","","","","","","","1","1","0","0","0","0","0","0","0","0","0","1","1","0","0","0","0","0","0","1","0","0","0","0","0","0","0","0","0","0","0","0","1","0","0","4","0","39.9881","-75.0915","","CRASH_2001_Philadelphia"
"2001268100","06","67","67301","67301","2001","09","5","2320","23","2","1","0","9","1","","","N","00","0","00","3","0","0","2","2","N","N","","","9999","","9999","","0","","N","","0 ","","","","","","","","","","2","2","0","0","0","0","0","0","0","0","0","0","0","0","0","0","2","0","0","0","0","0","0","0","0","0","0","0","0","0","0","0","0","0","0","0","0","","","","CRASH_2001_Philadelphia"
"2001243435","06","67","67301","67301","2001","05","4","1401","14","1","1","0","4","1","","","N","01","2","00","3","0","2","3","2","N","N","40 01:58.080","75 06:24.120","9999","","9999","","0","","N","","3 ","","","","","","","","","","2","2","0","0","0","0","0","0","0","0","0","2","2","0","0","0","0","1","0","0","0","0","0","0","0","0","0","0","0","0","0","0","0","0","0","4","0","40.0327","-75.1065","","CRASH_2001_Philadelphia"
"2002004014","06","67","67301","67301","2001","06","6","1230","12","1","1","0","8","1","","","N","01","2","00","3","0","1","2","2","N","N","39 57:41.895","75 09:16.360","1240","","1236","","0","","N","","3 ","","","","","","","","","","1","1","0","0","0","0","0","0","0","0","0","1","1","0","0","0","0","0","0","0","0","0","0","0","0","0","0","0","0","0","0","0","1","0","0","4","0","39.9616","-75.1545","","CRASH_2001_Philadelphia"
"2002001068","06","67","67301","67301","2001","05","3","1408","14","1","1","0","4","1","","","N","01","2","00","3","0","2","6","2","N","N","40 02:12.681","75 07:15.877","1422","","1412","","0","","N","","3 ","","","","","","","","","","2","2","0","0","0","0","0","0","0","0","0","2","2","0","0","0","0","0","1","0","1","0","0","6","0","0","0","0","0","0","0","0","0","0","0","4","0","40.0369","-75.1211","","CRASH_2001_Philadelphia"
"2001283776","06","67","67301","67301","2001","03","2","0940","09","1","1","0","1","1","","","N","00","0","00","3","0","2","3","2","N","N","40 01:22.800","75 09:48.240","9999","","9999","","0","","N","","0 ","","","","","","","","","","2","2","0","0","0","0","0","0","0","0","0","2","2","0","0","0","0","0","0","0","0","0","0","1","0","0","0","0","0","0","0","0","0","0","0","4","0","40.023","-75.1633","","CRASH_2001_Philadelphia"
"2001266373","06","67","67301","67301","2001","07","2","1921","19","2","1","0","7","1","","","N","00","0","00","3","0","5","6","1","N","N","40 01:38.280","75 05:36.600","9999","","9999","","0","","N","","0 ","","","","","","","","","","1","1","0","0","0","0","0","0","0","0","0","3","3","0","2","0","1","0","0","0","0","0","0","0","0","0","0","0","0","0","0","0","0","0","0","4","0","40.0271","-75.0939","","CRASH_2001_Philadelphia"
"2002001042","06","67","67301","67301","2001","05","7","0038","00","3","1","0","8","1","","","N","00","0","00","3","0","1","3","2","N","N","39 59:30.120","75 06:46.440","0038","","0038","","0","","N","","0 ","","","","","","","","","","1","1","0","0","0","0","0","0","0","0","0","1","1","0","0","0","0","0","0","0","0","0","0","0","0","0","0","0","0","0","0","0","1","0","0","4","0","39.9917","-75.1129","","CRASH_2001_Philadelphia"
"2002005826","06","67","67301","67301","2001","11","1","1520","15","1","1","0","5","1","","","N","01","2","00","3","0","0","2","2","N","N","40 00:58.879","75 03:42.497","1540","","1534","","0","","N","","3 ","","","","","","","","","","2","2","0","0","0","0","0","0","0","0","0","0","0","0","0","0","1","0","0","0","0","0","0","0","0","0","0","0","0","0","0","0","0","0","0","0","0","40.0163","-75.0618","","CRASH_2001_Philadelphia"
"2002007601","06","67","67301","67301","2001","11","1","0305","03","3","1","0","6","1","","","N","01","3","00","3","0","0","2","5","N","N","39 55:46.527","75 09:41.518","0309","","0305","","0","","N","","3 ","","","","","","","","","","5","4","0","0","1","0","0","0","0","0","0","0","0","0","0","0","0","1","0","1","0","0","0","0","0","0","0","0","0","0","0","0","0","0","0","0","0","39.9296","-75.1615","","CRASH_2001_Philadelphia"
"2002023679","06","67","67301","67301","2001","08","7","1400","14","1","1","0","1","1","","","N","00","0","00","3","0","1","3","2","N","N","39 57:45.296","75 09:40.381","1404","","1404","","0","","N","","0 ","","","","","","","","","","2","2","0","0","0","0","0","0","0","0","0","1","1","0","0","0","0","1","0","0","1","0","0","0","0","0","0","0","0","0","0","0","0","0","0","4","0","39.9625","-75.1613","","CRASH_2001_Philadelphia"
"2001266435","06","67","67301","67301","2001","07","7","1745","17","1","1","0","8","1","","","N","01","3","00","3","0","1","2","2","N","N","40 01:35.976","75 08:47.684","9999","","9999","","0","","N","","3 ","","","","","","","","","","1","1","0","0","0","0","0","0","0","0","0","1","1","0","0","0","0","0","0","0","0","0","0","1","0","0","0","0","0","0","0","0","1","0","0","4","0","40.0267","-75.1466","","CRASH_2001_Philadelphia"
"2002016365","06","67","67301","67301","2001","06","2","1600","16","1","1","0","8","1","","","N","02","0","00","3","0","1","2","2","N","N","39 59:32.438","75 06:35.200","0525","","0523","","0","","N","","0 ","","","","","","","","","","1","1","0","0","0","0","0","0","0","0","1","0","1","0","0","0","0","0","0","0","0","0","0","0","0","0","0","0","0","0","0","0","1","0","0","3","0","39.9923","-75.1098","","CRASH_2001_Philadelphia"
"2002026298","06","67","67301","67301","2001","09","2","1330","13","1","1","0","5","1","","","N","07","2","08","3","0","0","3","2","N","N","39 57:50.040","75 11:05.640","1340","","1334","","0","","N","","3 ","","","","","","","","","","2","2","0","0","0","0","0","0","0","0","0","0","0","0","0","0","0","0","0","0","0","0","0","0","0","0","0","0","0","0","0","0","0","0","0","0","0","39.9639","-75.1849","","CRASH_2001_Philadelphia"
"2002001037","06","67","67301","67301","2001","05","1","1355","13","1","1","0","8","1","","","N","02","3","00","3","0","1","2","2","N","N","","","1400","","1400","","0","","N","","3 ","","","","","","","","","","1","1","0","0","0","0","0","0","0","0","1","0","1","0","0","0","0","0","0","0","0","0","0","0","0","0","0","0","0","0","0","0","1","0","0","3","0","","","","CRASH_2001_Philadelphia"
"2002023653","06","67","67301","67301","2001","08","2","1710","17","1","1","0","8","1","","","N","00","9","00","3","0","1","2","2","N","N","39 57:00.513","75 14:57.908","1715","","1710","","0","","N","","9 ","","","","","","","","","","1","0","0","0","0","0","0","0","0","0","1","0","1","0","1","0","0","0","0","0","0","0","0","0","0","0","0","0","0","0","0","0","1","0","0","3","0","39.9502","-75.2494","","CRASH_2001_Philadelphia"
"2002025042","06","67","67301","67301","2001","08","6","0241","02","2","1","0","1","1","","","N","00","0","00","3","0","1","4","2","N","N","40 04:54.120","75 01:41.160","0242","","0241","","0","","N","","0 ","","","","","","","","","","2","2","0","0","0","0","0","0","0","0","0","1","1","0","0","0","0","0","0","0","1","0","0","3","0","0","0","0","0","0","0","0","0","0","0","4","0","40.0815","-75.0281","","CRASH_2001_Philadelphia"
"2002026887","06","67","67301","67301","2001","08","5","2043","20","3","2","1","7","2","","","N","00","0","00","3","0","0","1","1","N","N","39 58:32.877","75 06:58.049","2100","","2043","3","2","2","Y","","0 ","Y","","","","","","","","","1","0","0","0","0","1","0","0","0","0","0","0","0","0","0","0","0","0","0","0","0","0","0","0","0","0","0","0","0","0","0","0","0","0","0","0","1","39.979","-75.1096","","CRASH_2001_Philadelphia"