"CRN","DISTRICT","COUNTY","MUNICIPALITY","POLICE_AGCY","CRASH_YEAR","CRASH_MONTH","DAY_OF_WEEK","TIME_OF_DAY","HOUR_OF_DAY","ILLUMINATION","WEATHER","ROAD_CONDITION","COLLISION_TYPE","RELATION_TO_ROAD","WORK_ZONE_TYPE","WORK_ZONE_LOC","WORK_ZONE_IND","INTERSECT_TYPE","TCD_TYPE","LOCATION_TYPE","URBAN_RURAL","FATAL_COUNT","INJURY_COUNT","PERSON_COUNT","TOTAL_UNITS","SCH_BUS_IND","SCH_ZONE_IND","LATITUDE","LONGITUDE","ARRIVAL_TM","CONS_ZONE_SPD_LIM","DISPATCH_TM","EST_HRS_CLOSED","LANE_CLOSED","LN_CLOSE_DIR","NTFY_HIWY_MAINT","SPEC_JURIS_CD","TCD_FUNC_CD","TFC_DETOUR_IND","WORKERS_PRES","WZ_CLOSE_DETOUR","WZ_FLAGGER","WZ_LAW_OFFCR_IND","WZ_LN_CLOSURE","WZ_MOVING","WZ_OTHER","WZ_SHLDER_MDN","VEHICLE_COUNT","AUTOMOBILE_COUNT","MOTORCYCLE_COUNT","BUS_COUNT","SMALL_TRUCK_COUNT","HEAVY_TRUCK_COUNT","SUV_COUNT","VAN_COUNT","BICYCLE_COUNT","MAJ_INJ_COUNT","MOD_INJ_COUNT","MIN_INJ_COUNT","TOT_INJ_COUNT","UNK_INJ_DEG_COUNT","UNK_INJ_PER_COUNT","DRIVER_COUNT_16YR","DRIVER_COUNT_17YR","DRIVER_COUNT_18YR","DRIVER_COUNT_19YR","DRIVER_COUNT_20YR","DRIVER_COUNT_50_64YR","DRIVER_COUNT_65_74YR","DRIVER_COUNT_75PLUS","UNBELTED_OCC_COUNT","UNB_DEATH_COUNT","UNB_MAJ_INJ_COUNT","BELTED_DEATH_COUNT","BELTED_MAJ_INJ_COUNT","MCYCLE_DEATH_COUNT","MCYCLE_MAJ_INJ_COUNT","BICYCLE_DEATH_COUNT","BICYCLE_MAJ_INJ_COUNT","PED_COUNT","PED_DEATH_COUNT","PED_MAJ_INJ_COUNT","MAX_SEVERITY_LEVEL","COMM_VEH_COUNT","DEC_LAT","DEC_LONG","RDWY_SURF_TYPE_CD","COUNTY_YEAR"
"2002027001","06","67","67301","67301","2001","08","4","0900","09","1","1","0","5","6","","","N","00","0","00","3","0","1","1","3","N","N","","","0915","","0902","","0","","N","","0 ","","","","","","","","","","3","3","0","0","0","0","0","0","0","0","0","1","1","0","0","0","0","0","0","0","0","0","0","0","0","0","0","0","0","0","0","0","0","0","0","4","0","","","","CRASH_2001_Philadelphia"
"2002028655","06","67","67301","67301","2001","09","4","1745","17","1","1","0","2","1","","","N","00","0","00","3","0","2","6","2","N","N","39 59:15.051","75 06:30.742","1752","","1748","","0","","N","","0 ","","","","","","","","","","2","2","0","0","0","0","0","0","0","0","0","2","2","0","0","0","0","0","0","0","0","0","0","3","0","0","0","0","0","0","0","0","0","0","0","4","0","39.9875","-75.1085","","CRASH_2001_Philadelphia"
"2002008895","06","67","67301","67301","2001","06","2","1420","14","1","1","0","1","1","","","N","03","3","06","3","0","1","2","2","N","N","40 01:50.865","75 05:09.595","1605","","1600","","0","","N","","3 ","","","","","","","","","","2","2","0","0","0","0","0","0","0","0","0","1","1","0","0","0","0","0","0","0","0","0","0","0","0","0","0","0","0","0","0","0","0","0","0","4","0","40.0312","-75.0852","","CRASH_2001_Philadelphia"
"2002026286","06","67","67301","67301","2001","09","5","1559","15","1","1","0","2","1","","","N","01","2","00","3","0","2","2","2","N","N","40 02:40.075","75 11:35.275","1602","","1559","1","1","2","N","","3 ","Y","","","","","","","","","2","2","0","0","0","0","0","0","0","0","0","2","2","0","0","0","0","0","0","1","0","0","0","0","0","0","0","0","0","0","0","0","0","0","0","4","0","40.0446","-75.1931","","CRASH_2001_Philadelphia"
"2001283882","06","67","67301","67301","2001","04","3","2243","22","3","2","1","1","1","","","N","01","2","00","3","0","2","3","2","N","N","39 59:30.840","75 08:25.080","9999","","9999","","0","","N","","3 ","","","","","","","","","","2","2","0","0","0","0","0","0","0","0","0","2","2","0","0","0","0","0","0","0","1","0","0","0","0","0","0","0","0","0","0","0","0","0","0","4","0","39.992","-75.1402","","CRASH_2001_Philadelphia"
"2002014996","06","67","67301","67301","2001","07","1","1205","12","1","1","0","7","4","","","N","00","0","00","3","0","2","3","1","N","N","","","1205","","1205","","0","","N","","0 ","","","","","","","","","","1","1","0","0","0","0","0","0","0","0","0","2","2","0","0","0","0","0","0","0","1","0","0","2","0","0","0","0","0","0","0","0","0","0","0","4","0","","","","CRASH_2001_Philadelphia"
"2002025024","06","67","67301","67301","2001","08","5","1627","16","1","1","0","4","1","","","N","02","0","00","3","0","0","2","2","N","N","39 57:28.545","75 11:32.420","1640","","1635","","0","","N","","0 ","","","","","","","","","","2","1","0","0","1","0","0","0","0","0","0","0","0","0","0","0","0","0","0","0","0","0","0","2","0","0","0","0","0","0","0","0","0","0","0","0","0","39.9579","-75.1923","","CRASH_2001_Philadelphia"
"2002005854","06","67","67301","67301","2001","06","4","1510","15","1","1","0","1","1","","","N","00","0","00","3","0","0","4","4","N","N","39 58:40.440","75 06:42.120","1520","","1514","","0","","N","","0 ","","","","","","","","","","4","2","0","0","2","0","0","0","0","0","0","0","0","0","1","0","0","0","0","0","2","0","0","0","0","0","0","0","0","0","0","0","0","0","0","9","0","39.9788","-75.11","","CRASH_2001_Philadelphia"
"2001243070","06","67","67301","67301","2001","05","1","0320","03","3","1","0","8","1","","","N","01","2","00","3","0","1","2","2","N","N","39 57:16.200","75 12:18.000","9999","","9999","","0","","N","","3 ","","","","","","","","","","1","1","0","0","0","0","0","0","0","0","1","0","1","0","0","0","0","0","0","0","1","0","0","1","0","0","0","0","0","0","0","0","1","0","0","3","0","39.9544","-75.205","","CRASH_2001_Philadelphia"
"2002012782","06","67","67301","67301","2001","07","1","0020","00","2","1","1","1","1","","","N","00","0","00","3","0","0","9","3","N","N","39 57:27.000","75 08:52.080","0025","","0020","","0","","N","","0 ","","","","","","","","","","3","3","0","0","0","0","0","0","0","0","0","0","0","0","0","0","0","0","0","0","0","0","0","1","0","0","0","0","0","0","0","0","0","0","0","0","0","39.9576","-75.1484","","CRASH_2001_Philadelphia"
"2002038303","06","67","67301","67301","2001","12","5","1815","18","3","1","0","4","1","","","N","01","2","00","3","0","1","4","3","N","N","40 07:06.677","75 01:05.221","1823","","1819","","0","","N","","3 ","","","","","","","","","","3","3","0","0","0","0","0","0","0","0","1","0","1","0","0","0","0","0","0","0","0","1","1","0","0","0","0","0","0","0","0","0","0","0","0","3","0","40.1189","-75.018","","CRASH_2001_Philadelphia"
"2001288005","06","67","67301","","2001","03","2","1220","12","1","1","0","3","1","","","N","00","0","00","3","0","2","2","2","N","N","","","9999","","9999","","0","","N","","0 ","","","","","","","","","","2","2","0","0","0","0","0","0","0","0","2","0","2","0","0","0","0","0","0","0","1","0","0","0","0","0","0","0","0","0","0","0","0","0","0","3","0","","","","CRASH_2001_Philadelphia"
"2002033596","06","67","67301","67301","2001","11","7","0953","09","1","2","1","4","1","","","N","01","2","00","3","0","4","4","2","N","N","40 00:57.449","75 09:14.211","0957","","0955","","0","","N","","3 ","","","","","","","","","","2","2","0","0","0","0","0","0","0","0","0","4","4","0","0","0","0","0","0","0","0","0","0","1","0","0","0","0","0","0","0","0","0","0","0","4","0","40.0159","-75.1538","","CRASH_2001_Philadelphia"
"2002041350","06","67","67301","67301","2001","12","6","1000","10","1","1","0","1","9","","","N","02","1","00","3","0","1","2","2","N","N","39 55:37.844","75 11:27.053","1905","","1900","","0","","N","","3 ","","","","","","","","","","1","1","0","0","0","0","0","0","1","0","0","1","1","0","0","0","0","0","0","0","0","0","0","0","0","0","0","0","0","0","0","0","0","0","0","4","0","39.9271","-75.191","","CRASH_2001_Philadelphia"
"2002018384","06","67","67301","67301","2001","08","2","0051","00","3","2","1","4","1","","","N","01","2","00","3","0","0","3","2","N","N","39 56:53.000","75 09:15.217","0051","","0051","","0","","N","","3 ","","","","","","","","","","2","2","0","0","0","0","0","0","0","0","0","0","0","0","0","0","0","0","0","0","0","0","0","0","0","0","0","0","0","0","0","0","0","0","0","0","0","39.9481","-75.1542","","CRASH_2001_Philadelphia"
"2002028477","06","67","67301","67301","2001","09","2","2150","21","3","1","0","1","1","","","N","02","0","00","3","0","1","2","2","N","N","40 03:58.712","75 10:38.199","2155","","2153","","0","","N","","0 ","","","","","","","","","","2","1","0","0","0","0","0","0","0","0","0","1","1","0","1","0","0","0","0","0","0","0","1","0","0","0","0","0","0","0","0","0","0","0","0","4","0","40.0663","-75.1773","","CRASH_2001_Philadelphia"
"2002039624","06","67","67301","67301","2001","11","4","0200","02","3","1","0","4","1","","","N","01","2","00","3","0","16","17","2","N","N","39 59:23.298","75 07:31.934","0205","","0200","","0","","N","","3 ","","","","","","","","","","2","1","0","1","0","0","0","0","0","0","1","15","16","0","1","0","0","0","0","0","0","0","0","0","0","0","0","0","0","0","0","0","0","0","0","3","1","39.9898","-75.1255","","CRASH_2001_Philadelphia"
"2001400991","06","67","67301","67301","2001","05","1","2150","21","3","1","0","9","1","","","N","00","0","00","3","1","14","15","4","N","N","","","9999","","9999","","0","","N","9","0 ","","","","","","","","","","4","0","0","0","0","0","0","1","0","6","6","1","13","0","1","0","0","0","0","0","0","0","0","2","0","0","0","0","0","0","0","0","0","0","0","1","0","","","9 ","CRASH_2001_Philadelphia"
"2002012665","06","67","67301","67301","2001","07","4","1925","19","1","1","0","2","1","","","N","03","2","00","3","0","1","4","2","N","N","","","1938","","1928","","0","","N","","3 ","","","","","","","","","","2","2","0","0","0","0","0","0","0","0","0","1","1","0","0","0","0","0","1","0","0","0","0","0","0","0","0","0","0","0","0","0","0","0","0","4","0","","","","CRASH_2001_Philadelphia"
"2002029557","06","67","67301","67301","2001","09","5","0220","02","3","1","0","1","1","","","N","00","0","00","3","0","1","6","2","N","N","39 58:31.474","75 11:39.421","0230","","0224","","0","","N","","0 ","","","","","","","","","","2","1","0","0","0","1","0","0","0","0","0","1","1","0","0","0","0","0","0","1","0","0","0","4","0","0","0","0","0","0","0","0","0","0","0","4","1","39.9755","-75.1945","","CRASH_2001_Philadelphia"
"2002031521","06","67","67301","67301","2001","10","5","2329","23","2","1","0","4","1","","","N","01","2","00","3","0","0","2","2","N","N","40 04:50.280","75 01:42.294","1338","","2330","","0","","N","","3 ","","","","","","","","","","2","2","0","0","0","0","0","0","0","0","0","0","0","0","1","0","0","0","0","0","0","0","0","0","0","0","0","0","0","0","0","0","0","0","0","9","0","40.0808","-75.0286","","CRASH_2001_Philadelphia"
"2001288522","06","67","67301","","2001","10","3","2045","20","2","2","1","2","1","","","N","00","0","00","3","0","2","2","2","N","N","","","9999","","9999","","0","","N","","0 ","","","","","","","","","","2","0","0","0","0","0","0","0","0","0","0","0","0","0","2","0","0","0","0","0","0","0","0","0","0","0","0","0","0","0","0","0","0","0","0","9","0","","","","CRASH_2001_Philadelphia"
"2002004257","06","67","67301","67301","2001","06","2","1035","10","1","1","0","5","1","","","N","01","0","00","3","0","1","3","2","N","N","40 03:39.960","75 03:24.120","1057","","1051","","0","","N","","0 ","","","","","","","","","","2","1","0","1","0","0","0","0","0","0","0","1","1","0","0","0","0","0","0","0","0","0","0","0","0","0","0","0","0","0","0","0","0","0","0","4","1","40.0611","-75.0567","","CRASH_2001_Philadelphia"
"2002014577","06","67","67301","67301","2001","07","4","1245","12","1","1","1","7","5","","","N","00","0","00","3","0","1","1","1","N","N","40 06:17.767","75 03:07.867","1253","","1248","2","1","6","N","","0 ","N","","","","","","","","","1","1","0","0","0","0","0","0","0","0","0","1","1","0","0","0","0","0","0","0","0","1","0","0","0","0","0","0","0","0","0","0","0","0","0","4","0","40.105","-75.0522","","CRASH_2001_Philadelphia"
"2002004739","06","67","67301","67301","2001","05","4","0525","05","1","1","0","7","4","","","N","00","0","00","3","0","1","1","1","N","N","39 55:23.708","75 14:45.449","0535","","0530","1","2","6","Y","","0 ","Y","","","","","","","","","1","1","0","0","0","0","0","0","0","0","1","0","1","0","0","0","0","0","0","0","0","0","0","0","0","0","0","0","0","0","0","0","0","0","0","3","0","39.9233","-75.2458","","CRASH_2001_Philadelphia"
"2002012206","06","67","67301","67301","2001","07","7","0410","04","3","1","0","5","1","","","N","01","2","00","3","0","0","4","2","N","N","39 54:14.558","75 14:25.275","0426","","0426","","0","","N","","3 ","","","","","","","","","","2","2","0","0","0","0","0","0","0","0","0","0","0","0","0","0","0","0","0","0","0","0","0","0","0","0","0","0","0","0","0","0","0","0","0","0","0","39.904","-75.2401","","CRASH_2001_Philadelphia"
"2002012702","06","67","67301","67301","2001","07","4","1115","11","1","1","1","1","1","","","N","03","2","00","3","0","2","3","2","N","N","40 02:51.027","75 06:44.363","1123","","1121","","0","","N","","3 ","","","","","","","","","","2","1","0","0","0","1","0","0","0","0","0","2","2","0","0","0","0","0","0","0","0","0","0","0","0","0","0","0","0","0","0","0","0","0","0","4","1","40.0475","-75.1124","","CRASH_2001_Philadelphia"
"2001245059","06","67","67301","67301","2001","05","1","1639","16","1","1","0","8","1","","","N","00","0","00","3","0","1","2","2","N","N","","","9999","","9999","","0","","N","","0 ","","","","","","","","","","1","1","0","0","0","0","0","0","0","0","0","1","1","0","0","0","0","1","0","0","0","0","0","0","0","0","0","0","0","0","0","0","1","0","0","4","0","","","","CRASH_2001_Philadelphia"
"2002012134","06","67","67301","67301","2001","07","3","0900","09","1","1","0","8","1","","","N","01","2","00","3","0","1","2","2","N","N","39 57:33.000","75 10:31.300","1050","","1044","","0","","N","","3 ","","","","","","","","","","1","1","0","0","0","0","0","0","1","0","0","1","1","0","0","0","0","0","0","0","0","0","0","1","0","0","0","0","0","0","0","0","0","0","0","4","0","39.9592","-75.1754","","CRASH_2001_Philadelphia"
"2002023702","06","67","67301","67301","2001","08","7","1200","12","1","1","0","4","1","","","N","01","2","00","3","0","0","4","2","N","N","39 57:16.631","75 10:22.389","1204","","2201","","0","","N","","3 ","","","","","","","","","","2","2","0","0","0","0","0","0","0","0","0","0","0","0","0","0","0","0","0","0","0","0","0","0","0","0","0","0","0","0","0","0","0","0","0","0","0","39.9546","-75.173","","CRASH_2001_Philadelphia"
"2001243589","06","67","67301","67301","2001","05","7","0350","03","3","1","0","1","1","","","N","01","2","00","3","0","4","4","2","N","N","39 57:25.920","75 12:06.840","9999","","9999","","0","","N","","3 ","","","","","","","","","","2","1","0","1","0","0","0","0","0","0","2","2","4","0","0","0","0","0","0","1","0","0","0","1","0","0","0","0","0","0","0","0","0","0","0","3","1","39.9572","-75.2019","","CRASH_2001_Philadelphia"
"2001244767","06","67","67301","67301","2001","03","3","1145","11","1","1","0","4","1","","","N","01","2","00","3","0","2","2","2","N","N","39 59:38.349","75 07:48.907","9999","","9999","","0","","N","","3 ","","","","","","","","","","2","0","0","0","0","0","1","1","0","0","2","0","2","0","0","0","0","0","0","0","0","0","0","0","0","0","0","0","0","0","0","0","0","0","0","3","0","39.994","-75.1303","","CRASH_2001_Philadelphia"
"2001248820","06","67","67301","67301","2001","05","6","1116","11","1","1","0","4","1","","","N","00","0","07","3","0","4","6","2","N","N","","","9999","","9999","","0","","N","","0 ","","","","","","","","","","1","1","0","0","0","0","0","0","0","0","0","0","0","0","4","0","0","0","0","0","1","0","0","0","0","0","0","0","0","0","0","0","0","0","0","9","0","","","","CRASH_2001_Philadelphia"
"2001240013","06","67","67301","67301","2001","04","6","1625","16","1","1","0","4","1","","","N","02","0","00","3","0","0","2","2","N","N","40 04:57.360","75 10:22.440","9999","","9999","","0","","N","","0 ","","","","","","","","","","2","2","0","0","0","0","0","0","0","0","0","0","0","0","0","0","0","0","0","0","0","0","0","0","0","0","0","0","0","0","0","0","0","0","0","0","0","40.0826","-75.1729","","CRASH_2001_Philadelphia"
"2001249068","06","67","67301","67301","2001","05","5","1930","19","1","1","0","9","1","","","N","00","0","00","3","0","2","2","3","N","N","","","9999","","9999","","0","","N","","0 ","","","","","","","","","","2","0","0","0","0","0","0","0","0","0","0","1","1","0","1","0","0","0","0","0","0","0","0","0","0","0","0","0","0","0","0","0","1","0","0","4","0","","","","CRASH_2001_Philadelphia"
"2001244885","06","67","67301","67301","2001","05","4","1700","17","1","1","0","8","1","","","N","00","0","00","3","0","1","2","2","N","N","39 58:57.720","75 14:29.400","9999","","9999","","0","","N","","0 ","","","","","","","","","","1","0","0","0","1","0","0","0","0","0","0","0","0","0","1","0","0","0","0","0","0","0","0","0","0","0","0","0","0","0","0","0","1","0","0","9","0","39.9827","-75.2413","","CRASH_2001_Philadelphia"
"2001244907","06","67","67301","67301","2001","05","5","0955","09","1","1","0","4","1","","","N","02","2","00","3","0","2","2","2","N","N","39 56:16.440","75 14:01.680","9999","","9999","","0","","N","","3 ","","","","","","","","","","2","2","0","0","0","0","0","0","0","0","0","2","2","0","0","0","0","0","0","0","0","0","0","0","0","0","0","0","0","0","0","0","0","0","0","4","0","39.9379","-75.2339","","CRASH_2001_Philadelphia"
"2001244783","06","67","67301","67301","2001","05","7","0925","09","1","1","0","9","1","","","N","00","0","00","3","0","2","6","5","N","N","","","9999","","9999","","0","","N","","0 ","","","","","","","","","","5","1","0","0","0","0","0","1","0","0","2","0","2","0","0","0","0","1","0","0","0","0","0","0","0","0","0","0","0","0","0","0","0","0","0","3","0","","","","CRASH_2001_Philadelphia"
"2001259773","06","67","67301","67301","2001","06","7","1827","18","1","1","0","4","1","","","N","01","0","00","3","0","5","7","2","N","N","40 03:36.439","75 09:13.575","9999","","9999","","0","","N","","0 ","","","","","","","","","","2","2","0","0","0","0","0","0","0","0","0","5","5","0","0","0","1","0","0","0","0","0","0","5","0","0","0","0","0","0","0","0","0","0","0","4","0","40.0601","-75.1538","","CRASH_2001_Philadelphia"
"2001248529","06","67","67301","67301","2001","05","3","1916","19","1","1","0","4","1","","","N","01","2","00","3","0","2","3","2","N","N","40 00:38.520","75 09:03.600","9999","","9999","","0","","N","","3 ","","","","","","","","","","2","2","0","0","0","0","0","0","0","0","1","1","2","0","0","0","1","0","0","0","0","0","0","0","0","0","0","0","0","0","0","0","0","0","0","3","0","40.0109","-75.1509","","CRASH_2001_Philadelphia"
"2001248778","06","67","67301","67301","2001","05","1","1031","10","1","1","0","4","1","","","N","01","0","00","3","0","1","2","2","N","N","39 55:59.862","75 11:24.824","9999","","9999","","0","","N","","0 ","","","","","","","","","","1","1","0","0","0","0","0","0","1","0","0","1","1","0","0","0","0","0","0","0","0","0","0","0","0","0","0","0","0","0","0","0","0","0","0","4","0","39.9333","-75.1902","","CRASH_2001_Philadelphia"
"2001248795","06","67","67301","67301","2001","05","4","1830","18","1","1","0","4","1","","","N","01","1","00","3","0","0","2","2","N","N","39 59:49.560","75 05:22.560","9999","","9999","","0","","N","","3 ","","","","","","","","","","2","2","0","0","0","0","0","0","0","0","0","0","0","0","0","0","0","0","0","0","1","0","1","0","0","0","0","0","0","0","0","0","0","0","0","0","0","39.9974","-75.0895","","CRASH_2001_Philadelphia"
"2002004225","06","67","67301","67301","2001","06","7","1414","14","1","1","1","6","1","","","N","00","0","00","3","0","1","1","4","N","N","40 02:55.325","75 08:33.193","1423","","1419","","0","","N","","0 ","","","","","","","","","","4","4","0","0","0","0","0","0","0","0","0","1","1","0","0","0","0","0","0","0","0","0","0","0","0","0","0","0","0","0","0","0","0","0","0","4","0","40.0487","-75.1425","","CRASH_2001_Philadelphia"
"2001240308","06","67","67301","67301","2001","04","6","1900","19","1","1","0","1","1","","","N","02","2","00","3","0","0","3","2","N","N","40 01:39.720","75 05:57.840","9999","","9999","","0","","N","","3 ","","","","","","","","","","2","1","0","0","0","0","0","1","0","0","0","0","0","0","0","0","0","0","0","0","1","0","0","0","0","0","0","0","0","0","0","0","0","0","0","0","0","40.0274","-75.0991","","CRASH_2001_Philadelphia"
"2001248823","06","67","67301","67301","2001","05","6","1725","17","1","1","0","1","1","","","N","00","0","00","3","0","2","2","2","N","N","39 53:34.080","75 13:37.200","9999","","9999","","0","","N","","0 ","","","","","","","","","","2","2","0","0","0","0","0","0","0","0","0","1","1","0","1","0","0","0","0","0","0","0","0","0","0","0","0","0","0","0","0","0","0","0","0","4","0","39.8928","-75.2268","","CRASH_2001_Philadelphia"
"2001400997","06","67","67301","67301","2001","09","1","1615","16","1","1","0","1","1","","","N","02","2","00","3","1","1","2","2","N","N","40 04:30.360","75 00:05.040","9999","","9999","","0","","N","9","3 ","","","","","","","","","","2","1","0","0","0","0","1","0","0","0","1","0","1","0","0","0","0","0","0","0","1","1","0","1","1","0","0","0","0","0","0","0","0","0","0","1","0","40.0751","-75.0015","2 ","CRASH_2001_Philadelphia"
"2002021986","06","67","67301","67301","2001","08","7","0430","04","3","1","0","4","1","","","N","01","2","00","3","0","1","2","2","N","N","39 55:40.672","75 10:08.396","0435","","0430","","0","","N","","3 ","","","","","","","","","","2","2","0","0","0","0","0","0","0","0","0","1","1","0","0","0","0","0","0","0","0","0","0","0","0","0","0","0","0","0","0","0","0","0","0","4","0","39.928","-75.1689","","CRASH_2001_Philadelphia"
"2001244850","06","67","67301","67301","2001","05","6","1830","18","1","1","0","4","1","","","N","01","2","00","3","0","1","4","2","N","N","40 01:20.640","75 05:37.680","9999","","9999","","0","","N","","3 ","","","","","","","","","","1","1","0","0","0","0","0","0","1","0","1","0","1","0","0","0","0","0","0","0","0","0","0","0","0","0","0","0","0","0","0","0","0","0","0","3","0","40.0224","-75.0938","","CRASH_2001_Philadelphia"
"2001245550","06","67","67301","67301","2001","05","1","0133","01","3","1","0","7","5","","","N","00","0","02","3","0","2","2","1","N","N","39 57:23.040","75 08:34.440","9999","","9999","","0","","N","","0 ","","","","","","","","","","1","1","0","0","0","0","0","0","0","0","0","0","0","0","2","0","0","0","0","0","0","0","0","0","0","0","0","0","0","0","0","0","0","0","0","9","0","39.9571","-75.1456","","CRASH_2001_Philadelphia"
"2001245552","06","67","67301","67301","2001","05","6","2320","23","3","1","0","7","5","","","N","00","0","00","3","0","3","3","1","N","N","40 03:10.440","74 59:11.760","9999","","9999","","0","","N","","0 ","","","","","","","","","","1","1","0","0","0","0","0","0","0","0","1","2","3","0","0","0","0","0","0","0","0","0","0","0","0","0","0","0","0","0","0","0","0","0","0","3","0","40.0528","-74.9868","","CRASH_2001_Philadelphia"
"2001249420","06","67","67301","67301","2001","05","6","2110","21","3","1","0","1","1","","","N","01","2","00","3","0","1","9","3","N","N","39 54:58.680","75 10:03.360","9999","","9999","","0","","N","","3 ","","","","","","","","","","3","1","0","1","1","0","0","0","0","0","0","1","1","0","0","1","0","0","0","0","1","0","0","0","0","0","0","0","0","0","0","0","0","0","0","4","1","39.9164","-75.1676","","CRASH_2001_Philadelphia"
"2001243703","06","67","67301","67301","2001","05","6","0845","08","1","1","0","1","1","","","N","00","0","00","3","0","1","3","3","N","N","","","9999","","9999","","0","","N","","0 ","","","","","","","","","","3","0","0","0","0","0","2","1","0","0","0","0","0","0","1","0","0","0","0","0","0","0","0","0","0","0","0","0","0","0","0","0","0","0","0","9","0","","","","CRASH_2001_Philadelphia"
"2002028572","06","67","67301","67301","2001","09","6","2300","23","3","1","0","8","1","","","N","00","0","99","3","0","1","2","2","N","N","40 02:41.150","75 07:17.769","2305","","2303","","0","","N","","0 ","","","","","","","","","","1","1","0","0","0","0","0","0","0","0","1","0","1","0","0","0","0","0","0","0","0","0","0","0","0","0","0","0","0","0","0","0","1","0","0","3","0","40.0447","-75.1216","","CRASH_2001_Philadelphia"
"2002040243","06","67","67301","67301","2001","12","1","0527","05","5","1","0","1","1","","","N","00","0","00","3","0","0","1","2","N","N","39 58:29.280","75 07:03.360","0530","","0527","2","2","1","N","","0 ","N","","","","","","","","","2","1","0","0","1","0","0","0","0","0","0","0","0","0","0","0","0","0","0","0","0","0","0","0","0","0","0","0","0","0","0","0","0","0","0","0","0","39.9745","-75.118","","CRASH_2001_Philadelphia"
"2001238178","06","67","67301","67301","2001","03","6","1442","14","1","1","0","1","1","","","N","00","0","00","3","0","2","3","2","N","N","39 59:45.960","75 09:14.760","9999","","9999","","0","","N","","0 ","","","","","","","","","","2","2","0","0","0","0","0","0","0","0","0","1","1","0","1","0","0","0","0","0","0","0","0","0","0","0","0","0","0","0","0","0","0","0","0","4","0","39.9961","-75.154","","CRASH_2001_Philadelphia"
"2001238970","06","67","67301","67301","2001","04","6","1520","15","1","1","0","1","1","","","N","01","2","00","3","0","3","5","4","N","N","40 01:40.080","75 05:57.840","9999","","9999","","0","","N","","3 ","","","","","","","","","","4","2","0","0","1","0","0","1","0","0","2","1","3","0","0","0","0","0","0","0","1","0","0","0","0","0","0","0","0","0","0","0","0","0","0","3","0","40.0277","-75.0988","","CRASH_2001_Philadelphia"
"2001243598","06","67","67301","67301","2001","05","5","0806","08","1","1","0","8","1","","","N","01","2","00","3","0","1","2","2","N","N","","","9999","","9999","","0","","N","","3 ","","","","","","","","","","1","1","0","0","0","0","0","0","0","0","1","0","1","0","0","0","0","0","0","0","0","0","0","0","0","0","0","0","0","0","0","0","1","0","0","3","0","","","","CRASH_2001_Philadelphia"
"2002010765","06","67","67301","67301","2001","07","4","1242","12","8","1","0","6","1","","","N","01","2","00","3","0","2","3","2","N","N","39 58:20.512","75 09:59.319","1248","","1242","","0","","N","","9 ","","","","","","","","","","2","1","0","0","1","0","0","0","0","0","2","0","2","0","1","0","0","0","0","0","0","0","0","3","0","0","0","0","0","0","0","0","0","0","0","3","0","39.9724","-75.1664","","CRASH_2001_Philadelphia"
"2001268097","06","67","67301","67301","2001","09","1","1555","15","1","1","0","4","1","","","N","01","2","00","3","0","1","2","2","N","N","39 58:04.732","75 14:01.361","9999","","9999","","0","","N","","3 ","","","","","","","","","","2","2","0","0","0","0","0","0","0","0","0","0","0","0","1","0","1","0","0","0","0","0","0","0","0","0","0","0","0","0","0","0","0","0","0","9","0","39.968","-75.2337","","CRASH_2001_Philadelphia"
"2001288070","06","67","67301","00000","2001","04","1","1430","14","1","1","0","4","1","","","N","04","2","00","3","0","0","5","2","N","N","40 01:05.357","75 05:50.528","9999","","9999","","0","","N","","3 ","","","","","","","","","","2","2","0","0","0","0","0","0","0","0","0","0","0","0","0","0","0","0","0","0","0","0","0","0","0","0","0","0","0","0","0","0","0","0","0","0","0","40.0182","-75.0974","","CRASH_2001_Philadelphia"
"2002010450","06","67","67301","67301","2001","06","2","1234","12","1","1","0","4","1","","","N","01","3","00","3","0","1","3","2","N","N","40 03:49.680","75 10:22.440","1300","","1254","","0","","N","","9 ","","","","","","","","","","2","2","0","0","0","0","0","0","0","0","0","1","1","0","0","0","0","0","1","0","0","0","1","0","0","0","0","0","0","0","0","0","0","0","0","4","0","40.0638","-75.1729","","CRASH_2001_Philadelphia"
"2002013100","06","67","67301","67301","2001","07","7","2000","20","4","1","0","5","2","","","N","01","2","00","3","0","1","2","2","N","N","39 58:49.397","75 10:14.980","2034","","2031","","0","","N","","3 ","","","","","","","","","","1","1","0","0","0","0","0","0","1","0","1","0","1","0","0","0","0","0","0","0","0","0","0","0","0","0","0","0","0","0","0","0","0","0","0","3","0","39.9804","-75.1709","","CRASH_2001_Philadelphia"
"2001240170","06","67","67301","67301","2001","04","4","1725","17","1","1","0","8","1","","","N","02","3","00","3","0","1","2","2","N","N","","","9999","","9999","","0","","N","","3 ","","","","","","","","","","1","1","0","0","0","0","0","0","0","0","0","1","1","0","0","0","0","0","0","0","0","1","0","0","0","0","0","0","0","0","0","0","1","0","0","4","0","","","","CRASH_2001_Philadelphia"
"2001250502","06","67","67301","67301","2001","05","2","0508","05","3","2","1","7","5","","","N","00","0","00","3","0","1","1","1","N","N","","","9999","","9999","","0","","N","","0 ","","","","","","","","","","1","1","0","0","0","0","0","0","0","0","1","0","1","0","0","1","0","0","0","0","0","0","0","0","0","0","0","0","0","0","0","0","0","0","0","3","0","","","","CRASH_2001_Philadelphia"