"CRN","DISTRICT","COUNTY","MUNICIPALITY","POLICE_AGCY","CRASH_YEAR","CRASH_MONTH","DAY_OF_WEEK","TIME_OF_DAY","HOUR_OF_DAY","ILLUMINATION","WEATHER","ROAD_CONDITION","COLLISION_TYPE","RELATION_TO_ROAD","WORK_ZONE_TYPE","WORK_ZONE_LOC","WORK_ZONE_IND","INTERSECT_TYPE","TCD_TYPE","LOCATION_TYPE","URBAN_RURAL","FATAL_COUNT","INJURY_COUNT","PERSON_COUNT","TOTAL_UNITS","SCH_BUS_IND","SCH_ZONE_IND","LATITUDE","LONGITUDE","ARRIVAL_TM","CONS_ZONE_SPD_LIM","DISPATCH_TM","EST_HRS_CLOSED","LANE_CLOSED","LN_CLOSE_DIR","NTFY_HIWY_MAINT","SPEC_JURIS_CD","TCD_FUNC_CD","TFC_DETOUR_IND","WORKERS_PRES","WZ_CLOSE_DETOUR","WZ_FLAGGER","WZ_LAW_OFFCR_IND","WZ_LN_CLOSURE","WZ_MOVING","WZ_OTHER","WZ_SHLDER_MDN","VEHICLE_COUNT","AUTOMOBILE_COUNT","MOTORCYCLE_COUNT","BUS_COUNT","SMALL_TRUCK_COUNT","HEAVY_TRUCK_COUNT","SUV_COUNT","VAN_COUNT","BICYCLE_COUNT","MAJ_INJ_COUNT","MOD_INJ_COUNT","MIN_INJ_COUNT","TOT_INJ_COUNT","UNK_INJ_DEG_COUNT","UNK_INJ_PER_COUNT","DRIVER_COUNT_16YR","DRIVER_COUNT_17YR","DRIVER_COUNT_18YR","DRIVER_COUNT_19YR","DRIVER_COUNT_20YR","DRIVER_COUNT_50_64YR","DRIVER_COUNT_65_74YR","DRIVER_COUNT_75PLUS","UNBELTED_OCC_COUNT","UNB_DEATH_COUNT","UNB_MAJ_INJ_COUNT","BELTED_DEATH_COUNT","BELTED_MAJ_INJ_COUNT","MCYCLE_DEATH_COUNT","MCYCLE_MAJ_INJ_COUNT","BICYCLE_DEATH_COUNT","BICYCLE_MAJ_INJ_COUNT","PED_COUNT","PED_DEATH_COUNT","PED_MAJ_INJ_COUNT","MAX_SEVERITY_LEVEL","COMM_VEH_COUNT","DEC_LAT","DEC_LONG","RDWY_SURF_TYPE_CD","COUNTY_YEAR"
"2001233360","06","67","67301","67301","2001","04","3","1625","16","1","1","0","8","1","","","N","00","0","00","3","0","1","2","2","N","N","39 58:39.720","75 12:48.240","9999","","9999","","0","","N","","0 ","","","","","","","","","","1","1","0","0","0","0","0","0","0","0","1","0","1","0","0","0","0","0","0","0","0","0","0","0","0","0","0","0","0","0","0","0","1","0","0","3","0","39.9777","-75.2135","","CRASH_2001_Philadelphia"
"2001233500","06","67","67301","67301","2001","03","7","2244","22","3","1","0","4","1","","","N","01","2","00","3","0","3","3","2","N","N","40 01:46.560","75 06:15.120","9999","","9999","","0","","N","","3 ","","","","","","","","","","2","1","0","0","0","0","1","0","0","0","0","2","2","0","1","0","0","0","0","0","0","0","0","0","0","0","0","0","0","0","0","0","0","0","0","4","0","40.0298","-75.1043","","CRASH_2001_Philadelphia"
"2001240214","06","67","67301","67301","2001","04","7","1200","12","1","1","0","5","1","","","N","00","0","00","3","0","1","3","2","N","N","39 57:03.240","75 09:07.920","9999","","9999","","0","","N","","0 ","","","","","","","","","","2","1","0","0","0","0","1","0","0","0","0","1","1","0","0","0","0","0","0","0","1","0","0","0","0","0","0","0","0","0","0","0","0","0","0","4","0","39.9509","-75.1522","","CRASH_2001_Philadelphia"
"2002012256","06","67","67301","67301","2001","07","4","1550","15","1","1","0","5","1","","","N","01","2","00","3","0","1","2","2","N","N","40 01:49.800","75 07:05.520","1605","","1557","","0","","N","","3 ","","","","","","","","","","2","2","0","0","0","0","0","0","0","0","0","1","1","0","0","0","0","1","0","0","0","0","0","0","0","0","0","0","0","0","0","0","0","0","0","4","0","40.0305","-75.1182","","CRASH_2001_Philadelphia"
"2002017617","06","67","67301","67301","2001","08","2","1645","16","1","1","0","1","1","","","N","00","0","00","3","0","1","3","2","N","N","40 03:28.000","75 08:20.000","1710","","1702","","0","","N","","0 ","","","","","","","","","","2","2","0","0","0","0","0","0","0","0","0","1","1","0","0","0","0","0","0","0","1","0","0","0","0","0","0","0","0","0","0","0","0","0","0","4","0","40.0578","-75.1389","","CRASH_2001_Philadelphia"
"2002018389","06","67","67301","67301","2001","08","7","1113","11","1","2","1","1","1","","","N","00","0","07","3","0","1","3","3","N","N","39 54:20.410","75 13:26.950","1113","","1107","","0","","N","","0 ","","","","","","","","","","3","3","0","0","0","0","0","0","0","0","0","1","1","0","0","0","0","0","0","0","0","0","0","0","0","0","0","0","0","0","0","0","0","0","0","4","0","39.9061","-75.2239","","CRASH_2001_Philadelphia"
"2001244832","06","67","67301","67301","2001","05","3","1714","17","1","1","0","4","1","","","N","02","3","00","3","0","1","2","2","N","N","","","9999","","9999","","0","","N","","3 ","","","","","","","","","","2","2","0","0","0","0","0","0","0","0","1","0","1","0","0","0","0","0","0","0","0","0","0","0","0","0","0","0","0","0","0","0","0","0","0","3","0","","","","CRASH_2001_Philadelphia"
"2001249065","06","67","67301","67301","2001","05","3","1313","13","1","1","0","1","1","","","N","01","2","00","3","0","1","2","2","N","N","39 57:23.760","75 12:35.280","9999","","9999","","0","","N","","3 ","","","","","","","","","","1","1","0","0","0","0","0","0","1","0","0","1","1","0","0","0","0","0","0","0","0","0","0","0","0","0","0","0","0","0","0","0","0","0","0","4","0","39.955","-75.21","","CRASH_2001_Philadelphia"
"2002014957","06","67","67301","67301","2001","07","4","1735","17","1","1","0","4","1","","","N","01","2","00","3","0","0","3","2","N","N","40 03:26.534","75 04:36.691","1737","","1735","","0","","N","","3 ","","","","","","","","","","2","1","0","0","1","0","0","0","0","0","0","0","0","0","0","0","0","0","0","0","0","0","0","0","0","0","0","0","0","0","0","0","0","0","0","0","0","40.0574","-75.0769","","CRASH_2001_Philadelphia"
"2001240194","06","67","67301","67301","2001","04","5","0800","08","1","6","1","4","1","","","N","01","3","00","3","0","0","3","2","N","N","40 03:44.478","75 09:50.198","9999","","9999","","0","","N","","3 ","","","","","","","","","","2","1","0","0","0","0","1","0","0","0","0","0","0","0","0","0","0","0","1","0","0","0","0","0","0","0","0","0","0","0","0","0","0","0","0","0","0","40.0624","-75.1639","","CRASH_2001_Philadelphia"
"2001240884","06","67","67301","67301","2001","04","1","0800","08","1","1","0","1","1","","","N","02","2","00","3","0","2","3","2","N","N","39 56:44.880","75 11:54.240","9999","","9999","","0","","N","","3 ","","","","","","","","","","2","2","0","0","0","0","0","0","0","0","0","2","2","0","0","0","0","0","0","0","1","0","0","0","0","0","0","0","0","0","0","0","0","0","0","4","0","39.946","-75.1986","","CRASH_2001_Philadelphia"
"2001248777","06","67","67301","67301","2001","05","3","1935","19","4","1","0","8","1","","","N","00","0","00","3","0","1","2","2","N","N","","","9999","","9999","","0","","N","","0 ","","","","","","","","","","1","0","0","0","0","0","1","0","0","0","0","1","1","0","0","0","0","0","0","0","0","0","0","0","0","0","0","0","0","0","0","0","1","0","0","4","0","","","","CRASH_2001_Philadelphia"
"2001240089","06","67","67301","67301","2001","04","1","1045","10","1","1","0","8","1","","","N","00","0","00","3","0","1","2","2","N","N","","","9999","","9999","","0","","N","","0 ","","","","","","","","","","1","0","0","0","0","0","1","0","0","0","0","1","1","0","0","0","0","0","0","0","0","0","0","0","0","0","0","0","0","0","0","0","1","0","0","4","0","","","","CRASH_2001_Philadelphia"
"2002010444","06","67","67301","67301","2001","06","4","0554","05","1","1","0","1","1","","","N","00","2","00","3","0","1","3","2","N","N","40 02:09.017","75 10:29.487","0559","","0556","","0","","N","","3 ","","","","","","","","","","2","2","0","0","0","0","0","0","0","0","0","1","1","0","0","0","0","0","0","0","0","0","0","0","0","0","0","0","0","0","0","0","0","0","0","4","0","40.0359","-75.1748","","CRASH_2001_Philadelphia"
"2002029756","06","67","67301","67301","2001","07","3","0939","09","1","1","0","4","1","","","N","00","0","03","3","0","1","5","4","N","N","","","0939","","0932","2","1","3","N","","0 ","N","","","","","","","","","4","3","0","0","0","1","0","0","0","0","0","1","1","0","0","0","0","0","0","0","1","0","0","0","0","0","0","0","0","0","0","0","0","0","0","4","1","","","","CRASH_2001_Philadelphia"
"2001244923","06","67","67301","67301","2001","05","6","1640","16","1","1","0","4","1","","","N","01","2","00","3","0","2","3","2","N","N","40 04:26.760","75 11:27.240","9999","","9999","","0","","N","","3 ","","","","","","","","","","2","2","0","0","0","0","0","0","0","0","0","2","2","0","0","0","0","0","0","0","1","0","0","0","0","0","0","0","0","0","0","0","0","0","0","4","0","40.0741","-75.1909","","CRASH_2001_Philadelphia"
"2002018052","06","67","67301","67301","2001","08","6","1439","14","1","1","0","4","1","","","N","00","0","07","3","0","3","3","2","N","N","40 02:24.720","75 03:56.880","1452","","1445","","0","","N","","0 ","","","","","","","","","","2","2","0","0","0","0","0","0","0","0","0","3","3","0","0","0","0","1","0","0","0","0","0","2","0","0","0","0","0","0","0","0","0","0","0","4","0","40.0402","-75.0657","","CRASH_2001_Philadelphia"
"2002017528","06","67","67301","67301","2001","08","5","2035","20","3","1","0","1","1","","","N","00","0","00","3","0","1","2","2","N","N","40 04:28.784","75 02:05.515","2045","","2036","","0","","N","","0 ","","","","","","","","","","2","1","1","0","0","0","0","0","0","1","0","0","1","0","0","0","0","0","0","0","0","0","0","0","0","0","0","0","0","1","0","0","0","0","0","2","0","40.0746","-75.0348","","CRASH_2001_Philadelphia"
"2002039477","06","67","67301","67301","2001","12","3","0730","07","1","1","1","7","2","","","N","00","0","00","3","0","1","1","1","N","N","39 57:37.070","75 08:24.867","0740","","0734","","0","","N","","0 ","","","","","","","","","","1","1","0","0","0","0","0","0","0","0","0","1","1","0","0","0","0","0","0","0","0","0","0","0","0","0","0","0","0","0","0","0","0","0","0","4","0","39.9603","-75.1403","","CRASH_2001_Philadelphia"
"2001288481","06","67","67301","","2001","10","4","0830","08","1","1","0","1","1","","","N","01","2","00","3","0","2","2","2","N","N","40 03:08.640","75 04:23.775","9999","","9999","","0","","N","","3 ","","","","","","","","","","2","1","0","0","0","0","0","0","0","0","1","0","1","0","1","0","0","0","0","0","1","0","0","0","0","0","0","0","0","0","0","0","0","0","0","3","0","40.0524","-75.0733","","CRASH_2001_Philadelphia"
"2002016683","06","67","67301","67301","2001","07","3","0834","08","1","1","0","4","1","","","N","01","2","00","3","0","6","6","3","N","N","40 02:44.498","75 01:53.470","0841","","0835","2","1","6","N","","3 ","Y","","","","","","","","","3","3","0","0","0","0","0","0","0","0","0","6","6","0","0","0","0","0","0","0","0","0","0","0","0","0","0","0","0","0","0","0","0","0","0","4","0","40.0457","-75.0316","","CRASH_2001_Philadelphia"
"2001238129","06","67","67301","67301","2001","04","7","1046","10","1","1","0","5","1","","","N","00","0","00","3","0","1","3","2","N","N","40 05:09.240","75 01:26.760","9999","","9999","","0","","N","","0 ","","","","","","","","","","2","1","0","0","0","0","1","0","0","0","0","1","1","0","0","0","0","0","0","0","0","0","0","0","0","0","0","0","0","0","0","0","0","0","0","4","0","40.0859","-75.0242","","CRASH_2001_Philadelphia"
"2001240260","06","67","67301","67301","2001","04","7","0215","02","3","1","0","7","5","","","N","00","0","00","3","0","3","3","1","N","N","40 01:48.360","75 05:18.600","9999","","9999","","0","","N","","0 ","","","","","","","","","","1","1","0","0","0","0","0","0","0","0","0","3","3","0","0","0","0","0","0","0","0","0","0","3","0","0","0","0","0","0","0","0","0","0","0","4","0","40.0299","-75.0888","","CRASH_2001_Philadelphia"
"2002010484","06","67","67301","67301","2001","07","5","2135","21","3","1","0","8","1","","","N","10","2","00","3","0","1","2","2","N","N","39 57:11.000","75 12:50.800","2200","","2135","","0","","N","","3 ","","","","","","","","","","1","1","0","0","0","0","0","0","0","0","0","1","1","0","0","0","0","0","0","0","0","1","0","0","0","0","0","0","0","0","0","0","1","0","0","4","0","39.9531","-75.2141","","CRASH_2001_Philadelphia"
"2002010525","06","67","67301","67301","2001","07","1","0836","08","1","1","0","1","1","","","N","01","2","00","3","0","1","3","2","N","N","39 58:03.762","75 10:48.258","0842","","0840","","0","","N","","3 ","","","","","","","","","","2","2","0","0","0","0","0","0","0","0","0","1","1","0","0","0","0","0","0","0","1","0","0","0","0","0","0","0","0","0","0","0","0","0","0","4","0","39.9677","-75.1801","","CRASH_2001_Philadelphia"
"2001288281","06","67","67301","","2001","07","7","1430","14","1","1","0","4","1","","","N","00","0","00","3","0","1","2","2","N","N","39 59:33.360","75 06:40.320","9999","","9999","","0","","N","","0 ","","","","","","","","","","1","1","0","0","0","0","0","0","1","0","0","1","1","0","0","0","0","0","0","0","0","0","0","0","0","0","0","0","0","0","0","0","0","0","0","4","0","39.9926","-75.1111","","CRASH_2001_Philadelphia"
"2002001080","06","67","67301","67301","2001","05","1","","","1","2","1","3","1","","","N","01","0","00","3","0","1","2","2","N","N","40 03:05.811","75 05:37.087","1840","","1834","","0","","N","","0 ","","","","","","","","","","2","0","0","0","1","1","0","0","0","0","0","1","1","0","0","0","0","0","0","0","1","0","0","0","0","0","0","0","0","0","0","0","0","0","0","4","0","40.0516","-75.0936","","CRASH_2001_Philadelphia"
"2002026505","06","67","67301","67301","2001","07","5","1915","19","1","1","0","8","1","","","N","00","0","00","3","0","1","2","2","N","N","40 03:29.516","75 08:20.206","9999","","9999","","0","","N","","0 ","","","","","","","","","","1","1","0","0","0","0","0","0","0","1","0","0","1","0","0","0","0","0","0","0","0","0","0","0","0","0","0","0","0","0","0","0","1","0","1","2","0","40.0582","-75.1389","","CRASH_2001_Philadelphia"
"2002028539","06","67","67301","67301","2001","09","6","1147","11","1","1","0","6","1","","","N","01","9","00","3","0","2","3","2","N","N","39 56:44.930","75 14:24.143","1207","","1147","","0","","N","","9 ","","","","","","","","","","2","2","0","0","0","0","0","0","0","0","0","2","2","0","0","0","0","0","0","0","0","0","1","0","0","0","0","0","0","0","0","0","0","0","0","4","0","39.9459","-75.2403","","CRASH_2001_Philadelphia"
"2001240243","06","67","67301","67301","2001","04","2","1720","17","1","1","0","8","1","","","N","00","0","00","3","0","1","2","2","N","N","39 57:39.240","75 13:28.920","9999","","9999","","0","","N","","0 ","","","","","","","","","","1","1","0","0","0","0","0","0","0","0","1","0","1","0","0","0","0","0","0","0","0","0","0","0","0","0","0","0","0","0","0","0","1","0","0","3","0","39.9608","-75.2247","","CRASH_2001_Philadelphia"
"2001243616","06","67","67301","67301","2001","04","5","1800","18","1","1","0","4","1","","","N","01","2","00","3","0","0","2","2","N","N","39 57:17.488","75 09:04.083","9999","","9999","","0","","N","","3 ","","","","","","","","","","2","0","0","0","0","1","1","0","0","0","0","0","0","0","0","0","0","0","0","0","0","0","0","0","0","0","0","0","0","0","0","0","0","0","0","0","1","39.9549","-75.1511","","CRASH_2001_Philadelphia"
"2001288105","06","67","67301","","2001","05","2","1445","14","1","1","0","1","1","","","N","06","9","02","3","0","2","2","2","N","N","39 57:33.840","75 10:50.520","9999","","9999","","0","","N","","9 ","","","","","","","","","","2","1","0","0","0","0","0","0","0","0","0","0","0","0","2","0","0","0","0","0","0","0","0","0","0","0","0","0","0","0","0","0","0","0","0","9","0","39.9595","-75.1807","","CRASH_2001_Philadelphia"
"2001283786","06","67","67301","67301","2001","04","4","0930","09","1","1","0","9","1","","","N","00","0","00","3","0","1","2","2","N","N","40 02:20.760","75 10:39.000","9999","","9999","","0","","N","","0 ","","","","","","","","","","2","0","0","0","0","1","0","0","0","0","0","1","1","0","0","0","0","0","0","0","1","0","0","0","0","0","0","0","0","0","0","0","0","0","0","4","0","40.039","-75.1775","","CRASH_2001_Philadelphia"
"2002035736","06","67","67301","06301","2001","11","3","1155","11","1","1","0","8","6","","","N","00","2","00","3","0","1","2","2","N","N","39 56:56.418","75 09:42.843","1210","","1202","","0","","N","","3 ","","","","","","","","","","1","1","0","0","0","0","0","0","0","0","0","1","1","0","1","0","0","0","0","0","0","0","0","0","0","0","0","0","0","0","0","0","1","0","0","4","0","39.9491","-75.1619","","CRASH_2001_Philadelphia"
"2002040158","06","67","67301","67301","2001","11","1","2003","20","3","2","1","8","1","","","N","01","2","00","3","0","2","3","3","N","N","39 57:46.070","75 09:52.295","2004","","2004","","0","","N","","3 ","","","","","","","","","","1","1","0","0","0","0","0","0","0","0","0","2","2","0","0","0","0","0","0","0","0","0","1","0","0","0","0","0","0","0","0","0","2","0","0","4","0","39.9628","-75.1646","","CRASH_2001_Philadelphia"
"2002040162","06","67","67301","67301","2001","12","7","2130","21","3","2","1","8","1","","","N","02","2","00","3","0","0","2","2","N","N","40 02:55.580","75 00:44.602","2215","","2210","","0","","N","","3 ","","","","","","","","","","1","1","0","0","0","0","0","0","0","0","0","0","0","0","2","0","0","0","0","0","0","0","0","0","0","0","0","0","0","0","0","0","1","0","0","9","0","40.0488","-75.0123","","CRASH_2001_Philadelphia"
"2002017494","06","67","67301","67301","2001","08","1","0020","00","3","1","0","6","1","","","N","01","2","00","3","0","4","6","2","N","N","40 04:07.273","75 09:50.648","0000","","0029","","0","","Y","","3 ","","","","","","","","","","2","2","0","0","0","0","0","0","0","0","1","3","4","0","2","0","0","0","0","1","0","0","0","1","0","0","0","0","0","0","0","0","0","0","0","3","0","40.0687","-75.1641","","CRASH_2001_Philadelphia"
"2002019767","06","67","67301","67301","2001","08","3","0505","05","1","1","0","1","1","","","N","01","3","00","3","0","1","6","2","N","N","39 57:40.702","75 11:55.939","1515","","1515","","0","","N","","3 ","","","","","","","","","","2","2","0","0","0","0","0","0","0","0","0","1","1","0","0","0","0","0","0","1","1","0","0","2","0","0","0","0","0","0","0","0","0","0","0","4","0","39.9613","-75.1988","","CRASH_2001_Philadelphia"
"2002017560","06","67","67301","67301","2001","08","4","2205","22","3","7","8","2","1","","","N","01","2","99","3","0","2","3","3","N","N","39 54:47.309","75 14:35.486","2215","","2200","3","9","6","N","","3 ","Y","","","","","","","","","3","3","0","0","0","0","0","0","0","0","1","1","2","0","0","0","0","0","0","0","0","1","0","0","0","0","0","0","0","0","0","0","0","0","0","3","0","39.913","-75.2433","","CRASH_2001_Philadelphia"
"2002028473","06","67","67301","67301","2001","09","5","1513","15","1","1","0","4","1","","","N","01","2","00","3","0","1","2","2","N","N","40 02:45.000","75 10:56.312","1515","","1515","","0","","N","","3 ","","","","","","","","","","1","1","0","0","0","0","0","0","1","0","1","0","1","0","0","0","0","0","0","0","0","0","0","0","0","0","0","0","0","0","0","0","0","0","0","3","0","40.0459","-75.1822","","CRASH_2001_Philadelphia"
"2002028728","06","67","67301","67301","2001","04","1","0037","00","3","2","1","1","1","","","N","06","0","02","3","0","2","5","4","N","N","39 58:33.600","75 06:55.440","0042","","0037","","0","","N","","0 ","","","","","","","","","","4","4","0","0","0","0","0","0","0","0","0","2","2","0","0","0","0","0","0","0","0","0","0","0","0","0","0","0","0","0","0","0","0","0","0","4","0","39.9757","-75.1156","","CRASH_2001_Philadelphia"
"2002029739","06","67","67301","67301","2001","09","6","1700","17","1","1","0","1","6","","","N","00","0","00","3","0","3","3","2","N","N","40 04:10.162","75 03:02.831","1710","","1705","","0","","N","","0 ","","","","","","","","","","2","2","0","0","0","0","0","0","0","0","0","3","3","0","0","0","0","0","0","0","0","0","0","0","0","0","0","0","0","0","0","0","0","0","0","4","0","40.0698","-75.0506","","CRASH_2001_Philadelphia"
"2002034705","06","67","67301","67301","2001","11","7","0035","00","3","1","0","4","1","","","N","01","2","00","3","0","4","6","5","N","N","39 58:53.789","75 07:01.949","0040","","0035","","0","","N","","3 ","","","","","","","","","","5","5","0","0","0","0","0","0","0","0","2","2","4","0","0","0","0","0","0","0","2","0","0","0","0","0","0","0","0","0","0","0","0","0","0","3","0","39.98","-75.1181","","CRASH_2001_Philadelphia"
"2002039675","06","67","67301","67301","2001","11","4","2353","23","3","1","0","6","1","","","N","02","3","00","3","0","0","6","2","N","N","39 55:44.022","75 09:01.508","2359","","2356","","0","","N","","3 ","","","","","","","","","","2","2","0","0","0","0","0","0","0","0","0","0","0","0","0","0","1","0","0","0","0","0","0","0","0","0","0","0","0","0","0","0","0","0","0","0","0","39.9289","-75.1504","","CRASH_2001_Philadelphia"
"2002017117","06","67","67301","67301","2001","07","1","0119","01","3","1","0","2","1","","","N","00","0","00","3","0","0","1","3","N","N","","","0119","","0116","","0","","N","","0 ","","","","","","","","","","3","3","0","0","0","0","0","0","0","0","0","0","0","0","0","0","0","0","0","0","0","0","0","0","0","0","0","0","0","0","0","0","0","0","0","0","0","","","","CRASH_2001_Philadelphia"
"2002017573","06","67","67301","67301","2001","08","1","1115","11","1","1","0","7","3","","","N","00","0","00","3","0","4","6","1","N","N","39 56:24.360","75 08:38.040","1120","","1117","1","2","1","N","","0 ","N","","","","","","","","","1","1","0","0","0","0","0","0","0","0","0","4","4","0","0","0","0","0","0","0","0","0","0","0","0","0","0","0","0","0","0","0","0","0","0","4","0","39.9393","-75.1438","","CRASH_2001_Philadelphia"
"2002029448","06","67","67301","67301","2001","09","2","0839","08","1","1","0","7","3","","","N","00","0","01","3","0","1","1","1","N","N","40 00:17.640","75 04:35.040","0842","","0841","","0","","N","","0 ","","","","","","","","","","1","0","0","0","1","0","0","0","0","0","0","1","1","0","0","0","0","0","0","0","0","0","0","0","0","0","0","0","0","0","0","0","0","0","0","4","0","40.005","-75.0764","","CRASH_2001_Philadelphia"
"2002032087","06","67","67301","67301","2001","10","2","2330","23","3","1","0","4","2","","","N","01","0","00","3","0","0","1","3","N","N","39 56:17.954","75 14:02.729","0008","","0004","","0","","N","","0 ","","","","","","","","","","3","3","0","0","0","0","0","0","0","0","0","0","0","0","0","0","0","0","0","0","0","0","0","0","0","0","0","0","0","0","0","0","0","0","0","0","0","39.9383","-75.2342","","CRASH_2001_Philadelphia"
"2002035278","06","67","67301","67301","2001","11","1","0358","03","3","1","0","1","1","","","N","00","0","00","3","0","0","2","2","N","N","39 57:48.567","75 08:08.265","0358","","0358","","0","","N","","0 ","","","","","","","","","","2","2","0","0","0","0","0","0","0","0","0","0","0","0","0","0","0","0","0","0","0","0","0","0","0","0","0","0","0","0","0","0","0","0","0","0","0","39.9635","-75.1356","","CRASH_2001_Philadelphia"
"2002042582","06","67","67301","67301","2001","12","6","1400","14","1","1","0","8","1","","","N","00","0","00","3","0","1","2","2","N","Y","39 57:49.683","75 09:31.089","1408","","1406","","0","","N","","0 ","","","","","","","","","","1","0","0","1","0","0","0","0","0","0","0","1","1","0","1","0","0","0","0","0","0","0","0","0","0","0","0","0","0","0","0","0","1","0","0","4","1","39.9636","-75.1588","","CRASH_2001_Philadelphia"
"2002038317","06","67","67301","67301","2001","11","6","1739","17","3","1","0","4","1","","","N","02","3","00","3","0","1","2","2","N","N","39 56:21.146","75 14:06.286","1758","","1758","","0","","N","","3 ","","","","","","","","","","2","2","0","0","0","0","0","0","0","0","1","0","1","0","0","0","0","0","0","0","0","1","0","1","0","0","0","0","0","0","0","0","0","0","0","3","0","39.9392","-75.2352","","CRASH_2001_Philadelphia"
"2002043630","06","67","67301","67301","2001","12","2","0300","03","3","1","0","7","2","","","N","00","0","00","3","0","0","1","1","N","N","39 53:48.277","75 11:22.058","0315","","0305","","0","","N","","0 ","","","","","","","","","","1","1","0","0","0","0","0","0","0","0","0","0","0","0","0","0","0","0","0","0","0","0","0","0","0","0","0","0","0","0","0","0","0","0","0","0","0","39.8992","-75.1766","","CRASH_2001_Philadelphia"
"2002045143","06","67","67301","67301","2001","12","5","1755","17","3","1","0","4","1","","","N","01","1","00","3","0","3","4","2","N","N","39 59:26.605","75 07:51.865","1809","","1801","","0","","N","","3 ","","","","","","","","","","2","0","0","0","1","1","0","0","0","0","0","3","3","0","0","0","0","0","0","0","0","0","0","0","0","0","0","0","0","0","0","0","0","0","0","4","1","39.9908","-75.1309","","CRASH_2001_Philadelphia"
"2002022842","06","67","67301","67301","2001","08","2","0033","00","2","1","0","8","9","","","N","00","0","00","3","0","1","2","2","N","N","","","0035","","0033","","0","","N","","0 ","","","","","","","","","","1","0","0","0","0","0","0","0","0","0","1","0","1","0","1","0","0","0","0","0","0","0","0","0","0","0","0","0","0","0","0","0","1","0","0","3","0","","","","CRASH_2001_Philadelphia"
"2002026641","06","67","67301","67301","2001","08","7","2320","23","3","1","0","4","1","","","N","01","2","00","3","0","1","2","2","N","N","40 00:36.500","75 08:10.603","1205","","2356","","0","","N","","3 ","","","","","","","","","","2","2","0","0","0","0","0","0","0","0","0","1","1","0","0","0","0","0","0","1","0","0","0","2","0","0","0","0","0","0","0","0","0","0","0","4","0","40.0101","-75.1363","","CRASH_2001_Philadelphia"
"2002029453","06","67","67301","67301","2001","09","3","1324","13","1","1","1","4","1","","","N","01","2","00","3","0","2","4","3","N","N","39 58:30.430","75 11:41.525","1331","","1326","","0","","N","","3 ","","","","","","","","","","3","3","0","0","0","0","0","0","0","0","0","2","2","0","0","0","0","0","0","0","1","1","0","1","0","0","0","0","0","0","0","0","0","0","0","4","0","39.9751","-75.195","","CRASH_2001_Philadelphia"
"2002037155","06","67","67301","67301","2001","11","2","1945","19","3","1","0","4","1","","","N","01","2","00","3","0","0","2","2","N","N","40 02:50.084","75 10:03.939","1955","","1950","","0","","N","","3 ","","","","","","","","","","2","2","0","0","0","0","0","0","0","0","0","0","0","0","0","0","0","0","0","0","0","0","0","0","0","0","0","0","0","0","0","0","0","0","0","0","0","40.0473","-75.1677","","CRASH_2001_Philadelphia"
"2002012652","06","67","67301","67301","2001","07","6","1700","17","1","1","0","1","1","","","N","01","2","00","3","0","1","3","4","N","N","39 59:50.280","75 07:09.480","1713","","1711","","0","","N","","3 ","","","","","","","","","","4","4","0","0","0","0","0","0","0","0","0","1","1","0","0","0","0","0","0","0","1","0","0","0","0","0","0","0","0","0","0","0","0","0","0","4","0","39.9972","-75.1194","","CRASH_2001_Philadelphia"
"2001288300","06","67","67301","","2001","07","1","1000","10","1","1","0","4","1","","","N","00","0","00","3","0","2","3","2","N","N","","","9999","","9999","","0","","N","","0 ","","","","","","","","","","2","1","0","0","0","0","0","0","0","0","2","0","2","0","0","0","0","0","0","0","0","1","0","0","0","0","0","0","0","0","0","0","0","0","0","3","0","","","","CRASH_2001_Philadelphia"
"2002012811","06","67","67301","67301","2001","07","5","9999","99","2","1","0","3","1","","","N","00","0","00","3","0","0","1","2","N","N","39 58:17.302","75 09:34.753","0805","","0756","","0","","N","","0 ","","","","","","","","","","2","0","0","0","0","2","0","0","0","0","0","0","0","0","0","0","0","0","0","0","0","0","0","0","0","0","0","0","0","0","0","0","0","0","0","0","0","39.9715","-75.1596","","CRASH_2001_Philadelphia"
"2001244761","06","67","67301","67301","2001","05","1","1430","14","1","1","0","4","1","","","N","00","0","07","3","0","1","3","2","N","N","39 58:43.680","75 11:43.440","9999","","9999","","0","","N","","0 ","","","","","","","","","","1","1","0","0","0","0","0","0","1","0","1","0","1","0","0","0","1","0","0","0","0","0","0","0","0","0","0","0","0","0","0","0","0","0","0","3","0","39.9788","-75.1954","","CRASH_2001_Philadelphia"
"2001240164","06","67","67301","67301","2001","04","5","1246","12","1","1","0","5","1","","","N","00","0","00","3","0","1","2","2","N","N","39 54:15.120","75 14:26.520","9999","","9999","","0","","N","","0 ","","","","","","","","","","2","0","0","0","0","0","2","0","0","0","0","1","1","0","0","0","0","0","0","0","0","0","0","0","0","0","0","0","0","0","0","0","0","0","0","4","0","39.9041","-75.2403","","CRASH_2001_Philadelphia"
"2001400718","06","67","67301","67301","2001","08","1","1605","16","1","1","0","8","1","","","N","01","2","00","3","1","0","2","2","N","N","39 57:30.960","75 12:50.400","9999","","9999","","0","","N","9","3 ","","","","","","","","","","1","0","0","0","0","0","0","1","0","0","0","0","0","0","0","0","0","0","0","0","0","1","0","0","0","0","0","0","0","0","0","0","1","1","0","1","0","39.9587","-75.214","2 ","CRASH_2001_Philadelphia"