"CRN","DISTRICT","COUNTY","MUNICIPALITY","POLICE_AGCY","CRASH_YEAR","CRASH_MONTH","DAY_OF_WEEK","TIME_OF_DAY","HOUR_OF_DAY","ILLUMINATION","WEATHER","ROAD_CONDITION","COLLISION_TYPE","RELATION_TO_ROAD","WORK_ZONE_TYPE","WORK_ZONE_LOC","WORK_ZONE_IND","INTERSECT_TYPE","TCD_TYPE","LOCATION_TYPE","URBAN_RURAL","FATAL_COUNT","INJURY_COUNT","PERSON_COUNT","TOTAL_UNITS","SCH_BUS_IND","SCH_ZONE_IND","LATITUDE","LONGITUDE","ARRIVAL_TM","CONS_ZONE_SPD_LIM","DISPATCH_TM","EST_HRS_CLOSED","LANE_CLOSED","LN_CLOSE_DIR","NTFY_HIWY_MAINT","SPEC_JURIS_CD","TCD_FUNC_CD","TFC_DETOUR_IND","WORKERS_PRES","WZ_CLOSE_DETOUR","WZ_FLAGGER","WZ_LAW_OFFCR_IND","WZ_LN_CLOSURE","WZ_MOVING","WZ_OTHER","WZ_SHLDER_MDN","VEHICLE_COUNT","AUTOMOBILE_COUNT","MOTORCYCLE_COUNT","BUS_COUNT","SMALL_TRUCK_COUNT","HEAVY_TRUCK_COUNT","SUV_COUNT","VAN_COUNT","BICYCLE_COUNT","MAJ_INJ_COUNT","MOD_INJ_COUNT","MIN_INJ_COUNT","TOT_INJ_COUNT","UNK_INJ_DEG_COUNT","UNK_INJ_PER_COUNT","DRIVER_COUNT_16YR","DRIVER_COUNT_17YR","DRIVER_COUNT_18YR","DRIVER_COUNT_19YR","DRIVER_COUNT_20YR","DRIVER_COUNT_50_64YR","DRIVER_COUNT_65_74YR","DRIVER_COUNT_75PLUS","UNBELTED_OCC_COUNT","UNB_DEATH_COUNT","UNB_MAJ_INJ_COUNT","BELTED_DEATH_COUNT","BELTED_MAJ_INJ_COUNT","MCYCLE_DEATH_COUNT","MCYCLE_MAJ_INJ_COUNT","BICYCLE_DEATH_COUNT","BICYCLE_MAJ_INJ_COUNT","PED_COUNT","PED_DEATH_COUNT","PED_MAJ_INJ_COUNT","MAX_SEVERITY_LEVEL","COMM_VEH_COUNT","DEC_LAT","DEC_LONG","RDWY_SURF_TYPE_CD","COUNTY_YEAR"
"2001265953","06","67","67301","67301","2001","05","7","0400","04","3","1","0","2","1","","","N","00","0","00","3","0","2","2","2","N","N","","","9999","","9999","","0","","N","","0 ","","","","","","","","","","2","1","1","0","0","0","0","0","0","1","0","1","2","0","0","0","0","0","1","0","0","0","0","0","0","0","0","0","0","1","0","0","0","0","0","2","0","","","","CRASH_2001_Philadelphia"
"2001243732","06","67","67301","67301","2001","05","1","2235","22","3","1","0","8","1","","","N","03","3","00","3","0","1","2","2","N","N","39 54:56.549","75 10:30.353","9999","","9999","","0","","N","","3 ","","","","","","","","","","1","0","0","1","0","0","0","0","0","0","0","1","1","0","0","0","0","0","0","0","0","0","0","0","0","0","0","0","0","0","0","0","1","0","0","4","1","39.9157","-75.1751","","CRASH_2001_Philadelphia"
"2001249038","06","67","67301","67301","2001","05","7","0320","03","3","1","0","1","1","","","N","01","2","02","3","0","2","5","3","N","N","39 59:12.480","75 12:26.640","9999","","9999","","0","","N","","3 ","","","","","","","","","","3","2","0","0","0","0","0","0","0","0","0","1","1","0","1","0","0","0","0","0","0","0","0","0","0","0","0","0","0","0","0","0","0","0","0","4","0","39.9868","-75.2074","","CRASH_2001_Philadelphia"
"2001249408","06","67","67301","67301","2001","04","5","1005","10","1","1","0","4","1","","","N","01","2","00","3","0","4","5","3","N","N","40 01:33.240","75 07:24.600","9999","","9999","","0","","N","","3 ","","","","","","","","","","3","3","0","0","0","0","0","0","0","0","2","2","4","0","0","0","1","0","0","0","1","0","0","0","0","0","0","0","0","0","0","0","0","0","0","3","0","40.0259","-75.1232","","CRASH_2001_Philadelphia"
"2001288122","06","67","67301","","2001","05","1","0030","00","3","2","1","7","5","","","N","01","9","00","3","0","2","2","1","N","N","","","9999","","9999","","0","","N","","9 ","","","","","","","","","","1","0","0","0","0","0","0","1","0","0","0","0","0","0","2","0","0","0","0","1","0","0","0","0","0","0","0","0","0","0","0","0","0","0","0","9","0","","","","CRASH_2001_Philadelphia"
"2001244635","06","67","67301","67301","2001","05","2","9999","99","5","1","0","7","5","","","N","00","0","00","3","0","0","4","1","N","N","","","9999","","9999","","0","","N","","0 ","","","","","","","","","","1","1","0","0","0","0","0","0","0","0","0","0","0","0","0","0","0","0","0","0","0","0","0","0","0","0","0","0","0","0","0","0","0","0","0","0","0","","","","CRASH_2001_Philadelphia"
"2001266437","06","67","67301","67301","2001","07","5","1931","19","1","1","0","9","1","","","N","00","0","00","3","0","0","1","2","N","N","","","9999","","9999","","0","","N","","0 ","","","","","","","","","","2","1","0","0","0","0","0","0","0","0","0","0","0","0","0","0","0","0","0","0","0","0","0","1","0","0","0","0","0","0","0","0","0","0","0","0","0","","","","CRASH_2001_Philadelphia"
"2002010495","06","67","67301","67301","2001","07","7","2300","23","3","1","0","5","1","","","N","00","0","07","3","0","5","5","2","N","N","","","2345","","2319","","0","","N","","0 ","","","","","","","","","","2","1","0","1","0","0","0","0","0","0","4","1","5","0","0","0","0","0","0","0","0","0","0","0","0","0","0","0","0","0","0","0","0","0","0","3","1","","","","CRASH_2001_Philadelphia"
"2002028725","06","67","67301","67301","2001","09","7","0940","09","1","1","0","7","2","","","N","00","0","00","3","0","1","1","1","N","N","39 58:04.477","75 07:50.758","0955","","0943","","0","","N","","0 ","","","","","","","","","","1","1","0","0","0","0","0","0","0","0","0","1","1","0","0","0","0","0","0","0","0","0","0","0","0","0","0","0","0","0","0","0","0","0","0","4","0","39.9732","-75.1208","","CRASH_2001_Philadelphia"
"2001400712","06","67","67301","67301","2001","08","1","1430","14","1","1","0","7","1","","","N","00","0","00","3","1","0","1","1","N","N","40 01:34.320","75 05:47.040","9999","","9999","","0","","N","9","0 ","","","","","","","","","","1","1","0","0","0","0","0","0","0","0","0","0","0","0","0","0","0","0","0","0","1","0","0","1","1","0","0","0","0","0","0","0","0","0","0","1","0","40.026","-75.0959","2 ","CRASH_2001_Philadelphia"
"2001259772","06","67","67301","67301","2001","06","7","1625","16","1","2","1","4","1","","","N","02","3","00","3","0","1","2","2","N","N","40 00:34.514","75 05:22.410","9999","","9999","","0","","N","","3 ","","","","","","","","","","2","1","0","0","0","0","1","0","0","0","0","1","1","0","0","0","1","0","0","0","1","0","0","0","0","0","0","0","0","0","0","0","0","0","0","4","0","40.0096","-75.0896","","CRASH_2001_Philadelphia"
"2002012247","06","67","67301","67301","2001","06","7","1742","17","1","2","1","7","3","","","N","00","0","03","3","0","0","1","1","N","N","39 53:47.040","75 11:28.680","9999","","9999","","0","","N","","0 ","","","","","","","","","","1","1","0","0","0","0","0","0","0","0","0","0","0","0","0","0","0","1","0","0","0","0","0","0","0","0","0","0","0","0","0","0","0","0","0","0","0","39.8973","-75.1883","","CRASH_2001_Philadelphia"
"2002004034","06","67","67301","37301","2001","06","4","1745","17","1","1","0","8","2","","","N","00","0","00","3","0","1","2","2","N","N","39 56:57.120","75 09:51.480","1745","","1745","","0","","N","","0 ","","","","","","","","","","1","1","0","0","0","0","0","0","0","0","1","0","1","0","0","0","0","0","0","0","0","0","0","1","0","0","0","0","0","0","0","0","1","0","0","3","0","39.9492","-75.1643","","CRASH_2001_Philadelphia"
"2002033545","06","67","67301","67301","2001","11","5","1120","11","1","1","0","4","1","","","N","01","2","00","3","0","2","2","2","N","N","39 57:44.966","75 12:24.781","1120","","1127","","0","","N","","3 ","","","","","","","","","","2","2","0","0","0","0","0","0","0","0","0","2","2","0","0","0","0","0","0","0","0","0","0","0","0","0","0","0","0","0","0","0","0","0","0","4","0","39.9625","-75.2067","","CRASH_2001_Philadelphia"
"2002004064","06","67","67301","67301","2001","06","6","1913","19","1","1","0","5","1","","","N","00","0","00","3","0","1","2","2","N","N","39 53:56.040","75 10:43.680","1922","","1915","","0","","N","","0 ","","","","","","","","","","2","1","0","0","1","0","0","0","0","0","0","1","1","0","0","0","0","0","0","0","0","0","0","0","0","0","0","0","0","0","0","0","0","0","0","4","0","39.8993","-75.1759","","CRASH_2001_Philadelphia"
"2001240233","06","67","67301","67301","2001","04","5","1800","18","1","1","0","8","1","","","N","00","0","00","3","0","1","2","2","N","N","","","9999","","9999","","0","","N","","0 ","","","","","","","","","","1","0","0","0","0","0","0","1","0","0","0","1","1","0","0","0","0","1","0","0","0","0","0","0","0","0","0","0","0","0","0","0","1","0","0","4","0","","","","CRASH_2001_Philadelphia"
"2001243492","06","67","67301","67301","2001","04","7","1310","13","1","1","0","1","1","","","N","02","2","00","3","0","3","4","2","N","N","","","9999","","9999","","0","","N","","3 ","","","","","","","","","","2","2","0","0","0","0","0","0","0","0","0","3","3","0","0","0","0","0","0","1","0","0","0","0","0","0","0","0","0","0","0","0","0","0","0","4","0","","","","CRASH_2001_Philadelphia"
"2001243677","06","67","67301","67301","2001","05","3","0725","07","1","1","0","5","1","1","8","Y","07","0","02","3","0","0","2","2","N","N","40 00:39.240","75 12:07.560","9999","99","9999","","0","","N","","0 ","","U","","","U","","","","","2","1","0","0","0","0","1","0","0","0","0","0","0","0","0","0","0","0","0","0","0","0","0","0","0","0","0","0","0","0","0","0","0","0","0","0","0","40.0109","-75.2022","","CRASH_2001_Philadelphia"
"2001243330","06","67","67301","67301","2001","04","1","1655","16","1","1","0","8","1","","","N","00","0","00","3","0","1","2","2","N","N","40 02:33.720","75 08:38.040","9999","","9999","","0","","N","","0 ","","","","","","","","","","1","1","0","0","0","0","0","0","0","0","0","1","1","0","0","0","0","0","0","0","0","0","0","0","0","0","0","0","0","0","0","0","1","0","0","4","0","40.0427","-75.1438","","CRASH_2001_Philadelphia"
"2001265962","06","67","67301","67301","2001","05","5","1510","15","1","1","0","5","1","","","N","00","0","00","3","0","1","3","2","N","N","","","9999","","9999","","0","","N","","0 ","","","","","","","","","","1","0","0","0","0","1","0","0","1","0","0","1","1","0","0","0","0","0","0","0","0","0","0","1","0","0","0","0","0","0","0","0","0","0","0","4","0","","","","CRASH_2001_Philadelphia"
"2001266633","06","67","67301","67301","2001","08","4","1905","19","1","1","0","9","1","","","N","01","3","00","3","0","1","3","2","N","N","39 58:51.495","75 07:19.639","9999","","9999","","0","","N","","3 ","","","","","","","","","","2","0","0","0","0","0","1","0","0","0","0","1","1","0","0","0","1","0","0","0","0","0","0","0","0","0","0","0","0","0","0","0","0","0","0","4","0","39.981","-75.1221","","CRASH_2001_Philadelphia"
"2002003625","06","67","67301","67301","2001","06","1","1915","19","1","1","0","4","1","","","N","01","3","00","3","0","0","4","2","N","N","39 57:44.250","75 09:40.620","1924","","1920","","0","","N","","3 ","","","","","","","","","","2","2","0","0","0","0","0","0","0","0","0","0","0","0","3","0","0","0","0","0","0","0","0","3","0","0","0","0","0","0","0","0","0","0","0","9","0","39.9623","-75.1614","","CRASH_2001_Philadelphia"
"2001252102","06","67","67301","67301","2001","06","6","1851","18","4","2","0","4","1","","","N","00","0","07","3","0","1","4","2","N","N","","","9999","","9999","","0","","N","","0 ","","","","","","","","","","2","2","0","0","0","0","0","0","0","0","0","1","1","0","0","0","0","1","0","0","0","0","0","0","0","0","0","0","0","0","0","0","0","0","0","4","0","","","","CRASH_2001_Philadelphia"
"2001400062","06","67","67301","67301","2001","01","4","1640","16","1","1","0","2","1","","","N","00","0","00","3","1","0","2","2","N","N","","","9999","","9999","","0","","N","9","0 ","","","","","","","","","","2","1","0","0","0","0","0","0","0","0","0","0","0","0","0","0","0","0","1","0","0","0","0","0","0","0","0","0","0","0","0","0","0","0","0","1","0","","","9 ","CRASH_2001_Philadelphia"
"2001014324","06","67","67301","67301","2001","06","1","0205","02","3","6","1","7","2","","","N","00","0","00","3","0","2","2","1","N","N","40 01:59.880","75 01:12.360","0215","","0207","1","2","1","N","","0 ","N","","","","","","","","","1","1","0","0","0","0","0","0","0","0","2","0","2","0","0","0","0","0","0","0","0","0","0","0","0","0","0","0","0","0","0","0","0","0","0","3","0","40.0332","-75.0203","","CRASH_2001_Philadelphia"
"2001019635","06","67","67301","67301","2001","06","6","1500","15","1","2","1","4","1","","","N","01","1","00","3","0","3","4","2","N","N","40 07:51.110","75 00:45.968","1526","","1521","","0","","N","","3 ","","","","","","","","","","2","2","0","0","0","0","0","0","0","0","3","0","3","0","0","0","0","0","0","0","1","0","0","0","0","0","0","0","0","0","0","0","0","0","0","3","0","40.1313","-75.0126","","CRASH_2001_Philadelphia"
"2002016873","06","67","67301","67301","2001","07","3","1017","10","1","1","0","1","1","","","N","00","0","00","3","0","1","2","2","N","N","40 03:07.300","75 05:44.754","1037","","1028","","0","","N","","0 ","","","","","","","","","","2","2","0","0","0","0","0","0","0","0","0","1","1","0","0","0","0","0","0","0","0","0","0","0","0","0","0","0","0","0","0","0","0","0","0","4","0","40.052","-75.0958","","CRASH_2001_Philadelphia"
"2002037143","06","67","67301","67301","2001","11","5","9999","99","2","2","1","4","1","","","N","00","3","00","3","0","0","3","2","N","N","39 57:23.875","75 13:21.213","1154","","1149","","0","","N","","3 ","","","","","","","","","","2","2","0","0","0","0","0","0","0","0","0","0","0","0","3","0","0","0","0","0","1","0","0","0","0","0","0","0","0","0","0","0","0","0","0","9","0","39.9566","-75.2225","","CRASH_2001_Philadelphia"
"2002041683","06","67","67301","67301","2001","12","4","1805","18","3","1","0","4","1","","","N","01","2","00","3","0","2","3","2","N","N","40 01:13.651","75 08:55.870","1815","","1810","","0","","N","","3 ","","","","","","","","","","2","2","0","0","0","0","0","0","0","0","0","2","2","0","0","0","0","0","1","0","0","1","0","0","0","0","0","0","0","0","0","0","0","0","0","4","0","40.0201","-75.1488","","CRASH_2001_Philadelphia"
"2002030880","06","67","67301","67301","2001","09","7","1448","14","1","1","0","4","1","","","N","00","0","07","3","0","0","3","2","N","N","40 02:50.298","75 03:35.646","1454","","1453","1","2","2","N","","0 ","Y","","","","","","","","","2","2","0","0","0","0","0","0","0","0","0","0","0","0","0","0","0","0","0","0","0","0","0","0","0","0","0","0","0","0","0","0","0","0","0","0","0","40.0473","-75.06","","CRASH_2001_Philadelphia"
"2002031569","06","67","67301","67301","2001","10","6","0122","01","3","1","0","7","3","","","N","00","0","01","3","0","0","5","1","N","N","39 55:17.760","75 11:25.800","0122","","0122","1","1","4","N","","0 ","Y","","","","","","","","","1","1","0","0","0","0","0","0","0","0","0","0","0","0","0","0","0","0","0","0","0","0","0","5","0","0","0","0","0","0","0","0","0","0","0","0","0","39.9216","-75.1906","","CRASH_2001_Philadelphia"
"2002033684","06","67","67301","67301","2001","11","1","1800","18","3","1","0","9","9","","","N","01","3","00","3","0","1","3","2","N","N","39 59:23.107","75 06:13.826","1809","","1805","","0","","N","","3 ","","","","","","","","","","1","0","0","0","0","0","0","0","0","0","0","1","1","0","2","0","0","0","0","0","0","0","0","0","0","0","0","0","0","0","0","0","1","0","0","4","0","39.9898","-75.1039","","CRASH_2001_Philadelphia"
"2002035765","06","67","67301","67301","2001","09","2","1610","16","1","1","0","8","1","","","N","01","0","00","3","0","1","2","2","N","N","39 58:25.183","75 14:46.708","9999","","1615","","0","","N","","0 ","","","","","","","","","","1","1","0","0","0","0","0","0","0","0","0","1","1","0","0","0","0","0","0","0","0","0","0","0","0","0","0","0","0","0","0","0","1","0","0","4","0","39.9737","-75.2463","","CRASH_2001_Philadelphia"
"2002045150","06","67","67301","67301","2001","12","4","1525","15","1","1","0","1","1","","","N","00","2","00","3","0","3","5","4","N","N","40 00:29.880","75 12:39.960","1535","","1528","","0","","N","","3 ","","","","","","","","","","4","4","0","0","0","0","0","0","0","0","0","3","3","0","0","0","0","0","1","0","0","0","1","0","0","0","0","0","0","0","0","0","0","0","0","4","0","40.0087","-75.2104","","CRASH_2001_Philadelphia"
"2002045689","06","67","67301","67301","2001","10","4","1520","15","1","1","0","4","1","","","N","01","2","00","3","0","1","4","2","N","N","39 58:38.136","75 10:09.709","1540","","1533","","0","","N","","2 ","","","","","","","","","","2","2","0","0","0","0","0","0","0","0","0","1","1","0","0","0","0","0","0","0","0","0","0","0","0","0","0","0","0","0","0","0","0","0","0","4","0","39.9773","-75.1694","","CRASH_2001_Philadelphia"
"2002033609","06","67","67301","67301","2001","11","3","","","3","1","0","4","1","","","N","01","2","00","3","0","1","2","2","N","N","40 00:33.443","75 04:08.052","1902","","9999","","0","","N","","3 ","","","","","","","","","","2","2","0","0","0","0","0","0","0","0","1","0","1","0","0","0","0","0","0","0","0","0","0","1","0","0","0","0","0","0","0","0","0","0","0","3","0","40.0093","-75.069","","CRASH_2001_Philadelphia"
"2002042244","06","67","67301","67501","2001","12","5","0105","01","3","1","0","7","5","","","N","00","8","03","3","0","0","2","1","N","N","","","0111","","9999","","0","","N","","1 ","","","","","","","","","","1","1","0","0","0","0","0","0","0","0","0","0","0","0","1","0","0","0","0","0","0","0","0","0","0","0","0","0","0","0","0","0","0","0","0","9","0","","","","CRASH_2001_Philadelphia"
"2002049766","06","67","67301","67301","2001","12","6","1850","18","3","1","0","7","2","","","N","01","3","00","3","0","2","3","3","N","N","40 02:35.000","75 08:49.000","1853","","1850","","0","","N","","3 ","","","","","","","","","","1","1","0","0","0","0","0","0","0","0","2","0","2","0","0","0","0","0","0","0","0","0","0","0","0","0","0","0","0","0","0","0","2","0","0","3","0","40.0431","-75.1469","","CRASH_2001_Philadelphia"
"2002017592","06","67","67301","67301","2001","08","6","0630","06","1","1","0","4","1","","","N","01","2","00","3","0","0","2","2","N","N","40 01:15.653","75 08:24.501","0810","","0754","","0","","N","","3 ","","","","","","","","","","2","2","0","0","0","0","0","0","0","0","0","0","0","0","0","0","0","0","0","0","0","0","0","0","0","0","0","0","0","0","0","0","0","0","0","0","0","40.0211","-75.1399","","CRASH_2001_Philadelphia"
"2002039339","06","67","67301","67301","2001","11","4","1800","18","3","1","0","1","1","","","N","01","2","00","3","0","1","2","2","N","N","40 03:57.365","75 09:33.290","2240","","2238","","0","","N","","9 ","","","","","","","","","","2","2","0","0","0","0","0","0","0","0","0","1","1","0","1","0","0","0","0","0","0","0","0","0","0","0","0","0","0","0","0","0","0","0","0","4","0","40.0659","-75.1593","","CRASH_2001_Philadelphia"
"2002046768","06","67","67301","67301","2001","09","5","1319","13","1","1","0","1","1","","","N","01","2","00","3","0","2","4","2","N","N","39 57:23.309","75 12:30.259","1319","","1319","","0","","N","","9 ","","","","","","","","","","2","2","0","0","0","0","0","0","0","0","0","2","2","0","0","0","0","0","0","0","0","0","0","0","0","0","0","0","0","0","0","0","0","0","0","4","0","39.9549","-75.2087","","CRASH_2001_Philadelphia"
"2002057053","06","67","67301","67301","2001","09","2","1238","12","1","1","0","4","1","","","N","01","2","00","3","0","2","4","3","N","N","40 01:17.821","75 08:55.321","1255","","1241","","0","","N","","3 ","","","","","","","","","","3","3","0","0","0","0","0","0","0","0","0","2","2","0","0","0","0","0","0","0","0","0","0","0","0","0","0","0","0","0","0","0","0","0","0","4","0","40.0214","-75.1485","","CRASH_2001_Philadelphia"
"2001244725","06","67","67301","67301","2001","05","7","1816","18","1","1","0","4","1","","","N","05","2","00","3","0","1","3","2","N","N","39 57:26.280","75 14:52.440","9999","","9999","","0","","N","","3 ","","","","","","","","","","2","2","0","0","0","0","0","0","0","0","0","1","1","0","0","0","0","0","1","0","0","0","0","0","0","0","0","0","0","0","0","0","0","0","0","4","0","39.9573","-75.2479","","CRASH_2001_Philadelphia"
"2001244896","06","67","67301","67301","2001","05","7","1427","14","1","1","0","8","1","","","N","00","0","00","3","0","1","2","2","N","N","","","9999","","9999","","0","","N","","0 ","","","","","","","","","","1","0","0","0","0","0","0","0","0","0","0","1","1","0","0","0","0","0","0","0","0","0","0","0","0","0","0","0","0","0","0","0","1","0","0","4","0","","","","CRASH_2001_Philadelphia"
"2002012203","06","67","67301","67301","2001","07","4","1513","15","1","1","0","8","1","","","N","01","2","00","3","0","0","2","2","N","N","39 57:11.000","75 10:17.983","1519","","1506","","0","","N","","3 ","","","","","","","","","","1","1","0","0","0","0","0","0","0","0","0","0","0","0","0","0","0","0","0","0","1","0","0","0","0","0","0","0","0","0","0","0","1","0","0","0","0","39.9534","-75.1716","","CRASH_2001_Philadelphia"
"2002026565","06","67","67301","67301","2001","08","2","1640","16","1","1","0","7","2","","","N","00","0","00","3","0","3","3","1","N","N","39 53:33.720","75 13:35.760","1650","","1642","1","1","1","N","","0 ","N","","","","","","","","","1","1","0","0","0","0","0","0","0","0","0","3","3","0","0","0","0","0","0","0","0","0","0","0","0","0","0","0","0","0","0","0","0","0","0","4","0","39.8927","-75.2265","","CRASH_2001_Philadelphia"
"2002029594","06","67","67301","67601","2001","09","5","1720","17","1","2","1","8","1","","","N","01","2","00","3","0","1","2","2","N","N","40 01:42.000","75 03:28.478","1730","","1725","","0","","N","","3 ","","","","","","","","","","1","1","0","0","0","0","0","0","0","0","0","1","1","0","1","0","0","0","0","0","0","0","0","0","0","0","0","0","0","0","0","0","1","0","0","4","0","40.0285","-75.0579","","CRASH_2001_Philadelphia"
"2002030647","06","67","67301","67301","2001","09","5","1940","19","3","1","0","1","1","","","N","00","0","00","3","0","1","6","3","N","N","40 02:40.922","75 13:03.700","1950","","1947","","0","","N","","0 ","","","","","","","","","","3","1","0","0","1","0","0","0","0","0","1","0","1","0","0","0","0","0","0","0","1","0","0","0","0","0","0","0","0","0","0","0","0","0","0","3","0","40.045","-75.2177","","CRASH_2001_Philadelphia"
"2002031551","06","67","67301","67301","2001","10","5","0540","05","5","1","0","5","1","","","N","00","0","00","3","0","0","2","2","N","N","40 00:35.562","75 03:53.837","0605","","0045","3","1","2","Y","","0 ","N","","","","","","","","","2","1","0","0","0","1","0","0","0","0","0","0","0","0","1","0","0","0","1","0","1","0","0","0","0","0","0","0","0","0","0","0","0","0","0","9","1","40.0101","-75.0639","","CRASH_2001_Philadelphia"
"2002010506","06","67","67301","67301","2001","06","7","1432","14","1","1","0","4","1","","","N","00","2","00","3","0","1","3","2","N","N","40 04:14.878","75 14:28.546","1437","","1433","","0","","N","","3 ","","","","","","","","","","2","2","0","0","0","0","0","0","0","0","0","1","1","0","0","0","0","0","0","0","0","0","0","0","0","0","0","0","0","0","0","0","0","0","0","4","0","40.0709","-75.2413","","CRASH_2001_Philadelphia"
"2002044163","06","67","67301","67301","2001","12","2","1247","12","1","1","0","5","1","","","N","00","0","00","3","0","6","7","2","N","N","39 59:40.000","75 10:46.000","1257","","1245","","0","","N","","0 ","","","","","","","","","","2","2","0","0","0","0","0","0","0","0","0","6","6","0","0","0","0","0","0","0","1","0","0","1","0","0","0","0","0","0","0","0","0","0","0","4","0","39.9944","-75.1794","","CRASH_2001_Philadelphia"
"2002012100","06","67","67301","67301","2001","07","3","0931","09","1","1","0","5","1","","","N","05","2","00","3","0","1","2","2","N","N","39 58:13.008","75 07:27.749","0932","","0931","","0","","N","","2 ","","","","","","","","","","2","1","0","0","1","0","0","0","0","0","0","1","1","0","0","0","0","0","0","0","0","0","0","0","0","0","0","0","0","0","0","0","0","0","0","4","0","40.0317","-75.0632","","CRASH_2001_Philadelphia"
"2002014915","06","67","67301","67301","2001","12","2","0125","01","3","1","0","1","6","","","N","00","0","00","3","0","1","1","4","N","N","","","0127","","0125","","0","","N","","0 ","","","","","","","","","","4","4","0","0","0","0","0","0","0","0","1","0","1","0","0","1","0","0","0","0","0","0","0","1","0","0","0","0","0","0","0","0","0","0","0","3","0","","","","CRASH_2001_Philadelphia"
"2001243536","06","67","67301","67301","2001","05","5","1810","18","1","2","0","4","1","","","N","01","2","00","3","0","2","2","2","N","N","39 59:08.880","75 10:51.600","9999","","9999","","0","","N","","3 ","","","","","","","","","","2","1","0","0","0","0","1","0","0","0","0","0","0","0","2","0","0","0","0","0","0","0","0","0","0","0","0","0","0","0","0","0","0","0","0","9","0","39.9858","-75.181","","CRASH_2001_Philadelphia"
"2002014232","06","67","67301","67301","2001","06","4","0624","06","1","1","0","5","1","","","N","00","2","00","3","0","1","2","2","N","N","39 57:14.970","75 08:27.547","0627","","0625","","0","","N","","3 ","","","","","","","","","","2","2","0","0","0","0","0","0","0","0","0","1","1","0","0","0","0","1","0","0","0","0","0","0","0","0","0","0","0","0","0","0","0","0","0","4","0","39.9536","-75.1409","","CRASH_2001_Philadelphia"
"2001243337","06","67","67301","67301","2001","04","7","0204","02","3","1","0","1","1","","","N","00","0","00","3","0","1","4","2","N","N","40 00:55.440","75 10:37.560","9999","","9999","","0","","N","","0 ","","","","","","","","","","2","2","0","0","0","0","0","0","0","0","0","0","0","0","1","0","0","0","0","0","0","0","0","0","0","0","0","0","0","0","0","0","0","0","0","9","0","40.0154","-75.177","","CRASH_2001_Philadelphia"
"2001244748","06","67","67301","67301","2001","05","5","0009","00","3","1","0","6","1","","","N","01","2","00","3","0","1","3","2","N","N","40 02:20.760","75 06:36.360","9999","","9999","","0","","N","","3 ","","","","","","","","","","2","1","0","0","0","0","0","1","0","0","1","0","1","0","0","0","0","0","0","0","1","0","0","0","0","0","0","0","0","0","0","0","0","0","0","3","0","40.0392","-75.11","","CRASH_2001_Philadelphia"
"2001244889","06","67","67301","67301","2001","05","6","2117","21","3","1","0","1","1","","","N","01","0","00","3","0","1","3","2","N","N","","","9999","","9999","","0","","N","","0 ","","","","","","","","","","2","2","0","0","0","0","0","0","0","0","0","0","0","0","1","0","0","0","0","0","0","0","0","0","0","0","0","0","0","0","0","0","0","0","0","9","0","","","","CRASH_2001_Philadelphia"
"2001288163","06","67","67301","","2001","05","4","0620","06","1","9","9","4","1","","","N","01","3","00","3","0","1","4","2","N","N","40 03:57.240","75 10:35.400","9999","","9999","","0","","N","","3 ","","","","","","","","","","2","1","0","0","0","0","0","0","0","0","0","1","1","0","0","0","0","0","0","0","1","0","0","0","0","0","0","0","0","0","0","0","0","0","0","4","0","40.0659","-75.1765","","CRASH_2001_Philadelphia"
"2002012760","06","67","67301","67301","2001","07","6","0651","06","2","1","0","4","1","","","N","01","2","00","3","0","1","5","2","N","N","","","0651","","0651","","0","","N","","3 ","","","","","","","","","","2","2","0","0","0","0","0","0","0","0","1","0","1","0","0","0","0","0","0","0","1","0","1","1","0","0","0","0","0","0","0","0","0","0","0","3","0","","","","CRASH_2001_Philadelphia"
"2002014554","06","67","67301","67301","2001","07","3","1608","16","1","2","1","5","1","","","N","02","2","00","3","0","0","2","2","N","N","39 57:06.723","75 11:04.360","1620","","1612","","0","","N","","3 ","","","","","","","","","","2","2","0","0","0","0","0","0","0","0","0","0","0","0","0","0","0","0","1","0","0","0","0","0","0","0","0","0","0","0","0","0","0","0","0","0","0","39.9533","-75.1838","","CRASH_2001_Philadelphia"
"2002017876","06","67","67301","67301","2001","08","6","2124","21","3","2","1","1","6","","","N","00","0","00","3","0","1","1","4","N","N","","","2126","","2124","","0","","N","","0 ","","","","","","","","","","4","4","0","0","0","0","0","0","0","0","1","0","1","0","0","0","0","0","0","0","0","0","0","1","0","0","0","0","0","0","0","0","0","0","0","3","0","","","","CRASH_2001_Philadelphia"
"2002020200","06","67","67301","67301","2001","08","3","0649","06","1","1","0","5","1","","","N","00","0","00","3","0","3","3","3","N","N","39 54:42.480","75 11:33.360","0700","","0649","2","2","2","N","","0 ","N","","","","","","","","","3","2","0","0","1","0","0","0","0","0","3","0","3","0","0","0","0","0","0","0","1","0","0","0","0","0","0","0","0","0","0","0","0","0","0","3","0","39.9118","-75.1926","","CRASH_2001_Philadelphia"
"2002032596","06","67","67301","67301","2001","10","7","0220","02","3","1","0","5","1","1","3","Y","00","0","00","3","0","2","6","2","N","N","39 53:28.250","75 13:18.889","0230","55","0220","","0","","N","","0 ","","N","","","U","","","","","2","2","0","0","0","0","0","0","0","0","0","2","2","0","0","0","0","0","0","0","0","0","0","0","0","0","0","0","0","0","0","0","0","0","0","4","0","39.8913","-75.222","","CRASH_2001_Philadelphia"