"CRN","DISTRICT","COUNTY","MUNICIPALITY","POLICE_AGCY","CRASH_YEAR","CRASH_MONTH","DAY_OF_WEEK","TIME_OF_DAY","HOUR_OF_DAY","ILLUMINATION","WEATHER","ROAD_CONDITION","COLLISION_TYPE","RELATION_TO_ROAD","WORK_ZONE_TYPE","WORK_ZONE_LOC","WORK_ZONE_IND","INTERSECT_TYPE","TCD_TYPE","LOCATION_TYPE","URBAN_RURAL","FATAL_COUNT","INJURY_COUNT","PERSON_COUNT","TOTAL_UNITS","SCH_BUS_IND","SCH_ZONE_IND","LATITUDE","LONGITUDE","ARRIVAL_TM","CONS_ZONE_SPD_LIM","DISPATCH_TM","EST_HRS_CLOSED","LANE_CLOSED","LN_CLOSE_DIR","NTFY_HIWY_MAINT","SPEC_JURIS_CD","TCD_FUNC_CD","TFC_DETOUR_IND","WORKERS_PRES","WZ_CLOSE_DETOUR","WZ_FLAGGER","WZ_LAW_OFFCR_IND","WZ_LN_CLOSURE","WZ_MOVING","WZ_OTHER","WZ_SHLDER_MDN","VEHICLE_COUNT","AUTOMOBILE_COUNT","MOTORCYCLE_COUNT","BUS_COUNT","SMALL_TRUCK_COUNT","HEAVY_TRUCK_COUNT","SUV_COUNT","VAN_COUNT","BICYCLE_COUNT","MAJ_INJ_COUNT","MOD_INJ_COUNT","MIN_INJ_COUNT","TOT_INJ_COUNT","UNK_INJ_DEG_COUNT","UNK_INJ_PER_COUNT","DRIVER_COUNT_16YR","DRIVER_COUNT_17YR","DRIVER_COUNT_18YR","DRIVER_COUNT_19YR","DRIVER_COUNT_20YR","DRIVER_COUNT_50_64YR","DRIVER_COUNT_65_74YR","DRIVER_COUNT_75PLUS","UNBELTED_OCC_COUNT","UNB_DEATH_COUNT","UNB_MAJ_INJ_COUNT","BELTED_DEATH_COUNT","BELTED_MAJ_INJ_COUNT","MCYCLE_DEATH_COUNT","MCYCLE_MAJ_INJ_COUNT","BICYCLE_DEATH_COUNT","BICYCLE_MAJ_INJ_COUNT","PED_COUNT","PED_DEATH_COUNT","PED_MAJ_INJ_COUNT","MAX_SEVERITY_LEVEL","COMM_VEH_COUNT","DEC_LAT","DEC_LONG","RDWY_SURF_TYPE_CD","COUNTY_YEAR"
"2002033611","06","67","67301","67301","2001","11","7","0956","09","1","1","0","4","1","","","N","01","2","00","3","0","4","4","2","N","N","40 01:35.952","75 05:52.394","1005","","0959","","0","","N","","3 ","","","","","","","","","","2","2","0","0","0","0","0","0","0","0","0","4","4","0","0","0","0","0","0","0","0","1","0","0","0","0","0","0","0","0","0","0","0","0","0","4","0","40.0264","-75.0975","","CRASH_2001_Philadelphia"
"2002043695","06","67","67301","67301","2001","11","6","2335","23","3","1","0","2","1","","","N","01","2","00","3","0","2","2","2","N","N","40 07:51.110","75 00:45.968","2340","","2340","","0","","N","","3 ","","","","","","","","","","2","2","0","0","0","0","0","0","0","0","1","1","2","0","0","0","0","0","0","0","0","0","0","0","0","0","0","0","0","0","0","0","0","0","0","3","0","40.1317","-75.0122","","CRASH_2001_Philadelphia"
"2002058207","06","67","67301","67301","2001","07","6","1600","16","1","1","0","3","1","","","N","00","0","00","3","0","1","3","2","N","N","","","1715","","1715","","0","","N","","0 ","","","","","","","","","","2","2","0","0","0","0","0","0","0","0","0","1","1","0","0","0","0","0","0","0","0","1","0","0","0","0","0","0","0","0","0","0","0","0","0","4","0","","","","CRASH_2001_Philadelphia"
"2001240200","06","67","67301","67301","2001","04","3","2020","20","3","1","0","8","1","","","N","01","2","00","3","0","1","3","2","N","N","","","9999","","9999","","0","","N","","3 ","","","","","","","","","","1","1","0","0","0","0","0","0","0","0","0","1","1","0","0","0","0","0","0","0","0","0","0","2","0","0","0","0","0","0","0","0","1","0","0","4","0","","","","CRASH_2001_Philadelphia"
"2001244880","06","67","67301","67301","2001","05","3","1320","13","1","1","0","7","5","","","N","01","2","00","3","0","2","2","1","N","N","","","9999","","9999","","0","","N","","3 ","","","","","","","","","","1","1","0","0","0","0","0","0","0","1","0","1","2","0","0","0","0","0","0","0","0","1","0","0","0","0","0","1","0","0","0","0","0","0","0","2","0","","","","CRASH_2001_Philadelphia"
"2002020182","06","67","67301","67301","2001","07","3","0945","09","1","9","0","4","1","","","N","01","2","00","3","0","1","2","2","N","N","40 02:14.460","75 11:27.412","1000","","0950","","0","","N","","9 ","","","","","","","","","","2","2","0","0","0","0","0","0","0","0","0","1","1","0","0","0","0","0","0","0","0","1","0","0","0","0","0","0","0","0","0","0","0","0","0","4","0","40.0374","-75.1909","","CRASH_2001_Philadelphia"
"2002039495","06","67","67301","67301","2001","11","3","0905","09","1","1","1","6","1","","","N","01","2","00","3","0","1","3","2","N","N","39 55:40.309","75 14:13.508","0920","","0920","","0","","N","","3 ","","","","","","","","","","2","2","0","0","0","0","0","0","0","0","0","1","1","0","0","0","0","0","0","0","0","0","0","0","0","0","0","0","0","0","0","0","0","0","0","4","0","39.9278","-75.237","","CRASH_2001_Philadelphia"
"2002010448","06","67","67301","67301","2001","06","7","2215","22","3","1","0","8","1","","","N","01","2","00","3","0","1","2","2","N","N","40 01:20.524","75 05:37.768","2230","","2215","","0","","N","","2 ","","","","","","","","","","1","1","0","0","0","0","0","0","0","0","0","1","1","0","0","0","0","0","1","0","0","0","0","0","0","0","0","0","0","0","0","0","1","0","0","4","0","40.0227","-75.0935","","CRASH_2001_Philadelphia"
"2002020493","06","67","67301","67301","2001","08","7","0810","08","1","1","0","5","1","","","N","00","0","00","3","0","3","3","4","N","N","39 59:45.524","75 10:14.327","0815","","0811","","0","","N","","0 ","","","","","","","","","","4","4","0","0","0","0","0","0","0","0","0","3","3","0","0","0","0","0","0","0","0","0","0","0","0","0","0","0","0","0","0","0","0","0","0","4","0","39.996","-75.1706","","CRASH_2001_Philadelphia"
"2002027880","06","67","67301","67301","2001","09","2","2149","21","3","1","0","4","9","","","N","01","2","00","3","0","2","3","2","N","N","39 57:24.321","75 13:24.852","2150","","2149","","0","","N","","3 ","","","","","","","","","","2","2","0","0","0","0","0","0","0","0","1","1","2","0","0","0","0","0","0","0","0","0","0","0","0","0","0","0","0","0","0","0","0","0","0","3","0","39.9582","-75.2232","","CRASH_2001_Philadelphia"
"2002027888","06","67","67301","67301","2001","09","1","2100","21","3","1","0","7","2","","","N","03","2","00","3","0","1","1","1","N","N","39 58:06.036","75 14:07.328","2102","","2102","","0","","N","","3 ","","","","","","","","","","1","1","0","0","0","0","0","0","0","0","0","1","1","0","0","0","0","0","0","0","0","0","0","0","0","0","0","0","0","0","0","0","0","0","0","4","0","39.9684","-75.2353","","CRASH_2001_Philadelphia"
"2001240165","06","67","67301","67301","2001","04","1","0015","00","3","1","0","4","1","","","N","01","2","00","3","0","0","2","2","N","N","39 56:47.400","75 14:13.920","9999","","9999","","0","","N","","3 ","","","","","","","","","","2","2","0","0","0","0","0","0","0","0","0","0","0","0","0","0","0","0","0","0","0","0","1","0","0","0","0","0","0","0","0","0","0","0","0","0","0","39.9464","-75.2373","","CRASH_2001_Philadelphia"
"2001240266","06","67","67301","67301","2001","04","7","0020","00","3","1","0","4","1","","","N","10","2","00","3","0","1","2","2","N","N","39 57:09.720","75 09:44.640","9999","","9999","","0","","N","","3 ","","","","","","","","","","2","2","0","0","0","0","0","0","0","0","0","0","0","0","1","0","0","0","0","0","0","0","0","0","0","0","0","0","0","0","0","0","0","0","0","9","0","39.9536","-75.165","","CRASH_2001_Philadelphia"
"2001288584","06","67","67301","","2001","11","5","0815","08","9","9","9","4","1","","","N","00","0","00","3","0","0","2","3","N","N","","","9999","","9999","","0","","N","","0 ","","","","","","","","","","3","2","0","0","0","0","0","0","0","0","0","0","0","0","0","0","0","0","0","0","0","0","0","0","0","0","0","0","0","0","0","0","0","0","0","0","0","","","","CRASH_2001_Philadelphia"
"2001239103","06","67","67301","67301","2001","04","5","1700","17","1","1","0","1","1","","","N","00","0","00","3","0","1","1","2","N","N","","","9999","","9999","","0","","N","","0 ","","","","","","","","","","2","2","0","0","0","0","0","0","0","0","0","1","1","0","0","0","0","0","0","0","0","1","0","0","0","0","0","0","0","0","0","0","0","0","0","4","0","","","","CRASH_2001_Philadelphia"
"2001240259","06","67","67301","67301","2001","04","7","1430","14","1","1","0","4","1","","","N","01","2","00","3","0","1","2","2","N","N","39 54:42.120","75 10:21.000","9999","","9999","","0","","N","","3 ","","","","","","","","","","2","2","0","0","0","0","0","0","0","0","0","1","1","0","0","0","0","0","0","0","0","1","0","0","0","0","0","0","0","0","0","0","0","0","0","4","0","39.9117","-75.1725","","CRASH_2001_Philadelphia"
"2001248528","06","67","67301","67301","2001","05","3","1825","18","1","1","0","8","1","","","N","01","0","00","3","0","1","2","2","N","N","39 59:52.346","75 07:53.255","9999","","9999","","0","","N","","0 ","","","","","","","","","","1","1","0","0","0","0","0","0","0","0","0","1","1","0","0","0","1","0","0","0","0","0","0","0","0","0","0","0","0","0","0","0","1","0","0","4","0","39.9979","-75.1315","","CRASH_2001_Philadelphia"
"2002003967","06","67","67301","67301","2001","06","7","1253","12","1","1","0","1","1","","","N","01","2","00","3","0","1","4","3","N","N","40 02:50.084","75 10:03.939","1300","","1253","","0","","N","","3 ","","","","","","","","","","3","2","0","0","1","0","0","0","0","0","0","1","1","0","0","0","0","0","0","1","1","0","0","1","0","0","0","0","0","0","0","0","0","0","0","4","0","40.0473","-75.1677","","CRASH_2001_Philadelphia"
"2001244763","06","67","67301","67301","2001","04","6","1750","17","1","1","0","1","1","","","N","01","2","00","3","0","0","2","2","N","N","40 04:50.160","75 01:42.240","9999","","9999","","0","","N","","3 ","","","","","","","","","","2","1","0","0","0","1","0","0","0","0","0","0","0","0","0","0","0","0","0","0","1","0","0","0","0","0","0","0","0","0","0","0","0","0","0","0","1","40.0808","-75.0286","","CRASH_2001_Philadelphia"
"2001233406","06","67","67301","67301","2001","03","1","0409","04","3","1","0","4","1","","","N","01","3","00","3","0","1","3","2","N","N","39 59:42.594","75 07:47.913","9999","","9999","","0","","N","","3 ","","","","","","","","","","2","2","0","0","0","0","0","0","0","0","1","0","1","0","0","0","0","0","0","0","0","1","0","0","0","0","0","0","0","0","0","0","0","0","0","3","0","39.9952","-75.13","","CRASH_2001_Philadelphia"
"2002000472","06","67","67301","67301","2001","10","1","2135","21","3","1","0","6","1","","","N","00","0","00","3","0","1","1","4","N","N","","","2137","","2135","","0","","N","","0 ","","","","","","","","","","4","4","0","0","0","0","0","0","0","0","0","1","1","0","0","0","1","0","0","0","0","0","0","1","0","0","0","0","0","0","0","0","0","0","0","4","0","","","","CRASH_2001_Philadelphia"
"2002010458","06","67","67301","67301","2001","06","4","0915","09","1","1","0","1","1","","","N","01","2","00","3","0","0","2","2","N","N","40 01:17.089","75 05:39.251","0925","","0917","9","1","3","N","","2 ","Y","","","","","","","","","2","2","0","0","0","0","0","0","0","0","0","0","0","0","2","0","0","0","0","0","0","0","0","0","0","0","0","0","0","0","0","0","0","0","0","9","0","40.0218","-75.0941","","CRASH_2001_Philadelphia"
"2002024049","06","67","67301","67301","2001","08","5","1055","10","1","1","0","8","1","","","N","01","0","00","3","0","1","2","2","N","N","39 57:01.389","75 09:36.490","1105","","1600","","0","","N","","0 ","","","","","","","","","","1","1","0","0","0","0","0","0","0","0","0","1","1","0","0","0","0","0","0","0","0","0","0","0","0","0","0","0","0","0","0","0","1","0","0","4","0","39.9504","-75.1601","","CRASH_2001_Philadelphia"
"2001243666","06","67","67301","67301","2001","05","1","1436","14","1","1","0","4","1","","","N","01","2","00","3","0","1","5","2","N","N","39 57:39.240","75 13:58.440","9999","","9999","","0","","N","","3 ","","","","","","","","","","2","2","0","0","0","0","0","0","0","0","0","0","0","0","1","0","0","0","0","0","0","0","0","0","0","0","0","0","0","0","0","0","0","0","0","9","0","39.961","-75.2328","","CRASH_2001_Philadelphia"
"2001244700","06","67","67301","67301","2001","05","2","1539","15","1","1","0","1","1","","","N","00","0","00","3","0","0","2","2","N","N","39 58:06.240","75 07:42.960","9999","","9999","","0","","N","","0 ","","","","","","","","","","2","1","0","0","1","0","0","0","0","0","0","0","0","0","0","0","0","0","0","0","0","0","0","0","0","0","0","0","0","0","0","0","0","0","0","0","0","39.9683","-75.1294","","CRASH_2001_Philadelphia"
"2002012675","06","67","67301","67301","2001","07","2","1840","18","1","1","0","8","1","","","N","01","2","00","3","0","1","2","2","N","N","40 00:09.630","75 08:55.719","1843","","1843","","0","","N","","3 ","","","","","","","","","","1","0","0","0","0","0","0","0","0","0","0","1","1","0","1","0","0","0","0","0","0","0","0","0","0","0","0","0","0","0","0","0","1","0","0","4","0","40.0027","-75.1488","","CRASH_2001_Philadelphia"
"2001288442","06","67","67301","","2001","09","4","1410","14","1","1","0","9","1","","","N","01","0","00","3","0","1","1","2","N","N","","","9999","","9999","","0","","N","","0 ","","","","","","","","","","2","0","0","0","0","0","0","1","0","0","0","0","0","0","1","0","0","0","0","0","0","0","0","0","0","0","0","0","0","0","0","0","0","0","0","9","0","","","","CRASH_2001_Philadelphia"
"2002014567","06","67","67301","67301","2001","06","6","2108","21","3","1","0","4","1","","","N","01","2","00","3","0","2","2","2","N","N","39 57:42.470","75 14:19.782","2123","","2108","2","1","2","N","","3 ","N","","","","","","","","","2","2","0","0","0","0","0","0","0","0","0","2","2","0","0","0","0","0","0","0","0","0","0","0","0","0","0","0","0","0","0","0","0","0","0","4","0","39.9617","-75.2388","","CRASH_2001_Philadelphia"
"2002039431","06","67","67301","67301","2001","11","3","0730","07","1","1","0","4","1","","","N","01","2","00","3","0","2","2","2","N","N","39 55:27.114","75 14:43.775","0739","","0734","","0","","N","","3 ","","","","","","","","","","2","2","0","0","0","0","0","0","0","0","0","2","2","0","0","0","0","0","0","0","1","0","0","0","0","0","0","0","0","0","0","0","0","0","0","4","0","39.9243","-75.2454","","CRASH_2001_Philadelphia"
"2001239027","06","67","67301","67301","2001","04","3","1545","15","1","1","0","8","1","","","N","00","0","00","3","0","1","2","2","N","N","","","9999","","9999","","0","","N","","0 ","","","","","","","","","","1","1","0","0","0","0","0","0","0","0","0","1","1","0","0","0","0","0","0","0","0","0","0","1","0","0","0","0","0","0","0","0","1","0","0","4","0","","","","CRASH_2001_Philadelphia"
"2001240133","06","67","67301","67301","2001","04","4","1500","15","1","1","0","8","1","","","N","02","3","00","3","0","1","2","2","N","N","40 03:29.160","75 04:41.520","9999","","9999","","0","","N","","3 ","","","","","","","","","","1","0","0","0","0","0","1","0","0","0","0","1","1","0","0","0","0","0","0","0","0","0","0","0","0","0","0","0","0","0","0","0","1","0","0","4","0","40.0581","-75.078","","CRASH_2001_Philadelphia"
"2001244737","06","67","67301","67301","2001","05","7","1809","18","1","1","0","9","1","","","N","00","0","00","3","0","0","3","4","N","N","","","9999","","9999","","0","","N","","0 ","","","","","","","","","","4","1","0","0","0","0","0","0","0","0","0","0","0","0","0","0","0","0","0","0","0","0","0","0","0","0","0","0","0","0","0","0","0","0","0","0","0","","","","CRASH_2001_Philadelphia"
"2002016367","06","67","67301","67301","2001","06","2","1214","12","1","1","0","4","1","","","N","01","2","00","3","0","1","3","2","N","N","","","9999","","9999","","0","","N","","3 ","","","","","","","","","","2","1","0","0","1","0","0","0","0","0","0","1","1","0","0","0","0","0","0","0","1","0","0","1","0","0","0","0","0","0","0","0","0","0","0","4","0","","","","CRASH_2001_Philadelphia"
"2002016694","06","67","67301","67301","2001","07","1","0600","06","5","1","0","7","5","","","N","00","0","00","3","0","0","1","1","N","N","","","0615","","0607","","0","","N","","0 ","","","","","","","","","","1","1","0","0","0","0","0","0","0","0","0","0","0","0","1","0","0","0","0","0","0","0","0","0","0","0","0","0","0","0","0","0","0","0","0","9","0","","","","CRASH_2001_Philadelphia"
"2002018350","06","67","67301","67301","2001","08","6","2350","23","3","1","0","1","1","","","N","00","0","00","3","0","1","6","2","N","N","40 03:02.520","75 03:02.880","2325","","2354","","0","","N","","0 ","","","","","","","","","","2","2","0","0","0","0","0","0","0","0","0","1","1","0","0","0","0","0","0","0","1","0","0","0","0","0","0","0","0","0","0","0","0","0","0","4","0","40.0508","-75.0509","","CRASH_2001_Philadelphia"
"2002023738","06","67","67301","67301","2001","08","6","1830","18","1","1","0","7","2","","","N","00","0","00","3","0","0","1","1","N","N","40 00:54.000","75 10:35.000","0642","","0638","","0","","Y","","0 ","","","","","","","","","","1","1","0","0","0","0","0","0","0","0","0","0","0","0","0","0","0","0","0","0","0","0","0","1","0","0","0","0","0","0","0","0","0","0","0","0","0","40.015","-75.1764","","CRASH_2001_Philadelphia"
"2002000458","06","67","67301","67301","2001","10","7","1610","16","1","1","0","4","1","","","N","01","2","00","3","0","2","3","2","N","N","40 00:08.000","75 13:12.603","1625","","1620","","0","","N","","3 ","","","","","","","","","","2","2","0","0","0","0","0","0","0","0","1","1","2","0","0","0","1","0","0","0","1","0","0","0","0","0","0","0","0","0","0","0","0","0","0","3","0","40.0023","-75.2201","","CRASH_2001_Philadelphia"
"2002010511","06","67","67301","67301","2001","06","7","1305","13","1","1","0","4","1","","","N","00","2","07","3","0","1","3","2","N","N","40 06:06.840","75 00:22.320","1310","","1305","","0","","N","","3 ","","","","","","","","","","2","2","0","0","0","0","0","0","0","0","0","1","1","0","0","0","0","0","0","0","0","1","0","0","0","0","0","0","0","0","0","0","0","0","0","4","0","40.1018","-75.0063","","CRASH_2001_Philadelphia"
"2002004011","06","67","67301","67301","2001","06","6","2019","20","1","1","0","4","1","","","N","01","2","00","3","0","2","2","2","N","N","39 57:11.325","75 09:11.507","2023","","2019","","0","","N","","3 ","","","","","","","","","","2","2","0","0","0","0","0","0","0","0","2","0","2","0","0","0","0","0","0","0","1","0","0","0","0","0","0","0","0","0","0","0","0","0","0","3","0","39.9532","-75.1531","","CRASH_2001_Philadelphia"
"2001248802","06","67","67301","67301","2001","05","5","0254","02","3","1","0","1","1","","","N","00","0","00","3","0","0","2","2","N","N","39 59:54.240","75 09:12.600","9999","","9999","","0","","N","","0 ","","","","","","","","","","2","2","0","0","0","0","0","0","0","0","0","0","0","0","0","0","0","1","0","0","0","0","0","0","0","0","0","0","0","0","0","0","0","0","0","0","0","39.9984","-75.1535","","CRASH_2001_Philadelphia"
"2001252097","06","67","67301","67301","2001","05","1","2223","22","3","3","0","4","1","","","N","01","3","00","3","0","1","4","2","N","N","","","9999","","9999","","0","","N","","3 ","","","","","","","","","","2","2","0","0","0","0","0","0","0","0","1","0","1","0","0","0","0","0","0","1","0","0","0","2","0","0","0","0","0","0","0","0","0","0","0","3","0","","","","CRASH_2001_Philadelphia"
"2002017641","06","67","67301","67301","2001","08","1","0120","01","3","1","0","4","2","","","N","06","0","02","3","0","1","1","2","N","N","40 02:45.240","75 00:05.760","0130","","0124","","0","","N","","0 ","","","","","","","","","","2","2","0","0","0","0","0","0","0","0","1","0","1","0","0","0","0","0","0","0","0","0","0","0","0","0","0","0","0","0","0","0","0","0","0","3","0","40.0458","-75.0019","","CRASH_2001_Philadelphia"
"2002030650","06","67","67301","67301","2001","09","5","1245","12","1","1","0","0","1","","","N","02","2","00","3","0","1","2","1","N","N","40 03:48.170","74 59:07.381","1248","","1247","","0","","N","","3 ","","","","","","","","","","1","0","0","0","1","0","0","0","0","0","1","0","1","0","0","0","0","0","0","0","0","0","0","1","0","0","0","0","0","0","0","0","0","0","0","3","0","40.0633","-74.9855","","CRASH_2001_Philadelphia"
"2002037352","06","67","67301","67301","2001","11","6","0350","03","3","2","1","9","1","","","N","00","0","00","3","0","0","1","1","N","N","","","0415","","0359","1","1","1","N","","0 ","N","","","","","","","","","1","1","0","0","0","0","0","0","0","0","0","0","0","0","0","0","0","0","0","1","0","0","0","0","0","0","0","0","0","0","0","0","0","0","0","0","0","","","","CRASH_2001_Philadelphia"
"2002040224","06","67","67301","67301","2001","12","4","1620","16","1","1","0","8","1","","","N","05","2","00","3","0","1","2","2","N","N","40 02:29.505","75 09:29.653","0445","","0435","","0","","N","","3 ","","","","","","","","","","1","1","0","0","0","0","0","0","0","0","0","1","1","0","0","0","0","0","0","0","0","0","0","0","0","0","0","0","0","0","0","0","1","0","0","4","0","40.0415","-75.1584","","CRASH_2001_Philadelphia"
"2001401222","06","67","67301","67301","2001","05","1","0305","03","3","2","1","1","1","","","N","01","2","00","3","1","3","4","3","N","N","40 03:14.400","75 02:56.400","9999","","9999","","0","","N","9","3 ","","","","","","","","","","3","3","0","0","0","0","0","0","0","0","0","2","2","0","1","0","0","0","0","1","0","0","0","0","0","0","0","0","0","0","0","0","0","0","0","1","0","40.0542","-75.0493","2 ","CRASH_2001_Philadelphia"
"2002004215","06","67","67301","67301","2001","06","3","1958","19","1","1","0","8","1","","","N","00","0","00","3","0","1","2","2","N","N","40 01:07.708","75 06:54.232","1905","","1900","","0","","N","","0 ","","","","","","","","","","1","1","0","0","0","0","0","0","0","0","0","1","1","0","0","0","0","0","1","0","0","0","0","1","0","0","0","0","0","0","0","0","1","0","0","4","0","40.0188","-75.1152","","CRASH_2001_Philadelphia"
"2002012682","06","67","67301","67301","2001","07","6","2210","22","3","1","0","9","9","","","N","01","0","00","3","0","4","4","2","N","N","40 01:33.152","75 07:24.510","2225","","2214","","0","","N","","0 ","","","","","","","","","","2","2","0","0","0","0","0","0","0","1","3","0","4","0","0","0","0","0","0","0","0","0","0","0","0","0","0","0","0","0","0","0","0","0","0","2","0","40.0258","-75.1235","","CRASH_2001_Philadelphia"
"2002021993","06","67","67301","67301","2001","08","7","1505","15","1","2","1","2","1","","","N","00","0","00","3","0","1","3","2","N","N","39 55:25.580","75 14:44.529","1544","","1540","2","1","4","N","","0 ","N","","","","","","","","","2","2","0","0","0","0","0","0","0","0","0","1","1","0","1","0","0","0","0","0","1","0","0","3","0","0","0","0","0","0","0","0","0","0","0","4","0","39.9238","-75.2456","","CRASH_2001_Philadelphia"
"2002022782","06","67","67301","67301","2001","07","3","2355","23","3","1","0","4","1","","","N","01","2","00","3","0","1","3","2","N","N","40 02:20.740","75 08:41.130","0014","","0014","","0","","N","","3 ","","","","","","","","","","1","1","0","0","0","0","0","0","1","0","0","1","1","0","0","0","0","0","0","0","0","0","0","1","0","0","0","0","0","0","0","0","0","0","0","4","0","40.039","-75.1446","","CRASH_2001_Philadelphia"
"2002023656","06","67","67301","67301","2001","08","4","2145","21","3","1","0","4","1","","","N","00","2","07","3","0","2","3","2","N","N","39 55:31.000","75 08:39.000","2200","","2156","","0","","N","","3 ","","","","","","","","","","2","2","0","0","0","0","0","0","0","0","0","2","2","0","0","0","0","0","0","0","0","0","0","0","0","0","0","0","0","0","0","0","0","0","0","4","0","39.9241","-75.1437","","CRASH_2001_Philadelphia"
"2002022788","06","67","67301","67301","2001","07","6","1528","15","1","1","0","1","1","","","N","00","0","00","3","0","2","3","2","N","N","40 03:39.352","75 08:14.171","1533","","1530","","0","","N","","0 ","","","","","","","","","","2","2","0","0","0","0","0","0","0","0","0","2","2","0","0","0","0","0","0","0","1","0","0","0","0","0","0","0","0","0","0","0","0","0","0","4","0","40.0609","-75.1373","","CRASH_2001_Philadelphia"
"2002028102","06","67","67301","67301","2001","09","5","1015","10","1","2","1","1","1","","","N","01","2","00","3","0","1","4","3","N","N","40 01:13.188","75 08:55.974","1018","","1017","","0","","N","","3 ","","","","","","","","","","3","3","0","0","0","0","0","0","0","0","0","1","1","0","0","0","0","0","0","0","1","0","0","0","0","0","0","0","0","0","0","0","0","0","0","4","0","40.0202","-75.1489","","CRASH_2001_Philadelphia"
"2001240282","06","67","67301","67301","2001","04","3","1848","18","1","1","1","8","1","","","N","00","0","00","3","0","1","2","2","N","N","","","9999","","9999","","0","","N","","0 ","","","","","","","","","","1","1","0","0","0","0","0","0","0","0","1","0","1","0","0","0","0","0","0","0","0","0","0","0","0","0","0","0","0","0","0","0","1","0","0","3","0","","","","CRASH_2001_Philadelphia"
"2001265957","06","67","67301","67301","2001","05","5","2330","23","3","1","0","8","1","","","N","00","0","00","3","0","1","2","2","N","N","40 01:08.040","75 09:35.640","9999","","9999","","0","","N","","0 ","","","","","","","","","","1","1","0","0","0","0","0","0","0","1","0","0","1","0","0","0","0","0","0","0","0","0","0","0","0","0","0","0","0","0","0","0","1","0","1","2","0","40.0189","-75.16","","CRASH_2001_Philadelphia"
"2001215653","06","67","67301","67301","2001","02","5","2349","23","3","2","1","1","1","","","N","00","0","00","3","0","0","2","2","N","N","40 00:48.600","75 10:47.640","9999","","9999","","0","","N","","0 ","","","","","","","","","","2","2","0","0","0","0","0","0","0","0","0","0","0","0","0","0","0","0","0","0","0","0","0","0","0","0","0","0","0","0","0","0","0","0","0","0","0","40.0135","-75.1798","","CRASH_2001_Philadelphia"
"2001220829","06","67","67301","67301","2001","03","2","1724","17","1","1","0","2","1","","","N","00","0","00","3","0","1","3","3","N","N","","","9999","","9999","","0","","N","","0 ","","","","","","","","","","3","2","0","0","0","1","0","0","0","0","0","1","1","0","0","0","1","0","0","0","1","0","0","0","0","0","0","0","0","0","0","0","0","0","0","4","1","","","","CRASH_2001_Philadelphia"
"2001234538","06","67","67301","67301","2001","04","7","2300","23","3","1","0","1","1","","","N","02","2","00","3","0","1","3","2","N","N","40 00:17.280","75 13:06.240","9999","","9999","","0","","N","","3 ","","","","","","","","","","2","2","0","0","0","0","0","0","0","0","0","1","1","0","0","0","1","0","0","0","0","0","0","0","0","0","0","0","0","0","0","0","0","0","0","4","0","40.005","-75.2183","","CRASH_2001_Philadelphia"
"2001244656","06","67","67301","67301","2001","05","6","2216","22","3","1","0","4","1","","","N","01","9","00","3","0","1","2","2","N","N","40 00:00.000","75 09:11.520","9999","","9999","","0","","N","","9 ","","","","","","","","","","2","0","1","0","0","0","0","0","0","0","0","1","1","0","0","0","0","0","0","0","0","0","0","0","0","0","0","0","0","0","0","0","0","0","0","4","0","40","-75.1533","","CRASH_2001_Philadelphia"
"2002010501","06","67","67301","67301","2001","06","7","0105","01","3","1","0","1","1","","","N","00","2","00","3","0","0","2","2","N","N","39 57:25.647","75 08:56.552","0110","","0110","","0","","N","","3 ","","","","","","","","","","2","1","0","0","1","0","0","0","0","0","0","0","0","0","0","0","0","1","0","0","0","0","0","0","0","0","0","0","0","0","0","0","0","0","0","0","0","39.9572","-75.149","","CRASH_2001_Philadelphia"
"2002043741","06","67","67301","67301","2001","12","7","0958","09","1","1","0","7","9","","","N","00","0","00","3","0","1","2","1","N","N","40 00:55.050","75 10:11.798","1002","","1000","","0","","N","","0 ","","","","","","","","","","1","1","0","0","0","0","0","0","0","0","0","1","1","0","0","0","0","0","0","0","0","0","0","0","0","0","0","0","0","0","0","0","0","0","0","4","0","40.0151","-75.1698","","CRASH_2001_Philadelphia"
"2001288045","06","67","67301","","2001","04","3","1130","11","1","1","0","8","1","","","N","00","0","00","3","0","1","2","2","N","N","","","9999","","9999","","0","","N","","0 ","","","","","","","","","","1","1","0","0","0","0","0","0","0","0","0","1","1","0","0","0","0","0","0","0","0","0","0","1","0","0","0","0","0","0","0","0","1","0","0","4","0","","","","CRASH_2001_Philadelphia"
"2002008907","06","67","67301","67301","2001","06","5","1155","11","1","1","0","1","1","","","N","02","0","00","3","0","4","4","3","N","N","39 57:59.781","75 09:37.391","1155","","1155","","0","","N","","0 ","","","","","","","","","","3","2","0","0","1","0","0","0","0","0","0","4","4","0","0","0","0","0","1","0","0","0","0","0","0","0","0","0","0","0","0","0","0","0","0","4","0","40.07","-75.2408","","CRASH_2001_Philadelphia"
"2001287424","06","67","67301","","2001","01","6","1445","14","1","4","3","6","1","","","N","01","2","00","3","0","2","2","2","N","N","40 00:02.469","75 08:52.972","9999","","9999","","0","","N","","3 ","","","","","","","","","","2","2","0","0","0","0","0","0","0","0","0","0","0","0","2","0","0","0","0","0","1","0","0","0","0","0","0","0","0","0","0","0","0","0","0","9","0","40.0007","-75.148","","CRASH_2001_Philadelphia"