"CRN","DISTRICT","COUNTY","MUNICIPALITY","POLICE_AGCY","CRASH_YEAR","CRASH_MONTH","DAY_OF_WEEK","TIME_OF_DAY","HOUR_OF_DAY","ILLUMINATION","WEATHER","ROAD_CONDITION","COLLISION_TYPE","RELATION_TO_ROAD","WORK_ZONE_TYPE","WORK_ZONE_LOC","WORK_ZONE_IND","INTERSECT_TYPE","TCD_TYPE","LOCATION_TYPE","URBAN_RURAL","FATAL_COUNT","INJURY_COUNT","PERSON_COUNT","TOTAL_UNITS","SCH_BUS_IND","SCH_ZONE_IND","LATITUDE","LONGITUDE","ARRIVAL_TM","CONS_ZONE_SPD_LIM","DISPATCH_TM","EST_HRS_CLOSED","LANE_CLOSED","LN_CLOSE_DIR","NTFY_HIWY_MAINT","SPEC_JURIS_CD","TCD_FUNC_CD","TFC_DETOUR_IND","WORKERS_PRES","WZ_CLOSE_DETOUR","WZ_FLAGGER","WZ_LAW_OFFCR_IND","WZ_LN_CLOSURE","WZ_MOVING","WZ_OTHER","WZ_SHLDER_MDN","VEHICLE_COUNT","AUTOMOBILE_COUNT","MOTORCYCLE_COUNT","BUS_COUNT","SMALL_TRUCK_COUNT","HEAVY_TRUCK_COUNT","SUV_COUNT","VAN_COUNT","BICYCLE_COUNT","MAJ_INJ_COUNT","MOD_INJ_COUNT","MIN_INJ_COUNT","TOT_INJ_COUNT","UNK_INJ_DEG_COUNT","UNK_INJ_PER_COUNT","DRIVER_COUNT_16YR","DRIVER_COUNT_17YR","DRIVER_COUNT_18YR","DRIVER_COUNT_19YR","DRIVER_COUNT_20YR","DRIVER_COUNT_50_64YR","DRIVER_COUNT_65_74YR","DRIVER_COUNT_75PLUS","UNBELTED_OCC_COUNT","UNB_DEATH_COUNT","UNB_MAJ_INJ_COUNT","BELTED_DEATH_COUNT","BELTED_MAJ_INJ_COUNT","MCYCLE_DEATH_COUNT","MCYCLE_MAJ_INJ_COUNT","BICYCLE_DEATH_COUNT","BICYCLE_MAJ_INJ_COUNT","PED_COUNT","PED_DEATH_COUNT","PED_MAJ_INJ_COUNT","MAX_SEVERITY_LEVEL","COMM_VEH_COUNT","DEC_LAT","DEC_LONG","RDWY_SURF_TYPE_CD","COUNTY_YEAR"
"2002023690","06","67","67301","67301","2001","08","7","2145","21","3","1","0","1","6","","","N","00","0","00","3","0","1","1","5","N","N","40 02:24.617","75 00:56.617","2153","","2145","","0","","N","","0 ","","","","","","","","","","5","4","0","0","1","0","0","0","0","0","0","1","1","0","0","0","0","0","0","0","0","0","0","0","0","0","0","0","0","0","0","0","0","0","0","4","0","40.0402","-75.0157","","CRASH_2001_Philadelphia"
"2002026520","06","67","67301","67301","2001","05","4","1603","16","1","1","0","1","1","","","N","00","0","00","3","0","2","3","2","N","N","39 56:42.298","75 14:21.740","9999","","9999","","0","","N","","0 ","","","","","","","","","","2","1","0","0","1","0","0","0","0","0","0","2","2","0","0","0","0","0","0","0","1","0","0","0","0","0","0","0","0","0","0","0","0","0","0","4","0","39.945","-75.2394","","CRASH_2001_Philadelphia"
"2002037129","06","67","67301","67301","2001","11","7","1745","17","3","2","1","7","2","","","N","00","0","00","3","0","0","1","1","N","N","39 54:03.960","75 09:12.960","1755","","1750","","0","","N","","0 ","","","","","","","","","","1","1","0","0","0","0","0","0","0","0","0","0","0","0","0","0","0","1","0","0","0","0","0","0","0","0","0","0","0","0","0","0","0","0","0","0","0","39.9014","-75.1524","","CRASH_2001_Philadelphia"
"2001288521","06","67","67301","","2001","10","3","1845","18","1","1","0","5","1","","","N","01","2","00","3","0","5","5","2","N","N","40 01:46.560","75 06:14.400","9999","","9999","","0","","N","","3 ","","","","","","","","","","2","0","0","0","0","0","0","1","0","0","1","3","4","0","1","0","0","0","0","0","1","0","0","0","0","0","0","0","0","0","0","0","0","0","0","3","0","40.03","-75.1043","","CRASH_2001_Philadelphia"
"2002019518","06","67","67301","67301","2001","08","1","1410","14","1","1","0","1","1","","","N","01","2","00","3","0","1","5","3","N","N","40 01:33.000","75 09:01.000","1415","","1412","","0","","N","","3 ","","","","","","","","","","3","3","0","0","0","0","0","0","0","0","0","1","1","0","0","0","0","0","0","0","1","0","0","0","0","0","0","0","0","0","0","0","0","0","0","4","0","40.0258","-75.1503","","CRASH_2001_Philadelphia"
"2002020699","06","67","67301","67301","2001","08","1","1725","17","1","1","0","4","1","","","N","00","3","99","3","0","1","2","2","N","N","","","1730","","1725","","0","","N","","3 ","","","","","","","","","","1","1","0","0","0","0","0","0","0","0","0","1","1","0","0","0","0","0","0","0","0","0","0","0","0","0","0","0","0","0","0","0","1","0","0","4","0","","","","CRASH_2001_Philadelphia"
"2001248835","06","67","67301","67301","2001","05","5","9999","99","9","9","9","8","1","","","N","00","0","00","3","0","1","2","2","N","N","","","9999","","9999","","0","","N","","0 ","","","","","","","","","","1","0","0","0","0","0","1","0","0","1","0","0","1","0","0","0","0","0","1","0","0","0","0","0","0","0","0","0","0","0","0","0","1","0","1","2","0","","","","CRASH_2001_Philadelphia"
"2001288513","06","67","67301","","2001","10","7","1920","19","1","1","0","1","1","","","N","00","0","00","3","0","2","2","2","N","N","","","9999","","9999","","0","","N","","0 ","","","","","","","","","","2","1","0","0","0","0","0","0","0","0","0","0","0","0","2","0","0","0","0","0","0","0","0","0","0","0","0","0","0","0","0","0","0","0","0","9","0","","","","CRASH_2001_Philadelphia"
"2002012177","06","67","67301","67301","2001","07","3","2140","21","3","2","1","4","1","","","N","00","0","07","3","0","1","2","2","N","N","40 02:54.600","74 59:25.080","2145","","2143","","0","","N","","0 ","","","","","","","","","","2","2","0","0","0","0","0","0","0","0","0","1","1","0","0","0","0","0","0","0","1","0","0","0","0","0","0","0","0","0","0","0","0","0","0","4","0","40.0485","-74.9903","","CRASH_2001_Philadelphia"
"2002017500","06","67","67301","67301","2001","07","4","0820","08","1","1","0","4","1","","","N","01","0","00","3","0","0","3","3","N","N","","","0840","","0835","","0","","N","","0 ","","","","","","","","","","3","3","0","0","0","0","0","0","0","0","0","0","0","0","0","0","0","0","0","0","1","0","0","0","0","0","0","0","0","0","0","0","0","0","0","0","0","","","","CRASH_2001_Philadelphia"
"2002035694","06","67","67301","67301","2001","11","7","0213","02","3","1","0","4","1","","","N","01","2","00","3","0","0","2","2","N","N","40 02:54.665","75 05:13.433","0215","","0214","2","2","2","N","","3 ","Y","","","","","","","","","2","1","0","0","1","0","0","0","0","0","0","0","0","0","0","0","0","0","0","1","0","0","0","1","0","0","0","0","0","0","0","0","0","0","0","0","0","40.0485","-75.087","","CRASH_2001_Philadelphia"
"2002014938","06","67","67301","67301","2001","05","3","0854","08","1","1","0","8","1","","","N","01","2","00","3","0","1","2","2","N","N","39 58:55.000","75 14:49.222","0905","","0901","3","1","2","N","","3 ","Y","","","","","","","","","1","0","0","0","0","0","0","0","0","0","0","0","1","1","0","0","0","0","0","0","1","0","0","0","0","0","0","0","0","0","0","0","1","0","0","8","1","39.9835","-75.2471","","CRASH_2001_Philadelphia"
"2002020038","06","67","67301","67301","2001","06","1","1414","14","1","1","0","1","1","","","N","01","2","00","3","0","2","4","3","N","N","40 02:56.020","75 11:35.586","1504","","1414","","0","","N","","3 ","","","","","","","","","","3","3","0","0","0","0","0","0","0","0","0","2","2","0","0","0","0","0","0","1","0","0","0","1","0","0","0","0","0","0","0","0","0","0","0","4","0","40.0491","-75.1931","","CRASH_2001_Philadelphia"
"2002021954","06","67","67301","67301","2001","08","3","0030","00","3","1","0","4","1","","","N","01","2","00","3","0","2","3","2","N","N","39 57:24.120","75 11:52.958","0035","","0034","","0","","N","","2 ","","","","","","","","","","2","2","0","0","0","0","0","0","0","0","0","2","2","0","0","0","0","0","0","0","0","0","0","0","0","0","0","0","0","0","0","0","0","0","0","4","0","39.9566","-75.198","","CRASH_2001_Philadelphia"
"2002022777","06","67","67301","67301","2001","07","4","2003","20","3","1","0","4","1","","","N","01","2","00","3","0","0","3","3","N","N","","","2012","","2004","","0","","N","","3 ","","","","","","","","","","3","3","0","0","0","0","0","0","0","0","0","0","0","0","0","0","0","1","0","0","1","0","0","0","0","0","0","0","0","0","0","0","0","0","0","0","0","","","","CRASH_2001_Philadelphia"
"2002033711","06","67","67301","67301","2001","09","3","0643","06","1","1","0","1","1","","","N","01","2","00","3","0","1","4","2","N","N","40 03:08.263","75 00:28.627","0710","","0706","","9","","N","","3 ","U","","","","","","","","","2","0","0","1","1","0","0","0","0","0","0","1","1","0","0","0","0","0","0","0","0","0","0","0","0","0","0","0","0","0","0","0","0","0","0","4","1","40.0523","-75.008","","CRASH_2001_Philadelphia"
"2002037723","06","67","67301","67301","2001","11","2","1237","12","1","1","0","4","1","","","N","02","2","00","3","0","3","3","2","N","N","40 02:09.375","75 08:43.307","1239","","1237","","0","","N","","3 ","","","","","","","","","","2","2","0","0","0","0","0","0","0","0","1","2","3","0","0","0","0","0","0","0","0","0","0","0","0","0","0","0","0","0","0","0","0","0","0","3","0","40.0184","-75.1491","","CRASH_2001_Philadelphia"
"2002043142","06","67","67301","67301","2001","12","2","1143","11","1","1","0","4","1","","","N","01","2","00","3","0","0","3","2","N","N","40 02:30.129","75 11:31.872","1149","","1145","","0","","N","","3 ","","","","","","","","","","2","2","0","0","0","0","0","0","0","0","0","0","0","0","3","0","0","0","0","0","0","0","0","0","0","0","0","0","0","0","0","0","0","0","0","9","0","40.0419","-75.1922","","CRASH_2001_Philadelphia"
"2002029385","06","67","67301","67301","2001","08","5","1230","12","1","1","0","5","1","","","N","00","0","00","3","0","1","3","2","N","N","","","1232","","1230","","0","","N","","0 ","","","","","","","","","","1","1","0","0","0","0","0","0","1","0","0","1","1","0","0","0","0","0","0","0","1","0","0","2","0","0","0","0","0","0","0","0","0","0","0","4","0","","","","CRASH_2001_Philadelphia"
"2002035747","06","67","67301","67301","2001","11","3","1526","15","1","1","0","1","1","","","N","01","2","00","3","0","1","4","4","N","N","40 07:06.626","75 01:04.830","9999","","1526","","0","","N","","3 ","","","","","","","","","","4","4","0","0","0","0","0","0","0","0","0","1","1","0","0","0","0","0","0","0","2","1","0","0","0","0","0","0","0","0","0","0","0","0","0","4","0","40.1189","-75.018","","CRASH_2001_Philadelphia"
"2002012752","06","67","67301","67301","2001","07","3","1140","11","1","1","0","4","1","","","N","01","2","00","3","0","3","3","2","N","N","39 55:17.550","75 11:30.486","1143","","1141","","0","","N","","3 ","","","","","","","","","","2","2","0","0","0","0","0","0","0","0","1","2","3","0","0","0","0","0","0","0","1","0","0","0","0","0","0","0","0","0","0","0","0","0","0","3","0","39.9213","-75.1938","","CRASH_2001_Philadelphia"
"2002023885","06","67","67301","67301","2001","08","3","2115","21","4","1","0","1","1","","","N","00","0","00","3","0","4","5","2","N","N","39 59:10.110","75 06:15.272","2120","","2115","","0","","N","","0 ","","","","","","","","","","2","2","0","0","0","0","0","0","0","0","0","4","4","0","0","0","0","0","0","0","0","0","0","0","0","0","0","0","0","0","0","0","0","0","0","4","0","39.9861","-75.1043","","CRASH_2001_Philadelphia"
"2002026507","06","67","67301","67301","2001","07","3","9999","99","1","1","0","1","1","","","N","02","3","00","3","0","1","5","2","N","N","","","9999","","9999","","0","","N","","3 ","","","","","","","","","","2","1","0","0","0","1","0","0","0","0","0","1","1","0","0","0","0","0","0","0","1","0","0","5","0","0","0","0","0","0","0","0","0","0","0","4","1","","","","CRASH_2001_Philadelphia"
"2001283879","06","67","67301","67301","2001","04","6","2142","21","3","1","0","8","1","","","N","00","0","00","3","0","1","3","3","N","N","39 57:07.200","75 09:40.320","9999","","9999","","0","","N","","0 ","","","","","","","","","","2","1","0","0","0","0","1","0","0","1","0","0","1","0","0","0","0","0","0","0","0","1","0","0","0","0","0","0","0","0","0","0","1","0","1","2","0","39.952","-75.1613","","CRASH_2001_Philadelphia"
"2002014620","06","67","67301","67301","2001","07","4","0605","06","1","1","0","7","4","","","N","00","0","00","3","0","0","1","1","N","N","39 53:36.359","75 13:45.668","0618","","0610","","0","","N","","0 ","","","","","","","","","","1","1","0","0","0","0","0","0","0","0","0","0","0","0","0","0","0","0","0","1","0","0","0","0","0","0","0","0","0","0","0","0","0","0","0","0","0","39.8934","-75.2311","","CRASH_2001_Philadelphia"
"2002017594","06","67","67301","67301","2001","07","6","1840","18","1","8","0","2","1","","","N","01","1","00","3","0","1","1","3","N","N","39 59:30.821","75 08:17.989","1845","","1840","","0","","N","","3 ","","","","","","","","","","3","3","0","0","0","0","0","0","0","0","0","1","1","0","0","0","0","0","0","0","0","0","0","1","0","0","0","0","0","0","0","0","0","0","0","4","0","39.9919","-75.1383","","CRASH_2001_Philadelphia"
"2002008709","06","67","67301","46102","2001","12","6","1346","13","1","2","1","1","1","","","N","01","2","00","3","0","0","3","3","N","N","40 03:25.744","75 07:43.909","1350","","1346","","0","","N","","3 ","","","","","","","","","","3","3","0","0","0","0","0","0","0","0","0","0","0","0","0","0","1","0","0","0","0","1","0","0","0","0","0","0","0","0","0","0","0","0","0","0","0","40.0571","-75.129","","CRASH_2001_Philadelphia"
"2002023933","06","67","67301","67301","2001","08","6","","","3","1","1","1","2","","","N","02","0","00","3","0","1","1","2","N","N","40 02:40.195","75 06:06.775","0411","","0411","","0","","N","","0 ","","","","","","","","","","2","1","0","0","1","0","0","0","0","0","0","1","1","0","0","0","0","0","1","0","0","0","0","0","0","0","0","0","0","0","0","0","0","0","0","4","0","40.0445","-75.1018","","CRASH_2001_Philadelphia"
"2001401367","06","67","67301","67301","2001","07","7","2130","21","3","1","0","7","2","","","N","00","0","00","3","1","0","1","1","N","N","40 03:30.960","75 02:42.000","9999","","9999","","0","","N","9","0 ","","","","","","","","","","1","0","1","0","0","0","0","0","0","0","0","0","0","0","0","0","0","0","0","0","0","0","0","0","0","0","0","0","1","0","0","0","0","0","0","1","0","40.0586","-75.0449","0 ","CRASH_2001_Philadelphia"
"2001401371","06","67","67301","67301","2001","12","1","0112","01","3","2","1","5","1","","","N","00","0","00","3","1","0","2","2","N","N","40 01:03.000","75 10:25.320","9999","","9999","","0","","N","9","0 ","","","","","","","","","","2","1","0","0","1","0","0","0","0","0","0","0","0","0","0","0","0","0","0","0","0","0","0","1","1","0","0","0","0","0","0","0","0","0","0","1","0","40.0173","-75.1735","1 ","CRASH_2001_Philadelphia"
"2002012094","06","67","67301","67301","2001","07","1","1025","10","1","1","0","1","1","","","N","05","3","00","3","0","1","2","2","N","N","40 01:47.791","75 09:11.771","1040","","1035","","0","","N","","3 ","","","","","","","","","","2","2","0","0","0","0","0","0","0","0","0","1","1","0","0","0","0","0","0","0","0","0","0","0","0","0","0","0","0","0","0","0","0","0","0","4","0","40.0299","-75.1533","","CRASH_2001_Philadelphia"
"2002012170","06","67","67301","67301","2001","07","1","2240","22","3","1","0","1","1","","","N","02","0","00","3","0","1","5","2","N","N","40 04:35.040","75 01:57.360","2330","","2320","","0","","N","","0 ","","","","","","","","","","2","2","0","0","0","0","0","0","0","0","0","1","1","0","0","0","0","0","0","0","0","0","0","0","0","0","0","0","0","0","0","0","0","0","0","4","0","40.0747","-75.0347","","CRASH_2001_Philadelphia"
"2002022833","06","67","67301","67301","2001","08","5","1659","16","1","1","0","1","1","1","3","Y","00","0","00","3","0","0","2","2","N","N","39 59:52.800","75 04:54.120","1710","45","1701","","0","","N","","0 ","","N","","","U","","","","Y","2","2","0","0","0","0","0","0","0","0","0","0","0","0","0","0","0","0","0","0","0","0","0","0","0","0","0","0","0","0","0","0","0","0","0","0","0","39.998","-75.0816","","CRASH_2001_Philadelphia"
"2001243116","06","67","67301","67301","2001","05","6","1411","14","1","1","0","1","1","","","N","02","2","00","3","0","1","2","2","N","N","40 04:30.000","75 02:45.240","9999","","9999","","0","","N","","3 ","","","","","","","","","","2","2","0","0","0","0","0","0","0","0","0","0","0","0","1","0","0","1","0","0","1","0","0","0","0","0","0","0","0","0","0","0","0","0","0","9","0","40.075","-75.046","","CRASH_2001_Philadelphia"
"2002012085","06","67","67301","67301","2001","07","1","1710","17","1","1","0","7","5","","","N","01","2","00","3","0","0","1","1","N","N","39 58:30.403","75 11:16.894","1715","","1710","","0","","Y","","3 ","","","","","","","","","","1","1","0","0","0","0","0","0","0","0","0","0","0","0","1","0","0","0","0","0","1","0","0","0","0","0","0","0","0","0","0","0","0","0","0","9","0","39.9752","-75.1882","","CRASH_2001_Philadelphia"
"2002016802","06","67","67301","67301","2001","06","7","1805","18","1","2","1","4","1","","","N","01","2","00","3","0","3","3","2","N","N","39 56:20.040","75 11:54.600","1819","","1811","","0","","Y","","3 ","","","","","","","","","","2","2","0","0","0","0","0","0","0","0","0","3","3","0","0","0","0","0","0","0","0","1","0","2","0","0","0","0","0","0","0","0","0","0","0","4","0","39.9396","-75.1982","","CRASH_2001_Philadelphia"
"2001238094","06","67","67301","67301","2001","04","4","1523","15","1","2","1","1","1","","","N","01","2","00","3","0","2","3","2","N","N","39 57:44.250","75 11:49.888","9999","","9999","","0","","N","","3 ","","","","","","","","","","2","2","0","0","0","0","0","0","0","0","0","2","2","0","0","0","0","0","0","0","0","0","0","0","0","0","0","0","0","0","0","0","0","0","0","4","0","39.9623","-75.1972","","CRASH_2001_Philadelphia"
"2001244609","06","67","67301","67301","2001","04","2","2100","21","3","1","0","8","1","","","N","00","0","00","3","0","1","2","2","N","N","","","9999","","9999","","0","","N","","0 ","","","","","","","","","","1","1","0","0","0","0","0","0","0","0","0","1","1","0","0","0","0","0","0","0","0","0","0","0","0","0","0","0","0","0","0","0","1","0","0","4","0","","","","CRASH_2001_Philadelphia"
"2001248780","06","67","67301","67301","2001","05","4","9999","99","1","1","0","1","1","","","N","01","9","00","3","0","3","4","3","N","N","40 04:14.487","75 09:43.335","9999","","9999","","0","","N","","9 ","","","","","","","","","","3","3","0","0","0","0","0","0","0","0","0","0","0","0","3","0","0","0","0","0","1","0","0","0","0","0","0","0","0","0","0","0","0","0","0","9","0","40.0707","-75.162","","CRASH_2001_Philadelphia"
"2001254809","06","67","67301","67301","2001","06","3","1920","19","1","1","0","4","1","","","N","02","3","00","3","0","3","5","2","N","N","40 01:58.998","75 13:20.679","9999","","9999","","0","","N","","3 ","","","","","","","","","","2","2","0","0","0","0","0","0","0","0","0","2","2","0","1","0","1","0","0","0","0","0","0","1","0","0","0","0","0","0","0","0","0","0","0","4","0","40.0331","-75.2224","","CRASH_2001_Philadelphia"
"2001267401","06","67","67301","67301","2001","07","3","1152","11","1","1","0","5","1","","","N","00","0","00","3","0","1","2","2","N","N","40 02:35.880","75 13:39.000","9999","","9999","","0","","N","","0 ","","","","","","","","","","1","1","0","0","0","0","0","0","1","0","0","0","0","0","1","0","0","0","0","0","1","0","0","1","0","0","0","0","0","0","0","0","0","0","0","9","0","40.0431","-75.2273","","CRASH_2001_Philadelphia"
"2002014622","06","67","67301","67301","2001","07","3","0203","02","3","1","0","5","1","","","N","00","0","00","3","0","1","4","3","N","N","39 57:40.271","75 10:57.465","0203","","0203","","0","","Y","","0 ","","","","","","","","","","3","3","0","0","0","0","0","0","0","0","0","1","1","0","0","0","0","0","0","0","0","0","0","0","0","0","0","0","0","0","0","0","0","0","0","4","0","39.9616","-75.1826","","CRASH_2001_Philadelphia"
"2001240236","06","67","67301","67301","2001","04","5","0746","07","1","1","0","9","1","","","N","01","3","00","3","0","1","2","2","N","N","","","9999","","9999","","0","","N","","3 ","","","","","","","","","","2","1","0","0","0","0","0","0","0","0","0","1","1","0","0","0","0","0","0","0","0","0","0","0","0","0","0","0","0","0","0","0","0","0","0","4","0","","","","CRASH_2001_Philadelphia"
"2002012784","06","67","67301","67301","2001","06","5","1915","19","1","1","0","1","1","","","N","00","0","00","3","0","0","3","3","N","N","39 58:31.080","75 11:40.920","1920","","1915","","0","","N","","0 ","","","","","","","","","","3","3","0","0","0","0","0","0","0","0","0","0","0","0","0","0","0","0","0","0","0","0","0","0","0","0","0","0","0","0","0","0","0","0","0","0","0","39.9752","-75.1946","","CRASH_2001_Philadelphia"
"2002007946","06","67","67301","67301","2001","06","5","1721","17","1","1","0","4","1","","","N","01","2","00","3","0","0","2","2","N","Y","39 59:44.000","75 10:03.328","1723","","1721","","0","","N","","3 ","","","","","","","","","","2","1","1","0","0","0","0","0","0","0","0","0","0","0","1","0","0","0","0","0","1","0","0","0","0","0","0","0","0","0","0","0","0","0","0","9","0","39.9956","-75.1675","","CRASH_2001_Philadelphia"
"2001265958","06","67","67301","67301","2001","05","6","2226","22","3","1","0","8","1","","","N","01","2","00","3","0","2","2","2","N","N","39 58:53.040","75 07:03.000","9999","","9999","","0","","N","","3 ","","","","","","","","","","1","1","0","0","0","0","0","0","0","1","0","1","2","0","0","0","0","0","0","0","1","0","0","0","0","0","0","0","0","0","0","0","1","0","1","2","0","39.98","-75.1181","","CRASH_2001_Philadelphia"
"2002023032","06","67","67301","67301","2001","07","7","","","3","1","0","1","1","","","N","00","2","00","3","0","1","3","3","N","N","40 01:18.780","75 08:54.713","2025","","2017","","0","","N","","3 ","","","","","","","","","","3","3","0","0","0","0","0","0","0","0","0","1","1","0","0","0","0","0","0","1","0","0","0","0","0","0","0","0","0","0","0","0","0","0","0","4","0","40.0215","-75.1485","","CRASH_2001_Philadelphia"
"2002002863","06","67","67301","67301","2001","06","7","0925","09","1","1","0","4","1","","","N","01","2","00","3","0","1","2","2","N","N","39 56:27.240","75 12:45.000","0940","","0927","","0","","Y","","3 ","","","","","","","","","","2","2","0","0","0","0","0","0","0","0","0","1","1","0","0","0","0","0","0","0","0","1","0","0","0","0","0","0","0","0","0","0","0","0","0","4","0","39.9408","-75.2125","","CRASH_2001_Philadelphia"
"2002013096","06","67","67301","67301","2001","07","7","2155","21","3","1","0","1","1","","","N","00","0","00","3","0","1","2","2","N","N","40 01:38.280","75 05:56.040","2200","","2155","","0","","N","","0 ","","","","","","","","","","2","0","1","0","0","0","0","0","0","0","0","1","1","0","0","0","0","0","0","0","0","0","0","0","0","0","0","0","0","0","0","0","0","0","0","4","0","40.027","-75.0986","","CRASH_2001_Philadelphia"
"2002025173","06","67","67301","67301","2001","08","3","1140","11","1","1","0","4","1","","","N","03","0","00","3","0","1","2","4","N","N","40 01:37.200","75 07:16.320","1157","","1154","","0","","N","","0 ","","","","","","","","","","4","4","0","0","0","0","0","0","0","0","0","1","1","0","0","0","0","0","0","1","0","1","0","0","0","0","0","0","0","0","0","0","0","0","0","4","0","40.027","-75.1211","","CRASH_2001_Philadelphia"
"2001231658","06","67","67301","67301","2001","03","3","1655","16","1","1","0","8","1","","","N","01","2","00","3","0","1","2","2","N","N","39 56:59.640","75 10:08.400","9999","","9999","","0","","N","","3 ","","","","","","","","","","1","1","0","0","0","0","0","0","0","1","0","0","1","0","0","0","0","0","0","0","0","0","0","0","0","0","0","0","0","0","0","0","1","0","1","2","0","39.9499","-75.169","","CRASH_2001_Philadelphia"
"2001400610","06","67","67301","67301","2001","07","2","2312","23","3","1","0","0","1","","","N","00","0","00","3","1","0","1","1","N","N","39 54:25.560","75 11:36.960","9999","","9999","","0","","N","9","0 ","","","","","","","","","","1","0","1","0","0","0","0","0","0","0","0","0","0","0","0","0","0","1","0","0","0","0","0","0","0","0","0","0","1","0","0","0","0","0","0","1","0","39.907","-75.1936","2 ","CRASH_2001_Philadelphia"
"2002017880","06","67","67301","67301","2001","08","4","1023","10","1","1","0","1","1","","","N","08","2","06","3","0","1","2","2","N","N","40 06:44.000","74 59:27.000","1031","","1024","","0","","N","","3 ","","","","","","","","","","2","2","0","0","0","0","0","0","0","0","0","1","1","0","0","0","0","0","0","0","1","0","0","0","0","0","0","0","0","0","0","0","0","0","0","4","0","40.1124","-74.991","","CRASH_2001_Philadelphia"
"2002027886","06","67","67301","67301","2001","08","5","0815","08","1","5","0","1","1","","","N","01","2","00","3","0","1","2","2","N","N","39 59:56.641","75 13:51.267","0835","","0823","","0","","N","","2 ","","","","","","","","","","2","1","0","0","1","0","0","0","0","0","0","1","1","0","0","0","0","0","0","0","0","0","0","0","0","0","0","0","0","0","0","0","0","0","0","4","0","39.9991","-75.2309","","CRASH_2001_Philadelphia"
"2002028535","06","67","67301","67301","2001","09","3","1258","12","1","1","0","0","1","","","N","02","2","00","3","0","1","1","1","N","N","39 57:07.268","75 09:45.490","1300","","1258","","0","","N","","3 ","","","","","","","","","","1","0","1","0","0","0","0","0","0","0","1","0","1","0","0","0","0","0","0","0","1","0","0","0","0","0","0","0","0","0","0","0","0","0","0","3","0","39.952","-75.1626","","CRASH_2001_Philadelphia"
"2001400419","06","67","67301","67301","2001","05","1","1759","17","1","1","0","7","2","","","N","00","0","00","3","1","0","1","1","N","N","40 00:08.280","75 11:04.560","9999","","9999","","0","","N","9","0 ","","","","","","","","","","1","1","0","0","0","0","0","0","0","0","0","0","0","0","0","0","0","0","0","0","0","0","0","1","1","0","0","0","0","0","0","0","0","0","0","1","0","40.0028","-75.1839","2 ","CRASH_2001_Philadelphia"
"2001266613","06","67","67301","67301","2001","08","6","1855","18","4","2","0","7","1","","","N","00","0","00","3","0","4","6","1","N","N","","","9999","","9999","","0","","N","","0 ","","","","","","","","","","1","0","0","0","0","0","1","0","0","0","0","2","2","0","2","0","1","0","0","0","0","0","0","0","0","0","0","0","0","0","0","0","0","0","0","4","0","","","","CRASH_2001_Philadelphia"
"2002012214","06","67","67301","67301","2001","07","4","1835","18","1","1","0","4","1","","","N","01","2","00","3","0","0","4","2","N","N","39 58:02.170","75 07:44.070","1845","","1840","","0","","N","","3 ","","","","","","","","","","2","2","0","0","0","0","0","0","0","0","0","0","0","0","4","0","0","0","0","0","0","0","0","0","0","0","0","0","0","0","0","0","0","0","0","9","0","39.967","-75.1294","","CRASH_2001_Philadelphia"
"2002032309","06","67","67301","67301","2001","10","6","1220","12","1","1","0","1","1","","","N","02","2","00","3","0","0","4","4","N","N","40 06:16.920","75 00:04.320","1225","","1225","","0","","N","","3 ","","","","","","","","","","4","4","0","0","0","0","0","0","0","0","0","0","0","0","1","0","0","0","0","0","1","0","0","0","0","0","0","0","0","0","0","0","0","0","0","9","0","40.1046","-75.0014","","CRASH_2001_Philadelphia"
"2001238239","06","67","67301","67301","2001","04","5","1115","11","1","1","0","8","1","","","N","00","0","00","3","0","1","2","2","N","N","","","9999","","9999","","0","","N","","0 ","","","","","","","","","","1","1","0","0","0","0","0","0","0","0","0","1","1","0","0","0","0","0","0","0","0","0","0","0","0","0","0","0","0","0","0","0","1","0","0","4","0","","","","CRASH_2001_Philadelphia"
"2001243719","06","67","67301","67301","2001","05","1","1141","11","1","1","0","4","1","","","N","02","3","00","3","0","1","2","2","N","N","40 02:42.720","75 03:20.520","9999","","9999","","0","","N","","3 ","","","","","","","","","","1","0","0","0","0","0","0","1","1","0","0","1","1","0","0","0","0","0","0","0","1","0","0","0","0","0","0","0","0","0","0","0","0","0","0","4","0","40.0452","-75.0557","","CRASH_2001_Philadelphia"
"2001288468","06","67","67301","","2001","09","3","0830","08","1","1","9","1","1","","","N","02","2","00","3","0","4","4","3","N","N","40 00:37.339","75 08:50.405","9999","","9999","","0","","N","","3 ","","","","","","","","","","3","0","0","0","0","0","0","0","0","0","0","0","0","0","4","0","0","0","0","0","0","0","0","0","0","0","0","0","0","0","0","0","0","0","0","9","0","40.0104","-75.1473","","CRASH_2001_Philadelphia"
"2001243514","06","67","67301","67301","2001","04","1","1219","12","1","1","0","9","1","","","N","00","0","00","3","0","0","1","2","N","N","","","9999","","9999","","0","","N","","0 ","","","","","","","","","","2","1","0","0","0","0","0","0","0","0","0","0","0","0","0","0","0","0","0","0","0","0","0","1","0","0","0","0","0","0","0","0","0","0","0","0","0","","","","CRASH_2001_Philadelphia"
"2002026511","06","67","67301","67301","2001","06","2","1950","19","4","1","0","4","1","","","N","01","2","00","3","0","1","2","2","N","N","39 58:14.817","75 07:20.188","2110","","2050","3","2","4","N","","3 ","Y","","","","","","","","","2","2","0","0","0","0","0","0","0","0","0","1","1","0","0","0","0","0","0","0","1","0","0","0","0","0","0","0","0","0","0","0","0","0","0","4","0","39.9708","-75.1223","","CRASH_2001_Philadelphia"