"CRN","DISTRICT","COUNTY","MUNICIPALITY","POLICE_AGCY","CRASH_YEAR","CRASH_MONTH","DAY_OF_WEEK","TIME_OF_DAY","HOUR_OF_DAY","ILLUMINATION","WEATHER","ROAD_CONDITION","COLLISION_TYPE","RELATION_TO_ROAD","WORK_ZONE_TYPE","WORK_ZONE_LOC","WORK_ZONE_IND","INTERSECT_TYPE","TCD_TYPE","LOCATION_TYPE","URBAN_RURAL","FATAL_COUNT","INJURY_COUNT","PERSON_COUNT","TOTAL_UNITS","SCH_BUS_IND","SCH_ZONE_IND","LATITUDE","LONGITUDE","ARRIVAL_TM","CONS_ZONE_SPD_LIM","DISPATCH_TM","EST_HRS_CLOSED","LANE_CLOSED","LN_CLOSE_DIR","NTFY_HIWY_MAINT","SPEC_JURIS_CD","TCD_FUNC_CD","TFC_DETOUR_IND","WORKERS_PRES","WZ_CLOSE_DETOUR","WZ_FLAGGER","WZ_LAW_OFFCR_IND","WZ_LN_CLOSURE","WZ_MOVING","WZ_OTHER","WZ_SHLDER_MDN","VEHICLE_COUNT","AUTOMOBILE_COUNT","MOTORCYCLE_COUNT","BUS_COUNT","SMALL_TRUCK_COUNT","HEAVY_TRUCK_COUNT","SUV_COUNT","VAN_COUNT","BICYCLE_COUNT","MAJ_INJ_COUNT","MOD_INJ_COUNT","MIN_INJ_COUNT","TOT_INJ_COUNT","UNK_INJ_DEG_COUNT","UNK_INJ_PER_COUNT","DRIVER_COUNT_16YR","DRIVER_COUNT_17YR","DRIVER_COUNT_18YR","DRIVER_COUNT_19YR","DRIVER_COUNT_20YR","DRIVER_COUNT_50_64YR","DRIVER_COUNT_65_74YR","DRIVER_COUNT_75PLUS","UNBELTED_OCC_COUNT","UNB_DEATH_COUNT","UNB_MAJ_INJ_COUNT","BELTED_DEATH_COUNT","BELTED_MAJ_INJ_COUNT","MCYCLE_DEATH_COUNT","MCYCLE_MAJ_INJ_COUNT","BICYCLE_DEATH_COUNT","BICYCLE_MAJ_INJ_COUNT","PED_COUNT","PED_DEATH_COUNT","PED_MAJ_INJ_COUNT","MAX_SEVERITY_LEVEL","COMM_VEH_COUNT","DEC_LAT","DEC_LONG","RDWY_SURF_TYPE_CD","COUNTY_YEAR"
"2002039581","06","67","67301","67301","2001","12","7","2015","20","3","1","0","5","1","","","N","01","2","00","3","0","0","2","3","N","N","39 59:05.048","75 06:10.802","2100","","2100","","0","","N","","3 ","","","","","","","","","","3","3","0","0","0","0","0","0","0","0","0","0","0","0","1","0","0","0","0","1","1","0","0","0","0","0","0","0","0","0","0","0","0","0","0","9","0","39.9847","-75.103","","CRASH_2001_Philadelphia"
"2002041618","06","67","67301","67301","2001","11","6","2047","20","3","1","8","4","1","","","N","01","2","00","3","0","1","3","2","N","N","40 02:39.059","75 09:45.872","2051","","2051","","0","","N","","3 ","","","","","","","","","","2","2","0","0","0","0","0","0","0","0","1","0","1","0","0","0","0","0","0","0","0","1","0","0","0","0","0","0","0","0","0","0","0","0","0","3","0","40.0442","-75.1627","","CRASH_2001_Philadelphia"
"2002004007","06","67","67301","67301","2001","06","1","0023","00","3","2","1","7","5","","","N","02","2","00","3","0","0","1","1","N","N","39 56:24.407","75 12:01.388","0214","","0047","","0","","N","","3 ","","","","","","","","","","1","1","0","0","0","0","0","0","0","0","0","0","0","0","0","0","0","0","0","0","0","0","0","0","0","0","0","0","0","0","0","0","0","0","0","0","0","39.9402","-75.2012","","CRASH_2001_Philadelphia"
"2002017261","06","67","67301","67301","2001","07","7","2351","23","3","1","0","7","5","","","N","01","3","07","3","0","1","1","1","N","N","40 02:48.480","75 08:15.360","2353","","2351","","0","","N","","3 ","","","","","","","","","","1","1","0","0","0","0","0","0","0","0","0","1","1","0","0","0","0","0","0","0","0","0","0","0","0","0","0","0","0","0","0","0","0","0","0","4","0","40.0468","-75.1375","","CRASH_2001_Philadelphia"
"2002041398","06","67","67301","67301","2001","11","1","0200","02","3","1","0","4","1","","","N","01","2","00","3","0","3","5","2","N","N","39 53:51.572","75 15:08.380","0200","","0200","","0","","N","","3 ","","","","","","","","","","2","2","0","0","0","0","0","0","0","0","0","3","3","0","0","0","0","0","1","0","1","0","0","5","0","0","0","0","0","0","0","0","0","0","0","4","0","39.8974","-75.2522","","CRASH_2001_Philadelphia"
"2002045926","06","67","67301","67301","2001","10","3","1345","13","1","1","0","4","1","","","N","00","0","00","3","0","1","2","2","N","N","40 02:40.888","75 03:17.383","1410","","1404","","0","","N","","0 ","","","","","","","","","","2","1","1","0","0","0","0","0","0","0","1","0","1","0","0","0","0","0","0","0","0","0","0","0","0","0","0","0","0","0","0","0","0","0","0","3","0","40.0447","-75.0548","","CRASH_2001_Philadelphia"
"2002014618","06","67","67301","67301","2001","07","2","1424","14","1","1","0","7","7","","","N","00","0","02","3","0","1","1","1","N","N","39 53:11.400","75 12:45.360","1433","","1426","2","2","2","Y","","0 ","Y","","","","","","","","","1","1","0","0","0","0","0","0","0","0","0","1","1","0","0","0","0","0","0","0","0","0","0","0","0","0","0","0","0","0","0","0","0","0","0","4","0","39.8861","-75.2113","","CRASH_2001_Philadelphia"
"2002020031","06","67","67301","67301","2001","07","2","0815","08","1","1","0","2","1","","","N","02","3","00","3","0","1","2","2","N","N","40 04:15.877","75 09:45.928","9999","","0825","","0","","N","","3 ","","","","","","","","","","2","2","0","0","0","0","0","0","0","0","0","1","1","0","0","0","0","0","0","0","0","0","0","0","0","0","0","0","0","0","0","0","0","0","0","4","0","40.0711","-75.1628","","CRASH_2001_Philadelphia"
"2002025066","06","67","67301","67301","2001","07","7","0423","04","3","1","0","2","2","","","N","00","0","00","3","0","1","2","3","N","N","39 56:05.089","75 13:37.862","0425","","0423","","0","","N","","0 ","","","","","","","","","","3","3","0","0","0","0","0","0","0","0","0","1","1","0","0","0","0","0","0","0","0","0","0","0","0","0","0","0","0","0","0","0","0","0","0","4","0","39.9347","-75.2272","","CRASH_2001_Philadelphia"
"2002026368","06","67","67301","67301","2001","09","5","2308","23","3","1","0","1","1","1","5","Y","06","8","02","3","0","2","2","2","N","N","39 58:59.160","75 05:56.760","2310","40","2308","1","1","2","N","","9 ","N","N","","","U","","","","","2","1","0","0","1","0","0","0","0","0","0","2","2","0","0","0","0","0","0","0","1","0","0","1","0","0","0","0","0","0","0","0","0","0","0","4","0","39.9831","-75.0989","","CRASH_2001_Philadelphia"
"2002028806","06","67","67301","67301","2001","09","6","1219","12","1","2","1","1","1","","","N","01","2","00","3","0","1","5","2","N","N","40 01:57.124","75 11:23.750","1318","","1310","","0","","N","","3 ","","","","","","","","","","2","1","0","0","1","0","0","0","0","0","1","0","1","0","0","0","0","0","1","0","1","0","0","0","0","0","0","0","0","0","0","0","0","0","0","3","0","40.0322","-75.1894","","CRASH_2001_Philadelphia"
"2002024047","06","67","67301","67301","2001","08","5","1115","11","1","1","0","1","1","","","N","01","2","00","3","0","2","5","4","N","N","40 06:23.000","75 01:46.000","1118","","1115","","0","","N","","3 ","","","","","","","","","","4","4","0","0","0","0","0","0","0","0","1","1","2","0","1","0","0","0","0","0","0","2","0","0","0","0","0","0","0","0","0","0","0","0","0","3","0","40.1067","-75.0297","","CRASH_2001_Philadelphia"
"2002028724","06","67","67301","67301","2001","09","6","1305","13","1","2","1","4","1","","","N","00","0","00","3","0","2","5","4","N","N","40 00:54.378","75 10:39.580","1315","","1305","","0","","N","","0 ","","","","","","","","","","4","3","0","0","0","1","0","0","0","0","0","2","2","0","0","0","0","0","0","0","2","0","0","2","0","0","0","0","0","0","0","0","0","0","0","4","1","40.0151","-75.1775","","CRASH_2001_Philadelphia"
"2002031817","06","67","67301","67301","2001","10","4","1328","13","1","1","0","4","1","","","N","02","3","00","3","0","3","4","2","N","N","40 04:26.538","75 05:05.100","1335","","1330","","9","","N","","3 ","U","","","","","","","","","2","2","0","0","0","0","0","0","0","0","2","1","3","0","0","0","0","0","0","0","0","0","0","0","0","0","0","0","0","0","0","0","0","0","0","3","0","40.0739","-75.0847","","CRASH_2001_Philadelphia"
"2002039517","06","67","67301","67301","2001","11","7","1030","10","1","1","0","1","1","","","N","01","2","00","3","0","0","2","2","N","N","39 57:47.760","75 11:18.809","1059","","1052","","0","","N","","3 ","","","","","","","","","","2","2","0","0","0","0","0","0","0","0","0","0","0","0","2","0","0","0","0","0","0","0","0","0","0","0","0","0","0","0","0","0","0","0","0","9","0","39.9633","-75.1885","","CRASH_2001_Philadelphia"
"2001244835","06","67","67301","67301","2001","05","1","9999","99","1","1","0","6","1","","","N","00","0","00","3","0","3","4","2","N","N","40 01:35.760","75 02:15.360","9999","","9999","","0","","N","","0 ","","","","","","","","","","2","0","0","0","2","0","0","0","0","0","0","3","3","0","0","0","0","0","0","0","1","0","0","0","0","0","0","0","0","0","0","0","0","0","0","4","0","40.0247","-75.0337","","CRASH_2001_Philadelphia"
"2001249416","06","67","67301","67301","2001","04","2","1655","16","1","1","0","9","1","","","N","00","0","00","3","0","0","2","3","N","N","","","9999","","9999","","0","","N","","0 ","","","","","","","","","","3","1","0","0","0","0","0","0","0","0","0","0","0","0","0","0","1","0","0","0","0","0","0","0","0","0","0","0","0","0","0","0","0","0","0","0","0","","","","CRASH_2001_Philadelphia"
"2002014553","06","67","67301","67301","2001","07","2","0556","05","1","1","0","4","1","","","N","01","2","00","3","0","2","3","5","N","N","39 57:01.838","75 13:36.836","0600","","0556","","0","","N","","3 ","","","","","","","","","","5","5","0","0","0","0","0","0","0","0","1","1","2","0","1","0","0","0","1","0","0","0","0","0","0","0","0","0","0","0","0","0","0","0","0","3","0","39.9504","-75.2269","","CRASH_2001_Philadelphia"
"2002010561","06","67","67301","67301","2001","07","6","0335","03","3","1","0","7","4","","","N","00","0","00","3","0","1","2","2","N","N","39 53:57.093","75 10:30.428","0340","","0335","","0","","N","","0 ","","","","","","","","","","2","1","0","0","0","1","0","0","0","0","0","1","1","0","0","0","0","0","0","0","0","0","0","0","0","0","0","0","0","0","0","0","0","0","0","4","1","39.899","-75.1733","","CRASH_2001_Philadelphia"
"2002023770","06","67","67301","67301","2001","08","6","1800","18","1","1","0","4","1","","","N","01","2","00","3","0","2","3","3","N","N","40 01:15.651","75 08:24.505","1845","","1831","","0","","N","","3 ","","","","","","","","","","3","3","0","0","0","0","0","0","0","0","0","2","2","0","0","0","0","0","0","0","1","0","0","0","0","0","0","0","0","0","0","0","0","0","0","4","0","40.0211","-75.1399","","CRASH_2001_Philadelphia"
"2002033536","06","67","67301","67301","2001","11","1","1518","15","1","7","0","1","7","","","N","01","2","00","3","0","2","5","2","N","N","40 02:43.729","75 09:53.524","1520","","1519","","0","","N","","3 ","","","","","","","","","","2","2","0","0","0","0","0","0","0","0","0","2","2","0","0","0","0","0","0","0","1","0","0","1","0","0","0","0","0","0","0","0","0","0","0","4","0","40.0455","-75.1649","","CRASH_2001_Philadelphia"
"2002017616","06","67","67301","67301","2001","07","3","0845","08","1","1","0","4","6","","","N","00","0","00","3","0","2","3","2","N","N","40 02:11.955","75 08:42.725","0852","","0850","","0","","N","","0 ","","","","","","","","","","2","1","0","0","0","1","0","0","0","0","0","2","2","0","0","0","0","0","0","1","0","0","0","2","0","0","0","0","0","0","0","0","0","0","0","4","0","40.0366","-75.1452","","CRASH_2001_Philadelphia"
"2002040205","06","67","67301","67301","2001","12","5","1107","11","1","8","1","8","1","","","N","00","2","00","3","0","1","2","2","N","N","39 57:24.356","75 10:08.457","1114","","1107","","0","","N","","3 ","","","","","","","","","","1","1","0","0","0","0","0","0","0","0","1","0","1","0","0","0","0","0","1","0","0","0","0","0","0","0","0","0","0","0","0","0","1","0","0","3","0","39.9567","-75.1691","","CRASH_2001_Philadelphia"
"2002028729","06","67","67301","67301","2001","09","1","0255","02","3","1","0","7","9","","","N","00","0","00","3","0","2","2","1","N","N","39 55:27.588","75 11:33.299","0317","","0305","","0","","N","","0 ","","","","","","","","","","1","1","0","0","0","0","0","0","0","0","2","0","2","0","0","0","0","0","0","0","0","0","0","0","0","0","0","0","0","0","0","0","0","0","0","3","0","39.9251","-75.1935","","CRASH_2001_Philadelphia"
"2002035763","06","67","67301","67301","2001","11","1","2032","20","3","1","0","4","1","","","N","00","2","07","3","0","1","7","2","N","N","40 06:06.289","75 00:19.273","2042","","2039","","0","","N","","3 ","","","","","","","","","","2","2","0","0","0","0","0","0","0","0","0","1","1","0","0","0","0","1","0","0","0","0","0","0","0","0","0","0","0","0","0","0","0","0","0","4","0","40.1017","-75.0055","","CRASH_2001_Philadelphia"
"2001288641","06","67","67301","","2001","12","4","1313","13","1","1","0","1","1","","","N","00","0","00","3","0","2","3","2","N","N","","","9999","","9999","","0","","N","","0 ","","","","","","","","","","2","0","0","0","0","0","0","1","0","0","0","0","0","0","2","0","0","0","0","0","0","0","0","0","0","0","0","0","0","0","0","0","0","0","0","9","0","","","","CRASH_2001_Philadelphia"
"2002046276","06","67","67301","67301","2001","10","6","1945","19","1","1","0","1","1","","","N","02","0","00","3","0","8","9","4","N","N","40 01:30.761","75 07:41.899","2000","","1957","","0","","N","","0 ","","","","","","","","","","4","3","0","1","0","0","0","0","0","0","0","8","8","0","0","0","0","0","0","0","0","0","0","0","0","0","0","0","0","0","0","0","0","0","0","4","1","40.0253","-75.1279","","CRASH_2001_Philadelphia"
"2002050445","06","67","67301","67301","2001","12","5","1436","14","1","1","0","5","1","","","N","00","0","00","3","0","1","2","2","N","N","40 03:14.000","75 07:36.000","1440","","1439","","0","","N","","0 ","","","","","","","","","","1","1","0","0","0","0","0","0","1","0","0","1","1","0","0","0","0","0","0","0","0","0","1","0","0","0","0","0","0","0","0","0","0","0","0","4","0","40.0539","-75.1267","","CRASH_2001_Philadelphia"
"2002014627","06","67","67301","67301","2001","07","7","1355","13","1","1","0","7","5","","","N","06","0","02","3","0","1","1","1","N","N","39 53:21.480","75 13:09.840","1358","","1355","","0","","N","","0 ","","","","","","","","","","1","0","1","0","0","0","0","0","0","0","1","0","1","0","0","0","0","0","0","0","1","0","0","0","0","0","0","0","0","0","0","0","0","0","0","3","0","39.8867","-75.2149","","CRASH_2001_Philadelphia"
"2002016822","06","67","67301","67301","2001","07","4","9999","99","1","1","0","1","1","","","N","00","2","00","3","0","0","3","3","N","N","","","1725","","1720","","0","","N","","3 ","","","","","","","","","","3","3","0","0","0","0","0","0","0","0","0","0","0","0","0","0","0","0","0","0","1","0","0","0","0","0","0","0","0","0","0","0","0","0","0","0","0","","","","CRASH_2001_Philadelphia"
"2002046329","06","67","67301","67301","2001","09","7","1817","18","1","1","0","8","1","","","N","00","0","00","3","0","1","2","2","N","N","39 59:35.322","75 09:31.194","2010","","9999","","0","","N","","0 ","","","","","","","","","","1","1","0","0","0","0","0","0","0","1","0","0","1","0","0","0","0","0","0","0","0","0","0","0","0","0","0","0","0","0","0","0","1","0","1","2","0","39.9931","-75.1587","","CRASH_2001_Philadelphia"
"2002032093","06","67","67301","67301","2001","09","6","1008","10","1","1","0","4","1","","","N","01","2","00","3","0","3","3","2","N","N","39 57:39.484","75 14:41.993","1818","","1808","","0","","N","","3 ","","","","","","","","","","2","2","0","0","0","0","0","0","0","0","0","3","3","0","0","0","0","0","0","0","0","0","0","0","0","0","0","0","0","0","0","0","0","0","0","4","0","39.9609","-75.245","","CRASH_2001_Philadelphia"
"2002035756","06","67","67301","67301","2001","10","4","2015","20","3","1","0","4","1","","","N","01","2","00","3","0","2","6","3","N","N","","","2026","","2023","","0","","N","","3 ","","","","","","","","","","3","2","0","0","1","0","0","0","0","0","0","2","2","0","0","0","0","0","0","0","0","0","0","0","0","0","0","0","0","0","0","0","0","0","0","4","0","","","","CRASH_2001_Philadelphia"
"2002012817","06","67","67301","67301","2001","07","4","0340","03","3","1","0","7","4","2","8","Y","01","2","00","3","0","0","3","1","N","N","39 59:12.480","75 10:50.880","0340","15","0340","","0","","Y","","3 ","","N","","","U","","","","","1","1","0","0","0","0","0","0","0","0","0","0","0","0","0","0","0","0","0","0","0","0","0","0","0","0","0","0","0","0","0","0","0","0","0","0","0","39.9868","-75.1808","","CRASH_2001_Philadelphia"
"2002018579","06","67","67301","67301","2001","08","4","0321","03","3","1","0","7","5","","","N","02","0","00","3","0","0","1","1","N","N","40 01:44.694","75 06:17.964","0335","","0321","","0","","N","","0 ","","","","","","","","","","1","1","0","0","0","0","0","0","0","0","0","0","0","0","1","0","0","0","0","0","0","0","0","0","0","0","0","0","0","0","0","0","0","0","0","9","0","40.0293","-75.1047","","CRASH_2001_Philadelphia"
"2002028530","06","67","67301","67301","2001","09","7","0507","05","3","1","0","2","6","","","N","00","0","00","3","0","1","2","2","N","N","40 02:33.530","75 00:41.254","0513","","0507","","0","","N","","0 ","","","","","","","","","","2","2","0","0","0","0","0","0","0","0","0","1","1","0","0","0","0","0","0","0","0","0","0","0","0","0","0","0","0","0","0","0","0","0","0","4","0","40.0427","-75.0115","","CRASH_2001_Philadelphia"
"2002017604","06","67","67301","67301","2001","08","7","1200","12","1","2","1","4","1","","","N","01","2","00","3","0","5","6","2","N","N","40 03:19.994","75 07:34.564","1207","","1203","2","1","5","N","","3 ","N","","","","","","","","","2","2","0","0","0","0","0","0","0","0","1","4","5","0","0","0","0","0","0","0","0","0","0","0","0","0","0","0","0","0","0","0","0","0","0","3","0","40.0556","-75.1264","","CRASH_2001_Philadelphia"
"2001238216","06","67","67301","67301","2001","04","2","0825","08","1","1","0","4","1","","","N","01","3","00","3","0","0","2","2","N","N","40 02:50.712","75 09:26.175","9999","","9999","","0","","N","","3 ","","","","","","","","","","2","2","0","0","0","0","0","0","0","0","0","0","0","0","0","0","0","0","0","0","0","0","0","0","0","0","0","0","0","0","0","0","0","0","0","0","0","40.0474","-75.1573","","CRASH_2001_Philadelphia"
"2001400998","06","67","67301","67301","2001","09","2","0534","05","1","9","9","1","1","","","N","07","0","02","3","1","3","4","3","N","N","40 00:32.400","75 12:15.480","9999","","9999","","0","","N","9","0 ","","","","","","","","","","3","3","0","0","0","0","0","0","0","1","2","0","3","0","0","0","0","0","0","0","0","0","0","0","0","0","1","1","0","0","0","0","0","0","0","1","0","40.0093","-75.2049","2 ","CRASH_2001_Philadelphia"
"2001243657","06","67","67301","67301","2001","05","3","1400","14","1","1","0","4","1","","","N","01","3","00","3","0","1","2","2","N","N","","","9999","","9999","","0","","N","","3 ","","","","","","","","","","1","1","0","0","0","0","0","0","1","0","0","1","1","0","0","0","0","0","0","0","1","0","0","0","0","0","0","0","0","0","0","0","0","0","0","4","0","","","","CRASH_2001_Philadelphia"
"2001255847","06","67","67301","67301","2001","05","7","2103","21","3","1","0","8","1","","","N","01","3","00","3","0","2","3","3","N","N","","","9999","","9999","","0","","N","","3 ","","","","","","","","","","1","1","0","0","0","0","0","0","0","0","0","2","2","0","0","0","0","0","0","0","1","0","0","0","0","0","0","0","0","0","0","0","2","0","0","4","0","","","","CRASH_2001_Philadelphia"
"2002010538","06","67","67301","67301","2001","06","6","1517","15","1","1","0","8","1","","","N","00","0","00","3","0","1","2","2","N","N","39 58:30.324","75 11:00.094","1529","","1527","","0","","N","","0 ","","","","","","","","","","1","1","0","0","0","0","0","0","0","0","0","1","1","0","0","0","0","0","0","0","1","0","0","0","0","0","0","0","0","0","0","0","1","0","0","4","0","39.9751","-75.1834","","CRASH_2001_Philadelphia"
"2002014525","06","67","67301","67301","2001","07","3","2118","21","3","1","0","7","3","","","N","00","0","00","3","0","0","1","1","N","N","40 00:45.664","75 05:15.330","2125","","2119","","0","","N","","0 ","","","","","","","","","","1","0","0","1","0","0","0","0","0","0","0","0","0","0","0","0","0","0","0","0","1","0","0","0","0","0","0","0","0","0","0","0","0","0","0","0","1","40.0126","-75.0876","","CRASH_2001_Philadelphia"
"2001244780","06","67","67301","67301","2001","05","7","2054","20","3","1","0","4","1","","","N","01","2","00","3","0","1","2","2","N","N","40 02:29.400","75 00:47.520","9999","","9999","","0","","N","","3 ","","","","","","","","","","2","2","0","0","0","0","0","0","0","0","0","1","1","0","0","0","0","0","0","0","0","1","0","0","0","0","0","0","0","0","0","0","0","0","0","4","0","40.0415","-75.0133","","CRASH_2001_Philadelphia"
"2001244864","06","67","67301","67301","2001","05","4","2015","20","3","1","0","4","1","","","N","02","3","00","3","0","4","4","2","N","N","39 57:44.550","75 09:01.000","9999","","9999","","0","","N","","3 ","","","","","","","","","","2","2","0","0","0","0","0","0","0","0","0","4","4","0","0","0","0","1","0","0","0","0","0","0","0","0","0","0","0","0","0","0","0","0","0","4","0","39.9624","-75.1503","","CRASH_2001_Philadelphia"
"2002010532","06","67","67301","67301","2001","06","6","1550","15","1","1","0","1","1","","","N","00","0","00","3","0","0","2","2","N","N","39 56:26.377","75 13:08.369","0103","","0100","","0","","N","","0 ","","","","","","","","","","2","2","0","0","0","0","0","0","0","0","0","0","0","0","0","0","0","0","0","0","1","0","0","0","0","0","0","0","0","0","0","0","0","0","0","0","0","39.9405","-75.2189","","CRASH_2001_Philadelphia"
"2002017118","06","67","67301","67301","2001","07","4","1405","14","1","1","1","2","1","","","N","01","3","00","3","0","2","4","2","N","N","40 03:18.330","75 10:36.013","1411","","1410","","0","","N","","3 ","","","","","","","","","","2","2","0","0","0","0","0","0","0","0","0","2","2","0","1","0","0","0","0","0","1","0","0","0","0","0","0","0","0","0","0","0","0","0","0","4","0","40.0551","-75.1766","","CRASH_2001_Philadelphia"
"2002017786","06","67","67301","67501","2001","08","6","1738","17","1","1","0","1","1","","","N","00","8","03","3","0","2","4","3","N","N","","","1740","","1740","","0","","N","","3 ","","","","","","","","","","3","3","0","0","0","0","0","0","0","0","0","2","2","0","0","0","0","0","0","0","0","1","0","2","0","0","0","0","0","0","0","0","0","0","0","4","0","","","","CRASH_2001_Philadelphia"
"2002025015","06","67","67301","67301","2001","08","2","1725","17","1","2","1","4","1","","","N","01","2","00","3","0","1","2","2","N","N","40 02:17.274","75 11:24.182","1733","","1729","","0","","N","","3 ","","","","","","","","","","2","2","0","0","0","0","0","0","0","0","0","1","1","0","0","0","0","0","0","0","0","0","0","0","0","0","0","0","0","0","0","0","0","0","0","4","0","40.0382","-75.1901","","CRASH_2001_Philadelphia"
"2002005827","06","67","67301","67301","2001","11","7","1400","14","1","1","0","1","1","","","N","01","2","00","3","0","2","4","2","N","N","39 57:30.707","75 13:30.770","1405","","1400","","0","","N","","3 ","","","","","","","","","","2","2","0","0","0","0","0","0","0","0","0","2","2","0","0","0","1","0","0","0","0","0","0","0","0","0","0","0","0","0","0","0","0","0","0","4","0","39.9585","-75.2252","","CRASH_2001_Philadelphia"
"2002001548","06","67","67301","67301","2001","09","7","1400","14","1","1","0","1","1","","","N","01","3","00","3","0","2","3","2","N","N","40 03:27.720","75 11:05.640","1415","","1404","","0","","N","","3 ","","","","","","","","","","2","2","0","0","0","0","0","0","0","0","0","2","2","0","0","0","1","0","0","0","1","0","0","0","0","0","0","0","0","0","0","0","0","0","0","4","0","40.0578","-75.1848","","CRASH_2001_Philadelphia"
"2001262342","06","67","67301","68K01","2001","01","2","1230","12","1","1","0","4","1","","","N","00","0","07","3","0","1","2","2","N","N","39 59:58.560","75 13:46.920","9999","","9999","","0","","N","","0 ","","","","","","","","","","2","2","0","0","0","0","0","0","0","0","0","1","1","0","0","0","0","0","0","0","0","0","0","0","0","0","0","0","0","0","0","0","0","0","0","4","0","39.9996","-75.2297","","CRASH_2001_Philadelphia"
"2001238963","06","67","67301","67301","2001","04","6","0340","03","3","1","0","7","5","","","N","00","0","00","3","0","0","1","1","N","N","39 58:02.640","75 07:43.680","9999","","9999","","0","","N","","0 ","","","","","","","","","","1","0","0","0","0","0","1","0","0","0","0","0","0","0","0","0","0","0","0","0","0","0","0","0","0","0","0","0","0","0","0","0","0","0","0","0","0","39.967","-75.1294","","CRASH_2001_Philadelphia"
"2001248800","06","67","67301","67301","2001","04","7","1935","19","1","1","0","1","1","","","N","00","0","00","3","0","1","2","2","N","N","40 00:25.200","75 08:01.320","9999","","9999","","0","","N","","0 ","","","","","","","","","","2","1","0","0","1","0","0","0","0","0","0","1","1","0","0","0","0","0","0","0","0","1","0","1","0","0","0","0","0","0","0","0","0","0","0","4","0","40.007","-75.1336","","CRASH_2001_Philadelphia"
"2001288485","06","67","67301","","2001","10","6","1445","14","1","1","0","8","1","","","N","01","0","00","3","0","1","2","2","N","N","39 57:17.280","75 09:58.680","9999","","9999","","0","","N","","0 ","","","","","","","","","","1","0","0","0","0","0","1","0","0","0","0","1","1","0","0","0","0","0","0","0","0","0","0","1","0","0","0","0","0","0","0","0","1","0","0","4","0","39.9548","-75.1664","","CRASH_2001_Philadelphia"
"2002014535","06","67","67301","67301","2001","07","4","1800","18","1","1","0","8","1","","","N","00","0","00","3","0","1","2","2","N","N","39 58:25.903","75 10:01.592","1817","","1814","","0","","N","","0 ","","","","","","","","","","1","1","0","0","0","0","0","0","0","0","0","1","1","0","0","0","0","0","0","0","0","0","0","0","0","0","0","0","0","0","0","0","1","0","0","4","0","39.9739","-75.1671","","CRASH_2001_Philadelphia"
"2002017889","06","67","67301","67301","2001","08","4","1020","10","1","1","0","9","1","","","N","01","2","00","3","0","2","5","2","N","N","40 05:37.222","74 58:47.716","1035","","1028","","0","","N","","9 ","","","","","","","","","","2","2","0","0","0","0","0","0","0","0","0","2","2","0","0","0","0","0","0","1","0","0","0","0","0","0","0","0","0","0","0","0","0","0","0","4","0","40.0937","-74.9802","","CRASH_2001_Philadelphia"
"2002023762","06","67","67301","67301","2001","08","2","0803","08","1","1","0","4","7","","","N","02","1","00","3","0","1","2","2","N","N","39 53:12.413","75 14:30.721","0807","","0805","","0","","Y","","3 ","","","","","","","","","","2","1","0","1","0","0","0","0","0","0","0","1","1","0","0","0","0","0","0","0","1","0","0","0","0","0","0","0","0","0","0","0","0","0","0","4","1","39.8875","-75.248","","CRASH_2001_Philadelphia"
"2002029945","06","67","67301","67301","2001","09","2","2210","22","3","1","0","5","5","","","N","00","0","00","3","0","1","1","3","N","N","39 59:45.600","75 10:15.600","2215","","2210","","0","","N","","0 ","","","","","","","","","","3","2","0","0","0","0","0","0","0","0","0","1","1","0","0","0","0","0","0","0","0","0","0","0","0","0","0","0","0","0","0","0","0","0","0","4","0","39.9961","-75.1709","","CRASH_2001_Philadelphia"
"2002031084","06","67","67301","67301","2001","09","6","0740","07","1","1","0","8","1","","","N","02","2","00","3","0","1","2","2","N","N","40 03:01.640","75 00:36.982","0745","","0742","","0","","N","","3 ","","","","","","","","","","1","1","0","0","0","0","0","0","0","0","0","1","1","0","1","0","0","0","0","0","0","0","0","0","0","0","0","0","0","0","0","0","1","0","0","4","0","40.0506","-75.0102","","CRASH_2001_Philadelphia"
"2002033788","06","67","67301","67301","2001","10","4","1055","10","1","1","0","4","1","","","N","01","2","00","3","0","0","4","3","N","N","40 03:04.000","75 09:47.000","1106","","1059","","0","","N","","3 ","","","","","","","","","","3","3","0","0","0","0","0","0","0","0","0","0","0","0","0","0","0","0","0","0","0","0","0","0","0","0","0","0","0","0","0","0","0","0","0","0","0","40.0511","-75.1631","","CRASH_2001_Philadelphia"
"2002010471","06","67","67301","67301","2001","07","4","2300","23","3","2","1","4","1","","","N","01","2","00","3","0","1","2","2","N","N","39 58:23.670","75 12:43.412","1245","","1104","","0","","N","","3 ","","","","","","","","","","2","2","0","0","0","0","0","0","0","0","0","1","1","0","0","0","0","0","0","0","0","0","0","1","0","0","0","0","0","0","0","0","0","0","0","4","0","39.9732","-75.2121","","CRASH_2001_Philadelphia"
"2002012696","06","67","67301","67301","2001","07","1","2015","20","4","1","1","4","1","","","N","02","0","00","3","0","2","4","2","N","N","","","2025","","2019","","0","","N","","0 ","","","","","","","","","","2","2","0","0","0","0","0","0","0","0","0","2","2","0","2","0","0","0","0","0","0","0","0","0","0","0","0","0","0","0","0","0","0","0","0","4","0","","","","CRASH_2001_Philadelphia"