"CRN","DISTRICT","COUNTY","MUNICIPALITY","POLICE_AGCY","CRASH_YEAR","CRASH_MONTH","DAY_OF_WEEK","TIME_OF_DAY","HOUR_OF_DAY","ILLUMINATION","WEATHER","ROAD_CONDITION","COLLISION_TYPE","RELATION_TO_ROAD","WORK_ZONE_TYPE","WORK_ZONE_LOC","WORK_ZONE_IND","INTERSECT_TYPE","TCD_TYPE","LOCATION_TYPE","URBAN_RURAL","FATAL_COUNT","INJURY_COUNT","PERSON_COUNT","TOTAL_UNITS","SCH_BUS_IND","SCH_ZONE_IND","LATITUDE","LONGITUDE","ARRIVAL_TM","CONS_ZONE_SPD_LIM","DISPATCH_TM","EST_HRS_CLOSED","LANE_CLOSED","LN_CLOSE_DIR","NTFY_HIWY_MAINT","SPEC_JURIS_CD","TCD_FUNC_CD","TFC_DETOUR_IND","WORKERS_PRES","WZ_CLOSE_DETOUR","WZ_FLAGGER","WZ_LAW_OFFCR_IND","WZ_LN_CLOSURE","WZ_MOVING","WZ_OTHER","WZ_SHLDER_MDN","VEHICLE_COUNT","AUTOMOBILE_COUNT","MOTORCYCLE_COUNT","BUS_COUNT","SMALL_TRUCK_COUNT","HEAVY_TRUCK_COUNT","SUV_COUNT","VAN_COUNT","BICYCLE_COUNT","MAJ_INJ_COUNT","MOD_INJ_COUNT","MIN_INJ_COUNT","TOT_INJ_COUNT","UNK_INJ_DEG_COUNT","UNK_INJ_PER_COUNT","DRIVER_COUNT_16YR","DRIVER_COUNT_17YR","DRIVER_COUNT_18YR","DRIVER_COUNT_19YR","DRIVER_COUNT_20YR","DRIVER_COUNT_50_64YR","DRIVER_COUNT_65_74YR","DRIVER_COUNT_75PLUS","UNBELTED_OCC_COUNT","UNB_DEATH_COUNT","UNB_MAJ_INJ_COUNT","BELTED_DEATH_COUNT","BELTED_MAJ_INJ_COUNT","MCYCLE_DEATH_COUNT","MCYCLE_MAJ_INJ_COUNT","BICYCLE_DEATH_COUNT","BICYCLE_MAJ_INJ_COUNT","PED_COUNT","PED_DEATH_COUNT","PED_MAJ_INJ_COUNT","MAX_SEVERITY_LEVEL","COMM_VEH_COUNT","DEC_LAT","DEC_LONG","RDWY_SURF_TYPE_CD","COUNTY_YEAR"
"2002019520","06","67","67301","67301","2001","08","4","0735","07","1","1","0","4","1","","","N","01","3","00","3","0","0","2","2","N","N","40 01:21.071","75 04:34.051","0741","","0735","","0","","N","","3 ","","","","","","","","","","2","2","0","0","0","0","0","0","0","0","0","0","0","0","0","0","0","0","0","0","0","0","0","0","0","0","0","0","0","0","0","0","0","0","0","0","0","40.0225","-75.076","","CRASH_2001_Philadelphia"
"2002020438","06","67","67301","67301","2001","08","3","1702","17","1","1","0","1","1","","","N","01","2","00","3","0","0","2","2","N","N","39 55:16.252","75 11:38.715","1705","","1702","","0","","N","","3 ","","","","","","","","","","2","2","0","0","0","0","0","0","0","0","0","0","0","0","0","0","0","0","0","0","1","0","0","0","0","0","0","0","0","0","0","0","0","0","0","0","0","39.9211","-75.1938","","CRASH_2001_Philadelphia"
"2002031670","06","67","67301","67301","2001","09","5","1726","17","1","2","1","4","1","","","N","01","0","00","3","0","1","2","2","N","N","40 00:25.757","75 05:55.312","1731","","1727","","0","","N","","0 ","","","","","","","","","","2","2","0","0","0","0","0","0","0","0","0","1","1","0","0","0","0","0","0","0","0","0","1","0","0","0","0","0","0","0","0","0","0","0","0","4","0","40.0072","-75.0987","","CRASH_2001_Philadelphia"
"2002032508","06","67","67301","67301","2001","10","4","1510","15","1","1","0","8","1","","","N","01","2","00","3","0","1","2","2","N","N","39 57:20.242","75 11:22.145","1515","","1510","1","2","1","N","","3 ","Y","","","","","","","","","1","1","0","0","0","0","0","0","0","1","0","0","1","0","0","0","0","0","0","0","0","0","0","1","0","0","0","0","0","0","0","0","1","0","1","2","0","39.9503","-75.1917","","CRASH_2001_Philadelphia"
"2002004052","06","67","67301","67301","2001","06","2","1711","17","1","1","0","8","1","","","N","01","2","00","3","0","1","2","2","N","N","40 00:36.366","75 09:27.716","1716","","1713","","0","","N","","3 ","","","","","","","","","","1","1","0","0","0","0","0","0","0","0","1","0","1","0","0","0","0","0","0","0","0","0","0","0","0","0","0","0","0","0","0","0","1","0","0","3","0","40.0101","-75.1576","","CRASH_2001_Philadelphia"
"2002017877","06","67","67301","67301","2001","08","4","1830","18","1","1","0","0","1","","","N","01","2","99","3","0","1","2","2","N","N","39 58:17.319","75 13:33.289","2040","","2040","","0","","N","","9 ","","","","","","","","","","1","1","0","0","0","0","0","0","1","0","0","1","1","0","0","0","0","0","0","0","0","0","0","0","0","0","0","0","0","0","0","0","0","0","0","4","0","39.9714","-75.2258","","CRASH_2001_Philadelphia"
"2002030644","06","67","67301","67301","2001","09","1","1645","16","1","1","1","1","1","","","N","07","3","02","3","0","0","2","2","N","N","40 00:32.400","75 12:15.480","1707","","1702","","0","","N","","3 ","","","","","","","","","","2","2","0","0","0","0","0","0","0","0","0","0","0","0","1","0","0","0","0","0","0","0","0","0","0","0","0","0","0","0","0","0","0","0","0","9","0","40.0093","-75.2049","","CRASH_2001_Philadelphia"
"2001254812","06","67","67301","67301","2001","06","4","9999","99","1","1","0","8","1","","","N","01","3","00","3","0","1","2","2","N","N","39 58:12.000","75 08:42.000","9999","","9999","","0","","N","","3 ","","","","","","","","","","1","0","0","0","0","0","0","1","0","0","0","1","1","0","0","0","1","0","0","0","0","0","0","0","0","0","0","0","0","0","0","0","1","0","0","4","0","39.97","-75.145","","CRASH_2001_Philadelphia"
"2002014960","06","67","67301","67301","2001","07","4","","","3","1","0","2","1","","","N","01","2","00","3","0","1","2","2","N","N","40 03:04.680","75 03:57.960","2114","","2114","","0","","N","","3 ","","","","","","","","","","2","1","1","0","0","0","0","0","0","0","0","1","1","0","1","0","0","0","0","0","0","0","0","0","0","0","0","0","0","0","0","0","0","0","0","4","0","40.0512","-75.066","","CRASH_2001_Philadelphia"
"2002017535","06","67","67301","67301","2001","08","1","1906","19","3","2","1","7","5","","","N","00","0","00","3","0","1","1","1","N","N","40 02:42.016","74 59:46.731","1915","","1912","","0","","N","","0 ","","","","","","","","","","1","1","0","0","0","0","0","0","0","0","1","0","1","0","0","0","0","0","0","0","0","0","0","0","0","0","0","0","0","0","0","0","0","0","0","3","0","40.0449","-74.9966","","CRASH_2001_Philadelphia"
"2002023926","06","67","67301","67301","2001","07","7","2311","23","3","1","0","4","1","","","N","01","2","00","3","0","3","4","2","N","N","39 59:08.000","75 12:56.367","2335","","2329","","0","","N","","3 ","","","","","","","","","","2","2","0","0","0","0","0","0","0","0","0","3","3","0","0","0","1","0","0","0","0","0","0","0","0","0","0","0","0","0","0","0","0","0","0","4","0","39.9858","-75.2156","","CRASH_2001_Philadelphia"
"2001243629","06","67","67301","67301","2001","04","3","1755","17","1","1","0","8","1","","","N","00","0","00","3","0","1","2","2","N","N","","","9999","","9999","","0","","N","","0 ","","","","","","","","","","1","1","0","0","0","0","0","0","0","0","0","1","1","0","0","0","0","0","0","0","0","0","0","0","0","0","0","0","0","0","0","0","1","0","0","4","0","","","","CRASH_2001_Philadelphia"
"2001287553","06","67","67301","","2001","02","6","1200","12","1","1","0","8","1","","","N","01","0","00","3","0","1","2","2","N","N","40 02:11.165","75 07:49.937","9999","","9999","","0","","N","","0 ","","","","","","","","","","1","0","0","0","0","0","0","1","0","0","0","0","0","0","1","0","0","0","0","0","0","0","0","0","0","0","0","0","0","0","0","0","1","0","0","9","0","40.0364","-75.1305","","CRASH_2001_Philadelphia"
"2002000452","06","67","67301","67301","2001","11","7","1940","19","3","1","0","2","1","","","N","02","0","02","3","0","3","5","2","N","N","40 00:24.377","75 04:05.727","1953","","1947","","0","","N","","0 ","","","","","","","","","","2","2","0","0","0","0","0","0","0","0","2","1","3","0","0","0","1","0","0","0","0","0","1","0","0","0","0","0","0","0","0","0","0","0","0","3","0","40.0069","-75.0684","","CRASH_2001_Philadelphia"
"2001400298","06","67","67301","67301","2001","04","1","1530","15","1","1","0","7","2","","","N","00","0","00","3","1","0","1","1","N","N","","","9999","","9999","","0","","N","9","0 ","","","","","","","","","","1","0","1","0","0","0","0","0","0","0","0","0","0","0","0","0","0","0","1","0","0","0","0","0","0","0","0","0","1","0","0","0","0","0","0","1","0","","","9 ","CRASH_2001_Philadelphia"
"2002017165","06","67","67301","67301","2001","07","1","0700","07","1","1","0","7","3","","","N","00","2","00","3","0","1","2","1","N","N","40 04:14.881","75 02:16.388","0705","","0700","1","1","1","N","","2 ","Y","","","","","","","","","1","1","0","0","0","0","0","0","0","0","0","1","1","0","0","0","0","0","0","0","0","0","0","0","0","0","0","0","0","0","0","0","0","0","0","4","0","40.0709","-75.0381","","CRASH_2001_Philadelphia"
"2002023742","06","67","67301","67301","2001","09","7","1217","12","1","1","0","4","1","","","N","01","2","00","3","0","1","2","2","N","N","40 00:08.000","75 09:27.951","1230","","1223","","0","","N","","3 ","","","","","","","","","","2","2","0","0","0","0","0","0","0","0","0","1","1","0","0","0","0","0","0","0","0","0","0","0","0","0","0","0","0","0","0","0","0","0","0","4","0","40.0022","-75.1576","","CRASH_2001_Philadelphia"
"2001239040","06","67","67301","67301","2001","04","3","0815","08","1","1","0","4","1","","","N","01","2","00","3","0","2","2","2","N","N","39 56:16.800","75 11:55.320","9999","","9999","","0","","N","","3 ","","","","","","","","","","2","2","0","0","0","0","0","0","0","0","0","2","2","0","0","0","0","0","0","0","1","0","0","0","0","0","0","0","0","0","0","0","0","0","0","4","0","39.938","-75.1987","","CRASH_2001_Philadelphia"
"2001400383","06","67","67301","67301","2001","05","6","2043","20","3","1","0","7","1","","","N","00","0","00","3","2","2","4","1","N","N","40 02:56.400","75 03:05.760","9999","","9999","","0","","N","9","0 ","","","","","","","","","","1","1","0","0","0","0","0","0","0","0","2","0","2","0","0","0","0","0","0","0","0","0","0","0","0","0","0","0","0","0","0","0","0","0","0","1","0","40.049","-75.0516","2 ","CRASH_2001_Philadelphia"
"2001238956","06","67","67301","67301","2001","04","3","1300","13","1","1","0","7","1","","","N","00","0","01","3","0","0","1","1","N","N","","","9999","","9999","","0","","N","","0 ","","","","","","","","","","1","0","0","0","0","0","0","1","0","0","0","0","0","0","0","0","0","0","0","0","0","0","0","0","0","0","0","0","0","0","0","0","0","0","0","0","0","","","","CRASH_2001_Philadelphia"
"2001244755","06","67","67301","67301","2001","05","5","2207","22","3","1","0","4","1","","","N","01","2","00","3","0","2","4","2","N","N","39 55:29.280","75 10:23.160","9999","","9999","","0","","N","","3 ","","","","","","","","","","2","0","1","0","0","0","0","1","0","2","0","0","2","0","0","0","0","0","0","0","0","0","0","0","0","0","0","0","0","2","0","0","0","0","0","2","0","39.9248","-75.173","","CRASH_2001_Philadelphia"
"2001248825","06","67","67301","67301","2001","05","5","0743","07","1","1","0","1","1","","","N","01","2","00","3","0","0","2","2","N","N","","","9999","","9999","","0","","N","","3 ","","","","","","","","","","2","2","0","0","0","0","0","0","0","0","0","0","0","0","0","0","0","0","1","0","0","0","0","0","0","0","0","0","0","0","0","0","0","0","0","0","0","","","","CRASH_2001_Philadelphia"
"2001400471","06","67","67301","67301","2001","06","3","1930","19","1","1","0","8","1","","","N","00","0","00","3","1","0","2","2","N","N","40 01:30.000","75 07:45.120","9999","","9999","","0","","N","9","0 ","","","","","","","","","","1","1","0","0","0","0","0","0","0","0","0","0","0","0","0","0","0","0","0","0","0","0","0","0","0","0","0","0","0","0","0","0","1","1","0","1","0","40.0249","-75.1291","2 ","CRASH_2001_Philadelphia"
"2002016751","06","67","67301","67301","2001","07","6","2244","22","2","1","0","5","1","","","N","00","0","03","3","0","6","6","2","N","N","39 54:19.685","75 11:39.441","2320","","2255","2","2","3","N","","0 ","N","","","","","","","","","2","2","0","0","0","0","0","0","0","0","1","5","6","0","0","0","0","0","0","0","0","0","0","0","0","0","0","0","0","0","0","0","0","0","0","3","0","39.9055","-75.1943","","CRASH_2001_Philadelphia"
"2002027362","06","67","67301","67301","2001","09","4","1825","18","1","8","0","8","1","","","N","01","2","00","3","0","1","2","2","N","N","40 06:13.141","75 01:42.156","1825","","1825","","0","","N","","3 ","","","","","","","","","","1","1","0","0","0","0","0","0","0","0","0","1","1","0","0","0","0","0","0","0","0","0","0","0","0","0","0","0","0","0","0","0","1","0","0","4","0","40.1035","-75.0284","","CRASH_2001_Philadelphia"
"2002037145","06","67","67301","67301","2001","10","7","1718","17","1","1","0","4","1","","","N","01","2","00","3","0","1","3","2","N","N","39 57:18.877","75 11:54.033","1722","","1718","","0","","N","","3 ","","","","","","","","","","2","2","0","0","0","0","0","0","0","0","0","1","1","0","0","0","0","0","0","0","0","0","0","0","0","0","0","0","0","0","0","0","0","0","0","4","0","39.9546","-75.1984","","CRASH_2001_Philadelphia"
"2001266442","06","67","67301","67301","2001","07","2","1035","10","1","1","0","4","1","","","N","01","3","00","3","0","1","3","2","N","N","","","9999","","9999","","0","","N","","3 ","","","","","","","","","","2","2","0","0","0","0","0","0","0","0","0","1","1","0","0","0","0","1","0","0","1","0","0","0","0","0","0","0","0","0","0","0","0","0","0","4","0","","","","CRASH_2001_Philadelphia"
"2001266616","06","67","67301","67301","2001","08","1","1935","19","9","2","0","9","1","","","N","00","0","00","3","0","1","1","2","N","N","40 00:09.720","75 03:52.920","9999","","9999","","0","","N","","0 ","","","","","","","","","","2","1","0","0","0","0","0","0","0","0","0","1","1","0","0","0","0","1","0","0","0","0","0","1","0","0","0","0","0","0","0","0","0","0","0","4","0","40.0027","-75.0647","","CRASH_2001_Philadelphia"
"2001283550","06","67","67301","67301","2001","05","3","0843","08","1","1","0","4","1","","","N","01","2","00","3","0","1","2","2","N","N","39 59:47.040","75 10:26.040","9999","","9999","","0","","N","","3 ","","","","","","","","","","1","1","0","0","0","0","0","0","1","0","1","0","1","0","0","0","0","0","0","0","0","0","0","0","0","0","0","0","0","0","0","0","0","0","0","3","0","39.9964","-75.1739","","CRASH_2001_Philadelphia"
"2002016746","06","67","67301","67301","2001","07","1","0250","02","3","1","0","1","1","","","N","00","0","00","3","0","0","4","3","N","N","39 58:05.639","75 07:44.660","0305","","0256","","0","","N","","0 ","","","","","","","","","","3","3","0","0","0","0","0","0","0","0","0","0","0","0","2","0","0","0","0","1","0","0","0","0","0","0","0","0","0","0","0","0","0","0","0","9","0","39.9682","-75.1296","","CRASH_2001_Philadelphia"
"2002004047","06","67","67301","67301","2001","06","3","2022","20","3","1","0","4","1","","","N","01","0","00","3","0","1","2","2","N","N","39 56:09.000","75 13:09.000","2030","","0222","","0","","N","","0 ","","","","","","","","","","2","1","0","0","1","0","0","0","0","0","0","1","1","0","1","0","0","0","0","0","0","0","0","0","0","0","0","0","0","0","0","0","0","0","0","4","0","39.9358","-75.2192","","CRASH_2001_Philadelphia"
"2002039413","06","67","67301","67301","2001","11","2","1428","14","1","1","0","5","1","","","N","02","0","00","3","0","0","2","2","N","N","40 06:41.606","75 00:03.288","1614","","1602","","0","","N","","0 ","","","","","","","","","","2","2","0","0","0","0","0","0","0","0","0","0","0","0","0","0","0","0","0","0","1","0","0","0","0","0","0","0","0","0","0","0","0","0","0","0","0","40.1114","-75.0009","","CRASH_2001_Philadelphia"
"2002017167","06","67","67301","67301","2001","07","7","1721","17","1","1","0","4","1","","","N","01","2","00","3","0","3","5","2","N","N","40 04:50.160","75 01:42.240","1730","","1727","","0","","N","","3 ","","","","","","","","","","2","2","0","0","0","0","0","0","0","0","0","3","3","0","0","0","0","0","0","0","1","0","0","0","0","0","0","0","0","0","0","0","0","0","0","4","0","40.0809","-75.0288","","CRASH_2001_Philadelphia"
"2002014588","06","67","67301","67301","2001","07","4","1900","19","1","1","0","7","3","","","N","00","0","00","3","0","1","1","1","N","N","40 03:25.302","75 02:48.690","1925","","1904","","0","","N","","0 ","","","","","","","","","","1","0","0","0","1","0","0","0","0","0","1","0","1","0","0","0","0","0","0","0","0","0","0","0","0","0","0","0","0","0","0","0","0","0","0","3","0","40.057","-75.0468","","CRASH_2001_Philadelphia"
"2002020046","06","67","67301","67301","2001","08","6","1650","16","1","2","1","5","1","","","N","01","2","00","3","0","1","2","2","N","N","40 01:27.322","75 07:49.958","1705","","1652","","0","","N","","2 ","","","","","","","","","","2","2","0","0","0","0","0","0","0","0","0","1","1","0","0","0","0","0","0","0","1","1","0","0","0","0","0","0","0","0","0","0","0","0","0","4","0","40.0243","-75.1304","","CRASH_2001_Philadelphia"
"2002038647","06","67","67301","67301","2001","12","2","1653","16","3","1","0","4","1","","","N","01","2","00","3","0","3","4","2","N","N","39 59:38.747","75 09:22.481","1659","","1659","","0","","N","","3 ","","","","","","","","","","2","2","0","0","0","0","0","0","0","0","0","3","3","0","0","0","0","0","0","0","0","0","1","4","0","0","0","0","0","0","0","0","0","0","0","4","0","39.9941","-75.1561","","CRASH_2001_Philadelphia"
"2002045758","06","67","67301","67301","2001","10","7","2145","21","6","1","0","1","1","","","N","03","0","02","3","0","1","3","2","N","N","39 57:23.716","75 09:16.935","2205","","2159","","0","","N","","0 ","","","","","","","","","","2","2","0","0","0","0","0","0","0","0","1","0","1","0","0","0","0","0","0","0","1","0","0","0","0","0","0","0","0","0","0","0","0","0","0","3","0","39.9568","-75.1536","","CRASH_2001_Philadelphia"
"2001240024","06","67","67301","67301","2001","04","2","1652","16","1","1","0","1","1","1","8","Y","00","0","00","3","0","1","2","2","N","N","","","9999","99","9999","","0","","N","","0 ","","U","","","U","","","","","2","1","0","0","0","0","0","1","0","0","0","1","1","0","0","0","0","0","0","0","0","0","0","1","0","0","0","0","0","0","0","0","0","0","0","4","0","","","","CRASH_2001_Philadelphia"
"2001243634","06","67","67301","67301","2001","05","6","1242","12","1","2","0","5","1","","","N","00","0","00","3","0","0","2","2","N","N","","","9999","","9999","","0","","N","","0 ","","","","","","","","","","2","1","0","0","0","0","1","0","0","0","0","0","0","0","0","0","0","0","0","0","1","1","0","0","0","0","0","0","0","0","0","0","0","0","0","0","0","","","","CRASH_2001_Philadelphia"
"2001248812","06","67","67301","67301","2001","05","4","1413","14","1","1","0","4","1","","","N","01","2","00","3","0","1","2","4","N","N","","","9999","","9999","","0","","N","","3 ","","","","","","","","","","4","2","0","0","0","0","0","0","0","0","1","0","1","0","0","0","0","0","0","0","0","0","0","0","0","0","0","0","0","0","0","0","0","0","0","3","0","","","","CRASH_2001_Philadelphia"
"2001283854","06","67","67301","67301","2001","03","6","0801","08","1","1","1","1","1","","","N","01","3","00","3","0","5","8","3","N","N","","","9999","","9999","","0","","N","","3 ","","","","","","","","","","3","2","0","0","0","0","0","1","0","1","0","4","5","0","0","0","0","0","0","0","0","0","0","0","0","0","0","1","0","0","0","0","0","0","0","2","0","","","","CRASH_2001_Philadelphia"
"2002037096","06","67","67301","67301","2001","12","7","1809","18","3","1","0","0","1","","","N","01","2","00","3","0","1","1","1","N","N","40 03:52.722","74 58:55.378","1818","","1810","","0","","N","","3 ","","","","","","","","","","1","0","1","0","0","0","0","0","0","0","0","1","1","0","0","0","0","0","0","0","1","0","0","0","0","0","0","0","0","0","0","0","0","0","0","4","0","40.0647","-74.9823","","CRASH_2001_Philadelphia"
"2002039386","06","67","67301","67301","2001","11","5","1253","12","1","1","0","5","7","","","N","06","0","02","3","0","1","2","2","N","N","39 56:42.360","75 11:26.520","1310","","1303","","0","","N","","0 ","","","","","","","","","","2","1","0","0","0","1","0","0","0","0","0","1","1","0","0","0","0","0","0","0","0","0","0","0","0","0","0","0","0","0","0","0","0","0","0","4","1","39.9451","-75.1907","","CRASH_2001_Philadelphia"
"2002034033","06","67","67301","67301","2001","10","5","0917","09","1","1","0","8","1","","","N","01","2","00","3","0","1","2","2","N","N","40 00:47.488","75 04:13.512","0945","","0940","","0","","N","","3 ","","","","","","","","","","1","1","0","0","0","0","0","0","0","0","0","1","1","0","0","0","0","0","0","0","0","0","0","0","0","0","0","0","0","0","0","0","1","0","0","4","0","40.0132","-75.0704","","CRASH_2001_Philadelphia"
"2002045765","06","67","67301","67301","2001","10","2","1522","15","1","1","0","8","1","","","N","01","2","00","3","0","1","3","2","N","Y","40 03:55.741","75 03:10.041","1531","","1526","","0","","N","","3 ","","","","","","","","","","1","1","0","0","0","0","0","0","0","0","0","1","1","0","0","0","0","0","0","0","0","0","0","0","0","0","0","0","0","0","0","0","1","0","0","4","0","40.0655","-75.0525","","CRASH_2001_Philadelphia"
"2002017534","06","67","67301","67301","2001","08","4","1110","11","1","1","0","4","1","","","N","00","0","00","3","0","2","3","2","N","N","40 05:11.040","74 58:19.200","1120","","1115","","0","","N","","0 ","","","","","","","","","","2","2","0","0","0","0","0","0","0","0","0","2","2","0","0","0","0","0","0","0","1","0","1","0","0","0","0","0","0","0","0","0","0","0","0","4","0","40.0865","-74.972","","CRASH_2001_Philadelphia"
"2001243455","06","67","67301","67301","2001","05","4","0900","09","1","1","0","4","1","","","N","00","0","00","3","0","1","2","2","N","N","","","9999","","9999","","0","","N","","0 ","","","","","","","","","","1","0","0","0","0","0","0","0","1","0","0","1","1","0","0","0","0","0","0","0","0","0","0","0","0","0","0","0","0","0","0","0","0","0","0","4","0","","","","CRASH_2001_Philadelphia"
"2002020702","06","67","67301","67301","2001","08","3","1600","16","1","1","0","5","1","","","N","01","0","00","3","0","1","2","2","N","N","39 58:04.166","75 09:36.574","1539","","1539","","0","","N","","0 ","","","","","","","","","","2","1","0","0","1","0","0","0","0","0","0","1","1","0","0","0","0","0","0","0","0","0","0","0","0","0","0","0","0","0","0","0","0","0","0","4","0","39.9678","-75.1602","","CRASH_2001_Philadelphia"
"2002023058","06","67","67301","67301","2001","08","4","0847","08","1","1","0","4","1","","","N","01","2","00","3","0","4","4","2","N","N","40 03:57.365","75 09:33.290","0905","","0847","","0","","N","","3 ","","","","","","","","","","2","2","0","0","0","0","0","0","0","0","0","4","4","0","0","0","0","0","0","0","0","0","0","3","0","0","0","0","0","0","0","0","0","0","0","4","0","40.0659","-75.1593","","CRASH_2001_Philadelphia"
"2002026508","06","67","67301","67301","2001","07","3","1750","17","1","1","0","2","1","","","N","00","0","99","3","0","0","4","2","N","N","40 01:25.270","75 04:34.572","1810","","1755","2","2","1","N","","0 ","N","","","","","","","","","2","2","0","0","0","0","0","0","0","0","0","0","0","0","0","0","0","0","0","0","0","0","0","0","0","0","0","0","0","0","0","0","0","0","0","0","0","40.0237","-75.0762","","CRASH_2001_Philadelphia"
"2002031827","06","67","67301","67301","2001","10","2","0004","00","3","1","0","4","1","","","N","01","2","00","3","0","0","2","2","N","N","39 57:35.497","75 14:09.630","0013","","0010","","0","","N","","3 ","","","","","","","","","","2","2","0","0","0","0","0","0","0","0","0","0","0","0","0","0","0","0","0","0","0","0","0","1","0","0","0","0","0","0","0","0","0","0","0","0","0","39.9584","-75.2375","","CRASH_2001_Philadelphia"
"2002035202","06","67","67301","67301","2001","11","4","1740","17","3","1","0","2","1","","","N","01","2","00","3","0","0","2","2","N","N","40 03:02.710","75 08:55.715","1745","","1740","","0","","N","","3 ","","","","","","","","","","2","2","0","0","0","0","0","0","0","0","0","0","0","0","0","0","0","0","0","1","0","0","0","0","0","0","0","0","0","0","0","0","0","0","0","0","0","40.0508","-75.1487","","CRASH_2001_Philadelphia"
"2002016692","06","67","67301","67301","2001","07","1","1414","14","1","1","0","8","1","","","N","00","3","00","3","0","1","2","2","N","N","39 55:59.000","75 11:22.000","1500","","1458","","0","","N","","3 ","","","","","","","","","","1","0","1","0","0","0","0","0","0","0","0","1","1","0","0","0","0","0","0","0","0","0","0","0","0","0","0","0","0","0","0","0","1","0","0","4","0","39.9331","-75.1894","","CRASH_2001_Philadelphia"
"2002017159","06","67","67301","67301","2001","08","5","1337","13","1","1","0","4","1","","","N","01","2","00","3","0","2","3","2","N","N","40 04:50.160","75 01:42.240","1339","","1337","2","2","4","N","","3 ","Y","","","","","","","","","2","2","0","0","0","0","0","0","0","0","0","2","2","0","0","0","0","0","0","0","0","0","0","0","0","0","0","0","0","0","0","0","0","0","0","4","0","40.081","-75.0287","","CRASH_2001_Philadelphia"
"2002028733","06","67","67301","67301","2001","09","6","1725","17","1","1","0","8","1","","","N","01","0","00","3","0","1","2","2","N","N","40 02:12.299","75 02:27.049","1725","","1725","","0","","N","","0 ","","","","","","","","","","1","1","0","0","0","0","0","0","0","0","0","1","1","0","0","0","0","0","0","0","0","0","0","0","0","0","0","0","0","0","0","0","1","0","0","4","0","40.0368","-75.0407","","CRASH_2001_Philadelphia"
"2002029451","06","67","67301","67301","2001","09","3","0843","08","1","2","1","8","1","","","N","00","0","00","3","0","1","2","2","N","N","40 01:51.032","75 03:16.190","0850","","0845","","0","","N","","0 ","","","","","","","","","","1","1","0","0","0","0","0","0","0","0","1","0","1","0","0","0","0","0","0","0","0","0","0","0","0","0","0","0","0","0","0","0","1","0","0","3","0","40.0308","-75.0545","","CRASH_2001_Philadelphia"
"2002041463","06","67","67301","67301","2001","12","1","0041","00","3","1","0","1","1","","","N","00","2","06","3","0","1","3","2","N","N","40 06:05.582","75 00:20.759","0041","","0041","","0","","N","","3 ","","","","","","","","","","2","2","0","0","0","0","0","0","0","0","0","1","1","0","0","0","0","0","1","0","0","0","0","0","0","0","0","0","0","0","0","0","0","0","0","4","0","40.1016","-75.006","","CRASH_2001_Philadelphia"
"2002043694","06","67","67301","67301","2001","11","6","1000","10","1","1","0","8","1","","","N","00","0","00","3","0","1","2","2","N","N","40 05:11.000","74 59:58.000","1150","","1139","","0","","N","","0 ","","","","","","","","","","1","1","0","0","0","0","0","0","0","0","0","1","1","0","0","0","0","0","0","0","0","0","0","1","0","0","0","0","0","0","0","0","1","0","0","4","0","40.0864","-74.9994","","CRASH_2001_Philadelphia"
"2002042078","06","67","67301","67301","2001","12","7","0320","03","3","1","0","6","1","","","N","01","2","00","3","0","0","2","2","N","N","40 02:20.735","75 06:36.378","0329","","0329","","0","","N","","3 ","","","","","","","","","","2","2","0","0","0","0","0","0","0","0","0","0","0","0","0","0","0","0","0","0","0","0","0","0","0","0","0","0","0","0","0","0","0","0","0","0","0","40.0392","-75.11","","CRASH_2001_Philadelphia"
"2001400382","06","67","67301","67301","2001","05","4","0535","05","1","1","0","4","1","","","N","01","2","00","3","1","1","2","2","N","N","40 02:51.360","75 03:35.640","9999","","9999","","0","","N","9","3 ","","","","","","","","","","2","1","0","0","0","0","0","1","0","0","1","0","1","0","0","0","0","0","0","0","0","0","0","2","1","0","0","0","0","0","0","0","0","0","0","1","0","40.0477","-75.0598","2 ","CRASH_2001_Philadelphia"
"2001239062","06","67","67301","67301","2001","04","1","1732","17","1","1","0","1","1","","","N","00","0","00","3","0","2","2","2","N","N","","","9999","","9999","","0","","N","","0 ","","","","","","","","","","1","1","0","0","0","0","0","0","1","0","0","2","2","0","0","0","0","0","0","0","0","0","0","0","0","0","0","0","0","0","0","0","0","0","0","4","0","","","","CRASH_2001_Philadelphia"
"2001244721","06","67","67301","67301","2001","05","7","1630","16","1","1","0","8","1","","","N","00","0","00","3","0","1","2","2","N","N","40 01:23.880","75 08:13.560","9999","","9999","","0","","N","","0 ","","","","","","","","","","1","1","0","0","0","0","0","0","0","0","0","1","1","0","0","0","0","0","0","0","0","0","0","0","0","0","0","0","0","0","0","0","1","0","0","4","0","40.0232","-75.1366","","CRASH_2001_Philadelphia"
"2001401412","06","67","67301","67301","2001","08","5","1802","18","1","1","0","8","1","","","N","00","0","00","3","1","0","2","2","N","N","","","9999","","9999","","0","","N","9","0 ","","","","","","","","","","1","0","0","0","0","0","0","0","0","0","0","0","0","0","0","0","0","0","0","0","0","0","0","0","0","0","0","0","0","0","0","0","1","1","0","1","0","","","9 ","CRASH_2001_Philadelphia"