"CRN","DISTRICT","COUNTY","MUNICIPALITY","POLICE_AGCY","CRASH_YEAR","CRASH_MONTH","DAY_OF_WEEK","TIME_OF_DAY","HOUR_OF_DAY","ILLUMINATION","WEATHER","ROAD_CONDITION","COLLISION_TYPE","RELATION_TO_ROAD","WORK_ZONE_TYPE","WORK_ZONE_LOC","WORK_ZONE_IND","INTERSECT_TYPE","TCD_TYPE","LOCATION_TYPE","URBAN_RURAL","FATAL_COUNT","INJURY_COUNT","PERSON_COUNT","TOTAL_UNITS","SCH_BUS_IND","SCH_ZONE_IND","LATITUDE","LONGITUDE","ARRIVAL_TM","CONS_ZONE_SPD_LIM","DISPATCH_TM","EST_HRS_CLOSED","LANE_CLOSED","LN_CLOSE_DIR","NTFY_HIWY_MAINT","SPEC_JURIS_CD","TCD_FUNC_CD","TFC_DETOUR_IND","WORKERS_PRES","WZ_CLOSE_DETOUR","WZ_FLAGGER","WZ_LAW_OFFCR_IND","WZ_LN_CLOSURE","WZ_MOVING","WZ_OTHER","WZ_SHLDER_MDN","VEHICLE_COUNT","AUTOMOBILE_COUNT","MOTORCYCLE_COUNT","BUS_COUNT","SMALL_TRUCK_COUNT","HEAVY_TRUCK_COUNT","SUV_COUNT","VAN_COUNT","BICYCLE_COUNT","MAJ_INJ_COUNT","MOD_INJ_COUNT","MIN_INJ_COUNT","TOT_INJ_COUNT","UNK_INJ_DEG_COUNT","UNK_INJ_PER_COUNT","DRIVER_COUNT_16YR","DRIVER_COUNT_17YR","DRIVER_COUNT_18YR","DRIVER_COUNT_19YR","DRIVER_COUNT_20YR","DRIVER_COUNT_50_64YR","DRIVER_COUNT_65_74YR","DRIVER_COUNT_75PLUS","UNBELTED_OCC_COUNT","UNB_DEATH_COUNT","UNB_MAJ_INJ_COUNT","BELTED_DEATH_COUNT","BELTED_MAJ_INJ_COUNT","MCYCLE_DEATH_COUNT","MCYCLE_MAJ_INJ_COUNT","BICYCLE_DEATH_COUNT","BICYCLE_MAJ_INJ_COUNT","PED_COUNT","PED_DEATH_COUNT","PED_MAJ_INJ_COUNT","MAX_SEVERITY_LEVEL","COMM_VEH_COUNT","DEC_LAT","DEC_LONG","RDWY_SURF_TYPE_CD","COUNTY_YEAR"
"2002010745","06","67","67301","67301","2001","06","2","1845","18","8","1","0","1","1","","","N","01","2","00","3","0","2","3","2","N","N","39 56:00.240","75 08:35.880","1853","","1850","","0","","N","","3 ","","","","","","","","","","2","1","0","0","0","1","0","0","0","0","0","2","2","0","0","0","0","0","0","0","0","0","0","0","0","0","0","0","0","0","0","0","0","0","0","4","0","39.9333","-75.1434","","CRASH_2001_Philadelphia"
"2001243640","06","67","67301","67301","2001","05","1","1650","16","1","1","0","7","2","","","N","00","0","00","3","0","2","2","1","N","N","","","9999","","9999","","0","","N","","0 ","","","","","","","","","","1","0","1","0","0","0","0","0","0","0","0","2","2","0","0","0","0","0","0","0","0","0","0","0","0","0","0","0","0","0","0","0","0","0","0","4","0","","","","CRASH_2001_Philadelphia"
"2002005848","06","67","67301","67301","2001","06","4","1547","15","1","1","1","8","1","","","N","00","0","00","3","0","1","2","2","N","N","","","1557","","1553","","0","","N","","0 ","","","","","","","","","","1","1","0","0","0","0","0","0","0","0","0","1","1","0","0","0","0","0","0","0","0","0","0","0","0","0","0","0","0","0","0","0","1","0","0","4","0","","","","CRASH_2001_Philadelphia"
"2001243078","06","67","67301","67301","2001","05","2","0708","07","1","1","0","4","1","","","N","01","2","00","3","0","3","4","2","N","N","39 57:20.880","75 12:56.160","9999","","9999","","0","","N","","3 ","","","","","","","","","","2","1","0","0","0","0","0","1","0","0","2","1","3","0","0","0","0","0","0","0","1","0","0","1","0","0","0","0","0","0","0","0","0","0","0","3","0","39.9557","-75.2156","","CRASH_2001_Philadelphia"
"2001243579","06","67","67301","67301","2001","05","2","1425","14","1","1","0","4","1","","","N","01","2","02","3","0","1","2","2","N","N","39 54:37.440","75 09:03.600","9999","","9999","","0","","N","","3 ","","","","","","","","","","2","1","0","0","0","0","1","0","0","0","1","0","1","0","0","0","0","0","0","0","0","0","0","0","0","0","0","0","0","0","0","0","0","0","0","3","0","39.9104","-75.151","","CRASH_2001_Philadelphia"
"2001266440","06","67","67301","67301","2001","07","7","1255","12","1","1","0","7","5","","","N","01","2","02","3","0","0","1","1","N","N","40 05:57.120","74 59:11.760","9999","","9999","","0","","N","","3 ","","","","","","","","","","1","1","0","0","0","0","0","0","0","0","0","0","0","0","0","0","0","1","0","0","0","0","0","0","0","0","0","0","0","0","0","0","0","0","0","0","0","40.0992","-74.9866","","CRASH_2001_Philadelphia"
"2001400380","06","67","67301","67301","2001","05","3","1422","14","1","2","1","8","1","","","N","01","2","00","3","1","1","4","4","N","N","40 00:12.600","75 10:53.760","9999","","9999","","0","","N","9","3 ","","","","","","","","","","2","2","0","0","0","0","0","0","0","1","0","0","1","0","0","0","0","0","0","0","1","0","0","0","0","0","0","0","0","0","0","0","2","1","1","1","0","40.0037","-75.1811","2 ","CRASH_2001_Philadelphia"
"2002018866","06","67","67301","67301","2001","08","7","1550","15","1","8","0","7","5","","","N","01","2","00","3","0","1","1","1","N","N","","","1556","","1554","","0","","N","","3 ","","","","","","","","","","1","1","0","0","0","0","0","0","0","0","0","1","1","0","0","0","0","0","0","0","0","0","0","0","0","0","0","0","0","0","0","0","0","0","0","4","0","","","","CRASH_2001_Philadelphia"
"2001283858","06","67","67301","67301","2001","04","5","1250","12","1","1","0","9","1","","","N","00","0","00","3","0","0","2","2","N","N","40 02:17.160","75 04:05.160","9999","","9999","","0","","N","","0 ","","","","","","","","","","2","1","0","0","0","0","0","0","0","0","0","0","0","0","0","0","0","0","0","0","0","0","0","0","0","0","0","0","0","0","0","0","0","0","0","0","0","40.0381","-75.068","","CRASH_2001_Philadelphia"
"2002020186","06","67","67301","67301","2001","06","7","1741","17","1","2","1","7","4","","","N","00","2","00","3","0","2","2","1","N","N","39 58:02.280","75 10:50.880","1743","","1741","","0","","N","","3 ","","","","","","","","","","1","1","0","0","0","0","0","0","0","0","2","0","2","0","0","0","0","0","0","0","0","0","0","0","0","0","0","0","0","0","0","0","0","0","0","3","0","39.9673","-75.181","","CRASH_2001_Philadelphia"
"2002023063","06","67","67301","67301","2001","08","6","1725","17","1","1","0","4","1","","","N","01","2","00","3","0","0","5","2","N","N","39 57:14.760","75 11:23.280","1735","","1730","","0","","N","","3 ","","","","","","","","","","2","2","0","0","0","0","0","0","0","0","0","0","0","0","0","0","0","0","0","0","0","0","0","0","0","0","0","0","0","0","0","0","0","0","0","0","0","39.9541","-75.1897","","CRASH_2001_Philadelphia"
"2001288453","06","67","67301","","2001","09","7","2045","20","3","1","0","1","1","","","N","01","2","00","3","0","3","4","2","N","N","40 02:12.120","75 11:15.000","9999","","9999","","0","","N","","3 ","","","","","","","","","","2","2","0","0","0","0","0","0","0","0","0","0","0","0","3","0","0","0","0","0","0","0","0","0","0","0","0","0","0","0","0","0","0","0","0","9","0","40.0367","-75.1875","","CRASH_2001_Philadelphia"
"2001243721","06","67","67301","67301","2001","05","6","1020","10","1","1","0","4","1","","","N","01","3","00","3","0","1","2","2","N","N","40 02:52.800","75 05:34.440","9999","","9999","","0","","N","","3 ","","","","","","","","","","2","0","0","0","0","0","0","2","0","0","0","0","0","0","1","0","0","0","0","0","1","0","0","0","0","0","0","0","0","0","0","0","0","0","0","9","0","40.048","-75.0928","","CRASH_2001_Philadelphia"
"2002004301","06","67","67301","67301","2001","06","2","0645","06","1","1","0","4","1","","","N","01","2","00","3","0","0","2","2","N","N","","","0652","","0650","","0","","N","","3 ","","","","","","","","","","2","2","0","0","0","0","0","0","0","0","0","0","0","0","0","0","0","0","0","0","1","0","0","0","0","0","0","0","0","0","0","0","0","0","0","0","0","","","","CRASH_2001_Philadelphia"
"2001244881","06","67","67301","67301","2001","05","4","1455","14","1","1","0","1","1","","","N","01","2","00","3","0","3","3","2","N","N","39 58:13.080","75 14:42.360","9999","","9999","","0","","N","","3 ","","","","","","","","","","2","1","0","0","0","0","0","1","0","0","0","2","2","0","1","0","0","0","0","0","0","0","0","0","0","0","0","0","0","0","0","0","0","0","0","4","0","39.9704","-75.2451","","CRASH_2001_Philadelphia"
"2001238220","06","67","67301","67301","2001","04","5","1715","17","1","1","0","4","1","","","N","01","2","00","3","0","1","2","2","N","N","40 02:33.720","75 06:48.960","9999","","9999","","0","","N","","3 ","","","","","","","","","","2","1","0","0","0","0","0","1","0","0","0","1","1","0","0","0","0","0","0","0","1","0","0","1","0","0","0","0","0","0","0","0","0","0","0","4","0","40.0427","-75.1136","","CRASH_2001_Philadelphia"
"2001243071","06","67","67301","67301","2001","05","7","1740","17","1","1","0","8","1","","","N","01","2","00","3","0","1","2","2","N","N","39 57:32.400","75 14:29.040","9999","","9999","","0","","N","","3 ","","","","","","","","","","1","1","0","0","0","0","0","0","0","1","0","0","1","0","0","0","0","0","0","0","0","0","0","0","0","0","0","0","0","0","0","0","1","0","1","2","0","39.9589","-75.2414","","CRASH_2001_Philadelphia"
"2002012790","06","67","67301","67301","2001","07","2","1854","18","1","1","0","8","1","","","N","01","2","00","3","0","1","2","2","N","N","40 03:24.680","75 11:17.583","1905","","1854","","0","","N","","3 ","","","","","","","","","","1","1","0","0","0","0","0","0","0","0","0","1","1","0","0","0","0","0","0","0","0","0","0","1","0","0","0","0","0","0","0","0","1","0","0","4","0","40.0569","-75.1881","","CRASH_2001_Philadelphia"
"2002004015","06","67","67301","67301","2001","06","6","1100","11","1","1","0","5","1","","","N","00","0","00","3","0","0","2","2","N","N","40 06:24.566","74 59:56.826","1115","","1103","","0","","N","","0 ","","","","","","","","","","2","1","0","0","0","0","0","0","0","0","0","0","0","0","2","0","0","0","0","0","0","0","0","0","0","0","0","0","0","0","0","0","0","0","0","9","0","40.1066","-74.9991","","CRASH_2001_Philadelphia"
"2002023764","06","67","67301","67301","2001","08","7","0636","06","1","1","0","1","1","","","N","00","0","00","3","0","2","3","2","N","N","40 00:12.846","75 04:36.852","0643","","0638","1","1","1","N","","0 ","Y","","","","","","","","","2","2","0","0","0","0","0","0","0","0","0","2","2","0","0","0","0","0","0","0","1","0","0","0","0","0","0","0","0","0","0","0","0","0","0","4","0","40.0035","-75.0772","","CRASH_2001_Philadelphia"
"2002023908","06","67","67301","67301","2001","08","3","1605","16","1","1","0","1","1","","","N","01","2","00","3","0","1","2","2","N","N","40 02:33.748","75 06:49.033","1625","","1620","","0","","N","","3 ","","","","","","","","","","2","2","0","0","0","0","0","0","0","0","0","1","1","0","0","0","0","0","0","0","0","0","1","0","0","0","0","0","0","0","0","0","0","0","0","4","0","40.0427","-75.1136","","CRASH_2001_Philadelphia"
"2002026454","06","67","67301","67301","2001","09","7","0325","03","3","1","0","7","2","","","N","01","2","00","3","0","1","1","1","N","N","","","0355","","0354","","0","","N","","3 ","","","","","","","","","","1","0","0","0","0","1","0","0","0","0","0","1","1","0","0","0","0","0","0","0","0","0","0","0","0","0","0","0","0","0","0","0","0","0","0","4","1","","","","CRASH_2001_Philadelphia"
"2002032120","06","67","67301","37301","2001","10","4","1030","10","1","1","0","8","2","","","N","01","0","00","3","0","1","2","2","N","N","39 58:45.714","75 09:46.247","1313","","1307","","0","","N","","0 ","","","","","","","","","","1","1","0","0","0","0","0","0","0","0","0","1","1","0","1","0","0","0","0","0","0","0","0","0","0","0","0","0","0","0","0","0","1","0","0","4","0","39.9799","-75.1674","","CRASH_2001_Philadelphia"
"2002005858","06","67","67301","67301","2001","11","6","1850","18","3","1","0","1","1","","","N","10","0","00","3","0","0","3","3","N","N","39 52:34.707","75 15:32.091","1900","","1850","","0","","N","","0 ","","","","","","","","","","3","3","0","0","0","0","0","0","0","0","0","0","0","0","0","1","0","0","0","0","0","0","0","0","0","0","0","0","0","0","0","0","0","0","0","0","0","39.8763","-75.2594","","CRASH_2001_Philadelphia"
"2002014625","06","67","67301","67301","2001","07","6","1503","15","1","1","0","5","1","","","N","00","0","00","3","0","2","6","3","N","N","40 01:11.430","75 08:56.674","1507","","1504","1","2","1","N","","0 ","N","","","","","","","","","3","3","0","0","0","0","0","0","0","0","0","2","2","0","0","0","0","0","0","0","0","0","0","0","0","0","0","0","0","0","0","0","0","0","0","4","0","40.0197","-75.149","","CRASH_2001_Philadelphia"
"2001400993","06","67","67301","67301","2001","06","3","0900","09","1","1","0","4","1","","","N","01","0","00","3","1","1","2","2","N","N","39 59:25.216","75 13:13.303","9999","","9999","","0","","N","9","0 ","","","","","","","","","","2","2","0","0","0","0","0","0","0","0","1","0","1","0","0","0","0","0","0","0","0","0","0","0","0","0","0","0","0","0","0","0","0","0","0","1","0","39.9903","-75.2204","9 ","CRASH_2001_Philadelphia"
"2002010720","06","67","67301","67301","2001","06","6","1900","19","1","2","1","8","1","","","N","01","2","00","3","0","1","2","2","N","N","40 01:27.308","75 08:00.707","1520","","1511","","0","","N","","3 ","","","","","","","","","","1","1","0","0","0","0","0","0","0","0","1","0","1","0","0","0","0","0","0","0","0","0","0","0","0","0","0","0","0","0","0","0","1","0","0","3","0","40.0242","-75.133","","CRASH_2001_Philadelphia"
"2002016799","06","67","67301","67301","2001","07","7","2030","20","3","1","0","2","1","","","N","01","2","00","3","0","5","5","2","N","N","","","2300","","2055","","0","","N","","3 ","","","","","","","","","","2","2","0","0","0","0","0","0","0","0","2","3","5","0","0","0","0","0","0","0","0","0","0","0","0","0","0","0","0","0","0","0","0","0","0","3","0","","","","CRASH_2001_Philadelphia"
"2002017270","06","67","67301","67301","2001","07","1","2230","22","3","1","1","1","6","","","N","00","0","00","3","0","3","3","2","N","N","40 01:42.242","75 06:32.128","2340","","2340","3","1","2","N","","0 ","Y","","","","","","","","","2","2","0","0","0","0","0","0","0","0","0","3","3","0","0","0","0","1","0","0","0","0","0","0","0","0","0","0","0","0","0","0","0","0","0","4","0","40.0286","-75.1088","","CRASH_2001_Philadelphia"
"2002025022","06","67","67301","67301","2001","09","7","2243","22","3","1","0","4","1","","","N","01","2","00","3","0","5","7","3","N","N","40 00:37.468","75 04:45.278","2245","","0043","1","2","5","N","","3 ","Y","","","","","","","","","3","3","0","0","0","0","0","0","0","0","0","5","5","0","0","0","0","0","1","0","0","0","0","4","0","0","0","0","0","0","0","0","0","0","0","4","0","40.0104","-75.0792","","CRASH_2001_Philadelphia"
"2002037797","06","67","67301","67301","2001","11","6","2244","22","3","1","0","4","6","","","N","00","0","00","3","0","1","1","3","N","N","","","2256","","2251","","0","","N","","0 ","","","","","","","","","","3","2","0","1","0","0","0","0","0","0","0","1","1","0","0","0","0","0","0","0","0","0","0","0","0","0","0","0","0","0","0","0","0","0","0","4","1","","","","CRASH_2001_Philadelphia"
"2002041660","06","67","67301","67301","2001","12","5","0953","09","1","1","0","2","1","","","N","02","3","00","3","0","1","3","2","N","N","39 58:12.043","75 09:32.061","0955","","0953","","0","","N","","3 ","","","","","","","","","","2","2","0","0","0","0","0","0","0","0","0","1","1","0","0","0","0","0","0","0","0","1","0","0","0","0","0","0","0","0","0","0","0","0","0","4","0","39.97","-75.1589","","CRASH_2001_Philadelphia"
"2001244699","06","67","67301","67301","2001","05","6","1855","18","1","1","0","7","1","","","N","00","0","00","3","0","1","1","1","N","N","","","9999","","9999","","0","","N","","0 ","","","","","","","","","","1","1","0","0","0","0","0","0","0","0","0","1","1","0","0","0","0","0","0","0","0","0","0","0","0","0","0","0","0","0","0","0","0","0","0","4","0","","","","CRASH_2001_Philadelphia"
"2001400510","06","67","67301","67301","2001","05","4","1610","16","1","1","0","7","1","","","N","00","0","00","3","1","0","1","1","N","N","","","9999","","9999","","0","","N","9","0 ","","","","","","","","","","1","1","0","0","0","0","0","0","0","0","0","0","0","0","0","0","0","0","0","0","0","0","0","0","0","0","1","0","0","0","0","0","0","0","0","1","0","","","9 ","CRASH_2001_Philadelphia"
"2002016725","06","67","67301","67301","2001","07","2","0800","08","1","1","0","8","1","","","N","01","2","00","3","0","1","2","2","N","N","39 57:06.723","75 11:04.360","0812","","0811","","0","","N","","3 ","","","","","","","","","","1","1","0","0","0","0","0","0","0","0","0","1","1","0","0","0","0","0","0","0","0","0","0","0","0","0","0","0","0","0","0","0","1","0","0","4","0","39.9533","-75.1838","","CRASH_2001_Philadelphia"
"2002019700","06","67","67301","46104","2001","08","4","1008","10","1","1","0","7","5","","","N","00","0","00","3","0","0","1","1","N","N","39 59:01.938","75 15:40.851","1011","","1008","","0","","N","","0 ","","","","","","","","","","1","1","0","0","0","0","0","0","0","0","0","0","0","0","0","0","0","0","0","0","0","0","0","0","0","0","0","0","0","0","0","0","0","0","0","0","0","39.9839","-75.2614","","CRASH_2001_Philadelphia"
"2001244733","06","67","67301","67301","2001","05","4","1738","17","1","1","0","1","1","","","N","00","0","00","3","0","1","2","2","N","N","40 04:49.080","75 01:40.080","9999","","9999","","0","","N","","0 ","","","","","","","","","","2","0","0","0","2","0","0","0","0","0","0","0","0","0","1","0","0","0","0","0","0","0","0","0","0","0","0","0","0","0","0","0","0","0","0","9","0","40.0804","-75.0279","","CRASH_2001_Philadelphia"
"2002028502","06","67","67301","67301","2001","09","7","0130","01","6","8","8","4","1","","","N","01","3","00","3","0","3","5","3","N","N","39 56:43.479","75 09:50.266","0135","","0130","","0","","N","","9 ","","","","","","","","","","3","3","0","0","0","0","0","0","0","0","0","3","3","0","0","0","0","0","0","0","0","0","0","0","0","0","0","0","0","0","0","0","0","0","0","4","0","39.9454","-75.164","","CRASH_2001_Philadelphia"
"2001243277","06","67","67301","67301","2001","04","6","1155","11","1","2","1","4","1","1","8","Y","01","2","00","3","0","0","2","2","N","N","40 01:32.520","75 07:31.800","9999","99","9999","","0","","N","","3 ","","U","","","U","","","","","2","1","0","0","0","0","0","0","0","0","0","0","0","0","0","0","0","0","0","0","0","0","0","0","0","0","0","0","0","0","0","0","0","0","0","0","0","40.0257","-75.1255","","CRASH_2001_Philadelphia"
"2001243641","06","67","67301","67301","2001","05","6","1935","19","4","1","0","9","1","","","N","00","0","00","3","0","0","1","3","N","N","","","9999","","9999","","0","","N","","0 ","","","","","","","","","","3","1","0","0","0","0","0","0","0","0","0","0","0","0","0","0","0","0","0","0","1","0","0","0","0","0","0","0","0","0","0","0","0","0","0","0","0","","","","CRASH_2001_Philadelphia"
"2001244611","06","67","67301","67301","2001","04","7","1935","19","4","1","0","1","1","","","N","01","2","00","3","0","1","5","2","N","N","","","9999","","9999","","0","","N","","3 ","","","","","","","","","","2","1","0","0","0","0","1","0","0","0","0","1","1","0","0","0","0","0","0","0","0","0","0","0","0","0","0","0","0","0","0","0","0","0","0","4","0","","","","CRASH_2001_Philadelphia"
"2001287520","06","67","67301","","2001","02","3","1845","18","1","1","0","1","1","","","N","01","0","00","3","0","2","2","2","N","N","","","9999","","9999","","0","","N","","0 ","","","","","","","","","","2","1","0","0","0","0","0","0","0","0","1","0","1","0","1","0","0","0","0","0","0","0","0","0","0","0","0","0","0","0","0","0","0","0","0","3","0","","","","CRASH_2001_Philadelphia"
"2001244860","06","67","67301","67301","2001","05","5","1755","17","1","1","0","4","1","","","N","01","2","00","3","0","1","3","2","N","N","","","9999","","9999","","0","","N","","3 ","","","","","","","","","","1","1","0","0","0","0","0","0","1","0","0","1","1","0","0","0","0","0","0","0","0","0","0","2","0","0","0","0","0","0","0","0","0","0","0","4","0","","","","CRASH_2001_Philadelphia"
"2001288471","06","67","67301","","2001","10","2","2030","20","9","9","0","1","1","","","N","00","0","00","3","0","1","4","3","N","N","39 58:31.440","75 11:24.360","9999","","9999","","0","","N","","0 ","","","","","","","","","","3","1","0","0","0","0","0","0","0","1","0","0","1","0","0","0","0","0","0","0","0","0","0","0","0","0","0","1","0","0","0","0","0","0","0","2","0","39.9754","-75.1903","","CRASH_2001_Philadelphia"
"2001401159","06","67","67301","67301","2001","09","6","1200","12","1","1","0","7","2","","","N","00","0","00","3","1","0","1","1","N","N","40 03:46.080","75 01:19.200","9999","","9999","","0","","N","9","0 ","","","","","","","","","","1","1","0","0","0","0","0","0","0","0","0","0","0","0","0","0","0","0","0","0","0","1","0","0","0","0","1","0","0","0","0","0","0","0","0","1","0","40.0629","-75.0219","2 ","CRASH_2001_Philadelphia"
"2001239085","06","67","67301","67301","2001","04","1","1530","15","1","1","0","8","1","","","N","00","0","00","3","0","1","2","2","N","N","","","9999","","9999","","0","","N","","0 ","","","","","","","","","","1","1","0","0","0","0","0","0","0","0","1","0","1","0","0","0","0","0","0","0","0","0","0","0","0","0","0","0","0","0","0","0","1","0","0","3","0","","","","CRASH_2001_Philadelphia"
"2002020129","06","67","67301","67301","2001","08","2","1945","19","4","1","0","6","1","","","N","01","2","00","3","0","1","2","2","N","N","39 57:13.000","75 08:34.000","1945","","1945","","0","","Y","","3 ","","","","","","","","","","1","0","0","0","1","0","0","0","1","0","1","0","1","0","0","0","0","0","0","0","0","0","0","0","0","0","0","0","0","0","0","0","0","0","0","3","0","39.9536","-75.1428","","CRASH_2001_Philadelphia"
"2002028271","06","67","67301","67301","2001","09","2","2340","23","3","2","1","4","1","","","N","01","2","00","3","0","0","4","2","N","N","40 02:39.676","75 03:14.664","1201","","2357","","0","","N","","3 ","","","","","","","","","","2","2","0","0","0","0","0","0","0","0","0","0","0","0","0","0","0","0","0","0","0","0","0","0","0","0","0","0","0","0","0","0","0","0","0","0","0","40.0446","-75.0547","","CRASH_2001_Philadelphia"
"2002034598","06","67","67301","67301","2001","11","2","0905","09","1","1","0","7","9","","","N","01","2","00","3","0","1","2","1","N","N","40 00:13.422","75 05:39.817","0915","","0910","","0","","N","","3 ","","","","","","","","","","1","1","0","0","0","0","0","0","0","0","0","1","1","0","0","0","0","0","0","0","0","0","0","0","0","0","0","0","0","0","0","0","0","0","0","4","0","40.0037","-75.0944","","CRASH_2001_Philadelphia"
"2002003970","06","67","67301","67301","2001","06","1","1630","16","1","1","0","8","1","","","N","02","0","00","3","0","1","2","2","N","N","40 01:51.000","75 09:49.000","1704","","1701","","0","","N","","0 ","","","","","","","","","","1","1","0","0","0","0","0","0","0","0","0","1","1","0","0","0","0","0","0","0","0","0","0","0","0","0","0","0","0","0","0","0","1","0","0","4","0","40.0308","-75.1636","","CRASH_2001_Philadelphia"
"2002023599","06","67","67301","67301","2001","09","7","0158","01","6","1","0","8","1","","","N","00","0","00","3","0","1","2","2","N","N","40 03:45.000","75 09:07.000","0200","","0158","","0","","N","","0 ","","","","","","","","","","1","1","0","0","0","0","0","0","0","1","0","0","1","0","0","0","0","1","0","0","0","0","0","0","0","0","0","0","0","0","0","0","1","0","1","2","0","40.0625","-75.1519","","CRASH_2001_Philadelphia"
"2002028261","06","67","67301","67301","2001","09","1","1100","11","1","1","0","4","1","","","N","02","0","00","3","0","2","2","2","N","N","40 04:09.907","75 04:07.897","1104","","1102","1","2","3","N","","0 ","Y","","","","","","","","","2","2","0","0","0","0","0","0","0","0","0","2","2","0","0","0","0","0","0","0","0","0","1","0","0","0","0","0","0","0","0","0","0","0","0","4","0","40.0695","-75.0689","","CRASH_2001_Philadelphia"
"2001233170","06","67","67301","67301","2001","04","2","1940","19","3","1","0","4","1","","","N","01","3","00","3","0","1","4","2","N","N","40 01:26.904","75 05:09.545","9999","","9999","","0","","N","","3 ","","","","","","","","","","2","2","0","0","0","0","0","0","0","0","1","0","1","0","0","0","0","1","0","0","0","0","0","0","0","0","0","0","0","0","0","0","0","0","0","3","0","40.0241","-75.086","","CRASH_2001_Philadelphia"
"2001244787","06","67","67301","67301","2001","05","6","2019","20","3","1","0","8","1","","","N","02","3","00","3","0","1","2","2","N","N","40 02:39.480","75 13:03.720","9999","","9999","","0","","N","","3 ","","","","","","","","","","1","1","0","0","0","0","0","0","0","0","0","0","0","0","1","0","0","0","0","0","0","0","0","0","0","0","0","0","0","0","0","0","1","0","0","9","0","40.0446","-75.2177","","CRASH_2001_Philadelphia"
"2001265481","06","67","67301","67301","2001","06","7","1640","16","1","1","0","4","1","","","N","01","0","00","3","0","1","4","2","N","N","40 01:03.000","75 09:01.800","9999","","9999","","0","","N","","0 ","","","","","","","","","","1","0","0","0","0","0","1","0","1","0","0","1","1","0","0","0","0","0","0","0","0","0","0","1","0","0","0","0","0","0","0","0","0","0","0","4","0","40.0175","-75.1504","","CRASH_2001_Philadelphia"
"2002001077","06","67","67301","67301","2001","06","5","2000","20","1","1","0","4","1","","","N","01","2","00","3","0","1","2","2","N","N","","","2010","","2000","","0","","N","","3 ","","","","","","","","","","1","1","0","0","0","0","0","0","1","0","0","1","1","0","0","0","0","0","0","0","0","0","1","0","0","0","0","0","0","0","0","0","0","0","0","4","0","","","","CRASH_2001_Philadelphia"
"2001240213","06","67","67301","67301","2001","04","7","1255","12","1","1","0","4","1","","","N","01","2","00","3","0","1","4","2","N","N","","","9999","","9999","","0","","N","","3 ","","","","","","","","","","2","1","0","0","0","0","0","1","0","0","1","0","1","0","0","0","0","0","0","0","0","0","0","0","0","0","0","0","0","0","0","0","0","0","0","3","0","","","","CRASH_2001_Philadelphia"
"2002039362","06","67","67301","67301","2001","11","4","0220","02","2","1","0","7","5","","","N","00","0","00","3","0","0","1","1","N","N","39 58:39.360","75 12:03.600","0230","","0220","","0","","N","","0 ","","","","","","","","","","1","1","0","0","0","0","0","0","0","0","0","0","0","0","1","0","0","0","0","0","0","0","0","0","0","0","0","0","0","0","0","0","0","0","0","9","0","39.9776","-75.201","","CRASH_2001_Philadelphia"
"2001238913","06","67","67301","67301","2001","04","4","1915","19","1","1","0","1","1","","","N","00","0","00","3","0","0","4","3","N","N","","","9999","","9999","","0","","N","","0 ","","","","","","","","","","3","1","0","0","0","0","1","1","0","0","0","0","0","0","0","0","0","0","0","0","0","0","0","0","0","0","0","0","0","0","0","0","0","0","0","0","0","","","","CRASH_2001_Philadelphia"
"2001248703","06","67","67301","67301","2001","05","4","0259","02","2","1","0","7","1","","","N","01","2","00","3","0","1","2","2","N","N","39 57:14.760","75 10:40.440","9999","","9999","","0","","N","","3 ","","","","","","","","","","1","0","0","0","1","0","0","0","0","0","0","1","1","0","0","0","0","0","0","0","0","0","0","0","0","0","0","0","0","0","0","0","1","0","0","4","0","39.9542","-75.1778","","CRASH_2001_Philadelphia"
"2001283853","06","67","67301","67301","2001","03","4","1915","19","3","1","0","4","1","","","N","01","2","00","3","0","2","4","3","N","N","40 03:03.078","75 04:38.830","9999","","9999","","0","","N","","3 ","","","","","","","","","","3","2","0","0","0","0","0","0","0","1","1","0","2","0","0","0","0","0","0","0","0","0","0","0","0","0","0","0","0","0","0","0","0","0","0","2","0","40.0509","-75.0775","","CRASH_2001_Philadelphia"
"2002017553","06","67","67301","67301","2001","08","4","0645","06","1","1","0","3","6","","","N","00","0","00","3","0","0","2","2","N","N","39 55:32.523","75 14:04.136","0707","","0627","","0","","N","","0 ","","","","","","","","","","2","2","0","0","0","0","0","0","0","0","0","0","0","0","0","0","0","0","0","0","0","0","0","1","0","0","0","0","0","0","0","0","0","0","0","0","0","39.9256","-75.2344","","CRASH_2001_Philadelphia"
"2001283881","06","67","67301","67301","2001","04","7","0810","08","1","1","0","8","1","","","N","01","2","07","3","0","2","3","3","N","N","39 58:23.520","75 12:43.560","9999","","9999","","0","","N","","3 ","","","","","","","","","","2","1","0","0","0","0","0","0","0","0","1","1","2","0","0","0","0","0","0","0","1","0","0","0","0","0","0","0","0","0","0","0","1","0","0","3","0","39.9732","-75.2122","","CRASH_2001_Philadelphia"
"2002012686","06","67","67301","67301","2001","07","6","0126","01","3","1","0","1","1","","","N","02","2","07","3","0","0","3","2","N","N","39 58:23.776","75 07:22.670","0130","","0126","","0","","N","","3 ","","","","","","","","","","2","2","0","0","0","0","0","0","0","0","0","0","0","0","0","0","0","0","0","0","0","0","0","3","0","0","0","0","0","0","0","0","0","0","0","0","0","39.9746","-75.1217","","CRASH_2001_Philadelphia"