"CRN","DISTRICT","COUNTY","MUNICIPALITY","POLICE_AGCY","CRASH_YEAR","CRASH_MONTH","DAY_OF_WEEK","TIME_OF_DAY","HOUR_OF_DAY","ILLUMINATION","WEATHER","ROAD_CONDITION","COLLISION_TYPE","RELATION_TO_ROAD","WORK_ZONE_TYPE","WORK_ZONE_LOC","WORK_ZONE_IND","INTERSECT_TYPE","TCD_TYPE","LOCATION_TYPE","URBAN_RURAL","FATAL_COUNT","INJURY_COUNT","PERSON_COUNT","TOTAL_UNITS","SCH_BUS_IND","SCH_ZONE_IND","LATITUDE","LONGITUDE","ARRIVAL_TM","CONS_ZONE_SPD_LIM","DISPATCH_TM","EST_HRS_CLOSED","LANE_CLOSED","LN_CLOSE_DIR","NTFY_HIWY_MAINT","SPEC_JURIS_CD","TCD_FUNC_CD","TFC_DETOUR_IND","WORKERS_PRES","WZ_CLOSE_DETOUR","WZ_FLAGGER","WZ_LAW_OFFCR_IND","WZ_LN_CLOSURE","WZ_MOVING","WZ_OTHER","WZ_SHLDER_MDN","VEHICLE_COUNT","AUTOMOBILE_COUNT","MOTORCYCLE_COUNT","BUS_COUNT","SMALL_TRUCK_COUNT","HEAVY_TRUCK_COUNT","SUV_COUNT","VAN_COUNT","BICYCLE_COUNT","MAJ_INJ_COUNT","MOD_INJ_COUNT","MIN_INJ_COUNT","TOT_INJ_COUNT","UNK_INJ_DEG_COUNT","UNK_INJ_PER_COUNT","DRIVER_COUNT_16YR","DRIVER_COUNT_17YR","DRIVER_COUNT_18YR","DRIVER_COUNT_19YR","DRIVER_COUNT_20YR","DRIVER_COUNT_50_64YR","DRIVER_COUNT_65_74YR","DRIVER_COUNT_75PLUS","UNBELTED_OCC_COUNT","UNB_DEATH_COUNT","UNB_MAJ_INJ_COUNT","BELTED_DEATH_COUNT","BELTED_MAJ_INJ_COUNT","MCYCLE_DEATH_COUNT","MCYCLE_MAJ_INJ_COUNT","BICYCLE_DEATH_COUNT","BICYCLE_MAJ_INJ_COUNT","PED_COUNT","PED_DEATH_COUNT","PED_MAJ_INJ_COUNT","MAX_SEVERITY_LEVEL","COMM_VEH_COUNT","DEC_LAT","DEC_LONG","RDWY_SURF_TYPE_CD","COUNTY_YEAR"
"2002004012","06","67","67301","67301","2001","06","4","1231","12","1","1","0","1","1","1","8","Y","01","2","00","3","0","2","4","2","N","N","39 57:07.596","75 09:40.915","1301","99","1254","","0","","N","","3 ","","U","","","U","","","","","2","1","0","1","0","0","0","0","0","0","0","2","2","0","0","0","0","0","0","0","0","0","0","0","0","0","0","0","0","0","0","0","0","0","0","4","1","39.9521","-75.1615","","CRASH_2001_Philadelphia"
"2002028562","06","67","67301","67301","2001","09","3","1430","14","1","1","0","6","1","","","N","01","2","00","3","0","1","3","2","N","N","40 01:59.105","75 10:52.869","1435","","1432","","0","","N","","3 ","","","","","","","","","","2","2","0","0","0","0","0","0","0","0","1","0","1","0","1","0","0","0","0","0","0","0","0","0","0","0","0","0","0","0","0","0","0","0","0","3","0","40.0331","-75.1812","","CRASH_2001_Philadelphia"
"2002027526","06","67","67301","67301","2001","09","2","0850","08","1","1","0","8","2","","","N","00","0","07","3","0","1","2","2","N","N","39 55:32.000","75 10:14.000","0910","","0910","","0","","N","","0 ","","","","","","","","","","1","1","0","0","0","0","0","0","1","0","0","1","1","0","0","0","0","0","0","0","1","0","0","0","0","0","0","0","0","0","0","0","0","0","0","4","0","39.9256","-75.1706","","CRASH_2001_Philadelphia"
"2002005847","06","67","67301","67301","2001","06","4","1349","13","1","1","0","8","1","","","N","10","0","00","3","0","1","2","2","N","N","","","1430","","1415","","0","","N","","0 ","","","","","","","","","","1","0","0","0","1","0","0","0","0","0","0","1","1","0","0","0","0","0","0","0","0","0","0","0","0","0","0","0","0","0","0","0","1","0","0","4","0","","","","CRASH_2001_Philadelphia"
"2002005850","06","67","67301","67301","2001","10","2","1128","11","1","1","0","4","1","","","N","01","2","00","3","0","0","2","2","N","N","39 55:22.934","75 13:45.206","1140","","1133","","0","","N","","3 ","","","","","","","","","","2","2","0","0","0","0","0","0","0","0","0","0","0","0","0","0","1","0","0","0","0","0","0","0","0","0","0","0","0","0","0","0","0","0","0","0","0","39.9231","-75.2291","","CRASH_2001_Philadelphia"
"2002017193","06","67","67301","67301","2001","07","5","1600","16","1","1","0","1","9","","","N","01","0","00","3","0","0","1","2","N","N","40 01:32.118","75 07:20.418","1600","","1551","2","2","2","N","","0 ","N","","","","","","","","","2","1","0","0","0","0","0","0","0","0","0","0","0","0","1","0","0","0","0","0","1","0","0","1","0","0","0","0","0","0","0","0","0","0","0","9","0","40.0255","-75.1224","","CRASH_2001_Philadelphia"
"2002034678","06","67","67301","67301","2001","11","6","1548","15","1","1","0","4","1","","","N","06","4","02","3","0","0","4","2","N","N","40 05:03.840","74 58:08.400","1555","","1550","2","1","3","Y","","2 ","Y","","","","","","","","","2","2","0","0","0","0","0","0","0","0","0","0","0","0","0","0","0","0","0","0","0","0","0","0","0","0","0","0","0","0","0","0","0","0","0","0","0","40.0844","-74.969","","CRASH_2001_Philadelphia"
"2002038306","06","67","67301","67301","2001","12","2","1410","14","1","1","0","4","1","","","N","01","2","00","3","0","1","2","2","N","N","40 05:45.325","74 58:35.462","1559","","1555","","0","","N","","3 ","","","","","","","","","","2","2","0","0","0","0","0","0","0","0","0","1","1","0","0","0","0","0","0","0","0","0","1","0","0","0","0","0","0","0","0","0","0","0","0","4","0","40.0959","-74.9768","","CRASH_2001_Philadelphia"
"2002038337","06","67","67301","67301","2001","12","6","2225","22","3","1","0","5","1","","","N","07","0","02","3","0","0","2","2","N","N","39 55:24.104","75 11:30.387","1025","","1020","","0","","N","","0 ","","","","","","","","","","2","2","0","0","0","0","0","0","0","0","0","0","0","0","0","0","0","0","0","0","1","0","0","0","0","0","0","0","0","0","0","0","0","0","0","0","0","39.9249","-75.1934","","CRASH_2001_Philadelphia"
"2002039515","06","67","67301","67301","2001","11","5","1150","11","1","1","0","2","1","","","N","01","0","00","3","0","1","2","2","N","N","40 02:14.856","75 02:20.018","1317","","1315","","0","","N","","0 ","","","","","","","","","","2","1","1","0","0","0","0","0","0","0","0","1","1","0","0","0","0","0","0","0","0","0","0","0","0","0","0","0","0","0","0","0","0","0","0","4","0","40.0375","-75.0388","","CRASH_2001_Philadelphia"
"2005125245","06","67","67301","67301","2001","10","6","1142","11","1","1","0","7","5","","","N","01","3","00","3","0","1","1","1","N","N","39 58:41.401","75 14:50.546","1153","","1153","","0","","N","","3 ","","","","","","","","","","1","1","0","0","0","0","0","0","0","0","0","0","1","1","0","0","0","0","1","0","0","0","0","0","0","0","0","0","0","0","0","0","0","0","0","8","0","39.9782","-75.2474","","CRASH_2001_Philadelphia"
"2002035695","06","67","67301","67301","2001","11","6","0245","02","6","1","0","6","1","","","N","01","2","00","3","0","0","2","2","N","N","40 00:26.697","75 04:41.103","0300","","0245","","0","","N","","3 ","","","","","","","","","","2","2","0","0","0","0","0","0","0","0","0","0","0","0","0","0","0","0","0","0","0","0","0","1","0","0","0","0","0","0","0","0","0","0","0","0","0","40.0074","-75.0781","","CRASH_2001_Philadelphia"
"2002037107","06","67","67301","67301","2001","11","5","1200","12","1","2","1","2","1","","","N","01","0","00","3","0","0","4","2","N","N","39 55:59.017","75 14:18.223","1213","","1208","","0","","N","","0 ","","","","","","","","","","2","2","0","0","0","0","0","0","0","0","0","0","0","0","0","0","0","0","0","0","1","0","0","0","0","0","0","0","0","0","0","0","0","0","0","0","0","39.933","-75.2383","","CRASH_2001_Philadelphia"
"2002042145","06","67","67301","67301","2001","12","6","1720","17","3","2","1","4","1","","","N","02","0","00","3","0","3","5","2","N","N","40 02:18.845","75 04:41.921","1725","","1725","","0","","N","","0 ","","","","","","","","","","2","2","0","0","0","0","0","0","0","0","0","3","3","0","0","0","0","0","0","0","1","0","0","0","0","0","0","0","0","0","0","0","0","0","0","4","0","40.0386","-75.0782","","CRASH_2001_Philadelphia"
"2002044408","06","67","67301","67301","2001","11","7","1205","12","1","1","0","4","1","","","N","01","2","00","3","0","1","2","2","N","N","39 56:58.672","75 12:33.231","1210","","1205","","0","","N","","3 ","","","","","","","","","","2","2","0","0","0","0","0","0","0","0","0","1","1","0","0","0","0","0","0","0","0","0","0","0","0","0","0","0","0","0","0","0","0","0","0","4","0","39.9495","-75.2093","","CRASH_2001_Philadelphia"
"2002007873","06","67","67301","67301","2001","06","7","1945","19","4","2","1","4","1","","","N","05","2","00","3","0","1","2","2","N","N","39 59:13.204","75 07:21.282","1950","","1948","","0","","N","","3 ","","","","","","","","","","2","0","0","0","2","0","0","0","0","0","0","1","1","0","0","0","0","0","0","0","0","0","0","0","0","0","0","0","0","0","0","0","0","0","0","4","0","39.987","-75.1224","","CRASH_2001_Philadelphia"
"2002012716","06","67","67301","67301","2001","05","5","1445","14","1","1","0","4","1","","","N","01","2","00","3","0","1","2","2","N","N","39 59:28.301","75 10:54.205","1542","","1536","","0","","N","","3 ","","","","","","","","","","1","0","0","0","0","0","0","0","1","0","0","1","1","0","0","0","0","0","0","0","0","0","0","0","0","0","0","0","0","0","0","0","0","0","0","4","0","39.9912","-75.1815","","CRASH_2001_Philadelphia"
"2002025540","06","67","67301","67301","2001","08","1","1545","15","1","2","1","1","1","1","8","Y","02","2","00","3","0","2","3","2","N","N","40 02:24.601","75 12:50.236","1550","99","1550","","0","","N","","3 ","","N","","","U","","","","Y","2","2","0","0","0","0","0","0","0","0","0","2","2","0","1","0","0","0","0","0","0","0","0","0","0","0","0","0","0","0","0","0","0","0","0","4","0","40.0403","-75.2142","","CRASH_2001_Philadelphia"
"2002011310","06","67","67301","67501","2001","07","3","0630","06","1","1","0","1","1","","","N","00","8","03","3","0","0","4","4","N","N","39 54:26.000","75 08:31.000","0634","","9999","","0","","N","","3 ","","","","","","","","","","4","3","0","0","1","0","0","0","0","0","0","0","0","0","1","0","0","0","0","0","0","0","0","0","0","0","0","0","0","0","0","0","0","0","0","9","0","39.9072","-75.1419","","CRASH_2001_Philadelphia"
"2002012248","06","67","67301","67301","2001","06","7","1421","14","1","2","1","1","2","","","N","00","0","00","3","0","6","8","2","N","N","40 01:10.772","75 08:45.146","1428","","1423","","0","","N","","0 ","","","","","","","","","","2","1","0","0","1","0","0","0","0","0","0","6","6","0","0","0","0","0","0","0","0","0","0","2","0","0","0","0","0","0","0","0","0","0","0","4","0","40.0195","-75.1459","","CRASH_2001_Philadelphia"
"2002010489","06","67","67301","67301","2001","06","7","0144","01","6","1","0","8","1","","","N","01","2","00","3","0","1","2","2","N","N","39 57:45.697","75 14:48.482","0148","","0144","","0","","N","","3 ","","","","","","","","","","1","1","0","0","0","0","0","0","0","0","1","0","1","0","0","0","0","0","0","0","1","0","0","0","0","0","0","0","0","0","0","0","1","0","0","3","0","39.9626","-75.2468","","CRASH_2001_Philadelphia"
"2002017905","06","67","67301","67301","2001","07","3","1533","15","1","1","0","6","1","","","N","01","2","00","3","0","3","3","2","N","N","40 00:43.158","75 10:34.447","1533","","1533","","0","","N","","9 ","","","","","","","","","","2","2","0","0","0","0","0","0","0","0","3","0","3","0","0","0","0","0","0","0","0","1","0","0","0","0","0","0","0","0","0","0","0","0","0","3","0","40.012","-75.176","","CRASH_2001_Philadelphia"
"2001400745","06","67","67301","67301","2001","09","2","0200","02","3","1","0","4","1","","","N","02","3","00","3","1","0","2","2","N","N","","","9999","","9999","","0","","N","9","3 ","","","","","","","","","","2","1","1","0","0","0","0","0","0","0","0","0","0","0","0","0","0","0","0","0","0","0","0","0","0","0","0","0","1","0","0","0","0","0","0","1","0","","","9 ","CRASH_2001_Philadelphia"
"2002017166","06","67","67301","67301","2001","07","4","1531","15","1","1","0","1","1","","","N","00","0","00","3","0","1","3","2","N","N","40 04:28.920","75 02:06.000","1533","","1533","","0","","N","","0 ","","","","","","","","","","2","2","0","0","0","0","0","0","0","0","0","1","1","0","0","0","0","0","0","0","1","0","0","0","0","0","0","0","0","0","0","0","0","0","0","4","0","40.0747","-75.035","","CRASH_2001_Philadelphia"
"2001287513","06","67","67301","","2001","02","5","9999","99","9","4","3","7","1","","","N","00","0","00","3","0","1","1","1","N","N","","","9999","","9999","","0","","N","","0 ","","","","","","","","","","1","1","0","0","0","0","0","0","0","0","0","0","0","0","1","0","0","0","0","0","0","0","0","0","0","0","0","0","0","0","0","0","0","0","0","9","0","","","","CRASH_2001_Philadelphia"
"2002001075","06","67","67301","67301","2001","09","7","2338","23","3","7","0","7","5","","","N","00","0","00","3","0","2","2","1","N","N","39 59:23.712","75 05:17.124","2346","","2340","","0","","N","","0 ","","","","","","","","","","1","1","0","0","0","0","0","0","0","0","0","2","2","0","0","0","0","0","0","0","0","0","0","1","0","0","0","0","0","0","0","0","0","0","0","4","0","39.9899","-75.0879","","CRASH_2001_Philadelphia"
"2002019513","06","67","67301","67301","2001","08","3","1400","14","1","1","0","8","1","","","N","00","0","00","3","0","1","2","2","N","N","40 02:53.880","75 04:08.040","1405","","1400","","0","","N","","0 ","","","","","","","","","","1","1","0","0","0","0","0","0","0","0","0","1","1","0","1","0","0","0","0","0","0","0","0","0","0","0","0","0","0","0","0","0","1","0","0","4","0","40.0483","-75.0689","","CRASH_2001_Philadelphia"
"2001244693","06","67","67301","67301","2001","05","2","1929","19","1","2","0","8","1","","","N","00","0","00","3","0","1","2","2","N","N","","","9999","","9999","","0","","N","","0 ","","","","","","","","","","1","1","0","0","0","0","0","0","0","0","0","1","1","0","0","0","0","0","0","0","0","0","0","0","0","0","0","0","0","0","0","0","1","0","0","4","0","","","","CRASH_2001_Philadelphia"
"2001248844","06","67","67301","67301","2001","05","3","1341","13","1","2","0","1","1","","","N","01","2","01","3","0","1","3","3","N","N","39 58:07.320","75 08:10.320","9999","","9999","","0","","N","","3 ","","","","","","","","","","3","2","0","0","0","1","0","0","0","0","1","0","1","0","0","0","0","0","0","0","0","0","0","0","0","0","0","0","0","0","0","0","0","0","0","3","1","39.9689","-75.1363","","CRASH_2001_Philadelphia"
"2002010493","06","67","67301","67301","2001","07","2","0156","01","3","1","0","7","3","","","N","01","2","00","3","0","2","2","1","N","N","40 00:24.614","75 12:51.206","0159","","0156","","0","","Y","","3 ","","","","","","","","","","1","1","0","0","0","0","0","0","0","0","0","2","2","0","0","0","0","0","0","0","1","0","0","1","0","0","0","0","0","0","0","0","0","0","0","4","0","40.0071","-75.2137","","CRASH_2001_Philadelphia"
"2001287525","06","67","67301","","2001","02","1","2045","20","1","1","0","1","1","","","N","00","0","00","3","0","1","2","2","N","N","","","9999","","9999","","0","","N","","0 ","","","","","","","","","","1","0","0","0","0","0","0","0","1","0","1","0","1","0","0","0","0","0","0","0","0","0","0","0","0","0","0","0","0","0","0","0","0","0","0","3","0","","","","CRASH_2001_Philadelphia"
"2002004249","06","67","67301","67301","2001","06","4","2159","21","1","1","0","1","1","","","N","00","0","00","3","0","1","2","2","N","N","39 55:00.286","75 10:15.339","2205","","2200","","0","","N","","0 ","","","","","","","","","","2","2","0","0","0","0","0","0","0","0","0","1","1","0","0","0","0","1","0","0","0","0","1","2","0","0","0","0","0","0","0","0","0","0","0","4","0","39.9167","-75.1709","","CRASH_2001_Philadelphia"
"2001400615","06","67","67301","67301","2001","07","1","1633","16","1","1","0","4","1","","","N","00","0","00","3","1","0","2","2","N","N","","","9999","","9999","","0","","N","9","0 ","","","","","","","","","","2","1","1","0","0","0","0","0","0","0","0","0","0","0","0","0","0","0","0","0","0","0","0","0","0","0","0","0","1","0","0","0","0","0","0","1","0","","","9 ","CRASH_2001_Philadelphia"
"2002020696","06","67","67301","67301","2001","08","6","1653","16","1","1","0","6","1","","","N","01","2","00","3","0","2","3","2","N","N","40 01:59.366","75 06:25.063","1655","","1655","","0","","N","","3 ","","","","","","","","","","2","2","0","0","0","0","0","0","0","0","1","1","2","0","0","0","0","0","0","0","0","0","0","0","0","0","0","0","0","0","0","0","0","0","0","3","0","40.0327","-75.1065","","CRASH_2001_Philadelphia"
"2002031124","06","67","67301","67301","2001","09","6","2303","23","3","1","0","7","3","","","N","06","0","02","3","0","0","3","2","N","N","39 58:01.200","75 11:16.440","2309","","2303","","0","","N","","0 ","","","","","","","","","","2","2","0","0","0","0","0","0","0","0","0","0","0","0","1","0","0","0","0","0","0","0","0","0","0","0","0","0","0","0","0","0","0","0","0","9","0","39.967","-75.1879","","CRASH_2001_Philadelphia"
"2001249418","06","67","67301","67301","2001","04","1","1842","18","1","1","0","4","1","","","N","01","3","00","3","0","1","2","2","N","N","","","9999","","9999","","0","","N","","3 ","","","","","","","","","","2","1","1","0","0","0","0","0","0","0","0","1","1","0","0","0","1","0","0","0","0","0","0","0","0","0","0","0","0","0","0","0","0","0","0","4","0","","","","CRASH_2001_Philadelphia"
"2001288174","06","67","67301","","2001","05","4","1430","14","1","1","0","8","1","","","N","01","2","00","3","0","1","2","2","N","N","39 57:13.680","75 10:30.720","9999","","9999","","0","","N","","3 ","","","","","","","","","","1","1","0","0","0","0","0","0","0","0","0","0","0","0","1","0","0","0","0","0","0","0","0","0","0","0","0","0","0","0","0","0","1","0","0","9","0","39.9538","-75.1751","","CRASH_2001_Philadelphia"
"2002020114","06","67","67301","67301","2001","08","7","0157","01","3","1","0","1","1","","","N","01","2","00","3","0","0","4","2","N","N","40 04:52.000","75 01:46.000","0200","","0157","","0","","N","","3 ","","","","","","","","","","2","1","0","0","1","0","0","0","0","0","0","0","0","0","0","0","0","0","0","0","1","0","0","1","0","0","0","0","0","0","0","0","0","0","0","0","0","40.0809","-75.0288","","CRASH_2001_Philadelphia"
"2002026309","06","67","67301","67301","2001","09","5","1615","16","1","1","0","4","1","","","N","02","3","00","3","0","0","2","2","N","N","39 59:11.872","75 15:23.843","1656","","1648","","0","","N","","3 ","","","","","","","","","","2","2","0","0","0","0","0","0","0","0","0","0","0","0","0","0","0","0","0","0","0","1","1","0","0","0","0","0","0","0","0","0","0","0","0","0","0","39.9868","-75.2568","","CRASH_2001_Philadelphia"
"2002026462","06","67","67301","67301","2001","05","5","1845","18","1","1","0","4","1","","","N","01","2","00","3","0","0","3","2","N","N","40 00:00.151","75 09:11.624","1855","","1845","","0","","N","","3 ","","","","","","","","","","2","1","0","0","1","0","0","0","0","0","0","0","0","0","0","0","0","0","0","1","0","0","0","1","0","0","0","0","0","0","0","0","0","0","0","0","0","40","-75.1531","","CRASH_2001_Philadelphia"
"2001288591","06","67","67301","","2001","12","7","2335","23","3","2","1","8","1","","","N","00","0","00","3","0","1","6","2","N","N","39 59:22.560","75 07:31.440","9999","","9999","","0","","N","","0 ","","","","","","","","","","1","0","0","0","0","0","1","0","0","0","0","1","1","0","0","0","0","0","0","0","0","0","0","0","0","0","0","0","0","0","0","0","1","0","0","4","0","39.9896","-75.1253","","CRASH_2001_Philadelphia"
"2002005859","06","67","67301","67301","2001","11","2","1500","15","1","1","0","1","1","","","N","01","2","00","3","0","3","8","2","N","N","40 03:25.377","75 07:43.793","1605","","1558","","0","","N","","3 ","","","","","","","","","","2","2","0","0","0","0","0","0","0","0","1","2","3","0","0","0","1","0","0","0","1","0","0","0","0","0","0","0","0","0","0","0","0","0","0","3","0","40.0571","-75.1289","","CRASH_2001_Philadelphia"
"2002012655","06","67","67301","67301","2001","07","3","1600","16","1","2","1","1","1","","","N","00","0","00","3","0","1","5","2","N","N","39 59:24.698","75 07:37.217","1635","","1630","","0","","N","","0 ","","","","","","","","","","2","2","0","0","0","0","0","0","0","0","0","1","1","0","0","0","0","0","0","0","0","0","0","0","0","0","0","0","0","0","0","0","0","0","0","4","0","39.9903","-75.1268","","CRASH_2001_Philadelphia"
"2002016716","06","67","67301","67301","2001","07","1","1510","15","1","1","0","5","1","","","N","00","0","01","3","0","0","2","2","N","N","39 57:26.160","75 09:30.892","1530","","1518","","0","","N","","0 ","","","","","","","","","","2","2","0","0","0","0","0","0","0","0","0","0","0","0","0","0","0","0","0","1","0","0","0","0","0","0","0","0","0","0","0","0","0","0","0","0","0","39.9573","-75.1586","","CRASH_2001_Philadelphia"
"2002028099","06","67","67301","67301","2001","08","3","1305","13","1","1","0","1","5","","","N","00","0","00","3","0","0","5","4","N","N","40 02:42.996","75 07:33.370","1320","","1308","","0","","N","","0 ","","","","","","","","","","4","4","0","0","0","0","0","0","0","0","0","0","0","0","0","0","0","0","0","0","0","0","1","1","0","0","0","0","0","0","0","0","0","0","0","0","0","40.0453","-75.1259","","CRASH_2001_Philadelphia"
"2001240958","06","67","67301","67301","2001","04","7","1940","19","1","1","0","4","1","","","N","01","3","00","3","0","3","5","2","N","N","","","9999","","9999","","0","","N","","3 ","","","","","","","","","","2","2","0","0","0","0","0","0","0","0","0","3","3","0","0","0","0","0","0","0","0","0","0","2","0","0","0","0","0","0","0","0","0","0","0","4","0","","","","CRASH_2001_Philadelphia"
"2001283781","06","67","67301","67301","2001","04","5","1321","13","1","1","0","8","1","2","8","Y","01","2","00","3","0","1","2","2","N","N","39 56:08.829","75 09:22.557","9999","99","9999","","0","","N","","3 ","","U","","","U","","","","","1","1","0","0","0","0","0","0","0","0","0","1","1","0","0","0","0","0","0","0","0","1","0","0","0","0","0","0","0","0","0","0","1","0","0","4","0","39.9358","-75.1563","","CRASH_2001_Philadelphia"
"2002012230","06","67","67301","67301","2001","07","4","1750","17","1","1","0","1","1","","","N","10","0","99","3","0","0","0","3","N","N","40 00:29.019","75 09:17.283","2005","","1954","","0","","N","","0 ","","","","","","","","","","3","3","0","0","0","0","0","0","0","0","0","0","0","0","0","0","0","0","0","0","0","0","0","0","0","0","0","0","0","0","0","0","0","0","0","9","0","40.0081","-75.1548","","CRASH_2001_Philadelphia"
"2002012683","06","67","67301","67301","2001","07","7","0517","05","5","1","0","0","1","","","N","00","0","00","3","0","0","1","3","N","N","","","0519","","0517","","0","","N","","0 ","","","","","","","","","","3","3","0","0","0","0","0","0","0","0","0","0","0","0","0","0","0","0","0","0","0","0","0","1","0","0","0","0","0","0","0","0","0","0","0","0","0","","","","CRASH_2001_Philadelphia"
"2002018369","06","67","67301","67301","2001","08","1","1641","16","1","1","0","4","1","","","N","00","2","00","3","0","0","4","2","N","N","39 57:20.356","75 12:52.513","1647","","1642","","0","","N","","3 ","","","","","","","","","","2","2","0","0","0","0","0","0","0","0","0","0","0","0","0","0","0","0","0","0","1","0","0","0","0","0","0","0","0","0","0","0","0","0","0","0","0","39.9571","-75.2142","","CRASH_2001_Philadelphia"
"2002022861","06","67","67301","67301","2001","08","7","2140","21","3","1","0","8","1","","","N","02","0","00","3","0","1","2","2","N","N","39 58:31.063","75 10:05.938","2140","","2140","","0","","N","","0 ","","","","","","","","","","1","1","0","0","0","0","0","0","0","0","0","1","1","0","0","0","0","0","0","0","1","0","0","0","0","0","0","0","0","0","0","0","1","0","0","4","0","39.9753","-75.1683","","CRASH_2001_Philadelphia"
"2002033572","06","67","67301","67301","2001","08","2","0400","04","3","1","0","7","4","","","N","00","0","00","3","0","1","2","1","N","N","40 00:25.864","75 12:01.206","9999","","0534","","0","","N","","0 ","","","","","","","","","","1","1","0","0","0","0","0","0","0","0","1","0","1","0","0","0","0","0","0","0","0","0","0","2","0","0","0","0","0","0","0","0","0","0","0","3","0","40.0069","-75.1993","","CRASH_2001_Philadelphia"
"2002034068","06","67","67301","67301","2001","10","7","1638","16","1","1","0","4","1","","","N","00","0","07","3","0","1","3","2","N","N","40 01:47.066","75 06:11.257","1642","","1638","","0","","N","","0 ","","","","","","","","","","2","2","0","0","0","0","0","0","0","0","0","1","1","0","1","0","0","0","0","0","0","1","0","0","0","0","0","0","0","0","0","0","0","0","0","4","0","40.0296","-75.1039","","CRASH_2001_Philadelphia"
"2002039410","06","67","67301","67301","2001","11","1","2345","23","3","1","0","4","1","","","N","01","2","00","3","0","6","6","2","N","N","39 57:27.000","75 09:44.242","2255","","2348","","0","","N","","3 ","","","","","","","","","","2","2","0","0","0","0","0","0","0","0","0","6","6","0","0","0","0","0","0","0","0","1","0","0","0","0","0","0","0","0","0","0","0","0","0","4","0","39.9577","-75.1624","","CRASH_2001_Philadelphia"
"2002042811","06","67","67301","67301","2001","12","2","2135","21","3","2","4","5","1","","","N","03","0","02","3","0","0","2","2","N","N","39 58:56.640","75 06:00.360","2200","","2150","","0","","N","","0 ","","","","","","","","","","2","1","0","0","1","0","0","0","0","0","0","0","0","0","0","0","0","0","0","0","1","0","0","0","0","0","0","0","0","0","0","0","0","0","0","0","0","39.9823","-75.1002","","CRASH_2001_Philadelphia"
"2001240091","06","67","67301","67301","2001","04","7","1730","17","1","1","0","1","1","","","N","00","0","00","3","0","2","5","3","N","N","","","9999","","9999","","0","","N","","0 ","","","","","","","","","","3","1","0","0","0","0","1","0","0","0","0","2","2","0","0","0","0","0","0","0","0","0","0","0","0","0","0","0","0","0","0","0","0","0","0","4","0","","","","CRASH_2001_Philadelphia"
"2001243745","06","67","67301","67301","2001","05","4","1435","14","1","1","0","5","1","","","N","00","0","00","3","0","1","3","2","N","N","","","9999","","9999","","0","","N","","0 ","","","","","","","","","","2","1","0","0","1","0","0","0","0","0","0","0","0","0","1","0","0","0","0","0","0","0","0","0","0","0","0","0","0","0","0","0","0","0","0","9","0","40.0139","-75.2129","","CRASH_2001_Philadelphia"
"2001248742","06","67","67301","67301","2001","05","4","0815","08","1","1","0","1","1","","","N","01","2","00","3","0","1","2","2","N","N","","","9999","","9999","","0","","N","","3 ","","","","","","","","","","2","2","0","0","0","0","0","0","0","0","0","1","1","0","0","0","0","0","0","0","0","0","0","0","0","0","0","0","0","0","0","0","0","0","0","4","0","","","","CRASH_2001_Philadelphia"
"2002017864","06","67","67301","67301","2001","07","6","1709","17","1","1","0","4","1","","","N","00","0","00","3","0","1","2","2","N","N","39 55:56.000","75 10:59.000","1714","","1709","","0","","N","","0 ","","","","","","","","","","1","1","0","0","0","0","0","0","1","0","0","1","1","0","0","0","0","0","0","0","0","0","0","0","0","0","0","0","0","0","0","0","0","0","0","4","0","39.9322","-75.1831","","CRASH_2001_Philadelphia"
"2002023066","06","67","67301","67301","2001","08","2","1320","13","1","1","0","1","1","","","N","01","2","00","3","0","1","2","2","N","N","39 56:44.930","75 14:24.143","0142","","0150","","0","","N","","3 ","","","","","","","","","","2","2","0","0","0","0","0","0","0","0","0","1","1","0","1","0","0","0","0","0","1","0","0","1","0","0","0","0","0","0","0","0","0","0","0","4","0","39.9459","-75.2403","","CRASH_2001_Philadelphia"
"2001233053","06","67","67301","67301","2001","04","1","0735","07","1","2","1","7","1","","","N","00","0","00","3","0","0","1","1","N","N","39 58:39.720","75 12:05.040","9999","","9999","","0","","N","","0 ","","","","","","","","","","1","1","0","0","0","0","0","0","0","0","0","0","0","0","0","0","0","0","0","1","0","0","0","1","0","0","0","0","0","0","0","0","0","0","0","0","0","39.9777","-75.2014","","CRASH_2001_Philadelphia"
"2001239147","06","67","67301","67301","2001","04","6","1935","19","1","1","0","9","1","","","N","00","0","00","3","0","0","1","2","N","N","","","9999","","9999","","0","","N","","0 ","","","","","","","","","","2","1","0","0","0","0","0","0","0","0","0","0","0","0","0","0","0","0","0","0","0","0","0","0","0","0","0","0","0","0","0","0","0","0","0","0","0","","","","CRASH_2001_Philadelphia"
"2001265949","06","67","67301","67301","2001","05","7","0010","00","3","1","0","1","1","","","N","00","0","00","3","0","2","5","2","N","N","","","9999","","9999","","0","","N","","0 ","","","","","","","","","","2","1","0","0","0","0","0","1","0","0","0","2","2","0","0","0","0","1","0","0","0","0","0","0","0","0","0","0","0","0","0","0","0","0","0","4","0","","","","CRASH_2001_Philadelphia"
"2001243341","06","67","67301","67301","2001","04","6","0830","08","1","1","0","8","1","","","N","00","0","00","3","0","1","2","2","N","N","","","9999","","9999","","0","","N","","0 ","","","","","","","","","","1","1","0","0","0","0","0","0","0","0","0","1","1","0","0","0","0","0","0","0","0","0","0","0","0","0","0","0","0","0","0","0","1","0","0","4","0","","","","CRASH_2001_Philadelphia"