"CRN","DISTRICT","COUNTY","MUNICIPALITY","POLICE_AGCY","CRASH_YEAR","CRASH_MONTH","DAY_OF_WEEK","TIME_OF_DAY","HOUR_OF_DAY","ILLUMINATION","WEATHER","ROAD_CONDITION","COLLISION_TYPE","RELATION_TO_ROAD","WORK_ZONE_TYPE","WORK_ZONE_LOC","WORK_ZONE_IND","INTERSECT_TYPE","TCD_TYPE","LOCATION_TYPE","URBAN_RURAL","FATAL_COUNT","INJURY_COUNT","PERSON_COUNT","TOTAL_UNITS","SCH_BUS_IND","SCH_ZONE_IND","LATITUDE","LONGITUDE","ARRIVAL_TM","CONS_ZONE_SPD_LIM","DISPATCH_TM","EST_HRS_CLOSED","LANE_CLOSED","LN_CLOSE_DIR","NTFY_HIWY_MAINT","SPEC_JURIS_CD","TCD_FUNC_CD","TFC_DETOUR_IND","WORKERS_PRES","WZ_CLOSE_DETOUR","WZ_FLAGGER","WZ_LAW_OFFCR_IND","WZ_LN_CLOSURE","WZ_MOVING","WZ_OTHER","WZ_SHLDER_MDN","VEHICLE_COUNT","AUTOMOBILE_COUNT","MOTORCYCLE_COUNT","BUS_COUNT","SMALL_TRUCK_COUNT","HEAVY_TRUCK_COUNT","SUV_COUNT","VAN_COUNT","BICYCLE_COUNT","MAJ_INJ_COUNT","MOD_INJ_COUNT","MIN_INJ_COUNT","TOT_INJ_COUNT","UNK_INJ_DEG_COUNT","UNK_INJ_PER_COUNT","DRIVER_COUNT_16YR","DRIVER_COUNT_17YR","DRIVER_COUNT_18YR","DRIVER_COUNT_19YR","DRIVER_COUNT_20YR","DRIVER_COUNT_50_64YR","DRIVER_COUNT_65_74YR","DRIVER_COUNT_75PLUS","UNBELTED_OCC_COUNT","UNB_DEATH_COUNT","UNB_MAJ_INJ_COUNT","BELTED_DEATH_COUNT","BELTED_MAJ_INJ_COUNT","MCYCLE_DEATH_COUNT","MCYCLE_MAJ_INJ_COUNT","BICYCLE_DEATH_COUNT","BICYCLE_MAJ_INJ_COUNT","PED_COUNT","PED_DEATH_COUNT","PED_MAJ_INJ_COUNT","MAX_SEVERITY_LEVEL","COMM_VEH_COUNT","DEC_LAT","DEC_LONG","RDWY_SURF_TYPE_CD","COUNTY_YEAR"
"2001265475","06","67","67301","67301","2001","07","3","2335","23","3","1","0","4","1","","","N","01","9","00","3","0","1","3","2","N","N","","","9999","","9999","","0","","N","","9 ","","","","","","","","","","1","1","0","0","0","0","0","0","1","0","0","0","0","0","1","1","0","0","0","0","0","0","0","0","0","0","0","0","0","0","0","0","0","0","0","9","0","","","","CRASH_2001_Philadelphia"
"2001400214","06","67","67301","67301","2001","03","4","1415","14","1","1","0","4","1","","","N","01","2","00","3","1","1","2","2","N","N","40 03:50.400","75 05:00.600","9999","","9999","","0","","N","9","3 ","","","","","","","","","","2","2","0","0","0","0","0","0","0","0","0","1","1","0","0","0","0","0","0","0","1","0","0","1","1","0","0","0","0","0","0","0","0","0","0","1","0","40.0638","-75.0835","2 ","CRASH_2001_Philadelphia"
"2002000465","06","67","67301","67301","2001","05","3","1425","14","1","1","1","8","1","","","N","00","2","00","3","0","1","2","2","N","N","40 01:19.676","75 09:44.305","1435","","1431","","0","","N","","3 ","","","","","","","","","","1","1","0","0","0","0","0","0","0","0","0","1","1","0","0","0","0","0","0","0","0","0","0","0","0","0","0","0","0","0","0","0","1","0","0","4","0","40.0219","-75.1625","","CRASH_2001_Philadelphia"
"2001240132","06","67","67301","67301","2001","04","1","1555","15","1","1","0","4","1","","","N","01","3","00","3","0","0","2","2","N","N","","","9999","","9999","","0","","N","","3 ","","","","","","","","","","2","2","0","0","0","0","0","0","0","0","0","0","0","0","0","0","0","0","0","0","0","0","0","0","0","0","0","0","0","0","0","0","0","0","0","0","0","","","","CRASH_2001_Philadelphia"
"2002016870","06","67","67301","67301","2001","07","2","1215","12","1","1","0","4","1","","","N","05","2","03","3","0","0","2","2","N","N","40 01:53.078","75 05:05.038","1230","","1227","","0","","N","","3 ","","","","","","","","","","2","2","0","0","0","0","0","0","0","0","0","0","0","0","1","0","0","0","0","0","0","0","1","0","0","0","0","0","0","0","0","0","0","0","0","9","0","40.0314","-75.0847","","CRASH_2001_Philadelphia"
"2002020109","06","67","67301","67301","2001","06","6","1000","10","1","1","0","4","1","","","N","05","2","00","3","0","3","3","3","N","N","39 57:27.103","75 09:45.000","1012","","1009","","0","","N","","3 ","","","","","","","","","","3","2","0","0","1","0","0","0","0","0","0","3","3","0","0","0","0","0","0","0","0","0","0","0","0","0","0","0","0","0","0","0","0","0","0","4","0","39.9577","-75.1624","","CRASH_2001_Philadelphia"
"2001239014","06","67","67301","67301","2001","04","7","2050","20","4","1","0","8","1","","","N","01","3","00","3","0","1","2","2","N","N","40 01:28.560","75 08:52.440","9999","","9999","","0","","N","","3 ","","","","","","","","","","1","1","0","0","0","0","0","0","0","0","1","0","1","0","0","0","0","0","0","0","0","1","0","0","0","0","0","0","0","0","0","0","1","0","0","3","0","40.0245","-75.1478","","CRASH_2001_Philadelphia"
"2002028532","06","67","67301","67301","2001","09","6","1545","15","1","1","0","6","1","","","N","01","0","00","3","0","0","2","2","N","N","40 07:22.833","75 00:56.095","1555","","1548","","0","","N","","0 ","","","","","","","","","","2","2","0","0","0","0","0","0","0","0","0","0","0","0","0","0","0","0","0","0","0","0","0","0","0","0","0","0","0","0","0","0","0","0","0","0","0","40.1235","-75.0154","","CRASH_2001_Philadelphia"
"2001243438","06","67","67301","67301","2001","05","4","1710","17","1","1","0","1","1","","","N","00","0","00","3","0","1","2","2","N","N","40 07:41.880","75 00:50.400","9999","","9999","","0","","N","","0 ","","","","","","","","","","2","2","0","0","0","0","0","0","0","0","0","1","1","0","0","0","0","0","0","0","1","0","0","0","0","0","0","0","0","0","0","0","0","0","0","4","0","40.1283","-75.014","","CRASH_2001_Philadelphia"
"2001244856","06","67","67301","67301","2001","05","6","0217","02","3","1","0","4","1","","","N","01","2","00","3","0","2","2","2","N","N","39 57:07.560","75 10:24.240","9999","","9999","","0","","N","","3 ","","","","","","","","","","2","1","0","0","0","0","1","0","0","0","0","1","1","0","1","0","0","0","0","0","0","0","0","0","0","0","0","0","0","0","0","0","0","0","0","4","0","39.952","-75.1734","","CRASH_2001_Philadelphia"
"2001252103","06","67","67301","67301","2001","06","6","1705","17","1","2","1","8","1","","","N","02","0","00","3","0","1","2","2","N","N","39 57:06.266","75 09:29.838","9999","","9999","","0","","N","","0 ","","","","","","","","","","1","1","0","0","0","0","0","0","0","0","0","1","1","0","0","0","0","1","0","0","0","0","0","0","0","0","0","0","0","0","0","0","1","0","0","4","0","39.9517","-75.1583","","CRASH_2001_Philadelphia"
"2002001071","06","67","67301","67301","2001","10","6","1620","16","1","1","0","4","1","","","N","00","2","07","3","0","1","3","2","N","N","40 02:17.109","75 08:41.563","1623","","1623","","0","","N","","3 ","","","","","","","","","","2","2","0","0","0","0","0","0","0","0","0","1","1","0","0","0","1","0","0","0","0","0","0","0","0","0","0","0","0","0","0","0","0","0","0","4","0","40.0374","-75.145","","CRASH_2001_Philadelphia"
"2001243587","06","67","67301","67301","2001","03","7","1214","12","1","1","0","7","5","","","N","00","0","00","3","0","0","1","1","N","N","","","9999","","9999","","0","","N","","0 ","","","","","","","","","","1","0","0","0","1","0","0","0","0","0","0","0","0","0","0","0","0","0","0","0","0","0","0","0","0","0","0","0","0","0","0","0","0","0","0","0","0","","","","CRASH_2001_Philadelphia"
"2001243710","06","67","67301","67301","2001","05","1","1400","14","1","1","0","4","1","","","N","01","2","00","3","0","1","2","3","N","N","","","9999","","9999","","0","","N","","3 ","","","","","","","","","","3","1","0","0","0","0","0","1","0","0","0","1","1","0","0","0","0","0","0","0","0","0","0","0","0","0","0","0","0","0","0","0","0","0","0","4","0","","","","CRASH_2001_Philadelphia"
"2001244931","06","67","67301","67301","2001","05","6","1851","18","1","1","0","1","1","","","N","02","9","00","3","0","1","2","2","N","N","39 59:12.202","75 10:19.063","9999","","9999","","0","","N","","9 ","","","","","","","","","","2","1","0","0","0","1","0","0","0","0","0","1","1","0","0","0","0","0","0","0","0","0","0","0","0","0","0","0","0","0","0","0","0","0","0","4","1","39.9867","-75.172","","CRASH_2001_Philadelphia"
"2001282645","06","67","67301","67301","2001","02","4","0951","09","1","1","0","1","1","","","N","00","0","00","3","0","1","2","2","N","N","39 59:39.840","75 09:15.840","9999","","9999","","0","","N","","0 ","","","","","","","","","","2","1","0","0","1","0","0","0","0","0","0","1","1","0","0","0","0","0","0","0","0","0","0","0","0","0","0","0","0","0","0","0","0","0","0","4","0","39.9945","-75.1543","","CRASH_2001_Philadelphia"
"2001401246","06","67","67301","67301","2001","12","7","0110","01","3","1","0","4","1","","","N","01","2","00","3","1","3","6","2","N","N","39 56:16.800","75 11:55.320","9999","","9999","","0","","N","9","3 ","","","","","","","","","","2","2","0","0","0","0","0","0","0","1","0","1","2","0","1","0","0","0","0","0","0","0","0","0","0","0","0","0","0","0","0","0","0","0","0","1","0","39.938","-75.1987","2 ","CRASH_2001_Philadelphia"
"2002014913","06","67","67301","67301","2001","07","1","1900","19","1","2","1","4","1","","","N","01","2","00","3","0","1","3","2","N","N","39 59:01.149","75 06:55.448","1910","","1905","","0","","N","","2 ","","","","","","","","","","2","2","0","0","0","0","0","0","0","0","0","1","1","0","0","0","0","0","0","0","0","0","0","0","0","0","0","0","0","0","0","0","0","0","0","4","0","39.9835","-75.1156","","CRASH_2001_Philadelphia"
"2002014954","06","67","67301","67301","2001","05","3","0952","09","1","2","1","4","1","","","N","01","2","00","3","0","0","2","2","N","N","40 00:16.853","75 10:37.330","0954","","0952","","0","","Y","","1 ","","","","","","","","","","2","0","0","0","1","0","0","0","0","0","0","0","0","0","0","0","0","0","0","0","1","0","0","0","0","0","0","0","0","0","0","0","0","0","0","0","0","40.0047","-75.1769","","CRASH_2001_Philadelphia"
"2002012120","06","67","67301","67301","2001","07","5","0722","07","1","1","0","1","1","","","N","01","2","00","3","0","0","2","2","N","N","39 57:51.754","75 13:21.271","0725","","0723","","0","","N","","3 ","","","","","","","","","","2","2","0","0","0","0","0","0","0","0","0","0","0","0","0","0","0","0","0","0","0","0","1","0","0","0","0","0","0","0","0","0","0","0","0","0","0","39.9643","-75.222","","CRASH_2001_Philadelphia"
"2002012231","06","67","67301","67301","2001","07","2","1100","11","1","1","0","8","9","","","N","01","2","00","3","0","1","2","2","N","N","40 02:56.657","75 10:29.749","1230","","1230","","0","","N","","9 ","","","","","","","","","","1","1","0","0","0","0","0","0","0","0","0","1","1","0","1","0","0","0","0","0","0","0","0","0","0","0","0","0","0","0","0","0","1","0","0","4","0","40.049","-75.1749","","CRASH_2001_Philadelphia"
"2001266444","06","67","67301","67301","2001","07","1","1115","11","1","1","0","4","1","","","N","01","2","00","3","0","2","4","2","N","N","40 01:56.280","75 03:03.240","9999","","9999","","0","","N","","3 ","","","","","","","","","","2","1","0","0","0","0","0","1","0","0","0","2","2","0","0","1","0","0","1","0","0","0","0","0","0","0","0","0","0","0","0","0","0","0","0","4","0","40.0323","-75.0511","","CRASH_2001_Philadelphia"
"2001288382","06","67","67301","","2001","08","4","1440","14","1","1","0","4","1","","","N","01","9","00","3","0","3","3","2","N","N","40 00:46.713","75 07:09.797","9999","","9999","","0","","N","","9 ","","","","","","","","","","2","1","0","0","1","0","0","0","0","0","1","1","2","0","1","0","0","0","0","0","0","0","0","0","0","0","0","0","0","0","0","0","0","0","0","3","0","40.013","-75.1194","","CRASH_2001_Philadelphia"
"2002012181","06","67","67301","67301","2001","07","6","1230","12","1","1","1","8","1","","","N","02","3","00","3","0","1","2","2","N","N","40 05:42.136","74 57:36.952","1243","","1238","","9","","N","","3 ","U","","","","","","","","","1","1","0","0","0","0","0","0","0","0","0","1","1","0","0","0","0","0","0","0","0","0","0","0","0","0","0","0","0","0","0","0","1","0","0","4","0","40.095","-74.9603","","CRASH_2001_Philadelphia"
"2002023917","06","67","67301","67301","2001","07","6","1258","12","1","1","0","4","1","","","N","01","3","00","3","0","1","4","3","N","N","","","1350","","1310","3","2","2","N","","3 ","Y","","","","","","","","","3","3","0","0","0","0","0","0","0","0","1","0","1","0","0","0","0","1","0","0","0","0","0","0","0","0","0","0","0","0","0","0","0","0","0","3","0","","","","CRASH_2001_Philadelphia"
"2002025068","06","67","67301","67301","2001","08","4","0715","07","1","1","0","8","1","","","N","01","1","00","3","0","1","2","2","N","N","","","0740","","0730","","0","","N","","3 ","","","","","","","","","","1","0","0","0","1","0","0","0","0","0","1","0","1","0","0","0","0","0","0","0","0","0","0","0","0","0","0","0","0","0","0","0","1","0","0","3","0","","","","CRASH_2001_Philadelphia"
"2002026352","06","67","67301","67301","2001","08","5","0740","07","1","1","0","5","1","","","N","00","0","00","3","0","1","2","2","N","N","39 54:49.860","75 14:37.431","0750","","0746","","0","","N","","0 ","","","","","","","","","","2","1","0","0","1","0","0","0","0","0","0","1","1","0","0","0","0","0","0","0","0","0","0","0","0","0","0","0","0","0","0","0","0","0","0","4","0","39.9138","-75.2436","","CRASH_2001_Philadelphia"
"2002031575","06","67","67301","67301","2001","09","7","1509","15","1","1","1","4","1","","","N","01","2","00","3","0","1","2","2","N","N","40 02:07.780","75 08:43.667","1516","","1511","","0","","N","","3 ","","","","","","","","","","1","1","0","0","0","0","0","0","0","0","0","1","1","0","0","0","0","0","0","0","0","0","0","0","0","0","0","0","0","0","0","0","1","0","0","4","0","40.0352","-75.1455","","CRASH_2001_Philadelphia"
"2002014579","06","67","67301","67301","2001","07","6","1735","17","1","1","0","4","1","","","N","01","2","00","3","0","0","3","2","N","N","40 07:00.120","75 01:11.280","1742","","1738","","0","","N","","3 ","","","","","","","","","","2","2","0","0","0","0","0","0","0","0","0","0","0","0","0","0","0","0","0","0","1","0","0","0","0","0","0","0","0","0","0","0","0","0","0","0","0","40.1167","-75.0198","","CRASH_2001_Philadelphia"
"2002033024","06","67","67301","67301","2001","10","1","0305","03","3","1","0","4","1","","","N","01","2","00","3","0","1","4","3","N","N","39 57:21.709","75 13:03.548","0318","","0315","","0","","N","","2 ","","","","","","","","","","2","2","0","0","0","0","0","0","0","0","0","1","1","0","0","0","0","0","0","0","0","0","0","0","0","0","0","0","0","0","0","0","1","0","0","4","0","39.956","-75.2177","","CRASH_2001_Philadelphia"
"2002041988","06","67","67301","67301","2001","12","6","0902","09","1","1","0","5","1","","","N","01","0","00","3","0","0","2","2","N","N","40 02:29.016","75 04:31.689","0902","","0902","","0","","Y","","0 ","","","","","","","","","","2","2","0","0","0","0","0","0","0","0","0","0","0","0","0","0","0","0","0","0","0","0","1","0","0","0","0","0","0","0","0","0","0","0","0","0","0","40.0415","-75.0754","","CRASH_2001_Philadelphia"
"2002043169","06","67","67301","67301","2001","12","4","2201","22","3","1","0","1","1","","","N","00","0","00","3","0","1","4","3","N","N","40 00:29.520","75 12:40.320","2210","","2203","1","2","1","N","","0 ","N","","","","","","","","","3","3","0","0","0","0","0","0","0","0","0","1","1","0","0","0","0","0","0","0","1","0","0","0","0","0","0","0","0","0","0","0","0","0","0","4","0","40.0086","-75.2106","","CRASH_2001_Philadelphia"
"2002045909","06","67","67301","67301","2001","10","5","1842","18","3","1","0","1","1","","","N","00","0","00","3","0","1","4","3","N","N","40 02:14.669","75 00:43.868","1850","","1845","1","2","1","N","","0 ","N","","","","","","","","","3","3","0","0","0","0","0","0","0","0","0","1","1","0","0","0","0","0","0","0","2","0","0","0","0","0","0","0","0","0","0","0","0","0","0","4","0","40.0377","-75.0115","","CRASH_2001_Philadelphia"
"2006056699","06","67","67301","67301","2001","07","4","1600","16","1","1","0","1","1","","","N","00","0","00","3","0","0","2","2","N","N","40 02:31.418","75 10:05.966","1620","","1619","","0","","N","","0 ","","","","","","","","","","2","1","0","0","1","0","0","0","0","0","0","0","0","0","0","0","0","0","0","0","1","0","0","0","0","0","0","0","0","0","0","0","0","0","0","0","0","40.0421","-75.1683","","CRASH_2001_Philadelphia"
"2002035132","06","67","67301","67301","2001","11","1","0232","02","3","1","0","7","2","","","N","00","0","02","3","0","0","2","1","N","N","39 57:21.600","75 08:31.920","0242","","0236","","0","","N","","0 ","","","","","","","","","","1","1","0","0","0","0","0","0","0","0","0","0","0","0","0","0","0","0","0","0","0","0","0","0","0","0","0","0","0","0","0","0","0","0","0","0","0","39.9568","-75.1442","","CRASH_2001_Philadelphia"
"2002043682","06","67","67301","67301","2001","10","3","1446","14","1","1","0","7","4","","","N","00","0","00","3","0","1","3","2","N","N","","","1515","","1513","","0","","N","","0 ","","","","","","","","","","1","0","0","1","0","0","0","0","0","0","0","1","1","0","0","0","0","0","0","0","0","0","0","0","0","0","0","0","0","0","0","0","0","0","0","4","1","","","","CRASH_2001_Philadelphia"
"2002044120","06","67","67301","67301","2001","12","2","1120","11","1","1","0","5","6","","","N","00","0","00","3","0","0","2","2","N","N","40 03:42.556","75 03:22.518","1235","","1224","","0","","N","","0 ","","","","","","","","","","2","2","0","0","0","0","0","0","0","0","0","0","0","0","1","0","0","0","0","0","0","1","0","0","0","0","0","0","0","0","0","0","0","0","0","9","0","40.0617","-75.0561","","CRASH_2001_Philadelphia"
"2002018882","06","67","67301","67301","2001","08","2","1900","19","1","1","0","4","1","","","N","01","2","00","3","0","1","2","2","N","N","39 57:29.833","75 13:23.621","1904","","1900","","0","","N","","3 ","","","","","","","","","","1","1","0","0","0","0","0","0","1","0","0","1","1","0","0","0","0","0","0","0","0","0","0","0","0","0","0","0","0","0","0","0","0","0","0","4","0","39.9567","-75.2235","","CRASH_2001_Philadelphia"
"2002026370","06","67","67301","67301","2001","09","5","1852","18","1","1","0","1","1","","","N","07","4","02","3","0","1","8","4","N","N","39 57:39.452","75 10:56.787","1854","","1854","2","1","3","N","","3 ","N","","","","","","","","","4","4","0","0","0","0","0","0","0","0","0","1","1","0","0","0","0","0","0","0","0","0","0","2","0","0","0","0","0","0","0","0","0","0","0","4","0","39.9598","-75.1785","","CRASH_2001_Philadelphia"
"2001244749","06","67","67301","67301","2001","05","5","9999","99","1","1","0","5","1","","","N","00","0","00","3","0","1","2","2","N","N","40 02:54.600","75 05:48.120","9999","","9999","","0","","N","","0 ","","","","","","","","","","1","0","0","0","0","0","1","0","1","0","0","1","1","0","0","0","0","0","0","0","1","0","0","0","0","0","0","0","0","0","0","0","0","0","0","4","0","40.0485","-75.0967","","CRASH_2001_Philadelphia"
"2002025070","06","67","67301","67301","2001","08","3","1830","18","1","1","0","1","1","","","N","01","3","00","3","0","1","2","2","N","N","40 01:15.000","75 09:50.000","1930","","1922","","0","","N","","9 ","","","","","","","","","","2","2","0","0","0","0","0","0","0","0","0","1","1","0","0","0","0","0","0","0","0","0","0","0","0","0","0","0","0","0","0","0","0","0","0","4","0","40.0208","-75.1639","","CRASH_2001_Philadelphia"
"2002031285","06","67","67301","67301","2001","09","3","1550","15","1","1","0","6","1","","","N","01","0","00","3","0","2","4","3","N","N","40 00:24.317","75 07:09.257","1556","","1553","","0","","N","","0 ","","","","","","","","","","3","3","0","0","0","0","0","0","0","0","0","2","2","0","1","0","0","0","0","0","0","0","0","0","0","0","0","0","0","0","0","0","0","0","0","4","0","40.0067","-75.1193","","CRASH_2001_Philadelphia"
"2002037128","06","67","67301","67301","2001","11","5","2303","23","3","1","0","5","1","","","N","00","0","00","3","0","2","2","2","N","N","","","2318","","2310","1","1","2","N","","0 ","Y","","","","","","","","","2","2","0","0","0","0","0","0","0","0","0","2","2","0","0","0","0","0","0","0","0","0","0","0","0","0","0","0","0","0","0","0","0","0","0","4","0","","","","CRASH_2001_Philadelphia"
"2002039390","06","67","67301","67301","2001","11","6","1147","11","1","2","1","4","1","","","N","01","2","00","3","0","0","3","2","N","N","39 57:45.117","75 14:41.064","1147","","1147","","0","","N","","3 ","","","","","","","","","","2","2","0","0","0","0","0","0","0","0","0","0","0","0","1","0","0","0","0","0","0","0","1","0","0","0","0","0","0","0","0","0","0","0","0","9","0","39.9624","-75.2448","","CRASH_2001_Philadelphia"
"2002024799","06","67","67301","67301","2001","07","5","1544","15","1","1","0","8","1","","","N","01","2","00","3","0","1","2","2","N","N","40 02:40.872","75 08:36.352","1545","","1545","","0","","N","","3 ","","","","","","","","","","1","1","0","0","0","0","0","0","0","0","0","1","1","0","0","0","0","0","0","0","0","0","0","0","0","0","0","0","0","0","0","0","1","0","0","4","0","40.0444","-75.1434","","CRASH_2001_Philadelphia"
"2002014530","06","67","67301","67301","2001","07","3","1145","11","1","1","0","9","1","","","N","01","2","00","3","0","1","2","2","N","N","39 58:10.016","75 12:41.273","1200","","1200","","0","","N","","3 ","","","","","","","","","","2","2","0","0","0","0","0","0","0","0","0","1","1","0","0","0","0","0","0","0","0","1","0","0","0","0","0","0","0","0","0","0","0","0","0","4","0","39.9695","-75.2115","","CRASH_2001_Philadelphia"
"2002023669","06","67","67301","67301","2001","08","3","2335","23","3","1","0","1","1","","","N","01","2","00","3","0","1","3","2","N","N","40 03:53.920","75 03:40.886","2344","","2340","","0","","N","","3 ","","","","","","","","","","2","2","0","0","0","0","0","0","0","0","0","1","1","0","0","0","0","0","0","0","0","0","0","0","0","0","0","0","0","0","0","0","0","0","0","4","0","40.0651","-75.0613","","CRASH_2001_Philadelphia"
"2002024279","06","67","67301","67301","2001","08","2","1448","14","1","1","0","1","1","","","N","00","0","00","3","0","0","4","4","N","N","40 01:45.158","75 05:23.831","1500","","1453","","0","","N","","0 ","","","","","","","","","","4","4","0","0","0","0","0","0","0","0","0","0","0","0","0","0","0","0","0","0","1","0","0","0","0","0","0","0","0","0","0","0","0","0","0","0","0","40.0292","-75.0899","","CRASH_2001_Philadelphia"
"2002018906","06","67","67301","67301","2001","08","5","1920","19","1","1","0","1","1","","","N","01","2","00","3","0","1","2","2","N","N","39 57:19.000","75 10:22.000","1948","","1935","","0","","N","","3 ","","","","","","","","","","2","1","0","0","1","0","0","0","0","0","0","1","1","0","0","0","0","0","0","0","0","0","0","0","0","0","0","0","0","0","0","0","0","0","0","4","0","39.9553","-75.1728","","CRASH_2001_Philadelphia"
"2002029725","06","67","67301","67301","2001","09","2","0820","08","1","1","0","8","1","","","N","01","3","00","3","0","1","3","3","N","N","39 56:09.391","75 11:28.618","0826","","0824","","0","","N","","3 ","","","","","","","","","","1","1","0","0","0","0","0","0","0","0","0","1","1","0","1","0","0","0","0","0","0","0","1","1","0","0","0","0","0","0","0","0","2","0","0","4","0","39.9359","-75.1913","","CRASH_2001_Philadelphia"
"2002004285","06","67","67301","67301","2001","06","5","2120","21","3","1","0","4","1","","","N","01","2","00","3","0","0","3","2","N","N","40 02:39.480","75 03:14.760","2150","","2130","","0","","N","","3 ","","","","","","","","","","2","2","0","0","0","0","0","0","0","0","0","0","0","0","0","0","0","1","1","0","0","0","0","0","0","0","0","0","0","0","0","0","0","0","0","0","0","40.0443","-75.0541","","CRASH_2001_Philadelphia"
"2002004304","06","67","67301","67301","2001","06","6","1519","15","1","1","0","1","1","","","N","01","0","00","3","0","1","3","3","N","N","39 58:17.187","75 09:33.787","1529","","1523","","0","","N","","0 ","","","","","","","","","","3","3","0","0","0","0","0","0","0","0","0","1","1","0","0","0","0","0","0","0","0","1","1","0","0","0","0","0","0","0","0","0","0","0","0","4","0","39.9718","-75.1594","","CRASH_2001_Philadelphia"
"2002029863","06","67","67301","67301","2001","09","2","1342","13","1","1","0","2","1","","","N","01","2","00","3","0","1","2","3","N","N","40 02:48.427","75 04:13.046","1347","","1344","3","2","3","N","","3 ","Y","","","","","","","","","3","2","0","0","1","0","0","0","0","1","0","0","1","0","0","0","0","0","0","0","0","1","0","0","0","0","0","0","0","0","0","0","0","0","0","2","0","40.0468","-75.0703","","CRASH_2001_Philadelphia"
"2002008228","06","67","67301","67301","2001","12","6","1455","14","1","1","0","4","1","","","N","00","0","07","3","0","1","4","2","N","N","40 02:51.997","75 03:36.561","1501","","1500","","0","","N","","0 ","","","","","","","","","","2","2","0","0","0","0","0","0","0","0","0","1","1","0","0","0","1","0","0","0","0","0","0","0","0","0","0","0","0","0","0","0","0","0","0","4","0","40.0478","-75.0602","","CRASH_2001_Philadelphia"
"2002008230","06","67","67301","67301","2001","12","5","1730","17","3","1","0","4","1","","","N","01","2","00","3","0","1","2","2","N","N","39 55:52.078","75 13:56.580","1745","","1745","","0","","N","","3 ","","","","","","","","","","2","2","0","0","0","0","0","0","0","0","0","1","1","0","0","1","0","0","0","0","0","0","0","0","0","0","0","0","0","0","0","0","0","0","0","4","0","39.9311","-75.2324","","CRASH_2001_Philadelphia"
"2002014621","06","67","67301","67301","2001","07","4","1115","11","1","1","0","7","3","","","N","00","0","00","3","0","1","1","1","N","N","39 54:00.177","75 09:38.418","1125","","1120","1","1","2","N","","0 ","N","","","","","","","","","1","1","0","0","0","0","0","0","0","0","1","0","1","0","0","0","0","0","0","0","0","0","0","0","0","0","0","0","0","0","0","0","0","0","0","3","0","39.9001","-75.1601","","CRASH_2001_Philadelphia"
"2002018878","06","67","67301","67301","2001","08","5","0811","08","1","1","0","2","1","","","N","05","2","00","3","0","2","2","2","N","N","40 00:48.852","75 04:06.763","0839","","0835","","0","","N","","3 ","","","","","","","","","","2","2","0","0","0","0","0","0","0","0","0","2","2","0","0","0","0","0","0","0","1","0","1","0","0","0","0","0","0","0","0","0","0","0","0","4","0","40.0136","-75.0685","","CRASH_2001_Philadelphia"
"2002022866","06","67","67301","67301","2001","08","7","1740","17","1","1","0","4","1","","","N","01","2","00","3","0","5","5","2","N","N","39 59:05.052","75 09:23.802","1740","","1740","","0","","Y","","3 ","","","","","","","","","","2","2","0","0","0","0","0","0","0","0","0","5","5","0","0","0","0","0","0","0","1","0","0","1","0","0","0","0","0","0","0","0","0","0","0","4","0","39.9847","-75.1565","","CRASH_2001_Philadelphia"
"2001288372","06","67","67301","","2001","08","5","1030","10","1","1","0","5","1","","","N","01","0","00","3","0","1","2","2","N","N","39 59:29.371","75 08:53.732","9999","","9999","","0","","N","","0 ","","","","","","","","","","2","0","0","0","0","0","0","1","0","0","0","0","0","0","1","0","0","0","0","0","0","0","0","1","0","0","0","0","0","0","0","0","0","0","0","9","0","39.9915","-75.1483","","CRASH_2001_Philadelphia"
"2002010507","06","67","67301","67301","2001","06","7","1136","11","1","1","0","5","1","","","N","00","2","00","3","0","1","2","2","N","N","40 00:53.917","75 12:24.959","1140","","1137","","0","","N","","3 ","","","","","","","","","","1","1","0","0","0","0","0","0","0","0","0","1","1","0","0","0","0","0","0","0","1","0","0","0","0","0","0","0","0","0","0","0","1","0","0","4","0","40.015","-75.207","","CRASH_2001_Philadelphia"
"2002010725","06","67","67301","67301","2001","07","7","0230","02","3","1","0","8","4","","","N","00","0","00","3","0","1","2","2","N","N","40 01:52.979","75 08:46.682","0235","","0231","","0","","N","","0 ","","","","","","","","","","1","1","0","0","0","0","0","0","0","0","0","1","1","0","1","0","0","0","0","0","0","0","0","0","0","0","0","0","0","0","0","0","1","0","0","4","0","40.0314","-75.1463","","CRASH_2001_Philadelphia"
"2002019235","06","67","67301","67301","2001","08","2","0201","02","3","1","1","4","1","","","N","01","2","00","3","0","2","4","2","N","N","40 01:45.044","75 05:24.036","0205","","0201","","0","","N","","3 ","","","","","","","","","","2","1","0","1","0","0","0","0","0","0","1","1","2","0","0","0","0","0","0","0","0","0","0","0","0","0","0","0","0","0","0","0","0","0","0","3","1","40.0288","-75.0898","","CRASH_2001_Philadelphia"
"2002026354","06","67","67301","67301","2001","09","2","1159","11","1","1","0","4","1","","","N","01","2","00","3","0","0","2","2","N","N","39 54:14.907","75 14:26.329","1159","","1159","","0","","N","","3 ","","","","","","","","","","2","2","0","0","0","0","0","0","0","0","0","0","0","0","0","0","0","0","0","0","0","0","0","0","0","0","0","0","0","0","0","0","0","0","0","0","0","39.904","-75.2401","","CRASH_2001_Philadelphia"