"CRN","DISTRICT","COUNTY","MUNICIPALITY","POLICE_AGCY","CRASH_YEAR","CRASH_MONTH","DAY_OF_WEEK","TIME_OF_DAY","HOUR_OF_DAY","ILLUMINATION","WEATHER","ROAD_CONDITION","COLLISION_TYPE","RELATION_TO_ROAD","WORK_ZONE_TYPE","WORK_ZONE_LOC","WORK_ZONE_IND","INTERSECT_TYPE","TCD_TYPE","LOCATION_TYPE","URBAN_RURAL","FATAL_COUNT","INJURY_COUNT","PERSON_COUNT","TOTAL_UNITS","SCH_BUS_IND","SCH_ZONE_IND","LATITUDE","LONGITUDE","ARRIVAL_TM","CONS_ZONE_SPD_LIM","DISPATCH_TM","EST_HRS_CLOSED","LANE_CLOSED","LN_CLOSE_DIR","NTFY_HIWY_MAINT","SPEC_JURIS_CD","TCD_FUNC_CD","TFC_DETOUR_IND","WORKERS_PRES","WZ_CLOSE_DETOUR","WZ_FLAGGER","WZ_LAW_OFFCR_IND","WZ_LN_CLOSURE","WZ_MOVING","WZ_OTHER","WZ_SHLDER_MDN","VEHICLE_COUNT","AUTOMOBILE_COUNT","MOTORCYCLE_COUNT","BUS_COUNT","SMALL_TRUCK_COUNT","HEAVY_TRUCK_COUNT","SUV_COUNT","VAN_COUNT","BICYCLE_COUNT","MAJ_INJ_COUNT","MOD_INJ_COUNT","MIN_INJ_COUNT","TOT_INJ_COUNT","UNK_INJ_DEG_COUNT","UNK_INJ_PER_COUNT","DRIVER_COUNT_16YR","DRIVER_COUNT_17YR","DRIVER_COUNT_18YR","DRIVER_COUNT_19YR","DRIVER_COUNT_20YR","DRIVER_COUNT_50_64YR","DRIVER_COUNT_65_74YR","DRIVER_COUNT_75PLUS","UNBELTED_OCC_COUNT","UNB_DEATH_COUNT","UNB_MAJ_INJ_COUNT","BELTED_DEATH_COUNT","BELTED_MAJ_INJ_COUNT","MCYCLE_DEATH_COUNT","MCYCLE_MAJ_INJ_COUNT","BICYCLE_DEATH_COUNT","BICYCLE_MAJ_INJ_COUNT","PED_COUNT","PED_DEATH_COUNT","PED_MAJ_INJ_COUNT","MAX_SEVERITY_LEVEL","COMM_VEH_COUNT","DEC_LAT","DEC_LONG","RDWY_SURF_TYPE_CD","COUNTY_YEAR"
"2002014536","06","67","67301","67301","2001","07","7","2217","22","3","1","0","4","1","","","N","01","2","00","3","0","1","3","2","N","N","39 56:23.007","75 11:53.758","2220","","2217","","0","","N","","3 ","","","","","","","","","","1","1","0","0","0","0","0","0","1","0","1","0","1","0","0","0","0","0","0","0","0","0","0","0","0","0","0","0","0","0","0","0","0","0","0","3","0","39.9388","-75.1985","","CRASH_2001_Philadelphia"
"2002018924","06","67","67301","67301","2001","07","7","1820","18","1","1","0","1","1","","","N","02","3","00","3","0","0","2","2","N","N","40 01:13.671","75 09:46.842","1835","","1830","","0","","N","","3 ","","","","","","","","","","2","2","0","0","0","0","0","0","0","0","0","0","0","0","0","0","0","0","0","0","0","0","0","0","0","0","0","0","0","0","0","0","0","0","0","0","0","40.0203","-75.1628","","CRASH_2001_Philadelphia"
"2001254807","06","67","67301","67301","2001","06","5","0732","07","1","1","0","1","1","","","N","00","0","00","3","0","3","3","2","N","N","40 01:42.240","75 06:27.720","9999","","9999","","0","","N","","0 ","","","","","","","","","","2","2","0","0","0","0","0","0","0","0","0","0","0","0","3","0","1","0","0","0","1","0","0","1","0","0","0","0","0","0","0","0","0","0","0","9","0","40.0284","-75.1077","","CRASH_2001_Philadelphia"
"2001288401","06","67","67301","","2001","09","2","0700","07","1","1","0","4","1","","","N","01","2","00","3","0","1","2","2","N","N","39 57:13.680","75 09:59.760","9999","","9999","","0","","N","","3 ","","","","","","","","","","2","2","0","0","0","0","0","0","0","0","0","1","1","0","0","0","0","0","0","0","0","0","0","0","0","0","0","0","0","0","0","0","0","0","0","4","0","39.9538","-75.1666","","CRASH_2001_Philadelphia"
"2001400119","06","67","67301","67301","2001","03","6","1700","17","1","1","0","4","1","","","N","05","2","00","3","1","0","2","2","N","N","40 03:47.880","75 03:05.760","9999","","9999","","0","","N","9","3 ","","","","","","","","","","2","1","0","0","0","0","1","0","0","0","0","0","0","0","0","0","0","0","0","0","0","0","1","0","0","0","1","0","0","0","0","0","0","0","0","1","0","40.0631","-75.0516","2 ","CRASH_2001_Philadelphia"
"2002004061","06","67","67301","67301","2001","06","2","0020","00","3","1","0","7","5","","","N","10","0","00","3","0","1","2","1","N","N","40 00:35.513","75 12:29.208","0027","","0023","","0","","N","","0 ","","","","","","","","","","1","1","0","0","0","0","0","0","0","0","0","1","1","0","0","0","0","0","0","0","0","0","0","0","0","0","0","0","0","0","0","0","0","0","0","4","0","40.0098","-75.208","","CRASH_2001_Philadelphia"
"2002012215","06","67","67301","67301","2001","07","2","2200","22","3","1","0","4","1","","","N","01","2","00","3","0","1","3","2","N","N","39 57:45.782","75 14:50.329","2205","","2200","","0","","N","","2 ","","","","","","","","","","2","2","0","0","0","0","0","0","0","0","0","1","1","0","0","0","0","0","0","0","0","0","0","0","0","0","0","0","0","0","0","0","0","0","0","4","0","39.9627","-75.2472","","CRASH_2001_Philadelphia"
"2002010748","06","67","67301","67301","2001","06","4","0755","07","1","1","0","1","1","","","N","01","2","00","3","0","1","2","2","N","N","40 01:34.108","75 07:18.874","0803","","0758","","0","","N","","3 ","","","","","","","","","","2","2","0","0","0","0","0","0","0","0","0","1","1","0","0","0","0","0","0","0","0","0","0","0","0","0","0","0","0","0","0","0","0","0","0","4","0","40.0746","-75.0351","","CRASH_2001_Philadelphia"
"2002012249","06","67","67301","67301","2001","07","5","2358","23","3","1","0","1","1","","","N","00","0","00","3","0","1","3","2","N","N","40 01:34.718","75 01:36.720","0001","","2359","1","1","1","N","","0 ","N","","","","","","","","","2","2","0","0","0","0","0","0","0","0","0","1","1","0","0","0","0","1","0","0","0","0","0","2","0","0","0","0","0","0","0","0","0","0","0","4","0","40.0281","-75.0235","","CRASH_2001_Philadelphia"
"2002010474","06","67","67301","67301","2001","06","4","2000","20","3","1","0","8","1","","","N","10","9","00","3","0","1","2","2","N","N","39 58:43.000","75 14:08.900","2115","","2110","","0","","N","","9 ","","","","","","","","","","1","1","0","0","0","0","0","0","0","0","0","1","1","0","0","0","0","0","0","0","0","0","0","0","0","0","0","0","0","0","0","0","1","0","0","4","0","39.9786","-75.2358","","CRASH_2001_Philadelphia"
"2001240098","06","67","67301","67301","2001","04","5","0646","06","1","1","0","4","1","","","N","01","2","00","3","0","2","3","2","N","N","39 58:20.640","75 09:59.400","9999","","9999","","0","","N","","3 ","","","","","","","","","","2","2","0","0","0","0","0","0","0","0","1","0","1","0","1","0","0","0","0","1","0","0","0","0","0","0","0","0","0","0","0","0","0","0","0","3","0","39.9724","-75.1665","","CRASH_2001_Philadelphia"
"2002020150","06","67","67301","67301","2001","07","1","1745","17","1","2","1","4","1","","","N","00","2","00","3","0","2","9","3","N","N","","","1815","","1805","","0","","N","","3 ","","","","","","","","","","3","3","0","0","0","0","0","0","0","0","0","2","2","0","0","0","0","0","1","0","0","0","0","0","0","0","0","0","0","0","0","0","0","0","0","4","0","","","","CRASH_2001_Philadelphia"
"2002036051","06","67","67301","67301","2001","11","7","1820","18","3","1","0","1","1","","","N","00","2","00","3","0","2","5","3","N","N","40 04:19.388","75 04:36.036","1835","","1828","","0","","N","","3 ","","","","","","","","","","3","2","0","0","1","0","0","0","0","0","0","2","2","0","0","0","0","0","0","0","0","0","0","0","0","0","0","0","0","0","0","0","0","0","0","4","0","40.072","-75.0768","","CRASH_2001_Philadelphia"
"2002037465","06","67","67301","46104","2001","11","5","1826","18","3","1","1","2","1","","","N","01","2","00","3","0","1","2","2","N","N","39 59:17.880","75 15:14.400","1829","","1826","","0","","N","","3 ","","","","","","","","","","2","2","0","0","0","0","0","0","0","0","0","1","1","0","0","0","0","0","0","0","0","0","0","0","0","0","0","0","0","0","0","0","0","0","0","4","0","39.9883","-75.254","","CRASH_2001_Philadelphia"
"2002039656","06","67","67301","67301","2001","11","2","1709","17","3","1","0","4","2","","","N","01","2","00","3","0","3","3","3","N","N","40 02:19.838","75 10:17.839","1755","","1720","","0","","N","","3 ","","","","","","","","","","3","3","0","0","0","0","0","0","0","0","0","3","3","0","0","0","0","0","0","0","0","1","0","0","0","0","0","0","0","0","0","0","0","0","0","4","0","40.0388","-75.1716","","CRASH_2001_Philadelphia"
"2001244672","06","67","67301","67301","2001","04","4","0648","06","1","1","0","4","1","","","N","01","2","00","3","0","1","3","2","N","N","40 00:29.520","75 08:34.440","9999","","9999","","0","","N","","3 ","","","","","","","","","","2","2","0","0","0","0","0","0","0","0","1","0","1","0","0","0","0","0","1","0","0","0","0","0","0","0","0","0","0","0","0","0","0","0","0","3","0","40.0082","-75.1428","","CRASH_2001_Philadelphia"
"2001244922","06","67","67301","67301","2001","05","6","2020","20","3","1","0","4","1","","","N","02","3","00","3","0","1","2","2","N","N","40 02:02.940","75 10:48.590","9999","","9999","","0","","N","","3 ","","","","","","","","","","1","1","0","0","0","0","0","0","1","0","0","0","0","0","1","0","0","0","0","0","0","0","0","0","0","0","0","0","0","0","0","0","0","0","0","9","0","40.0342","-75.1802","","CRASH_2001_Philadelphia"
"2002004233","06","67","67301","67301","2001","06","7","2215","22","3","2","1","1","1","","","N","00","0","00","3","0","1","2","2","N","N","40 01:22.440","75 08:08.520","2215","","2208","","0","","N","","0 ","","","","","","","","","","2","2","0","0","0","0","0","0","0","0","0","1","1","0","0","0","0","0","0","1","0","0","0","0","0","0","0","0","0","0","0","0","0","0","0","4","0","40.0229","-75.1358","","CRASH_2001_Philadelphia"
"2001252105","06","67","67301","67301","2001","06","7","2342","23","3","1","0","4","1","","","N","00","0","00","3","0","1","2","2","N","N","","","9999","","9999","","0","","N","","0 ","","","","","","","","","","2","1","1","0","0","0","0","0","0","1","0","0","1","0","0","0","1","1","0","0","0","0","0","1","0","0","0","0","0","1","0","0","0","0","0","2","0","","","","CRASH_2001_Philadelphia"
"2001238201","06","67","67301","67301","2001","04","7","1645","16","1","1","0","4","1","","","N","02","2","00","3","0","1","5","2","N","N","40 00:49.320","75 09:31.320","9999","","9999","","0","","N","","3 ","","","","","","","","","","2","2","0","0","0","0","0","0","0","0","0","0","0","0","1","0","0","0","0","0","0","0","0","0","0","0","0","0","0","0","0","0","0","0","0","9","0","40.0136","-75.1587","","CRASH_2001_Philadelphia"
"2001244663","06","67","67301","67301","2001","05","5","1314","13","1","1","0","4","1","","","N","01","2","00","3","0","3","3","2","N","N","39 56:32.280","75 14:01.680","9999","","9999","","0","","N","","3 ","","","","","","","","","","2","2","0","0","0","0","0","0","0","2","1","0","3","0","0","0","0","0","0","0","0","0","1","1","0","1","0","1","0","0","0","0","0","0","0","2","0","39.9423","-75.2339","","CRASH_2001_Philadelphia"
"2001234541","06","67","67301","67301","2001","04","1","1804","18","4","1","0","4","1","","","N","01","3","00","3","0","1","4","3","N","N","","","9999","","9999","","0","","N","","3 ","","","","","","","","","","3","1","0","0","0","0","1","0","0","0","0","1","1","0","0","0","1","0","0","0","0","0","0","0","0","0","0","0","0","0","0","0","0","0","0","4","0","","","","CRASH_2001_Philadelphia"
"2001240135","06","67","67301","67301","2001","04","4","1521","15","1","1","0","4","1","","","N","01","2","00","3","0","1","2","2","N","N","39 57:44.280","75 09:40.680","9999","","9999","","0","","N","","3 ","","","","","","","","","","2","1","0","0","0","0","1","0","0","0","0","1","1","0","0","0","0","0","0","0","0","0","0","0","0","0","0","0","0","0","0","0","0","0","0","4","0","39.9623","-75.1614","","CRASH_2001_Philadelphia"
"2001243615","06","67","67301","67301","2001","04","7","1350","13","1","1","0","4","1","","","N","00","0","07","3","0","1","2","2","N","N","","","9999","","9999","","0","","N","","0 ","","","","","","","","","","2","0","1","0","0","1","0","0","0","0","0","0","0","0","1","0","0","0","0","0","0","0","0","0","0","0","0","0","0","0","0","0","0","0","0","9","1","","","","CRASH_2001_Philadelphia"
"2001243702","06","67","67301","67301","2001","05","7","1149","11","1","1","0","4","1","","","N","02","2","00","3","0","1","2","2","N","N","40 04:53.760","74 59:39.120","9999","","9999","","0","","N","","3 ","","","","","","","","","","2","1","0","0","0","0","0","1","0","0","0","0","0","0","1","0","0","0","0","0","0","0","0","0","0","0","0","0","0","0","0","0","0","0","0","9","0","40.0816","-74.9942","","CRASH_2001_Philadelphia"
"2001244773","06","67","67301","67301","2001","05","7","1849","18","1","1","0","1","1","","","N","01","2","00","3","0","0","2","2","N","N","40 03:07.920","75 00:29.160","9999","","9999","","0","","N","","3 ","","","","","","","","","","2","2","0","0","0","0","0","0","0","0","0","0","0","0","0","0","0","0","0","0","0","0","0","0","0","0","0","0","0","0","0","0","0","0","0","0","0","40.0524","-75.0079","","CRASH_2001_Philadelphia"
"2001248789","06","67","67301","67301","2001","05","6","1535","15","1","1","0","8","1","","","N","01","3","00","3","0","1","2","2","N","N","39 58:57.676","75 06:12.974","9999","","9999","","0","","N","","3 ","","","","","","","","","","1","1","0","0","0","0","0","0","0","0","0","1","1","0","0","0","0","0","0","0","0","0","1","0","0","0","0","0","0","0","0","0","1","0","0","4","0","39.9827","-75.1036","","CRASH_2001_Philadelphia"
"2002004060","06","67","67301","67301","2001","06","5","1030","10","1","1","0","7","2","","","N","00","0","00","3","0","0","1","1","N","N","39 53:56.040","75 10:39.720","1040","","1035","","0","","N","","0 ","","","","","","","","","","1","1","0","0","0","0","0","0","0","0","0","0","0","0","0","0","0","0","0","0","0","0","0","0","0","0","0","0","0","0","0","0","0","0","0","0","0","39.899","-75.1678","","CRASH_2001_Philadelphia"
"2002017608","06","67","67301","67301","2001","08","7","0902","09","1","1","0","8","1","","","N","01","2","00","3","0","1","2","2","N","N","40 02:23.415","75 08:40.547","0910","","0902","","0","","N","","3 ","","","","","","","","","","1","1","0","0","0","0","0","0","0","0","0","1","1","0","0","0","0","0","0","0","0","0","0","0","0","0","0","0","0","0","0","0","1","0","0","4","0","40.0398","-75.1446","","CRASH_2001_Philadelphia"
"2002033700","06","67","67301","67301","2001","11","5","0833","08","1","1","0","8","1","","","N","01","2","00","3","0","1","2","2","N","N","40 02:20.000","75 08:40.752","0836","","0834","","0","","N","","3 ","","","","","","","","","","1","1","0","0","0","0","0","0","0","0","0","1","1","0","0","0","0","0","0","0","0","0","0","0","0","0","0","0","0","0","0","0","1","0","0","4","0","40.039","-75.1446","","CRASH_2001_Philadelphia"
"2002035760","06","67","67301","67301","2001","10","7","0112","01","3","1","0","7","3","","","N","00","0","00","3","0","0","4","1","N","N","39 55:39.711","75 11:44.837","0120","","0115","","0","","N","","0 ","","","","","","","","","","1","1","0","0","0","0","0","0","0","0","0","0","0","0","0","0","0","0","0","0","0","0","0","0","0","0","0","0","0","0","0","0","0","0","0","0","0","39.928","-75.1961","","CRASH_2001_Philadelphia"
"2002040159","06","67","67301","67301","2001","11","5","0450","04","3","1","0","7","9","","","N","02","0","00","3","0","1","1","1","N","N","40 00:25.346","75 04:50.703","0455","","0450","","0","","N","","0 ","","","","","","","","","","1","1","0","0","0","0","0","0","0","0","0","1","1","0","0","0","0","0","0","0","0","0","0","0","0","0","0","0","0","0","0","0","0","0","0","4","0","40.0071","-75.0807","","CRASH_2001_Philadelphia"
"2001265955","06","67","67301","67301","2001","05","6","1520","15","1","1","0","8","1","","","N","01","2","00","3","0","2","2","2","N","N","39 55:00.840","75 14:48.840","9999","","9999","","0","","N","","3 ","","","","","","","","","","1","0","0","0","0","0","0","0","0","0","1","0","1","0","1","0","0","0","0","0","0","0","0","0","0","0","0","0","0","0","0","0","1","0","0","3","0","39.9172","-75.2463","","CRASH_2001_Philadelphia"
"2001288407","06","67","67301","","2001","09","1","1245","12","1","1","0","1","1","","","N","01","2","00","3","0","3","3","2","N","N","40 01:00.840","75 08:58.560","9999","","9999","","0","","N","","3 ","","","","","","","","","","2","2","0","0","0","0","0","0","0","0","0","0","0","0","3","0","0","0","0","0","1","0","0","3","0","0","0","0","0","0","0","0","0","0","0","9","0","40.0169","-75.1496","","CRASH_2001_Philadelphia"
"2001244668","06","67","67301","67301","2001","05","1","0650","06","1","1","0","9","1","","","N","00","0","00","3","0","1","1","5","N","N","","","9999","","9999","","0","","N","","0 ","","","","","","","","","","5","1","0","0","0","0","0","0","0","0","1","0","1","0","0","0","0","0","0","0","0","0","0","1","0","0","0","0","0","0","0","0","0","0","0","3","0","","","","CRASH_2001_Philadelphia"
"2002017495","06","67","67301","67301","2001","08","7","2050","20","3","2","1","4","1","","","N","01","2","99","3","0","1","4","2","N","N","40 02:50.083","75 10:03.940","2103","","2053","","0","","N","","3 ","","","","","","","","","","2","2","0","0","0","0","0","0","0","0","0","1","1","0","0","0","0","0","1","0","0","1","0","0","0","0","0","0","0","0","0","0","0","0","0","4","0","40.0473","-75.1677","","CRASH_2001_Philadelphia"
"2002005844","06","67","67301","67301","2001","05","4","0535","05","1","1","0","4","1","","","N","01","1","00","3","0","1","2","2","N","N","","","0535","","9999","","0","","N","","3 ","","","","","","","","","","2","1","0","1","0","0","0","0","0","0","0","1","1","0","0","0","0","0","0","0","0","0","0","0","0","0","0","0","0","0","0","0","0","0","0","4","1","","","","CRASH_2001_Philadelphia"
"2002013093","06","67","67301","67301","2001","07","7","2225","22","3","1","0","2","1","","","N","00","0","00","3","0","1","2","2","N","N","39 59:28.401","75 08:05.671","2235","","2230","","0","","N","","0 ","","","","","","","","","","1","1","0","0","0","0","0","0","0","1","0","0","1","0","0","0","0","0","0","0","0","0","0","0","0","0","0","0","0","0","0","0","1","0","1","2","0","39.9913","-75.1347","","CRASH_2001_Philadelphia"
"2002019529","06","67","67301","67301","2001","08","5","1600","16","1","1","0","8","1","","","N","02","2","00","3","0","1","2","2","N","Y","40 02:05.000","75 07:02.400","1615","","1608","","0","","N","","3 ","","","","","","","","","","1","1","0","0","0","0","0","0","0","0","0","1","1","0","0","0","0","0","0","0","0","0","0","0","0","0","0","0","0","0","0","0","1","0","0","4","0","40.0348","-75.1173","","CRASH_2001_Philadelphia"
"2002028700","06","67","67301","67301","2001","09","7","1850","18","1","1","0","7","9","","","N","00","0","00","3","0","0","1","1","N","N","39 55:37.971","75 11:28.015","1945","","1945","","0","","N","","0 ","","","","","","","","","","1","0","1","0","0","0","0","0","0","0","0","0","0","0","0","0","0","0","0","0","0","0","0","0","0","0","0","0","0","0","0","0","0","0","0","0","0","39.9271","-75.1913","","CRASH_2001_Philadelphia"
"2002032192","06","67","67301","67301","2001","10","3","1518","15","1","1","0","1","1","","","N","06","0","02","3","0","1","3","2","N","N","39 56:42.720","75 11:24.720","1530","","1518","","0","","N","","0 ","","","","","","","","","","2","2","0","0","0","0","0","0","0","0","1","0","1","0","0","0","0","0","0","0","1","0","0","0","0","0","0","0","0","0","0","0","0","0","0","3","0","39.9452","-75.1902","","CRASH_2001_Philadelphia"
"2002031672","06","67","67301","67301","2001","09","7","0250","02","3","1","1","4","1","","","N","01","2","00","3","0","1","2","2","N","N","39 59:58.959","75 05:56.272","0257","","0255","","0","","N","9","3 ","","","","","","","","","","2","2","0","0","0","0","0","0","0","0","0","1","1","0","1","0","0","0","0","0","0","0","0","0","0","0","0","0","0","0","0","0","0","0","0","4","0","39.9997","-75.099","9 ","CRASH_2001_Philadelphia"
"2002040241","06","67","67301","67301","2001","11","4","0815","08","1","1","0","1","1","","","N","00","0","00","3","0","1","1","2","N","Y","40 02:52.765","75 09:38.719","0827","","0521","","0","","N","","0 ","","","","","","","","","","2","1","0","0","0","0","0","0","0","0","0","1","1","0","0","0","0","0","0","0","1","0","0","1","0","0","0","0","0","0","0","0","0","0","0","4","0","40.048","-75.1608","","CRASH_2001_Philadelphia"
"2002043634","06","67","67301","67301","2001","12","5","0012","00","3","2","1","5","1","","","N","01","2","00","3","0","2","3","2","N","N","39 56:23.007","75 11:53.758","0023","","0012","","0","","N","","3 ","","","","","","","","","","2","2","0","0","0","0","0","0","0","0","0","2","2","0","1","0","0","0","0","0","0","0","0","0","0","0","0","0","0","0","0","0","0","0","0","4","0","39.939","-75.1983","","CRASH_2001_Philadelphia"
"2002044428","06","67","67301","67301","2001","12","7","1330","13","1","1","0","1","1","","","N","00","0","00","3","0","1","6","3","N","N","40 05:23.410","75 01:59.610","1353","","1353","","0","","N","","0 ","","","","","","","","","","3","3","0","0","0","0","0","0","0","0","0","1","1","0","0","0","0","0","0","0","0","2","0","0","0","0","0","0","0","0","0","0","0","0","0","4","0","40.09","-75.0332","","CRASH_2001_Philadelphia"
"2002012186","06","67","67301","67301","2001","07","7","0647","06","1","1","0","7","5","","","N","01","2","00","3","0","0","1","1","N","N","40 06:52.056","74 59:16.817","0650","","0647","","0","","N","","3 ","","","","","","","","","","1","1","0","0","0","0","0","0","0","0","0","0","0","0","0","0","0","0","0","0","0","0","0","0","0","0","0","0","0","0","0","0","0","0","0","0","0","40.1141","-74.9877","","CRASH_2001_Philadelphia"
"2002017614","06","67","67301","67301","2001","08","4","1205","12","1","2","0","2","1","","","N","03","4","00","3","0","1","2","2","N","N","40 03:29.038","75 09:56.580","1212","","1208","","0","","N","","3 ","","","","","","","","","","2","2","0","0","0","0","0","0","0","0","0","1","1","0","0","0","0","0","0","0","1","0","0","0","0","0","0","0","0","0","0","0","0","0","0","4","0","40.0577","-75.1661","","CRASH_2001_Philadelphia"
"2002038326","06","67","67301","67301","2001","10","1","0751","07","1","1","0","7","4","","","N","10","4","00","3","0","0","1","1","N","N","39 57:32.436","75 10:18.941","9999","","9999","","0","","N","","3 ","","","","","","","","","","1","1","0","0","0","0","0","0","0","0","0","0","0","0","0","0","0","0","0","0","1","0","0","0","0","0","0","0","0","0","0","0","0","0","0","0","0","39.9582","-75.1699","","CRASH_2001_Philadelphia"
"2002041945","06","67","67301","67301","2001","12","2","0854","08","1","1","0","1","1","","","N","00","0","04","3","0","2","2","2","N","N","39 57:18.167","75 10:51.565","0900","","0855","1","1","4","N","","0 ","N","","","","","","","","","2","2","0","0","0","0","0","0","0","0","0","2","2","0","0","0","0","0","0","0","0","0","1","0","0","0","0","0","0","0","0","0","0","0","0","4","0","39.9549","-75.1809","","CRASH_2001_Philadelphia"
"2002017630","06","67","67301","67301","2001","08","1","0044","00","3","1","0","2","3","","","N","00","0","00","3","0","3","4","2","N","N","40 02:51.000","75 03:35.000","0046","","0044","","0","","N","","0 ","","","","","","","","","","2","2","0","0","0","0","0","0","0","0","0","3","3","0","0","0","0","1","0","0","0","0","0","0","0","0","0","0","0","0","0","0","0","0","0","4","0","40.0477","-75.0598","","CRASH_2001_Philadelphia"
"2002026342","06","67","67301","67301","2001","09","3","1500","15","1","1","0","4","1","","","N","02","2","00","3","0","0","3","2","N","N","39 57:01.171","75 10:20.681","1532","","1526","","0","","N","","3 ","","","","","","","","","","2","1","0","0","0","1","0","0","0","0","0","0","0","0","0","0","0","0","0","0","0","0","0","0","0","0","0","0","0","0","0","0","0","0","0","0","1","39.9503","-75.1722","","CRASH_2001_Philadelphia"
"2002029757","06","67","67301","67301","2001","09","6","0831","08","1","2","1","7","3","","","N","01","2","00","3","0","1","1","1","N","N","40 01:15.651","75 08:24.505","0838","","0831","","0","","N","","3 ","","","","","","","","","","1","1","0","0","0","0","0","0","0","0","0","1","1","0","0","0","0","0","0","0","0","0","0","0","0","0","0","0","0","0","0","0","0","0","0","4","0","40.0211","-75.1399","","CRASH_2001_Philadelphia"
"2002044149","06","67","67301","67301","2001","11","3","0652","06","1","2","1","1","1","","","N","06","0","02","3","0","3","3","3","N","N","40 06:01.080","74 59:14.280","0658","","0653","","0","","Y","","0 ","","","","","","","","","","2","2","0","0","0","0","0","0","0","0","0","3","3","0","0","0","0","0","0","0","0","0","0","0","0","0","0","0","0","0","0","0","0","0","0","4","0","40.1002","-74.9876","","CRASH_2001_Philadelphia"
"2002050969","06","67","67301","67301","2001","12","6","1605","16","3","2","1","1","1","","","N","00","0","00","3","0","1","2","2","N","N","","","1625","","1605","","0","","N","","0 ","","","","","","","","","","2","2","0","0","0","0","0","0","0","0","1","0","1","0","1","0","0","0","0","0","0","0","0","0","0","0","0","0","0","0","0","0","0","0","0","3","0","","","","CRASH_2001_Philadelphia"
"2002018903","06","67","67301","67301","2001","07","6","2055","20","3","1","0","7","3","","","N","00","0","06","3","0","1","2","1","N","N","40 04:17.000","75 02:20.000","2105","","2057","","0","","N","","0 ","","","","","","","","","","1","1","0","0","0","0","0","0","0","0","0","1","1","0","0","0","0","0","0","0","0","0","0","0","0","0","0","0","0","0","0","0","0","0","0","4","0","40.0694","-75.0393","","CRASH_2001_Philadelphia"
"2002038300","06","67","67301","67301","2001","11","7","1344","13","1","1","0","1","1","","","N","01","2","00","3","0","2","6","4","N","N","39 54:55.816","75 09:41.431","1347","","1345","","0","","N","","9 ","","","","","","","","","","4","4","0","0","0","0","0","0","0","0","0","2","2","0","0","0","0","0","0","0","0","0","1","0","0","0","0","0","0","0","0","0","0","0","0","4","0","39.9155","-75.1615","","CRASH_2001_Philadelphia"
"2002043197","06","67","67301","67301","2001","12","5","1401","14","1","1","0","8","1","","","N","01","0","00","3","0","1","2","2","N","Y","40 00:27.477","75 07:38.406","1408","","1403","","0","","N","","0 ","","","","","","","","","","1","0","0","0","1","0","0","0","0","0","0","1","1","0","0","0","0","0","0","0","0","0","0","0","0","0","0","0","0","0","0","0","1","0","0","4","0","40.0076","-75.1273","","CRASH_2001_Philadelphia"
"2006069506","06","67","67301","","2001","02","4","1745","17","6","9","8","4","1","","","N","00","0","00","3","0","1","2","2","","","40 03:15.840","74 59:07.080","","","","","0","","","","0 ","","","","","","","","","","2","1","0","0","1","0","0","0","0","0","0","0","1","1","1","0","0","0","0","0","0","0","0","0","0","0","0","0","0","0","0","0","0","0","0","8","0","40.0543","-74.9853","","CRASH_2001_Philadelphia"
"2002041984","06","67","67301","67301","2001","12","4","1036","10","1","1","0","0","1","","","N","00","0","00","3","0","0","1","2","N","N","40 02:50.975","74 59:58.976","1040","","1036","","0","","N","","0 ","","","","","","","","","","1","1","0","0","0","0","0","0","0","0","0","0","0","0","0","0","0","0","0","0","0","0","0","0","0","0","0","0","0","0","0","0","0","0","0","0","0","40.047","-75.0004","","CRASH_2001_Philadelphia"
"2002014586","06","67","67301","67301","2001","07","2","2228","22","3","1","0","4","1","","","N","02","2","00","3","0","3","3","2","N","N","40 04:53.156","74 58:35.068","1236","","2230","","0","","N","","3 ","","","","","","","","","","2","1","0","0","1","0","0","0","0","0","0","3","3","0","0","0","0","0","0","0","0","0","0","1","0","0","0","0","0","0","0","0","0","0","0","4","0","40.0814","-74.9763","","CRASH_2001_Philadelphia"
"2002029946","06","67","67301","67301","2001","09","3","1445","14","1","1","8","4","1","","","N","01","3","00","3","0","1","2","2","N","N","40 03:19.827","75 03:42.934","1450","","1450","","0","","N","","3 ","","","","","","","","","","2","1","0","0","1","0","0","0","0","0","0","1","1","0","0","0","0","0","0","0","0","0","0","0","0","0","0","0","0","0","0","0","0","0","0","4","0","40.0555","-75.062","","CRASH_2001_Philadelphia"
"2002031727","06","67","67301","67301","2001","10","2","0015","00","3","1","0","4","3","1","2","Y","01","2","00","3","0","1","4","2","N","N","39 58:31.830","75 11:23.485","0029","25","0023","","0","","N","","3 ","","N","","","U","","","","Y","2","2","0","0","0","0","0","0","0","0","0","1","1","0","0","0","0","0","0","0","0","0","0","1","0","0","0","0","0","0","0","0","0","0","0","4","0","39.9764","-75.1893","","CRASH_2001_Philadelphia"
"2002035112","06","67","67301","67301","2001","11","4","0140","01","3","1","0","2","2","","","N","00","0","00","3","0","2","2","2","N","N","40 02:35.472","75 01:23.117","0140","","0140","","0","","N","","0 ","","","","","","","","","","2","2","0","0","0","0","0","0","0","0","0","2","2","0","0","0","0","0","0","0","0","0","0","2","0","0","0","0","0","0","0","0","0","0","0","4","0","40.0432","-75.0231","","CRASH_2001_Philadelphia"