"CRN","DISTRICT","COUNTY","MUNICIPALITY","POLICE_AGCY","CRASH_YEAR","CRASH_MONTH","DAY_OF_WEEK","TIME_OF_DAY","HOUR_OF_DAY","ILLUMINATION","WEATHER","ROAD_CONDITION","COLLISION_TYPE","RELATION_TO_ROAD","WORK_ZONE_TYPE","WORK_ZONE_LOC","WORK_ZONE_IND","INTERSECT_TYPE","TCD_TYPE","LOCATION_TYPE","URBAN_RURAL","FATAL_COUNT","INJURY_COUNT","PERSON_COUNT","TOTAL_UNITS","SCH_BUS_IND","SCH_ZONE_IND","LATITUDE","LONGITUDE","ARRIVAL_TM","CONS_ZONE_SPD_LIM","DISPATCH_TM","EST_HRS_CLOSED","LANE_CLOSED","LN_CLOSE_DIR","NTFY_HIWY_MAINT","SPEC_JURIS_CD","TCD_FUNC_CD","TFC_DETOUR_IND","WORKERS_PRES","WZ_CLOSE_DETOUR","WZ_FLAGGER","WZ_LAW_OFFCR_IND","WZ_LN_CLOSURE","WZ_MOVING","WZ_OTHER","WZ_SHLDER_MDN","VEHICLE_COUNT","AUTOMOBILE_COUNT","MOTORCYCLE_COUNT","BUS_COUNT","SMALL_TRUCK_COUNT","HEAVY_TRUCK_COUNT","SUV_COUNT","VAN_COUNT","BICYCLE_COUNT","MAJ_INJ_COUNT","MOD_INJ_COUNT","MIN_INJ_COUNT","TOT_INJ_COUNT","UNK_INJ_DEG_COUNT","UNK_INJ_PER_COUNT","DRIVER_COUNT_16YR","DRIVER_COUNT_17YR","DRIVER_COUNT_18YR","DRIVER_COUNT_19YR","DRIVER_COUNT_20YR","DRIVER_COUNT_50_64YR","DRIVER_COUNT_65_74YR","DRIVER_COUNT_75PLUS","UNBELTED_OCC_COUNT","UNB_DEATH_COUNT","UNB_MAJ_INJ_COUNT","BELTED_DEATH_COUNT","BELTED_MAJ_INJ_COUNT","MCYCLE_DEATH_COUNT","MCYCLE_MAJ_INJ_COUNT","BICYCLE_DEATH_COUNT","BICYCLE_MAJ_INJ_COUNT","PED_COUNT","PED_DEATH_COUNT","PED_MAJ_INJ_COUNT","MAX_SEVERITY_LEVEL","COMM_VEH_COUNT","DEC_LAT","DEC_LONG","RDWY_SURF_TYPE_CD","COUNTY_YEAR"
"2002044426","06","67","67301","67301","2001","12","6","1246","12","1","1","0","6","1","","","N","01","2","00","3","0","0","2","2","N","N","40 01:10.675","75 10:28.997","1246","","1246","","0","","N","","3 ","","","","","","","","","","2","2","0","0","0","0","0","0","0","0","0","0","0","0","1","0","0","0","0","0","1","0","0","0","0","0","0","0","0","0","0","0","0","0","0","9","0","40.0194","-75.1744","","CRASH_2001_Philadelphia"
"2002045928","06","67","67301","67301","2001","10","3","1540","15","1","1","0","6","1","","","N","00","0","00","3","0","0","3","3","N","N","40 02:01.856","75 04:17.584","1557","","1545","","0","","N","","0 ","","","","","","","","","","3","2","0","1","0","0","0","0","0","0","0","0","0","0","1","0","0","0","0","0","0","0","0","0","0","0","0","0","0","0","0","0","0","0","0","9","1","40.0339","-75.0715","","CRASH_2001_Philadelphia"
"2002024678","06","67","67301","67301","2001","07","7","0700","07","3","1","0","8","1","","","N","00","2","01","3","0","1","2","2","N","N","39 57:36.232","75 13:29.665","0134","","0728","","0","","N","","3 ","","","","","","","","","","1","1","0","0","0","0","0","0","0","0","0","1","1","0","1","0","0","0","0","0","0","0","0","0","0","0","0","0","0","0","0","0","1","0","0","4","0","39.96","-75.2249","","CRASH_2001_Philadelphia"
"2002031673","06","67","67301","67301","2001","09","7","2150","21","3","1","0","4","1","","","N","01","2","00","3","0","4","6","2","N","N","39 59:49.389","75 09:13.851","2210","","2203","","0","","N","","3 ","","","","","","","","","","2","2","0","0","0","0","0","0","0","0","3","1","4","0","0","0","0","0","0","0","0","0","0","0","0","0","0","0","0","0","0","0","0","0","0","3","0","39.9968","-75.1538","","CRASH_2001_Philadelphia"
"2002033574","06","67","67301","67301","2001","11","5","2110","21","3","1","8","1","1","","","N","01","2","00","3","0","0","5","2","N","N","40 05:24.314","74 59:02.327","2130","","2115","","0","","N","","3 ","","","","","","","","","","2","2","0","0","0","0","0","0","0","0","0","0","0","0","1","0","0","0","0","0","0","0","0","0","0","0","0","0","0","0","0","0","0","0","0","9","0","40.0899","-74.9842","","CRASH_2001_Philadelphia"
"2002043215","06","67","67301","67301","2001","12","6","0745","07","1","2","1","5","2","","","N","00","0","00","3","0","1","2","2","N","N","","","1145","","1145","","0","","N","","0 ","","","","","","","","","","2","1","0","0","0","0","0","0","0","0","0","1","1","0","0","0","0","0","0","0","1","0","0","0","0","0","0","0","0","0","0","0","0","0","0","4","0","","","","CRASH_2001_Philadelphia"
"2002039625","06","67","67301","67301","2001","12","5","1825","18","3","1","0","8","4","","","N","01","2","00","3","0","1","2","2","N","N","39 59:13.370","75 06:18.151","1849","","1849","","0","","N","","3 ","","","","","","","","","","1","1","0","0","0","0","0","0","0","1","0","0","1","0","0","0","0","0","0","0","0","0","0","1","0","0","0","0","0","0","0","0","1","0","1","2","0","39.9871","-75.1051","","CRASH_2001_Philadelphia"
"2002041616","06","67","67301","67301","2001","11","4","1520","15","1","1","0","1","1","","","N","00","0","00","3","0","0","4","4","N","N","39 54:25.707","75 08:59.224","1535","","1525","","0","","N","","0 ","","","","","","","","","","4","4","0","0","0","0","0","0","0","0","0","0","0","0","0","0","0","0","0","0","0","0","0","0","0","0","0","0","0","0","0","0","0","0","0","0","0","39.9076","-75.1496","","CRASH_2001_Philadelphia"
"2002044406","06","67","67301","67301","2001","11","5","2333","23","3","1","0","4","1","","","N","01","2","00","3","0","2","2","2","N","N","","","2338","","2333","","0","","N","","3 ","","","","","","","","","","2","2","0","0","0","0","0","0","0","0","1","1","2","0","0","0","0","0","0","0","0","0","0","0","0","0","0","0","0","0","0","0","0","0","0","3","0","","","","CRASH_2001_Philadelphia"
"2002010462","06","67","67301","67301","2001","07","7","0345","03","3","1","0","7","5","","","N","01","3","01","3","0","1","3","2","N","N","40 01:17.269","75 04:46.032","0349","","9999","","0","","N","","3 ","","","","","","","","","","1","1","0","0","0","0","0","0","0","0","0","1","1","0","1","0","0","0","0","0","0","0","0","2","0","0","0","0","0","0","0","0","0","0","0","4","0","40.0214","-75.0794","","CRASH_2001_Philadelphia"
"2002023889","06","67","67301","67301","2001","08","5","1430","14","1","1","0","8","1","","","N","02","2","00","3","0","1","2","2","N","N","40 00:00.789","75 08:31.789","2203","","2152","","0","","N","","3 ","","","","","","","","","","1","1","0","0","0","0","0","0","0","0","0","1","1","0","1","0","0","0","0","0","0","0","0","0","0","0","0","0","0","0","0","0","1","0","0","4","0","40.0002","-75.1421","","CRASH_2001_Philadelphia"
"2002027365","06","67","67301","67301","2001","09","5","0655","06","1","1","0","7","4","","","N","02","0","00","3","0","0","1","2","N","N","40 02:39.482","75 13:03.697","0710","","0705","","0","","N","","0 ","","","","","","","","","","1","1","0","0","0","0","0","0","0","0","0","0","0","0","0","0","0","0","0","0","0","0","0","0","0","0","0","0","0","0","0","0","0","0","0","0","0","40.0446","-75.2177","","CRASH_2001_Philadelphia"
"2001243600","06","67","67301","67301","2001","05","3","9999","99","1","1","0","4","1","","","N","01","3","00","3","0","0","2","4","N","N","","","9999","","9999","","0","","N","","3 ","","","","","","","","","","4","2","0","0","0","0","0","0","0","0","0","0","0","0","0","0","0","0","0","0","1","0","0","0","0","0","0","0","0","0","0","0","0","0","0","0","0","","","","CRASH_2001_Philadelphia"
"2001248743","06","67","67301","67301","2001","05","7","1340","13","1","1","0","8","1","","","N","00","0","00","3","0","1","2","2","N","N","","","9999","","9999","","0","","N","","0 ","","","","","","","","","","1","1","0","0","0","0","0","0","0","0","1","0","1","0","0","0","0","0","0","0","0","0","0","0","0","0","0","0","0","0","0","0","1","0","0","3","0","","","","CRASH_2001_Philadelphia"
"2002007870","06","67","67301","67301","2001","06","3","1600","16","1","1","0","4","1","","","N","00","0","00","3","0","2","4","3","N","N","","","1630","","1613","","0","","N","","0 ","","","","","","","","","","3","2","0","0","1","0","0","0","0","0","2","0","2","0","0","0","0","0","0","0","1","0","0","0","0","0","0","0","0","0","0","0","0","0","0","3","0","","","","CRASH_2001_Philadelphia"
"2002026638","06","67","67301","67301","2001","09","2","2001","20","1","1","0","4","1","","","N","01","2","00","3","0","2","2","2","N","N","40 03:45.305","75 10:14.653","2000","","1901","","0","","N","","3 ","","","","","","","","","","2","2","0","0","0","0","0","0","0","0","2","0","2","0","0","0","0","0","0","0","1","0","0","0","0","0","0","0","0","0","0","0","0","0","0","3","0","40.0626","-75.1708","","CRASH_2001_Philadelphia"
"2002027044","06","67","67301","67301","2001","08","7","0000","00","6","1","0","8","1","1","8","Y","01","2","00","3","0","1","2","2","N","N","39 58:50.215","75 10:21.204","0015","99","0014","","0","","N","","9 ","","U","","","U","","","","","1","1","0","0","0","0","0","0","0","0","0","1","1","0","1","0","0","0","0","0","0","0","0","0","0","0","0","0","0","0","0","0","1","0","0","4","0","39.9807","-75.1725","","CRASH_2001_Philadelphia"
"2002014589","06","67","67301","67301","2001","07","6","0030","00","3","1","0","4","1","","","N","01","2","00","3","0","2","2","2","N","N","39 57:00.280","75 08:43.933","0036","","0234","","0","","N","","3 ","","","","","","","","","","2","2","0","0","0","0","0","0","0","0","0","2","2","0","0","0","0","0","0","0","0","0","0","0","0","0","0","0","0","0","0","0","0","0","0","4","0","39.9502","-75.1456","","CRASH_2001_Philadelphia"
"2002017619","06","67","67301","67301","2001","08","6","0107","01","3","6","0","4","1","","","N","01","2","00","3","0","1","2","2","N","N","40 02:20.735","75 06:36.378","0113","","0112","","0","","N","","2 ","","","","","","","","","","2","1","1","0","0","0","0","0","0","0","0","1","1","0","0","0","0","0","0","0","0","0","0","0","0","0","0","0","0","0","0","0","0","0","0","4","0","40.0392","-75.11","","CRASH_2001_Philadelphia"
"2002031140","06","67","67301","67301","2001","09","1","2239","22","3","2","2","4","1","","","N","00","0","00","3","0","2","3","2","N","N","39 55:55.200","75 11:59.640","2245","","2239","1","1","4","N","","0 ","Y","","","","","","","","","2","2","0","0","0","0","0","0","0","0","0","2","2","0","0","0","0","0","0","0","1","0","0","0","0","0","0","0","0","0","0","0","0","0","0","4","0","39.932","-75.1998","","CRASH_2001_Philadelphia"
"2002039833","06","67","67301","67301","2001","12","2","1850","18","3","1","0","7","5","","","N","00","0","00","3","0","0","1","1","N","N","39 55:55.766","75 11:59.008","1915","","1900","6","2","4","Y","","0 ","Y","","","","","","","","","1","0","0","0","0","1","0","0","0","0","0","0","0","0","0","0","0","0","0","0","0","0","0","0","0","0","0","0","0","0","0","0","0","0","0","0","1","39.932","-75.1998","","CRASH_2001_Philadelphia"
"2002046758","06","67","67301","67301","2001","10","6","1050","10","1","1","0","8","4","","","N","01","2","00","3","0","1","3","2","N","N","39 56:53.105","75 09:15.129","1055","","1053","","0","","N","","9 ","","","","","","","","","","1","0","0","0","0","1","0","0","0","0","0","1","1","0","0","0","0","0","0","0","0","1","0","0","0","0","0","0","0","0","0","0","1","0","0","4","1","39.9481","-75.1542","","CRASH_2001_Philadelphia"
"2002023950","06","67","67301","67301","2001","08","4","1900","19","3","1","0","1","1","","","N","01","2","00","3","0","3","4","3","N","N","39 59:26.962","75 09:18.734","1955","","1952","","0","","N","","9 ","","","","","","","","","","3","1","0","0","1","0","0","0","0","0","0","3","3","0","0","0","0","0","0","0","0","0","0","0","0","0","0","0","0","0","0","0","0","0","0","4","0","39.9909","-75.1551","","CRASH_2001_Philadelphia"
"2002037279","06","67","67301","67301","2001","11","7","1255","12","1","1","0","7","5","","","N","01","2","00","3","0","1","1","1","N","N","39 54:20.476","75 11:37.765","1305","","1300","","0","","N","","3 ","","","","","","","","","","1","1","0","0","0","0","0","0","0","0","0","1","1","0","0","0","0","0","0","0","0","0","0","0","0","0","0","0","0","0","0","0","0","0","0","4","0","39.9057","-75.1938","","CRASH_2001_Philadelphia"
"2002041978","06","67","67301","67301","2001","12","1","0025","00","6","1","0","1","4","","","N","01","0","00","3","0","0","2","3","N","N","","","0050","","0043","","0","","N","","0 ","","","","","","","","","","3","3","0","0","0","0","0","0","0","0","0","0","0","0","1","0","0","0","0","0","0","0","0","0","0","0","0","0","0","0","0","0","0","0","0","9","0","","","","CRASH_2001_Philadelphia"
"2002047872","06","67","67301","67301","2001","09","4","1129","11","1","1","0","5","1","","","N","01","2","00","3","0","2","2","2","N","N","39 57:05.208","75 10:06.852","1145","","1138","","0","","N","","3 ","","","","","","","","","","2","2","0","0","0","0","0","0","0","0","0","2","2","0","0","0","0","0","0","0","0","0","0","0","0","0","0","0","0","0","0","0","0","0","0","4","0","39.9499","-75.169","","CRASH_2001_Philadelphia"
"2002018526","06","67","67301","67301","2001","08","2","0845","08","1","1","1","5","1","","","N","00","0","00","3","0","0","2","2","N","N","40 04:31.000","75 02:08.000","0858","","0849","","0","","N","","0 ","","","","","","","","","","2","2","0","0","0","0","0","0","0","0","0","0","0","0","0","0","0","0","0","0","0","0","0","0","0","0","0","0","0","0","0","0","0","0","0","0","0","40.0732","-75.0338","","CRASH_2001_Philadelphia"
"2002020167","06","67","67301","67301","2001","07","3","1946","19","1","1","0","4","1","","","N","02","0","00","3","0","2","2","2","N","N","40 00:10.153","75 09:44.662","9999","","1946","","0","","N","","0 ","","","","","","","","","","1","0","1","0","0","0","0","0","0","1","1","0","2","0","0","0","0","0","0","0","0","0","0","0","0","0","0","0","0","0","0","0","1","0","1","2","0","40.0028","-75.1624","","CRASH_2001_Philadelphia"
"2002026315","06","67","67301","67301","2001","08","6","1730","17","1","1","0","6","1","","","N","01","2","00","3","0","1","2","2","N","N","40 03:52.191","75 14:23.459","1733","","1730","","0","","N","","3 ","","","","","","","","","","2","2","0","0","0","0","0","0","0","0","0","1","1","0","0","0","0","0","0","0","0","0","0","0","0","0","0","0","0","0","0","0","0","0","0","4","0","40.0647","-75.2397","","CRASH_2001_Philadelphia"
"2002028800","06","67","67301","67301","2001","08","2","1602","16","1","1","0","1","1","","","N","01","2","00","3","0","1","3","2","N","N","39 58:31.509","75 07:15.076","1605","","1602","","0","","N","","3 ","","","","","","","","","","2","2","0","0","0","0","0","0","0","0","0","1","1","0","0","0","0","0","0","0","1","0","0","3","0","0","0","0","0","0","0","0","0","0","0","4","0","39.9746","-75.1217","","CRASH_2001_Philadelphia"
"2002028734","06","67","67301","67301","2001","09","2","0855","08","1","1","0","3","1","","","N","01","3","00","3","0","0","2","2","N","N","","","0907","","0900","","0","","N","","9 ","","","","","","","","","","2","2","0","0","0","0","0","0","0","0","0","0","0","0","0","0","0","0","0","0","2","0","0","0","0","0","0","0","0","0","0","0","0","0","0","0","0","","","","CRASH_2001_Philadelphia"
"2002031200","06","67","67301","67301","2001","09","6","1512","15","1","1","0","1","1","","","N","00","0","01","3","0","0","2","2","N","N","39 56:31.899","75 11:37.241","1520","","1512","","0","","N","","0 ","","","","","","","","","","2","2","0","0","0","0","0","0","0","0","0","0","0","0","0","0","0","0","0","0","0","0","0","0","0","0","0","0","0","0","0","0","0","0","0","0","0","39.9409","-75.1951","","CRASH_2001_Philadelphia"
"2002031690","06","67","67301","67301","2001","10","4","1555","15","1","1","0","9","1","","","N","01","2","00","3","0","1","2","1","N","N","40 01:18.165","75 08:54.852","1610","","1605","","0","","N","","3 ","","","","","","","","","","1","1","0","0","0","0","0","0","0","0","1","0","1","0","0","0","0","0","0","0","0","0","0","0","0","0","0","0","0","0","0","0","0","0","0","3","0","40.0214","-75.1485","","CRASH_2001_Philadelphia"
"2002035140","06","67","67301","67301","2001","11","6","1503","15","1","1","0","1","1","","","N","00","0","00","3","0","1","2","2","N","N","39 58:30.548","75 11:39.722","1508","","1503","1","1","3","N","","0 ","N","","","","","","","","","2","2","0","0","0","0","0","0","0","0","0","1","1","0","0","0","0","0","0","0","0","0","0","0","0","0","0","0","0","0","0","0","0","0","0","4","0","39.9752","-75.1946","","CRASH_2001_Philadelphia"
"2002043165","06","67","67301","67301","2001","12","3","1814","18","3","1","0","8","1","","","N","01","2","00","3","0","1","2","2","N","N","39 55:44.596","75 13:14.460","1824","","1816","","0","","N","","3 ","","","","","","","","","","1","1","0","0","0","0","0","0","0","0","0","1","1","0","0","0","0","0","0","0","0","0","0","0","0","0","0","0","0","0","0","0","1","0","0","4","0","39.9291","-75.2206","","CRASH_2001_Philadelphia"
"2002048360","06","67","67301","67301","2001","10","7","1400","14","1","1","5","2","1","","","N","01","0","00","3","0","3","3","2","N","N","40 01:41.759","75 04:28.266","1413","","1408","","0","","N","","0 ","","","","","","","","","","2","2","0","0","0","0","0","0","0","0","1","2","3","0","0","0","0","0","0","0","0","0","1","0","0","0","0","0","0","0","0","0","0","0","0","3","0","40.0283","-75.0744","","CRASH_2001_Philadelphia"
"2002001081","06","67","67301","67301","2001","06","1","2235","22","3","1","0","0","1","1","4","Y","01","2","00","3","0","2","3","1","N","N","40 02:40.560","75 03:16.920","2247","99","2243","","0","","N","","3 ","","N","","","U","","","","","1","1","0","0","0","0","0","0","0","0","0","2","2","0","0","0","0","0","0","0","0","0","0","0","0","0","0","0","0","0","0","0","0","0","0","4","0","40.0447","-75.0546","","CRASH_2001_Philadelphia"
"2001244685","06","67","67301","67301","2001","04","1","1224","12","1","1","0","4","1","","","N","01","2","00","3","0","0","3","2","N","N","","","9999","","9999","","0","","N","","3 ","","","","","","","","","","2","2","0","0","0","0","0","0","0","0","0","0","0","0","0","0","0","0","0","0","0","0","0","0","0","0","0","0","0","0","0","0","0","0","0","0","0","","","","CRASH_2001_Philadelphia"
"2001244925","06","67","67301","67301","2001","05","2","1557","15","1","1","0","1","1","","","N","00","0","00","3","0","1","2","2","N","N","40 00:37.440","75 11:06.720","9999","","9999","","0","","N","","0 ","","","","","","","","","","2","1","0","0","1","0","0","0","0","0","0","0","0","0","1","0","0","0","0","0","0","1","0","0","0","0","0","0","0","0","0","0","0","0","0","9","0","40.0106","-75.1846","","CRASH_2001_Philadelphia"
"2002001058","06","67","67301","67301","2001","09","7","0145","01","3","1","0","1","1","","","N","01","2","00","3","0","0","2","2","N","N","40 00:26.692","75 08:12.942","0154","","0148","","0","","N","","3 ","","","","","","","","","","2","2","0","0","0","0","0","0","0","0","0","0","0","0","0","0","0","1","0","0","0","0","0","1","0","0","0","0","0","0","0","0","0","0","0","0","0","40.0074","-75.1368","","CRASH_2001_Philadelphia"
"2002012229","06","67","67301","67301","2001","07","3","0140","01","3","1","0","8","1","","","N","00","0","00","3","0","1","2","2","N","N","40 00:10.825","75 09:09.486","0145","","0140","","0","","N","","0 ","","","","","","","","","","1","0","0","0","1","0","0","0","0","0","1","0","1","0","0","0","0","0","0","0","0","0","0","0","0","0","0","0","0","0","0","0","1","0","0","3","0","40.0029","-75.1525","","CRASH_2001_Philadelphia"
"2002016718","06","67","67301","67301","2001","07","1","1215","12","1","1","0","8","3","","","N","00","0","00","3","0","1","2","2","N","N","40 02:56.584","75 03:31.563","1225","","1217","","0","","N","","0 ","","","","","","","","","","1","1","0","0","0","0","0","0","0","0","0","1","1","0","0","0","0","0","0","0","0","0","0","0","0","0","0","0","0","0","0","0","1","0","0","4","0","40.049","-75.0587","","CRASH_2001_Philadelphia"
"2002024036","06","67","67301","67301","2001","08","6","1925","19","1","1","0","8","1","","","N","00","0","00","3","0","1","2","2","N","N","40 03:03.000","75 09:32.000","1936","","1927","","0","","N","","0 ","","","","","","","","","","1","1","0","0","0","0","0","0","0","1","0","0","1","0","0","0","0","0","0","0","1","0","0","0","0","0","0","0","0","0","0","0","1","0","1","2","0","40.0508","-75.1589","","CRASH_2001_Philadelphia"
"2001233520","06","67","67301","67301","2001","03","4","2035","20","3","1","0","7","5","","","N","00","0","02","3","0","0","1","1","N","N","39 57:23.040","75 08:31.920","9999","","9999","","0","","N","","0 ","","","","","","","","","","1","1","0","0","0","0","0","0","0","0","0","0","0","0","0","0","0","0","0","0","0","0","0","0","0","0","0","0","0","0","0","0","0","0","0","0","0","39.957","-75.1438","","CRASH_2001_Philadelphia"
"2001244882","06","67","67301","67301","2001","05","4","1900","19","4","1","0","4","1","","","N","02","0","00","3","0","1","2","2","N","N","39 58:26.061","75 14:39.260","9999","","9999","","0","","N","","0 ","","","","","","","","","","1","0","0","0","0","0","0","1","1","0","0","1","1","0","0","0","0","0","0","0","0","0","0","0","0","0","0","0","0","0","0","0","0","0","0","4","0","39.9739","-75.2442","","CRASH_2001_Philadelphia"
"2002017189","06","67","67301","67301","2001","07","5","2345","23","3","1","0","4","1","","","N","00","0","00","3","0","4","4","2","N","N","40 01:16.198","75 08:23.451","2352","","2351","","0","","N","","0 ","","","","","","","","","","2","2","0","0","0","0","0","0","0","0","0","4","4","0","0","0","0","0","0","0","0","0","0","1","0","0","0","0","0","0","0","0","0","0","0","4","0","40.0212","-75.1396","","CRASH_2001_Philadelphia"
"2001239116","06","67","67301","67301","2001","04","5","1805","18","1","1","0","2","1","","","N","01","3","00","3","0","3","4","3","N","N","","","9999","","9999","","0","","N","","3 ","","","","","","","","","","3","3","0","0","0","0","0","0","0","0","0","3","3","0","0","0","0","0","0","0","1","0","0","0","0","0","0","0","0","0","0","0","0","0","0","4","0","","","","CRASH_2001_Philadelphia"
"2001239146","06","67","67301","67301","2001","04","2","2248","22","3","1","0","4","1","","","N","01","2","00","3","0","1","2","2","N","N","39 56:58.560","75 12:33.480","9999","","9999","","0","","N","","3 ","","","","","","","","","","1","0","0","0","0","0","0","1","1","0","0","1","1","0","0","0","0","0","0","0","0","0","0","0","0","0","0","0","0","0","0","0","0","0","0","4","0","39.9495","-75.2093","","CRASH_2001_Philadelphia"
"2001265470","06","67","67301","67301","2001","07","7","2335","23","3","1","0","7","5","","","N","00","0","00","3","0","0","1","1","N","N","","","9999","","9999","","0","","N","","0 ","","","","","","","","","","1","0","0","0","1","0","0","0","0","0","0","0","0","0","0","0","0","0","0","0","0","0","0","0","0","0","0","0","0","0","0","0","0","0","0","0","0","","","","CRASH_2001_Philadelphia"
"2002007600","06","67","67301","67301","2001","11","1","1330","13","1","1","0","7","5","","","N","00","0","00","3","0","2","2","1","N","N","39 57:41.696","75 14:13.565","1330","","0330","1","2","5","N","","0 ","Y","","","","","","","","","1","1","0","0","0","0","0","0","0","0","1","1","2","0","0","1","0","0","0","0","0","0","0","2","0","0","0","0","0","0","0","0","0","0","0","3","0","39.9615","-75.237","","CRASH_2001_Philadelphia"
"2002023707","06","67","67301","67301","2001","08","4","1840","18","1","1","0","1","1","","","N","02","2","00","3","0","0","3","2","N","N","39 55:00.982","75 12:56.479","1844","","1844","","0","","N","","3 ","","","","","","","","","","2","1","0","0","0","1","0","0","0","0","0","0","0","0","0","0","0","0","0","0","1","0","0","0","0","0","0","0","0","0","0","0","0","0","0","0","1","39.9169","-75.2159","","CRASH_2001_Philadelphia"
"2002028147","06","67","67301","67301","2001","09","1","2221","22","2","1","0","1","1","","","N","00","0","03","3","0","0","3","2","N","N","39 53:18.284","75 14:24.715","2230","","2221","1","2","3","N","","0 ","N","","","","","","","","","2","2","0","0","0","0","0","0","0","0","0","0","0","0","0","0","0","0","0","0","1","0","0","0","0","0","0","0","0","0","0","0","0","0","0","0","0","39.8886","-75.247","","CRASH_2001_Philadelphia"
"2001243535","06","67","67301","67301","2001","04","7","0924","09","1","1","0","8","1","","","N","00","0","00","3","0","1","2","2","N","N","","","9999","","9999","","0","","N","","0 ","","","","","","","","","","1","1","0","0","0","0","0","0","0","0","0","1","1","0","0","0","0","0","0","0","0","0","0","0","0","0","0","0","0","0","0","0","1","0","0","4","0","","","","CRASH_2001_Philadelphia"
"2002004041","06","67","67301","67301","2001","06","7","1430","14","1","6","1","8","1","","","N","01","2","00","3","0","2","3","3","N","N","39 55:48.079","75 13:09.516","1510","","1507","","0","","N","","3 ","","","","","","","","","","1","0","0","0","1","0","0","0","0","0","0","2","2","0","0","0","0","0","0","0","0","0","1","0","0","0","0","0","0","0","0","0","2","0","0","4","0","39.93","-75.2192","","CRASH_2001_Philadelphia"
"2002026333","06","67","67301","67301","2001","09","7","2228","22","3","1","0","1","1","","","N","01","2","00","3","0","2","3","3","N","N","40 04:14.924","75 02:16.115","2234","","2230","","0","","N","","3 ","","","","","","","","","","3","3","0","0","0","0","0","0","0","0","1","1","2","0","0","0","0","0","0","0","0","0","1","0","0","0","0","0","0","0","0","0","0","0","0","3","0","40.071","-75.0378","","CRASH_2001_Philadelphia"
"2002029991","06","67","67301","67301","2001","09","2","2105","21","3","2","1","8","1","","","N","01","2","00","3","0","1","2","2","N","N","40 00:20.632","75 05:56.408","2110","","2107","1","1","3","N","","3 ","N","","","","","","","","","1","1","0","0","0","0","0","0","1","0","1","0","1","0","0","0","0","0","0","0","0","0","0","0","0","0","0","0","0","0","0","0","0","0","0","3","0","40.0057","-75.099","","CRASH_2001_Philadelphia"
"2002017681","06","67","67301","67301","2001","08","4","1825","18","1","1","0","1","1","","","N","01","3","00","3","0","1","2","2","N","N","40 03:06.840","75 10:46.753","1839","","1829","","0","","N","","3 ","","","","","","","","","","2","2","0","0","0","0","0","0","0","0","0","1","1","0","0","0","0","0","0","0","0","0","0","0","0","0","0","0","0","0","0","0","0","0","0","4","0","40.052","-75.1796","","CRASH_2001_Philadelphia"
"2001238163","06","67","67301","67301","2001","04","1","0923","09","1","2","1","1","1","","","N","01","2","00","3","0","3","3","2","N","N","40 01:15.600","75 08:23.640","9999","","9999","","0","","N","","3 ","","","","","","","","","","2","2","0","0","0","0","0","0","0","0","3","0","3","0","0","0","0","0","0","0","0","0","0","0","0","0","0","0","0","0","0","0","0","0","0","3","0","40.021","-75.1399","","CRASH_2001_Philadelphia"
"2002001545","06","67","67301","67301","2001","09","6","1710","17","1","1","0","4","1","","","N","01","2","00","3","0","2","4","2","N","N","39 59:29.109","75 08:05.822","1712","","1710","","0","","N","","3 ","","","","","","","","","","2","2","0","0","0","0","0","0","0","0","1","1","2","0","0","0","0","1","0","0","0","0","0","0","0","0","0","0","0","0","0","0","0","0","0","3","0","39.9914","-75.1349","","CRASH_2001_Philadelphia"
"2001248527","06","67","67301","67301","2001","05","2","2050","20","3","1","0","9","1","","","N","00","0","00","3","0","0","1","2","N","N","","","9999","","9999","","0","","N","","0 ","","","","","","","","","","2","1","0","0","0","0","0","0","0","0","0","0","0","0","0","0","0","1","0","0","0","0","0","0","0","0","0","0","0","0","0","0","0","0","0","0","0","","","","CRASH_2001_Philadelphia"
"2002017910","06","67","67301","67301","2001","08","6","0456","04","6","1","0","7","5","","","N","00","0","00","3","0","3","3","1","N","N","40 00:46.080","75 12:17.640","0500","","0441","","0","","N","","0 ","","","","","","","","","","1","1","0","0","0","0","0","0","0","0","3","0","3","0","0","0","0","0","0","1","0","0","0","3","0","0","0","0","0","0","0","0","0","0","0","3","0","40.0128","-75.205","","CRASH_2001_Philadelphia"
"2001243712","06","67","67301","67301","2001","05","1","1446","14","1","1","0","7","1","","","N","00","0","00","3","0","1","2","3","N","N","39 57:10.800","75 09:54.720","9999","","9999","","0","","N","","0 ","","","","","","","","","","2","1","0","0","0","0","0","0","0","0","0","1","1","0","0","0","0","0","0","0","0","0","0","0","0","0","0","0","0","0","0","0","1","0","0","4","0","39.953","-75.1652","","CRASH_2001_Philadelphia"
"2001243663","06","67","67301","67301","2001","05","6","0400","04","3","1","0","7","1","","","N","00","0","01","3","0","1","2","1","N","N","39 57:36.720","75 13:33.600","9999","","9999","","0","","N","","0 ","","","","","","","","","","1","1","0","0","0","0","0","0","0","0","0","1","1","0","0","0","0","0","0","0","0","0","0","0","0","0","0","0","0","0","0","0","0","0","0","4","0","39.9602","-75.226","","CRASH_2001_Philadelphia"
"2001243695","06","67","67301","67301","2001","05","1","0900","09","1","1","0","8","1","","","N","01","2","00","3","0","1","2","2","N","N","40 03:35.640","75 01:06.600","9999","","9999","","0","","N","","3 ","","","","","","","","","","1","1","0","0","0","0","0","0","0","0","1","0","1","0","0","0","0","0","0","0","0","0","0","0","0","0","0","0","0","0","0","0","1","0","0","3","0","40.0599","-75.0185","","CRASH_2001_Philadelphia"