"CRN","DISTRICT","COUNTY","MUNICIPALITY","POLICE_AGCY","CRASH_YEAR","CRASH_MONTH","DAY_OF_WEEK","TIME_OF_DAY","HOUR_OF_DAY","ILLUMINATION","WEATHER","ROAD_CONDITION","COLLISION_TYPE","RELATION_TO_ROAD","WORK_ZONE_TYPE","WORK_ZONE_LOC","WORK_ZONE_IND","INTERSECT_TYPE","TCD_TYPE","LOCATION_TYPE","URBAN_RURAL","FATAL_COUNT","INJURY_COUNT","PERSON_COUNT","TOTAL_UNITS","SCH_BUS_IND","SCH_ZONE_IND","LATITUDE","LONGITUDE","ARRIVAL_TM","CONS_ZONE_SPD_LIM","DISPATCH_TM","EST_HRS_CLOSED","LANE_CLOSED","LN_CLOSE_DIR","NTFY_HIWY_MAINT","SPEC_JURIS_CD","TCD_FUNC_CD","TFC_DETOUR_IND","WORKERS_PRES","WZ_CLOSE_DETOUR","WZ_FLAGGER","WZ_LAW_OFFCR_IND","WZ_LN_CLOSURE","WZ_MOVING","WZ_OTHER","WZ_SHLDER_MDN","VEHICLE_COUNT","AUTOMOBILE_COUNT","MOTORCYCLE_COUNT","BUS_COUNT","SMALL_TRUCK_COUNT","HEAVY_TRUCK_COUNT","SUV_COUNT","VAN_COUNT","BICYCLE_COUNT","MAJ_INJ_COUNT","MOD_INJ_COUNT","MIN_INJ_COUNT","TOT_INJ_COUNT","UNK_INJ_DEG_COUNT","UNK_INJ_PER_COUNT","DRIVER_COUNT_16YR","DRIVER_COUNT_17YR","DRIVER_COUNT_18YR","DRIVER_COUNT_19YR","DRIVER_COUNT_20YR","DRIVER_COUNT_50_64YR","DRIVER_COUNT_65_74YR","DRIVER_COUNT_75PLUS","UNBELTED_OCC_COUNT","UNB_DEATH_COUNT","UNB_MAJ_INJ_COUNT","BELTED_DEATH_COUNT","BELTED_MAJ_INJ_COUNT","MCYCLE_DEATH_COUNT","MCYCLE_MAJ_INJ_COUNT","BICYCLE_DEATH_COUNT","BICYCLE_MAJ_INJ_COUNT","PED_COUNT","PED_DEATH_COUNT","PED_MAJ_INJ_COUNT","MAX_SEVERITY_LEVEL","COMM_VEH_COUNT","DEC_LAT","DEC_LONG","RDWY_SURF_TYPE_CD","COUNTY_YEAR"
"2002023068","06","67","67301","67301","2001","08","3","0704","07","1","1","0","7","5","","","N","01","0","01","3","0","1","2","1","N","N","39 57:32.329","75 13:01.290","0704","","0704","","0","","N","","0 ","","","","","","","","","","1","1","0","0","0","0","0","0","0","0","0","1","1","0","0","0","0","1","0","0","0","0","0","0","0","0","0","0","0","0","0","0","0","0","0","4","0","39.959","-75.217","","CRASH_2001_Philadelphia"
"2001243502","06","67","67301","67301","2001","04","2","9999","99","3","1","0","5","1","","","N","01","2","00","3","0","0","3","2","N","N","40 00:14.047","75 08:57.044","9999","","9999","","0","","N","","3 ","","","","","","","","","","2","1","0","0","0","0","0","0","0","0","0","0","0","0","0","0","0","0","0","0","0","0","0","0","0","0","0","0","0","0","0","0","0","0","0","0","0","40.0039","-75.1492","","CRASH_2001_Philadelphia"
"2002001049","06","67","67301","67301","2001","05","5","1825","18","1","1","0","8","1","","","N","00","0","00","3","0","1","2","2","N","N","40 00:36.007","75 08:20.947","1842","","1839","","0","","N","","0 ","","","","","","","","","","1","0","0","0","1","0","0","0","0","1","0","0","1","0","0","0","0","0","0","0","0","0","0","1","0","0","0","0","0","0","0","0","1","0","1","2","0","40.01","-75.1392","","CRASH_2001_Philadelphia"
"2002010743","06","67","67301","67301","2001","06","6","0140","01","3","1","0","1","1","","","N","01","2","00","3","0","1","3","2","N","N","39 56:20.000","75 09:58.990","0155","","0150","","0","","N","","3 ","","","","","","","","","","2","2","0","0","0","0","0","0","0","0","0","1","1","0","0","0","0","0","0","0","0","0","0","0","0","0","0","0","0","0","0","0","0","0","0","4","0","39.9391","-75.1664","","CRASH_2001_Philadelphia"
"2002022830","06","67","67301","67301","2001","08","6","0923","09","1","1","0","0","1","","","N","00","0","03","3","0","1","1","1","N","N","","","0937","","0923","","0","","N","","0 ","","","","","","","","","","1","1","0","0","0","0","0","0","0","0","0","1","1","0","0","0","0","0","0","0","0","0","0","0","0","0","0","0","0","0","0","0","0","0","0","4","0","","","","CRASH_2001_Philadelphia"
"2001240041","06","67","67301","67301","2001","04","6","1517","15","1","1","0","1","1","","","N","00","0","00","3","0","2","3","3","N","N","40 01:00.480","75 10:29.280","9999","","9999","","0","","N","","0 ","","","","","","","","","","3","3","0","0","0","0","0","0","0","0","0","0","0","0","2","0","0","0","0","0","0","0","0","0","0","0","0","0","0","0","0","0","0","0","0","9","0","40.0168","-75.1747","","CRASH_2001_Philadelphia"
"2001243722","06","67","67301","67301","2001","05","6","2115","21","3","1","0","8","1","","","N","00","0","00","3","0","1","2","2","N","N","40 03:10.080","75 05:33.000","9999","","9999","","0","","N","","0 ","","","","","","","","","","1","1","0","0","0","0","0","0","0","0","0","1","1","0","0","0","0","0","0","0","0","0","0","1","0","0","0","0","0","0","0","0","1","0","0","4","0","40.0528","-75.0925","","CRASH_2001_Philadelphia"
"2002012212","06","67","67301","67301","2001","07","2","1235","12","1","1","0","4","1","","","N","02","0","00","3","0","1","2","2","N","N","39 55:14.822","75 14:48.411","1253","","1249","","0","","N","","0 ","","","","","","","","","","2","1","0","0","1","0","0","0","0","0","0","1","1","0","0","0","0","0","0","0","0","0","0","2","0","0","0","0","0","0","0","0","0","0","0","4","0","39.9208","-75.2466","","CRASH_2001_Philadelphia"
"2001243267","06","67","67301","67301","2001","02","5","1747","17","3","1","0","4","1","","","N","01","2","00","3","0","5","6","7","N","N","40 01:04.800","75 08:58.200","9999","","9999","","0","","N","","3 ","","","","","","","","","","3","3","0","0","0","0","0","0","0","0","0","4","4","0","1","0","0","0","1","0","0","0","0","1","0","0","0","0","0","0","0","0","4","0","0","4","0","40.0179","-75.1494","","CRASH_2001_Philadelphia"
"2001245549","06","67","67301","67301","2001","05","4","1405","14","1","1","9","7","5","","","N","02","2","02","3","0","0","1","1","N","N","40 00:25.560","75 04:25.320","9999","","9999","","0","","N","","3 ","","","","","","","","","","1","1","0","0","0","0","0","0","0","0","0","0","0","0","0","0","0","1","0","0","0","0","0","0","0","0","0","0","0","0","0","0","0","0","0","0","0","40.0071","-75.0737","","CRASH_2001_Philadelphia"
"2002007884","06","67","67301","67301","2001","06","3","1535","15","1","1","0","4","1","","","N","01","2","00","3","0","2","3","3","N","N","","","1550","","1542","","0","","N","","3 ","","","","","","","","","","3","3","0","0","0","0","0","0","0","0","0","2","2","0","0","0","0","0","0","0","1","0","0","0","0","0","0","0","0","0","0","0","0","0","0","4","0","","","","CRASH_2001_Philadelphia"
"2002014943","06","67","67301","67301","2001","05","3","1109","11","1","2","1","4","1","","","N","01","2","00","3","0","1","3","2","N","N","39 59:30.401","75 11:10.865","1130","","1120","2","1","1","N","","3 ","N","","","","","","","","","2","1","0","0","1","0","0","0","0","0","0","1","1","0","0","0","0","0","0","0","0","0","0","1","0","0","0","0","0","0","0","0","0","0","0","4","0","39.9918","-75.1864","","CRASH_2001_Philadelphia"
"2002025176","06","67","67301","67301","2001","09","7","0813","08","1","1","0","2","1","","","N","01","0","00","3","0","2","2","3","N","N","40 01:22.703","75 09:47.694","0813","","0812","","0","","N","","0 ","","","","","","","","","","3","3","0","0","0","0","0","0","0","0","0","2","2","0","0","0","0","0","0","0","0","0","0","0","0","0","0","0","0","0","0","0","0","0","0","4","0","40.0229","-75.1632","","CRASH_2001_Philadelphia"
"2001261337","06","67","67301","67301","2001","07","5","2356","23","3","2","1","5","1","","","N","00","0","00","3","0","0","2","2","N","N","","","9999","","9999","","0","","N","","0 ","","","","","","","","","","2","2","0","0","0","0","0","0","0","0","0","0","0","0","0","1","0","0","0","0","0","0","0","1","0","0","0","0","0","0","0","0","0","0","0","0","0","","","","CRASH_2001_Philadelphia"
"2001287532","06","67","67301","","2001","02","2","1345","13","9","4","3","4","1","","","N","01","0","00","3","0","0","2","2","N","N","","","9999","","9999","","0","","N","","0 ","","","","","","","","","","2","1","0","0","1","0","0","0","0","0","0","0","0","0","0","0","0","0","0","0","1","0","0","0","0","0","0","0","0","0","0","0","0","0","0","0","0","","","","CRASH_2001_Philadelphia"
"2002000460","06","67","67301","67301","2001","06","5","1109","11","1","1","0","4","1","","","N","01","2","00","3","0","1","2","3","N","N","40 03:38.492","75 03:15.205","1112","","1110","","0","","N","","3 ","","","","","","","","","","3","3","0","0","0","0","0","0","0","0","0","1","1","0","0","0","0","0","0","0","1","0","0","0","0","0","0","0","0","0","0","0","0","0","0","4","0","40.0607","-75.0542","","CRASH_2001_Philadelphia"
"2002034660","06","67","67301","67301","2001","10","7","1251","12","1","1","0","4","1","","","N","01","0","00","3","0","0","1","4","N","N","39 58:10.344","75 13:31.618","1301","","1255","","0","","N","","0 ","","","","","","","","","","4","4","0","0","0","0","0","0","0","0","0","0","0","0","0","0","0","0","0","0","0","0","0","0","0","0","0","0","0","0","0","0","0","0","0","0","0","39.9695","-75.2254","","CRASH_2001_Philadelphia"
"2002046722","06","67","67301","67301","2001","10","2","0027","00","6","1","0","4","1","","","N","01","2","00","3","0","0","2","4","N","N","39 56:56.465","75 13:37.967","0029","","0027","","0","","N","","3 ","","","","","","","","","","4","4","0","0","0","0","0","0","0","0","0","0","0","0","0","0","0","0","0","0","0","0","0","0","0","0","0","0","0","0","0","0","0","0","0","0","0","39.9489","-75.2272","","CRASH_2001_Philadelphia"
"2001248751","06","67","67301","67301","2001","05","6","1116","11","1","1","0","8","1","","","N","00","0","00","3","0","1","2","2","N","N","","","9999","","9999","","0","","N","","0 ","","","","","","","","","","1","1","0","0","0","0","0","0","0","0","0","1","1","0","0","0","0","0","0","0","0","0","0","0","0","0","0","0","0","0","0","0","1","0","0","4","0","","","","CRASH_2001_Philadelphia"
"2002004033","06","67","67301","67301","2001","06","7","1410","14","1","2","1","4","9","","","N","01","2","00","3","0","1","2","2","N","N","39 57:54.603","75 12:20.252","0735","","0732","","0","","N","","9 ","","","","","","","","","","1","1","0","0","0","0","0","0","1","0","0","1","1","0","1","0","0","0","0","0","0","0","0","0","0","0","0","0","0","0","0","0","0","0","0","4","0","39.9651","-75.2055","","CRASH_2001_Philadelphia"
"2002018527","06","67","67301","67301","2001","08","3","1344","13","1","1","0","5","1","","","N","01","2","00","3","0","0","2","2","N","N","40 04:44.000","75 01:30.000","1354","","1354","","0","","N","","3 ","","","","","","","","","","2","1","0","0","0","0","0","0","0","0","0","0","0","0","0","0","0","0","0","0","0","0","0","0","0","0","0","0","0","0","0","0","0","0","0","0","0","40.0808","-75.0286","","CRASH_2001_Philadelphia"
"2002033612","06","67","67301","67301","2001","11","7","1311","13","1","1","0","1","1","","","N","01","2","00","3","0","1","7","3","N","N","40 02:01.753","75 04:27.949","1321","","1317","","0","","N","","3 ","","","","","","","","","","3","3","0","0","0","0","0","0","0","0","1","0","1","0","0","0","0","0","0","0","0","0","0","4","0","0","0","0","0","0","0","0","0","0","0","3","0","40.034","-75.0744","","CRASH_2001_Philadelphia"
"2002041429","06","67","67301","67301","2001","01","1","1720","17","3","1","0","4","1","","","N","01","2","00","3","0","1","3","2","N","N","39 58:33.002","75 09:30.330","1720","","1720","1","1","1","N","","3 ","N","","","","","","","","","2","1","0","0","1","0","0","0","0","0","0","1","1","0","0","0","0","0","0","0","0","0","0","0","0","0","0","0","0","0","0","0","0","0","0","4","0","39.9758","-75.1584","","CRASH_2001_Philadelphia"
"2001288369","06","67","67301","","2001","08","2","1200","12","1","1","0","4","1","","","N","00","0","00","3","0","1","2","2","N","N","","","9999","","9999","","0","","N","","0 ","","","","","","","","","","2","2","0","0","0","0","0","0","0","0","1","0","1","0","0","0","0","0","0","0","1","0","0","0","0","0","0","0","0","0","0","0","0","0","0","3","0","","","","CRASH_2001_Philadelphia"
"2002025179","06","67","67301","67301","2001","08","3","1015","10","1","1","0","5","1","","","N","02","9","00","3","0","1","2","2","N","N","39 59:44.529","75 09:14.934","1020","","1015","","9","","N","","9 ","U","","","","","","","","","2","1","1","0","0","0","0","0","0","0","0","1","1","0","0","0","0","0","0","0","0","0","0","0","0","0","0","0","0","0","0","0","0","0","0","4","0","39.9955","-75.1541","","CRASH_2001_Philadelphia"
"2002028804","06","67","67301","67301","2001","09","5","1213","12","1","2","1","1","1","","","N","00","0","00","3","0","0","2","2","N","N","40 04:21.740","75 04:31.777","1222","","1215","","0","","N","","0 ","","","","","","","","","","2","2","0","0","0","0","0","0","0","0","0","0","0","0","1","0","0","0","0","0","1","0","1","0","0","0","0","0","0","0","0","0","0","0","0","9","0","40.0727","-75.0755","","CRASH_2001_Philadelphia"
"2002035205","06","67","67301","67301","2001","10","3","0005","00","3","1","0","4","1","","","N","01","2","00","3","0","2","2","2","N","N","39 57:26.817","75 09:25.720","0006","","0005","3","1","1","N","","9 ","Y","","","","","","","","","2","2","0","0","0","0","0","0","0","0","0","2","2","0","0","0","0","0","0","0","1","0","0","0","0","0","0","0","0","0","0","0","0","0","0","4","0","39.957","-75.1571","","CRASH_2001_Philadelphia"
"2002040413","06","67","67301","67301","2001","12","5","2325","23","3","1","0","4","1","","","N","01","2","00","3","0","2","4","2","N","N","40 00:55.804","75 08:59.731","2325","","2325","","0","","N","","3 ","","","","","","","","","","2","2","0","0","0","0","0","0","0","0","1","1","2","0","0","0","0","0","0","0","0","0","0","0","0","0","0","0","0","0","0","0","0","0","0","3","0","40.0153","-75.1498","","CRASH_2001_Philadelphia"
"2002052679","06","67","67301","67301","2001","02","2","1430","14","1","1","0","4","1","","","N","01","2","00","3","0","1","3","3","N","N","40 04:55.524","75 13:11.308","1441","","1437","","0","","N","","3 ","","","","","","","","","","3","2","0","0","0","0","0","0","0","0","0","0","1","1","0","0","0","0","0","0","0","1","0","1","0","0","0","0","0","0","0","0","0","0","0","8","0","40.0821","-75.2198","","CRASH_2001_Philadelphia"
"2001243073","06","67","67301","67301","2001","05","6","9999","99","1","1","0","8","1","","","N","00","0","00","3","0","1","2","2","N","N","","","9999","","9999","","0","","N","","0 ","","","","","","","","","","1","1","0","0","0","0","0","0","0","0","0","1","1","0","0","0","0","0","0","0","0","0","0","0","0","0","0","0","0","0","0","0","1","0","0","4","0","","","","CRASH_2001_Philadelphia"
"2001243654","06","67","67301","67301","2001","05","2","1110","11","1","1","0","8","1","","","N","00","0","00","3","0","1","2","2","N","N","","","9999","","9999","","0","","N","","0 ","","","","","","","","","","1","0","0","0","0","0","0","0","0","0","0","0","0","0","1","0","0","0","0","0","0","0","0","0","0","0","0","0","0","0","0","0","1","0","0","9","0","","","","CRASH_2001_Philadelphia"
"2001244826","06","67","67301","67301","2001","05","7","1105","11","1","1","0","5","1","","","N","02","0","00","3","0","1","6","2","N","N","39 58:35.760","75 12:46.800","9999","","9999","","0","","N","","0 ","","","","","","","","","","2","2","0","0","0","0","0","0","0","0","0","1","1","0","0","0","0","1","0","0","1","0","0","0","0","0","0","0","0","0","0","0","0","0","0","4","0","39.9763","-75.2131","","CRASH_2001_Philadelphia"
"2005093602","06","67","67301","67301","2001","12","2","9999","99","3","2","1","4","1","","","N","00","0","00","3","0","2","2","2","N","N","","","2318","","2253","","0","","N","","0 ","","","","","","","","","","2","2","0","0","0","0","0","0","0","0","2","0","2","0","0","0","0","0","0","0","0","0","0","0","0","0","0","0","0","0","0","0","0","0","0","3","0","","","","CRASH_2001_Philadelphia"
"2002016724","06","67","67301","67301","2001","07","4","1730","17","1","1","0","8","1","","","N","02","2","00","3","0","1","2","2","N","N","39 57:06.631","75 10:18.107","1740","","1730","","0","","N","","2 ","","","","","","","","","","1","1","0","0","0","0","0","0","0","0","1","0","1","0","0","0","0","0","0","0","0","0","0","0","0","0","0","0","0","0","0","0","1","0","0","3","0","39.9503","-75.1722","","CRASH_2001_Philadelphia"
"2002039657","06","67","67301","67301","2001","11","2","1342","13","1","1","0","2","1","","","N","01","2","00","3","0","1","5","4","N","N","40 01:34.108","75 07:18.874","1346","","1342","","0","","N","","3 ","","","","","","","","","","4","4","0","0","0","0","0","0","0","0","1","0","1","0","0","0","0","0","0","0","0","0","0","0","0","0","0","0","0","0","0","0","0","0","0","3","0","40.0261","-75.1219","","CRASH_2001_Philadelphia"
"2002041371","06","67","67301","67301","2001","12","6","1229","12","1","1","0","4","1","","","N","01","2","00","3","0","1","3","3","N","N","39 59:56.641","75 13:51.267","1234","","1231","","0","","N","","3 ","","","","","","","","","","3","3","0","0","0","0","0","0","0","0","0","1","1","0","0","0","0","0","1","0","0","1","0","0","0","0","0","0","0","0","0","0","0","0","0","4","0","39.9991","-75.2309","","CRASH_2001_Philadelphia"
"2002026506","06","67","67301","67301","2001","07","4","0849","08","1","1","0","4","1","","","N","01","0","00","3","0","1","3","2","N","N","40 00:14.258","75 10:50.943","1400","","1400","","0","","N","","0 ","","","","","","","","","","2","2","0","0","0","0","0","0","0","0","0","1","1","0","2","0","0","0","0","0","1","0","0","0","0","0","0","0","0","0","0","0","0","0","0","4","0","40.0039","-75.1806","","CRASH_2001_Philadelphia"
"2002032505","06","67","67301","67301","2001","10","3","1019","10","1","1","0","7","5","","","N","00","0","00","3","0","1","1","1","N","N","39 59:44.160","75 11:29.760","1025","","1019","","0","","N","","0 ","","","","","","","","","","1","1","0","0","0","0","0","0","0","0","0","1","1","0","0","0","0","0","0","0","0","1","0","0","0","0","0","0","0","0","0","0","0","0","0","4","0","39.9954","-75.1918","","CRASH_2001_Philadelphia"
"2002037293","06","67","67301","67301","2001","05","4","0619","06","1","6","1","4","1","8","8","Y","01","2","00","3","0","1","2","3","N","N","39 59:18.000","75 06:34.000","0625","99","0620","","0","","N","","3 ","","Y","","","U","","","","","2","2","0","0","0","0","0","0","1","1","0","0","1","0","0","0","0","0","0","0","0","0","0","1","0","0","0","0","0","0","0","1","0","0","0","2","0","39.9883","-75.1094","","CRASH_2001_Philadelphia"
"2002045682","06","67","67301","67301","2001","10","7","1600","16","1","1","0","8","1","","","N","01","2","00","3","0","1","2","2","N","N","39 57:54.603","75 12:20.252","1600","","9999","","0","","N","","3 ","","","","","","","","","","1","0","0","1","0","0","0","0","0","0","0","1","1","0","0","0","0","0","0","0","0","0","0","0","0","0","0","0","0","0","0","0","1","0","0","4","1","39.9651","-75.2055","","CRASH_2001_Philadelphia"
"2002031181","06","67","67301","67301","2001","09","1","2100","21","3","2","1","5","1","","","N","01","2","00","3","0","1","3","3","N","N","40 00:19.925","75 06:19.132","2130","","2112","","0","","N","","3 ","","","","","","","","","","2","2","0","0","0","0","0","0","0","0","1","0","1","0","1","0","0","0","0","0","0","0","0","0","0","0","0","0","0","0","0","0","1","0","0","3","0","40.0055","-75.1053","","CRASH_2001_Philadelphia"
"2002029556","06","67","67301","67301","2001","09","6","0524","05","1","1","0","1","1","","","N","00","0","00","3","0","2","6","3","N","N","39 58:45.436","75 12:13.307","0530","","0524","1","1","4","N","","0 ","N","","","","","","","","","3","3","0","0","0","0","0","0","0","0","0","2","2","0","0","0","0","0","0","0","1","0","0","4","0","0","0","0","0","0","0","0","0","0","0","4","0","39.9794","-75.2039","","CRASH_2001_Philadelphia"
"2002012151","06","67","67301","67301","2001","07","3","1800","18","1","1","0","4","1","","","N","01","2","99","3","0","0","2","2","N","N","40 00:29.348","75 12:41.201","1847","","1833","","9","","N","","3 ","U","","","","","","","","","2","1","0","0","0","0","0","0","0","0","0","0","0","0","1","0","0","0","0","0","0","0","0","0","0","0","0","0","0","0","0","0","0","0","0","9","0","40.0085","-75.2107","","CRASH_2001_Philadelphia"
"2002016814","06","67","67301","67301","2001","06","3","1029","10","1","1","0","4","1","","","N","01","2","00","3","0","3","3","2","N","N","40 02:07.000","75 07:26.064","1032","","1030","","0","","N","","3 ","","","","","","","","","","2","1","0","0","1","0","0","0","0","0","0","3","3","0","0","0","0","0","0","0","0","0","0","0","0","0","0","0","0","0","0","0","0","0","0","4","0","40.0356","-75.1239","","CRASH_2001_Philadelphia"
"2002023597","06","67","67301","67301","2001","08","6","0130","01","3","1","0","1","1","","","N","01","2","00","3","0","1","3","2","N","N","40 02:08.863","75 10:29.332","0131","","0131","","0","","N","","3 ","","","","","","","","","","2","1","0","0","0","0","0","0","0","0","0","1","1","0","1","0","0","0","0","0","0","0","0","0","0","0","0","0","0","0","0","0","0","0","0","4","0","40.0358","-75.1747","","CRASH_2001_Philadelphia"
"2001400375","06","67","67301","67301","2001","03","1","0400","04","3","1","0","4","1","","","N","01","2","00","3","1","3","5","2","N","N","","","9999","","9999","","0","","N","9","3 ","","","","","","","","","","2","1","0","0","0","0","1","0","0","0","2","1","3","0","0","0","0","0","0","0","0","0","0","0","0","0","0","0","0","0","0","0","0","0","0","1","0","","","9 ","CRASH_2001_Philadelphia"
"2002012110","06","67","67301","67301","2001","06","6","1058","10","1","1","0","1","9","","","N","01","1","00","3","0","1","4","3","N","N","39 58:26.785","75 12:14.694","1100","","1058","","0","","N","","9 ","","","","","","","","","","3","3","0","0","0","0","0","0","0","0","0","1","1","0","1","0","0","0","0","0","0","0","1","1","0","0","0","0","0","0","0","0","0","0","0","4","0","39.9741","-75.2037","","CRASH_2001_Philadelphia"
"2002017179","06","67","67301","67301","2001","07","6","2100","21","3","1","0","4","1","","","N","01","2","00","3","0","5","5","3","N","N","39 55:40.843","75 13:10.444","2115","","2105","","0","","Y","","3 ","","","","","","","","","","3","3","0","0","0","0","0","0","0","0","3","2","5","0","0","0","0","0","0","1","0","0","0","1","0","0","0","0","0","0","0","0","0","0","0","3","0","39.928","-75.2193","","CRASH_2001_Philadelphia"
"2002023651","06","67","67301","67301","2001","08","6","0344","03","3","1","0","4","2","","","N","00","0","00","3","0","2","2","2","N","N","39 58:07.964","75 14:43.543","0345","","0344","","0","","N","","0 ","","","","","","","","","","2","2","0","0","0","0","0","0","0","0","0","2","2","0","0","0","0","0","0","0","0","0","0","2","0","0","0","0","0","0","0","0","0","0","0","4","0","39.9689","-75.2454","","CRASH_2001_Philadelphia"
"2002014997","06","67","67301","67301","2001","07","1","1150","11","1","1","0","7","9","","","N","01","0","00","3","0","1","2","1","N","N","40 01:48.720","75 02:06.720","1204","","1150","","0","","N","","0 ","","","","","","","","","","1","0","0","1","0","0","0","0","0","0","0","1","1","0","0","0","0","0","0","0","0","0","0","0","0","0","0","0","0","0","0","0","0","0","0","4","1","40.0301","-75.0352","","CRASH_2001_Philadelphia"
"2002040098","06","67","67301","67301","2001","12","3","1140","11","1","2","1","1","1","","","N","00","0","00","3","0","1","3","2","N","N","39 58:49.416","75 11:19.873","1150","","1145","","0","","N","","0 ","","","","","","","","","","2","0","0","0","1","1","0","0","0","0","0","1","1","0","0","0","0","0","0","0","0","0","1","0","0","0","0","0","0","0","0","0","0","0","0","4","1","39.9817","-75.1886","","CRASH_2001_Philadelphia"
"2002029730","06","67","67301","67301","2001","09","3","1220","12","1","1","0","2","1","","","N","01","2","00","3","0","3","11","3","N","N","39 57:27.231","75 13:02.327","1245","","1238","3","2","4","N","","3 ","Y","","","","","","","","","3","3","0","0","0","0","0","0","0","0","1","2","3","0","0","0","0","0","0","0","0","0","0","2","0","0","0","0","0","0","0","0","0","0","0","3","0","39.956","-75.2176","","CRASH_2001_Philadelphia"
"2002031833","06","67","67301","67301","2001","09","4","1630","16","1","1","0","1","1","","","N","02","2","00","3","0","1","2","2","N","N","39 54:47.867","75 13:18.906","1659","","1654","","0","","N","","3 ","","","","","","","","","","2","2","0","0","0","0","0","0","0","0","0","1","1","0","0","0","0","0","0","0","2","0","0","0","0","0","0","0","0","0","0","0","0","0","0","4","0","39.9126","-75.2219","","CRASH_2001_Philadelphia"
"2002033799","06","67","67301","67301","2001","10","3","1415","14","1","1","0","1","1","","","N","02","0","00","3","0","2","4","3","N","N","40 04:03.785","75 09:54.903","1430","","1421","","0","","N","","0 ","","","","","","","","","","3","1","0","0","2","0","0","0","0","0","0","2","2","0","0","0","0","0","0","0","0","0","0","0","0","0","0","0","0","0","0","0","0","0","0","4","0","40.0677","-75.1653","","CRASH_2001_Philadelphia"
"2001244846","06","67","67301","67301","2001","05","7","2115","21","3","1","0","4","1","","","N","01","3","00","3","0","3","6","2","N","N","40 01:41.404","75 02:31.106","9999","","9999","","0","","N","","3 ","","","","","","","","","","2","1","0","0","0","0","1","0","0","0","0","3","3","0","0","0","0","1","0","0","0","0","0","1","0","0","0","0","0","0","0","0","0","0","0","4","0","40.0282","-75.042","","CRASH_2001_Philadelphia"
"2001243098","06","67","67301","67301","2001","05","1","2147","21","3","1","0","4","1","","","N","01","3","00","3","0","1","2","2","N","N","40 02:36.240","75 01:47.280","9999","","9999","","0","","N","","3 ","","","","","","","","","","2","1","1","0","0","0","0","0","0","0","1","0","1","0","0","0","0","0","0","0","1","0","0","0","0","0","0","0","0","0","0","0","0","0","0","3","0","40.0434","-75.0298","","CRASH_2001_Philadelphia"
"2001243618","06","67","67301","67301","2001","04","6","2320","23","3","2","1","4","1","","","N","01","2","00","3","0","4","5","2","N","N","40 00:28.800","75 10:20.640","9999","","9999","","0","","N","","3 ","","","","","","","","","","2","2","0","0","0","0","0","0","0","2","0","0","2","0","2","0","0","0","0","0","0","0","0","0","0","0","0","0","0","0","0","0","0","0","0","2","0","40.0079","-75.1723","","CRASH_2001_Philadelphia"
"2002016684","06","67","67301","67301","2001","07","2","1016","10","1","1","0","4","1","","","N","05","2","00","3","0","1","3","2","N","N","40 01:54.120","75 03:48.600","1016","","1014","","0","","N","","3 ","","","","","","","","","","2","2","0","0","0","0","0","0","0","0","0","1","1","0","0","0","0","0","0","0","0","0","1","0","0","0","0","0","0","0","0","0","0","0","0","4","0","40.0316","-75.0633","","CRASH_2001_Philadelphia"
"2002016750","06","67","67301","67301","2001","07","2","1600","16","1","1","0","5","1","","","N","00","0","00","3","0","1","2","2","N","N","39 59:12.120","75 12:27.360","1620","","1609","","0","","Y","","0 ","","","","","","","","","","2","2","0","0","0","0","0","0","0","0","0","1","1","0","0","0","0","0","0","0","1","0","0","0","0","0","0","0","0","0","0","0","0","0","0","4","0","39.9867","-75.2079","","CRASH_2001_Philadelphia"
"2001243588","06","67","67301","67301","2001","05","7","2045","20","3","1","0","8","1","","","N","00","0","00","3","0","1","2","2","N","N","","","9999","","9999","","0","","N","","0 ","","","","","","","","","","1","1","0","0","0","0","0","0","0","0","0","1","1","0","0","0","0","0","0","0","0","0","1","0","0","0","0","0","0","0","0","0","1","0","0","4","0","","","","CRASH_2001_Philadelphia"
"2002001054","06","67","67301","67301","2001","05","1","2255","22","3","2","1","1","1","","","N","01","3","00","3","0","4","5","2","N","N","","","0044","","0037","","0","","N","","3 ","","","","","","","","","","2","2","0","0","0","0","0","0","0","0","0","4","4","0","0","0","0","0","0","0","0","0","0","0","0","0","0","0","0","0","0","0","0","0","0","4","0","","","","CRASH_2001_Philadelphia"
"2002004232","06","67","67301","67301","2001","06","3","1855","18","1","1","0","7","4","","","N","01","2","00","3","0","1","1","1","N","N","40 02:08.722","75 07:31.574","1858","","1856","1","1","6","N","","3 ","Y","","","","","","","","","1","1","0","0","0","0","0","0","0","0","0","1","1","0","0","0","0","0","0","0","0","0","0","0","0","0","0","0","0","0","0","0","0","0","0","4","0","40.0358","-75.1254","","CRASH_2001_Philadelphia"
"2002022780","06","67","67301","67301","2001","07","6","1335","13","1","1","0","4","1","","","N","01","2","00","3","0","2","3","2","N","N","40 02:40.265","75 07:09.950","1354","","1350","","0","","N","","3 ","","","","","","","","","","2","2","0","0","0","0","0","0","0","0","0","2","2","0","0","0","0","0","0","0","0","0","0","0","0","0","0","0","0","0","0","0","0","0","0","4","0","40.0445","-75.1194","","CRASH_2001_Philadelphia"