"CRN","DISTRICT","COUNTY","MUNICIPALITY","POLICE_AGCY","CRASH_YEAR","CRASH_MONTH","DAY_OF_WEEK","TIME_OF_DAY","HOUR_OF_DAY","ILLUMINATION","WEATHER","ROAD_CONDITION","COLLISION_TYPE","RELATION_TO_ROAD","WORK_ZONE_TYPE","WORK_ZONE_LOC","WORK_ZONE_IND","INTERSECT_TYPE","TCD_TYPE","LOCATION_TYPE","URBAN_RURAL","FATAL_COUNT","INJURY_COUNT","PERSON_COUNT","TOTAL_UNITS","SCH_BUS_IND","SCH_ZONE_IND","LATITUDE","LONGITUDE","ARRIVAL_TM","CONS_ZONE_SPD_LIM","DISPATCH_TM","EST_HRS_CLOSED","LANE_CLOSED","LN_CLOSE_DIR","NTFY_HIWY_MAINT","SPEC_JURIS_CD","TCD_FUNC_CD","TFC_DETOUR_IND","WORKERS_PRES","WZ_CLOSE_DETOUR","WZ_FLAGGER","WZ_LAW_OFFCR_IND","WZ_LN_CLOSURE","WZ_MOVING","WZ_OTHER","WZ_SHLDER_MDN","VEHICLE_COUNT","AUTOMOBILE_COUNT","MOTORCYCLE_COUNT","BUS_COUNT","SMALL_TRUCK_COUNT","HEAVY_TRUCK_COUNT","SUV_COUNT","VAN_COUNT","BICYCLE_COUNT","MAJ_INJ_COUNT","MOD_INJ_COUNT","MIN_INJ_COUNT","TOT_INJ_COUNT","UNK_INJ_DEG_COUNT","UNK_INJ_PER_COUNT","DRIVER_COUNT_16YR","DRIVER_COUNT_17YR","DRIVER_COUNT_18YR","DRIVER_COUNT_19YR","DRIVER_COUNT_20YR","DRIVER_COUNT_50_64YR","DRIVER_COUNT_65_74YR","DRIVER_COUNT_75PLUS","UNBELTED_OCC_COUNT","UNB_DEATH_COUNT","UNB_MAJ_INJ_COUNT","BELTED_DEATH_COUNT","BELTED_MAJ_INJ_COUNT","MCYCLE_DEATH_COUNT","MCYCLE_MAJ_INJ_COUNT","BICYCLE_DEATH_COUNT","BICYCLE_MAJ_INJ_COUNT","PED_COUNT","PED_DEATH_COUNT","PED_MAJ_INJ_COUNT","MAX_SEVERITY_LEVEL","COMM_VEH_COUNT","DEC_LAT","DEC_LONG","RDWY_SURF_TYPE_CD","COUNTY_YEAR"
"2002029563","06","67","67301","67301","2001","09","2","1341","13","1","1","0","2","1","","","N","02","0","00","3","0","4","4","2","N","N","39 59:07.213","75 11:16.027","1343","","1341","","0","","N","","0 ","","","","","","","","","","2","2","0","0","0","0","0","0","0","0","3","1","4","0","0","0","0","0","0","0","1","0","0","1","0","0","0","0","0","0","0","0","0","0","0","3","0","39.9858","-75.1877","","CRASH_2001_Philadelphia"
"2002032102","06","67","67301","67301","2001","10","2","2330","23","3","1","0","4","1","","","N","01","2","00","3","0","0","2","2","N","N","39 56:51.073","75 08:58.249","2349","","2344","","0","","N","","3 ","","","","","","","","","","2","2","0","0","0","0","0","0","0","0","0","0","0","0","0","0","0","0","0","0","0","0","0","0","0","0","0","0","0","0","0","0","0","0","0","0","0","39.9475","-75.1495","","CRASH_2001_Philadelphia"
"2001240019","06","67","67301","67301","2001","04","3","1700","17","1","1","0","1","1","","","N","01","3","00","3","0","0","3","2","N","N","39 59:29.760","75 05:05.280","9999","","9999","","0","","N","","3 ","","","","","","","","","","2","1","0","0","0","0","1","0","0","0","0","0","0","0","0","0","0","0","0","0","0","0","0","0","0","0","0","0","0","0","0","0","0","0","0","0","0","39.9915","-75.0849","","CRASH_2001_Philadelphia"
"2001246330","06","67","67301","46108","2001","06","3","1526","15","1","1","0","4","1","","","N","02","3","00","3","0","2","2","2","N","N","40 04:55.560","75 12:17.640","9999","","9999","","0","","N","","3 ","","","","","","","","","","2","2","0","0","0","0","0","0","0","0","2","0","2","0","0","0","0","0","0","0","0","0","1","0","0","0","0","0","0","0","0","0","0","0","0","3","0","40.0821","-75.2049","","CRASH_2001_Philadelphia"
"2002017280","06","67","67301","67301","2001","07","7","1120","11","1","1","0","7","2","","","N","00","0","00","3","0","1","1","1","N","N","40 02:16.411","75 00:41.001","1130","","1125","","0","","N","","0 ","","","","","","","","","","1","1","0","0","0","0","0","0","0","0","0","1","1","0","0","0","0","0","0","0","1","0","0","0","0","0","0","0","0","0","0","0","0","0","0","4","0","40.0384","-75.0104","","CRASH_2001_Philadelphia"
"2001268103","06","67","67301","67301","2001","09","2","2115","21","3","1","0","8","1","","","N","00","0","00","3","0","1","2","2","N","N","","","9999","","9999","","0","","N","","0 ","","","","","","","","","","1","1","0","0","0","0","0","0","0","0","1","0","1","0","0","0","1","0","0","0","0","0","0","1","0","0","0","0","0","0","0","0","1","0","0","3","0","","","","CRASH_2001_Philadelphia"
"2002018087","06","67","67301","67301","2001","07","7","1400","14","1","1","0","0","3","","","N","00","0","00","3","0","1","1","1","N","N","39 56:35.187","75 08:34.840","1400","","1400","","0","","N","","0 ","","","","","","","","","","1","1","0","0","0","0","0","0","0","0","1","0","1","0","0","0","0","0","0","0","0","0","0","0","0","0","0","0","0","0","0","0","0","0","0","3","0","39.9427","-75.1432","","CRASH_2001_Philadelphia"
"2002027349","06","67","67301","67301","2001","09","2","0707","07","1","1","0","4","1","","","N","01","0","00","3","0","1","3","2","N","N","40 00:31.782","75 05:24.333","0715","","0707","","0","","N","","0 ","","","","","","","","","","2","2","0","0","0","0","0","0","0","0","0","1","1","0","0","0","0","0","0","1","0","1","0","0","0","0","0","0","0","0","0","0","0","0","0","4","0","40.0088","-75.0901","","CRASH_2001_Philadelphia"
"2002028692","06","67","67301","67301","2001","09","2","0125","01","3","1","0","7","7","","","N","07","0","02","3","0","1","1","1","N","N","39 55:51.600","75 08:44.520","0135","","0127","1","1","1","Y","","0 ","Y","","","","","","","","","1","1","0","0","0","0","0","0","0","1","0","0","1","0","0","0","0","0","0","0","0","0","0","0","0","0","0","0","0","0","0","0","0","0","0","2","0","39.9282","-75.1463","","CRASH_2001_Philadelphia"
"2001266712","06","67","67301","67301","2001","07","7","1828","18","1","1","0","4","1","","","N","01","3","00","3","0","1","2","2","N","N","","","9999","","9999","","0","","N","","3 ","","","","","","","","","","1","1","0","0","0","0","0","0","1","0","0","1","1","0","0","0","0","0","0","0","0","0","0","0","0","0","0","0","0","0","0","0","0","0","0","4","0","","","","CRASH_2001_Philadelphia"
"2002000474","06","67","67301","67301","2001","11","6","1855","18","3","1","0","4","1","","","N","01","2","00","3","0","0","3","2","N","N","40 03:26.640","75 04:36.840","1911","","1855","","0","","N","","3 ","","","","","","","","","","2","2","0","0","0","0","0","0","0","0","0","0","0","0","0","1","0","0","0","0","1","0","0","0","0","0","0","0","0","0","0","0","0","0","0","0","0","40.0574","-75.0767","","CRASH_2001_Philadelphia"
"2001259799","06","67","67301","67301","2001","06","3","2204","22","3","1","0","4","1","","","N","00","0","00","3","0","1","2","2","N","N","","","9999","","9999","","0","","N","","0 ","","","","","","","","","","1","1","0","0","0","0","0","0","1","0","0","1","1","0","0","0","1","0","0","0","0","0","0","0","0","0","0","0","0","0","0","0","0","0","0","4","0","","","","CRASH_2001_Philadelphia"
"2001283784","06","67","67301","67301","2001","04","5","1630","16","1","1","0","4","1","","","N","01","3","00","3","0","2","3","2","N","N","39 59:55.424","75 05:40.664","9999","","9999","","0","","N","","3 ","","","","","","","","","","2","1","0","0","0","0","0","1","0","1","1","0","2","0","0","0","0","0","0","0","0","0","0","1","0","1","0","0","0","0","0","0","0","0","0","2","0","39.9987","-75.0946","","CRASH_2001_Philadelphia"
"2001288298","06","67","67301","","2001","07","1","0220","02","2","1","0","1","1","","","N","00","0","00","3","0","1","2","2","N","N","","","9999","","9999","","0","","N","","0 ","","","","","","","","","","2","1","0","0","0","0","0","0","0","0","1","0","1","0","0","0","0","0","0","0","0","0","0","0","0","0","0","0","0","0","0","0","0","0","0","3","0","","","","CRASH_2001_Philadelphia"
"2002012193","06","67","67301","67301","2001","07","5","1500","15","1","1","0","7","4","","","N","00","0","00","3","0","1","1","1","N","N","40 06:51.840","74 59:17.880","1530","","1515","","0","","N","","0 ","","","","","","","","","","1","1","0","0","0","0","0","0","0","0","1","0","1","0","0","0","0","0","0","0","0","0","1","0","0","0","0","0","0","0","0","0","0","0","0","3","0","40.1142","-74.9883","","CRASH_2001_Philadelphia"
"2001240123","06","67","67301","67301","2001","04","2","1835","18","1","1","0","8","1","","","N","01","3","00","3","0","1","2","2","N","N","","","9999","","9999","","0","","N","","3 ","","","","","","","","","","1","0","0","0","0","0","0","1","0","0","1","0","1","0","0","0","0","0","0","0","0","0","0","0","0","0","0","0","0","0","0","0","1","0","0","3","0","","","","CRASH_2001_Philadelphia"
"2001240941","06","67","67301","67301","2001","04","1","1649","16","1","1","0","4","1","","","N","01","2","00","3","0","1","2","2","N","N","39 57:30.600","75 14:15.000","9999","","9999","","0","","N","","3 ","","","","","","","","","","2","2","0","0","0","0","0","0","0","0","0","1","1","0","0","0","0","0","0","0","0","0","0","0","0","0","0","0","0","0","0","0","0","0","0","4","0","39.9584","-75.2375","","CRASH_2001_Philadelphia"
"2001248799","06","67","67301","67301","2001","05","3","2030","20","3","1","0","8","1","","","N","00","0","00","3","0","2","2","2","N","N","","","9999","","9999","","0","","N","","0 ","","","","","","","","","","1","0","0","0","0","0","0","0","0","0","0","1","1","0","1","0","0","0","0","0","0","0","0","0","0","0","0","0","0","0","0","0","1","0","0","4","0","","","","CRASH_2001_Philadelphia"
"2001268105","06","67","67301","67301","2001","09","6","1409","14","1","1","0","4","1","","","N","02","2","00","3","0","3","3","2","N","N","40 03:33.480","75 02:38.400","9999","","9999","","0","","N","","3 ","","","","","","","","","","2","2","0","0","0","0","0","0","0","0","1","2","3","0","0","0","1","0","0","0","0","0","1","0","0","0","0","0","0","0","0","0","0","0","0","3","0","40.0594","-75.0439","","CRASH_2001_Philadelphia"
"2001238199","06","67","67301","67301","2001","04","2","0001","00","3","5","0","9","1","","","N","00","0","00","3","0","1","1","2","N","N","40 00:52.560","75 10:10.920","9999","","9999","","0","","N","","0 ","","","","","","","","","","2","1","0","0","0","0","0","0","0","0","1","0","1","0","0","0","0","0","0","0","0","0","0","0","0","0","0","0","0","0","0","0","0","0","0","3","0","40.0147","-75.1697","","CRASH_2001_Philadelphia"
"2002010480","06","67","67301","67301","2001","06","4","1831","18","1","1","0","8","1","","","N","01","2","00","3","0","1","4","2","N","N","39 57:25.907","75 12:51.502","1831","","1829","","0","","N","","3 ","","","","","","","","","","1","1","0","0","0","0","0","0","0","1","0","0","1","0","0","0","0","0","0","0","1","0","0","0","0","0","0","0","0","0","0","0","1","0","1","2","0","39.9556","-75.2146","","CRASH_2001_Philadelphia"
"2001287986","06","67","67301","","2001","03","3","0845","08","1","1","0","7","1","","","N","00","0","00","3","0","1","2","2","N","N","39 57:21.600","75 09:46.080","9999","","9999","","0","","N","","0 ","","","","","","","","","","1","1","0","0","0","0","0","0","0","0","0","0","0","0","1","0","0","0","0","0","0","0","0","0","0","0","0","0","0","0","0","0","1","0","0","9","0","39.9561","-75.1628","","CRASH_2001_Philadelphia"
"2001288245","06","67","67301","","2001","07","2","2230","22","9","9","9","1","1","","","N","01","9","00","3","0","1","2","2","N","N","40 01:31.152","75 07:24.779","9999","","9999","","0","","N","","9 ","","","","","","","","","","2","1","0","0","0","0","0","0","0","0","0","1","1","0","0","0","0","0","0","0","0","0","0","0","0","0","0","0","0","0","0","0","0","0","0","4","0","40.0253","-75.1235","","CRASH_2001_Philadelphia"
"2002026639","06","67","67301","67301","2001","09","2","1955","19","3","1","0","5","1","","","N","00","2","00","3","0","1","2","3","N","N","40 02:44.520","75 03:23.400","2005","","1955","","0","","N","","3 ","","","","","","","","","","3","3","0","0","0","0","0","0","0","0","0","1","1","0","0","0","0","0","0","0","0","0","0","0","0","0","0","0","0","0","0","0","0","0","0","4","0","40.0457","-75.0565","","CRASH_2001_Philadelphia"
"2001250505","06","67","67301","67301","2001","05","6","1415","14","1","1","0","7","5","","","N","00","0","00","3","0","1","1","1","N","N","","","9999","","9999","","0","","N","","0 ","","","","","","","","","","1","1","0","0","0","0","0","0","0","0","0","1","1","0","0","1","0","0","0","0","0","0","0","0","0","0","0","0","0","0","0","0","0","0","0","4","0","","","","CRASH_2001_Philadelphia"
"2001283806","06","67","67301","67301","2001","04","7","0158","01","3","1","0","1","1","1","8","Y","02","2","00","3","0","1","3","2","N","N","39 57:52.200","75 08:03.120","9999","99","9999","","0","","N","","3 ","","U","","","U","","","","","2","1","0","0","0","0","1","0","0","0","1","0","1","0","0","0","0","0","0","0","0","0","0","0","0","0","0","0","0","0","0","0","0","0","0","3","0","39.9645","-75.1344","","CRASH_2001_Philadelphia"
"2001238047","06","67","67301","67301","2001","04","6","1340","13","1","2","1","1","1","","","N","01","2","00","3","0","5","6","2","N","N","39 56:50.280","75 13:36.840","9999","","9999","","0","","N","","3 ","","","","","","","","","","2","1","0","0","0","0","0","1","0","0","0","5","5","0","0","0","0","0","0","0","1","0","0","0","0","0","0","0","0","0","0","0","0","0","0","4","0","39.9472","-75.2268","","CRASH_2001_Philadelphia"
"2001240211","06","67","67301","67301","2001","04","7","1040","10","1","1","0","8","1","","","N","01","3","00","3","0","1","2","2","N","N","","","9999","","9999","","0","","N","","3 ","","","","","","","","","","1","0","0","0","1","0","0","0","0","0","0","0","0","0","1","0","0","0","0","0","0","0","0","0","0","0","0","0","0","0","0","0","1","0","0","9","0","","","","CRASH_2001_Philadelphia"
"2001240882","06","67","67301","67301","2001","04","4","1405","14","1","1","0","5","1","","","N","01","2","00","3","0","1","3","2","N","N","39 58:08.760","75 09:47.880","9999","","9999","","0","","N","","3 ","","","","","","","","","","2","1","0","0","0","0","0","0","0","0","0","1","1","0","0","0","0","0","0","0","0","0","0","0","0","0","0","0","0","0","0","0","0","0","0","4","0","39.9691","-75.1633","","CRASH_2001_Philadelphia"
"2001244463","06","67","67301","67301","2001","05","7","0430","04","3","1","0","9","1","","","N","00","0","00","3","0","0","1","2","N","N","","","9999","","9999","","0","","N","","0 ","","","","","","","","","","2","1","0","0","0","0","0","0","0","0","0","0","0","0","0","0","0","0","0","0","0","0","0","0","0","0","0","0","0","0","0","0","0","0","0","0","0","","","","CRASH_2001_Philadelphia"
"2001248834","06","67","67301","67301","2001","05","4","1608","16","1","1","0","1","1","","","N","00","0","00","3","0","0","3","3","N","N","40 01:05.880","75 10:06.960","9999","","9999","","0","","N","","0 ","","","","","","","","","","3","3","0","0","0","0","0","0","0","0","0","0","0","0","0","0","0","1","0","0","0","0","0","0","0","0","0","0","0","0","0","0","0","0","0","0","0","40.0183","-75.1686","","CRASH_2001_Philadelphia"
"2002017589","06","67","67301","67301","2001","07","3","1517","15","1","1","0","1","1","","","N","01","2","00","3","0","2","4","3","N","N","39 59:19.623","75 07:13.001","1525","","1520","","0","","N","","3 ","","","","","","","","","","3","2","0","0","1","0","0","0","0","0","0","2","2","0","0","0","0","0","0","0","0","0","0","0","0","0","0","0","0","0","0","0","0","0","0","4","0","39.9888","-75.1202","","CRASH_2001_Philadelphia"
"2001288041","06","67","67301","","2001","04","7","1330","13","1","1","0","1","1","","","N","00","0","00","3","0","1","2","2","N","N","40 01:18.840","75 05:38.400","9999","","9999","","0","","N","","0 ","","","","","","","","","","2","1","0","0","0","0","0","0","0","0","0","1","1","0","0","0","0","0","0","0","0","0","0","1","0","0","0","0","0","0","0","0","0","0","0","4","0","40.0224","-75.0939","","CRASH_2001_Philadelphia"
"2001266612","06","67","67301","67301","2001","08","7","0055","00","2","1","0","9","1","","","N","02","0","00","3","0","0","1","2","N","N","","","9999","","9999","","0","","N","","0 ","","","","","","","","","","2","1","0","0","0","0","0","0","0","0","0","0","0","0","0","0","0","1","0","0","0","0","0","0","0","0","0","0","0","0","0","0","0","0","0","0","0","","","","CRASH_2001_Philadelphia"
"2002012700","06","67","67301","67301","2001","07","7","0300","03","3","1","1","1","1","","","N","00","0","00","3","0","1","4","2","N","N","40 02:39.863","75 08:36.572","0305","","0305","","0","","N","","0 ","","","","","","","","","","2","2","0","0","0","0","0","0","0","0","0","1","1","0","0","0","0","0","0","0","0","0","0","0","0","0","0","0","0","0","0","0","0","0","0","4","0","40.0444","-75.1435","","CRASH_2001_Philadelphia"
"2002020477","06","67","67301","67301","2001","08","4","1855","18","1","1","0","7","2","","","N","00","0","00","3","0","0","2","1","N","N","39 57:24.658","75 09:11.702","1900","","1857","","0","","N","","0 ","","","","","","","","","","1","1","0","0","0","0","0","0","0","0","0","0","0","0","0","0","0","0","1","0","0","0","0","0","0","0","0","0","0","0","0","0","0","0","0","0","0","39.9569","-75.1534","","CRASH_2001_Philadelphia"
"2002025079","06","67","67301","67301","2001","08","2","0044","00","3","1","0","7","2","","","N","00","0","01","3","0","1","1","1","N","N","39 57:05.425","75 10:57.709","0058","","0045","","0","","N","","0 ","","","","","","","","","","1","1","0","0","0","0","0","0","0","0","0","1","1","0","0","0","0","0","1","0","0","0","0","0","0","0","0","0","0","0","0","0","0","0","0","4","0","39.9513","-75.1828","","CRASH_2001_Philadelphia"
"2002065495","06","67","67301","67301","2001","12","4","1219","12","1","1","0","4","1","","","N","01","2","00","3","0","2","2","2","N","N","40 04:51.000","75 12:09.644","1225","","1219","","0","","N","","9 ","","","","","","","","","","2","2","0","0","0","0","0","0","0","0","0","1","2","1","0","0","0","0","0","0","1","0","0","0","0","0","0","0","0","0","0","0","0","0","0","4","0","40.0808","-75.2027","","CRASH_2001_Philadelphia"
"2002030257","06","67","67301","67301","2001","07","7","1840","18","1","1","0","4","1","","","N","00","0","07","3","0","0","2","2","N","N","","","1850","","1840","","0","","N","","0 ","","","","","","","","","","2","2","0","0","0","0","0","0","0","0","0","0","0","0","0","0","0","0","0","0","1","0","1","0","0","0","0","0","0","0","0","0","0","0","0","0","0","","","","CRASH_2001_Philadelphia"
"2002045910","06","67","67301","67301","2001","10","7","0858","08","1","1","0","7","2","","","N","00","0","00","3","0","1","2","1","N","N","40 01:13.612","75 09:14.772","0905","","0901","","0","","N","","0 ","","","","","","","","","","1","1","0","0","0","0","0","0","0","0","0","1","1","0","0","0","0","0","0","0","0","0","0","0","0","0","0","0","0","0","0","0","0","0","0","4","0","40.0204","-75.154","","CRASH_2001_Philadelphia"
"2002022828","06","67","67301","67301","2001","09","1","0125","01","3","1","0","7","2","","","N","00","0","03","3","0","1","2","1","N","N","40 00:32.760","75 04:03.000","0130","","0125","1","2","1","N","","0 ","N","","","","","","","","","1","1","0","0","0","0","0","0","0","0","0","1","1","0","0","0","0","0","1","0","0","0","0","0","0","0","0","0","0","0","0","0","0","0","0","4","0","40.0091","-75.0676","","CRASH_2001_Philadelphia"
"2002029728","06","67","67301","67301","2001","09","3","1737","17","1","1","0","4","1","","","N","02","3","00","3","0","2","3","3","N","N","","","1747","","1741","","0","","N","","3 ","","","","","","","","","","3","3","0","0","0","0","0","0","0","0","0","2","2","0","0","0","0","0","0","0","0","0","0","0","0","0","0","0","0","0","0","0","0","0","0","4","0","","","","CRASH_2001_Philadelphia"
"2002045679","06","67","67301","67301","2001","10","4","0020","00","3","1","1","1","1","","","N","01","2","00","3","0","5","5","2","N","N","39 57:53.777","75 13:28.378","0100","","0015","","0","","N","","3 ","","","","","","","","","","2","2","0","0","0","0","0","0","0","0","0","5","5","0","0","0","0","1","0","0","1","0","0","0","0","0","0","0","0","0","0","0","0","0","0","4","0","39.9649","-75.2246","","CRASH_2001_Philadelphia"
"2002006159","06","67","67301","67301","2001","11","3","2311","23","3","1","0","1","1","","","N","00","0","00","3","0","2","2","6","N","N","","","2315","","2311","","0","","N","","0 ","","","","","","","","","","6","6","0","0","0","0","0","0","0","0","0","2","2","0","0","0","0","1","0","0","0","0","0","0","0","0","0","0","0","0","0","0","0","0","0","4","0","","","","CRASH_2001_Philadelphia"
"2002027887","06","67","67301","67301","2001","09","3","9999","99","1","1","0","8","1","","","N","01","2","00","3","0","1","2","2","N","N","39 57:45.844","75 14:48.632","1250","","1244","","0","","N","","3 ","","","","","","","","","","1","1","0","0","0","0","0","0","0","0","1","0","1","0","0","0","0","0","0","0","0","0","0","0","0","0","0","0","0","0","0","0","1","0","0","3","0","39.9627","-75.2467","","CRASH_2001_Philadelphia"
"2002028492","06","67","67301","67301","2001","09","5","1620","16","1","1","0","8","6","","","N","00","3","00","3","0","1","2","2","N","N","39 56:00.000","75 10:22.000","1626","","1626","","0","","N","","3 ","","","","","","","","","","1","0","0","0","0","0","0","0","0","0","0","1","1","0","1","0","0","0","0","0","0","0","0","0","0","0","0","0","0","0","0","0","1","0","0","4","0","39.9333","-75.1728","","CRASH_2001_Philadelphia"
"2002031116","06","67","67301","67301","2001","10","4","1935","19","3","1","0","4","4","","","N","01","2","00","3","0","0","2","2","N","N","39 59:40.233","75 09:33.848","1952","","1945","","0","","N","","3 ","","","","","","","","","","2","2","0","0","0","0","0","0","0","0","0","0","0","0","0","0","0","0","0","0","0","0","0","0","0","0","0","0","0","0","0","0","0","0","0","0","0","39.9945","-75.1593","","CRASH_2001_Philadelphia"
"2002042066","06","67","67301","67301","2001","12","1","0125","01","3","2","1","4","1","","","N","01","2","00","3","0","4","4","2","N","N","39 59:52.918","75 07:31.248","0130","","0125","","0","","N","","3 ","","","","","","","","","","2","2","0","0","0","0","0","0","0","0","0","4","4","0","0","0","0","1","0","0","0","0","0","0","0","0","0","0","0","0","0","0","0","0","0","4","0","39.998","-75.1254","","CRASH_2001_Philadelphia"
"2002043624","06","67","67301","67301","2001","11","2","0700","07","1","1","0","8","1","","","N","00","2","00","3","0","1","2","2","N","N","40 02:18.238","75 02:10.714","0710","","0705","","0","","N","","3 ","","","","","","","","","","1","1","0","0","0","0","0","0","0","0","1","0","1","0","1","0","0","0","0","0","0","0","0","0","0","0","0","0","0","0","0","0","1","0","0","3","0","40.0384","-75.0362","","CRASH_2001_Philadelphia"
"2002046715","06","67","67301","67301","2001","10","7","0323","03","3","1","0","7","3","","","N","00","0","00","3","0","0","4","1","N","N","39 58:29.988","75 11:39.508","0333","","0325","","0","","N","","0 ","","","","","","","","","","1","1","0","0","0","0","0","0","0","0","0","0","0","0","0","0","0","0","0","0","0","0","0","0","0","0","0","0","0","0","0","0","0","0","0","0","0","39.975","-75.1945","","CRASH_2001_Philadelphia"
"2002020096","06","67","67301","67301","2001","07","1","2221","22","3","1","0","8","1","","","N","01","2","00","3","0","1","2","2","N","N","39 58:38.149","75 13:36.778","9999","","2221","","0","","N","","3 ","","","","","","","","","","1","1","0","0","0","0","0","0","0","0","0","1","1","0","0","0","0","0","0","0","0","0","0","0","0","0","0","0","0","0","0","0","1","0","0","4","0","39.9772","-75.2268","","CRASH_2001_Philadelphia"
"2002026322","06","67","67301","67301","2001","09","3","1740","17","1","2","1","1","1","","","N","02","3","00","3","0","1","2","2","N","N","40 06:01.130","74 59:14.442","1850","","1840","","0","","N","","3 ","","","","","","","","","","2","1","0","0","1","0","0","0","0","0","0","1","1","0","0","0","0","0","0","0","0","0","0","1","0","0","0","0","0","0","0","0","0","0","0","4","0","40.1002","-74.9876","","CRASH_2001_Philadelphia"
"2002026523","06","67","67301","67301","2001","06","3","1800","18","1","1","0","1","1","","","N","01","2","00","3","0","1","2","2","N","N","40 02:20.735","75 06:36.378","9999","","1800","","0","","N","","3 ","","","","","","","","","","2","2","0","0","0","0","0","0","0","0","0","1","1","0","0","0","0","0","0","0","0","0","0","0","0","0","0","0","0","0","0","0","0","0","0","4","0","40.0392","-75.11","","CRASH_2001_Philadelphia"
"2002034045","06","67","67301","67301","2001","11","4","0733","07","1","1","0","4","1","","","N","05","2","07","3","0","1","2","2","N","N","40 03:32.505","75 02:41.288","0740","","0733","","0","","N","","3 ","","","","","","","","","","2","1","0","0","0","0","1","0","0","0","0","1","1","0","0","0","0","0","0","0","2","0","0","1","0","0","0","0","0","0","0","0","0","0","0","4","0","40.059","-75.0448","","CRASH_2001_Philadelphia"
"2002037116","06","67","67301","67301","2001","11","4","1806","18","3","1","0","4","1","","","N","01","2","00","3","0","7","7","3","N","N","40 00:52.739","75 09:23.913","1810","","1806","","0","","Y","","3 ","","","","","","","","","","3","3","0","0","0","0","0","0","0","0","0","7","7","0","0","0","0","0","0","0","2","0","0","0","0","0","0","0","0","0","0","0","0","0","0","4","0","40.0146","-75.1567","","CRASH_2001_Philadelphia"
"2001288430","06","67","67301","","2001","09","5","0755","07","1","1","0","1","1","","","N","01","2","00","3","0","1","2","2","N","N","40 02:37.212","75 04:53.486","9999","","9999","","0","","N","","3 ","","","","","","","","","","2","2","0","0","0","0","0","0","0","0","0","0","0","0","1","0","0","0","0","0","0","0","0","0","0","0","0","0","0","0","0","0","0","0","0","9","0","40.0437","-75.0815","","CRASH_2001_Philadelphia"
"2002005856","06","67","67301","67301","2001","11","1","1652","16","4","1","0","4","1","","","N","01","2","00","3","0","1","2","2","N","N","40 02:35.322","75 04:26.113","1656","","1656","","0","","Y","","1 ","","","","","","","","","","2","2","0","0","0","0","0","0","0","0","0","1","1","0","0","1","0","0","0","0","0","0","0","0","0","0","0","0","0","0","0","0","0","0","0","4","0","40.0431","-75.0738","","CRASH_2001_Philadelphia"
"2002010760","06","67","67301","67301","2001","06","3","1616","16","1","1","0","7","4","","","N","00","0","00","3","0","0","5","4","N","N","39 56:55.880","75 11:06.083","1627","","1619","1","2","4","N","","0 ","Y","","","","","","","","","4","3","0","0","0","1","0","0","0","0","0","0","0","0","0","0","0","0","0","0","0","0","0","1","0","0","0","0","0","0","0","0","0","0","0","0","1","39.9489","-75.185","","CRASH_2001_Philadelphia"
"2002017478","06","67","67301","67301","2001","08","5","0550","05","5","1","0","1","6","","","N","00","0","00","3","0","0","2","2","N","N","39 57:15.480","75 11:27.960","0750","","0750","","0","","N","","0 ","","","","","","","","","","2","2","0","0","0","0","0","0","0","0","0","0","0","0","1","0","0","0","0","0","0","0","0","0","0","0","0","0","0","0","0","0","0","0","0","9","0","39.9542","-75.191","","CRASH_2001_Philadelphia"
"2002037372","06","67","67301","67301","2001","11","5","2220","22","2","1","0","4","1","","","N","00","0","00","3","0","2","3","2","N","N","40 04:49.525","75 01:40.961","2235","","2226","","0","","N","","0 ","","","","","","","","","","2","2","0","0","0","0","0","0","0","0","0","2","2","0","0","0","0","0","0","0","0","0","0","0","0","0","0","0","0","0","0","0","0","0","0","4","0","40.0804","-75.028","","CRASH_2001_Philadelphia"
"2002045160","06","67","67301","67301","2001","12","1","1740","17","1","1","0","4","1","","","N","02","3","00","3","0","1","6","2","N","N","40 01:56.805","75 06:27.205","1747","","1740","","0","","N","","3 ","","","","","","","","","","2","2","0","0","0","0","0","0","0","0","0","1","1","0","0","0","0","0","0","0","0","0","0","0","0","0","0","0","0","0","0","0","0","0","0","4","0","40.0324","-75.1076","","CRASH_2001_Philadelphia"
"2002026877","06","67","67301","67301","2001","09","1","2300","23","3","1","0","4","1","1","8","Y","01","2","00","3","0","2","6","4","N","N","39 57:36.624","75 08:13.909","2302","99","2302","","0","","N","","3 ","","U","","","U","","","","Y","4","2","0","0","0","0","0","0","0","0","0","2","2","0","0","0","0","0","0","0","0","0","0","0","0","0","0","0","0","0","0","0","0","0","0","4","0","39.9602","-75.1372","","CRASH_2001_Philadelphia"
"2002027882","06","67","67301","67301","2001","09","4","1115","11","1","1","0","7","5","","","N","00","0","00","3","0","0","2","1","N","N","39 56:26.682","75 11:02.166","1125","","1118","","0","","N","","0 ","","","","","","","","","","1","1","0","0","0","0","0","0","0","0","0","0","0","0","0","0","0","1","0","0","0","0","0","0","0","0","0","0","0","0","0","0","0","0","0","0","0","39.9407","-75.1839","","CRASH_2001_Philadelphia"
"2002012671","06","67","67301","67301","2001","07","1","0032","00","3","1","0","7","4","","","N","05","2","00","3","0","1","1","1","N","N","40 01:08.848","75 08:50.438","0036","","0032","","0","","N","","2 ","","","","","","","","","","1","1","0","0","0","0","0","0","0","0","0","1","1","0","0","0","0","0","0","0","0","0","0","0","0","0","0","0","0","0","0","0","0","0","0","4","0","40.019","-75.1472","","CRASH_2001_Philadelphia"