"CRN","DISTRICT","COUNTY","MUNICIPALITY","POLICE_AGCY","CRASH_YEAR","CRASH_MONTH","DAY_OF_WEEK","TIME_OF_DAY","HOUR_OF_DAY","ILLUMINATION","WEATHER","ROAD_CONDITION","COLLISION_TYPE","RELATION_TO_ROAD","WORK_ZONE_TYPE","WORK_ZONE_LOC","WORK_ZONE_IND","INTERSECT_TYPE","TCD_TYPE","LOCATION_TYPE","URBAN_RURAL","FATAL_COUNT","INJURY_COUNT","PERSON_COUNT","TOTAL_UNITS","SCH_BUS_IND","SCH_ZONE_IND","LATITUDE","LONGITUDE","ARRIVAL_TM","CONS_ZONE_SPD_LIM","DISPATCH_TM","EST_HRS_CLOSED","LANE_CLOSED","LN_CLOSE_DIR","NTFY_HIWY_MAINT","SPEC_JURIS_CD","TCD_FUNC_CD","TFC_DETOUR_IND","WORKERS_PRES","WZ_CLOSE_DETOUR","WZ_FLAGGER","WZ_LAW_OFFCR_IND","WZ_LN_CLOSURE","WZ_MOVING","WZ_OTHER","WZ_SHLDER_MDN","VEHICLE_COUNT","AUTOMOBILE_COUNT","MOTORCYCLE_COUNT","BUS_COUNT","SMALL_TRUCK_COUNT","HEAVY_TRUCK_COUNT","SUV_COUNT","VAN_COUNT","BICYCLE_COUNT","MAJ_INJ_COUNT","MOD_INJ_COUNT","MIN_INJ_COUNT","TOT_INJ_COUNT","UNK_INJ_DEG_COUNT","UNK_INJ_PER_COUNT","DRIVER_COUNT_16YR","DRIVER_COUNT_17YR","DRIVER_COUNT_18YR","DRIVER_COUNT_19YR","DRIVER_COUNT_20YR","DRIVER_COUNT_50_64YR","DRIVER_COUNT_65_74YR","DRIVER_COUNT_75PLUS","UNBELTED_OCC_COUNT","UNB_DEATH_COUNT","UNB_MAJ_INJ_COUNT","BELTED_DEATH_COUNT","BELTED_MAJ_INJ_COUNT","MCYCLE_DEATH_COUNT","MCYCLE_MAJ_INJ_COUNT","BICYCLE_DEATH_COUNT","BICYCLE_MAJ_INJ_COUNT","PED_COUNT","PED_DEATH_COUNT","PED_MAJ_INJ_COUNT","MAX_SEVERITY_LEVEL","COMM_VEH_COUNT","DEC_LAT","DEC_LONG","RDWY_SURF_TYPE_CD","COUNTY_YEAR"
"2002017133","06","67","67301","67301","2001","07","1","0450","04","3","1","0","7","5","","","N","00","0","00","3","0","1","1","1","N","N","39 56:16.816","75 11:55.719","0500","","0457","","0","","N","","0 ","","","","","","","","","","1","1","0","0","0","0","0","0","0","0","1","0","1","0","0","0","0","0","0","0","0","0","0","1","0","0","0","0","0","0","0","0","0","0","0","3","0","39.9371","-75.1993","","CRASH_2001_Philadelphia"
"2002026334","06","67","67301","67301","2001","09","6","1956","19","3","1","0","5","1","","","N","00","0","00","3","0","1","2","2","N","N","40 07:22.652","75 00:56.192","2010","","1956","","9","","N","","0 ","U","","","","","","","","","2","1","1","0","0","0","0","0","0","0","0","1","1","0","0","0","0","0","0","0","0","0","0","0","0","0","0","0","0","0","0","0","0","0","0","4","0","40.1236","-75.0153","","CRASH_2001_Philadelphia"
"2001243326","06","67","67301","67301","2001","04","1","1905","19","1","1","0","8","1","","","N","00","0","00","3","0","1","2","2","N","N","","","9999","","9999","","0","","N","","0 ","","","","","","","","","","1","1","0","0","0","0","0","0","0","0","0","0","0","0","1","0","0","0","0","0","0","0","0","0","0","0","0","0","0","0","0","0","1","0","0","9","0","","","","CRASH_2001_Philadelphia"
"2002037369","06","67","67301","67301","2001","11","7","1656","16","1","1","0","8","1","","","N","01","2","00","3","0","1","2","2","N","N","","","1655","","1650","","0","","N","","3 ","","","","","","","","","","1","1","0","0","0","0","0","0","0","0","1","0","1","0","0","0","0","0","0","0","0","0","0","0","0","0","0","0","0","0","0","0","1","0","0","3","0","","","","CRASH_2001_Philadelphia"
"2002042673","06","67","67301","67301","2001","12","1","1105","11","1","1","0","4","1","","","N","10","2","00","3","0","2","4","4","N","N","","","1120","","1110","","0","","N","","3 ","","","","","","","","","","4","4","0","0","0","0","0","0","0","0","0","2","2","0","0","0","0","0","0","0","0","0","0","0","0","0","0","0","0","0","0","0","0","0","0","4","0","","","","CRASH_2001_Philadelphia"
"2002046750","06","67","67301","67301","2001","12","5","2034","20","3","1","0","2","1","","","N","00","0","00","3","0","1","2","2","N","N","40 00:34.174","75 09:04.878","2125","","2035","3","1","2","N","","0 ","Y","","","","","","","","","1","1","0","0","0","0","0","0","0","1","0","0","1","0","0","0","0","0","0","0","0","0","0","0","0","0","0","0","0","0","0","0","1","0","1","2","0","40.0094","-75.1512","","CRASH_2001_Philadelphia"
"2002012710","06","67","67301","67301","2001","07","5","1030","10","1","1","0","4","1","","","N","01","9","00","3","0","2","2","2","N","N","40 01:00.816","75 08:58.637","1040","","1030","","0","","N","","9 ","","","","","","","","","","2","2","0","0","0","0","0","0","0","0","0","2","2","0","0","0","0","0","0","0","1","0","0","0","0","0","0","0","0","0","0","0","0","0","0","4","0","40.0168","-75.1496","","CRASH_2001_Philadelphia"
"2002041974","06","67","67301","67301","2001","12","2","2345","23","3","2","1","2","6","","","N","00","0","00","3","0","1","1","4","N","N","40 01:53.631","75 10:04.368","2359","","2352","","0","","N","","0 ","","","","","","","","","","4","4","0","0","0","0","0","0","0","0","0","1","1","0","0","0","0","0","0","0","1","0","0","0","0","0","0","0","0","0","0","0","0","0","0","4","0","40.0316","-75.1679","","CRASH_2001_Philadelphia"
"2002036245","06","67","67301","67301","2001","10","3","1700","17","1","1","0","5","1","","","N","03","2","00","3","0","0","2","2","N","N","39 57:52.126","75 08:03.148","1740","","1735","","0","","N","","3 ","","","","","","","","","","2","1","0","0","0","1","0","0","0","0","0","0","0","0","0","0","0","0","0","0","0","0","0","0","0","0","0","0","0","0","0","0","0","0","0","0","1","39.9644","-75.1343","","CRASH_2001_Philadelphia"
"2002039934","06","67","67301","67501","2001","12","7","2048","20","3","1","0","1","2","","","N","00","0","03","3","0","0","2","2","N","N","","","2050","","2048","","0","","N","","0 ","","","","","","","","","","2","1","0","0","0","1","0","0","0","0","0","0","0","0","0","0","0","0","0","0","0","0","0","0","0","0","0","0","0","0","0","0","0","0","0","0","0","","","","CRASH_2001_Philadelphia"
"2002027899","06","67","67301","67301","2001","09","4","0730","07","1","1","0","1","1","","","N","00","0","00","3","0","2","3","3","N","N","40 02:11.839","75 00:42.687","0742","","0736","","0","","N","","0 ","","","","","","","","","","3","3","0","0","0","0","0","0","0","0","2","0","2","0","0","0","0","0","0","0","0","0","0","0","0","0","0","0","0","0","0","0","0","0","0","3","0","40.0367","-75.0119","","CRASH_2001_Philadelphia"
"2002039472","06","67","67301","67301","2001","11","3","2130","21","3","1","0","4","1","","","N","01","2","00","3","0","1","3","2","N","N","39 59:08.676","75 12:56.716","2140","","2134","","0","","N","","3 ","","","","","","","","","","2","2","0","0","0","0","0","0","0","0","0","1","1","0","0","0","0","0","0","0","0","0","0","0","0","0","0","0","0","0","0","0","0","0","0","4","0","39.9858","-75.2156","","CRASH_2001_Philadelphia"
"2002045720","06","67","67301","67301","2001","06","7","0809","08","1","1","0","4","1","","","N","01","2","00","3","0","2","3","3","N","N","39 58:03.042","75 13:55.191","0817","","0811","","0","","N","","3 ","","","","","","","","","","3","3","0","0","0","0","0","0","0","0","1","1","2","0","0","0","0","0","0","0","0","0","0","0","0","0","0","0","0","0","0","0","0","0","0","3","0","39.9675","-75.232","","CRASH_2001_Philadelphia"
"2002034031","06","67","67301","67301","2001","11","1","0115","01","3","1","0","1","1","","","N","01","2","00","3","0","2","3","2","N","N","40 03:12.636","75 10:40.711","0120","","0120","","0","","N","","3 ","","","","","","","","","","2","2","0","0","0","0","0","0","0","0","0","2","2","0","1","0","0","0","0","0","0","0","0","0","0","0","0","0","0","0","0","0","0","0","0","4","0","40.0536","-75.178","","CRASH_2001_Philadelphia"
"2002039442","06","67","67301","67301","2001","11","1","1600","16","1","1","0","8","1","","","N","01","2","00","3","0","1","2","2","N","N","40 04:09.079","75 00:26.400","1825","","1818","","0","","N","","3 ","","","","","","","","","","1","1","0","0","0","0","0","0","0","0","0","1","1","0","1","0","0","0","0","0","0","0","0","0","0","0","0","0","0","0","0","0","1","0","0","4","0","40.0691","-75.0075","","CRASH_2001_Philadelphia"
"2002040111","06","67","67301","67301","2001","12","6","2108","21","3","2","1","2","1","","","N","01","2","00","3","0","0","2","2","N","N","40 01:10.655","75 04:24.303","2130","","2118","","9","","N","","9 ","U","","","","","","","","","2","2","0","0","0","0","0","0","0","0","0","0","0","0","1","0","0","0","0","0","0","0","0","0","0","0","0","0","0","0","0","0","0","0","0","9","0","40.0196","-75.0733","","CRASH_2001_Philadelphia"
"2002043792","06","67","67301","67301","2001","11","3","1155","11","1","1","0","5","1","","","N","06","0","02","3","0","1","3","2","N","N","39 57:04.098","75 08:28.329","1205","","1155","1","2","1","Y","","0 ","N","","","","","","","","","2","2","0","0","0","0","0","0","0","0","0","1","1","0","2","0","0","0","0","0","1","1","0","0","0","0","0","0","0","0","0","0","0","0","0","4","0","39.951","-75.1411","","CRASH_2001_Philadelphia"
"2001233247","06","67","67301","67301","2001","04","2","0210","02","3","2","0","4","1","","","N","01","2","00","3","0","5","5","2","N","N","39 57:00.360","75 09:50.400","9999","","9999","","0","","N","","3 ","","","","","","","","","","2","2","0","0","0","0","0","0","0","0","0","0","0","0","5","0","0","0","0","1","0","0","0","0","0","0","0","0","0","0","0","0","0","0","0","9","0","39.9501","-75.164","","CRASH_2001_Philadelphia"
"2002001087","06","67","67301","67301","2001","06","3","1346","13","1","1","0","8","1","","","N","00","3","00","3","0","1","2","2","N","N","","","1348","","1347","","0","","N","","3 ","","","","","","","","","","1","1","0","0","0","0","0","0","0","0","0","1","1","0","0","0","0","0","0","0","1","0","0","0","0","0","0","0","0","0","0","0","1","0","0","4","0","","","","CRASH_2001_Philadelphia"
"2002026476","06","67","67301","67301","2001","07","2","9999","99","1","1","0","1","1","","","N","01","0","00","3","0","0","2","2","N","N","","","9999","","9999","","0","","N","","0 ","","","","","","","","","","2","2","0","0","0","0","0","0","0","0","0","0","0","0","0","0","0","0","0","1","0","0","0","1","0","0","0","0","0","0","0","0","0","0","0","0","0","","","","CRASH_2001_Philadelphia"
"2002031119","06","67","67301","67301","2001","09","2","0912","09","1","1","0","4","7","","","N","05","0","00","3","0","3","3","2","N","N","40 01:15.451","75 08:55.464","0920","","0912","","0","","N","","0 ","","","","","","","","","","2","2","0","0","0","0","0","0","0","0","3","0","3","0","0","0","0","0","0","0","1","0","0","0","0","0","0","0","0","0","0","0","0","0","0","3","0","40.0206","-75.1487","","CRASH_2001_Philadelphia"
"2002037163","06","67","67301","67301","2001","11","1","2045","20","3","2","1","7","2","","","N","00","0","99","3","0","1","2","1","N","N","","","2052","","2050","","0","","Y","","0 ","","","","","","","","","","1","1","0","0","0","0","0","0","0","0","0","1","1","0","0","0","0","0","0","0","0","0","0","0","0","0","0","0","0","0","0","0","0","0","0","4","0","","","","CRASH_2001_Philadelphia"
"2001243738","06","67","67301","67301","2001","04","1","1006","10","1","1","0","4","1","","","N","01","2","00","3","0","5","5","2","N","N","40 03:27.720","75 09:57.960","9999","","9999","","0","","N","","3 ","","","","","","","","","","2","0","0","1","0","0","1","0","0","0","5","0","5","0","0","0","0","0","0","0","0","0","0","0","0","0","0","0","0","0","0","0","0","0","0","3","1","40.0577","-75.1661","","CRASH_2001_Philadelphia"
"2001400476","06","67","67301","67301","2001","06","6","0757","07","1","1","0","7","1","","","N","00","0","00","3","1","0","1","1","N","N","40 02:24.360","75 00:18.360","9999","","9999","","0","","N","9","0 ","","","","","","","","","","1","1","0","0","0","0","0","0","0","0","0","0","0","0","0","0","0","0","0","0","0","0","1","0","0","0","1","0","0","0","0","0","0","0","0","1","0","40.04","-75.0052","2 ","CRASH_2001_Philadelphia"
"2002004254","06","67","67301","67301","2001","06","2","9999","99","1","1","0","4","1","","","N","00","0","00","3","0","1","2","2","N","N","40 02:17.880","75 04:31.993","1750","","1739","","0","","N","","0 ","","","","","","","","","","1","1","0","0","0","0","0","0","1","0","0","1","1","0","0","0","0","0","0","0","0","0","0","0","0","0","0","0","0","0","0","0","0","0","0","4","0","40.0384","-75.0755","","CRASH_2001_Philadelphia"
"2001267410","06","67","67301","67301","2001","09","1","2135","21","3","1","0","1","1","","","N","01","3","00","3","0","2","4","2","N","N","","","9999","","9999","","0","","N","","3 ","","","","","","","","","","2","1","0","0","0","0","1","0","0","0","0","2","2","0","0","0","0","1","0","0","0","0","0","3","0","0","0","0","0","0","0","0","0","0","0","4","0","","","","CRASH_2001_Philadelphia"
"2001283783","06","67","67301","67301","2001","03","6","2150","21","3","1","0","4","1","","","N","01","2","00","3","0","2","3","2","N","N","39 58:13.080","75 08:59.640","9999","","9999","","0","","N","","3 ","","","","","","","","","","2","2","0","0","0","0","0","0","0","0","0","2","2","0","0","0","0","0","0","1","0","0","0","0","0","0","0","0","0","0","0","0","0","0","0","4","0","39.9706","-75.1498","","CRASH_2001_Philadelphia"
"2001244932","06","67","67301","67301","2001","05","4","0830","08","1","1","0","7","1","","","N","01","2","00","3","0","0","2","3","N","N","","","9999","","9999","","0","","N","","3 ","","","","","","","","","","3","0","0","0","0","0","1","0","0","0","0","0","0","0","0","0","0","0","0","0","0","1","0","0","0","0","0","0","0","0","0","0","0","0","0","0","0","","","","CRASH_2001_Philadelphia"
"2001249067","06","67","67301","67301","2001","05","5","1855","18","1","1","0","4","1","","","N","01","2","00","3","0","1","2","2","N","N","40 03:19.440","75 04:24.240","9999","","9999","","0","","N","","3 ","","","","","","","","","","1","1","0","0","0","0","0","0","1","0","0","1","1","0","0","0","0","0","0","0","1","0","0","0","0","0","0","0","0","0","0","0","0","0","0","4","0","40.0554","-75.0734","","CRASH_2001_Philadelphia"
"2001401369","06","67","67301","67301","2001","10","4","2144","21","3","1","0","8","1","","","N","00","0","00","3","1","1","2","2","N","N","39 55:36.120","75 11:40.920","9999","","9999","","0","","N","9","0 ","","","","","","","","","","1","1","0","0","0","0","0","0","0","0","0","1","1","0","0","0","0","0","0","0","0","0","0","0","0","0","0","0","0","0","0","0","1","1","0","1","0","39.9275","-75.1955","0 ","CRASH_2001_Philadelphia"
"2002012708","06","67","67301","67301","2001","07","4","1510","15","1","1","0","4","1","","","N","01","2","00","3","0","2","3","2","N","N","40 01:50.523","75 08:47.558","1516","","1511","","0","","N","","3 ","","","","","","","","","","2","2","0","0","0","0","0","0","0","0","1","1","2","0","0","0","0","0","0","0","0","0","0","1","0","0","0","0","0","0","0","0","0","0","0","3","0","40.0306","-75.1466","","CRASH_2001_Philadelphia"
"2002014548","06","67","67301","67301","2001","07","5","0935","09","1","1","7","4","1","","","N","01","2","00","3","0","3","5","2","N","N","39 57:24.120","75 11:52.958","0955","","0945","1","1","3","N","","3 ","Y","","","","","","","","","2","2","0","0","0","0","0","0","0","0","0","3","3","0","0","0","0","0","0","0","1","0","0","3","0","0","0","0","0","0","0","0","0","0","0","4","0","39.9566","-75.198","","CRASH_2001_Philadelphia"
"2002017610","06","67","67301","67301","2001","08","5","0700","07","1","1","0","4","1","","","N","01","2","00","3","0","0","2","2","N","N","40 02:20.332","75 09:00.194","0716","","0706","","0","","N","","3 ","","","","","","","","","","2","2","0","0","0","0","0","0","0","0","0","0","0","0","1","0","0","0","0","0","0","0","0","0","0","0","0","0","0","0","0","0","0","0","0","9","0","40.039","-75.15","","CRASH_2001_Philadelphia"
"2002032712","06","67","67301","67301","2001","10","2","0910","09","1","1","0","2","1","","","N","01","2","00","3","0","1","3","2","N","N","39 59:27.383","75 06:05.660","0914","","0912","","0","","N","","3 ","","","","","","","","","","2","2","0","0","0","0","0","0","0","0","0","1","1","0","2","0","0","0","0","0","0","0","0","3","0","0","0","0","0","0","0","0","0","0","0","4","0","39.9909","-75.1016","","CRASH_2001_Philadelphia"
"2001243734","06","67","67301","67301","2001","05","7","0955","09","1","1","0","6","1","","","N","00","0","00","3","0","3","4","2","N","N","39 57:36.000","75 13:30.720","9999","","9999","","0","","N","","0 ","","","","","","","","","","2","0","0","1","0","0","0","1","0","0","0","3","3","0","0","0","0","0","0","0","1","0","0","0","0","0","0","0","0","0","0","0","0","0","0","4","1","39.96","-75.2252","","CRASH_2001_Philadelphia"
"2001283809","06","67","67301","67301","2001","03","6","2135","21","3","1","0","7","5","","","N","05","0","02","3","0","2","2","1","N","N","39 58:14.880","75 07:19.200","9999","","9999","","0","","N","","0 ","","","","","","","","","","1","1","0","0","0","0","0","0","0","2","0","0","2","0","0","0","0","0","0","0","0","0","0","0","0","0","0","0","0","0","0","0","0","0","0","2","0","39.9713","-75.1215","","CRASH_2001_Philadelphia"
"2002004223","06","67","67301","67301","2001","06","7","1426","14","1","1","0","8","1","","","N","01","3","00","3","0","1","2","2","N","N","39 58:31.613","75 07:25.178","1432","","1430","","0","","N","","3 ","","","","","","","","","","1","1","0","0","0","0","0","0","0","0","0","1","1","0","0","0","0","0","0","0","0","0","0","1","0","0","0","0","0","0","0","0","1","0","0","4","0","39.9755","-75.1238","","CRASH_2001_Philadelphia"
"2002008897","06","67","67301","67301","2001","06","1","1930","19","1","1","0","1","1","","","N","00","0","00","3","0","2","4","3","N","N","40 01:44.223","75 05:22.185","1934","","1932","","0","","N","","0 ","","","","","","","","","","3","3","0","0","0","0","0","0","0","0","1","1","2","0","0","0","0","0","1","0","0","1","1","1","0","0","0","0","0","0","0","0","0","0","0","3","0","40.029","-75.0895","","CRASH_2001_Philadelphia"
"2002010481","06","67","67301","67301","2001","07","5","2150","21","1","1","0","2","1","","","N","01","2","00","3","0","1","2","2","N","N","39 57:30.600","75 14:15.000","2152","","2150","","0","","N","","3 ","","","","","","","","","","2","2","0","0","0","0","0","0","0","0","0","1","1","0","0","0","0","0","0","0","0","0","0","2","0","0","0","0","0","0","0","0","0","0","0","4","0","39.9584","-75.2375","","CRASH_2001_Philadelphia"
"2001243276","06","67","67301","67301","2001","04","5","1455","14","1","1","0","4","1","","","N","02","2","00","3","0","0","2","2","N","N","40 03:19.440","75 07:34.680","9999","","9999","","0","","N","","3 ","","","","","","","","","","2","2","0","0","0","0","0","0","0","0","0","0","0","0","0","0","0","1","0","0","0","0","1","0","0","0","0","0","0","0","0","0","0","0","0","0","0","40.0554","-75.1263","","CRASH_2001_Philadelphia"
"2001243604","06","67","67301","67301","2001","05","7","0904","09","1","1","0","9","1","","","N","00","0","00","3","0","1","1","2","N","N","","","9999","","9999","","0","","N","","0 ","","","","","","","","","","2","0","0","0","0","0","1","0","0","0","0","1","1","0","0","0","0","0","0","0","0","0","0","0","0","0","0","0","0","0","0","0","0","0","0","4","0","","","","CRASH_2001_Philadelphia"
"2001238088","06","67","67301","67301","2001","04","6","1645","16","1","1","0","1","1","","","N","00","0","00","3","0","1","3","3","N","N","","","9999","","9999","","0","","N","","0 ","","","","","","","","","","3","1","0","0","0","0","1","1","0","0","0","1","1","0","0","0","0","0","0","0","0","0","0","0","0","0","0","0","0","0","0","0","0","0","0","4","0","","","","CRASH_2001_Philadelphia"
"2001240016","06","67","67301","67301","2001","04","2","0955","09","1","1","0","4","1","","","N","01","2","00","3","0","1","3","2","N","N","39 59:48.480","75 06:55.800","9999","","9999","","0","","N","","3 ","","","","","","","","","","2","0","0","0","0","0","1","1","0","0","0","1","1","0","0","0","0","0","0","0","0","0","0","0","0","0","0","0","0","0","0","0","0","0","0","4","0","39.9968","-75.1155","","CRASH_2001_Philadelphia"
"2001244671","06","67","67301","67301","2001","05","3","1821","18","1","1","0","4","1","","","N","01","2","00","3","0","1","2","2","N","N","39 59:26.520","75 07:51.960","9999","","9999","","0","","N","","3 ","","","","","","","","","","2","1","0","0","0","0","1","0","0","0","0","1","1","0","0","0","0","0","0","0","0","0","0","0","0","0","0","0","0","0","0","0","0","0","0","4","0","39.9908","-75.1309","","CRASH_2001_Philadelphia"
"2001249423","06","67","67301","67301","2001","05","2","1950","19","4","1","0","4","1","","","N","02","2","00","3","0","4","4","2","N","N","40 06:01.440","75 01:46.200","9999","","9999","","0","","N","","3 ","","","","","","","","","","2","1","0","0","0","0","1","0","0","0","0","0","0","0","4","1","0","0","0","0","1","0","0","0","0","0","0","0","0","0","0","0","0","0","0","9","0","40.1004","-75.0299","","CRASH_2001_Philadelphia"
"2002017529","06","67","67301","67301","2001","08","6","1339","13","1","1","0","1","1","","","N","00","0","07","3","0","1","2","2","N","N","40 06:16.000","75 01:36.000","1346","","1340","","0","","N","","0 ","","","","","","","","","","2","1","1","0","0","0","0","0","0","0","0","1","1","0","0","0","0","0","0","0","0","0","0","0","0","0","0","0","0","0","0","0","0","0","0","4","0","40.1046","-75.028","","CRASH_2001_Philadelphia"
"2001288370","06","67","67301","","2001","08","6","1540","15","1","1","0","8","1","","","N","01","9","00","3","0","1","2","3","N","N","40 00:21.819","75 04:40.447","9999","","9999","","0","","N","","9 ","","","","","","","","","","2","0","0","0","0","0","0","0","0","0","1","0","1","0","0","0","0","0","0","0","0","0","0","0","0","0","0","0","0","0","0","0","1","0","0","3","0","40.0061","-75.0779","","CRASH_2001_Philadelphia"
"2001243620","06","67","67301","67301","2001","04","7","0036","00","3","1","0","4","1","","","N","02","2","07","3","0","1","3","2","N","N","","","9999","","9999","","0","","N","","3 ","","","","","","","","","","2","1","0","0","0","0","1","0","0","0","0","1","1","0","0","0","0","0","0","0","1","0","0","0","0","0","0","0","0","0","0","0","0","0","0","4","0","","","","CRASH_2001_Philadelphia"
"2002010453","06","67","67301","67301","2001","06","2","1545","15","1","1","0","6","1","","","N","00","0","00","3","0","1","18","3","N","N","40 02:39.145","75 09:29.649","1605","","1600","1","2","6","N","","0 ","Y","","","","","","","","","3","2","0","1","0","0","0","0","0","0","1","0","1","0","0","0","0","0","0","0","0","0","0","0","0","0","0","0","0","0","0","0","0","0","0","3","1","40.0442","-75.1582","","CRASH_2001_Philadelphia"
"2002017274","06","67","67301","67301","2001","07","2","2025","20","3","1","0","1","1","","","N","00","0","00","3","0","0","2","2","N","N","40 02:56.040","75 03:43.560","2117","","2112","","0","","N","","0 ","","","","","","","","","","2","2","0","0","0","0","0","0","0","0","0","0","0","0","0","0","0","1","0","0","0","0","0","0","0","0","0","0","0","0","0","0","0","0","0","0","0","40.0489","-75.0622","","CRASH_2001_Philadelphia"
"2001400614","06","67","67301","67301","2001","07","7","0320","03","3","1","0","8","1","","","N","01","2","00","3","1","0","2","2","N","N","39 58:31.440","75 11:24.000","9999","","9999","","0","","N","9","3 ","","","","","","","","","","1","0","0","0","0","0","0","0","0","0","0","0","0","0","0","0","0","0","0","0","0","0","0","0","0","0","0","0","0","0","0","0","1","1","0","1","0","39.9752","-75.1882","2 ","CRASH_2001_Philadelphia"
"2001244661","06","67","67301","67301","2001","05","1","2115","21","3","1","0","4","1","","","N","00","0","07","3","0","1","2","2","N","N","40 03:06.120","75 09:01.800","9999","","9999","","0","","N","","0 ","","","","","","","","","","2","2","0","0","0","0","0","0","0","0","0","1","1","0","0","0","0","0","0","0","0","0","0","0","0","0","0","0","0","0","0","0","0","0","0","4","0","40.0517","-75.1504","","CRASH_2001_Philadelphia"
"2001248824","06","67","67301","67301","2001","05","6","0840","08","1","1","0","1","1","","","N","00","0","00","3","0","0","6","3","N","N","","","9999","","9999","","0","","N","","0 ","","","","","","","","","","3","1","0","0","0","0","1","0","0","0","0","0","0","0","0","0","0","0","0","0","0","0","0","0","0","0","0","0","0","0","0","0","0","0","0","0","0","","","","CRASH_2001_Philadelphia"
"2001401001","06","67","67301","67301","2001","10","2","0824","08","1","1","0","8","1","","","N","01","2","00","3","1","1","3","3","N","N","40 01:45.094","75 07:21.831","9999","","9999","","0","","N","9","3 ","","","","","","","","","","1","1","0","0","0","0","0","0","0","0","0","1","1","0","0","0","0","0","0","0","0","0","0","0","0","0","0","0","0","0","0","0","2","1","0","1","0","40.0292","-75.1227","9 ","CRASH_2001_Philadelphia"
"2001267411","06","67","67301","67301","2001","09","7","1550","15","1","1","0","1","1","","","N","00","0","00","3","0","2","3","2","N","N","40 05:53.160","75 01:49.440","9999","","9999","","0","","N","","0 ","","","","","","","","","","2","1","0","0","0","0","0","0","0","0","0","2","2","0","0","0","1","0","0","0","0","0","0","0","0","0","0","0","0","0","0","0","0","0","0","4","0","40.0981","-75.0303","","CRASH_2001_Philadelphia"
"2001283552","06","67","67301","67301","2001","04","2","1730","17","1","1","0","9","1","","","N","00","0","00","3","0","0","2","5","N","N","","","9999","","9999","","0","","N","","0 ","","","","","","","","","","5","1","0","0","0","0","0","0","0","0","0","0","0","0","0","0","0","0","0","0","0","0","0","0","0","0","0","0","0","0","0","0","0","0","0","0","0","","","","CRASH_2001_Philadelphia"
"2001288505","06","67","67301","","2001","10","6","1630","16","1","9","9","2","1","","","N","01","2","00","3","0","1","2","2","N","N","","","9999","","9999","","0","","N","","3 ","","","","","","","","","","2","0","0","0","0","0","0","0","1","0","0","1","1","0","0","0","0","0","0","0","0","0","0","0","0","0","0","0","0","0","0","0","0","0","0","4","0","","","","CRASH_2001_Philadelphia"
"2001401081","06","67","67301","67301","2001","12","5","0650","06","1","2","1","8","1","","","N","00","0","07","3","1","0","2","2","N","N","40 02:19.320","75 06:38.520","9999","","9999","","0","","N","9","0 ","","","","","","","","","","1","1","0","0","0","0","0","0","0","0","0","0","0","0","0","0","0","0","0","0","0","0","0","0","0","0","0","0","0","0","0","0","1","1","0","1","0","40.0388","-75.1105","2 ","CRASH_2001_Philadelphia"
"2001283600","06","67","67301","67301","2001","04","2","2118","21","3","1","0","4","1","","","N","01","2","00","3","0","2","2","2","N","N","40 00:41.760","75 10:55.560","9999","","9999","","0","","N","","3 ","","","","","","","","","","2","2","0","0","0","0","0","0","0","0","0","2","2","0","0","0","0","0","0","0","0","0","0","1","0","0","0","0","0","0","0","0","0","0","0","4","0","40.0115","-75.1821","","CRASH_2001_Philadelphia"
"2002022493","06","67","67301","67301","2001","07","2","1245","12","1","1","0","1","1","","","N","00","0","03","3","0","0","2","2","N","N","39 55:05.880","75 12:30.960","1307","","1301","","0","","N","","0 ","","","","","","","","","","2","1","0","0","0","0","0","0","0","0","0","0","0","0","0","0","0","0","0","0","0","0","0","0","0","0","0","0","0","0","0","0","0","0","0","0","0","39.9178","-75.2112","","CRASH_2001_Philadelphia"
"2001265963","06","67","67301","67301","2001","05","5","2014","20","3","1","0","9","1","","","N","00","0","00","3","0","3","3","2","N","N","40 02:11.040","75 07:49.800","9999","","9999","","0","","N","","0 ","","","","","","","","","","2","1","0","0","0","0","0","0","0","1","0","1","2","0","1","0","0","0","0","0","0","0","0","0","0","0","0","0","0","0","0","0","0","0","0","2","0","40.0364","-75.1305","","CRASH_2001_Philadelphia"
"2002017285","06","67","67301","67301","2001","07","7","1830","18","1","1","0","2","3","","","N","02","0","00","3","0","1","2","2","N","N","40 03:29.516","75 09:47.374","1836","","1834","","0","","N","","0 ","","","","","","","","","","2","2","0","0","0","0","0","0","0","0","1","0","1","0","1","0","0","0","0","0","0","0","1","0","0","0","0","0","0","0","0","0","0","0","0","3","0","40.0582","-75.1632","","CRASH_2001_Philadelphia"
"2001283779","06","67","67301","67301","2001","04","2","1050","10","1","1","0","1","1","","","N","01","2","00","3","0","2","4","2","N","N","40 00:29.520","75 08:34.440","9999","","9999","","0","","N","","3 ","","","","","","","","","","2","2","0","0","0","0","0","0","0","0","0","0","0","0","2","0","1","0","0","0","0","0","0","0","0","0","0","0","0","0","0","0","0","0","0","9","0","40.0082","-75.1429","","CRASH_2001_Philadelphia"
"2002017543","06","67","67301","67301","2001","08","5","1521","15","1","1","0","4","1","","","N","02","2","00","3","0","1","4","2","N","N","39 57:01.000","75 10:19.000","1530","","1523","","0","","N","","3 ","","","","","","","","","","2","2","0","0","0","0","0","0","0","0","0","1","1","0","0","0","0","0","0","0","0","0","0","1","0","0","0","0","0","0","0","0","0","0","0","4","0","39.9503","-75.1722","","CRASH_2001_Philadelphia"