"CRN","DISTRICT","COUNTY","MUNICIPALITY","POLICE_AGCY","CRASH_YEAR","CRASH_MONTH","DAY_OF_WEEK","TIME_OF_DAY","HOUR_OF_DAY","ILLUMINATION","WEATHER","ROAD_CONDITION","COLLISION_TYPE","RELATION_TO_ROAD","WORK_ZONE_TYPE","WORK_ZONE_LOC","WORK_ZONE_IND","INTERSECT_TYPE","TCD_TYPE","LOCATION_TYPE","URBAN_RURAL","FATAL_COUNT","INJURY_COUNT","PERSON_COUNT","TOTAL_UNITS","SCH_BUS_IND","SCH_ZONE_IND","LATITUDE","LONGITUDE","ARRIVAL_TM","CONS_ZONE_SPD_LIM","DISPATCH_TM","EST_HRS_CLOSED","LANE_CLOSED","LN_CLOSE_DIR","NTFY_HIWY_MAINT","SPEC_JURIS_CD","TCD_FUNC_CD","TFC_DETOUR_IND","WORKERS_PRES","WZ_CLOSE_DETOUR","WZ_FLAGGER","WZ_LAW_OFFCR_IND","WZ_LN_CLOSURE","WZ_MOVING","WZ_OTHER","WZ_SHLDER_MDN","VEHICLE_COUNT","AUTOMOBILE_COUNT","MOTORCYCLE_COUNT","BUS_COUNT","SMALL_TRUCK_COUNT","HEAVY_TRUCK_COUNT","SUV_COUNT","VAN_COUNT","BICYCLE_COUNT","MAJ_INJ_COUNT","MOD_INJ_COUNT","MIN_INJ_COUNT","TOT_INJ_COUNT","UNK_INJ_DEG_COUNT","UNK_INJ_PER_COUNT","DRIVER_COUNT_16YR","DRIVER_COUNT_17YR","DRIVER_COUNT_18YR","DRIVER_COUNT_19YR","DRIVER_COUNT_20YR","DRIVER_COUNT_50_64YR","DRIVER_COUNT_65_74YR","DRIVER_COUNT_75PLUS","UNBELTED_OCC_COUNT","UNB_DEATH_COUNT","UNB_MAJ_INJ_COUNT","BELTED_DEATH_COUNT","BELTED_MAJ_INJ_COUNT","MCYCLE_DEATH_COUNT","MCYCLE_MAJ_INJ_COUNT","BICYCLE_DEATH_COUNT","BICYCLE_MAJ_INJ_COUNT","PED_COUNT","PED_DEATH_COUNT","PED_MAJ_INJ_COUNT","MAX_SEVERITY_LEVEL","COMM_VEH_COUNT","DEC_LAT","DEC_LONG","RDWY_SURF_TYPE_CD","COUNTY_YEAR"
"2002023655","06","67","67301","67301","2001","08","2","1040","10","1","1","0","7","2","","","N","01","0","00","3","0","0","1","1","N","N","39 55:31.000","75 09:07.000","1050","","1047","","0","","Y","","0 ","","","","","","","","","","1","0","0","0","1","0","0","0","0","0","0","0","0","0","0","0","0","0","0","0","0","0","0","0","0","0","0","0","0","0","0","0","0","0","0","0","0","39.9253","-75.1519","","CRASH_2001_Philadelphia"
"2002030255","06","67","67301","67301","2001","09","5","0814","08","1","2","1","8","2","","","N","05","2","99","3","0","1","2","2","N","N","39 58:03.544","75 12:35.008","0818","","0815","","0","","N","","3 ","","","","","","","","","","1","1","0","0","0","0","0","0","0","0","0","1","1","0","0","0","0","0","0","0","0","0","0","0","0","0","0","0","0","0","0","0","1","0","0","4","0","39.9677","-75.2097","","CRASH_2001_Philadelphia"
"2002041980","06","67","67301","67301","2001","12","1","1700","17","3","1","0","4","1","","","N","01","2","00","3","0","5","5","2","N","N","40 03:07.880","75 04:03.897","1710","","1704","","0","","N","","3 ","","","","","","","","","","2","2","0","0","0","0","0","0","0","0","1","4","5","0","0","0","0","0","1","0","0","0","0","0","0","0","0","0","0","0","0","0","0","0","0","3","0","40.0521","-75.0678","","CRASH_2001_Philadelphia"
"2002048297","06","67","67301","67301","2001","07","3","0010","00","3","1","0","1","1","","","N","01","2","00","3","0","1","3","2","N","N","40 01:04.693","75 08:58.145","0030","","0025","","0","","N","","2 ","","","","","","","","","","2","2","0","0","0","0","0","0","0","0","0","1","1","0","0","0","0","0","0","0","0","0","0","0","0","0","0","0","0","0","0","0","0","0","0","4","0","40.0179","-75.1493","","CRASH_2001_Philadelphia"
"2002045905","06","67","67301","67301","2001","10","4","0900","09","1","1","0","8","1","","","N","01","2","00","3","0","1","2","2","N","N","39 56:53.000","75 09:58.000","0930","","0919","","0","","N","","3 ","","","","","","","","","","1","1","0","0","0","0","0","0","0","0","0","1","1","0","0","0","0","0","0","0","1","0","0","0","0","0","0","0","0","0","0","0","1","0","0","4","0","39.9481","-75.1661","","CRASH_2001_Philadelphia"
"2002029865","06","67","67301","67301","2001","09","2","1755","17","3","1","0","8","1","","","N","02","2","02","3","0","1","2","2","N","N","39 56:29.451","75 08:32.002","2010","","2006","","0","","N","","3 ","","","","","","","","","","1","1","0","0","0","0","0","0","0","0","0","1","1","0","0","0","0","0","0","0","0","0","0","0","0","0","0","0","0","0","0","0","1","0","0","4","0","39.9416","-75.1421","","CRASH_2001_Philadelphia"
"2002037165","06","67","67301","67301","2001","11","3","1645","16","1","1","0","1","1","","","N","00","0","00","3","0","0","3","3","N","N","","","1652","","1648","","0","","N","","0 ","","","","","","","","","","3","2","0","0","1","0","0","0","0","0","0","0","0","0","0","0","0","0","0","0","1","0","0","0","0","0","0","0","0","0","0","0","0","0","0","0","1","","","","CRASH_2001_Philadelphia"
"2002045878","06","67","67301","67301","2001","10","3","2242","22","3","1","0","5","1","","","N","00","0","03","3","0","2","3","2","N","N","","","2257","","2242","2","2","2","Y","","0 ","N","","","","","","","","","2","2","0","0","0","0","0","0","0","0","1","1","2","0","0","0","0","0","0","0","0","0","0","0","0","0","0","0","0","0","0","0","0","0","0","3","0","","","","CRASH_2001_Philadelphia"
"2002004302","06","67","67301","67301","2001","06","3","2330","23","3","1","0","4","1","","","N","01","2","00","3","0","1","6","2","N","N","39 58:27.000","75 10:54.000","2335","","2335","1","2","6","N","","3 ","Y","","","","","","","","","2","2","0","0","0","0","0","0","0","0","0","1","1","0","0","0","0","0","1","0","0","0","0","5","0","0","0","0","0","0","0","0","0","0","0","4","0","39.9744","-75.1818","","CRASH_2001_Philadelphia"
"2002014626","06","67","67301","67301","2001","07","4","1540","15","1","1","0","1","1","","","N","00","0","00","3","0","0","7","4","N","N","40 04:56.578","74 58:00.358","1559","","1544","1","1","3","N","","0 ","N","","","","","","","","","4","4","0","0","0","0","0","0","0","0","0","0","0","0","0","0","0","0","0","1","1","0","0","0","0","0","0","0","0","0","0","0","0","0","0","0","0","40.0822","-74.9668","","CRASH_2001_Philadelphia"
"2002017170","06","67","67301","67301","2001","07","7","0130","01","3","1","0","4","1","1","3","Y","00","2","00","3","0","1","3","3","N","N","39 57:56.443","75 07:54.920","0242","25","0240","","0","","N","","3 ","","N","","","U","","","","","3","0","3","0","0","0","0","0","0","0","0","1","1","0","1","0","0","0","0","0","0","0","0","0","0","0","0","0","0","0","0","0","0","0","0","4","0","39.9657","-75.1319","","CRASH_2001_Philadelphia"
"2002023877","06","67","67301","67301","2001","08","5","2114","21","3","1","0","6","1","","","N","01","2","00","3","0","3","4","5","N","N","39 59:05.340","75 06:48.076","2114","","2114","","0","","N","","3 ","","","","","","","","","","5","5","0","0","0","0","0","0","0","0","1","2","3","0","0","0","0","1","0","0","0","0","0","1","0","0","0","0","0","0","0","0","0","0","0","3","0","39.9848","-75.1134","","CRASH_2001_Philadelphia"
"2002028704","06","67","67301","67301","2001","09","4","0705","07","1","1","0","2","1","","","N","01","2","00","3","0","0","3","2","N","N","39 55:17.550","75 11:30.486","0710","","0708","","0","","N","","3 ","","","","","","","","","","2","2","0","0","0","0","0","0","0","0","0","0","0","0","0","0","0","0","0","0","1","0","0","0","0","0","0","0","0","0","0","0","0","0","0","0","0","39.9211","-75.1938","","CRASH_2001_Philadelphia"
"2002031064","06","67","67301","67301","2001","09","5","1500","15","1","1","0","7","5","","","N","00","2","00","3","0","3","3","1","N","N","39 57:33.840","75 13:14.520","1500","","1500","","0","","N","","3 ","","","","","","","","","","1","0","0","0","1","0","0","0","0","0","0","3","3","0","0","0","0","0","0","0","0","0","0","0","0","0","0","0","0","0","0","0","0","0","0","4","0","39.9594","-75.2207","","CRASH_2001_Philadelphia"
"2002037675","06","67","67301","67301","2001","04","1","1326","13","1","1","0","3","1","","","N","01","0","00","3","0","2","3","2","N","N","40 00:31.030","75 04:07.367","1335","","1327","","0","","N","","0 ","","","","","","","","","","2","2","0","0","0","0","0","0","0","0","0","2","2","0","1","0","0","0","0","1","0","0","0","1","0","0","0","0","0","0","0","0","0","0","0","4","0","40.0086","-75.0688","","CRASH_2001_Philadelphia"
"2002040110","06","67","67301","67301","2001","12","5","0612","06","3","2","1","7","9","","","N","02","3","00","3","0","1","2","1","N","N","40 01:17.269","75 04:46.032","0830","","0810","","0","","N","","3 ","","","","","","","","","","1","1","0","0","0","0","0","0","0","0","0","1","1","0","1","0","0","0","0","0","1","0","0","2","0","0","0","0","0","0","0","0","0","0","0","4","0","40.0214","-75.0794","","CRASH_2001_Philadelphia"
"2002040248","06","67","67301","67301","2001","12","4","2257","22","3","2","1","7","3","","","N","10","0","00","3","0","0","2","2","N","N","39 57:39.452","75 10:56.787","2259","","2257","1","2","3","N","","0 ","N","","","","","","","","","2","2","0","0","0","0","0","0","0","0","0","0","0","0","1","0","0","0","0","0","0","0","0","0","0","0","0","0","0","0","0","0","0","0","0","9","0","39.9658","-75.1863","","CRASH_2001_Philadelphia"
"2002010547","06","67","67301","67301","2001","07","2","1300","13","1","1","0","7","7","","","N","07","9","02","3","0","2","2","1","N","N","40 00:20.160","75 11:45.240","1300","","1300","","0","","N","","9 ","","","","","","","","","","1","1","0","0","0","0","0","0","0","0","0","2","2","0","0","0","0","0","0","0","0","0","0","0","0","0","0","0","0","0","0","0","0","0","0","4","0","40.0058","-75.1963","","CRASH_2001_Philadelphia"
"2002014968","06","67","67301","67301","2001","07","4","1840","18","1","1","0","8","1","","","N","01","3","00","3","0","1","2","2","N","N","40 01:59.694","75 05:00.008","1845","","1843","","0","","N","","3 ","","","","","","","","","","1","1","0","0","0","0","0","0","0","0","0","1","1","0","0","0","0","0","0","0","0","0","0","0","0","0","0","0","0","0","0","0","1","0","0","4","0","40.0332","-75.0834","","CRASH_2001_Philadelphia"
"2002020127","06","67","67301","67301","2001","08","1","1400","14","1","1","0","4","1","","","N","01","2","00","3","0","0","2","2","N","N","40 04:50.280","75 01:42.294","1415","","1405","","0","","N","","3 ","","","","","","","","","","2","2","0","0","0","0","0","0","0","0","0","0","0","0","0","0","0","0","0","0","1","0","0","0","0","0","0","0","0","0","0","0","0","0","0","0","0","40.0808","-75.0286","","CRASH_2001_Philadelphia"
"2002031685","06","67","67301","67301","2001","10","1","2201","22","3","1","0","7","2","","","N","00","0","01","3","0","1","2","1","N","N","39 57:16.560","75 10:51.960","0430","","0425","","0","","N","","0 ","","","","","","","","","","1","1","0","0","0","0","0","0","0","0","0","1","1","0","0","0","0","0","0","1","0","0","0","0","0","0","0","0","0","0","0","0","0","0","0","4","0","39.9546","-75.1811","","CRASH_2001_Philadelphia"
"2001288228","06","67","67301","","2001","06","7","1315","13","1","1","0","9","1","","","N","00","0","00","3","0","0","1","2","N","N","","","9999","","9999","","0","","N","","0 ","","","","","","","","","","2","1","0","0","0","0","0","0","0","0","0","0","0","0","0","0","0","0","0","0","0","0","0","0","0","0","0","0","0","0","0","0","0","0","0","0","0","","","","CRASH_2001_Philadelphia"
"2002026290","06","67","67301","67301","2001","09","7","0142","01","3","1","0","6","1","","","N","02","1","00","3","0","1","2","2","N","N","40 04:11.970","75 09:45.718","0145","","0242","","0","","Y","","3 ","","","","","","","","","","2","1","0","0","1","0","0","0","0","0","0","1","1","0","0","0","0","0","0","0","1","0","0","1","0","0","0","0","0","0","0","0","0","0","0","4","0","40.07","-75.1628","","CRASH_2001_Philadelphia"
"2001288265","06","67","67301","","2001","07","4","1815","18","3","1","0","1","1","","","N","02","2","00","3","0","3","4","2","N","N","39 57:12.240","75 09:47.160","9999","","9999","","0","","N","","3 ","","","","","","","","","","2","1","0","0","0","0","1","0","0","0","0","0","0","0","3","0","0","0","0","0","0","0","0","0","0","0","0","0","0","0","0","0","0","0","0","9","0","39.9534","-75.1633","","CRASH_2001_Philadelphia"
"2002037174","06","67","67301","67301","2001","12","7","1032","10","1","1","0","4","1","","","N","02","3","00","3","0","1","4","3","N","N","40 02:33.077","75 04:27.822","1043","","1039","","0","","N","","3 ","","","","","","","","","","2","2","0","0","0","0","0","0","0","0","0","1","1","0","1","0","0","0","0","0","1","0","0","1","0","0","0","0","0","0","0","0","0","0","0","4","0","40.0425","-75.0744","","CRASH_2001_Philadelphia"
"2002033624","06","67","67301","67301","2001","10","1","1755","17","1","1","0","8","1","","","N","00","0","00","3","0","1","2","2","N","N","39 57:02.082","75 10:27.860","1840","","1831","","0","","N","","0 ","","","","","","","","","","1","0","0","0","1","0","0","0","1","0","0","1","1","0","1","0","0","0","0","0","0","0","0","0","0","0","0","0","0","0","0","0","0","0","0","4","0","39.9521","-75.1736","","CRASH_2001_Philadelphia"
"2002039342","06","67","67301","67301","2001","12","4","0103","01","3","1","0","4","1","","","N","01","9","00","3","0","4","6","2","N","N","40 03:53.848","75 09:36.681","0108","","0106","","0","","Y","","9 ","","","","","","","","","","2","1","0","1","0","0","0","0","0","0","0","4","4","0","0","0","0","0","0","0","0","0","0","0","0","0","0","0","0","0","0","0","0","0","0","4","1","40.065","-75.1602","","CRASH_2001_Philadelphia"
"2002039408","06","67","67301","67301","2001","12","7","1210","12","1","1","0","8","1","","","N","01","2","00","3","0","2","3","3","N","N","40 02:08.100","75 13:02.573","1210","","1210","1","2","4","N","","3 ","Y","","","","","","","","","1","1","0","0","0","0","0","0","0","0","0","2","2","0","0","0","0","0","0","0","0","0","0","0","0","0","0","0","0","0","0","0","2","0","0","4","0","40.0355","-75.2173","","CRASH_2001_Philadelphia"
"2002014908","06","67","67301","67301","2001","07","2","0730","07","1","1","0","4","1","","","N","01","2","00","3","0","0","2","2","N","N","40 00:47.013","75 07:09.546","0950","","0945","","0","","N","","3 ","","","","","","","","","","2","2","0","0","0","0","0","0","0","0","0","0","0","0","0","0","0","0","0","0","0","0","0","0","0","0","0","0","0","0","0","0","0","0","0","0","0","40.0132","-75.1192","","CRASH_2001_Philadelphia"
"2002018905","06","67","67301","67301","2001","08","3","0915","09","1","1","0","1","1","","","N","01","0","00","3","0","1","4","3","N","N","39 57:46.726","75 09:57.989","0925","","0922","","0","","N","","0 ","","","","","","","","","","3","3","0","0","0","0","0","0","0","0","0","1","1","0","1","0","0","0","0","0","0","0","0","2","0","0","0","0","0","0","0","0","0","0","0","4","0","39.963","-75.1662","","CRASH_2001_Philadelphia"
"2002017134","06","67","67301","67301","2001","08","5","1810","18","1","1","0","8","1","","","N","01","0","00","3","0","1","2","2","N","N","39 58:28.539","75 11:01.880","1815","","1813","","0","","N","","0 ","","","","","","","","","","1","1","0","0","0","0","0","0","0","0","0","1","1","0","0","0","0","0","0","0","1","0","0","1","0","0","0","0","0","0","0","0","1","0","0","4","0","39.9746","-75.1839","","CRASH_2001_Philadelphia"
"2002037978","06","67","67301","46104","2001","12","4","1830","18","3","1","0","1","1","","","N","00","0","00","3","0","1","6","2","N","N","40 00:25.685","75 12:50.437","1835","","1832","","0","","N","","0 ","","","","","","","","","","2","1","1","0","0","0","0","0","0","0","0","1","1","0","0","0","0","0","0","0","0","0","0","0","0","0","0","0","0","0","0","0","0","0","0","4","0","40.0071","-75.214","","CRASH_2001_Philadelphia"
"2002044403","06","67","67301","67301","2001","11","4","0732","07","1","1","0","4","1","","","N","01","2","00","3","0","2","3","2","N","N","39 56:54.446","75 09:26.348","0738","","0734","","0","","N","","3 ","","","","","","","","","","2","2","0","0","0","0","0","0","0","0","2","0","2","0","0","0","0","0","0","0","0","0","0","0","0","0","0","0","0","0","0","0","0","0","0","3","0","39.9485","-75.1573","","CRASH_2001_Philadelphia"
"2003010371","06","67","67301","67301","2001","10","6","2130","21","8","1","0","7","2","","","N","01","0","00","3","0","1","2","1","N","N","40 01:26.000","75 07:52.574","1430","","1356","","0","","N","","0 ","","","","","","","","","","1","1","0","0","0","0","0","0","0","0","0","1","1","0","0","0","0","0","0","0","0","0","0","0","0","0","0","0","0","0","0","0","0","0","0","4","0","40.0239","-75.1314","","CRASH_2001_Philadelphia"
"2002021984","06","67","67301","67301","2001","08","5","2015","20","3","2","1","6","1","","","N","01","2","00","3","0","2","2","2","N","N","39 57:44.966","75 12:24.781","2025","","2023","","0","","N","","3 ","","","","","","","","","","2","2","0","0","0","0","0","0","0","0","1","1","2","0","0","0","0","0","0","0","0","0","0","0","0","0","0","0","0","0","0","0","0","0","0","3","0","39.9625","-75.2067","","CRASH_2001_Philadelphia"
"2002002821","06","67","67301","67301","2001","05","3","9999","99","6","2","1","1","1","","","N","07","0","02","3","0","2","3","2","N","N","40 00:13.325","75 11:40.461","0110","","9999","","0","","N","","0 ","","","","","","","","","","2","2","0","0","0","0","0","0","0","0","0","2","2","0","1","0","0","0","0","0","0","0","0","0","0","0","0","0","0","0","0","0","0","0","0","4","0","40.0058","-75.1963","","CRASH_2001_Philadelphia"
"2001401368","06","67","67301","67301","2001","09","2","0837","08","1","1","0","1","1","","","N","00","0","00","3","1","5","6","2","N","N","40 00:55.080","75 10:37.200","9999","","9999","","0","","N","9","0 ","","","","","","","","","","2","2","0","0","0","0","0","0","0","1","0","4","5","0","0","0","0","0","0","0","0","0","0","0","0","0","0","0","0","0","0","0","0","0","0","1","0","40.0153","-75.1769","0 ","CRASH_2001_Philadelphia"
"2002004059","06","67","67301","67301","2001","06","7","0945","09","1","2","1","1","1","","","N","00","0","00","3","0","1","2","2","N","N","39 54:08.640","75 09:03.960","0953","","0950","2","2","1","N","","0 ","N","","","","","","","","","2","2","0","0","0","0","0","0","0","0","0","1","1","0","0","0","0","0","0","0","0","0","0","0","0","0","0","0","0","0","0","0","0","0","0","4","0","39.9046","-75.1501","","CRASH_2001_Philadelphia"
"2002028496","06","67","67301","67301","2001","09","3","1808","18","1","1","0","8","1","","","N","00","0","00","3","0","1","2","2","N","N","39 56:10.000","75 11:38.000","1813","","1810","","0","","N","","0 ","","","","","","","","","","1","1","0","0","0","0","0","0","0","0","0","1","1","0","0","0","0","0","0","0","0","0","0","1","0","0","0","0","0","0","0","0","1","0","0","4","0","39.9361","-75.1939","","CRASH_2001_Philadelphia"
"2002013177","06","67","67301","67301","2001","07","3","0430","04","2","1","1","7","5","","","N","00","2","00","3","0","1","1","1","N","N","40 00:52.142","75 07:51.789","0435","","0430","","0","","Y","","3 ","","","","","","","","","","1","1","0","0","0","0","0","0","0","0","1","0","1","0","0","0","0","0","0","1","0","0","0","1","0","0","0","0","0","0","0","0","0","0","0","3","0","40.0145","-75.1311","","CRASH_2001_Philadelphia"
"2001240038","06","67","67301","67301","2001","04","4","2345","23","3","1","0","8","1","","","N","01","2","00","3","0","1","2","2","N","N","40 00:33.120","75 09:03.240","9999","","9999","","0","","N","","3 ","","","","","","","","","","1","1","0","0","0","0","0","0","0","0","0","1","1","0","0","0","0","0","0","0","0","0","0","0","0","0","0","0","0","0","0","0","1","0","0","4","0","40.0092","-75.1509","","CRASH_2001_Philadelphia"
"2001244887","06","67","67301","67301","2001","05","4","2208","22","3","1","0","1","1","","","N","01","2","00","3","0","1","2","2","N","N","39 58:13.080","75 14:42.360","9999","","9999","","0","","N","","3 ","","","","","","","","","","2","1","0","0","0","0","1","0","0","0","0","1","1","0","0","0","0","0","0","0","1","0","0","0","0","0","0","0","0","0","0","0","0","0","0","4","0","39.9703","-75.2452","","CRASH_2001_Philadelphia"
"2001239114","06","67","67301","67301","2001","04","5","1645","16","1","1","0","8","1","","","N","01","2","00","3","0","1","2","2","N","N","39 57:15.120","75 10:11.280","9999","","9999","","0","","N","","3 ","","","","","","","","","","1","1","0","0","0","0","0","0","0","0","0","0","0","0","1","0","0","0","0","0","0","0","0","0","0","0","0","0","0","0","0","0","1","0","0","9","0","39.9542","-75.1698","","CRASH_2001_Philadelphia"
"2002001069","06","67","67301","67301","2001","05","2","0017","00","3","2","1","2","1","","","N","01","0","00","3","0","2","2","2","N","N","40 02:16.536","75 08:22.302","0045","","0041","","0","","Y","","0 ","","","","","","","","","","2","2","0","0","0","0","0","0","0","0","0","2","2","0","0","0","0","0","0","0","0","0","0","0","0","0","0","0","0","0","0","0","0","0","0","4","0","40.0379","-75.1395","","CRASH_2001_Philadelphia"
"2002010552","06","67","67301","67301","2001","06","5","1712","17","1","1","0","8","1","","","N","02","0","00","3","0","1","2","2","N","N","40 01:26.760","75 09:55.080","1715","","1712","","0","","N","","0 ","","","","","","","","","","1","1","0","0","0","0","0","0","0","0","0","1","1","0","0","0","0","0","0","0","0","0","0","0","0","0","0","0","0","0","0","0","1","0","0","4","0","40.0241","-75.1652","","CRASH_2001_Philadelphia"
"2002012687","06","67","67301","67301","2001","07","5","0913","09","1","2","0","8","1","","","N","01","0","00","3","0","1","2","2","N","N","40 00:46.169","75 07:10.170","0931","","0924","","0","","N","","0 ","","","","","","","","","","1","0","0","0","1","0","0","0","0","0","1","0","1","0","0","0","0","0","0","0","0","0","0","1","0","0","0","0","0","0","0","0","1","0","0","3","0","40.013","-75.1194","","CRASH_2001_Philadelphia"
"2002012732","06","67","67301","67301","2001","05","3","0830","08","1","1","0","1","1","","","N","00","2","00","3","0","0","5","3","N","N","40 02:40.264","75 11:35.210","0844","","0832","","0","","N","","3 ","","","","","","","","","","3","2","0","0","1","0","0","0","0","0","0","0","0","0","0","0","0","0","0","1","0","0","0","0","0","0","0","0","0","0","0","0","0","0","0","0","0","40.0445","-75.1931","","CRASH_2001_Philadelphia"
"2002026323","06","67","67301","67301","2001","09","4","1855","18","1","1","0","1","1","","","N","01","9","00","3","0","1","3","2","N","N","40 07:22.833","75 00:56.095","1905","","1855","","0","","N","","9 ","","","","","","","","","","2","2","0","0","0","0","0","0","0","0","0","1","1","0","2","0","0","0","0","0","0","0","0","1","0","0","0","0","0","0","0","0","0","0","0","4","0","40.1235","-75.0154","","CRASH_2001_Philadelphia"
"2002032184","06","67","67301","67301","2001","10","7","9999","99","3","1","0","1","1","","","N","00","0","00","3","0","1","2","3","N","N","39 59:59.550","75 08:26.365","2000","","1951","","0","","N","","0 ","","","","","","","","","","3","2","1","0","0","0","0","0","0","0","0","1","1","0","0","0","0","0","0","0","0","0","0","0","0","0","0","0","0","0","0","0","0","0","0","4","0","40","-75.1406","","CRASH_2001_Philadelphia"
"2001231225","06","67","67301","67301","2001","03","3","2213","22","3","1","0","8","1","","","N","01","2","00","3","0","1","2","2","N","N","","","9999","","9999","","0","","N","","3 ","","","","","","","","","","1","1","0","0","0","0","0","0","0","1","0","0","1","0","0","0","0","0","0","0","0","0","0","0","0","0","0","0","0","0","0","0","1","0","1","2","0","","","","CRASH_2001_Philadelphia"
"2002014550","06","67","67301","67301","2001","07","4","1517","15","1","1","0","8","1","","","N","00","0","00","3","0","1","2","2","N","N","39 55:47.704","75 10:25.705","1520","","1517","","0","","N","","0 ","","","","","","","","","","1","1","0","0","0","0","0","0","0","0","1","0","1","0","0","0","0","0","0","0","1","0","0","0","0","0","0","0","0","0","0","0","1","0","0","3","0","39.9299","-75.1738","","CRASH_2001_Philadelphia"
"2002018356","06","67","67301","67301","2001","08","4","1730","17","1","1","0","4","7","","","N","01","0","00","3","0","0","2","2","N","N","39 57:45.267","75 12:46.724","1736","","1730","","0","","N","","0 ","","","","","","","","","","2","2","0","0","0","0","0","0","0","0","0","0","0","0","0","0","0","0","0","0","0","0","0","1","0","0","0","0","0","0","0","0","0","0","0","0","0","39.9626","-75.2127","","CRASH_2001_Philadelphia"
"2001288592","06","67","67301","","2001","11","6","1100","11","1","9","9","4","1","","","N","00","0","00","3","0","0","2","2","N","N","","","9999","","9999","","0","","N","","0 ","","","","","","","","","","2","1","0","0","0","0","0","0","0","0","0","0","0","0","0","0","0","0","0","0","0","0","0","0","0","0","0","0","0","0","0","0","0","0","0","0","0","","","","CRASH_2001_Philadelphia"
"2001400416","06","67","67301","67301","2001","05","7","1701","17","1","1","0","4","1","","","N","01","3","00","3","1","0","4","2","N","N","","","9999","","9999","","0","","N","9","3 ","","","","","","","","","","2","1","1","0","0","0","0","0","0","0","0","0","0","0","0","0","0","0","0","0","0","0","0","0","0","0","0","0","1","0","0","0","0","0","0","1","0","","","9 ","CRASH_2001_Philadelphia"
"2002012180","06","67","67301","67301","2001","07","1","0740","07","1","1","0","7","5","","","N","00","0","00","3","0","0","1","1","N","N","40 02:50.973","75 00:50.395","0755","","0749","","0","","N","","0 ","","","","","","","","","","1","1","0","0","0","0","0","0","0","0","0","0","0","0","1","0","0","0","0","0","0","0","0","0","0","0","0","0","0","0","0","0","0","0","0","9","0","40.0475","-75.014","","CRASH_2001_Philadelphia"
"2002016715","06","67","67301","67301","2001","07","4","1430","14","1","1","0","4","1","","","N","01","2","00","3","0","1","2","2","N","N","40 07:41.066","75 00:50.184","1345","","1343","","0","","N","","3 ","","","","","","","","","","1","1","0","0","0","0","0","0","1","1","0","0","1","0","0","0","0","0","0","0","0","0","0","0","0","0","0","0","0","0","0","1","0","0","0","2","0","40.1288","-75.0137","","CRASH_2001_Philadelphia"
"2002023684","06","67","67301","67301","2001","08","2","1730","17","1","1","0","6","1","","","N","01","2","00","3","0","1","2","2","N","N","40 02:32.342","75 01:32.156","1840","","1830","","0","","N","","3 ","","","","","","","","","","1","1","0","0","0","0","0","0","1","0","0","1","1","0","0","0","0","0","0","0","0","0","0","0","0","0","0","0","0","0","0","0","0","0","0","4","0","40.0423","-75.0256","","CRASH_2001_Philadelphia"
"2002028479","06","67","67301","67301","2001","09","6","1400","14","1","1","0","5","1","","","N","02","0","00","3","0","1","4","2","N","N","40 01:08.059","75 02:58.401","1205","","1205","","0","","N","","0 ","","","","","","","","","","2","2","0","0","0","0","0","0","0","0","0","1","1","0","0","0","0","0","0","0","0","1","0","0","0","0","0","0","0","0","0","0","0","0","0","4","0","40.0189","-75.0495","","CRASH_2001_Philadelphia"
"2001243522","06","67","67301","67301","2001","04","1","0400","04","3","1","0","7","5","","","N","01","3","00","3","0","0","1","1","N","N","40 02:59.280","75 11:39.120","9999","","9999","","0","","N","","3 ","","","","","","","","","","1","1","0","0","0","0","0","0","0","0","0","0","0","0","0","0","0","0","0","0","0","0","0","0","0","0","0","0","0","0","0","0","0","0","0","0","0","40.0499","-75.1941","","CRASH_2001_Philadelphia"
"2001245058","06","67","67301","67301","2001","05","1","0055","00","3","1","0","7","1","","","N","00","0","00","3","0","0","2","2","N","N","","","9999","","9999","","0","","N","","0 ","","","","","","","","","","2","2","0","0","0","0","0","0","0","0","0","0","0","0","0","1","0","0","0","0","0","0","0","0","0","0","0","0","0","0","0","0","0","0","0","0","0","","","","CRASH_2001_Philadelphia"
"2001265471","06","67","67301","67301","2001","07","7","0019","00","3","1","0","4","1","","","N","01","2","00","3","0","0","5","2","N","N","","","9999","","9999","","0","","N","","3 ","","","","","","","","","","2","2","0","0","0","0","0","0","0","0","0","0","0","0","0","1","0","0","1","0","0","0","0","0","0","0","0","0","0","0","0","0","0","0","0","0","0","","","","CRASH_2001_Philadelphia"
"2001243596","06","67","67301","67301","2001","05","1","0347","03","3","1","0","1","1","","","N","00","0","00","3","0","0","1","2","N","N","","","9999","","9999","","0","","N","","0 ","","","","","","","","","","2","2","0","0","0","0","0","0","0","0","0","0","0","0","0","0","0","0","0","0","0","0","0","0","0","0","0","0","0","0","0","0","0","0","0","0","0","40.0146","-75.214","","CRASH_2001_Philadelphia"
"2001244751","06","67","67301","67301","2001","05","6","1530","15","1","1","0","4","1","","","N","01","2","00","3","0","1","2","2","N","N","40 01:37.200","75 05:49.200","9999","","9999","","0","","N","","3 ","","","","","","","","","","2","1","0","0","0","0","1","0","0","0","0","1","1","0","0","0","0","0","0","0","0","0","0","0","0","0","0","0","0","0","0","0","0","0","0","4","0","40.0269","-75.0972","","CRASH_2001_Philadelphia"