"CRN","DISTRICT","COUNTY","MUNICIPALITY","POLICE_AGCY","CRASH_YEAR","CRASH_MONTH","DAY_OF_WEEK","TIME_OF_DAY","HOUR_OF_DAY","ILLUMINATION","WEATHER","ROAD_CONDITION","COLLISION_TYPE","RELATION_TO_ROAD","WORK_ZONE_TYPE","WORK_ZONE_LOC","WORK_ZONE_IND","INTERSECT_TYPE","TCD_TYPE","LOCATION_TYPE","URBAN_RURAL","FATAL_COUNT","INJURY_COUNT","PERSON_COUNT","TOTAL_UNITS","SCH_BUS_IND","SCH_ZONE_IND","LATITUDE","LONGITUDE","ARRIVAL_TM","CONS_ZONE_SPD_LIM","DISPATCH_TM","EST_HRS_CLOSED","LANE_CLOSED","LN_CLOSE_DIR","NTFY_HIWY_MAINT","SPEC_JURIS_CD","TCD_FUNC_CD","TFC_DETOUR_IND","WORKERS_PRES","WZ_CLOSE_DETOUR","WZ_FLAGGER","WZ_LAW_OFFCR_IND","WZ_LN_CLOSURE","WZ_MOVING","WZ_OTHER","WZ_SHLDER_MDN","VEHICLE_COUNT","AUTOMOBILE_COUNT","MOTORCYCLE_COUNT","BUS_COUNT","SMALL_TRUCK_COUNT","HEAVY_TRUCK_COUNT","SUV_COUNT","VAN_COUNT","BICYCLE_COUNT","MAJ_INJ_COUNT","MOD_INJ_COUNT","MIN_INJ_COUNT","TOT_INJ_COUNT","UNK_INJ_DEG_COUNT","UNK_INJ_PER_COUNT","DRIVER_COUNT_16YR","DRIVER_COUNT_17YR","DRIVER_COUNT_18YR","DRIVER_COUNT_19YR","DRIVER_COUNT_20YR","DRIVER_COUNT_50_64YR","DRIVER_COUNT_65_74YR","DRIVER_COUNT_75PLUS","UNBELTED_OCC_COUNT","UNB_DEATH_COUNT","UNB_MAJ_INJ_COUNT","BELTED_DEATH_COUNT","BELTED_MAJ_INJ_COUNT","MCYCLE_DEATH_COUNT","MCYCLE_MAJ_INJ_COUNT","BICYCLE_DEATH_COUNT","BICYCLE_MAJ_INJ_COUNT","PED_COUNT","PED_DEATH_COUNT","PED_MAJ_INJ_COUNT","MAX_SEVERITY_LEVEL","COMM_VEH_COUNT","DEC_LAT","DEC_LONG","RDWY_SURF_TYPE_CD","COUNTY_YEAR"
"2002008911","06","67","67301","67301","2001","06","6","0510","05","3","1","0","7","5","","","N","00","0","00","3","0","1","1","1","N","N","40 02:39.916","75 00:31.736","0510","","0500","","0","","N","","0 ","","","","","","","","","","1","1","0","0","0","0","0","0","0","1","0","0","1","0","0","0","0","0","0","0","0","0","0","0","0","0","0","1","0","0","0","0","0","0","0","2","0","40.0444","-75.0088","","CRASH_2001_Philadelphia"
"2002010834","06","67","67301","67301","2001","07","6","1035","10","1","1","0","8","1","","","N","01","2","00","3","0","1","3","2","N","N","39 58:10.018","75 08:22.218","1040","","1040","","0","","N","","3 ","","","","","","","","","","1","1","0","0","0","0","0","0","1","0","0","1","1","0","0","0","0","0","0","0","0","0","0","0","0","0","0","0","0","0","0","0","0","0","0","4","0","39.9695","-75.1395","","CRASH_2001_Philadelphia"
"2002010836","06","67","67301","67301","2001","07","3","1200","12","1","1","0","4","1","","","N","02","2","00","3","0","0","2","2","N","N","40 01:04.887","75 02:51.482","1210","","1208","","0","","N","","3 ","","","","","","","","","","2","0","0","0","1","1","0","0","0","0","0","0","0","0","0","0","0","0","0","0","0","0","0","0","0","0","0","0","0","0","0","0","0","0","0","0","1","40.0181","-75.0472","","CRASH_2001_Philadelphia"
"2002017149","06","67","67301","67301","2001","07","4","2230","22","3","2","1","5","1","","","N","01","2","00","3","0","0","2","2","N","N","39 55:18.913","75 10:13.220","2345","","2340","","0","","N","","3 ","","","","","","","","","","2","1","0","0","1","0","0","0","0","0","0","0","0","0","1","0","0","0","0","0","0","0","0","0","0","0","0","0","0","0","0","0","0","0","0","9","0","39.9219","-75.1703","","CRASH_2001_Philadelphia"
"2002023882","06","67","67301","67301","2001","08","1","2205","22","3","1","0","8","6","","","N","00","0","00","3","0","1","2","2","N","N","40 00:10.712","75 05:42.766","2215","","2205","","0","","N","","0 ","","","","","","","","","","1","1","0","0","0","0","0","0","0","1","0","0","1","0","1","0","0","0","0","0","0","0","0","0","0","0","0","0","0","0","0","0","1","0","1","2","0","40.0029","-75.0953","","CRASH_2001_Philadelphia"
"2002027872","06","67","67301","67301","2001","09","5","2233","22","3","1","0","9","5","","","N","02","0","00","3","0","0","1","1","N","N","40 01:24.000","75 02:36.000","2240","","2234","","0","","N","","0 ","","","","","","","","","","1","0","0","0","1","0","0","0","0","0","0","0","0","0","0","0","0","0","0","0","0","0","0","0","0","0","0","0","0","0","0","0","0","0","0","0","0","40.0233","-75.0433","","CRASH_2001_Philadelphia"
"2001238159","06","67","67301","67301","2001","04","2","1240","12","1","1","0","1","1","","","N","00","0","00","3","0","1","3","2","N","N","40 00:06.480","75 09:10.440","9999","","9999","","0","","N","","0 ","","","","","","","","","","2","2","0","0","0","0","0","0","0","0","0","0","0","0","1","0","0","0","1","0","0","0","0","0","0","0","0","0","0","0","0","0","0","0","0","9","0","40.0017","-75.1528","","CRASH_2001_Philadelphia"
"2001238924","06","67","67301","67301","2001","04","1","1657","16","1","1","0","9","1","","","N","00","0","00","3","0","0","1","2","N","N","40 00:51.480","75 03:56.880","9999","","9999","","0","","N","","0 ","","","","","","","","","","2","1","0","0","0","0","0","0","0","0","0","0","0","0","0","0","0","0","0","0","0","0","0","0","0","0","0","0","0","0","0","0","0","0","0","0","0","40.0143","-75.0658","","CRASH_2001_Philadelphia"
"2001243086","06","67","67301","67301","2001","04","7","2336","23","3","1","0","9","1","","","N","00","0","00","3","0","2","5","4","N","N","40 00:47.520","75 03:24.840","9999","","9999","","0","","N","","0 ","","","","","","","","","","3","2","0","0","0","0","0","0","0","0","0","0","0","0","2","0","0","0","0","0","0","0","0","0","0","0","0","0","0","0","0","0","1","0","0","9","0","40.0135","-75.0565","","CRASH_2001_Philadelphia"
"2001243324","06","67","67301","67301","2001","04","2","1610","16","1","1","0","1","1","","","N","00","0","00","3","0","1","2","2","N","N","40 01:52.320","75 07:03.720","9999","","9999","","0","","N","","0 ","","","","","","","","","","2","2","0","0","0","0","0","0","0","0","0","0","0","0","1","0","0","0","0","0","0","1","0","0","0","0","0","0","0","0","0","0","0","0","0","9","0","40.0312","-75.1176","","CRASH_2001_Philadelphia"
"2001243338","06","67","67301","67301","2001","04","7","1905","19","1","1","0","4","1","","","N","00","0","07","3","0","1","3","2","N","N","","","9999","","9999","","0","","N","","0 ","","","","","","","","","","1","1","0","0","0","0","0","0","1","1","0","0","1","0","0","0","0","0","0","0","0","0","0","1","0","0","0","0","0","0","0","1","0","0","0","2","0","","","","CRASH_2001_Philadelphia"
"2001244830","06","67","67301","67301","2001","05","1","0351","03","3","1","0","7","1","","","N","00","0","00","3","0","1","1","1","N","N","39 58:31.800","75 11:40.560","9999","","9999","","0","","N","","0 ","","","","","","","","","","1","1","0","0","0","0","0","0","0","0","0","1","1","0","0","0","0","0","0","0","0","0","0","0","0","0","0","0","0","0","0","0","0","0","0","4","0","39.9755","-75.1946","","CRASH_2001_Philadelphia"
"2002018086","06","67","67301","67301","2001","08","2","0035","00","3","1","0","1","1","","","N","00","0","00","3","0","1","2","2","N","N","40 03:17.640","74 59:05.280","0050","","0041","1","2","1","N","","0 ","N","","","","","","","","","2","2","0","0","0","0","0","0","0","0","1","0","1","0","0","0","0","1","0","0","0","0","0","2","0","0","0","0","0","0","0","0","0","0","0","3","0","40.0548","-74.9849","","CRASH_2001_Philadelphia"
"2002026369","06","67","67301","67301","2001","09","4","2105","21","3","1","0","7","2","","","N","00","0","00","3","0","2","2","1","N","N","40 01:27.890","75 01:50.670","2114","","2111","","0","","N","","0 ","","","","","","","","","","1","0","0","0","1","0","0","0","0","0","0","2","2","0","0","0","0","0","0","0","0","0","0","0","0","0","0","0","0","0","0","0","0","0","0","4","0","40.0243","-75.0307","","CRASH_2001_Philadelphia"
"2002017190","06","67","67301","67301","2001","07","7","0645","06","1","1","0","7","5","","","N","00","0","03","3","0","0","1","1","N","N","40 00:27.744","75 11:29.608","0655","","0647","","0","","N","","0 ","","","","","","","","","","1","1","0","0","0","0","0","0","0","0","0","0","0","0","0","0","0","0","0","0","0","0","0","0","0","0","0","0","0","0","0","0","0","0","0","0","0","40.0076","-75.1917","","CRASH_2001_Philadelphia"
"2002023874","06","67","67301","67301","2001","08","2","0840","08","1","1","0","4","1","","","N","02","3","00","3","0","1","2","3","N","N","39 59:54.538","75 06:46.277","0850","","0845","","0","","N","","3 ","","","","","","","","","","3","3","0","0","0","0","0","0","0","0","0","1","1","0","0","0","0","0","0","0","0","0","0","0","0","0","0","0","0","0","0","0","0","0","0","4","0","39.9985","-75.1129","","CRASH_2001_Philadelphia"
"2002023059","06","67","67301","67301","2001","08","6","1630","16","1","1","0","5","1","","","N","00","0","00","3","0","0","6","2","N","N","39 57:25.929","75 13:37.929","1638","","1636","","0","","N","","0 ","","","","","","","","","","2","2","0","0","0","0","0","0","0","0","0","0","0","0","0","0","0","1","0","0","0","0","0","0","0","0","0","0","0","0","0","0","0","0","0","0","0","39.9587","-75.2268","","CRASH_2001_Philadelphia"
"2001244728","06","67","67301","67301","2001","05","5","1430","14","1","1","0","5","1","","","N","01","2","00","3","0","1","4","2","N","N","39 57:00.720","75 11:30.840","9999","","9999","","0","","N","","3 ","","","","","","","","","","2","1","0","0","0","0","0","1","0","0","0","1","1","0","0","0","0","0","0","0","0","0","0","0","0","0","0","0","0","0","0","0","0","0","0","4","0","39.9502","-75.1919","","CRASH_2001_Philadelphia"
"2001267446","06","67","67301","67301","2001","08","3","1100","11","1","1","0","4","1","","","N","02","3","00","3","0","1","2","3","N","N","40 02:04.560","75 12:59.040","9999","","9999","","0","","N","","3 ","","","","","","","","","","3","2","0","0","0","0","0","0","0","0","1","0","1","0","0","0","1","0","0","0","0","0","0","0","0","0","0","0","0","0","0","0","0","0","0","3","0","40.0346","-75.2164","","CRASH_2001_Philadelphia"
"2002004242","06","67","67301","67301","2001","06","3","0900","09","1","1","0","4","1","","","N","01","2","00","3","0","1","2","2","N","N","39 57:17.397","75 09:58.836","0912","","0907","","0","","N","","3 ","","","","","","","","","","1","1","0","0","0","0","0","0","1","0","0","1","1","0","1","0","0","0","0","0","0","0","0","0","0","0","0","0","0","0","0","0","0","0","0","4","0","39.9548","-75.1664","","CRASH_2001_Philadelphia"
"2002014584","06","67","67301","67301","2001","07","3","2310","23","2","1","0","6","1","","","N","01","0","00","3","0","0","2","2","N","N","40 04:08.913","75 00:25.539","2320","","2311","","0","","N","","0 ","","","","","","","","","","2","2","0","0","0","0","0","0","0","0","0","0","0","0","0","0","0","0","0","0","0","0","0","0","0","0","0","0","0","0","0","0","0","0","0","0","0","40.0692","-75.0073","","CRASH_2001_Philadelphia"
"2002014950","06","67","67301","67301","2001","05","3","0702","07","1","2","1","4","1","","","N","01","2","00","3","0","0","2","2","N","N","40 03:13.033","75 13:53.296","0712","","0707","","0","","N","","2 ","","","","","","","","","","2","2","0","0","0","0","0","0","0","0","0","0","0","0","0","0","0","0","0","0","1","0","0","0","0","0","0","0","0","0","0","0","0","0","0","0","0","40.0537","-75.2312","","CRASH_2001_Philadelphia"
"2002016688","06","67","67301","67301","2001","07","2","1417","14","1","1","0","8","2","","","N","00","0","07","3","0","1","2","2","N","N","39 57:54.930","75 12:20.793","1418","","1417","","0","","N","","0 ","","","","","","","","","","1","1","0","0","0","0","0","0","0","0","0","1","1","0","1","0","0","0","0","0","0","0","0","0","0","0","0","0","0","0","0","0","1","0","0","4","0","39.9653","-75.2058","","CRASH_2001_Philadelphia"
"2002017486","06","67","67301","67301","2001","07","7","1753","17","1","1","0","4","1","","","N","02","0","00","3","0","1","3","2","N","N","40 03:21.391","75 10:55.084","1800","","1753","","0","","N","","0 ","","","","","","","","","","2","2","0","0","0","0","0","0","0","0","0","1","1","0","0","0","0","0","0","0","0","0","1","0","0","0","0","0","0","0","0","0","0","0","0","4","0","40.056","-75.182","","CRASH_2001_Philadelphia"
"2001265954","06","67","67301","67301","2001","05","1","0247","02","3","1","0","4","1","","","N","01","3","00","3","0","0","2","2","N","N","","","9999","","9999","","0","","N","","3 ","","","","","","","","","","2","0","0","0","0","0","2","0","0","0","0","0","0","0","0","0","0","0","0","0","0","0","0","0","0","0","0","0","0","0","0","0","0","0","0","0","0","","","","CRASH_2001_Philadelphia"
"2001401082","06","67","67301","67301","2001","12","7","0255","02","3","1","0","7","1","","","N","01","2","00","3","2","1","3","1","N","N","40 02:10.680","75 03:51.480","9999","","9999","","0","","N","9","3 ","","","","","","","","","","1","1","0","0","0","0","0","0","0","0","1","0","1","0","0","0","0","0","0","0","0","0","0","1","1","0","0","0","0","0","0","0","0","0","0","1","0","40.0366","-75.0645","2 ","CRASH_2001_Philadelphia"
"2002017547","06","67","67301","67301","2001","08","5","1129","11","1","1","0","8","1","","","N","01","2","00","3","0","1","2","2","N","N","39 56:59.665","75 10:08.814","1220","","1159","","0","","N","","3 ","","","","","","","","","","1","1","0","0","0","0","0","0","0","0","1","0","1","0","0","0","0","0","0","0","0","0","0","0","0","0","0","0","0","0","0","0","1","0","0","3","0","39.9499","-75.169","","CRASH_2001_Philadelphia"
"2002020171","06","67","67301","67301","2001","08","4","9999","99","3","1","0","2","3","","","N","02","0","00","3","0","2","3","3","N","N","39 59:45.858","75 10:16.886","2253","","2244","3","2","6","N","","0 ","Y","","","","","","","","","3","3","0","0","0","0","0","0","0","1","1","0","2","0","0","0","0","0","0","0","0","0","0","0","0","0","0","0","0","0","0","0","0","0","0","2","0","39.9961","-75.1713","","CRASH_2001_Philadelphia"
"2002037272","06","67","67301","67301","2001","10","7","0220","02","3","1","0","1","1","","","N","01","2","00","3","0","2","4","3","N","N","40 02:11.848","75 03:52.323","0225","","0222","","0","","N","","3 ","","","","","","","","","","3","1","0","0","2","0","0","0","0","0","1","1","2","0","0","0","0","1","0","0","0","0","0","0","0","0","0","0","0","0","0","0","0","0","0","3","0","40.0363","-75.0643","","CRASH_2001_Philadelphia"
"2002038561","06","67","67301","67301","2001","10","2","0820","08","1","1","0","1","1","","","N","02","0","00","3","0","1","3","3","N","N","39 58:17.607","75 09:36.821","9999","","0824","","0","","N","","0 ","","","","","","","","","","3","3","0","0","0","0","0","0","0","0","0","1","1","0","0","0","0","0","0","0","1","0","0","0","0","0","0","0","0","0","0","0","0","0","0","4","0","39.9716","-75.1602","","CRASH_2001_Philadelphia"
"2002041973","06","67","67301","67301","2001","12","6","0815","08","1","2","1","5","1","","","N","01","3","00","3","0","0","2","2","N","Y","40 00:14.494","75 10:37.763","0815","","0815","","0","","N","","3 ","","","","","","","","","","2","2","0","0","0","0","0","0","0","0","0","0","0","0","0","0","0","0","0","0","1","0","0","0","0","0","0","0","0","0","0","0","0","0","0","0","0","40.004","-75.177","","CRASH_2001_Philadelphia"
"2002012691","06","67","67301","67301","2001","07","4","2154","21","3","1","0","4","1","","","N","01","2","00","3","0","3","3","2","N","N","40 02:07.834","75 08:43.655","2156","","2156","","0","","N","","2 ","","","","","","","","","","2","2","0","0","0","0","0","0","0","0","0","3","3","0","0","0","0","0","0","0","0","0","0","0","0","0","0","0","0","0","0","0","0","0","0","4","0","40.0352","-75.1455","","CRASH_2001_Philadelphia"
"2002017148","06","67","67301","67301","2001","07","6","0005","00","3","1","0","7","2","","","N","00","0","00","3","0","0","1","1","N","N","39 54:47.841","75 08:16.503","0055","","0048","","0","","N","","0 ","","","","","","","","","","1","1","0","0","0","0","0","0","0","0","0","0","0","0","0","0","0","0","0","1","0","0","0","0","0","0","0","0","0","0","0","0","0","0","0","0","0","39.9129","-75.1382","","CRASH_2001_Philadelphia"
"2002032599","06","67","67301","67301","2001","10","5","1720","17","1","1","0","4","1","","","N","01","2","00","3","0","1","3","3","N","N","40 01:44.000","75 07:19.000","1752","","1748","","0","","N","","3 ","","","","","","","","","","3","3","0","0","0","0","0","0","0","0","0","1","1","0","0","0","0","0","0","1","0","0","0","0","0","0","0","0","0","0","0","0","0","0","0","4","0","40.0289","-75.1219","","CRASH_2001_Philadelphia"
"2002012244","06","67","67301","67301","2001","07","4","1100","11","1","2","1","7","5","","","N","00","0","00","3","0","1","1","1","N","N","39 58:01.560","75 10:49.080","1129","","1124","","0","","N","","0 ","","","","","","","","","","1","1","0","0","0","0","0","0","0","0","0","1","1","0","0","0","0","0","0","0","0","0","0","0","0","0","0","0","0","0","0","0","0","0","0","4","0","39.9672","-75.1805","","CRASH_2001_Philadelphia"
"2002013097","06","67","67301","67301","2001","07","5","1315","13","1","1","0","1","1","","","N","01","2","00","3","0","1","2","2","N","N","40 02:06.720","75 04:14.520","2100","","1330","","0","","N","","3 ","","","","","","","","","","2","2","0","0","0","0","0","0","0","0","0","1","1","0","0","0","0","0","0","0","1","0","0","0","0","0","0","0","0","0","0","0","0","0","0","4","0","40.0353","-75.0709","","CRASH_2001_Philadelphia"
"2002040120","06","67","67301","67301","2001","12","6","1935","19","3","2","1","1","1","","","N","06","4","02","3","0","0","2","2","N","N","39 56:54.240","75 11:08.880","1939","","1936","","0","","N","","3 ","","","","","","","","","","2","2","0","0","0","0","0","0","0","0","0","0","0","0","0","0","0","0","0","1","0","0","0","0","0","0","0","0","0","0","0","0","0","0","0","0","0","39.9484","-75.1858","","CRASH_2001_Philadelphia"
"2002042152","06","67","67301","67301","2001","12","1","1125","11","1","1","0","4","1","","","N","01","2","00","3","0","1","4","2","N","N","39 57:07.653","75 08:42.995","1128","","1125","","0","","N","","3 ","","","","","","","","","","2","2","0","0","0","0","0","0","0","0","0","1","1","0","0","0","0","0","0","0","2","0","0","0","0","0","0","0","0","0","0","0","0","0","0","4","0","39.9522","-75.1452","","CRASH_2001_Philadelphia"
"2002014526","06","67","67301","67301","2001","07","7","1415","14","1","1","0","4","7","","","N","02","2","00","3","0","1","2","2","N","N","39 58:19.920","75 07:24.960","1445","","1435","","0","","N","","3 ","","","","","","","","","","2","1","1","0","0","0","0","0","0","0","0","1","1","0","0","0","0","0","0","0","0","0","0","0","0","0","0","0","0","0","0","0","0","0","0","4","0","39.9736","-75.1229","","CRASH_2001_Philadelphia"
"2002031702","06","67","67301","67301","2001","09","6","1255","12","1","1","0","1","1","","","N","06","4","02","3","0","1","2","2","N","N","39 56:54.240","75 11:08.880","1259","","1255","","0","","N","","3 ","","","","","","","","","","2","1","0","0","1","0","0","0","0","0","0","1","1","0","0","0","0","0","0","0","0","0","0","0","0","0","0","0","0","0","0","0","0","0","0","4","0","39.9484","-75.1858","","CRASH_2001_Philadelphia"
"2002042156","06","67","67301","67301","2001","12","5","1625","16","1","1","0","2","1","","","N","01","0","00","3","0","0","3","3","N","N","40 04:26.584","75 11:26.748","1632","","1629","","0","","N","","0 ","","","","","","","","","","3","3","0","0","0","0","0","0","0","0","0","0","0","0","0","0","0","0","0","0","2","0","0","0","0","0","0","0","0","0","0","0","0","0","0","0","0","40.0741","-75.1909","","CRASH_2001_Philadelphia"
"2002012165","06","67","67301","67301","2001","07","3","2024","20","4","1","0","1","1","","","N","02","2","00","3","0","1","2","2","N","N","40 02:32.414","75 13:34.994","2030","","2024","","9","","N","","3 ","U","","","","","","","","","2","2","0","0","0","0","0","0","0","0","0","1","1","0","0","0","0","0","0","0","0","0","0","0","0","0","0","0","0","0","0","0","0","0","0","4","0","40.0422","-75.2261","","CRASH_2001_Philadelphia"
"2002014907","06","67","67301","67301","2001","07","5","0930","09","1","1","0","4","1","","","N","01","2","00","3","0","1","2","2","N","N","39 59:00.599","75 07:08.919","0934","","0932","","0","","N","","3 ","","","","","","","","","","2","2","0","0","0","0","0","0","0","0","0","1","1","0","0","0","0","0","0","0","1","0","0","2","0","0","0","0","0","0","0","0","0","0","0","4","0","39.9834","-75.1191","","CRASH_2001_Philadelphia"
"2002039612","06","67","67301","67301","2001","12","2","0018","00","3","1","0","1","1","","","N","01","2","00","3","0","1","3","2","N","N","39 55:30.780","75 10:33.730","0019","","0018","","0","","N","","3 ","","","","","","","","","","2","2","0","0","0","0","0","0","0","0","0","1","1","0","0","0","0","0","0","0","0","0","0","1","0","0","0","0","0","0","0","0","0","0","0","4","0","39.9252","-75.1759","","CRASH_2001_Philadelphia"
"2002045159","06","67","67301","67301","2001","12","2","1540","15","1","1","0","1","1","","","N","00","0","00","3","0","0","4","2","N","N","40 02:18.250","75 03:41.228","1544","","1542","","0","","N","","0 ","","","","","","","","","","2","2","0","0","0","0","0","0","0","0","0","0","0","0","0","0","0","0","0","0","0","0","0","0","0","0","0","0","0","0","0","0","0","0","0","0","0","40.0384","-75.0614","","CRASH_2001_Philadelphia"
"2002043674","06","67","67301","67301","2001","12","1","1435","14","1","1","0","1","1","","","N","02","2","02","3","0","1","3","2","N","N","39 55:50.904","75 08:38.365","1445","","1440","","0","","N","","3 ","","","","","","","","","","2","2","0","0","0","0","0","0","0","0","0","1","1","0","0","0","0","0","0","0","0","0","0","0","0","0","0","0","0","0","0","0","0","0","0","4","0","39.9311","-75.144","","CRASH_2001_Philadelphia"
"2002045850","06","67","67301","67301","2001","12","1","1245","12","1","1","0","5","1","","","N","07","0","02","3","0","0","2","2","N","N","40 01:13.876","75 09:16.963","1257","","1250","","0","","N","","0 ","","","","","","","","","","2","1","0","0","0","0","0","0","0","0","0","0","0","0","1","0","0","0","0","0","0","0","0","0","0","0","0","0","0","0","0","0","0","0","0","9","0","40.0204","-75.1544","","CRASH_2001_Philadelphia"
"2002026460","06","67","67301","67301","2001","08","5","1545","15","1","1","0","4","1","","","N","01","0","00","3","0","2","2","3","N","N","39 59:58.332","75 07:30.380","1555","","1550","","0","","Y","","0 ","","","","","","","","","","3","2","0","0","1","0","0","0","0","0","0","2","2","0","0","0","0","0","0","0","0","0","0","1","0","0","0","0","0","0","0","0","0","0","0","4","0","39.9996","-75.1251","","CRASH_2001_Philadelphia"
"2002043220","06","67","67301","67301","2001","12","4","1722","17","3","1","0","8","1","","","N","00","2","00","3","0","1","2","2","N","N","39 55:31.562","75 10:39.630","1723","","1723","","0","","N","","3 ","","","","","","","","","","1","1","0","0","0","0","0","0","0","0","0","1","1","0","0","0","0","0","0","0","0","0","0","0","0","0","0","0","0","0","0","0","1","0","0","4","0","39.9254","-75.1776","","CRASH_2001_Philadelphia"
"2002046756","06","67","67301","67301","2001","10","3","1405","14","1","1","0","4","1","","","N","01","2","00","3","0","1","3","2","N","N","39 57:41.760","75 09:21.960","1410","","1405","","0","","N","","3 ","","","","","","","","","","2","1","0","0","1","0","0","0","0","0","0","1","1","0","0","0","0","0","0","0","0","0","0","1","0","0","0","0","0","0","0","0","0","0","0","4","0","39.9617","-75.1561","","CRASH_2001_Philadelphia"
"2002034680","06","67","67301","67301","2001","11","5","1145","11","1","1","0","4","1","","","N","00","0","00","3","0","2","3","2","N","N","39 54:49.835","75 13:17.539","1155","","1149","","0","","N","","0 ","","","","","","","","","","2","1","0","0","0","1","0","0","0","0","1","1","2","0","0","0","0","0","0","0","0","1","0","0","0","0","0","0","0","0","0","0","0","0","0","3","1","39.9125","-75.2219","","CRASH_2001_Philadelphia"
"2002040201","06","67","67301","67301","2001","12","3","1955","19","3","1","0","8","6","","","N","00","0","00","3","0","1","2","2","N","N","40 01:32.462","75 08:51.629","2002","","1957","","0","","N","","0 ","","","","","","","","","","1","1","0","0","0","0","0","0","0","0","0","1","1","0","1","0","0","0","0","0","0","0","0","0","0","0","0","0","0","0","0","0","1","0","0","4","0","40.0082","-75.1514","","CRASH_2001_Philadelphia"
"2002014520","06","67","67301","67301","2001","06","5","1945","19","2","1","0","8","1","","","N","01","2","00","3","0","1","2","2","N","N","40 03:02.271","75 10:23.917","1957","","1950","","0","","N","","9 ","","","","","","","","","","1","1","0","0","0","0","0","0","0","0","0","1","1","0","0","0","0","0","0","0","0","0","0","0","0","0","0","0","0","0","0","0","1","0","0","4","0","40.0507","-75.1733","","CRASH_2001_Philadelphia"
"2002016714","06","67","67301","67301","2001","07","6","1408","14","1","1","0","1","1","","","N","01","3","00","3","0","1","2","2","N","N","40 03:26.280","75 02:52.440","1411","","1409","1","1","4","N","","3 ","N","","","","","","","","","2","2","0","0","0","0","0","0","0","0","1","0","1","0","0","0","0","0","0","0","0","0","0","0","0","0","0","0","0","0","0","0","0","0","0","3","0","40.0572","-75.0478","","CRASH_2001_Philadelphia"
"2001243343","06","67","67301","67301","2001","04","7","1830","18","4","2","1","9","1","","","N","00","0","00","3","0","0","1","2","N","N","40 00:39.240","75 09:05.760","9999","","9999","","0","","N","","0 ","","","","","","","","","","2","0","0","0","0","0","1","0","0","0","0","0","0","0","0","0","0","0","0","0","0","0","0","0","0","0","0","0","0","0","0","0","0","0","0","0","0","40.0108","-75.1514","","CRASH_2001_Philadelphia"
"2001244713","06","67","67301","67301","2001","05","6","0700","07","1","1","0","4","1","","","N","01","2","00","3","0","1","2","2","N","N","39 55:40.109","75 14:13.130","9999","","9999","","0","","N","","3 ","","","","","","","","","","2","2","0","0","0","0","0","0","0","0","0","1","1","0","0","0","0","0","0","0","1","0","0","0","0","0","0","0","0","0","0","0","0","0","0","4","0","39.9278","-75.237","","CRASH_2001_Philadelphia"
"2001250504","06","67","67301","67301","2001","05","4","1619","16","1","1","0","1","1","","","N","01","2","00","3","0","1","2","2","N","N","","","9999","","9999","","0","","N","","3 ","","","","","","","","","","2","2","0","0","0","0","0","0","0","0","0","1","1","0","0","0","0","1","0","0","0","0","0","0","0","0","0","0","0","0","0","0","0","0","0","4","0","","","","CRASH_2001_Philadelphia"
"2002017244","06","67","67301","67301","2001","07","7","1730","17","1","1","0","4","1","","","N","01","2","00","3","0","1","2","2","N","N","40 01:18.000","75 07:37.000","1741","","1746","","0","","N","","3 ","","","","","","","","","","2","2","0","0","0","0","0","0","0","0","0","1","1","0","0","0","0","0","0","0","0","0","0","0","0","0","0","0","0","0","0","0","0","0","0","4","0","40.0217","-75.1269","","CRASH_2001_Philadelphia"
"2002043669","06","67","67301","67301","2001","11","4","2210","22","3","1","0","1","1","","","N","01","2","00","3","0","1","6","3","N","N","40 05:17.134","75 02:04.221","2220","","2214","","0","","N","","3 ","","","","","","","","","","3","3","0","0","0","0","0","0","0","0","0","1","1","0","0","0","0","0","0","0","0","0","0","2","0","0","0","0","0","0","0","0","0","0","0","4","0","40.0882","-75.0346","","CRASH_2001_Philadelphia"
"2002046728","06","67","67301","67301","2001","08","2","1718","17","1","1","1","1","1","","","N","02","0","00","3","0","2","2","2","N","N","39 58:06.824","75 14:10.271","1800","","1735","","0","","N","","0 ","","","","","","","","","","2","2","0","0","0","0","0","0","0","0","0","2","2","0","0","0","0","0","0","0","0","0","0","0","0","0","0","0","0","0","0","0","0","0","0","4","0","39.9687","-75.2362","","CRASH_2001_Philadelphia"
"2008088405","06","67","67301","67301","2001","06","4","1105","11","1","1","0","4","2","","","N","02","0","00","3","0","2","4","3","N","N","40 01:07.960","75 07:42.178","1152","","1145","","0","","","","0 ","","","","","","","","","","3","3","0","0","0","0","0","0","0","0","0","2","2","0","0","0","0","0","0","0","0","0","0","2","0","0","0","0","0","0","0","0","0","0","0","4","0","40.0189","-75.1284","","CRASH_2001_Philadelphia"
"2002026868","06","67","67301","67301","2001","09","5","0933","09","1","1","0","1","1","","","N","00","0","00","3","0","1","3","2","N","N","","","1010","","1000","","0","","N","","0 ","","","","","","","","","","2","1","0","1","0","0","0","0","0","0","0","1","1","0","0","0","0","0","0","0","1","0","1","0","0","0","0","0","0","0","0","0","0","0","0","4","1","","","","CRASH_2001_Philadelphia"
"2002028695","06","67","67301","67301","2001","09","6","1251","12","1","2","1","7","4","","","N","00","2","00","3","0","1","1","1","N","N","40 01:46.560","75 06:13.680","1255","","1251","","0","","N","","9 ","","","","","","","","","","1","1","0","0","0","0","0","0","0","0","0","1","1","0","0","0","0","0","0","0","1","0","0","0","0","0","0","0","0","0","0","0","0","0","0","4","0","40.0296","-75.104","","CRASH_2001_Philadelphia"