"CRN","DISTRICT","COUNTY","MUNICIPALITY","POLICE_AGCY","CRASH_YEAR","CRASH_MONTH","DAY_OF_WEEK","TIME_OF_DAY","HOUR_OF_DAY","ILLUMINATION","WEATHER","ROAD_CONDITION","COLLISION_TYPE","RELATION_TO_ROAD","WORK_ZONE_TYPE","WORK_ZONE_LOC","WORK_ZONE_IND","INTERSECT_TYPE","TCD_TYPE","LOCATION_TYPE","URBAN_RURAL","FATAL_COUNT","INJURY_COUNT","PERSON_COUNT","TOTAL_UNITS","SCH_BUS_IND","SCH_ZONE_IND","LATITUDE","LONGITUDE","ARRIVAL_TM","CONS_ZONE_SPD_LIM","DISPATCH_TM","EST_HRS_CLOSED","LANE_CLOSED","LN_CLOSE_DIR","NTFY_HIWY_MAINT","SPEC_JURIS_CD","TCD_FUNC_CD","TFC_DETOUR_IND","WORKERS_PRES","WZ_CLOSE_DETOUR","WZ_FLAGGER","WZ_LAW_OFFCR_IND","WZ_LN_CLOSURE","WZ_MOVING","WZ_OTHER","WZ_SHLDER_MDN","VEHICLE_COUNT","AUTOMOBILE_COUNT","MOTORCYCLE_COUNT","BUS_COUNT","SMALL_TRUCK_COUNT","HEAVY_TRUCK_COUNT","SUV_COUNT","VAN_COUNT","BICYCLE_COUNT","MAJ_INJ_COUNT","MOD_INJ_COUNT","MIN_INJ_COUNT","TOT_INJ_COUNT","UNK_INJ_DEG_COUNT","UNK_INJ_PER_COUNT","DRIVER_COUNT_16YR","DRIVER_COUNT_17YR","DRIVER_COUNT_18YR","DRIVER_COUNT_19YR","DRIVER_COUNT_20YR","DRIVER_COUNT_50_64YR","DRIVER_COUNT_65_74YR","DRIVER_COUNT_75PLUS","UNBELTED_OCC_COUNT","UNB_DEATH_COUNT","UNB_MAJ_INJ_COUNT","BELTED_DEATH_COUNT","BELTED_MAJ_INJ_COUNT","MCYCLE_DEATH_COUNT","MCYCLE_MAJ_INJ_COUNT","BICYCLE_DEATH_COUNT","BICYCLE_MAJ_INJ_COUNT","PED_COUNT","PED_DEATH_COUNT","PED_MAJ_INJ_COUNT","MAX_SEVERITY_LEVEL","COMM_VEH_COUNT","DEC_LAT","DEC_LONG","RDWY_SURF_TYPE_CD","COUNTY_YEAR"
"2002031492","06","67","67301","67301","2001","10","3","0420","04","6","1","0","1","1","","","N","00","0","00","3","0","1","2","2","N","N","39 54:59.394","75 10:16.820","0435","","0434","","0","","N","","0 ","","","","","","","","","","2","1","0","1","0","0","0","0","0","0","0","1","1","0","0","0","0","0","1","0","0","0","0","0","0","0","0","0","0","0","0","0","0","0","0","4","1","39.9167","-75.1713","","CRASH_2001_Philadelphia"
"2002031676","06","67","67301","67301","2001","09","7","0102","01","3","1","0","1","1","","","N","02","2","00","3","0","1","2","2","N","N","39 59:03.364","75 05:56.549","9999","","9999","","0","","N","","3 ","","","","","","","","","","2","2","0","0","0","0","0","0","0","0","1","0","1","0","0","0","0","0","0","0","0","0","0","0","0","0","0","0","0","0","0","0","0","0","0","3","0","39.9842","-75.0991","","CRASH_2001_Philadelphia"
"2002037147","06","67","67301","67301","2001","11","1","0320","03","3","2","1","2","1","","","N","10","0","00","3","0","2","2","2","N","N","39 54:14.558","75 14:25.275","0327","","0322","","0","","N","","0 ","","","","","","","","","","2","2","0","0","0","0","0","0","0","0","0","2","2","0","0","0","0","0","0","0","0","0","0","2","0","0","0","0","0","0","0","0","0","0","0","4","0","39.904","-75.2401","","CRASH_2001_Philadelphia"
"2002043715","06","67","67301","67301","2001","12","6","0520","05","3","1","0","4","1","","","N","01","2","00","3","0","0","2","2","N","N","40 06:05.040","75 00:20.880","0534","","0527","","0","","N","","3 ","","","","","","","","","","2","2","0","0","0","0","0","0","0","0","0","0","0","0","0","0","0","0","0","0","0","1","0","0","0","0","0","0","0","0","0","0","0","0","0","0","0","40.1014","-75.0058","","CRASH_2001_Philadelphia"
"2002033695","06","67","67301","67301","2001","10","6","1153","11","1","1","0","8","1","","","N","01","2","00","3","0","1","3","2","N","N","40 00:36.463","75 05:21.337","1157","","1153","","0","","N","","3 ","","","","","","","","","","1","1","0","0","0","0","0","0","0","0","1","0","1","0","0","0","0","0","0","0","0","0","0","0","0","0","0","0","0","0","0","0","1","0","0","3","0","40.0101","-75.0893","","CRASH_2001_Philadelphia"
"2002042669","06","67","67301","67301","2001","12","3","1745","17","3","1","0","4","1","","","N","01","2","00","3","0","0","4","3","N","N","39 59:53.663","75 06:04.328","1750","","1745","1","2","5","N","","2 ","N","","","","","","","","","3","3","0","0","0","0","0","0","0","0","0","0","0","0","0","0","0","0","1","0","1","0","0","0","0","0","0","0","0","0","0","0","0","0","0","0","0","39.9982","-75.1013","","CRASH_2001_Philadelphia"
"2002043625","06","67","67301","67301","2001","10","2","0840","08","1","1","0","1","1","","","N","01","2","00","3","0","18","24","2","N","N","39 57:45.184","75 12:37.996","0923","","0920","","0","","N","","3 ","","","","","","","","","","2","1","0","1","0","0","0","0","0","0","0","18","18","0","0","0","0","0","0","0","1","0","0","0","0","0","0","0","0","0","0","0","0","0","0","4","1","39.9625","-75.2103","","CRASH_2001_Philadelphia"
"2002000475","06","67","67301","67301","2001","11","2","9999","99","3","1","0","2","1","","","N","00","0","00","3","0","1","2","2","N","N","40 01:36.453","75 05:47.075","1957","","1957","1","1","2","N","","0 ","N","","","","","","","","","2","2","0","0","0","0","0","0","0","0","0","1","1","0","0","0","1","0","0","0","0","0","0","0","0","0","0","0","0","0","0","0","0","0","0","4","0","40.0265","-75.0965","","CRASH_2001_Philadelphia"
"2002017241","06","67","67301","67301","2001","07","3","1410","14","1","1","0","4","1","","","N","01","0","00","3","0","1","2","2","N","N","39 59:46.503","75 07:27.397","1415","","1415","","0","","N","","0 ","","","","","","","","","","2","0","1","0","0","1","0","0","0","0","1","0","1","0","0","0","0","0","0","0","0","0","0","0","0","0","0","0","0","0","0","0","0","0","0","3","1","39.9963","-75.1243","","CRASH_2001_Philadelphia"
"2002032856","06","67","67301","67301","2001","10","5","1300","13","1","1","0","1","1","","","N","01","0","00","3","0","5","7","2","N","N","40 04:19.245","75 11:13.894","1400","","1356","","0","","N","","0 ","","","","","","","","","","2","1","0","0","1","0","0","0","0","0","2","3","5","0","0","0","0","0","0","0","0","1","1","0","0","0","0","0","0","0","0","0","0","0","0","3","0","40.0721","-75.1873","","CRASH_2001_Philadelphia"
"2001239039","06","67","67301","67301","2001","04","5","1245","12","1","1","0","7","5","","","N","00","0","00","3","0","1","2","2","N","N","","","9999","","9999","","0","","N","","0 ","","","","","","","","","","1","1","0","0","0","0","0","0","0","0","0","1","1","0","0","0","0","0","0","0","0","0","0","0","0","0","0","0","0","0","0","0","1","0","0","4","0","","","","CRASH_2001_Philadelphia"
"2001240080","06","67","67301","67301","2001","04","5","0220","02","3","1","0","4","1","","","N","01","3","00","3","0","1","3","2","N","N","","","9999","","9999","","0","","N","","3 ","","","","","","","","","","2","2","0","0","0","0","0","0","0","0","0","1","1","0","0","0","0","0","0","0","0","0","0","2","0","0","0","0","0","0","0","0","0","0","0","4","0","","","","CRASH_2001_Philadelphia"
"2001243562","06","67","67301","67301","2001","05","5","0655","06","5","1","0","8","1","","","N","01","3","00","3","0","1","2","2","N","N","40 02:09.240","75 07:35.760","9999","","9999","","0","","N","","3 ","","","","","","","","","","1","1","0","0","0","0","0","0","0","0","0","1","1","0","0","0","0","0","0","0","0","0","0","0","0","0","0","0","0","0","0","0","1","0","0","4","0","40.0359","-75.1265","","CRASH_2001_Philadelphia"
"2001244788","06","67","67301","67301","2001","05","6","2016","20","3","1","0","8","1","","","N","01","2","00","3","0","1","2","2","N","N","39 57:05.400","75 11:56.760","9999","","9999","","0","","N","","3 ","","","","","","","","","","1","1","0","0","0","0","0","0","0","0","0","0","0","0","1","0","0","0","0","1","0","0","0","0","0","0","0","0","0","0","0","0","1","0","0","9","0","39.9515","-75.1991","","CRASH_2001_Philadelphia"
"2002031814","06","67","67301","67301","2001","10","7","0751","07","1","1","0","4","1","","","N","02","2","00","3","0","2","3","2","N","N","39 58:35.844","75 07:11.061","0751","","0735","","0","","Y","","3 ","","","","","","","","","","2","2","0","0","0","0","0","0","0","0","1","1","2","0","1","0","0","0","0","0","0","0","0","2","0","0","0","0","0","0","0","0","0","0","0","3","0","39.9758","-75.1202","","CRASH_2001_Philadelphia"
"2002043167","06","67","67301","67301","2001","12","1","1205","12","1","1","0","5","1","","","N","00","0","00","3","0","3","3","2","N","N","40 01:24.240","75 02:01.680","1210","","1205","1","1","1","N","","0 ","N","","","","","","","","","2","2","0","0","0","0","0","0","0","0","0","3","3","0","0","0","0","0","0","0","1","0","0","0","0","0","0","0","0","0","0","0","0","0","0","4","0","40.0234","-75.0339","","CRASH_2001_Philadelphia"
"2001283864","06","67","67301","67301","2001","03","1","1712","17","1","1","0","4","1","","","N","01","2","00","3","0","6","6","3","N","N","39 57:06.120","75 10:12.720","9999","","9999","","0","","N","","3 ","","","","","","","","","","2","2","0","0","0","0","0","0","0","0","0","6","6","0","0","0","0","0","0","0","0","0","0","0","0","0","0","0","0","0","0","0","1","0","0","4","0","39.9516","-75.1702","","CRASH_2001_Philadelphia"
"2002017685","06","67","67301","67301","2001","08","4","0950","09","1","1","0","7","2","","","N","00","0","00","3","0","1","1","1","N","N","40 01:32.003","75 01:53.637","0958","","0955","","0","","N","","0 ","","","","","","","","","","1","0","0","0","1","0","0","0","0","0","0","1","1","0","0","0","0","0","0","0","0","0","0","0","0","0","0","0","0","0","0","0","0","0","0","4","0","40.0255","-75.0315","","CRASH_2001_Philadelphia"
"2002022064","06","67","67301","67301","2001","07","6","2320","23","3","1","0","8","1","1","4","Y","01","3","00","3","0","1","2","2","N","N","39 58:09.149","75 11:04.199","0145","35","9999","","0","","N","","3 ","","N","Y","","U","Y","","","","1","0","0","0","0","0","0","0","0","0","1","0","1","0","1","0","0","0","0","0","0","0","0","0","0","0","0","0","0","0","0","0","1","0","0","3","0","39.9693","-75.1846","","CRASH_2001_Philadelphia"
"2002023759","06","67","67301","67301","2001","08","2","0725","07","1","1","0","1","1","","","N","00","0","01","3","0","0","2","2","N","N","39 57:33.120","75 10:24.960","0734","","0729","","9","","N","","0 ","U","","","","","","","","","2","1","0","0","1","0","0","0","0","0","0","0","0","0","1","0","0","0","0","0","0","0","0","0","0","0","0","0","0","0","0","0","0","0","0","9","0","39.9592","-75.1737","","CRASH_2001_Philadelphia"
"2002031554","06","67","67301","67301","2001","10","1","1510","15","1","1","0","1","1","","","N","00","0","00","3","0","2","6","2","N","N","39 57:52.745","75 11:07.160","1540","","1536","","0","","N","","0 ","","","","","","","","","","2","2","0","0","0","0","0","0","0","0","0","2","2","0","0","0","0","0","0","0","0","1","0","0","0","0","0","0","0","0","0","0","0","0","0","4","0","39.9641","-75.1847","","CRASH_2001_Philadelphia"
"2002039350","06","67","67301","67301","2001","12","7","1815","18","3","2","1","1","1","","","N","01","2","00","3","0","0","5","2","N","N","40 01:52.361","75 03:15.070","1515","","1815","","0","","N","","3 ","","","","","","","","","","2","2","0","0","0","0","0","0","0","0","0","0","0","0","3","0","0","0","0","0","0","0","0","0","0","0","0","0","0","0","0","0","0","0","0","9","0","40.0312","-75.054","","CRASH_2001_Philadelphia"
"2002045939","06","67","67301","67301","2001","10","2","1345","13","1","1","0","1","1","","","N","00","0","00","3","0","5","6","3","N","N","39 57:19.440","75 10:51.600","0155","","0145","1","1","3","N","","0 ","N","","","","","","","","","3","3","0","0","0","0","0","0","0","0","0","5","5","0","0","0","0","0","0","0","0","0","0","0","0","0","0","0","0","0","0","0","0","0","0","4","0","39.9555","-75.1809","","CRASH_2001_Philadelphia"
"2002045940","06","67","67301","67301","2001","10","5","1338","13","1","1","0","1","1","","","N","00","0","02","3","0","1","3","2","N","N","39 56:41.640","75 11:26.160","1342","","1338","","0","","N","","0 ","","","","","","","","","","2","1","0","0","1","0","0","0","0","0","0","1","1","0","0","0","0","0","0","0","0","0","0","1","0","0","0","0","0","0","0","0","0","0","0","4","0","39.9452","-75.1905","","CRASH_2001_Philadelphia"
"2002032104","06","67","67301","67301","2001","10","4","0600","06","1","1","0","0","1","","","N","01","2","00","3","0","1","1","1","N","N","40 04:50.580","75 01:41.524","0620","","0611","","0","","N","","3 ","","","","","","","","","","1","0","1","0","0","0","0","0","0","0","1","0","1","0","0","0","0","0","0","0","0","0","0","0","0","0","0","0","0","0","0","0","0","0","0","3","0","40.081","-75.0289","","CRASH_2001_Philadelphia"
"2002034688","06","67","67301","67301","2001","11","2","1629","16","1","1","0","4","1","","","N","01","1","00","3","0","1","2","2","N","N","40 03:24.291","75 08:23.620","1635","","1429","","0","","N","","3 ","","","","","","","","","","2","2","0","0","0","0","0","0","0","0","0","1","1","0","0","0","0","0","0","0","0","1","0","0","0","0","0","0","0","0","0","0","0","0","0","4","0","40.0576","-75.1393","","CRASH_2001_Philadelphia"
"2002039629","06","67","67301","67301","2001","11","3","2142","21","3","1","0","2","3","","","N","00","0","00","3","0","0","1","2","N","N","40 01:12.972","75 08:56.022","2150","","2142","","0","","N","","0 ","","","","","","","","","","2","2","0","0","0","0","0","0","0","0","0","0","0","0","0","0","0","0","0","0","0","0","0","0","0","0","0","0","0","0","0","0","0","0","0","0","0","40.02","-75.1488","","CRASH_2001_Philadelphia"
"2002042740","06","67","67301","67301","2001","12","6","1117","11","1","1","0","7","4","","","N","01","2","00","3","0","3","5","1","N","Y","39 59:26.064","75 10:36.618","1126","","1121","","0","","N","","3 ","","","","","","","","","","1","1","0","0","0","0","0","0","0","2","0","1","3","0","0","0","0","1","0","0","0","0","0","5","0","2","0","0","0","0","0","0","0","0","0","2","0","39.9906","-75.1769","","CRASH_2001_Philadelphia"
"2002045678","06","67","67301","67301","2001","10","2","0944","09","1","1","0","4","1","","","N","02","3","00","3","0","0","2","2","N","N","39 57:46.057","75 12:14.557","0952","","0949","","0","","N","","3 ","","","","","","","","","","2","2","0","0","0","0","0","0","0","0","0","0","0","0","0","0","0","0","0","0","0","1","0","1","0","0","0","0","0","0","0","0","0","0","0","0","0","39.9627","-75.2039","","CRASH_2001_Philadelphia"
"2001248826","06","67","67301","67301","2001","05","1","0405","04","3","1","0","4","1","","","N","01","2","00","3","0","1","2","2","N","N","","","9999","","9999","","0","","N","","3 ","","","","","","","","","","2","2","0","0","0","0","0","0","0","0","0","1","1","0","0","0","0","0","0","0","0","0","0","0","0","0","0","0","0","0","0","0","0","0","0","4","0","","","","CRASH_2001_Philadelphia"
"2001400211","06","67","67301","67301","2001","03","1","1355","13","1","2","9","4","1","","","N","01","2","00","3","1","1","2","2","N","N","39 53:51.360","75 15:09.360","9999","","9999","","0","","N","9","3 ","","","","","","","","","","2","2","0","0","0","0","0","0","0","0","0","1","1","0","0","0","0","0","0","0","1","0","0","0","0","0","0","0","0","0","0","0","0","0","0","1","0","39.8975","-75.2521","2 ","CRASH_2001_Philadelphia"
"2001243112","06","67","67301","67301","2001","05","7","1245","12","1","1","0","4","1","","","N","02","2","00","3","0","0","2","2","N","N","40 05:19.680","75 01:14.160","9999","","9999","","0","","N","","3 ","","","","","","","","","","2","2","0","0","0","0","0","0","0","0","0","0","0","0","0","0","0","0","0","1","0","1","0","0","0","0","0","0","0","0","0","0","0","0","0","0","0","40.089","-75.0209","","CRASH_2001_Philadelphia"
"2001243638","06","67","67301","67301","2001","05","2","1545","15","1","1","0","1","1","","","N","01","2","00","3","0","1","3","2","N","N","40 05:04.200","75 01:28.920","9999","","9999","","0","","N","","3 ","","","","","","","","","","2","1","0","0","1","0","0","0","0","0","0","1","1","0","0","0","0","0","0","0","1","0","0","0","0","0","0","0","0","0","0","0","0","0","0","4","0","40.0847","-75.0251","","CRASH_2001_Philadelphia"
"2001265473","06","67","67301","67301","2001","07","6","1645","16","1","1","0","4","1","","","N","01","2","00","3","0","3","3","2","N","N","39 56:20.400","75 11:53.880","9999","","9999","","0","","N","","3 ","","","","","","","","","","2","2","0","0","0","0","0","0","0","0","0","2","2","0","1","1","0","0","0","0","0","0","0","0","0","0","0","0","0","0","0","0","0","0","0","4","0","39.9396","-75.1982","","CRASH_2001_Philadelphia"
"2002001085","06","67","67301","67301","2001","06","1","1725","17","1","1","0","4","1","","","N","01","2","00","3","0","7","7","2","N","N","40 02:40.595","75 03:16.876","1729","","1727","","0","","N","","3 ","","","","","","","","","","2","1","0","0","1","0","0","0","0","0","1","6","7","0","0","0","0","0","0","0","0","0","0","0","0","0","0","0","0","0","0","0","0","0","0","3","0","40.0446","-75.0547","","CRASH_2001_Philadelphia"
"2001266608","06","67","67301","67301","2001","08","6","1452","14","1","1","0","4","1","","","N","01","3","00","3","0","3","4","2","N","N","40 02:09.349","75 07:35.780","9999","","9999","","0","","N","","3 ","","","","","","","","","","2","2","0","0","0","0","0","0","0","0","0","1","1","0","2","0","1","0","0","0","0","0","0","0","0","0","0","0","0","0","0","0","0","0","0","4","0","40.0359","-75.1266","","CRASH_2001_Philadelphia"
"2002004001","06","67","67301","67301","2001","06","2","2040","20","3","1","0","8","1","","","N","01","2","00","3","0","1","2","2","N","N","39 58:49.764","75 13:28.745","2050","","2041","","0","","N","","3 ","","","","","","","","","","1","1","0","0","0","0","0","0","0","0","0","1","1","0","1","0","0","0","0","0","0","0","0","0","0","0","0","0","0","0","0","0","1","0","0","4","0","39.9804","-75.2247","","CRASH_2001_Philadelphia"
"2001243507","06","67","67301","67301","2001","04","7","0458","04","3","1","0","6","1","","","N","00","0","00","3","0","3","3","2","N","N","","","9999","","9999","","0","","N","","0 ","","","","","","","","","","2","1","0","0","0","0","1","0","0","0","0","3","3","0","0","0","0","0","0","0","0","0","0","0","0","0","0","0","0","0","0","0","0","0","0","4","0","","","","CRASH_2001_Philadelphia"
"2001288233","06","67","67301","","2001","06","2","9999","99","9","9","9","1","1","","","N","00","0","07","3","0","1","2","2","N","N","","","9999","","9999","","0","","N","","0 ","","","","","","","","","","2","1","0","0","0","0","0","1","0","0","0","0","0","0","1","0","0","0","0","0","0","0","0","0","0","0","0","0","0","0","0","0","0","0","0","9","0","","","","CRASH_2001_Philadelphia"
"2002017191","06","67","67301","67301","2001","08","5","1819","18","1","1","0","4","1","","","N","00","0","00","3","0","1","3","2","N","N","39 53:56.040","75 10:13.440","1835","","1825","2","2","2","N","","0 ","Y","","","","","","","","","2","2","0","0","0","0","0","0","0","0","0","1","1","0","0","0","0","0","0","0","0","0","0","0","0","0","0","0","0","0","0","0","0","0","0","4","0","39.8991","-75.168","","CRASH_2001_Philadelphia"
"2002023771","06","67","67301","67301","2001","08","2","1806","18","1","1","1","7","9","","","N","01","0","00","3","0","1","1","4","N","N","40 00:24.432","75 07:53.229","1812","","1807","","0","","N","","0 ","","","","","","","","","","4","4","0","0","0","0","0","0","0","1","0","0","1","0","0","0","0","0","0","0","0","0","0","0","0","0","0","0","0","0","0","0","0","0","0","2","0","40.0068","-75.1315","","CRASH_2001_Philadelphia"
"2001238208","06","67","67301","67301","2001","03","6","0150","01","3","2","1","7","5","","","N","00","0","00","3","0","1","2","1","N","N","40 00:56.520","75 10:36.120","9999","","9999","","0","","N","","0 ","","","","","","","","","","1","1","0","0","0","0","0","0","0","0","0","1","1","0","0","0","0","0","0","0","0","0","0","2","0","0","0","0","0","0","0","0","0","0","0","4","0","40.0156","-75.1766","","CRASH_2001_Philadelphia"
"2001239046","06","67","67301","67301","2001","04","5","1900","19","1","1","0","1","1","","","N","00","0","00","3","0","1","2","2","N","N","","","9999","","9999","","0","","N","","0 ","","","","","","","","","","1","0","0","0","0","0","0","0","1","0","0","1","1","0","0","0","0","0","0","0","0","0","0","0","0","0","0","0","0","0","0","0","0","0","0","4","0","","","","CRASH_2001_Philadelphia"
"2001244154","06","67","67301","67301","2001","05","6","1107","11","1","2","0","1","1","","","N","01","2","00","3","0","1","5","2","N","N","40 03:38.160","75 04:56.640","9999","","9999","","0","","N","","3 ","","","","","","","","","","2","1","0","0","0","0","1","0","0","0","0","0","0","0","1","0","0","0","0","1","0","0","0","0","0","0","0","0","0","0","0","0","0","0","0","9","0","40.0606","-75.0823","","CRASH_2001_Philadelphia"
"2001288385","06","67","67301","","2001","08","4","2330","23","9","1","0","1","1","1","8","Y","00","0","00","3","0","2","2","2","N","N","39 58:40.440","75 06:42.840","9999","99","9999","","0","","N","","0 ","","U","","","U","","","","","2","1","0","0","0","0","0","0","0","1","0","0","1","0","1","0","0","0","0","0","0","0","0","0","0","0","0","0","0","0","0","0","0","0","0","2","0","39.9788","-75.11","","CRASH_2001_Philadelphia"
"2001239024","06","67","67301","67301","2001","04","6","2000","20","1","6","1","7","5","","","N","00","0","00","3","0","1","1","1","N","N","","","9999","","9999","","0","","N","","0 ","","","","","","","","","","1","1","0","0","0","0","0","0","0","0","0","0","0","0","1","0","0","0","0","0","1","0","0","0","0","0","0","0","0","0","0","0","0","0","0","9","0","","","","CRASH_2001_Philadelphia"
"2001240210","06","67","67301","67301","2001","04","5","2125","21","3","1","0","4","1","","","N","02","2","00","3","0","1","2","2","N","N","39 58:16.396","75 10:40.091","9999","","9999","","0","","N","","3 ","","","","","","","","","","1","1","0","0","0","0","0","0","1","0","0","1","1","0","0","0","0","0","0","0","0","0","0","0","0","0","0","0","0","0","0","0","0","0","0","4","0","39.9712","-75.1778","","CRASH_2001_Philadelphia"
"2001243521","06","67","67301","67301","2001","04","6","2025","20","3","1","0","4","1","","","N","01","3","00","3","0","1","2","2","N","N","40 04:00.120","75 10:40.800","9999","","9999","","0","","N","","3 ","","","","","","","","","","2","0","0","0","0","0","1","1","0","0","0","1","1","0","0","0","0","0","0","0","0","0","0","0","0","0","0","0","0","0","0","0","0","0","0","4","0","40.0667","-75.178","","CRASH_2001_Philadelphia"
"2001243633","06","67","67301","67301","2001","05","6","1208","12","1","1","0","1","1","","","N","01","9","00","3","0","1","3","3","N","N","","","9999","","9999","","0","","N","","9 ","","","","","","","","","","3","1","0","0","0","0","0","1","0","0","0","1","1","0","0","0","0","0","0","0","1","0","0","0","0","0","0","0","0","0","0","0","0","0","0","4","0","","","","CRASH_2001_Philadelphia"
"2001244833","06","67","67301","67301","2001","05","1","2124","21","3","1","0","4","1","","","N","01","2","00","3","0","1","2","2","N","N","40 01:59.880","75 01:45.120","9999","","9999","","0","","N","","3 ","","","","","","","","","","2","2","0","0","0","0","0","0","0","0","0","0","0","0","1","0","0","0","0","0","0","0","0","0","0","0","0","0","0","0","0","0","0","0","0","9","0","40.0332","-75.0291","","CRASH_2001_Philadelphia"
"2001249424","06","67","67301","67301","2001","05","7","1225","12","1","1","0","7","5","","","N","00","0","02","3","0","0","1","1","N","N","39 57:39.240","75 08:23.640","9999","","9999","","0","","N","","0 ","","","","","","","","","","1","1","0","0","0","0","0","0","0","0","0","0","0","0","0","0","1","0","0","0","0","0","0","0","0","0","0","0","0","0","0","0","0","0","0","0","0","39.9617","-75.1397","","CRASH_2001_Philadelphia"
"2001244698","06","67","67301","67301","2001","05","2","0928","09","1","9","9","4","1","","","N","01","3","00","3","0","1","2","2","N","N","39 58:21.061","75 08:36.700","9999","","9999","","0","","N","","3 ","","","","","","","","","","2","1","0","0","0","0","1","0","0","0","0","0","0","0","1","0","0","0","0","1","0","0","0","0","0","0","0","0","0","0","0","0","0","0","0","9","0","39.9725","-75.1435","","CRASH_2001_Philadelphia"
"2001288525","06","67","67301","","2001","10","7","1300","13","1","1","0","4","1","","","N","01","2","00","3","0","3","3","2","N","N","40 07:53.956","75 00:43.926","9999","","9999","","0","","N","","3 ","","","","","","","","","","2","1","0","0","0","0","0","0","0","0","2","0","2","0","1","0","0","0","0","0","0","0","0","0","0","0","0","0","0","0","0","0","0","0","0","3","0","40.1317","-75.0122","","CRASH_2001_Philadelphia"
"2001400742","06","67","67301","67301","2001","09","2","1425","14","1","1","0","7","2","","","N","00","0","00","3","1","0","1","1","N","N","39 58:27.840","75 11:39.480","9999","","9999","","0","","N","9","0 ","","","","","","","","","","1","0","1","0","0","0","0","0","0","0","0","0","0","0","0","0","0","0","0","0","0","0","0","0","0","0","0","0","1","0","0","0","0","0","0","1","0","39.9744","-75.1943","2 ","CRASH_2001_Philadelphia"
"2001238211","06","67","67301","67301","2001","04","2","1704","17","1","1","0","4","1","","","N","02","0","00","3","0","1","4","2","N","N","40 01:13.440","75 09:46.080","9999","","9999","","0","","N","","0 ","","","","","","","","","","2","2","0","0","0","0","0","0","0","0","0","1","1","0","0","0","0","0","0","0","0","0","0","3","0","0","0","0","0","0","0","0","0","0","0","4","0","40.0203","-75.1628","","CRASH_2001_Philadelphia"
"2001238947","06","67","67301","67301","2001","04","4","1440","14","1","2","1","4","1","","","N","03","0","00","3","0","0","2","2","N","N","","","9999","","9999","","0","","N","","0 ","","","","","","","","","","2","1","0","0","1","0","0","0","0","0","0","0","0","0","0","0","0","0","0","0","0","0","0","0","0","0","0","0","0","0","0","0","0","0","0","0","0","","","","CRASH_2001_Philadelphia"
"2001239143","06","67","67301","67301","2001","04","2","0840","08","1","2","1","4","1","","","N","01","2","00","3","0","1","3","2","N","N","39 57:27.720","75 12:21.600","9999","","9999","","0","","N","","3 ","","","","","","","","","","2","2","0","0","0","0","0","0","0","0","0","1","1","0","0","0","0","0","0","0","1","0","0","0","0","0","0","0","0","0","0","0","0","0","0","4","0","39.9577","-75.206","","CRASH_2001_Philadelphia"
"2001240152","06","67","67301","67301","2001","04","4","0800","08","1","1","0","5","1","","","N","00","0","00","3","0","1","2","2","N","N","39 58:11.280","75 14:21.120","9999","","9999","","0","","N","","0 ","","","","","","","","","","2","2","0","0","0","0","0","0","0","0","0","1","1","0","0","0","0","0","0","0","0","0","0","0","0","0","0","0","0","0","0","0","0","0","0","4","0","39.9699","-75.2392","","CRASH_2001_Philadelphia"
"2001252098","06","67","67301","67301","2001","05","4","1625","16","1","1","0","4","1","","","N","01","2","00","3","0","2","4","2","N","N","","","9999","","9999","","0","","N","","3 ","","","","","","","","","","2","2","0","0","0","0","0","0","0","0","2","0","2","0","0","0","1","0","0","0","0","0","0","0","0","0","0","0","0","0","0","0","0","0","0","3","0","","","","CRASH_2001_Philadelphia"
"2001265467","06","67","67301","67301","2001","07","2","0900","09","1","1","0","4","1","","","N","01","3","00","3","0","1","2","2","N","N","39 59:27.081","75 07:04.025","9999","","9999","","0","","N","","3 ","","","","","","","","","","2","0","1","0","0","0","0","0","0","0","1","0","1","0","0","0","1","0","0","0","0","0","0","0","0","0","0","0","0","0","0","0","0","0","0","3","0","39.9909","-75.1178","","CRASH_2001_Philadelphia"
"2002014612","06","67","67301","67301","2001","07","1","","","1","1","0","4","1","","","N","00","2","00","3","0","0","1","2","N","N","40 01:36.286","75 10:59.101","1401","","1344","","0","","N","","3 ","","","","","","","","","","2","2","0","0","0","0","0","0","0","0","0","0","0","0","1","0","0","0","0","0","0","0","0","0","0","0","0","0","0","0","0","0","0","0","0","9","0","40.0269","-75.1831","","CRASH_2001_Philadelphia"
"2002017137","06","67","67301","67301","2001","07","3","1500","15","1","1","0","4","1","","","N","01","2","00","3","0","0","5","2","N","N","39 57:21.709","75 13:03.548","1510","","1508","","0","","N","","3 ","","","","","","","","","","2","2","0","0","0","0","0","0","0","0","0","0","0","0","0","0","0","0","0","0","1","0","0","0","0","0","0","0","0","0","0","0","0","0","0","0","0","39.9575","-75.2173","","CRASH_2001_Philadelphia"
"2002023638","06","67","67301","67301","2001","08","2","1129","11","1","1","0","5","6","","","N","00","2","00","3","0","0","1","6","N","N","39 55:49.305","75 10:06.481","1140","","1129","","0","","N","","3 ","","","","","","","","","","6","5","0","0","0","1","0","0","0","0","0","0","0","0","0","0","0","0","0","0","1","0","0","0","0","0","0","0","0","0","0","0","0","0","0","0","1","39.9304","-75.1684","","CRASH_2001_Philadelphia"