"CRN","DISTRICT","COUNTY","MUNICIPALITY","POLICE_AGCY","CRASH_YEAR","CRASH_MONTH","DAY_OF_WEEK","TIME_OF_DAY","HOUR_OF_DAY","ILLUMINATION","WEATHER","ROAD_CONDITION","COLLISION_TYPE","RELATION_TO_ROAD","WORK_ZONE_TYPE","WORK_ZONE_LOC","WORK_ZONE_IND","INTERSECT_TYPE","TCD_TYPE","LOCATION_TYPE","URBAN_RURAL","FATAL_COUNT","INJURY_COUNT","PERSON_COUNT","TOTAL_UNITS","SCH_BUS_IND","SCH_ZONE_IND","LATITUDE","LONGITUDE","ARRIVAL_TM","CONS_ZONE_SPD_LIM","DISPATCH_TM","EST_HRS_CLOSED","LANE_CLOSED","LN_CLOSE_DIR","NTFY_HIWY_MAINT","SPEC_JURIS_CD","TCD_FUNC_CD","TFC_DETOUR_IND","WORKERS_PRES","WZ_CLOSE_DETOUR","WZ_FLAGGER","WZ_LAW_OFFCR_IND","WZ_LN_CLOSURE","WZ_MOVING","WZ_OTHER","WZ_SHLDER_MDN","VEHICLE_COUNT","AUTOMOBILE_COUNT","MOTORCYCLE_COUNT","BUS_COUNT","SMALL_TRUCK_COUNT","HEAVY_TRUCK_COUNT","SUV_COUNT","VAN_COUNT","BICYCLE_COUNT","MAJ_INJ_COUNT","MOD_INJ_COUNT","MIN_INJ_COUNT","TOT_INJ_COUNT","UNK_INJ_DEG_COUNT","UNK_INJ_PER_COUNT","DRIVER_COUNT_16YR","DRIVER_COUNT_17YR","DRIVER_COUNT_18YR","DRIVER_COUNT_19YR","DRIVER_COUNT_20YR","DRIVER_COUNT_50_64YR","DRIVER_COUNT_65_74YR","DRIVER_COUNT_75PLUS","UNBELTED_OCC_COUNT","UNB_DEATH_COUNT","UNB_MAJ_INJ_COUNT","BELTED_DEATH_COUNT","BELTED_MAJ_INJ_COUNT","MCYCLE_DEATH_COUNT","MCYCLE_MAJ_INJ_COUNT","BICYCLE_DEATH_COUNT","BICYCLE_MAJ_INJ_COUNT","PED_COUNT","PED_DEATH_COUNT","PED_MAJ_INJ_COUNT","MAX_SEVERITY_LEVEL","COMM_VEH_COUNT","DEC_LAT","DEC_LONG","RDWY_SURF_TYPE_CD","COUNTY_YEAR"
"2002029486","06","67","67301","67301","2001","09","7","1637","16","1","1","0","1","1","","","N","05","0","00","3","0","0","16","3","N","N","39 58:38.638","75 12:01.853","1650","","1647","2","1","3","N","","0 ","N","","","","","","","","","3","3","0","0","0","0","0","0","0","0","0","0","0","0","0","0","0","0","0","1","0","0","0","6","0","0","0","0","0","0","0","0","0","0","0","0","0","39.9775","-75.2008","","CRASH_2001_Philadelphia"
"2002030260","06","67","67301","67301","2001","07","3","1016","10","1","1","0","8","1","","","N","02","2","00","3","0","1","2","2","N","N","40 04:32.374","74 58:44.876","1025","","1017","","0","","N","","3 ","","","","","","","","","","1","1","0","0","0","0","0","0","0","0","0","1","1","0","0","0","0","0","0","0","1","0","0","0","0","0","0","0","0","0","0","0","1","0","0","4","0","40.0758","-74.9792","","CRASH_2001_Philadelphia"
"2002033558","06","67","67301","67301","2001","11","7","0930","09","1","2","1","1","1","","","N","00","0","00","3","0","0","2","2","N","N","39 56:20.569","75 12:37.518","0950","","0940","","0","","N","","0 ","","","","","","","","","","2","2","0","0","0","0","0","0","0","0","0","0","0","0","0","0","0","0","0","0","0","0","0","0","0","0","0","0","0","0","0","0","0","0","0","0","0","39.939","-75.2104","","CRASH_2001_Philadelphia"
"2001240160","06","67","67301","67301","2001","04","1","1649","16","1","1","0","9","1","","","N","00","0","07","3","0","2","3","2","N","N","","","9999","","9999","","0","","N","","0 ","","","","","","","","","","2","0","0","1","0","0","0","0","0","0","0","0","0","0","2","0","0","0","0","0","0","0","0","0","0","0","0","0","0","0","0","0","0","0","0","9","1","","","","CRASH_2001_Philadelphia"
"2002017675","06","67","67301","37301","2001","08","4","1500","15","1","1","0","4","1","","","N","00","0","00","3","0","2","2","2","N","N","40 03:20.361","75 02:53.547","1530","","1522","","0","","N","","0 ","","","","","","","","","","2","2","0","0","0","0","0","0","0","0","0","2","2","0","0","0","0","0","0","0","0","0","0","0","0","0","0","0","0","0","0","0","0","0","0","4","0","40.0556","-75.0482","","CRASH_2001_Philadelphia"
"2002022484","06","67","67301","67301","2001","11","5","1517","15","1","6","1","8","1","","","N","01","2","00","3","0","1","2","2","N","N","39 57:06.095","75 09:29.384","1517","","1517","","0","","N","","3 ","","","","","","","","","","1","1","0","0","0","0","0","0","0","0","0","1","1","0","0","0","0","0","0","0","1","0","0","1","0","0","0","0","0","0","0","0","1","0","0","4","0","39.9515","-75.1561","","CRASH_2001_Philadelphia"
"2002026541","06","67","67301","67301","2001","09","2","1545","15","1","1","0","5","2","","","N","02","0","00","3","0","2","4","2","N","N","39 55:19.934","75 09:10.964","1554","","1548","","0","","N","","0 ","","","","","","","","","","2","2","0","0","0","0","0","0","0","0","0","2","2","0","0","0","0","0","0","1","0","0","0","0","0","0","0","0","0","0","0","0","0","0","0","4","0","39.9222","-75.153","","CRASH_2001_Philadelphia"
"2002028565","06","67","67301","67301","2001","09","1","0838","08","1","1","0","4","1","","","N","02","2","00","3","0","2","2","2","N","N","39 59:15.701","75 12:58.237","0843","","0840","","0","","N","","3 ","","","","","","","","","","2","2","0","0","0","0","0","0","0","0","1","1","2","0","0","0","0","0","0","0","0","0","0","0","0","0","0","0","0","0","0","0","0","0","0","3","0","39.9877","-75.2161","","CRASH_2001_Philadelphia"
"2002029480","06","67","67301","67301","2001","09","7","0310","03","6","1","0","5","1","","","N","01","0","00","3","0","1","2","2","N","N","39 57:51.110","75 10:34.297","0319","","0316","","0","","N","","0 ","","","","","","","","","","1","1","0","0","0","0","0","0","1","0","1","0","1","0","0","0","0","0","0","0","0","0","0","0","0","0","0","0","0","0","0","0","0","0","0","3","0","39.9643","-75.1762","","CRASH_2001_Philadelphia"
"2002033781","06","67","67301","67301","2001","10","3","1310","13","1","1","0","8","4","","","N","01","2","00","3","0","1","2","2","N","N","40 02:12.341","75 02:27.771","1320","","1320","","0","","N","","3 ","","","","","","","","","","1","1","0","0","0","0","0","0","0","0","0","1","1","0","0","0","0","0","0","0","0","0","0","0","0","0","0","0","0","0","0","0","1","0","0","4","0","40.0368","-75.0407","","CRASH_2001_Philadelphia"
"2002040620","06","67","67301","67301","2001","12","5","1600","16","1","1","0","4","1","","","N","01","3","00","3","0","1","2","2","N","N","40 01:36.356","75 05:22.341","1658","","1612","","0","","N","","3 ","","","","","","","","","","2","2","0","0","0","0","0","0","0","0","0","1","1","0","0","0","0","0","0","0","1","0","0","0","0","0","0","0","0","0","0","0","0","0","0","4","0","40.0272","-75.0892","","CRASH_2001_Philadelphia"
"2001401243","06","67","67301","67301","2001","11","6","1305","13","1","1","0","8","1","","","N","02","0","00","3","1","0","2","2","N","N","39 55:02.776","75 10:32.051","9999","","9999","","0","","N","9","0 ","","","","","","","","","","1","1","0","0","0","0","0","0","0","0","0","0","0","0","0","0","0","0","0","0","1","0","0","0","0","0","0","0","0","0","0","0","1","1","0","1","0","39.9174","-75.1756","9 ","CRASH_2001_Philadelphia"
"2002028666","06","67","67301","67301","2001","09","3","0555","05","5","1","0","8","1","","","N","01","2","00","3","0","1","2","2","N","N","39 59:55.462","75 07:52.179","0633","","0629","","0","","N","","3 ","","","","","","","","","","1","1","0","0","0","0","0","0","0","0","0","1","1","0","1","0","0","0","0","0","0","0","0","0","0","0","0","0","0","0","0","0","1","0","0","4","0","39.9988","-75.1313","","CRASH_2001_Philadelphia"
"2002031459","06","67","67301","67301","2001","10","2","0934","09","1","1","0","5","1","","","N","01","2","00","3","0","1","2","2","N","N","40 02:51.211","75 08:34.487","0938","","0935","","0","","N","","3 ","","","","","","","","","","2","2","0","0","0","0","0","0","0","0","1","0","1","0","0","0","0","0","0","0","0","1","0","0","0","0","0","0","0","0","0","0","0","0","0","3","0","40.0475","-75.1428","","CRASH_2001_Philadelphia"
"2002031085","06","67","67301","67301","2001","09","7","0241","02","3","1","0","7","5","","","N","00","0","00","3","0","0","1","1","N","N","40 03:37.543","74 59:24.180","0241","","0241","","0","","N","","0 ","","","","","","","","","","1","1","0","0","0","0","0","0","0","0","0","0","0","0","0","0","0","0","0","0","0","0","0","1","0","0","0","0","0","0","0","0","0","0","0","0","0","40.0605","-74.9903","","CRASH_2001_Philadelphia"
"2002032790","06","67","67301","67301","2001","10","7","1710","17","1","1","0","1","1","","","N","01","2","00","3","0","2","4","3","N","N","39 58:12.927","75 08:47.213","1712","","1720","","0","","N","","3 ","","","","","","","","","","3","3","0","0","0","0","0","0","0","0","0","2","2","0","0","0","0","0","0","0","1","0","0","3","0","0","0","0","0","0","0","0","0","0","0","4","0","39.9703","-75.1466","","CRASH_2001_Philadelphia"
"2002038803","06","67","67301","67301","2001","09","7","1418","14","1","1","0","0","1","","","N","05","0","00","3","0","4","4","1","N","N","","","9999","","0923","","0","","N","","0 ","","","","","","","","","","1","1","0","0","0","0","0","0","0","0","0","4","4","0","0","0","0","0","0","0","0","0","0","0","0","0","0","0","0","0","0","0","0","0","0","4","0","","","","CRASH_2001_Philadelphia"
"2002018864","06","67","67301","67301","2001","08","6","2145","21","3","1","1","0","1","","","N","01","2","00","3","0","1","1","1","N","N","40 03:40.416","75 11:31.011","2155","","2148","3","1","5","N","","3 ","Y","","","","","","","","","1","1","0","0","0","0","0","0","0","0","0","1","1","0","0","0","0","0","0","0","0","0","0","0","0","0","0","0","0","0","0","0","0","0","0","4","0","40.0665","-75.1963","","CRASH_2001_Philadelphia"
"2002005832","06","67","67301","67301","2001","11","7","0327","03","3","1","0","4","1","","","N","01","2","00","3","0","5","7","6","N","N","39 54:55.258","75 09:34.991","0329","","0328","","0","","N","","3 ","","","","","","","","","","6","6","0","0","0","0","0","0","0","0","0","5","5","0","0","0","1","1","0","0","0","0","1","1","0","0","0","0","0","0","0","0","0","0","0","4","0","39.9153","-75.1598","","CRASH_2001_Philadelphia"
"2002008901","06","67","67301","67301","2001","06","1","2224","22","3","1","0","4","1","","","N","01","2","00","3","0","3","4","2","N","N","39 58:10.344","75 13:31.618","2245","","2338","","0","","N","","3 ","","","","","","","","","","2","2","0","0","0","0","0","0","0","0","2","1","3","0","0","0","0","0","0","0","0","0","0","0","0","0","0","0","0","0","0","0","0","0","0","3","0","39.9695","-75.2254","","CRASH_2001_Philadelphia"
"2002017178","06","67","67301","67301","2001","07","5","1644","16","1","1","0","1","1","","","N","01","2","00","3","0","3","4","2","N","N","39 54:14.000","75 14:25.203","1655","","1650","","0","","N","","3 ","","","","","","","","","","2","2","0","0","0","0","0","0","0","0","0","3","3","0","0","0","0","0","0","0","0","0","0","0","0","0","0","0","0","0","0","0","0","0","0","4","0","39.904","-75.2401","","CRASH_2001_Philadelphia"
"2002028559","06","67","67301","67301","2001","09","4","0830","08","1","1","0","2","1","","","N","01","2","00","3","0","3","3","2","N","N","40 00:11.979","75 09:57.572","0830","","0830","","0","","N","","3 ","","","","","","","","","","2","2","0","0","0","0","0","0","0","0","2","1","3","0","0","0","0","0","0","1","0","0","0","0","0","0","0","0","0","0","0","0","0","0","0","3","0","40.0033","-75.1659","","CRASH_2001_Philadelphia"
"2002028671","06","67","67301","67301","2001","09","2","1530","15","1","2","1","2","1","","","N","02","0","00","3","0","1","2","2","N","Y","39 59:37.365","75 09:11.952","1900","","1847","2","2","5","N","","0 ","Y","","","","","","","","","1","1","0","0","0","0","0","0","1","0","1","0","1","0","0","0","0","0","0","0","0","0","0","0","0","0","0","0","0","0","0","0","0","0","0","3","0","39.9938","-75.1532","","CRASH_2001_Philadelphia"
"2002033588","06","67","67301","67301","2001","10","4","1110","11","1","1","0","4","1","","","N","00","0","00","3","0","1","3","2","N","N","40 00:16.888","75 09:08.581","1119","","1119","1","2","6","N","","0 ","Y","","","","","","","","","2","2","0","0","0","0","0","0","0","0","1","0","1","0","0","0","0","0","0","0","0","0","0","3","0","0","0","0","0","0","0","0","0","0","0","3","0","40.0046","-75.1523","","CRASH_2001_Philadelphia"
"2002037946","06","67","67301","67301","2001","11","1","1205","12","1","1","1","7","4","","","N","06","4","02","3","0","1","1","1","N","N","","","1205","","1203","","0","","N","","3 ","","","","","","","","","","1","1","0","0","0","0","0","0","0","0","0","1","1","0","0","0","0","0","0","0","0","0","0","1","0","0","0","0","0","0","0","0","0","0","0","4","0","","","","CRASH_2001_Philadelphia"
"2002032189","06","67","67301","67301","2001","10","5","0844","08","1","1","0","1","1","","","N","01","2","00","3","0","1","2","2","N","N","40 03:13.375","75 08:29.620","0848","","0345","","0","","N","","3 ","","","","","","","","","","2","2","0","0","0","0","0","0","0","0","0","1","1","0","0","0","0","0","0","0","0","0","0","0","0","0","0","0","0","0","0","0","0","0","0","4","0","40.0537","-75.1414","","CRASH_2001_Philadelphia"
"2001288662","06","67","67301","","2001","10","2","1900","19","9","1","0","8","1","","","N","00","0","00","3","0","2","2","2","N","N","","","9999","","9999","","0","","N","","0 ","","","","","","","","","","1","0","0","0","0","0","0","0","0","0","0","0","0","0","2","0","0","0","0","0","0","0","0","0","0","0","0","0","0","0","0","0","1","0","0","9","0","","","","CRASH_2001_Philadelphia"
"2002020039","06","67","67301","67301","2001","06","2","1738","17","3","1","0","4","1","","","N","01","2","00","3","0","3","3","2","N","N","40 04:26.584","75 11:26.748","1745","","1738","","0","","N","","3 ","","","","","","","","","","2","2","0","0","0","0","0","0","0","2","1","0","3","0","0","0","0","0","0","1","1","0","0","1","0","1","0","0","0","0","0","0","0","0","0","2","0","40.0741","-75.1908","","CRASH_2001_Philadelphia"
"2002045734","06","67","67301","67301","2001","10","6","1120","11","1","1","0","1","1","","","N","01","2","00","3","0","1","2","2","N","N","40 01:25.463","75 12:27.940","1138","","1128","","0","","N","","3 ","","","","","","","","","","2","2","0","0","0","0","0","0","0","0","0","1","1","0","0","0","0","0","0","0","0","1","0","0","0","0","0","0","0","0","0","0","0","0","0","4","0","40.0237","-75.2077","","CRASH_2001_Philadelphia"
"2002023611","06","67","67301","67301","2001","09","1","1930","19","1","1","0","8","1","","","N","00","0","00","3","0","0","2","2","N","N","39 58:03.000","75 12:07.000","1936","","1934","","0","","N","","0 ","","","","","","","","","","1","1","0","0","0","0","0","0","1","0","0","0","0","0","1","0","0","0","0","0","0","0","0","0","0","0","0","0","0","0","0","0","0","0","0","9","0","39.9675","-75.2019","","CRASH_2001_Philadelphia"
"2002025296","06","67","67301","67301","2001","08","4","0920","09","1","1","0","1","1","","","N","00","2","00","3","0","1","2","2","N","N","39 55:15.600","75 13:27.480","0840","","0837","","0","","N","","3 ","","","","","","","","","","2","2","0","0","0","0","0","0","0","0","0","1","1","0","1","0","0","0","0","0","0","0","0","0","0","0","0","0","0","0","0","0","0","0","0","4","0","39.921","-75.2242","","CRASH_2001_Philadelphia"
"2002027913","06","67","67301","67301","2001","08","6","1110","11","1","1","0","4","1","","","N","01","0","00","3","0","3","6","2","N","N","40 00:42.453","75 09:47.574","1113","","1113","","0","","N","","0 ","","","","","","","","","","2","2","0","0","0","0","0","0","0","0","1","2","3","0","0","0","0","0","0","0","1","0","0","1","0","0","0","0","0","0","0","0","0","0","0","3","0","40.0116","-75.163","","CRASH_2001_Philadelphia"
"2002032605","06","67","67301","67301","2001","10","2","1810","18","4","1","0","4","1","","","N","01","0","00","3","0","2","2","2","N","N","40 02:20.730","75 08:41.132","1913","","1903","","0","","N","","0 ","","","","","","","","","","2","2","0","0","0","0","0","0","0","0","0","2","2","0","0","0","0","0","0","0","0","0","0","2","0","0","0","0","0","0","0","0","0","0","0","4","0","40.039","-75.1446","","CRASH_2001_Philadelphia"
"2002017260","06","67","67301","67301","2001","07","6","2230","22","3","1","0","4","1","","","N","01","2","00","3","0","2","3","2","N","N","40 01:33.794","75 07:19.120","2244","","2240","","0","","N","","3 ","","","","","","","","","","2","2","0","0","0","0","0","0","0","0","0","2","2","0","0","0","0","0","0","0","0","0","0","3","0","0","0","0","0","0","0","0","0","0","0","4","0","40.0261","-75.1218","","CRASH_2001_Philadelphia"
"2002026545","06","67","67301","67301","2001","07","7","1840","18","4","1","0","4","1","","","N","02","2","00","3","0","1","2","2","N","N","","","1852","","1845","","0","","N","","3 ","","","","","","","","","","2","0","0","0","2","0","0","0","0","0","0","1","1","0","0","0","0","0","0","0","0","0","0","0","0","0","0","0","0","0","0","0","0","0","0","4","0","","","","CRASH_2001_Philadelphia"
"2002033564","06","67","67301","67301","2001","11","1","2130","21","3","1","0","1","1","","","N","01","2","00","3","0","1","2","2","N","N","40 00:13.989","75 13:14.458","2148","","2139","","0","","N","","2 ","","","","","","","","","","2","1","0","0","0","0","0","0","0","0","0","1","1","0","1","0","0","0","0","0","0","0","0","0","0","0","0","0","0","0","0","0","0","0","0","4","0","40.0039","-75.2207","","CRASH_2001_Philadelphia"
"2001283861","06","67","67301","67301","2001","03","5","1300","13","1","1","0","1","1","","","N","00","0","02","3","0","3","9","3","N","N","","","9999","","9999","","0","","N","","0 ","","","","","","","","","","3","0","0","0","0","1","1","1","0","0","0","0","0","0","3","0","0","0","0","0","1","0","0","0","0","0","0","0","0","0","0","0","0","0","0","9","1","","","","CRASH_2001_Philadelphia"
"2002004010","06","67","67301","67301","2001","06","2","1523","15","1","1","0","8","1","","","N","01","2","00","3","0","1","2","2","N","N","","","1514","","1523","","0","","N","","3 ","","","","","","","","","","1","1","0","0","0","0","0","0","0","0","0","1","1","0","0","0","0","0","0","0","0","0","1","0","0","0","0","0","0","0","0","0","1","0","0","4","0","","","","CRASH_2001_Philadelphia"
"2001238202","06","67","67301","67301","2001","04","1","2200","22","3","1","0","4","1","","","N","01","2","00","3","0","1","3","2","N","N","40 01:04.800","75 08:58.200","9999","","9999","","0","","N","","3 ","","","","","","","","","","2","1","0","0","0","0","0","0","0","0","0","1","1","0","0","0","0","0","0","0","0","0","0","0","0","0","0","0","0","0","0","0","0","0","0","4","0","40.0179","-75.1494","","CRASH_2001_Philadelphia"
"2001239115","06","67","67301","67301","2001","04","5","1945","19","3","1","0","9","1","","","N","00","0","00","3","0","1","2","2","N","N","","","9999","","9999","","0","","N","","0 ","","","","","","","","","","2","1","0","0","0","0","0","0","0","0","0","1","1","0","0","0","0","0","0","0","0","0","0","0","0","0","0","0","0","0","0","0","0","0","0","4","0","","","","CRASH_2001_Philadelphia"
"2001239120","06","67","67301","67301","2001","04","5","2115","21","3","1","0","4","1","","","N","01","2","00","3","0","1","2","2","N","N","39 56:56.040","75 12:54.000","9999","","9999","","0","","N","","3 ","","","","","","","","","","1","1","0","0","0","0","0","0","1","0","0","1","1","0","0","0","0","0","0","0","0","0","0","1","0","0","0","0","0","0","0","0","0","0","0","4","0","39.9488","-75.215","","CRASH_2001_Philadelphia"
"2001243658","06","67","67301","67301","2001","05","3","1815","18","1","1","0","4","1","","","N","01","3","00","3","0","1","3","2","N","N","","","9999","","9999","","0","","N","","3 ","","","","","","","","","","2","2","0","0","0","0","0","0","0","0","0","1","1","0","0","0","0","0","0","0","0","0","0","0","0","0","0","0","0","0","0","0","0","0","0","4","0","","","","CRASH_2001_Philadelphia"
"2001266609","06","67","67301","67301","2001","08","6","1004","10","1","1","0","4","1","","","N","00","0","07","3","0","2","2","2","N","N","","","9999","","9999","","0","","N","","0 ","","","","","","","","","","2","1","0","0","0","0","0","0","0","0","0","2","2","0","0","0","0","0","0","0","1","0","0","0","0","0","0","0","0","0","0","0","0","0","0","4","0","","","","CRASH_2001_Philadelphia"
"2002000468","06","67","67301","67301","2001","11","7","2159","21","3","1","0","4","1","","","N","01","2","00","3","0","0","3","2","N","N","39 57:32.219","75 13:43.032","2159","","2159","","0","","N","","2 ","","","","","","","","","","2","1","0","0","1","0","0","0","0","0","0","0","0","0","0","1","0","0","0","0","0","0","0","0","0","0","0","0","0","0","0","0","0","0","0","0","0","39.9574","-75.2293","","CRASH_2001_Philadelphia"
"2002031552","06","67","67301","67301","2001","10","3","1642","16","1","1","0","1","1","","","N","02","0","00","3","0","0","4","3","N","N","39 57:59.811","75 11:14.205","1647","","1643","1","1","4","N","","0 ","N","","","","","","","","","3","2","0","0","1","0","0","0","0","0","0","0","0","0","0","0","0","0","0","0","0","1","0","0","0","0","0","0","0","0","0","0","0","0","0","0","0","39.967","-75.1879","","CRASH_2001_Philadelphia"
"2002035703","06","67","67301","67301","2001","11","2","0835","08","1","1","0","4","1","","","N","01","2","00","3","0","0","2","2","N","N","39 56:17.760","75 11:55.420","0905","","0858","","0","","N","","3 ","","","","","","","","","","2","2","0","0","0","0","0","0","0","0","0","0","0","0","0","0","0","0","0","0","0","0","0","0","0","0","0","0","0","0","0","0","0","0","0","0","0","39.938","-75.1987","","CRASH_2001_Philadelphia"
"2002017904","06","67","67301","67301","2001","07","2","0210","02","3","7","1","5","9","","","N","01","2","00","3","0","1","4","2","N","N","40 00:14.153","75 10:14.775","0215","","0210","","0","","N","","3 ","","","","","","","","","","2","1","0","1","0","0","0","0","0","0","0","1","1","0","0","0","0","0","0","0","0","0","0","0","0","0","0","0","0","0","0","0","0","0","0","4","1","40.0039","-75.1707","","CRASH_2001_Philadelphia"
"2002023890","06","67","67301","67301","2001","08","7","0830","08","1","1","0","8","1","","","N","01","2","00","3","0","1","3","2","N","N","39 58:33.759","75 09:30.164","0845","","0840","","0","","N","","3 ","","","","","","","","","","1","0","0","0","1","0","0","0","0","1","0","0","1","0","0","0","0","0","0","0","1","0","0","1","0","0","0","0","0","0","0","0","1","0","1","2","0","39.9758","-75.1584","","CRASH_2001_Philadelphia"
"2002037813","06","67","67301","67301","2001","11","1","0405","04","2","9","9","1","2","","","N","00","0","00","3","0","0","4","3","N","N","39 58:37.901","75 09:29.259","0411","","0408","","0","","N","","0 ","","","","","","","","","","3","2","0","0","0","0","0","0","0","0","0","0","0","0","0","0","0","0","0","0","0","0","0","0","0","0","0","0","0","0","0","0","0","0","0","0","0","39.9772","-75.1581","","CRASH_2001_Philadelphia"
"2002038323","06","67","67301","67301","2001","09","7","2220","22","3","1","0","4","1","","","N","00","0","00","3","0","3","4","3","N","N","40 00:38.899","75 09:03.422","2220","","2220","","0","","N","","0 ","","","","","","","","","","3","3","0","0","0","0","0","0","0","0","1","2","3","0","0","0","0","0","0","0","0","0","0","0","0","0","0","0","0","0","0","0","0","0","0","3","0","40.0104","-75.1509","","CRASH_2001_Philadelphia"
"2002034661","06","67","67301","67301","2001","11","5","1039","10","1","1","0","8","1","","","N","02","0","00","3","0","1","2","2","N","N","39 57:50.418","75 12:13.348","1042","","1040","","0","","N","","0 ","","","","","","","","","","1","1","0","0","0","0","0","0","0","0","0","1","1","0","0","0","0","0","0","0","0","0","0","0","0","0","0","0","0","0","0","0","1","0","0","4","0","39.9639","-75.2036","","CRASH_2001_Philadelphia"
"2002034855","06","67","67301","67301","2001","11","3","1731","17","4","1","0","2","1","","","N","01","0","00","3","0","1","4","2","N","N","40 00:13.765","75 07:27.072","1731","","1731","","0","","N","","0 ","","","","","","","","","","2","1","0","0","1","0","0","0","0","0","0","1","1","0","0","0","0","0","0","0","1","0","0","0","0","0","0","0","0","0","0","0","0","0","0","4","0","40.0038","-75.1242","","CRASH_2001_Philadelphia"
"2002037126","06","67","67301","67301","2001","11","5","0900","09","1","8","1","2","1","","","N","00","0","00","3","0","0","4","2","N","N","","","0945","","0930","","0","","N","","0 ","","","","","","","","","","2","2","0","0","0","0","0","0","0","0","0","0","0","0","4","0","0","0","0","0","1","0","0","0","0","0","0","0","0","0","0","0","0","0","0","9","0","","","","CRASH_2001_Philadelphia"
"2002041593","06","67","67301","67301","2001","12","5","0106","01","3","2","1","4","1","","","N","05","2","00","3","0","2","3","2","N","N","40 02:05.742","75 04:09.877","0106","","0106","","0","","N","","3 ","","","","","","","","","","2","2","0","0","0","0","0","0","0","1","1","0","2","0","0","0","0","0","0","1","0","0","0","0","0","0","0","0","0","0","0","0","0","0","0","2","0","40.035","-75.0694","","CRASH_2001_Philadelphia"
"2002031525","06","67","67301","67301","2001","09","7","1414","14","1","1","0","4","1","","","N","01","2","00","3","0","3","5","4","N","N","39 57:45.117","75 14:41.064","1443","","1439","","0","","N","","3 ","","","","","","","","","","4","4","0","0","0","0","0","0","0","0","0","3","3","0","0","0","0","0","0","0","0","0","0","1","0","0","0","0","0","0","0","0","0","0","0","4","0","39.9624","-75.2448","","CRASH_2001_Philadelphia"
"2002035211","06","67","67301","67301","2001","11","1","0230","02","3","1","0","5","1","","","N","00","0","00","3","0","0","2","2","N","N","39 55:47.269","75 11:52.121","0235","","0230","","0","","N","","0 ","","","","","","","","","","2","2","0","0","0","0","0","0","0","0","0","0","0","0","0","0","0","0","0","0","0","0","0","0","0","0","0","0","0","0","0","0","0","0","0","0","0","39.9294","-75.1976","","CRASH_2001_Philadelphia"
"2003030466","06","67","67301","46104","2001","07","7","1450","14","1","1","0","1","1","","","N","00","0","00","3","0","2","6","3","N","N","40 00:18.360","75 13:05.880","1455","","1450","","0","","N","","0 ","","","","","","","","","","3","3","0","0","0","0","0","0","0","0","0","2","2","0","0","0","0","0","0","0","0","0","0","0","0","0","0","0","0","0","0","0","0","0","0","4","0","40.0051","-75.2182","","CRASH_2001_Philadelphia"
"2002028260","06","67","67301","67301","2001","09","3","1539","15","1","1","0","4","1","","","N","01","2","00","3","0","1","5","2","N","N","39 59:30.755","75 08:18.264","1547","","1540","3","1","4","N","","3 ","Y","","","","","","","","","2","1","0","0","0","1","0","0","0","0","1","0","1","0","0","0","0","0","0","0","0","0","0","0","0","0","0","0","0","0","0","0","0","0","0","3","0","39.9919","-75.1384","","CRASH_2001_Philadelphia"
"2002029471","06","67","67301","67301","2001","07","4","1354","13","1","1","0","7","4","","","N","00","2","00","3","0","2","2","1","N","N","40 04:03.066","75 00:30.220","1356","","1354","","0","","N","","9 ","","","","","","","","","","1","1","0","0","0","0","0","0","0","0","1","1","2","0","0","0","0","1","0","0","0","0","0","2","0","0","0","0","0","0","0","0","0","0","0","3","0","40.0676","-75.0087","","CRASH_2001_Philadelphia"
"2002035738","06","67","67301","67301","2001","10","5","1840","18","3","1","0","1","1","","","N","02","2","00","3","0","0","2","2","N","N","40 05:27.718","75 01:57.979","1850","","1845","","0","","N","","3 ","","","","","","","","","","2","2","0","0","0","0","0","0","0","0","0","0","0","0","1","0","1","0","0","0","0","0","0","0","0","0","0","0","0","0","0","0","0","0","0","9","0","40.091","-75.0327","","CRASH_2001_Philadelphia"
"2001243711","06","67","67301","67301","2001","05","6","9999","99","1","1","0","1","1","","","N","00","0","00","3","0","2","4","4","N","N","39 57:19.800","75 10:48.360","9999","","9999","","0","","N","","0 ","","","","","","","","","","4","3","0","0","0","0","1","0","0","0","0","2","2","0","0","0","0","0","0","0","2","0","0","0","0","0","0","0","0","0","0","0","0","0","0","4","0","39.9555","-75.1801","","CRASH_2001_Philadelphia"
"2002010563","06","67","67301","67301","2001","06","7","1305","13","1","1","0","4","1","","","N","01","2","00","3","0","2","2","2","N","N","39 58:42.892","75 06:53.104","1308","","1305","","0","","N","","3 ","","","","","","","","","","2","2","0","0","0","0","0","0","0","0","1","1","2","0","0","0","0","0","0","0","0","0","0","0","0","0","0","0","0","0","0","0","0","0","0","3","0","39.9785","-75.1147","","CRASH_2001_Philadelphia"
"2002016729","06","67","67301","67301","2001","07","6","1835","18","1","1","0","1","1","","","N","01","2","00","3","0","1","4","3","N","N","39 54:14.000","75 14:24.000","1240","","1235","","0","","N","","3 ","","","","","","","","","","3","2","0","0","0","1","0","0","0","0","1","0","1","0","0","0","0","0","0","0","0","0","0","0","0","0","0","0","0","0","0","0","0","0","0","3","1","39.904","-75.2401","","CRASH_2001_Philadelphia"
"2002035095","06","67","67301","67301","2001","11","7","0033","00","3","1","0","1","1","","","N","01","2","00","3","0","1","2","2","N","N","40 03:50.638","75 14:22.336","0035","","0035","","0","","N","","3 ","","","","","","","","","","2","2","0","0","0","0","0","0","0","0","0","1","1","0","0","0","0","0","0","0","0","0","0","2","0","0","0","0","0","0","0","0","0","0","0","4","0","40.0647","-75.2397","","CRASH_2001_Philadelphia"