"CRN","DISTRICT","COUNTY","MUNICIPALITY","POLICE_AGCY","CRASH_YEAR","CRASH_MONTH","DAY_OF_WEEK","TIME_OF_DAY","HOUR_OF_DAY","ILLUMINATION","WEATHER","ROAD_CONDITION","COLLISION_TYPE","RELATION_TO_ROAD","WORK_ZONE_TYPE","WORK_ZONE_LOC","WORK_ZONE_IND","INTERSECT_TYPE","TCD_TYPE","LOCATION_TYPE","URBAN_RURAL","FATAL_COUNT","INJURY_COUNT","PERSON_COUNT","TOTAL_UNITS","SCH_BUS_IND","SCH_ZONE_IND","LATITUDE","LONGITUDE","ARRIVAL_TM","CONS_ZONE_SPD_LIM","DISPATCH_TM","EST_HRS_CLOSED","LANE_CLOSED","LN_CLOSE_DIR","NTFY_HIWY_MAINT","SPEC_JURIS_CD","TCD_FUNC_CD","TFC_DETOUR_IND","WORKERS_PRES","WZ_CLOSE_DETOUR","WZ_FLAGGER","WZ_LAW_OFFCR_IND","WZ_LN_CLOSURE","WZ_MOVING","WZ_OTHER","WZ_SHLDER_MDN","VEHICLE_COUNT","AUTOMOBILE_COUNT","MOTORCYCLE_COUNT","BUS_COUNT","SMALL_TRUCK_COUNT","HEAVY_TRUCK_COUNT","SUV_COUNT","VAN_COUNT","BICYCLE_COUNT","MAJ_INJ_COUNT","MOD_INJ_COUNT","MIN_INJ_COUNT","TOT_INJ_COUNT","UNK_INJ_DEG_COUNT","UNK_INJ_PER_COUNT","DRIVER_COUNT_16YR","DRIVER_COUNT_17YR","DRIVER_COUNT_18YR","DRIVER_COUNT_19YR","DRIVER_COUNT_20YR","DRIVER_COUNT_50_64YR","DRIVER_COUNT_65_74YR","DRIVER_COUNT_75PLUS","UNBELTED_OCC_COUNT","UNB_DEATH_COUNT","UNB_MAJ_INJ_COUNT","BELTED_DEATH_COUNT","BELTED_MAJ_INJ_COUNT","MCYCLE_DEATH_COUNT","MCYCLE_MAJ_INJ_COUNT","BICYCLE_DEATH_COUNT","BICYCLE_MAJ_INJ_COUNT","PED_COUNT","PED_DEATH_COUNT","PED_MAJ_INJ_COUNT","MAX_SEVERITY_LEVEL","COMM_VEH_COUNT","DEC_LAT","DEC_LONG","RDWY_SURF_TYPE_CD","COUNTY_YEAR"
"2002037392","06","67","67301","67301","2001","11","6","2035","20","3","1","0","1","1","","","N","01","2","00","3","0","1","3","2","N","N","40 00:39.640","75 05:19.304","2040","","2035","","0","","N","","3 ","","","","","","","","","","2","1","0","0","1","0","0","0","0","0","0","1","1","0","0","0","0","0","0","0","0","0","0","0","0","0","0","0","0","0","0","0","0","0","0","4","0","40.0109","-75.0887","","CRASH_2001_Philadelphia"
"2002040144","06","67","67301","67301","2001","12","5","1750","17","3","2","1","1","1","","","N","00","2","00","3","0","1","2","2","N","N","40 02:44.879","75 13:03.673","1759","","1756","","0","","N","","3 ","","","","","","","","","","2","2","0","0","0","0","0","0","0","0","1","0","1","0","0","0","0","0","0","0","1","0","0","0","0","0","0","0","0","0","0","0","0","0","0","3","0","40.0461","-75.2177","","CRASH_2001_Philadelphia"
"2002041954","06","67","67301","67301","2001","12","4","2110","21","3","5","1","4","1","","","N","01","2","00","3","0","0","3","3","N","N","39 58:54.939","75 14:21.094","2120","","2120","","0","","N","","3 ","","","","","","","","","","3","2","0","0","0","1","0","0","0","0","0","0","0","0","1","0","0","0","0","0","0","0","0","0","0","0","0","0","0","0","0","0","0","0","0","9","1","39.9819","-75.239","","CRASH_2001_Philadelphia"
"2002003993","06","67","67301","67301","2001","12","5","0331","03","2","1","0","7","2","","","N","00","0","00","3","0","1","1","1","N","N","39 58:31.080","75 11:39.840","0333","","0331","","0","","Y","","0 ","","","","","","","","","","1","1","0","0","0","0","0","0","0","0","0","1","1","0","0","0","1","0","0","0","0","0","0","0","0","0","0","0","0","0","0","0","0","0","0","4","0","39.9753","-75.1944","","CRASH_2001_Philadelphia"
"2002012746","06","67","67301","67301","2001","07","3","0445","04","3","1","0","5","1","","","N","00","0","00","3","0","0","1","3","N","N","","","0457","","0455","","0","","N","","0 ","","","","","","","","","","3","2","0","0","1","0","0","0","0","0","0","0","0","0","0","0","0","0","0","0","0","0","0","0","0","0","0","0","0","0","0","0","0","0","0","0","0","","","","CRASH_2001_Philadelphia"
"2001240217","06","67","67301","67301","2001","04","7","1510","15","1","1","0","1","1","","","N","01","2","00","3","0","1","4","2","N","N","40 04:36.480","75 01:58.800","9999","","9999","","0","","N","","3 ","","","","","","","","","","2","2","0","0","0","0","0","0","0","0","0","1","1","0","0","0","0","0","0","0","0","0","0","0","0","0","0","0","0","0","0","0","0","0","0","4","0","40.0768","-75.033","","CRASH_2001_Philadelphia"
"2001249419","06","67","67301","67301","2001","05","3","2150","21","3","2","0","4","1","","","N","01","3","00","3","0","0","2","2","N","N","","","9999","","9999","","0","","N","","3 ","","","","","","","","","","2","2","0","0","0","0","0","0","0","0","0","0","0","0","0","0","1","0","0","0","0","0","0","0","0","0","0","0","0","0","0","0","0","0","0","0","0","","","","CRASH_2001_Philadelphia"
"2001288535","06","67","67301","","2001","10","6","2000","20","9","1","0","4","1","","","N","01","0","00","3","0","2","2","2","N","N","40 02:20.942","75 06:36.006","9999","","9999","","0","","N","","0 ","","","","","","","","","","2","0","0","0","0","0","0","0","0","0","0","2","2","0","0","0","0","0","0","0","0","0","0","0","0","0","0","0","0","0","0","0","0","0","0","4","0","40.0392","-75.11","","CRASH_2001_Philadelphia"
"2001238204","06","67","67301","67301","2001","04","5","1725","17","1","1","0","8","1","","","N","01","2","00","3","0","1","2","2","N","N","40 01:31.440","75 10:03.360","9999","","9999","","0","","N","","3 ","","","","","","","","","","1","0","0","0","0","0","0","0","0","0","0","1","1","0","0","0","0","0","0","0","0","0","0","0","0","0","0","0","0","0","0","0","1","0","0","4","0","40.0254","-75.1676","","CRASH_2001_Philadelphia"
"2001238900","06","67","67301","67301","2001","04","1","1525","15","1","1","0","8","1","","","N","01","3","00","3","0","1","2","2","N","N","","","9999","","9999","","0","","N","","3 ","","","","","","","","","","1","1","0","0","0","0","0","0","0","0","0","1","1","0","0","0","0","0","0","0","1","0","0","0","0","0","0","0","0","0","0","0","1","0","0","4","0","","","","CRASH_2001_Philadelphia"
"2001240883","06","67","67301","67301","2001","04","2","0510","05","1","1","0","8","1","","","N","00","0","00","3","0","1","2","2","N","N","39 57:25.200","75 11:57.840","9999","","9999","","0","","N","","0 ","","","","","","","","","","1","1","0","0","0","0","0","0","0","0","0","0","0","0","1","0","0","0","0","0","0","0","0","0","0","0","0","0","0","0","0","0","1","0","0","9","0","39.9569","-75.1994","","CRASH_2001_Philadelphia"
"2001243449","06","67","67301","67301","2001","05","4","0029","00","3","1","0","1","1","","","N","06","0","02","3","0","2","3","2","N","N","39 58:33.960","75 11:44.160","9999","","9999","","0","","N","","0 ","","","","","","","","","","2","1","0","0","1","0","0","0","0","0","0","2","2","0","0","0","0","0","0","0","0","0","0","0","0","0","0","0","0","0","0","0","0","0","0","4","0","39.9761","-75.1956","","CRASH_2001_Philadelphia"
"2001244909","06","67","67301","67301","2001","05","3","0800","08","5","1","0","5","1","","","N","02","0","00","3","0","0","2","2","N","N","39 55:14.880","75 13:56.280","9999","","9999","","0","","N","","0 ","","","","","","","","","","2","2","0","0","0","0","0","0","0","0","0","0","0","0","0","0","0","0","0","0","0","0","0","2","0","0","0","0","0","0","0","0","0","0","0","0","0","39.9209","-75.2322","","CRASH_2001_Philadelphia"
"2002010557","06","67","67301","67301","2001","07","2","0703","07","1","1","0","1","7","","","N","06","0","02","3","0","1","2","2","N","N","39 56:42.720","75 11:24.720","0710","","0703","","0","","N","","0 ","","","","","","","","","","2","1","0","0","0","1","0","0","0","0","1","0","1","0","0","0","0","0","0","0","1","0","0","0","0","0","0","0","0","0","0","0","0","0","0","3","1","39.9452","-75.1902","","CRASH_2001_Philadelphia"
"2002013094","06","67","67301","67301","2001","07","4","2045","20","6","1","0","4","1","","","N","02","0","00","3","0","1","3","2","N","N","","","2100","","2053","","0","","N","","0 ","","","","","","","","","","1","1","0","0","0","0","0","0","1","0","0","1","1","0","0","0","0","0","0","0","0","0","0","0","0","0","0","0","0","0","0","0","0","0","0","4","0","","","","CRASH_2001_Philadelphia"
"2002016698","06","67","67301","67301","2001","07","4","0850","08","1","1","0","1","1","","","N","00","0","00","3","0","1","4","3","N","N","39 57:18.000","75 11:47.760","0910","","0855","","0","","N","","0 ","","","","","","","","","","3","3","0","0","0","0","0","0","0","0","0","1","1","0","0","0","0","0","0","0","0","0","0","0","0","0","0","0","0","0","0","0","0","0","0","4","0","39.9549","-75.1966","","CRASH_2001_Philadelphia"
"2001248740","06","67","67301","67301","2001","05","1","1657","16","1","9","0","4","1","","","N","01","3","00","3","0","1","2","2","N","N","","","9999","","9999","","0","","N","","3 ","","","","","","","","","","2","2","0","0","0","0","0","0","0","0","0","0","0","0","1","0","0","0","0","0","0","0","0","0","0","0","0","0","0","0","0","0","0","0","0","9","0","","","","CRASH_2001_Philadelphia"
"2001244682","06","67","67301","67301","2001","04","7","0235","02","3","1","0","7","1","","","N","00","0","03","3","0","6","6","1","N","N","39 53:15.720","75 12:14.760","9999","","9999","","0","","N","","0 ","","","","","","","","","","1","1","0","0","0","0","0","0","0","3","3","0","6","0","0","0","0","0","0","0","0","0","0","0","0","0","0","0","0","0","0","0","0","0","0","2","0","39.8888","-75.2026","","CRASH_2001_Philadelphia"
"2002012669","06","67","67301","67301","2001","07","7","1956","19","1","1","0","4","1","","","N","01","2","00","3","0","0","4","2","N","N","40 00:36.445","75 07:17.364","2005","","2000","","0","","N","","3 ","","","","","","","","","","2","2","0","0","0","0","0","0","0","0","0","0","0","0","4","0","0","0","0","0","0","0","0","0","0","0","0","0","0","0","0","0","0","0","0","9","0","40.0101","-75.1214","","CRASH_2001_Philadelphia"
"2002012154","06","67","67301","67301","2001","07","6","1850","18","1","1","0","4","1","","","N","01","2","00","3","0","1","2","2","N","N","39 58:46.220","75 13:31.607","1855","","1853","1","1","2","N","","3 ","Y","","","","","","","","","2","2","0","0","0","0","0","0","0","0","1","0","1","0","0","0","0","0","0","0","0","0","0","0","0","0","0","0","0","0","0","0","0","0","0","3","0","39.9794","-75.2254","","CRASH_2001_Philadelphia"
"2002018899","06","67","67301","67301","2001","07","6","1735","17","1","1","0","4","1","","","N","01","0","00","3","0","0","4","2","N","N","40 03:08.263","75 00:28.627","1755","","1744","","0","","N","","0 ","","","","","","","","","","2","2","0","0","0","0","0","0","0","0","0","0","0","0","4","0","0","0","0","0","0","0","0","0","0","0","0","0","0","0","0","0","0","0","0","9","0","40.0524","-75.0079","","CRASH_2001_Philadelphia"
"2002025018","06","67","67301","67301","2001","08","4","1320","13","1","1","0","1","1","","","N","00","2","07","3","0","4","5","3","N","N","40 02:11.000","75 10:25.000","1325","","1320","","0","","N","","3 ","","","","","","","","","","3","3","0","0","0","0","0","0","0","0","0","4","4","0","0","0","0","0","0","1","0","0","1","1","0","0","0","0","0","0","0","0","0","0","0","4","0","40.0364","-75.1736","","CRASH_2001_Philadelphia"
"2002025025","06","67","67301","67301","2001","08","3","1930","19","3","1","0","1","1","","","N","01","2","00","3","0","2","3","2","N","N","39 57:30.600","75 12:46.800","1935","","1930","","0","","N","","3 ","","","","","","","","","","2","2","0","0","0","0","0","0","0","0","0","2","2","0","0","0","0","0","0","1","0","0","0","3","0","0","0","0","0","0","0","0","0","0","0","4","0","39.9585","-75.213","","CRASH_2001_Philadelphia"
"2001401248","06","67","67301","67301","2001","12","7","1950","19","3","2","1","8","1","","","N","01","2","00","3","1","0","2","2","N","N","40 02:20.760","75 06:36.360","9999","","9999","","0","","N","9","3 ","","","","","","","","","","1","0","0","0","0","0","0","0","0","0","0","0","0","0","0","0","0","0","0","0","0","0","0","0","0","0","0","0","0","0","0","0","1","1","0","1","0","40.0392","-75.11","1 ","CRASH_2001_Philadelphia"
"2002023259","06","67","67301","46104","2001","08","4","1548","15","1","1","0","4","1","","","N","01","3","00","3","0","0","2","2","N","N","39 59:53.234","75 14:00.149","1550","","1548","","0","","N","","3 ","","","","","","","","","","2","2","0","0","0","0","0","0","0","0","0","0","0","0","0","0","0","0","0","0","0","0","0","0","0","0","0","0","0","0","0","0","0","0","0","0","0","39.9981","-75.2332","","CRASH_2001_Philadelphia"
"2002018186","06","67","67301","67301","2001","08","6","0230","02","3","1","0","8","1","","","N","00","0","00","3","0","1","2","2","N","N","40 01:40.440","75 02:19.680","0248","","0243","","0","","N","","0 ","","","","","","","","","","1","0","0","1","0","0","0","0","0","0","0","1","1","0","0","0","0","0","0","0","0","0","0","0","0","0","0","0","0","0","0","0","1","0","0","4","1","40.0255","-75.0319","","CRASH_2001_Philadelphia"
"2001240044","06","67","67301","67301","2001","04","4","1550","15","1","1","0","1","1","","","N","03","8","00","3","0","0","2","2","N","N","40 01:11.640","75 11:30.120","9999","","9999","","0","","N","","3 ","","","","","","","","","","2","1","0","0","1","0","0","0","0","0","0","0","0","0","0","0","0","0","0","0","1","0","0","0","0","0","0","0","0","0","0","0","0","0","0","0","0","40.0199","-75.1916","","CRASH_2001_Philadelphia"
"2001244865","06","67","67301","67301","2001","05","4","1719","17","1","1","0","5","1","","","N","01","2","00","3","0","2","4","3","N","N","39 57:03.240","75 09:07.560","9999","","9999","","0","","N","","3 ","","","","","","","","","","3","2","0","0","0","0","0","0","0","0","0","2","2","0","0","0","0","0","0","0","0","0","0","0","0","0","0","0","0","0","0","0","0","0","0","4","0","39.951","-75.152","","CRASH_2001_Philadelphia"
"2001267406","06","67","67301","67301","2001","08","1","1510","15","1","2","1","5","1","","","N","00","0","00","3","0","0","4","2","N","N","","","9999","","9999","","0","","N","","0 ","","","","","","","","","","2","2","0","0","0","0","0","0","0","0","0","0","0","0","0","0","0","1","0","0","0","0","0","0","0","0","0","0","0","0","0","0","0","0","0","0","0","","","","CRASH_2001_Philadelphia"
"2002016525","06","67","67301","67301","2001","07","5","1609","16","1","1","0","1","1","","","N","01","2","00","3","0","1","4","4","N","N","40 02:16.000","75 13:20.500","1615","","1610","","0","","N","","3 ","","","","","","","","","","4","4","0","0","0","0","0","0","0","0","0","1","1","0","0","0","0","0","1","1","1","0","0","0","0","0","0","0","0","0","0","0","0","0","0","4","0","40.038","-75.2227","","CRASH_2001_Philadelphia"
"2002017192","06","67","67301","67301","2001","08","5","1454","14","1","1","0","1","1","","","N","00","0","00","3","0","1","4","3","N","N","","","1459","","1454","","0","","N","","0 ","","","","","","","","","","3","2","0","0","1","0","0","0","0","1","0","0","1","0","0","0","0","0","1","0","1","0","0","4","0","1","0","0","0","0","0","0","0","0","0","2","0","","","","CRASH_2001_Philadelphia"
"2001265948","06","67","67301","67301","2001","05","5","1908","19","1","1","0","4","1","","","N","01","3","00","3","0","1","2","2","N","N","39 58:57.522","75 09:51.872","9999","","9999","","0","","N","","3 ","","","","","","","","","","2","2","0","0","0","0","0","0","0","0","0","1","1","0","0","0","0","0","1","0","0","0","0","1","0","0","0","0","0","0","0","0","0","0","0","4","0","39.9826","-75.1644","","CRASH_2001_Philadelphia"
"2002041684","06","67","67301","67301","2001","12","3","2350","23","2","1","0","6","1","","","N","03","2","00","3","0","2","2","4","N","N","","","0002","","2359","","0","","N","","3 ","","","","","","","","","","4","3","0","0","1","0","0","0","0","0","1","1","2","0","0","0","0","0","0","0","0","0","0","0","0","0","0","0","0","0","0","0","0","0","0","3","0","","","","CRASH_2001_Philadelphia"
"2002016795","06","67","67301","67301","2001","07","2","0030","00","3","1","0","4","1","","","N","01","2","00","3","0","2","2","2","N","N","40 01:31.553","75 07:24.861","0045","","0041","","0","","N","","3 ","","","","","","","","","","2","2","0","0","0","0","0","0","0","0","0","2","2","0","0","0","0","0","0","0","0","0","0","0","0","0","0","0","0","0","0","0","0","0","0","4","0","40.0255","-75.1235","","CRASH_2001_Philadelphia"
"2002017855","06","67","67301","67301","2001","07","2","1800","18","1","1","0","4","1","","","N","01","3","00","3","0","1","2","2","N","N","40 02:53.000","75 09:54.000","0806","","0801","","0","","N","","3 ","","","","","","","","","","2","2","0","0","0","0","0","0","0","0","0","1","1","0","0","0","0","0","0","0","1","0","0","0","0","0","0","0","0","0","0","0","0","0","0","4","0","40.0481","-75.165","","CRASH_2001_Philadelphia"
"2002018900","06","67","67301","67301","2001","08","4","2104","21","2","1","0","1","2","","","N","00","0","00","3","0","1","1","2","N","N","40 02:32.165","75 00:03.404","2110","","2107","","0","","N","","0 ","","","","","","","","","","2","1","0","0","0","1","0","0","0","0","0","1","1","0","0","0","0","0","0","0","1","0","0","0","0","0","0","0","0","0","0","0","0","0","0","4","1","40.0423","-75.0009","","CRASH_2001_Philadelphia"
"2002034820","06","67","67301","67301","2001","11","7","2300","23","3","1","0","8","1","","","N","01","3","00","3","0","1","2","2","N","N","","","2312","","2308","","0","","N","","9 ","","","","","","","","","","1","1","0","0","0","0","0","0","0","0","0","1","1","0","1","0","0","0","0","0","0","0","0","0","0","0","0","0","0","0","0","0","1","0","0","4","0","","","","CRASH_2001_Philadelphia"
"2002038860","06","67","67301","67301","2001","07","7","1900","19","1","1","0","1","1","","","N","01","2","00","3","0","0","2","2","N","N","","","9999","","1920","","0","","N","","3 ","","","","","","","","","","2","2","0","0","0","0","0","0","0","0","0","0","0","0","0","0","0","0","0","0","0","0","0","0","0","0","0","0","0","0","0","0","0","0","0","0","0","","","","CRASH_2001_Philadelphia"
"2002012656","06","67","67301","67301","2001","07","4","1230","12","1","1","0","4","1","","","N","00","0","00","3","0","1","2","2","N","N","39 59:45.239","75 06:52.213","1245","","1238","","0","","N","","0 ","","","","","","","","","","2","0","1","0","1","0","0","0","0","0","1","0","1","0","0","0","0","0","0","0","0","0","0","0","0","0","0","0","0","0","0","0","0","0","0","3","0","39.9959","-75.1145","","CRASH_2001_Philadelphia"
"2002027895","06","67","67301","67301","2001","09","5","1640","16","1","2","1","7","4","","","N","00","0","00","3","0","0","1","1","N","N","40 04:49.111","75 02:31.186","1645","","1640","","0","","N","","0 ","","","","","","","","","","1","1","0","0","0","0","0","0","0","0","0","0","0","0","0","0","0","0","0","0","0","0","0","0","0","0","0","0","0","0","0","0","0","0","0","0","0","40.0805","-75.0419","","CRASH_2001_Philadelphia"
"2002028089","06","67","67301","67301","2001","09","1","0046","00","3","1","0","7","4","","","N","01","2","07","3","0","1","1","1","N","N","39 59:29.109","75 08:05.822","0046","","0044","","0","","N","","3 ","","","","","","","","","","1","1","0","0","0","0","0","0","0","0","0","1","1","0","0","0","0","1","0","0","0","0","0","1","0","0","0","0","0","0","0","0","0","0","0","4","0","39.9914","-75.1349","","CRASH_2001_Philadelphia"
"2002032516","06","67","67301","67301","2001","10","6","1825","18","4","1","0","1","1","","","N","02","0","00","3","0","1","3","2","N","N","40 03:07.642","75 05:11.883","1835","","1830","","0","","N","","0 ","","","","","","","","","","2","2","0","0","0","0","0","0","0","0","0","1","1","0","0","0","0","0","0","0","0","0","0","0","0","0","0","0","0","0","0","0","0","0","0","4","0","40.0521","-75.0866","","CRASH_2001_Philadelphia"
"2002040165","06","67","67301","67301","2001","12","7","1526","15","1","2","1","1","1","","","N","02","2","00","3","0","0","2","2","N","N","40 06:16.980","75 00:04.652","1534","","1527","","0","","N","","3 ","","","","","","","","","","2","2","0","0","0","0","0","0","0","0","0","0","0","0","0","0","0","0","0","0","0","0","0","0","0","0","0","0","0","0","0","0","0","0","0","0","0","40.1047","-75.0015","","CRASH_2001_Philadelphia"
"2002046299","06","67","67301","67301","2001","08","5","1915","19","1","2","1","7","2","","","N","00","0","02","3","0","1","1","1","N","N","39 54:38.520","75 08:56.400","1920","","1915","","0","","N","","0 ","","","","","","","","","","1","1","0","0","0","0","0","0","0","1","0","0","1","0","0","0","0","0","0","0","0","0","0","0","0","0","0","0","0","0","0","0","0","0","0","2","0","39.9115","-75.1484","","CRASH_2001_Philadelphia"
"2002031193","06","67","67301","67301","2001","09","7","2114","21","3","1","0","8","1","","","N","01","2","00","3","0","1","2","2","N","N","39 56:02.640","75 10:02.964","2145","","2130","","0","","N","","3 ","","","","","","","","","","1","1","0","0","0","0","0","0","0","0","1","0","1","0","1","0","0","0","0","0","0","0","0","0","0","0","0","0","0","0","0","0","1","0","0","3","0","39.9342","-75.1675","","CRASH_2001_Philadelphia"
"2002031464","06","67","67301","67301","2001","09","7","0050","00","3","1","1","7","5","","","N","00","0","00","3","0","1","1","1","N","N","40 02:35.044","75 11:36.665","0110","","0103","","0","","N","","0 ","","","","","","","","","","1","1","0","0","0","0","0","0","0","0","1","0","1","0","0","0","0","0","0","0","1","0","0","0","0","0","0","0","0","0","0","0","0","0","0","3","0","40.0431","-75.1936","","CRASH_2001_Philadelphia"
"2002036833","06","67","67301","67301","2001","11","6","0930","09","1","1","1","1","1","","","N","00","2","00","3","0","1","3","2","N","N","40 01:46.732","75 05:21.671","0940","","0935","","0","","N","","3 ","","","","","","","","","","2","1","0","1","0","0","0","0","0","0","0","1","1","0","0","0","0","0","0","0","1","0","0","0","0","0","0","0","0","0","0","0","0","0","0","4","1","40.0294","-75.0897","","CRASH_2001_Philadelphia"
"2002043182","06","67","67301","67301","2001","12","5","1638","16","3","1","0","4","1","","","N","01","2","00","3","0","2","2","2","N","N","40 03:52.102","74 59:55.340","1639","","1639","","0","","N","","3 ","","","","","","","","","","2","1","0","0","1","0","0","0","0","0","2","0","2","0","0","0","0","1","0","0","0","0","0","1","0","0","0","0","0","0","0","0","0","0","0","3","0","40.0645","-74.999","","CRASH_2001_Philadelphia"
"2002039338","06","67","67301","67301","2001","11","1","2305","23","3","2","1","5","6","","","N","00","0","00","3","0","0","1","3","N","N","40 03:13.101","75 10:41.474","2359","","2353","","0","","N","","0 ","","","","","","","","","","3","3","0","0","0","0","0","0","0","0","0","0","0","0","1","0","0","0","0","0","0","0","0","0","0","0","0","0","0","0","0","0","0","0","0","9","0","40.0537","-75.1782","","CRASH_2001_Philadelphia"
"2002025073","06","67","67301","67301","2001","08","6","1915","19","1","1","0","4","1","","","N","00","0","07","3","0","2","3","2","N","N","40 01:16.956","75 08:55.125","1922","","1920","","0","","N","","0 ","","","","","","","","","","2","1","0","0","1","0","0","0","0","0","0","2","2","0","0","0","0","0","0","0","0","0","0","0","0","0","0","0","0","0","0","0","0","0","0","4","0","40.021","-75.1486","","CRASH_2001_Philadelphia"
"2002027237","06","67","67301","67301","2001","09","4","2041","20","3","1","0","2","1","","","N","01","2","00","3","0","2","2","2","N","N","39 56:49.559","75 08:46.898","2045","","2041","","0","","Y","","3 ","","","","","","","","","","2","2","0","0","0","0","0","0","0","0","0","2","2","0","0","0","0","0","0","0","0","0","0","0","0","0","0","0","0","0","0","0","0","0","0","4","0","39.9471","-75.1464","","CRASH_2001_Philadelphia"
"2002045864","06","67","67301","67301","2001","06","6","1205","12","1","1","0","5","1","","","N","10","0","00","3","0","0","2","2","N","N","40 02:32.062","75 13:34.554","1220","","1210","","0","","N","","0 ","","","","","","","","","","2","0","0","0","2","0","0","0","0","0","0","0","0","0","0","0","0","0","0","0","1","0","0","1","0","0","0","0","0","0","0","0","0","0","0","0","1","40.0421","-75.226","","CRASH_2001_Philadelphia"
"2002038315","06","67","67301","67301","2001","12","2","1155","11","1","1","0","1","1","","","N","00","0","00","3","0","1","3","2","N","N","39 56:52.292","75 13:39.475","1200","","1155","","0","","N","","0 ","","","","","","","","","","1","0","0","0","1","0","0","0","0","0","0","1","1","0","0","0","0","0","0","0","1","0","0","0","0","0","0","0","0","0","0","0","0","0","0","4","0","39.9478","-75.2276","","CRASH_2001_Philadelphia"
"2002045938","06","67","67301","67301","2001","10","6","2145","21","3","1","0","4","1","","","N","01","2","00","3","0","2","3","3","N","N","40 01:41.103","75 06:35.751","2206","","2145","","0","","N","","3 ","","","","","","","","","","3","3","0","0","0","0","0","0","0","0","0","2","2","0","0","0","0","0","0","0","0","0","0","0","0","0","0","0","0","0","0","0","0","0","0","4","0","40.0276","-75.1101","","CRASH_2001_Philadelphia"
"2001401363","06","67","67301","67301","2001","07","6","2240","22","3","1","0","8","1","","","N","00","0","00","3","1","0","3","2","N","N","40 00:30.600","75 05:54.240","9999","","9999","","0","","N","9","0 ","","","","","","","","","","1","1","0","0","0","0","0","0","0","0","0","0","0","0","0","0","0","0","0","0","0","0","0","0","0","0","0","0","0","0","0","0","1","1","0","1","0","40.0085","-75.0985","0 ","CRASH_2001_Philadelphia"
"2002031280","06","67","67301","67301","2001","09","7","2300","23","3","1","1","7","3","","","N","00","0","00","3","0","1","1","1","N","N","40 02:48.840","75 03:07.920","2337","","2335","","0","","Y","","0 ","","","","","","","","","","1","1","0","0","0","0","0","0","0","0","0","1","1","0","0","0","0","0","0","0","0","0","0","0","0","0","0","0","0","0","0","0","0","0","0","4","0","40.0468","-75.0521","","CRASH_2001_Philadelphia"
"2002046246","06","67","67301","67301","2001","11","3","1439","14","1","1","0","8","1","","","N","02","2","00","3","0","1","2","2","N","N","39 59:42.675","75 06:44.153","1440","","1440","","0","","N","","3 ","","","","","","","","","","1","0","0","0","1","0","0","0","0","0","1","0","1","0","0","0","0","0","0","0","0","0","0","0","0","0","0","0","0","0","0","0","1","0","0","3","0","39.9952","-75.1123","","CRASH_2001_Philadelphia"
"2002046772","06","67","67301","67301","2001","10","1","1053","10","1","1","0","5","1","","","N","00","0","00","3","0","1","2","2","N","N","39 57:38.002","75 13:46.670","1056","","1053","","0","","N","","0 ","","","","","","","","","","2","2","0","0","0","0","0","0","0","0","0","1","1","0","0","0","0","0","0","0","1","1","0","0","0","0","0","0","0","0","0","0","0","0","0","4","0","39.9605","-75.2296","","CRASH_2001_Philadelphia"
"2004080834","06","67","67301","67301","2001","03","7","0210","02","3","2","1","7","2","","","N","00","0","00","3","0","0","1","1","N","N","","","0220","","0215","","0","","N","","0 ","","","","","","","","","","1","1","0","0","0","0","0","0","0","0","0","0","0","0","0","0","0","0","0","0","0","0","0","0","0","0","0","0","0","0","0","0","0","0","0","0","0","","","","CRASH_2001_Philadelphia"
"2001283805","06","67","67301","67301","2001","03","7","2215","22","3","1","0","6","1","","","N","06","0","02","3","0","3","3","2","N","N","40 06:26.280","74 59:44.160","9999","","9999","","0","","N","","0 ","","","","","","","","","","2","1","0","0","0","0","1","0","0","0","0","1","1","0","2","0","0","0","0","0","0","0","0","0","0","0","0","0","0","0","0","0","0","0","0","4","0","40.1072","-74.9958","","CRASH_2001_Philadelphia"
"2002012722","06","67","67301","67301","2001","06","4","0523","05","5","1","0","4","1","","","N","01","2","00","3","0","3","3","2","N","N","39 57:21.709","75 13:03.548","0524","","0523","","0","","N","","3 ","","","","","","","","","","2","2","0","0","0","0","0","0","0","0","0","3","3","0","0","0","0","0","0","0","0","1","0","1","0","0","0","0","0","0","0","0","0","0","0","4","0","39.9575","-75.2173","","CRASH_2001_Philadelphia"
"2002014919","06","67","67301","67301","2001","05","2","1243","12","1","2","1","4","1","","","N","00","0","07","3","0","2","4","2","N","N","40 00:43.000","75 06:43.000","1245","","1243","","0","","N","","0 ","","","","","","","","","","2","2","0","0","0","0","0","0","0","0","0","2","2","0","0","0","0","0","0","0","0","0","0","4","0","0","0","0","0","0","0","0","0","0","0","4","0","40.0119","-75.1119","","CRASH_2001_Philadelphia"
"2002017150","06","67","67301","67301","2001","07","5","2100","21","3","1","0","1","1","","","N","01","2","00","3","0","1","3","2","N","N","39 58:07.060","75 12:40.810","2148","","2138","","0","","N","","3 ","","","","","","","","","","2","2","0","0","0","0","0","0","0","0","0","1","1","0","1","0","0","0","0","0","1","0","0","0","0","0","0","0","0","0","0","0","0","0","0","4","0","39.9687","-75.2113","","CRASH_2001_Philadelphia"