"CRN","DISTRICT","COUNTY","MUNICIPALITY","POLICE_AGCY","CRASH_YEAR","CRASH_MONTH","DAY_OF_WEEK","TIME_OF_DAY","HOUR_OF_DAY","ILLUMINATION","WEATHER","ROAD_CONDITION","COLLISION_TYPE","RELATION_TO_ROAD","WORK_ZONE_TYPE","WORK_ZONE_LOC","WORK_ZONE_IND","INTERSECT_TYPE","TCD_TYPE","LOCATION_TYPE","URBAN_RURAL","FATAL_COUNT","INJURY_COUNT","PERSON_COUNT","TOTAL_UNITS","SCH_BUS_IND","SCH_ZONE_IND","LATITUDE","LONGITUDE","ARRIVAL_TM","CONS_ZONE_SPD_LIM","DISPATCH_TM","EST_HRS_CLOSED","LANE_CLOSED","LN_CLOSE_DIR","NTFY_HIWY_MAINT","SPEC_JURIS_CD","TCD_FUNC_CD","TFC_DETOUR_IND","WORKERS_PRES","WZ_CLOSE_DETOUR","WZ_FLAGGER","WZ_LAW_OFFCR_IND","WZ_LN_CLOSURE","WZ_MOVING","WZ_OTHER","WZ_SHLDER_MDN","VEHICLE_COUNT","AUTOMOBILE_COUNT","MOTORCYCLE_COUNT","BUS_COUNT","SMALL_TRUCK_COUNT","HEAVY_TRUCK_COUNT","SUV_COUNT","VAN_COUNT","BICYCLE_COUNT","MAJ_INJ_COUNT","MOD_INJ_COUNT","MIN_INJ_COUNT","TOT_INJ_COUNT","UNK_INJ_DEG_COUNT","UNK_INJ_PER_COUNT","DRIVER_COUNT_16YR","DRIVER_COUNT_17YR","DRIVER_COUNT_18YR","DRIVER_COUNT_19YR","DRIVER_COUNT_20YR","DRIVER_COUNT_50_64YR","DRIVER_COUNT_65_74YR","DRIVER_COUNT_75PLUS","UNBELTED_OCC_COUNT","UNB_DEATH_COUNT","UNB_MAJ_INJ_COUNT","BELTED_DEATH_COUNT","BELTED_MAJ_INJ_COUNT","MCYCLE_DEATH_COUNT","MCYCLE_MAJ_INJ_COUNT","BICYCLE_DEATH_COUNT","BICYCLE_MAJ_INJ_COUNT","PED_COUNT","PED_DEATH_COUNT","PED_MAJ_INJ_COUNT","MAX_SEVERITY_LEVEL","COMM_VEH_COUNT","DEC_LAT","DEC_LONG","RDWY_SURF_TYPE_CD","COUNTY_YEAR"
"2002027600","06","67","67301","67301","2001","09","1","1225","12","1","1","0","7","2","","","N","00","0","99","3","0","2","2","1","N","N","39 59:58.920","75 11:13.920","1230","","1225","1","1","1","N","","0 ","N","","","","","","","","","1","1","0","0","0","0","0","0","0","0","0","2","2","0","0","0","0","1","0","0","0","0","0","0","0","0","0","0","0","0","0","0","0","0","0","4","0","39.9994","-75.1873","","CRASH_2001_Philadelphia"
"2002031573","06","67","67301","67301","2001","10","4","0556","05","4","1","0","1","1","","","N","00","0","00","3","0","1","1","2","N","N","40 02:25.184","75 06:57.920","0552","","0548","","0","","N","","0 ","","","","","","","","","","2","1","0","0","0","1","0","0","0","0","0","1","1","0","0","0","0","0","0","0","0","0","0","0","0","0","0","0","0","0","0","0","0","0","0","4","1","40.0403","-75.1161","","CRASH_2001_Philadelphia"
"2002034053","06","67","67301","67301","2001","09","6","1640","16","1","1","0","4","1","","","N","01","3","00","3","0","1","2","2","N","N","39 56:40.000","75 10:51.000","1644","","1644","","9","","N","","3 ","U","","","","","","","","","2","2","0","0","0","0","0","0","0","0","0","1","1","0","0","0","0","0","0","0","0","0","0","0","0","0","0","0","0","0","0","0","0","0","0","4","0","39.9444","-75.1808","","CRASH_2001_Philadelphia"
"2002034692","06","67","67301","67301","2001","11","7","1900","19","3","1","0","4","1","","","N","00","0","00","3","0","2","3","2","N","N","39 57:40.389","75 14:06.278","1901","","1900","","0","","Y","","0 ","","","","","","","","","","2","2","0","0","0","0","0","0","0","0","0","2","2","0","1","0","0","0","0","0","0","0","0","0","0","0","0","0","0","0","0","0","0","0","0","4","0","39.9612","-75.2351","","CRASH_2001_Philadelphia"
"2001252101","06","67","67301","67301","2001","06","1","0030","00","3","2","1","4","1","","","N","01","0","00","3","0","2","5","2","N","N","39 57:18.540","75 11:53.890","9999","","9999","","0","","N","","0 ","","","","","","","","","","2","2","0","0","0","0","0","0","0","0","0","2","2","0","0","0","1","0","0","0","0","0","0","0","0","0","0","0","0","0","0","0","0","0","0","4","0","39.9552","-75.1983","","CRASH_2001_Philadelphia"
"2002036064","06","67","67301","67301","2001","11","6","1755","17","3","1","0","4","1","","","N","01","2","00","3","0","3","3","2","N","N","39 59:05.583","75 09:23.298","1824","","1821","1","1","5","N","","3 ","N","","","","","","","","","2","2","0","0","0","0","0","0","0","1","1","1","3","0","0","0","0","0","0","0","0","0","0","3","0","1","0","0","0","0","0","0","0","0","0","2","0","39.9847","-75.1565","","CRASH_2001_Philadelphia"
"2002022849","06","67","67301","67301","2001","09","7","1025","10","1","1","0","8","4","","","N","01","2","00","3","0","1","2","2","N","N","39 59:40.233","75 09:33.848","1032","","1032","","0","","N","","3 ","","","","","","","","","","1","1","0","0","0","0","0","0","0","0","0","1","1","0","1","0","0","0","0","0","0","0","0","0","0","0","0","0","0","0","0","0","1","0","0","4","0","39.9945","-75.1593","","CRASH_2001_Philadelphia"
"2002023645","06","67","67301","67301","2001","08","5","0710","07","1","1","0","4","1","","","N","01","1","00","3","0","1","2","2","N","N","39 58:54.939","75 14:21.094","0725","","0720","","0","","N","","2 ","","","","","","","","","","2","2","0","0","0","0","0","0","0","0","1","0","1","0","0","0","0","0","0","0","1","0","0","0","0","0","0","0","0","0","0","0","0","0","0","3","0","39.9819","-75.239","","CRASH_2001_Philadelphia"
"2002042616","06","67","67301","67301","2001","12","2","1038","10","1","1","0","8","1","","","N","01","2","00","3","0","1","2","2","N","Y","39 58:40.561","75 09:06.257","1042","","1040","","0","","N","","3 ","","","","","","","","","","1","1","0","0","0","0","0","0","0","0","1","0","1","0","1","0","0","0","0","0","0","0","0","0","0","0","0","0","0","0","0","0","1","0","0","3","0","39.9779","-75.1526","","CRASH_2001_Philadelphia"
"2002043687","06","67","67301","67301","2001","11","5","1125","11","1","1","0","1","1","","","N","10","2","00","3","0","1","2","2","N","N","40 06:52.056","74 59:16.817","1135","","1129","","0","","N","","3 ","","","","","","","","","","2","1","0","0","1","0","0","0","0","0","0","1","1","0","0","0","0","0","0","0","1","0","1","0","0","0","0","0","0","0","0","0","0","0","0","4","0","40.1141","-74.9877","","CRASH_2001_Philadelphia"
"2002045913","06","67","67301","67301","2001","10","2","0840","08","1","1","1","4","1","","","N","05","2","00","3","0","2","3","2","N","N","40 03:05.712","75 09:00.640","0855","","0850","","0","","N","","3 ","","","","","","","","","","2","2","0","0","0","0","0","0","0","0","1","1","2","0","0","0","0","0","0","0","2","0","0","0","0","0","0","0","0","0","0","0","0","0","0","3","0","40.0515","-75.1501","","CRASH_2001_Philadelphia"
"2002048189","06","67","67301","67301","2001","07","2","1405","14","1","1","0","7","3","","","N","00","0","00","3","0","1","1","1","N","N","","","1430","","1420","3","1","1","N","","0 ","N","","","","","","","","","1","0","0","0","1","0","0","0","0","0","0","1","1","0","0","0","0","0","0","0","0","0","0","0","0","0","0","0","0","0","0","0","0","0","0","4","0","","","","CRASH_2001_Philadelphia"
"2002039468","06","67","67301","67301","2001","12","5","1128","11","1","1","0","1","1","","","N","01","2","00","3","0","1","2","2","N","N","40 01:45.120","75 10:28.560","1130","","1128","","0","","N","","3 ","","","","","","","","","","2","1","0","1","0","0","0","0","0","0","0","1","1","0","0","0","0","0","0","0","1","1","0","0","0","0","0","0","0","0","0","0","0","0","0","4","1","40.0292","-75.1745","","CRASH_2001_Philadelphia"
"2002043226","06","67","67301","67301","2001","12","6","0355","03","6","2","1","7","4","","","N","00","0","00","3","0","3","3","1","N","N","","","0410","","0400","","0","","Y","","0 ","","","","","","","","","","1","1","0","0","0","0","0","0","0","0","1","2","3","0","0","0","0","0","0","0","0","0","0","0","0","0","0","0","0","0","0","0","0","0","0","3","0","","","","CRASH_2001_Philadelphia"
"2005406253","06","67","67301","67301","2001","09","6","0840","08","1","1","0","5","1","","","N","00","0","00","3","0","0","1","2","N","N","","","0851","","0847","","0","","N","","0 ","","","","","","","","","","2","2","0","0","0","0","0","0","0","0","0","0","0","0","0","0","0","0","0","0","0","0","0","0","0","0","0","0","0","0","0","0","0","0","0","0","0","","","","CRASH_2001_Philadelphia"
"2001240249","06","67","67301","67301","2001","04","2","1630","16","1","1","0","7","5","","","N","00","0","07","3","0","1","1","1","N","N","","","9999","","9999","","0","","N","","0 ","","","","","","","","","","1","1","0","0","0","0","0","0","0","0","0","1","1","0","0","0","0","0","0","0","0","1","0","0","0","0","0","0","0","0","0","0","0","0","0","4","0","","","","CRASH_2001_Philadelphia"
"2001244744","06","67","67301","67301","2001","05","3","1910","19","1","1","0","4","1","","","N","00","0","07","3","0","1","2","2","N","N","","","9999","","9999","","0","","N","","0 ","","","","","","","","","","2","0","1","0","0","0","0","1","0","0","0","1","1","0","0","0","0","0","0","0","0","0","0","0","0","0","0","0","0","0","0","0","0","0","0","4","0","","","","CRASH_2001_Philadelphia"
"2002020703","06","67","67301","67301","2001","08","4","0540","05","3","1","0","7","5","","","N","00","0","00","3","0","1","1","1","N","N","40 03:44.752","74 59:42.141","0548","","0548","","0","","N","","0 ","","","","","","","","","","1","1","0","0","0","0","0","0","0","0","0","1","1","0","0","0","0","0","0","0","0","0","0","1","0","0","0","0","0","0","0","0","0","0","0","4","0","40.0624","-74.9953","","CRASH_2001_Philadelphia"
"2002033797","06","67","67301","67301","2001","10","7","2025","20","3","1","0","8","1","","","N","00","0","00","3","0","1","2","2","N","N","40 01:49.260","75 09:56.489","2031","","2025","","0","","N","","0 ","","","","","","","","","","1","1","0","0","0","0","0","0","0","0","0","1","1","0","0","0","0","0","0","0","0","0","0","0","0","0","0","0","0","0","0","0","1","0","0","4","0","40.0304","-75.1657","","CRASH_2001_Philadelphia"
"2002037361","06","67","67301","67301","2001","11","5","0730","07","3","7","0","7","5","","","N","02","0","00","3","0","2","2","1","N","N","40 06:16.980","75 00:04.652","0143","","0740","3","1","1","N","","0 ","N","","","","","","","","","1","1","0","0","0","0","0","0","0","2","0","0","2","0","0","0","0","0","0","0","0","0","0","2","0","2","0","0","0","0","0","0","0","0","0","2","0","40.1047","-75.0015","","CRASH_2001_Philadelphia"
"2002037362","06","67","67301","67301","2001","11","2","0313","03","3","1","0","2","1","","","N","01","2","00","3","0","2","4","2","N","N","","","0315","","0313","","0","","N","","3 ","","","","","","","","","","2","2","0","0","0","0","0","0","0","0","0","2","2","0","2","0","0","0","0","0","0","0","0","0","0","0","0","0","0","0","0","0","0","0","0","4","0","","","","CRASH_2001_Philadelphia"
"2002041461","06","67","67301","67301","2001","12","7","0717","07","1","1","0","1","1","","","N","00","0","03","3","0","1","2","2","N","N","39 53:31.701","75 13:27.597","0715","","0717","1","1","4","N","","0 ","N","","","","","","","","","2","2","0","0","0","0","0","0","0","0","0","1","1","0","0","0","0","0","0","0","0","0","0","0","0","0","0","0","0","0","0","0","0","0","0","4","0","39.8922","-75.2242","","CRASH_2001_Philadelphia"
"2002042789","06","67","67301","67301","2001","12","6","2002","20","3","1","0","6","1","","","N","01","2","00","3","0","0","2","2","N","N","40 03:05.398","75 11:38.701","2040","","2031","","0","","N","","3 ","","","","","","","","","","2","2","0","0","0","0","0","0","0","0","0","0","0","0","0","0","0","0","0","0","1","0","0","0","0","0","0","0","0","0","0","0","0","0","0","0","0","40.0517","-75.1941","","CRASH_2001_Philadelphia"
"2002046343","06","67","67301","67301","2001","10","4","0346","03","3","1","0","8","4","","","N","01","2","00","3","0","2","3","3","N","N","","","0340","","0340","","0","","N","","3 ","","","","","","","","","","1","1","0","0","0","0","0","0","0","0","1","1","2","0","0","0","0","0","0","1","0","0","0","0","0","0","0","0","0","0","0","0","2","0","0","3","0","","","","CRASH_2001_Philadelphia"
"2002027902","06","67","67301","67301","2001","09","4","0850","08","1","1","0","4","1","","","N","01","2","00","3","0","0","2","2","N","N","40 07:51.110","75 00:45.968","0905","","0855","","0","","N","","2 ","","","","","","","","","","2","2","0","0","0","0","0","0","0","0","0","0","0","0","0","0","0","0","0","0","0","0","0","0","0","0","0","0","0","0","0","0","0","0","0","0","0","40.1317","-75.0122","","CRASH_2001_Philadelphia"
"2002029740","06","67","67301","67301","2001","09","6","0859","08","1","2","1","8","3","","","N","01","2","00","3","0","1","2","2","N","N","39 56:54.446","75 09:26.348","0900","","0859","","0","","N","","3 ","","","","","","","","","","1","0","0","0","1","0","0","0","0","0","0","1","1","0","0","0","0","0","0","0","0","0","0","0","0","0","0","0","0","0","0","0","1","0","0","4","0","39.9485","-75.1573","","CRASH_2001_Philadelphia"
"2001287458","06","67","67301","","2001","01","2","1450","14","1","1","0","4","1","","","N","00","0","07","3","0","0","2","2","N","N","","","9999","","9999","","0","","N","","0 ","","","","","","","","","","2","1","0","0","0","0","0","1","0","0","0","0","0","0","0","0","0","0","0","0","0","0","1","0","0","0","0","0","0","0","0","0","0","0","0","0","0","","","","CRASH_2001_Philadelphia"
"2001287471","06","67","67301","","2001","01","4","2030","20","9","1","0","8","1","","","N","01","9","00","3","0","1","2","2","N","N","","","9999","","9999","","0","","N","","9 ","","","","","","","","","","1","1","0","0","0","0","0","0","0","0","1","0","1","0","0","0","0","0","0","0","0","0","0","0","0","0","0","0","0","0","0","0","1","0","0","3","0","","","","CRASH_2001_Philadelphia"
"2001266439","06","67","67301","67301","2001","07","5","0541","05","1","1","0","9","1","","","N","02","9","00","3","0","0","3","5","N","N","","","9999","","9999","","0","","N","","9 ","","","","","","","","","","5","1","0","0","0","0","0","0","0","0","0","0","0","0","0","1","0","0","0","0","0","0","0","0","0","0","0","0","0","0","0","0","0","0","0","0","0","","","","CRASH_2001_Philadelphia"
"2001238226","06","67","67301","67301","2001","04","7","1229","12","1","1","0","9","1","","","N","00","0","00","3","0","5","5","2","N","N","","","9999","","9999","","0","","N","","0 ","","","","","","","","","","2","1","0","0","0","0","0","0","0","0","0","5","5","0","0","0","0","0","0","0","1","0","0","0","0","0","0","0","0","0","0","0","0","0","0","4","0","","","","CRASH_2001_Philadelphia"
"2001244862","06","67","67301","67301","2001","05","5","0915","09","1","1","0","8","1","","","N","01","2","00","3","0","1","2","2","N","N","39 56:55.680","75 09:37.800","9999","","9999","","0","","N","","3 ","","","","","","","","","","1","1","0","0","0","0","0","0","0","0","0","1","1","0","0","0","0","0","0","0","0","0","0","0","0","0","0","0","0","0","0","0","1","0","0","4","0","39.9489","-75.1605","","CRASH_2001_Philadelphia"
"2002039365","06","67","67301","67301","2001","11","2","0910","09","1","1","0","4","1","","","N","03","0","00","3","0","1","2","2","N","N","","","0915","","0910","","0","","N","","0 ","","","","","","","","","","1","1","0","0","0","0","0","0","1","0","0","1","1","0","1","0","0","0","0","0","0","0","0","0","0","0","0","0","0","0","0","0","0","0","0","4","0","","","","CRASH_2001_Philadelphia"
"2002037678","06","67","67301","67301","2001","11","4","2129","21","3","1","0","4","1","","","N","01","2","00","3","0","0","3","2","N","N","39 57:21.140","75 11:29.294","2136","","2129","","0","","N","","3 ","","","","","","","","","","2","2","0","0","0","0","0","0","0","0","0","0","0","0","0","0","0","0","1","0","1","0","0","0","0","0","0","0","0","0","0","0","0","0","0","0","0","39.9558","-75.1915","","CRASH_2001_Philadelphia"
"2002039680","06","67","67301","67301","2001","12","1","0505","05","3","1","0","4","1","","","N","01","2","00","3","0","0","3","2","N","N","40 01:44.040","75 06:21.770","0550","","0540","","0","","N","","3 ","","","","","","","","","","2","0","0","0","2","0","0","0","0","0","0","0","0","0","0","0","0","0","0","0","1","0","0","0","0","0","0","0","0","0","0","0","0","0","0","0","0","40.0291","-75.1061","","CRASH_2001_Philadelphia"
"2002014967","06","67","67301","67301","2001","07","3","1730","17","1","2","1","1","1","1","3","Y","00","2","00","3","0","1","3","2","N","N","39 56:30.239","75 08:34.776","1735","99","1734","9","1","1","N","","3 ","N","N","","","U","Y","","","","2","1","0","0","0","1","0","0","0","0","0","1","1","0","0","0","0","0","0","0","1","0","0","0","0","0","0","0","0","0","0","0","0","0","0","4","1","39.9408","-75.1431","","CRASH_2001_Philadelphia"
"2002020431","06","67","67301","67301","2001","07","2","1700","17","1","1","0","4","1","","","N","02","0","00","3","0","1","2","2","N","N","","","1750","","1740","","0","","N","","0 ","","","","","","","","","","1","1","0","0","0","0","0","0","1","0","0","1","1","0","0","0","0","0","0","0","0","0","0","0","0","0","0","0","0","0","0","0","0","0","0","4","0","","","","CRASH_2001_Philadelphia"
"2002031277","06","67","67301","67301","2001","10","3","0744","07","1","1","0","4","1","","","N","01","2","00","3","0","1","2","3","N","N","39 56:12.000","75 13:46.000","0815","","0812","3","2","6","N","","3 ","Y","","","","","","","","","3","2","0","0","1","0","0","0","0","0","1","0","1","0","0","0","0","0","0","0","1","0","0","0","0","0","0","0","0","0","0","0","0","0","0","3","0","39.9367","-75.2294","","CRASH_2001_Philadelphia"
"2002037817","06","67","67301","67301","2001","11","1","0220","02","3","1","0","4","1","","","N","02","2","00","3","0","2","4","2","N","N","39 59:58.959","75 05:56.272","0227","","0022","","0","","N","","3 ","","","","","","","","","","2","2","0","0","0","0","0","0","0","0","0","2","2","0","1","0","0","0","0","0","0","0","0","0","0","0","0","0","0","0","0","0","0","0","0","4","0","39.9997","-75.099","","CRASH_2001_Philadelphia"
"2002038288","06","67","67301","67301","2001","12","2","0816","08","1","1","0","8","4","","","N","00","0","00","3","0","1","2","2","N","N","40 01:44.501","75 10:27.312","0816","","0816","","0","","N","","0 ","","","","","","","","","","1","1","0","0","0","0","0","0","0","1","0","0","1","0","0","0","0","0","0","0","0","0","0","0","0","0","0","0","0","0","0","0","1","0","1","2","0","40.029","-75.1742","","CRASH_2001_Philadelphia"
"2002042620","06","67","67301","67301","2001","12","5","1806","18","3","1","0","6","1","","","N","00","0","00","3","0","4","4","2","N","N","40 01:10.152","75 06:52.423","1812","","1809","","0","","N","","0 ","","","","","","","","","","2","2","0","0","0","0","0","0","0","0","0","4","4","0","0","0","0","0","0","1","0","0","0","1","0","0","0","0","0","0","0","0","0","0","0","4","0","40.0196","-75.1147","","CRASH_2001_Philadelphia"
"2002029598","06","67","67301","67301","2001","09","3","1800","18","1","1","0","8","1","","","N","00","0","00","3","0","1","2","2","N","Y","39 56:58.000","75 14:06.000","1800","","1800","","0","","N","","0 ","","","","","","","","","","1","1","0","0","0","0","0","0","0","0","0","1","1","0","0","0","0","0","0","0","0","0","0","0","0","0","0","0","0","0","0","0","1","0","0","4","0","39.9494","-75.235","","CRASH_2001_Philadelphia"
"2002037172","06","67","67301","67301","2001","11","2","0755","07","1","1","1","4","1","","","N","01","3","00","3","0","1","2","2","N","N","40 04:19.245","75 11:13.894","0832","","0819","","0","","N","","3 ","","","","","","","","","","2","1","0","0","1","0","0","0","0","0","0","1","1","0","0","0","0","0","0","0","0","0","0","0","0","0","0","0","0","0","0","0","0","0","0","4","0","40.0721","-75.1873","","CRASH_2001_Philadelphia"
"2001240216","06","67","67301","67301","2001","04","7","2145","21","3","1","0","4","1","","","N","01","2","00","3","0","5","5","2","N","N","40 04:50.160","75 01:41.880","9999","","9999","","0","","N","","3 ","","","","","","","","","","2","2","0","0","0","0","0","0","0","0","5","0","5","0","0","0","0","0","0","2","0","0","0","2","0","0","0","0","0","0","0","0","0","0","0","3","0","40.0808","-75.0284","","CRASH_2001_Philadelphia"
"2001240302","06","67","67301","67301","2001","04","1","1440","14","1","1","0","7","5","","","N","02","3","00","3","0","0","1","1","N","N","","","9999","","9999","","0","","N","","3 ","","","","","","","","","","1","0","0","0","0","0","0","1","0","0","0","0","0","0","0","0","0","0","0","0","0","0","0","0","0","0","0","0","0","0","0","0","0","0","0","0","0","","","","CRASH_2001_Philadelphia"
"2001243655","06","67","67301","67301","2001","05","4","0052","00","3","1","0","0","1","","","N","00","0","00","3","0","0","2","1","N","N","","","9999","","9999","","0","","N","","0 ","","","","","","","","","","1","1","0","0","0","0","0","0","0","0","0","0","0","0","0","0","0","0","0","0","0","0","0","0","0","0","0","0","0","0","0","0","0","0","0","0","0","","","","CRASH_2001_Philadelphia"
"2002003978","06","67","67301","67301","2001","06","3","1720","17","1","1","0","4","1","","","N","02","2","00","3","0","0","2","2","Y","N","40 01:08.852","75 02:41.965","1747","","1738","","0","","N","","3 ","","","","","","","","","","2","1","0","1","0","0","0","0","0","0","0","0","0","0","0","0","0","0","0","0","0","0","0","0","0","0","0","0","0","0","0","0","0","0","0","0","1","40.0191","-75.045","","CRASH_2001_Philadelphia"
"2002010468","06","67","67301","67301","2001","06","6","1628","16","1","1","0","7","3","","","N","00","0","00","3","0","1","1","1","N","N","39 59:11.686","75 12:27.568","1630","","1628","1","1","4","N","","0 ","N","","","","","","","","","1","1","0","0","0","0","0","0","0","0","0","1","1","0","0","0","0","0","0","0","1","0","0","0","0","0","0","0","0","0","0","0","0","0","0","4","0","39.9867","-75.2079","","CRASH_2001_Philadelphia"
"2002026374","06","67","67301","67301","2001","09","4","1843","18","1","1","0","5","5","","","N","00","0","00","3","0","0","2","2","N","N","39 56:47.075","75 08:31.661","1845","","1843","1","1","1","N","","0 ","N","","","","","","","","","2","2","0","0","0","0","0","0","0","0","0","0","0","0","1","0","0","0","0","0","0","0","0","0","0","0","0","0","0","0","0","0","0","0","0","9","0","39.9462","-75.1422","","CRASH_2001_Philadelphia"
"2002028687","06","67","67301","67301","2001","09","6","0830","08","6","9","0","4","1","","","N","01","9","00","3","0","1","2","2","N","N","39 57:12.906","75 13:34.506","1025","","1017","","0","","N","","9 ","","","","","","","","","","2","2","0","0","0","0","0","0","0","0","0","1","1","0","0","0","0","0","0","0","0","0","0","0","0","0","0","0","0","0","0","0","0","0","0","4","0","39.9535","-75.2262","","CRASH_2001_Philadelphia"
"2002032312","06","67","67301","67301","2001","09","1","1519","15","1","2","1","2","1","","","N","00","0","99","3","0","1","3","2","N","N","39 55:27.417","75 14:43.626","1523","","1518","2","1","5","N","","0 ","N","","","","","","","","","2","1","0","0","0","0","0","0","0","0","0","1","1","0","1","0","0","0","0","0","1","0","0","0","0","0","0","0","0","0","0","0","0","0","0","4","1","39.9243","-75.2454","","CRASH_2001_Philadelphia"
"2002013186","06","67","67301","67301","2001","07","7","2018","20","3","1","0","1","6","","","N","00","0","00","3","0","3","3","2","N","N","","","2018","","2018","","0","","N","","0 ","","","","","","","","","","2","2","0","0","0","0","0","0","0","1","0","2","3","0","0","0","0","0","1","0","0","0","0","0","0","0","0","0","0","0","0","0","0","0","0","2","0","","","","CRASH_2001_Philadelphia"
"2001239048","06","67","67301","67301","2001","04","5","1215","12","1","1","0","4","1","","","N","01","3","00","3","0","2","5","2","N","N","39 55:17.400","75 08:50.280","9999","","9999","","0","","N","","3 ","","","","","","","","","","2","2","0","0","0","0","0","0","0","0","0","2","2","0","0","0","0","0","0","0","0","0","0","2","0","0","0","0","0","0","0","0","0","0","0","4","0","39.9215","-75.1473","","CRASH_2001_Philadelphia"
"2001288482","06","67","67301","","2001","10","3","1430","14","1","1","0","5","1","","","N","01","0","00","3","0","2","2","2","N","N","39 55:00.840","75 10:19.560","9999","","9999","","0","","N","","0 ","","","","","","","","","","2","2","0","0","0","0","0","0","0","0","1","0","1","0","1","0","0","0","0","0","0","1","0","2","0","0","0","0","0","0","0","0","0","0","0","3","0","39.917","-75.1721","","CRASH_2001_Philadelphia"
"2002021978","06","67","67301","67301","2001","08","3","1445","14","1","1","0","5","1","","","N","01","2","99","3","0","0","4","2","N","N","40 01:35.952","75 05:52.394","1642","","1634","","0","","N","","3 ","","","","","","","","","","2","2","0","0","0","0","0","0","0","0","0","0","0","0","0","0","0","0","0","0","0","0","0","0","0","0","0","0","0","0","0","0","0","0","0","0","0","40.0264","-75.0975","","CRASH_2001_Philadelphia"
"2002022054","06","67","67301","67301","2001","07","3","0010","00","3","1","0","4","2","","","N","03","0","02","3","0","8","8","3","N","N","40 00:12.960","75 11:43.080","0013","","0010","4","2","3","N","","0 ","Y","","","","","","","","","3","3","0","0","0","0","0","0","0","0","0","8","8","0","0","0","0","1","0","0","0","0","0","3","0","0","0","0","0","0","0","0","0","0","0","4","0","40.0036","-75.1952","","CRASH_2001_Philadelphia"
"2001244718","06","67","67301","67301","2001","05","3","0955","09","1","1","0","1","1","","","N","01","2","00","3","0","1","3","2","N","N","40 01:20.280","75 08:13.920","9999","","9999","","0","","N","","3 ","","","","","","","","","","2","1","0","0","0","0","0","1","0","0","0","1","1","0","0","0","0","0","0","0","1","0","0","0","0","0","0","0","0","0","0","0","0","0","0","4","0","40.0223","-75.1373","","CRASH_2001_Philadelphia"
"2001248822","06","67","67301","67301","2001","05","6","1718","17","1","1","0","1","1","","","N","02","2","00","3","0","3","4","2","N","N","","","9999","","9999","","0","","N","","3 ","","","","","","","","","","1","1","0","0","0","0","0","0","0","0","0","3","3","0","0","0","0","0","0","0","0","0","0","0","0","0","0","0","0","0","0","0","0","0","0","4","0","","","","CRASH_2001_Philadelphia"
"2001240014","06","67","67301","67301","2001","04","5","2100","21","3","1","0","9","1","","","N","00","0","00","3","0","1","1","4","N","N","","","9999","","9999","","0","","N","","0 ","","","","","","","","","","4","0","0","0","1","0","0","0","0","0","0","0","0","0","1","0","0","0","0","0","0","0","0","0","0","0","0","0","0","0","0","0","0","0","0","9","0","","","","CRASH_2001_Philadelphia"
"2002025541","06","67","67301","67301","2001","08","1","0744","07","1","1","0","5","6","","","N","00","0","00","3","0","0","1","3","N","N","39 55:57.511","75 09:36.277","0747","","0746","","0","","N","","0 ","","","","","","","","","","3","3","0","0","0","0","0","0","0","0","0","0","0","0","0","0","0","0","0","0","0","0","0","0","0","0","0","0","0","0","0","0","0","0","0","0","0","39.9326","-75.1601","","CRASH_2001_Philadelphia"
"2002026581","06","67","67301","67301","2001","09","3","1740","17","1","2","1","8","1","","","N","05","2","00","3","0","1","2","2","N","N","39 58:59.887","75 10:53.729","1746","","1743","","0","","N","","3 ","","","","","","","","","","1","1","0","0","0","0","0","0","1","0","0","1","1","0","0","0","0","0","0","0","0","0","0","0","0","0","0","0","0","0","0","0","0","0","0","4","0","39.9833","-75.1816","","CRASH_2001_Philadelphia"
"2002032682","06","67","67301","67301","2001","10","6","0727","07","1","1","0","4","1","","","N","02","3","00","3","0","1","3","2","N","N","40 03:18.686","75 02:51.788","0738","","0735","","0","","N","","3 ","","","","","","","","","","2","2","0","0","0","0","0","0","0","0","0","1","1","0","1","0","0","0","0","0","0","0","0","0","0","0","0","0","0","0","0","0","0","0","0","4","0","40.0552","-75.0477","","CRASH_2001_Philadelphia"
"2002033716","06","67","67301","67301","2001","11","6","1921","19","3","1","0","4","1","","","N","00","0","07","3","0","1","7","2","N","N","40 03:00.737","75 03:50.875","1928","","1923","","0","","N","","0 ","","","","","","","","","","2","2","0","0","0","0","0","0","0","0","0","1","1","0","0","0","0","0","0","0","0","0","0","0","0","0","0","0","0","0","0","0","0","0","0","4","0","40.0502","-75.0642","","CRASH_2001_Philadelphia"
"2001401411","06","67","67301","67301","2001","06","6","1539","15","1","1","0","4","1","","","N","01","2","00","3","1","1","3","3","N","N","40 03:25.200","75 05:17.880","9999","","9999","","0","","N","9","3 ","","","","","","","","","","3","2","0","0","0","0","1","0","0","0","0","1","1","0","0","0","0","0","0","0","0","0","0","1","1","0","0","0","0","0","0","0","0","0","0","1","0","40.057","-75.0884","2 ","CRASH_2001_Philadelphia"
"2001283778","06","67","67301","67301","2001","05","3","1655","16","1","1","0","6","1","","","N","00","0","07","3","0","3","3","2","N","N","40 00:59.760","75 08:59.280","9999","","9999","","0","","N","","0 ","","","","","","","","","","2","0","1","0","0","0","0","1","0","1","0","2","3","0","0","0","0","0","0","0","1","0","0","2","0","0","0","0","0","1","0","0","0","0","0","2","0","40.0166","-75.1497","","CRASH_2001_Philadelphia"