"CRN","DISTRICT","COUNTY","MUNICIPALITY","POLICE_AGCY","CRASH_YEAR","CRASH_MONTH","DAY_OF_WEEK","TIME_OF_DAY","HOUR_OF_DAY","ILLUMINATION","WEATHER","ROAD_CONDITION","COLLISION_TYPE","RELATION_TO_ROAD","WORK_ZONE_TYPE","WORK_ZONE_LOC","WORK_ZONE_IND","INTERSECT_TYPE","TCD_TYPE","LOCATION_TYPE","URBAN_RURAL","FATAL_COUNT","INJURY_COUNT","PERSON_COUNT","TOTAL_UNITS","SCH_BUS_IND","SCH_ZONE_IND","LATITUDE","LONGITUDE","ARRIVAL_TM","CONS_ZONE_SPD_LIM","DISPATCH_TM","EST_HRS_CLOSED","LANE_CLOSED","LN_CLOSE_DIR","NTFY_HIWY_MAINT","SPEC_JURIS_CD","TCD_FUNC_CD","TFC_DETOUR_IND","WORKERS_PRES","WZ_CLOSE_DETOUR","WZ_FLAGGER","WZ_LAW_OFFCR_IND","WZ_LN_CLOSURE","WZ_MOVING","WZ_OTHER","WZ_SHLDER_MDN","VEHICLE_COUNT","AUTOMOBILE_COUNT","MOTORCYCLE_COUNT","BUS_COUNT","SMALL_TRUCK_COUNT","HEAVY_TRUCK_COUNT","SUV_COUNT","VAN_COUNT","BICYCLE_COUNT","MAJ_INJ_COUNT","MOD_INJ_COUNT","MIN_INJ_COUNT","TOT_INJ_COUNT","UNK_INJ_DEG_COUNT","UNK_INJ_PER_COUNT","DRIVER_COUNT_16YR","DRIVER_COUNT_17YR","DRIVER_COUNT_18YR","DRIVER_COUNT_19YR","DRIVER_COUNT_20YR","DRIVER_COUNT_50_64YR","DRIVER_COUNT_65_74YR","DRIVER_COUNT_75PLUS","UNBELTED_OCC_COUNT","UNB_DEATH_COUNT","UNB_MAJ_INJ_COUNT","BELTED_DEATH_COUNT","BELTED_MAJ_INJ_COUNT","MCYCLE_DEATH_COUNT","MCYCLE_MAJ_INJ_COUNT","BICYCLE_DEATH_COUNT","BICYCLE_MAJ_INJ_COUNT","PED_COUNT","PED_DEATH_COUNT","PED_MAJ_INJ_COUNT","MAX_SEVERITY_LEVEL","COMM_VEH_COUNT","DEC_LAT","DEC_LONG","RDWY_SURF_TYPE_CD","COUNTY_YEAR"
"2001288085","06","67","67301","","2001","04","7","1645","16","1","9","9","4","1","","","N","01","3","00","3","0","2","2","2","N","N","40 03:14.320","75 11:50.625","9999","","9999","","0","","N","","3 ","","","","","","","","","","2","2","0","0","0","0","0","0","0","0","0","2","2","0","0","0","0","0","0","0","0","0","0","2","0","0","0","0","0","0","0","0","0","0","0","4","0","40.054","-75.1974","","CRASH_2001_Philadelphia"
"2002004305","06","67","67301","67301","2001","06","7","1430","14","1","2","1","1","1","","","N","00","0","00","3","0","1","4","4","N","N","39 56:06.879","75 10:02.562","1435","","1434","","0","","N","","0 ","","","","","","","","","","4","3","0","1","0","0","0","0","0","0","0","1","1","0","0","0","0","0","0","0","0","0","0","0","0","0","0","0","0","0","0","0","0","0","0","4","1","39.9352","-75.1674","","CRASH_2001_Philadelphia"
"2002007867","06","67","67301","67301","2001","06","1","2152","21","3","1","0","4","1","","","N","01","2","00","3","0","0","2","2","N","N","40 00:15.244","75 05:57.605","2159","","2147","","0","","N","","3 ","","","","","","","","","","2","2","0","0","0","0","0","0","0","0","0","0","0","0","0","0","0","0","0","0","1","0","0","0","0","0","0","0","0","0","0","0","0","0","0","0","0","40.0042","-75.0994","","CRASH_2001_Philadelphia"
"2001266614","06","67","67301","67301","2001","08","4","1836","18","1","1","0","4","1","","","N","01","0","00","3","0","1","2","2","N","N","40 01:45.210","75 10:28.410","9999","","9999","","0","","N","","0 ","","","","","","","","","","1","1","0","0","0","0","0","0","1","0","0","1","1","0","0","0","0","0","0","0","0","0","0","0","0","0","0","0","0","0","0","0","0","0","0","4","0","40.0292","-75.1746","","CRASH_2001_Philadelphia"
"2002004219","06","67","67301","67301","2001","06","1","0225","02","3","2","1","4","1","","","N","02","2","00","3","0","1","2","2","N","N","40 00:47.160","75 07:09.840","0234","","0231","","0","","N","","3 ","","","","","","","","","","2","2","0","0","0","0","0","0","0","0","0","1","1","0","0","0","0","0","0","0","0","0","0","0","0","0","0","0","0","0","0","0","0","0","0","4","0","40.0131","-75.1194","","CRASH_2001_Philadelphia"
"2002014518","06","67","67301","67301","2001","07","6","1800","18","1","1","0","8","1","","","N","01","2","00","3","0","1","2","2","N","N","40 02:07.329","75 02:22.518","1805","","1800","","0","","N","","3 ","","","","","","","","","","1","1","0","0","0","0","0","0","0","0","0","1","1","0","0","0","0","0","0","0","0","0","0","1","0","0","0","0","0","0","0","0","1","0","0","4","0","40.0354","-75.0395","","CRASH_2001_Philadelphia"
"2001244695","06","67","67301","67301","2001","05","7","0249","02","3","1","0","1","1","","","N","01","2","00","3","0","2","5","3","N","N","40 00:05.796","75 07:42.898","9999","","9999","","0","","N","","3 ","","","","","","","","","","3","3","0","0","0","0","0","0","0","0","2","0","2","0","0","0","0","0","1","0","0","0","0","0","0","0","0","0","0","0","0","0","0","0","0","3","0","40.0016","-75.1286","","CRASH_2001_Philadelphia"
"2002001082","06","67","67301","67301","2001","06","2","1805","18","1","9","9","4","1","","","N","02","2","00","3","0","2","5","3","N","N","40 04:40.773","75 05:10.248","1815","","1807","","0","","N","","3 ","","","","","","","","","","3","2","0","0","0","0","0","0","0","0","0","2","2","0","0","0","0","0","0","0","1","0","0","0","0","0","0","0","0","0","0","0","0","0","0","4","0","40.078","-75.0861","","CRASH_2001_Philadelphia"
"2002017897","06","67","67301","67301","2001","07","4","1633","16","1","1","0","4","1","","","N","01","2","00","3","0","1","2","2","N","N","39 58:38.640","75 07:09.480","1833","","1833","","0","","N","","3 ","","","","","","","","","","2","0","0","0","1","1","0","0","0","0","1","0","1","0","0","0","0","0","0","0","1","0","0","0","0","0","0","0","0","0","0","0","0","0","0","3","1","39.9774","-75.1193","","CRASH_2001_Philadelphia"
"2002019234","06","67","67301","67301","2001","08","1","0743","07","1","5","0","2","1","","","N","01","2","00","3","0","2","3","2","N","N","40 03:26.574","75 04:36.113","0750","","0747","","0","","N","","3 ","","","","","","","","","","2","2","0","0","0","0","0","0","0","0","0","2","2","0","0","0","0","0","0","0","1","1","0","0","0","0","0","0","0","0","0","0","0","0","0","4","0","40.0574","-75.0769","","CRASH_2001_Philadelphia"
"2002026488","06","67","67301","67301","2001","08","7","1546","15","1","1","0","1","1","","","N","02","2","00","3","0","1","5","2","N","N","40 01:20.912","75 08:19.410","1600","","1550","","0","","N","","3 ","","","","","","","","","","2","2","0","0","0","0","0","0","0","0","1","0","1","0","1","0","0","0","0","0","0","0","0","0","0","0","0","0","0","0","0","0","0","0","0","3","0","40.0225","-75.1382","","CRASH_2001_Philadelphia"
"2002026497","06","67","67301","67301","2001","06","6","1315","13","1","1","0","4","3","","","N","05","2","00","3","0","1","3","2","N","N","39 59:42.045","75 09:47.705","1330","","1320","","0","","N","","2 ","","","","","","","","","","2","2","0","0","0","0","0","0","0","0","0","1","1","0","1","0","0","0","0","0","0","0","0","0","0","0","0","0","0","0","0","0","0","0","0","4","0","39.9951","-75.1632","","CRASH_2001_Philadelphia"
"2002023056","06","67","67301","67301","2001","08","3","0735","07","1","1","0","8","1","","","N","01","2","00","3","0","1","2","2","N","N","40 02:03.966","75 06:53.820","0749","","0742","","0","","N","","3 ","","","","","","","","","","1","0","0","0","0","0","0","0","0","0","1","0","1","0","0","0","0","0","0","0","0","0","0","0","0","0","0","0","0","0","0","0","1","0","0","3","0","40.0344","-75.1149","","CRASH_2001_Philadelphia"
"2002030346","06","67","67301","67301","2001","07","3","1851","18","2","1","0","1","1","","","N","01","2","00","3","0","1","3","2","N","N","40 01:39.482","75 05:57.729","1851","","1851","","0","","N","","2 ","","","","","","","","","","2","2","0","0","0","0","0","0","0","0","0","1","1","0","0","0","0","0","0","0","0","1","0","0","0","0","0","0","0","0","0","0","0","0","0","4","0","40.0278","-75.0986","","CRASH_2001_Philadelphia"
"2002033768","06","67","67301","67301","2001","10","6","1423","14","1","1","0","8","1","","","N","00","2","00","3","0","1","2","2","N","N","40 00:27.774","75 08:19.131","1150","","1130","","0","","N","","2 ","","","","","","","","","","1","1","0","0","0","0","0","0","0","0","1","0","1","0","0","0","0","0","0","0","0","0","0","0","0","0","0","0","0","0","0","0","1","0","0","3","0","40.0077","-75.1386","","CRASH_2001_Philadelphia"
"2002026329","06","67","67301","67301","2001","08","2","1320","13","1","1","0","1","1","","","N","01","2","00","3","0","0","3","2","N","N","40 05:29.868","74 57:56.230","1328","","1324","1","2","2","N","","3 ","N","","","","","","","","","2","2","0","0","0","0","0","0","0","0","0","0","0","0","0","0","0","0","0","0","1","0","0","0","0","0","0","0","0","0","0","0","0","0","0","0","0","40.0915","-74.9656","","CRASH_2001_Philadelphia"
"2002031494","06","67","67301","67301","2001","09","6","0630","06","1","1","0","4","1","","","N","01","2","00","3","0","1","2","2","N","N","39 57:29.000","75 09:06.000","0640","","0633","","9","","N","","3 ","U","","","","","","","","","2","1","0","0","0","1","0","0","0","0","0","1","1","0","0","0","0","0","0","0","0","0","0","0","0","0","0","0","0","0","0","0","0","0","0","4","1","39.9581","-75.1517","","CRASH_2001_Philadelphia"
"2002017572","06","67","67301","67301","2001","07","7","1440","14","1","1","0","7","2","","","N","00","0","00","3","0","1","1","1","N","N","39 58:01.468","75 07:59.941","1455","","1446","","9","","N","","0 ","U","","","","","","","","","1","1","0","0","0","0","0","0","0","0","0","1","1","0","0","0","0","0","0","0","1","0","0","0","0","0","0","0","0","0","0","0","0","0","0","4","0","39.9672","-75.133","","CRASH_2001_Philadelphia"
"2001265943","06","67","67301","67301","2001","02","7","1625","16","1","1","0","4","1","","","N","00","0","07","3","0","2","3","2","N","N","","","9999","","9999","","0","","N","","0 ","","","","","","","","","","2","2","0","0","0","0","0","0","0","0","0","0","0","0","2","0","0","0","0","0","0","0","1","0","0","0","0","0","0","0","0","0","0","0","0","9","0","","","","CRASH_2001_Philadelphia"
"2001240935","06","67","67301","67301","2001","04","1","0954","09","1","1","0","4","1","","","N","01","3","00","3","0","1","4","2","N","N","","","9999","","9999","","0","","N","","3 ","","","","","","","","","","2","2","0","0","0","0","0","0","0","0","0","1","1","0","0","0","0","0","0","0","1","1","0","0","0","0","0","0","0","0","0","0","0","0","0","4","0","","","","CRASH_2001_Philadelphia"
"2001400212","06","67","67301","67301","2001","03","2","1433","14","1","1","0","7","5","","","N","00","0","00","3","1","0","1","1","N","N","40 02:45.960","75 00:05.400","9999","","9999","","0","","N","9","0 ","","","","","","","","","","1","0","0","0","0","0","1","0","0","0","0","0","0","0","0","0","0","0","0","0","0","0","0","1","1","0","0","0","0","0","0","0","0","0","0","1","0","40.0461","-75.0017","2 ","CRASH_2001_Philadelphia"
"2001243524","06","67","67301","67301","2001","04","5","1802","18","1","1","0","8","1","","","N","00","0","00","3","0","1","2","2","N","N","","","9999","","9999","","0","","N","","0 ","","","","","","","","","","1","0","0","0","0","0","1","0","0","0","1","0","1","0","0","0","0","0","0","0","1","0","0","0","0","0","0","0","0","0","0","0","1","0","0","3","0","","","","CRASH_2001_Philadelphia"
"2002017875","06","67","67301","67301","2001","08","6","0630","06","1","2","1","4","1","","","N","01","2","00","3","0","1","2","2","N","N","39 58:54.000","75 14:21.165","0640","","0635","1","1","6","N","","3 ","N","","","","","","","","","2","1","0","0","0","1","0","0","0","0","0","1","1","0","0","0","0","0","0","0","0","1","0","0","0","0","0","0","0","0","0","0","0","0","0","4","0","39.9819","-75.239","","CRASH_2001_Philadelphia"
"2002017652","06","67","67301","67301","2001","07","3","0736","07","1","1","0","4","1","","","N","01","2","00","3","0","2","2","2","N","N","40 04:12.670","75 10:49.797","0810","","0801","","0","","N","","2 ","","","","","","","","","","2","2","0","0","0","0","0","0","0","0","1","1","2","0","0","0","0","0","0","0","2","0","0","1","0","0","0","0","0","0","0","0","0","0","0","3","0","40.0702","-75.1805","","CRASH_2001_Philadelphia"
"2002026532","06","67","67301","67301","2001","09","7","1645","16","1","1","0","1","1","","","N","00","0","00","3","0","1","7","2","N","N","40 02:59.275","75 03:49.012","1655","","1650","","0","","N","","0 ","","","","","","","","","","2","2","0","0","0","0","0","0","0","0","0","1","1","0","0","0","0","0","0","0","0","0","0","0","0","0","0","0","0","0","0","0","0","0","0","4","0","40.0498","-75.0637","","CRASH_2001_Philadelphia"
"2002045778","06","67","67301","67301","2001","10","5","0700","07","1","4","0","1","1","","","N","03","0","00","3","0","0","3","3","Y","N","40 03:46.810","75 14:17.797","0710","","0704","","0","","N","","0 ","","","","","","","","","","3","2","0","0","1","0","0","0","0","0","0","0","0","0","0","0","0","0","1","0","1","0","0","0","0","0","0","0","0","0","0","0","0","0","0","0","1","40.0635","-75.239","","CRASH_2001_Philadelphia"
"2002023683","06","67","67301","67301","2001","08","6","0905","09","1","1","0","2","1","","","N","01","3","00","3","0","0","2","2","N","N","40 05:36.000","74 58:01.000","0918","","0913","","0","","N","","3 ","","","","","","","","","","2","2","0","0","0","0","0","0","0","0","0","0","0","0","0","0","0","0","0","0","0","0","1","0","0","0","0","0","0","0","0","0","0","0","0","0","0","40.0934","-74.9671","","CRASH_2001_Philadelphia"
"2002037692","06","67","67301","67301","2001","11","4","1320","13","1","1","0","4","1","","","N","01","2","00","3","0","0","2","2","N","N","40 01:04.693","75 08:58.145","1522","","1520","","0","","N","","3 ","","","","","","","","","","2","2","0","0","0","0","0","0","0","0","0","0","0","0","0","0","0","0","0","0","0","0","0","2","0","0","0","0","0","0","0","0","0","0","0","0","0","40.0179","-75.1493","","CRASH_2001_Philadelphia"
"2002037720","06","67","67301","67301","2001","12","7","1500","15","1","1","0","6","1","","","N","00","0","00","3","0","0","3","2","N","N","40 05:12.000","75 04:44.000","1516","","1516","","0","","N","","0 ","","","","","","","","","","2","2","0","0","0","0","0","0","0","0","0","0","0","0","0","0","0","0","0","0","1","0","1","0","0","0","0","0","0","0","0","0","0","0","0","0","0","40.0867","-75.0789","","CRASH_2001_Philadelphia"
"2002040181","06","67","67301","67301","2001","11","6","1025","10","1","1","1","4","1","","","N","02","2","00","3","0","4","5","4","N","N","39 56:29.276","75 14:06.104","1035","","1028","2","1","6","N","","3 ","Y","","","","","","","","","4","4","0","0","0","0","0","0","0","0","0","4","4","0","1","0","0","0","0","0","2","0","0","0","0","0","0","0","0","0","0","0","0","0","0","4","0","39.9414","-75.2351","","CRASH_2001_Philadelphia"
"2002043789","06","67","67301","67301","2001","12","1","1005","10","1","1","0","1","1","","","N","00","0","00","3","0","1","3","2","N","N","39 57:53.280","75 11:06.360","1010","","1005","","0","","N","","0 ","","","","","","","","","","2","2","0","0","0","0","0","0","0","0","0","1","1","0","0","0","0","0","0","0","1","0","0","0","0","0","0","0","0","0","0","0","0","0","0","4","0","39.9658","-75.1863","","CRASH_2001_Philadelphia"
"2002048350","06","67","67301","67301","2001","08","3","0930","09","1","1","0","4","1","","","N","01","2","00","3","0","2","3","3","N","N","40 01:34.375","75 07:01.739","0937","","0935","","0","","N","","3 ","","","","","","","","","","3","2","0","0","0","0","0","0","0","0","1","1","2","0","0","0","0","0","0","0","1","1","0","0","0","0","0","0","0","0","0","0","0","0","0","3","0","40.0262","-75.1174","","CRASH_2001_Philadelphia"
"2002017282","06","67","67301","67301","2001","08","5","0005","00","3","1","0","8","1","","","N","02","3","00","3","0","1","2","2","N","N","40 03:15.724","75 08:28.360","0021","","0015","","0","","N","","2 ","","","","","","","","","","1","1","0","0","0","0","0","0","0","0","1","0","1","0","0","0","0","0","0","0","0","0","0","0","0","0","0","0","0","0","0","0","1","0","0","3","0","40.0544","-75.1414","","CRASH_2001_Philadelphia"
"2002039609","06","67","67301","67301","2001","11","4","2230","22","2","1","0","1","1","","","N","00","0","00","3","0","1","2","2","N","N","40 02:26.520","75 03:32.040","2240","","2235","2","1","2","N","","0 ","N","","","","","","","","","2","2","0","0","0","0","0","0","0","0","0","1","1","0","1","0","0","0","0","0","0","0","0","0","0","0","0","0","0","0","0","0","0","0","0","4","0","40.0407","-75.0589","","CRASH_2001_Philadelphia"
"2002042686","06","67","67301","67301","2001","12","6","1138","11","1","2","1","4","1","","","N","02","3","00","3","0","1","4","2","N","N","40 02:07.720","75 06:50.726","1210","","1157","","0","","N","","3 ","","","","","","","","","","2","2","0","0","0","0","0","0","0","0","0","1","1","0","0","0","0","0","0","0","1","0","0","0","0","0","0","0","0","0","0","0","0","0","0","4","0","40.0355","-75.114","","CRASH_2001_Philadelphia"
"2001248784","06","67","67301","67301","2001","05","3","1631","16","1","1","0","4","1","","","N","01","3","00","3","0","1","2","2","N","N","40 04:00.354","75 09:39.031","9999","","9999","","0","","N","","3 ","","","","","","","","","","2","2","0","0","0","0","0","0","0","0","0","1","1","0","0","0","0","0","0","0","0","0","0","0","0","0","0","0","0","0","0","0","0","0","0","4","0","40.0668","-75.1608","","CRASH_2001_Philadelphia"
"2002004002","06","67","67301","67301","2001","06","3","0158","01","3","1","0","4","1","","","N","05","2","00","3","0","3","3","3","N","N","39 58:03.000","75 13:55.900","0158","","0158","","0","","N","","3 ","","","","","","","","","","3","3","0","0","0","0","0","0","0","0","1","2","3","0","0","0","0","0","1","0","0","0","0","0","0","0","0","0","0","0","0","0","0","0","0","3","0","39.9671","-75.2306","","CRASH_2001_Philadelphia"
"2002018354","06","67","67301","67301","2001","08","2","0114","01","3","2","1","4","2","","","N","01","3","00","3","0","2","4","2","N","N","40 01:48.720","75 03:51.840","0121","","0116","","0","","N","","3 ","","","","","","","","","","2","2","0","0","0","0","0","0","0","0","0","2","2","0","0","0","0","1","0","0","1","0","0","0","0","0","0","0","0","0","0","0","0","0","0","4","0","40.0303","-75.0644","","CRASH_2001_Philadelphia"
"2002027919","06","67","67301","67301","2001","08","5","1305","13","1","1","0","8","1","","","N","01","0","00","3","0","1","2","2","N","N","39 57:04.885","75 09:18.588","1307","","1305","","0","","N","","0 ","","","","","","","","","","1","1","0","0","0","0","0","0","0","0","0","1","1","0","0","0","0","0","0","0","0","0","0","0","0","0","0","0","0","0","0","0","1","0","0","4","0","39.9514","-75.1552","","CRASH_2001_Philadelphia"
"2001252106","06","67","67301","67301","2001","05","1","1803","18","1","2","1","4","1","","","N","01","0","00","3","0","2","4","2","N","N","40 04:50.160","75 01:42.240","9999","","9999","","0","","N","","0 ","","","","","","","","","","2","2","0","0","0","0","0","0","0","0","0","2","2","0","0","0","0","1","0","0","0","0","1","0","0","0","0","0","0","0","0","0","0","0","0","4","0","40.0809","-75.0288","","CRASH_2001_Philadelphia"
"2002030776","06","67","67301","67301","2001","09","6","0111","01","3","2","1","1","1","","","N","01","2","00","3","0","1","4","2","N","N","40 01:40.525","75 08:49.812","0112","","0112","","0","","N","","3 ","","","","","","","","","","2","2","0","0","0","0","0","0","0","0","0","1","1","0","0","0","0","0","0","0","0","0","0","2","0","0","0","0","0","0","0","0","0","0","0","4","0","40.0276","-75.1471","","CRASH_2001_Philadelphia"
"2002037095","06","67","67301","67301","2001","12","7","1940","19","3","1","0","8","1","","","N","01","2","00","3","0","1","2","2","N","N","40 02:18.322","75 02:10.485","2215","","2205","","0","","N","","3 ","","","","","","","","","","1","1","0","0","0","0","0","0","0","0","0","1","1","0","0","0","0","0","0","0","0","0","0","0","0","0","0","0","0","0","0","0","1","0","0","4","0","40.0384","-75.0362","","CRASH_2001_Philadelphia"
"2002045736","06","67","67301","67301","2001","10","2","2208","22","3","1","0","4","1","","","N","02","2","00","3","0","2","2","2","N","N","40 03:50.638","75 14:22.336","2212","","2210","","0","","Y","","3 ","","","","","","","","","","2","2","0","0","0","0","0","0","0","0","2","0","2","0","0","0","0","0","0","0","0","0","0","0","0","0","0","0","0","0","0","0","0","0","0","3","0","40.0647","-75.2397","","CRASH_2001_Philadelphia"
"2002035728","06","67","67301","67301","2001","10","3","1040","10","1","1","0","4","1","","","N","01","2","00","3","0","0","1","2","N","N","39 55:20.847","75 09:17.990","1050","","1045","","0","","N","","3 ","","","","","","","","","","2","2","0","0","0","0","0","0","0","0","0","0","0","0","0","0","0","0","0","0","0","0","1","0","0","0","0","0","0","0","0","0","0","0","0","0","0","39.9225","-75.155","","CRASH_2001_Philadelphia"
"2002037389","06","67","67301","67301","2001","12","7","0120","01","3","1","1","5","1","","","N","02","2","00","3","0","1","2","2","N","N","39 57:36.350","75 08:13.969","0150","","0150","","0","","N","","3 ","","","","","","","","","","2","2","0","0","0","0","0","0","0","0","0","1","1","0","0","0","0","0","0","0","0","0","0","1","0","0","0","0","0","0","0","0","0","0","0","4","0","39.9605","-75.137","","CRASH_2001_Philadelphia"
"2001266611","06","67","67301","67301","2001","08","4","1610","16","1","1","0","4","1","","","N","01","2","00","3","0","2","2","2","N","N","40 02:27.240","75 11:58.920","9999","","9999","","0","","N","","3 ","","","","","","","","","","2","2","0","0","0","0","0","0","0","0","0","2","2","0","0","1","0","0","0","0","0","0","1","0","0","0","0","0","0","0","0","0","0","0","0","4","0","40.041","-75.1998","","CRASH_2001_Philadelphia"
"2002034034","06","67","67301","67301","2001","10","4","1425","14","1","1","0","8","1","","","N","01","2","00","3","0","1","2","2","N","N","40 02:22.319","75 02:45.128","1431","","1430","","0","","N","","3 ","","","","","","","","","","1","1","0","0","0","0","0","0","0","0","1","0","1","0","0","0","0","0","0","0","1","0","0","0","0","0","0","0","0","0","0","0","1","0","0","3","0","40.0395","-75.0458","","CRASH_2001_Philadelphia"
"2002044405","06","67","67301","67301","2001","12","1","0001","00","6","1","0","1","6","","","N","00","0","00","3","0","0","1","3","N","N","39 57:35.089","75 14:06.320","0827","","0825","","0","","N","","0 ","","","","","","","","","","3","3","0","0","0","0","0","0","0","0","0","0","0","0","1","0","0","0","0","0","0","0","0","0","0","0","0","0","0","0","0","0","0","0","0","9","0","39.9583","-75.2365","","CRASH_2001_Philadelphia"
"2001400304","06","67","67301","67301","2001","04","7","0238","02","3","1","0","8","1","","","N","00","0","00","3","1","0","2","2","N","N","39 57:27.000","75 12:59.760","9999","","9999","","0","","N","9","0 ","","","","","","","","","","1","0","0","0","0","0","0","0","0","0","0","0","0","0","0","0","0","0","0","0","0","0","0","0","0","0","0","0","0","0","0","0","1","1","0","1","0","39.9574","-75.2166","2 ","CRASH_2001_Philadelphia"
"2001238245","06","67","67301","67301","2001","04","4","0355","03","3","1","0","7","5","","","N","01","9","00","3","0","3","3","1","N","N","","","9999","","9999","","0","","N","","9 ","","","","","","","","","","1","1","0","0","0","0","0","0","0","1","1","0","2","0","1","0","0","0","0","0","0","0","0","0","0","0","0","0","0","0","0","0","0","0","0","2","0","","","","CRASH_2001_Philadelphia"
"2001239075","06","67","67301","67301","2001","04","1","2045","20","3","1","0","1","1","","","N","02","3","00","3","0","1","4","2","N","N","","","9999","","9999","","0","","N","","3 ","","","","","","","","","","2","2","0","0","0","0","0","0","0","0","1","0","1","0","0","0","0","0","0","0","0","0","0","0","0","0","0","0","0","0","0","0","0","0","0","3","0","","","","CRASH_2001_Philadelphia"
"2001239081","06","67","67301","67301","2001","04","7","0853","08","1","2","1","1","1","","","N","00","0","00","3","0","3","3","2","N","N","40 00:32.400","75 04:19.200","9999","","9999","","0","","N","","0 ","","","","","","","","","","2","1","0","0","1","0","0","0","0","0","1","2","3","0","0","0","0","0","0","0","0","0","0","0","0","0","0","0","0","0","0","0","0","0","0","3","0","40.0089","-75.072","","CRASH_2001_Philadelphia"
"2001243601","06","67","67301","67301","2001","05","1","2140","21","3","1","0","5","1","","","N","00","0","00","3","0","0","2","2","N","N","39 57:14.760","75 11:22.560","9999","","9999","","0","","N","","0 ","","","","","","","","","","2","1","0","0","1","0","0","0","0","0","0","0","0","0","0","0","0","0","0","0","1","0","0","0","0","0","0","0","0","0","0","0","0","0","0","0","0","39.9541","-75.1895","","CRASH_2001_Philadelphia"
"2001244464","06","67","67301","67301","2001","05","7","0140","01","3","1","0","4","1","","","N","01","2","00","3","0","0","7","3","N","N","39 57:20.880","75 12:56.160","9999","","9999","","0","","N","","3 ","","","","","","","","","","3","3","0","0","0","0","0","0","0","0","0","0","0","0","0","0","0","1","0","1","0","0","0","0","0","0","0","0","0","0","0","0","0","0","0","0","0","39.9557","-75.2156","","CRASH_2001_Philadelphia"
"2002017588","06","67","67301","67301","2001","07","4","1231","12","1","1","0","4","1","","","N","01","2","00","3","0","0","2","2","N","N","39 59:23.107","75 06:13.826","1231","","1229","","0","","N","","3 ","","","","","","","","","","2","2","0","0","0","0","0","0","0","0","0","0","0","0","0","0","0","0","0","0","0","1","0","0","0","0","0","0","0","0","0","0","0","0","0","0","0","39.9898","-75.1039","","CRASH_2001_Philadelphia"
"2001238936","06","67","67301","67301","2001","04","1","1525","15","1","1","0","4","1","","","N","03","3","00","3","0","2","4","2","N","N","39 56:49.920","75 14:03.480","9999","","9999","","0","","N","","3 ","","","","","","","","","","2","1","0","0","0","0","0","0","0","0","0","2","2","0","0","0","0","0","0","0","0","0","0","3","0","0","0","0","0","0","0","0","0","0","0","4","0","39.9472","-75.2344","","CRASH_2001_Philadelphia"
"2001243328","06","67","67301","67301","2001","04","2","1945","19","1","1","0","4","1","","","N","01","1","00","3","0","1","2","2","N","N","40 01:50.664","75 07:20.636","9999","","9999","","0","","N","","3 ","","","","","","","","","","2","1","0","0","0","0","0","1","0","0","1","0","1","0","0","0","0","0","0","0","0","1","0","0","0","0","0","0","0","0","0","0","0","0","0","3","0","40.0307","-75.1224","","CRASH_2001_Philadelphia"
"2001250507","06","67","67301","67301","2001","05","2","1630","16","1","2","1","4","1","","","N","00","0","00","3","0","2","2","2","N","N","","","9999","","9999","","0","","N","","0 ","","","","","","","","","","2","2","0","0","0","0","0","0","0","0","0","1","1","0","1","0","0","1","0","0","0","0","0","0","0","0","0","0","0","0","0","0","0","0","0","4","0","","","","CRASH_2001_Philadelphia"
"2001288301","06","67","67301","","2001","07","1","0235","02","2","9","9","7","1","8","8","Y","00","0","00","3","0","1","1","1","N","N","","","9999","99","9999","","0","","N","","0 ","","U","","","U","","","","","1","1","0","0","0","0","0","0","0","0","0","1","1","0","0","0","0","0","0","0","0","0","0","0","0","0","0","0","0","0","0","0","0","0","0","4","0","","","","CRASH_2001_Philadelphia"
"2002016721","06","67","67301","67301","2001","07","5","1450","14","1","1","0","1","1","","","N","01","2","00","3","0","2","6","2","N","N","40 05:22.000","74 59:02.000","1520","","1514","","0","","N","","3 ","","","","","","","","","","2","2","0","0","0","0","0","0","0","0","0","2","2","0","0","0","0","0","0","0","0","0","0","0","0","0","0","0","0","0","0","0","0","0","0","4","0","40.0899","-74.9842","","CRASH_2001_Philadelphia"
"2002017689","06","67","67301","67301","2001","08","1","1401","14","1","2","1","1","1","","","N","00","0","00","3","0","0","3","3","N","N","39 57:00.259","75 12:10.658","1417","","1416","","0","","N","","0 ","","","","","","","","","","3","3","0","0","0","0","0","0","0","0","0","0","0","0","1","0","0","0","0","0","1","0","0","0","0","0","0","0","0","0","0","0","0","0","0","9","0","39.9499","-75.2032","","CRASH_2001_Philadelphia"
"2002028669","06","67","67301","67301","2001","09","6","2205","22","3","1","0","1","1","","","N","00","0","00","3","0","2","4","3","N","N","40 00:27.107","75 09:06.007","2220","","2210","","0","","N","","0 ","","","","","","","","","","3","2","0","0","0","0","0","0","0","0","0","2","2","0","0","0","0","0","0","0","1","0","0","0","0","0","0","0","0","0","0","0","0","0","0","4","0","40.0072","-75.1516","","CRASH_2001_Philadelphia"
"2002029558","06","67","67301","67301","2001","09","5","2003","20","3","2","1","4","1","","","N","01","2","00","3","0","0","2","2","N","N","40 02:25.131","75 03:30.718","2003","","2003","","0","","N","","3 ","","","","","","","","","","2","2","0","0","0","0","0","0","0","0","0","0","0","0","2","0","0","0","0","0","0","0","0","0","0","0","0","0","0","0","0","0","0","0","0","9","0","40.0403","-75.0585","","CRASH_2001_Philadelphia"