"CRN","DISTRICT","COUNTY","MUNICIPALITY","POLICE_AGCY","CRASH_YEAR","CRASH_MONTH","DAY_OF_WEEK","TIME_OF_DAY","HOUR_OF_DAY","ILLUMINATION","WEATHER","ROAD_CONDITION","COLLISION_TYPE","RELATION_TO_ROAD","WORK_ZONE_TYPE","WORK_ZONE_LOC","WORK_ZONE_IND","INTERSECT_TYPE","TCD_TYPE","LOCATION_TYPE","URBAN_RURAL","FATAL_COUNT","INJURY_COUNT","PERSON_COUNT","TOTAL_UNITS","SCH_BUS_IND","SCH_ZONE_IND","LATITUDE","LONGITUDE","ARRIVAL_TM","CONS_ZONE_SPD_LIM","DISPATCH_TM","EST_HRS_CLOSED","LANE_CLOSED","LN_CLOSE_DIR","NTFY_HIWY_MAINT","SPEC_JURIS_CD","TCD_FUNC_CD","TFC_DETOUR_IND","WORKERS_PRES","WZ_CLOSE_DETOUR","WZ_FLAGGER","WZ_LAW_OFFCR_IND","WZ_LN_CLOSURE","WZ_MOVING","WZ_OTHER","WZ_SHLDER_MDN","VEHICLE_COUNT","AUTOMOBILE_COUNT","MOTORCYCLE_COUNT","BUS_COUNT","SMALL_TRUCK_COUNT","HEAVY_TRUCK_COUNT","SUV_COUNT","VAN_COUNT","BICYCLE_COUNT","MAJ_INJ_COUNT","MOD_INJ_COUNT","MIN_INJ_COUNT","TOT_INJ_COUNT","UNK_INJ_DEG_COUNT","UNK_INJ_PER_COUNT","DRIVER_COUNT_16YR","DRIVER_COUNT_17YR","DRIVER_COUNT_18YR","DRIVER_COUNT_19YR","DRIVER_COUNT_20YR","DRIVER_COUNT_50_64YR","DRIVER_COUNT_65_74YR","DRIVER_COUNT_75PLUS","UNBELTED_OCC_COUNT","UNB_DEATH_COUNT","UNB_MAJ_INJ_COUNT","BELTED_DEATH_COUNT","BELTED_MAJ_INJ_COUNT","MCYCLE_DEATH_COUNT","MCYCLE_MAJ_INJ_COUNT","BICYCLE_DEATH_COUNT","BICYCLE_MAJ_INJ_COUNT","PED_COUNT","PED_DEATH_COUNT","PED_MAJ_INJ_COUNT","MAX_SEVERITY_LEVEL","COMM_VEH_COUNT","DEC_LAT","DEC_LONG","RDWY_SURF_TYPE_CD","COUNTY_YEAR"
"2002037075","06","67","67301","67301","2001","11","1","1110","11","1","1","0","7","5","","","N","00","0","07","3","0","1","1","1","N","N","","","1115","","1111","","0","","N","","0 ","","","","","","","","","","1","1","0","0","0","0","0","0","0","0","0","1","1","0","0","0","0","0","0","0","1","0","0","0","0","0","0","0","0","0","0","0","0","0","0","4","0","","","","CRASH_2001_Philadelphia"
"2002020113","06","67","67301","67301","2001","06","3","1800","18","1","1","0","1","1","","","N","01","2","00","3","0","0","2","2","N","N","40 07:44.760","75 00:48.960","9999","","1800","","0","","N","","3 ","","","","","","","","","","2","2","0","0","0","0","0","0","0","0","0","0","0","0","0","0","0","0","0","1","0","0","0","0","0","0","0","0","0","0","0","0","0","0","0","0","0","40.1317","-75.0123","","CRASH_2001_Philadelphia"
"2002025020","06","67","67301","67301","2001","08","6","2150","21","3","1","0","4","6","","","N","00","3","00","3","0","1","1","3","N","N","40 01:51.425","75 03:43.911","2205","","2200","","0","","N","","3 ","","","","","","","","","","3","3","0","0","0","0","0","0","0","0","0","1","1","0","0","0","0","0","0","0","0","0","0","0","0","0","0","0","0","0","0","0","0","0","0","4","0","40.0309","-75.0621","","CRASH_2001_Philadelphia"
"2002034225","06","67","67301","67301","2001","11","7","1037","10","1","1","0","7","3","","","N","07","0","02","3","0","1","1","1","N","N","39 56:57.824","75 11:04.082","1042","","1037","","0","","N","","0 ","","","","","","","","","","1","1","0","0","0","0","0","0","0","0","0","1","1","0","0","0","0","0","1","0","0","0","0","0","0","0","0","0","0","0","0","0","0","0","0","4","0","39.9494","-75.1845","","CRASH_2001_Philadelphia"
"2002025043","06","67","67301","67301","2001","08","6","2250","22","3","1","0","4","1","","","N","03","2","00","3","0","1","3","3","N","N","40 05:59.640","75 00:28.800","2255","","2250","","0","","N","","3 ","","","","","","","","","","3","3","0","0","0","0","0","0","0","0","0","1","1","0","0","0","0","0","2","0","0","0","0","1","0","0","0","0","0","0","0","0","0","0","0","4","0","40.1008","-75.0077","","CRASH_2001_Philadelphia"
"2002004029","06","67","67301","67301","2001","06","4","1100","11","1","1","0","8","1","","","N","01","2","00","3","0","1","2","2","N","N","40 06:52.056","74 59:16.817","0821","","0821","","0","","N","","9 ","","","","","","","","","","1","0","0","0","0","0","0","0","0","0","1","0","1","0","1","0","0","0","0","0","0","0","0","0","0","0","0","0","0","0","0","0","1","0","0","3","0","40.1141","-74.9877","","CRASH_2001_Philadelphia"
"2001288226","06","67","67301","","2001","06","1","1700","17","1","1","0","1","1","","","N","01","2","00","3","0","1","2","2","N","N","","","9999","","9999","","0","","N","","3 ","","","","","","","","","","2","1","0","0","0","0","0","1","0","0","0","0","0","0","1","0","0","0","0","0","1","0","0","0","0","0","0","0","0","0","0","0","0","0","0","9","0","","","","CRASH_2001_Philadelphia"
"2001233401","06","67","67301","67301","2001","03","6","1555","15","1","1","0","4","1","","","N","01","2","00","3","0","0","2","2","N","N","40 03:17.280","75 10:08.400","9999","","9999","","0","","N","","3 ","","","","","","","","","","2","1","0","0","0","0","1","0","0","0","0","0","0","0","0","0","0","0","0","1","1","0","0","0","0","0","0","0","0","0","0","0","0","0","0","0","0","40.0548","-75.169","","CRASH_2001_Philadelphia"
"2001233454","06","67","67301","67301","2001","03","5","0215","02","3","2","1","1","1","","","N","00","0","00","3","0","1","3","2","N","N","39 58:45.840","75 06:30.600","9999","","9999","","0","","N","","0 ","","","","","","","","","","2","2","0","0","0","0","0","0","0","0","0","0","0","0","1","0","0","0","0","0","1","0","0","0","0","0","0","0","0","0","0","0","0","0","0","9","0","39.9796","-75.1076","","CRASH_2001_Philadelphia"
"2002023069","06","67","67301","67301","2001","08","6","0230","02","3","2","0","2","2","","","N","10","2","00","3","0","3","4","2","N","N","39 57:28.962","75 13:16.485","0240","","0235","","0","","N","","3 ","","","","","","","","","","2","2","0","0","0","0","0","0","0","0","0","3","3","0","0","0","0","0","0","0","0","0","0","1","0","0","0","0","0","0","0","0","0","0","0","4","0","39.9565","-75.2215","","CRASH_2001_Philadelphia"
"2002039509","06","67","67301","67301","2001","12","7","2338","23","3","1","0","4","1","","","N","02","3","00","3","0","1","3","2","N","N","40 02:28.381","75 11:30.225","2344","","2340","","0","","N","","3 ","","","","","","","","","","2","2","0","0","0","0","0","0","0","0","0","1","1","0","0","0","0","0","0","0","0","0","0","0","0","0","0","0","0","0","0","0","0","0","0","4","0","40.0414","-75.1917","","CRASH_2001_Philadelphia"
"2006096028","06","67","67301","67301","2001","08","4","0720","07","1","1","0","1","1","","","N","00","0","00","3","0","1","2","2","N","N","40 02:36.000","75 01:19.315","0800","","0749","","0","","N","","0 ","","","","","","","","","","2","1","0","0","1","0","0","0","0","0","0","1","1","0","0","0","0","0","0","0","0","0","0","0","0","0","0","0","0","0","0","0","0","0","0","4","0","40.0436","-75.022","","CRASH_2001_Philadelphia"
"2002015000","06","67","67301","67301","2001","07","3","1407","14","1","1","0","5","1","","","N","00","2","00","3","0","2","7","3","N","N","40 02:18.160","75 10:36.964","1430","","1417","","0","","N","","3 ","","","","","","","","","","3","3","0","0","0","0","0","0","0","0","0","2","2","0","0","0","0","0","0","0","0","0","0","1","0","0","0","0","0","0","0","0","0","0","0","4","0","40.0384","-75.1769","","CRASH_2001_Philadelphia"
"2002020056","06","67","67301","67301","2001","08","7","1100","11","1","1","0","1","6","","","N","00","2","00","3","0","0","1","2","N","N","39 57:46.317","75 12:12.118","1130","","1126","","0","","N","","9 ","","","","","","","","","","2","2","0","0","0","0","0","0","0","0","0","0","0","0","0","0","0","0","0","0","0","0","0","0","0","0","0","0","0","0","0","0","0","0","0","0","0","39.9628","-75.203","","CRASH_2001_Philadelphia"
"2002023913","06","67","67301","67301","2001","08","7","0550","05","4","1","0","1","1","","","N","00","0","00","3","0","1","1","2","N","N","40 02:16.536","75 08:22.302","0550","","0550","","0","","N","","0 ","","","","","","","","","","2","2","0","0","0","0","0","0","0","0","0","1","1","0","0","0","0","0","0","0","0","0","0","1","0","0","0","0","0","0","0","0","0","0","0","4","0","40.0379","-75.1395","","CRASH_2001_Philadelphia"
"2002041667","06","67","67301","67301","2001","12","4","2210","22","3","1","0","4","1","","","N","01","2","00","3","0","1","3","2","N","N","39 55:11.899","75 13:22.170","2220","","2215","","0","","N","","2 ","","","","","","","","","","2","2","0","0","0","0","0","0","0","0","0","1","1","0","0","0","0","0","0","0","0","0","0","0","0","0","0","0","0","0","0","0","0","0","0","4","0","39.9199","-75.2228","","CRASH_2001_Philadelphia"
"2002045860","06","67","67301","67301","2001","10","7","1547","15","1","1","0","7","2","","","N","00","0","00","3","0","1","2","1","N","N","40 04:55.560","74 57:59.760","1555","","1547","","0","","N","","0 ","","","","","","","","","","1","1","0","0","0","0","0","0","0","0","0","1","1","0","0","0","0","0","0","0","0","0","0","0","0","0","0","0","0","0","0","0","0","0","0","4","0","40.082","-74.9666","","CRASH_2001_Philadelphia"
"2002046262","06","67","67301","67301","2001","10","3","2052","20","3","1","0","4","1","","","N","01","2","00","3","0","0","2","2","N","N","40 01:34.658","75 07:01.862","2055","","2053","","0","","N","","3 ","","","","","","","","","","2","2","0","0","0","0","0","0","0","0","0","0","0","0","0","0","0","0","0","0","0","0","0","0","0","0","0","0","0","0","0","0","0","0","0","0","0","40.0264","-75.1172","","CRASH_2001_Philadelphia"
"2002017176","06","67","67301","67301","2001","07","5","1230","12","1","1","0","4","1","","","N","01","2","00","3","0","1","3","2","N","N","39 55:27.000","75 14:09.000","0230","","0241","","0","","N","","3 ","","","","","","","","","","2","2","0","0","0","0","0","0","0","0","0","1","1","0","0","0","0","0","0","0","0","0","0","0","0","0","0","0","0","0","0","0","0","0","0","4","0","39.9242","-75.2358","","CRASH_2001_Philadelphia"
"2001400709","06","67","67301","67301","2001","08","2","0500","05","3","1","0","9","1","","","N","00","0","00","3","1","0","1","2","N","N","","","9999","","9999","","0","","N","9","0 ","","","","","","","","","","2","0","0","0","0","0","0","1","0","0","0","0","0","0","0","0","0","0","0","0","0","0","0","0","0","0","0","0","0","0","0","0","0","0","0","1","0","","","9 ","CRASH_2001_Philadelphia"
"2001238859","06","67","67301","67301","2001","04","3","1055","10","1","1","0","4","1","","","N","01","2","00","3","0","2","2","2","N","N","40 05:18.240","75 02:39.480","9999","","9999","","0","","N","","3 ","","","","","","","","","","2","2","0","0","0","0","0","0","0","0","0","2","2","0","0","0","0","0","0","0","0","0","1","0","0","0","0","0","0","0","0","0","0","0","0","4","0","40.0885","-75.0441","","CRASH_2001_Philadelphia"
"2001240261","06","67","67301","67301","2001","04","7","0446","04","3","1","0","4","1","","","N","02","2","00","3","0","3","4","2","N","N","39 56:42.360","75 08:30.840","9999","","9999","","0","","N","","3 ","","","","","","","","","","2","2","0","0","0","0","0","0","0","0","0","3","3","0","0","0","0","0","0","0","0","0","0","0","0","0","0","0","0","0","0","0","0","0","0","4","0","39.9451","-75.142","","CRASH_2001_Philadelphia"
"2001288387","06","67","67301","","2001","08","6","1350","13","9","1","0","5","1","","","N","00","0","00","3","0","3","3","2","N","N","","","9999","","9999","","0","","N","","0 ","","","","","","","","","","2","1","0","0","0","0","1","0","0","0","0","2","2","0","1","0","0","0","0","0","0","0","0","0","0","0","0","0","0","0","0","0","0","0","0","4","0","","","","CRASH_2001_Philadelphia"
"2002017882","06","67","67301","67301","2001","08","4","1806","18","1","1","0","1","1","","","N","00","0","03","3","0","2","7","2","N","N","39 59:48.562","75 04:57.326","1810","","1806","","0","","N","","0 ","","","","","","","","","","2","2","0","0","0","0","0","0","0","0","0","2","2","0","0","0","0","0","0","1","0","0","0","0","0","0","0","0","0","0","0","0","0","0","0","4","0","39.9967","-75.0826","","CRASH_2001_Philadelphia"
"2002022863","06","67","67301","67301","2001","09","1","1848","18","1","1","0","8","1","","","N","00","0","00","3","0","1","2","2","N","N","39 59:08.000","75 09:55.000","1851","","1851","","0","","N","","0 ","","","","","","","","","","1","1","0","0","0","0","0","0","0","0","1","0","1","0","0","0","0","0","0","1","0","0","0","0","0","0","0","0","0","0","0","0","1","0","0","3","0","39.9856","-75.1653","","CRASH_2001_Philadelphia"
"2002023720","06","67","67301","67301","2001","08","7","0559","05","1","1","0","4","1","","","N","00","2","00","3","0","0","2","2","N","N","39 58:52.405","75 07:02.701","0609","","0600","","0","","N","","3 ","","","","","","","","","","2","2","0","0","0","0","0","0","0","0","0","0","0","0","0","0","0","1","0","0","1","0","0","2","0","0","0","0","0","0","0","0","0","0","0","0","0","39.9797","-75.1182","","CRASH_2001_Philadelphia"
"2002031511","06","67","67301","67301","2001","10","5","1630","16","1","1","0","5","1","","","N","01","2","00","3","0","1","2","2","N","N","39 57:26.699","75 09:36.723","1643","","1637","","0","","N","","3 ","","","","","","","","","","1","1","0","0","0","0","0","0","0","0","0","1","1","0","0","0","0","0","0","0","0","0","0","1","0","0","0","0","0","0","0","0","1","0","0","4","0","39.9574","-75.1603","","CRASH_2001_Philadelphia"
"2001401430","06","67","67301","67301","2001","11","2","1226","12","1","1","0","4","1","","","N","01","2","00","3","1","1","2","2","N","N","","","9999","","9999","","0","","N","9","3 ","","","","","","","","","","2","2","0","0","0","0","0","0","0","0","0","1","1","0","0","0","0","0","0","0","0","0","1","0","0","0","0","0","0","0","0","0","0","0","0","1","0","","","0 ","CRASH_2001_Philadelphia"
"2002026373","06","67","67301","67301","2001","09","4","1843","18","1","1","0","1","2","","","N","00","0","00","3","0","0","2","2","N","N","39 56:47.043","75 08:31.667","1845","","1843","1","1","1","N","","0 ","N","","","","","","","","","2","2","0","0","0","0","0","0","0","0","0","0","0","0","0","0","0","0","0","0","0","0","0","0","0","0","0","0","0","0","0","0","0","0","0","0","0","39.9462","-75.1422","","CRASH_2001_Philadelphia"
"2002023729","06","67","67301","67301","2001","08","4","2020","20","3","1","0","8","1","","","N","00","0","00","3","0","1","3","2","N","N","39 54:15.380","75 14:26.475","2115","","2111","","0","","N","","0 ","","","","","","","","","","1","1","0","0","0","0","0","0","0","1","0","0","1","0","0","0","0","0","0","0","0","0","0","0","0","0","0","0","0","0","0","0","1","0","1","2","0","39.9042","-75.2403","","CRASH_2001_Philadelphia"
"2002031081","06","67","67301","67301","2001","09","7","2045","20","3","1","0","7","7","","","N","00","2","02","3","0","1","5","1","N","N","","","2052","","2046","","0","","Y","","3 ","","","","","","","","","","1","1","0","0","0","0","0","0","0","0","0","1","1","0","0","0","0","0","0","0","1","0","0","3","0","0","0","0","0","0","0","0","0","0","0","4","0","","","","CRASH_2001_Philadelphia"
"2002034266","06","67","67301","67301","2001","11","6","1445","14","1","1","0","8","1","","","N","01","2","00","3","0","1","3","2","N","N","39 58:28.370","75 11:00.515","1455","","1450","","0","","N","","3 ","","","","","","","","","","1","1","0","0","0","0","0","0","0","0","0","1","1","0","0","0","0","0","0","0","0","1","0","0","0","0","0","0","0","0","0","0","1","0","0","4","0","39.9746","-75.1835","","CRASH_2001_Philadelphia"
"2002039935","06","67","67301","67301","2001","12","1","0123","01","3","1","0","7","4","","","N","00","0","02","3","0","2","3","1","N","N","","","0125","","9999","","0","","N","","0 ","","","","","","","","","","1","1","0","0","0","0","0","0","0","0","1","1","2","0","0","0","0","0","1","0","0","0","0","1","0","0","0","0","0","0","0","0","0","0","0","3","0","","","","CRASH_2001_Philadelphia"
"2002026879","06","67","67301","67301","2001","08","2","2200","22","2","1","0","5","1","","","N","00","0","03","3","0","1","4","2","N","N","","","2210","","2200","1","1","4","N","","0 ","Y","","","","","","","","","2","1","0","0","1","0","0","0","0","0","0","1","1","0","0","0","0","0","0","1","0","0","0","1","0","0","0","0","0","0","0","0","0","0","0","4","0","","","","CRASH_2001_Philadelphia"
"2002027378","06","67","67301","67301","2001","09","1","2245","22","3","1","0","7","3","","","N","00","0","00","3","0","0","1","1","N","N","","","2247","","2245","1","1","1","N","","0 ","N","","","","","","","","","1","1","0","0","0","0","0","0","0","0","0","0","0","0","1","0","0","0","0","0","0","0","0","0","0","0","0","0","0","0","0","0","0","0","0","9","0","","","","CRASH_2001_Philadelphia"
"2002028723","06","67","67301","67301","2001","09","5","1710","17","4","2","1","6","1","","","N","01","2","00","3","0","0","3","2","N","N","40 02:44.880","74 59:40.920","1715","","1712","","0","","N","","3 ","","","","","","","","","","2","2","0","0","0","0","0","0","0","0","0","0","0","0","0","0","0","0","0","0","0","0","0","1","0","0","0","0","0","0","0","0","0","0","0","0","0","40.0458","-74.9947","","CRASH_2001_Philadelphia"
"2002033601","06","67","67301","67301","2001","11","7","1135","11","1","1","0","7","9","","","N","00","0","00","3","0","1","1","1","N","N","","","1145","","1140","1","1","2","N","","0 ","N","","","","","","","","","1","1","0","0","0","0","0","0","0","0","0","1","1","0","0","0","0","0","0","0","0","0","0","0","0","0","0","0","0","0","0","0","0","0","0","4","0","","","","CRASH_2001_Philadelphia"
"2002046783","06","67","67301","67301","2001","10","6","2000","20","3","1","0","8","1","","","N","01","2","00","3","0","1","2","2","N","N","39 57:01.838","75 13:36.836","2017","","2011","","0","","N","","3 ","","","","","","","","","","1","1","0","0","0","0","0","0","0","0","1","0","1","0","1","0","0","0","0","0","0","0","0","0","0","0","0","0","0","0","0","0","1","0","0","3","0","39.9504","-75.2269","","CRASH_2001_Philadelphia"
"2002040137","06","67","67301","67301","2001","12","1","1225","12","1","1","1","6","1","","","N","01","2","00","3","0","2","2","2","N","N","40 05:05.615","75 01:30.351","1238","","1235","","0","","N","","3 ","","","","","","","","","","2","2","0","0","0","0","0","0","0","0","0","2","2","0","0","0","0","0","0","0","0","1","0","0","0","0","0","0","0","0","0","0","0","0","0","4","0","40.0849","-75.0252","","CRASH_2001_Philadelphia"
"2002004303","06","67","67301","67301","2001","06","4","2315","23","3","1","0","5","6","","","N","00","0","00","3","0","1","1","3","N","N","","","2320","","2315","","0","","N","","0 ","","","","","","","","","","3","3","0","0","0","0","0","0","0","0","1","0","1","0","0","0","0","0","0","0","0","0","0","0","0","0","0","0","0","0","0","0","0","0","0","3","0","","","","CRASH_2001_Philadelphia"
"2002004467","06","67","67301","46104","2001","07","3","1518","15","1","2","1","1","1","","","N","00","0","00","3","0","1","2","2","N","N","40 00:25.429","75 12:50.979","1530","","1520","","0","","N","","0 ","","","","","","","","","","2","2","0","0","0","0","0","0","0","0","0","1","1","0","0","0","0","0","0","0","1","0","0","0","0","0","0","0","0","0","0","0","0","0","0","4","0","40.0071","-75.2141","","CRASH_2001_Philadelphia"
"2002007876","06","67","67301","67301","2001","06","7","1145","11","8","6","1","7","4","","","N","07","0","02","3","0","0","1","1","N","N","40 00:55.800","75 10:37.200","1152","","1149","","0","","N","","0 ","","","","","","","","","","1","1","0","0","0","0","0","0","0","0","0","0","0","0","0","0","0","0","0","0","0","0","0","0","0","0","0","0","0","0","0","0","0","0","0","0","0","40.0155","-75.1769","","CRASH_2001_Philadelphia"
"2002037101","06","67","67301","67301","2001","11","3","1510","15","1","1","0","1","1","","","N","01","3","00","3","0","0","4","2","N","N","39 59:14.428","75 15:19.817","1605","","1555","","0","","N","","3 ","","","","","","","","","","2","2","0","0","0","0","0","0","0","0","0","0","0","0","4","0","0","0","0","0","0","0","0","0","0","0","0","0","0","0","0","0","0","0","0","9","0","39.9875","-75.2557","","CRASH_2001_Philadelphia"
"2002004745","06","67","67301","67301","2001","10","3","2015","20","3","1","0","4","1","","","N","01","2","00","3","0","1","3","3","N","N","40 03:28.831","75 03:34.539","2002","","2000","","0","","N","","3 ","","","","","","","","","","3","3","0","0","0","0","0","0","0","0","1","0","1","0","0","0","1","0","0","0","0","0","0","0","0","0","0","0","0","0","0","0","0","0","0","3","0","40.058","-75.0596","","CRASH_2001_Philadelphia"
"2002021988","06","67","67301","67301","2001","08","3","1330","13","1","1","0","8","1","","","N","00","0","00","3","0","1","2","2","N","N","39 57:14.905","75 09:39.021","1405","","1400","","0","","N","","0 ","","","","","","","","","","1","0","0","0","1","0","0","0","0","0","0","1","1","0","0","0","0","0","0","0","0","0","0","0","0","0","0","0","0","0","0","0","1","0","0","4","0","39.9541","-75.1608","","CRASH_2001_Philadelphia"
"2002026324","06","67","67301","67301","2001","09","2","1500","15","1","1","0","5","1","","","N","00","0","00","3","0","1","3","3","N","N","","","1526","","1526","","0","","N","","0 ","","","","","","","","","","2","1","0","0","0","0","0","0","1","0","0","1","1","0","0","0","0","0","0","0","0","0","0","0","0","0","0","0","0","0","0","0","0","0","0","4","0","","","","CRASH_2001_Philadelphia"
"2002028540","06","67","67301","67301","2001","09","2","2120","21","1","1","0","4","1","","","N","01","2","00","3","0","1","2","2","N","N","39 55:24.193","75 13:54.683","2138","","2135","","0","","N","","3 ","","","","","","","","","","1","1","0","0","0","0","0","0","1","0","1","0","1","0","0","0","0","0","0","0","0","0","0","0","0","0","0","0","0","0","0","0","0","0","0","3","0","39.9234","-75.2317","","CRASH_2001_Philadelphia"
"2002029458","06","67","67301","67301","2001","09","7","0758","07","1","1","0","5","2","","","N","01","0","00","3","0","1","2","2","N","N","39 57:06.852","75 10:19.847","0810","","0759","","0","","N","","0 ","","","","","","","","","","1","1","0","0","0","0","0","0","1","0","1","0","1","0","1","0","0","0","0","0","0","0","0","0","0","0","0","0","0","0","0","0","0","0","0","3","0","39.9504","-75.1727","","CRASH_2001_Philadelphia"
"2002018483","06","67","67301","67301","2001","07","1","1640","16","1","1","1","1","1","","","N","00","0","00","3","0","1","2","2","N","N","39 59:36.108","75 06:34.405","1655","","1650","","0","","N","","0 ","","","","","","","","","","2","2","0","0","0","0","0","0","0","0","0","1","1","0","0","0","0","0","0","0","0","0","1","0","0","0","0","0","0","0","0","0","0","0","0","4","0","39.9933","-75.1095","","CRASH_2001_Philadelphia"
"2002010556","06","67","67301","67301","2001","06","4","1030","10","1","1","0","7","4","1","4","Y","00","0","00","3","0","2","2","2","N","N","39 53:07.800","75 14:38.400","1049","55","1032","1","2","2","Y","","0 ","Y","N","","","U","Y","","","Y","1","1","0","0","0","0","0","0","0","0","0","2","2","0","0","0","0","0","0","0","1","0","0","0","0","0","0","0","0","0","0","0","0","0","0","4","0","39.8854","-75.2437","","CRASH_2001_Philadelphia"
"2002021977","06","67","67301","67301","2001","08","5","1757","17","1","1","0","4","1","","","N","02","2","00","3","0","2","3","3","N","N","40 01:37.821","75 06:25.875","1800","","1757","1","2","2","N","","3 ","Y","","","","","","","","","3","1","0","0","2","0","0","0","0","2","0","0","2","0","0","0","0","0","0","0","0","0","0","0","0","0","0","0","0","0","0","0","0","0","0","2","0","40.0278","-75.1065","","CRASH_2001_Philadelphia"
"2002029729","06","67","67301","67301","2001","09","1","0131","01","3","1","0","2","1","","","N","02","1","00","3","0","2","3","2","N","N","39 58:51.456","75 14:10.911","0135","","0131","2","2","5","N","","3 ","Y","","","","","","","","","2","2","0","0","0","0","0","0","0","0","1","1","2","0","0","0","0","0","0","0","1","0","0","0","0","0","0","0","0","0","0","0","0","0","0","3","0","39.981","-75.2362","","CRASH_2001_Philadelphia"
"2002017141","06","67","67301","67301","2001","07","7","1905","19","1","1","0","5","1","","","N","01","2","00","3","0","1","2","2","N","N","39 56:17.646","75 11:55.216","1911","","1906","","0","","N","","3 ","","","","","","","","","","2","2","0","0","0","0","0","0","0","0","0","1","1","0","0","0","0","0","0","0","0","0","0","0","0","0","0","0","0","0","0","0","0","0","0","4","0","39.937","-75.1994","","CRASH_2001_Philadelphia"
"2002031565","06","67","67301","67301","2001","10","7","0000","00","3","1","0","7","2","","","N","00","0","00","3","0","0","2","1","N","N","40 00:38.234","75 03:46.657","0015","","0005","","0","","N","","0 ","","","","","","","","","","1","1","0","0","0","0","0","0","0","0","0","0","0","0","0","0","0","0","0","0","0","0","0","0","0","0","0","0","0","0","0","0","0","0","0","0","0","40.0034","-75.0775","","CRASH_2001_Philadelphia"
"2002039455","06","67","67301","67301","2001","12","3","0030","00","3","1","0","4","1","","","N","01","2","00","3","0","1","2","2","N","N","39 54:14.907","75 14:26.329","0040","","0035","","0","","N","","3 ","","","","","","","","","","2","2","0","0","0","0","0","0","0","0","1","0","1","0","0","0","0","0","0","0","1","0","0","0","0","0","0","0","0","0","0","0","0","0","0","3","0","39.904","-75.2401","","CRASH_2001_Philadelphia"
"2002026307","06","67","67301","67301","2001","08","6","1440","14","1","1","0","4","1","","","N","00","0","00","3","0","1","2","2","N","N","39 59:56.000","75 13:09.000","1454","","1450","","0","","N","","0 ","","","","","","","","","","2","2","0","0","0","0","0","0","0","0","0","1","1","0","0","0","0","0","0","0","1","0","0","0","0","0","0","0","0","0","0","0","0","0","0","4","0","39.9989","-75.2192","","CRASH_2001_Philadelphia"
"2002036252","06","67","67301","67301","2001","10","7","1749","17","1","1","0","2","1","","","N","01","2","00","3","0","0","3","3","N","N","40 02:58.690","75 03:29.896","1752","","1751","","0","","N","","3 ","","","","","","","","","","3","3","0","0","0","0","0","0","0","0","0","0","0","0","0","0","0","0","0","0","0","0","0","0","0","0","0","0","0","0","0","0","0","0","0","0","0","40.0496","-75.0582","","CRASH_2001_Philadelphia"
"2002017885","06","67","67301","67301","2001","08","4","0110","01","3","1","0","7","3","1","4","Y","00","0","00","3","0","1","1","1","N","N","40 02:29.861","75 12:58.283","0115","35","0110","","0","","Y","","0 ","","N","","","U","","","","Y","1","1","0","0","0","0","0","0","0","0","1","0","1","0","0","0","0","0","0","0","0","0","0","0","0","0","0","0","0","0","0","0","0","0","0","3","0","40.0418","-75.2164","","CRASH_2001_Philadelphia"
"2002026467","06","67","67301","67301","2001","07","5","1430","14","1","1","0","5","1","","","N","00","0","00","3","0","1","2","2","N","N","39 59:59.758","75 06:55.328","9999","","9999","","0","","N","","0 ","","","","","","","","","","1","1","0","0","0","0","0","0","1","0","0","1","1","0","0","0","0","0","0","0","0","0","0","0","0","0","0","0","0","0","0","0","0","0","0","4","0","39.9999","-75.1154","","CRASH_2001_Philadelphia"
"2001266604","06","67","67301","67301","2001","08","6","1430","14","1","1","0","4","1","","","N","01","2","00","3","0","2","3","2","N","N","40 01:24.977","75 03:23.118","9999","","9999","","0","","N","","3 ","","","","","","","","","","2","2","0","0","0","0","0","0","0","0","2","0","2","0","0","1","0","0","0","0","1","0","0","0","0","0","0","0","0","0","0","0","0","0","0","3","0","40.0236","-75.0564","","CRASH_2001_Philadelphia"
"2002012144","06","67","67301","67301","2001","07","1","2230","22","3","1","0","4","1","","","N","01","2","00","3","0","2","4","2","N","N","39 57:25.188","75 13:31.920","2231","","2230","","0","","N","","1 ","","","","","","","","","","2","2","0","0","0","0","0","0","0","0","2","0","2","0","0","0","0","1","1","0","0","0","0","0","0","0","0","0","0","0","0","0","0","0","0","3","0","39.9569","-75.2255","","CRASH_2001_Philadelphia"
"2001400305","06","67","67301","67301","2001","04","5","0535","05","5","1","0","4","1","","","N","01","3","00","3","1","1","2","2","N","N","40 01:36.480","75 03:22.320","9999","","9999","","0","","N","9","3 ","","","","","","","","","","2","2","0","0","0","0","0","0","0","0","0","1","1","0","0","0","0","0","0","0","0","0","0","0","0","0","0","0","0","0","0","0","0","0","0","1","0","40.0267","-75.0563","2 ","CRASH_2001_Philadelphia"
"2002015183","06","67","67301","67301","2001","07","3","1540","15","1","2","1","4","1","","","N","01","3","00","3","0","1","3","2","N","N","40 04:09.480","75 04:46.560","1545","","1540","","0","","N","","2 ","","","","","","","","","","2","2","0","0","0","0","0","0","0","0","0","1","1","0","0","0","0","1","0","0","0","0","0","0","0","0","0","0","0","0","0","0","0","0","0","4","0","40.0692","-75.0797","","CRASH_2001_Philadelphia"
"2002025052","06","67","67301","67301","2001","08","7","1127","11","1","1","0","7","3","","","N","00","0","99","3","0","1","1","1","N","N","40 06:16.644","75 00:05.110","1135","","1129","","0","","N","","0 ","","","","","","","","","","1","1","0","0","0","0","0","0","0","1","0","0","1","0","0","0","0","0","0","0","0","1","0","0","0","0","0","0","0","0","0","0","0","0","0","2","0","40.1046","-75.0016","","CRASH_2001_Philadelphia"