"CRN","DISTRICT","COUNTY","MUNICIPALITY","POLICE_AGCY","CRASH_YEAR","CRASH_MONTH","DAY_OF_WEEK","TIME_OF_DAY","HOUR_OF_DAY","ILLUMINATION","WEATHER","ROAD_CONDITION","COLLISION_TYPE","RELATION_TO_ROAD","WORK_ZONE_TYPE","WORK_ZONE_LOC","WORK_ZONE_IND","INTERSECT_TYPE","TCD_TYPE","LOCATION_TYPE","URBAN_RURAL","FATAL_COUNT","INJURY_COUNT","PERSON_COUNT","TOTAL_UNITS","SCH_BUS_IND","SCH_ZONE_IND","LATITUDE","LONGITUDE","ARRIVAL_TM","CONS_ZONE_SPD_LIM","DISPATCH_TM","EST_HRS_CLOSED","LANE_CLOSED","LN_CLOSE_DIR","NTFY_HIWY_MAINT","SPEC_JURIS_CD","TCD_FUNC_CD","TFC_DETOUR_IND","WORKERS_PRES","WZ_CLOSE_DETOUR","WZ_FLAGGER","WZ_LAW_OFFCR_IND","WZ_LN_CLOSURE","WZ_MOVING","WZ_OTHER","WZ_SHLDER_MDN","VEHICLE_COUNT","AUTOMOBILE_COUNT","MOTORCYCLE_COUNT","BUS_COUNT","SMALL_TRUCK_COUNT","HEAVY_TRUCK_COUNT","SUV_COUNT","VAN_COUNT","BICYCLE_COUNT","MAJ_INJ_COUNT","MOD_INJ_COUNT","MIN_INJ_COUNT","TOT_INJ_COUNT","UNK_INJ_DEG_COUNT","UNK_INJ_PER_COUNT","DRIVER_COUNT_16YR","DRIVER_COUNT_17YR","DRIVER_COUNT_18YR","DRIVER_COUNT_19YR","DRIVER_COUNT_20YR","DRIVER_COUNT_50_64YR","DRIVER_COUNT_65_74YR","DRIVER_COUNT_75PLUS","UNBELTED_OCC_COUNT","UNB_DEATH_COUNT","UNB_MAJ_INJ_COUNT","BELTED_DEATH_COUNT","BELTED_MAJ_INJ_COUNT","MCYCLE_DEATH_COUNT","MCYCLE_MAJ_INJ_COUNT","BICYCLE_DEATH_COUNT","BICYCLE_MAJ_INJ_COUNT","PED_COUNT","PED_DEATH_COUNT","PED_MAJ_INJ_COUNT","MAX_SEVERITY_LEVEL","COMM_VEH_COUNT","DEC_LAT","DEC_LONG","RDWY_SURF_TYPE_CD","COUNTY_YEAR"
"2002025188","06","67","67301","67301","2001","08","3","0825","08","1","1","0","4","1","","","N","01","0","00","3","0","1","4","2","N","N","40 03:50.072","75 03:34.656","0825","","0825","","9","","N","","0 ","U","","","","","","","","","2","2","0","0","0","0","0","0","0","0","0","1","1","0","0","0","0","0","0","1","0","0","0","0","0","0","0","0","0","0","0","0","0","0","0","4","0","40.064","-75.0596","","CRASH_2001_Philadelphia"
"2002039494","06","67","67301","67301","2001","12","6","0105","01","6","1","0","4","1","","","N","02","2","00","3","0","1","2","2","N","N","39 57:30.514","75 14:15.079","0108","","0107","","0","","Y","","3 ","","","","","","","","","","2","2","0","0","0","0","0","0","0","0","0","1","1","0","0","0","0","0","0","0","0","0","0","0","0","0","0","0","0","0","0","0","0","0","0","4","0","39.9584","-75.2375","","CRASH_2001_Philadelphia"
"2002013095","06","67","67301","67301","2001","07","5","1115","11","1","1","0","4","1","","","N","01","2","00","3","0","2","3","2","N","N","40 03:23.760","75 02:47.400","1120","","1116","","9","","N","","3 ","U","","","","","","","","","2","2","0","0","0","0","0","0","0","0","2","0","2","0","0","0","0","0","0","0","0","1","0","0","0","0","0","0","0","0","0","0","0","0","0","3","0","40.0567","-75.0469","","CRASH_2001_Philadelphia"
"2002026539","06","67","67301","67301","2001","06","5","1813","18","1","1","0","1","1","","","N","05","2","00","3","0","3","5","3","N","N","39 55:19.706","75 11:17.671","9999","","9999","","0","","N","","3 ","","","","","","","","","","3","3","0","0","0","0","0","0","0","0","1","2","3","0","0","0","0","0","0","0","0","0","0","0","0","0","0","0","0","0","0","0","0","0","0","3","0","39.9219","-75.1906","","CRASH_2001_Philadelphia"
"2002031846","06","67","67301","67301","2001","10","1","1800","18","3","1","0","8","1","","","N","01","2","00","3","0","1","2","2","N","N","40 01:30.970","75 04:23.994","1800","","1800","","0","","N","","3 ","","","","","","","","","","1","1","0","0","0","0","0","0","0","0","1","0","1","0","0","0","0","0","0","0","1","0","0","1","0","0","0","0","0","0","0","0","1","0","0","3","0","40.0254","-75.0734","","CRASH_2001_Philadelphia"
"2002029748","06","67","67301","67301","2001","09","7","1735","17","1","1","0","8","9","","","N","01","2","00","3","0","1","2","2","N","N","39 57:35.915","75 13:29.530","1745","","1740","","0","","N","","3 ","","","","","","","","","","1","1","0","0","0","0","0","0","0","0","0","1","1","0","0","0","0","0","0","0","0","0","0","1","0","0","0","0","0","0","0","0","1","0","0","4","0","39.9599","-75.2249","","CRASH_2001_Philadelphia"
"2001287494","06","67","67301","","2001","01","6","1915","19","4","9","9","1","1","","","N","00","0","00","3","0","5","5","5","N","N","","","9999","","9999","","0","","N","","0 ","","","","","","","","","","5","1","0","0","0","0","0","0","0","0","0","0","0","0","5","0","0","0","0","0","0","0","0","0","0","0","0","0","0","0","0","0","0","0","0","9","0","","","","CRASH_2001_Philadelphia"
"2002031284","06","67","67301","67301","2001","10","7","2240","22","3","1","0","1","1","","","N","02","2","00","3","0","1","3","2","N","N","39 55:05.652","75 14:09.648","2249","","2247","","0","","N","","3 ","","","","","","","","","","2","1","0","0","1","0","0","0","0","0","0","1","1","0","1","0","0","0","0","0","0","1","0","0","0","0","0","0","0","0","0","0","0","0","0","4","0","39.9182","-75.236","","CRASH_2001_Philadelphia"
"2002037037","06","67","67301","67301","2001","11","7","1543","15","1","1","0","4","1","","","N","01","2","00","3","0","3","8","2","N","N","40 04:35.483","75 11:41.812","1639","","1632","","0","","N","","3 ","","","","","","","","","","2","2","0","0","0","0","0","0","0","0","1","2","3","0","0","0","0","0","0","0","1","0","1","0","0","0","0","0","0","0","0","0","0","0","0","3","0","40.0765","-75.1951","","CRASH_2001_Philadelphia"
"2002001059","06","67","67301","67301","2001","05","1","2100","21","3","1","1","1","1","","","N","01","2","00","3","0","4","4","2","N","N","40 01:31.780","75 07:20.700","2120","","2104","","0","","N","","3 ","","","","","","","","","","2","2","0","0","0","0","0","0","0","0","0","4","4","0","0","0","0","0","0","1","0","0","0","0","0","0","0","0","0","0","0","0","0","0","0","4","0","40.0261","-75.1219","","CRASH_2001_Philadelphia"
"2002010460","06","67","67301","67301","2001","06","5","1635","16","1","1","0","4","1","","","N","00","0","00","3","0","1","2","2","N","N","40 01:16.228","75 05:39.839","1645","","1640","","0","","N","","0 ","","","","","","","","","","1","1","0","0","0","0","0","0","1","0","0","1","1","0","0","0","0","0","0","0","0","0","0","1","0","0","0","0","0","0","0","0","0","0","0","4","0","40.0215","-75.094","","CRASH_2001_Philadelphia"
"2002020185","06","67","67301","67301","2001","08","1","0435","04","3","1","0","7","5","","","N","00","0","00","3","0","0","1","1","N","N","39 57:44.469","75 10:35.554","0440","","0435","","0","","Y","","0 ","","","","","","","","","","1","1","0","0","0","0","0","0","0","0","0","0","0","0","0","0","0","0","0","0","0","0","0","0","0","0","0","0","0","0","0","0","0","0","0","0","0","39.9616","-75.1754","","CRASH_2001_Philadelphia"
"2002022785","06","67","67301","67301","2001","07","4","2045","20","1","1","0","1","1","","","N","01","2","00","3","0","1","3","3","N","N","40 03:13.375","75 08:29.620","2200","","2045","","0","","N","","3 ","","","","","","","","","","3","3","0","0","0","0","0","0","0","0","0","1","1","0","0","0","0","0","0","0","1","0","0","0","0","0","0","0","0","0","0","0","0","0","0","4","0","40.0537","-75.1414","","CRASH_2001_Philadelphia"
"2002025317","06","67","67301","67301","2001","08","2","1413","14","1","1","0","1","1","","","N","00","0","00","3","0","1","2","2","N","N","40 02:53.645","75 08:33.953","1420","","1413","","0","","N","","0 ","","","","","","","","","","2","2","0","0","0","0","0","0","0","0","0","1","1","0","0","0","0","0","0","0","1","0","0","0","0","0","0","0","0","0","0","0","0","0","0","4","0","40.0482","-75.1427","","CRASH_2001_Philadelphia"
"2002026633","06","67","67301","67301","2001","08","7","1349","13","1","1","0","8","1","","","N","00","0","00","3","0","1","2","2","N","N","39 58:43.534","75 07:07.758","1353","","1349","1","1","5","N","","0 ","N","","","","","","","","","1","1","0","0","0","0","0","0","1","0","1","0","1","0","0","0","0","0","0","0","0","0","0","0","0","0","0","0","0","0","0","0","0","0","0","3","0","39.9775","-75.1193","","CRASH_2001_Philadelphia"
"2002043609","06","67","67301","67301","2001","12","1","1430","14","1","1","0","4","1","","","N","01","3","00","3","0","2","7","4","N","N","40 04:00.217","75 10:40.842","1440","","1438","","0","","N","","3 ","","","","","","","","","","4","4","0","0","0","0","0","0","0","0","1","1","2","0","0","0","0","0","1","0","0","0","0","0","0","0","0","0","0","0","0","0","0","0","0","3","0","40.0667","-75.178","","CRASH_2001_Philadelphia"
"2001243642","06","67","67301","67301","2001","04","7","0145","01","3","1","0","1","1","","","N","01","2","00","3","0","1","2","2","N","N","40 01:36.847","75 13:37.905","9999","","9999","","0","","N","","3 ","","","","","","","","","","2","2","0","0","0","0","0","0","0","0","0","1","1","0","0","0","0","0","0","0","0","0","0","1","0","0","0","0","0","0","0","0","0","0","0","4","0","40.0269","-75.2272","","CRASH_2001_Philadelphia"
"2001244673","06","67","67301","67301","2001","05","1","1830","18","3","1","0","9","1","","","N","00","0","00","3","0","1","1","4","N","N","","","9999","","9999","","0","","N","","0 ","","","","","","","","","","4","1","0","0","0","0","0","0","0","0","0","1","1","0","0","0","0","0","0","0","0","0","0","0","0","0","0","0","0","0","0","0","0","0","0","4","0","","","","CRASH_2001_Philadelphia"
"2002045944","06","67","67301","67301","2001","10","7","2325","23","3","1","0","1","1","","","N","00","0","00","3","0","0","8","4","N","N","40 00:20.690","75 11:46.140","2325","","2325","1","1","4","N","","0 ","N","","","","","","","","","4","4","0","0","0","0","0","0","0","0","0","0","0","0","1","0","0","0","0","0","0","1","0","0","0","0","0","0","0","0","0","0","0","0","0","9","0","40.0062","-75.197","","CRASH_2001_Philadelphia"
"2001231099","06","67","67301","67301","2001","03","2","1526","15","1","1","0","1","1","","","N","01","2","00","3","0","2","3","3","N","N","40 04:31.080","75 09:37.440","9999","","9999","","0","","N","","3 ","","","","","","","","","","3","1","0","0","0","0","2","0","0","0","0","2","2","0","0","0","0","0","0","0","0","0","0","0","0","0","0","0","0","0","0","0","0","0","0","4","0","40.0753","-75.1605","","CRASH_2001_Philadelphia"
"2001238230","06","67","67301","67301","2001","03","2","1455","14","1","1","0","1","1","","","N","00","0","00","3","0","4","4","3","N","N","40 01:35.040","75 08:51.000","9999","","9999","","0","","N","","0 ","","","","","","","","","","3","2","0","0","0","0","0","1","0","0","0","4","4","0","0","0","0","0","0","0","0","1","0","0","0","0","0","0","0","0","0","0","0","0","0","4","0","40.0263","-75.1474","","CRASH_2001_Philadelphia"
"2001243679","06","67","67301","67301","2001","05","1","1136","11","1","1","0","4","1","","","N","01","2","00","3","0","2","3","2","N","N","","","9999","","9999","","0","","N","","3 ","","","","","","","","","","2","2","0","0","0","0","0","0","0","0","1","1","2","0","0","0","0","0","0","0","0","0","0","0","0","0","0","0","0","0","0","0","0","0","0","3","0","","","","CRASH_2001_Philadelphia"
"2001288549","06","67","67301","","2001","11","2","1435","14","1","1","0","4","1","","","N","01","2","00","3","0","1","2","2","N","N","40 00:49.320","75 05:50.640","9999","","9999","","0","","N","","3 ","","","","","","","","","","2","1","0","0","0","0","0","0","0","0","0","1","1","0","0","0","0","0","0","0","0","0","0","0","0","0","0","0","0","0","0","0","0","0","0","4","0","40.0137","-75.0974","","CRASH_2001_Philadelphia"
"2002010518","06","67","67301","67301","2001","07","7","1415","14","1","1","0","5","1","","","N","00","0","06","3","0","1","2","2","N","N","40 02:42.179","75 03:14.667","1755","","1743","","0","","N","","0 ","","","","","","","","","","2","1","1","0","0","0","0","0","0","0","1","0","1","0","0","0","0","0","0","0","0","0","0","0","0","0","0","0","0","0","0","0","0","0","0","3","0","40.045","-75.0539","","CRASH_2001_Philadelphia"
"2002012659","06","67","67301","67301","2001","06","7","2146","21","3","1","0","8","1","","","N","02","2","00","3","0","1","2","2","N","N","","","2155","","2146","","0","","N","","3 ","","","","","","","","","","1","1","0","0","0","0","0","0","0","0","0","1","1","0","0","0","0","0","0","0","0","0","0","0","0","0","0","0","0","0","0","0","1","0","0","4","0","","","","CRASH_2001_Philadelphia"
"2001240186","06","67","67301","67301","2001","04","6","2335","23","3","1","0","4","1","","","N","01","2","00","3","0","2","3","3","N","N","","","9999","","9999","","0","","N","","3 ","","","","","","","","","","3","2","0","0","0","0","0","1","0","0","1","1","2","0","0","0","0","0","1","0","2","0","0","0","0","0","0","0","0","0","0","0","0","0","0","3","0","","","","CRASH_2001_Philadelphia"
"2001243106","06","67","67301","67301","2001","05","2","1005","10","1","1","0","4","1","","","N","01","3","00","3","0","1","2","2","N","N","40 00:59.839","75 05:10.881","9999","","9999","","0","","N","","3 ","","","","","","","","","","2","2","0","0","0","0","0","0","0","0","0","1","1","0","0","0","0","0","0","0","0","0","0","0","0","0","0","0","0","0","0","0","0","0","0","4","0","40.0166","-75.0864","","CRASH_2001_Philadelphia"
"2001245065","06","67","67301","67301","2001","05","6","1735","17","1","1","0","4","1","","","N","02","3","00","3","0","1","2","2","N","N","40 00:01.450","75 06:11.627","9999","","9999","","0","","N","","3 ","","","","","","","","","","2","2","0","0","0","0","0","0","0","0","0","1","1","0","0","1","0","0","0","0","1","0","0","2","0","0","0","0","0","0","0","0","0","0","0","4","0","40.0004","-75.1032","","CRASH_2001_Philadelphia"
"2002010739","06","67","67301","67301","2001","06","7","1045","10","1","1","0","6","4","","","N","00","0","00","3","0","0","1","4","N","N","40 03:16.836","75 05:26.180","1055","","1050","","0","","N","","0 ","","","","","","","","","","4","3","0","0","1","0","0","0","0","0","0","0","0","0","0","0","0","0","0","0","1","0","0","0","0","0","0","0","0","0","0","0","0","0","0","0","0","40.0547","-75.0906","","CRASH_2001_Philadelphia"
"2001288357","06","67","67301","","2001","08","4","1550","15","1","1","0","1","1","","","N","02","3","00","3","0","1","4","2","N","N","40 02:10.680","75 02:30.120","9999","","9999","","0","","N","","3 ","","","","","","","","","","2","2","0","0","0","0","0","0","0","0","1","0","1","0","0","0","0","1","0","0","0","0","0","1","0","0","0","0","0","0","0","0","0","0","0","3","0","40.0363","-75.0417","","CRASH_2001_Philadelphia"
"2002010719","06","67","67301","67301","2001","06","1","2317","23","3","1","0","1","1","","","N","01","2","00","3","0","1","6","3","N","N","40 01:27.308","75 08:00.707","2324","","2320","","0","","N","","3 ","","","","","","","","","","3","3","0","0","0","0","0","0","0","0","0","1","1","0","3","0","0","0","0","0","0","0","0","0","0","0","0","0","0","0","0","0","0","0","0","4","0","40.0242","-75.133","","CRASH_2001_Philadelphia"
"2002017240","06","67","67301","67301","2001","08","4","2300","23","3","1","0","8","1","","","N","01","2","00","3","0","1","3","2","N","N","39 59:08.000","75 06:41.000","1415","","1410","","0","","N","","3 ","","","","","","","","","","1","1","0","0","0","0","0","0","0","0","0","1","1","0","0","0","0","0","0","0","0","0","0","0","0","0","0","0","0","0","0","0","1","0","0","4","0","39.9909","-75.1016","","CRASH_2001_Philadelphia"
"2001288319","06","67","67301","","2001","08","1","1200","12","1","1","9","1","1","","","N","00","0","00","3","0","5","5","2","N","N","39 57:50.040","75 10:24.960","9999","","9999","","0","","N","","0 ","","","","","","","","","","2","0","0","0","0","0","0","0","0","0","0","1","1","0","4","0","0","0","0","0","0","0","0","0","0","0","0","0","0","0","0","0","0","0","0","4","0","39.9639","-75.1736","","CRASH_2001_Philadelphia"
"2001252100","06","67","67301","67301","2001","05","2","0610","06","1","1","0","4","1","","","N","01","3","00","3","0","1","2","2","N","N","","","9999","","9999","","0","","N","","3 ","","","","","","","","","","2","1","0","0","0","0","0","0","0","0","1","0","1","0","0","0","0","1","0","0","0","0","0","0","0","0","0","0","0","0","0","0","0","0","0","3","0","","","","CRASH_2001_Philadelphia"
"2001240043","06","67","67301","67301","2001","04","5","9999","99","3","1","0","1","1","","","N","00","0","00","3","0","0","2","2","N","N","40 00:35.280","75 09:04.680","9999","","9999","","0","","N","","0 ","","","","","","","","","","2","2","0","0","0","0","0","0","0","0","0","0","0","0","0","0","0","0","0","0","0","0","0","0","0","0","0","0","0","0","0","0","0","0","0","0","0","40.0098","-75.1511","","CRASH_2001_Philadelphia"
"2001240057","06","67","67301","67301","2001","04","1","1141","11","1","1","0","8","1","","","N","00","0","00","3","0","1","2","2","N","N","","","9999","","9999","","0","","N","","0 ","","","","","","","","","","1","0","0","0","0","0","1","0","0","0","1","0","1","0","0","0","0","0","0","0","0","0","0","1","0","0","0","0","0","0","0","0","1","0","0","3","0","","","","CRASH_2001_Philadelphia"
"2001243583","06","67","67301","67301","2001","03","6","0845","08","1","2","1","1","1","","","N","01","2","00","3","0","1","3","3","N","N","","","9999","","9999","","0","","N","","3 ","","","","","","","","","","3","2","0","0","1","0","0","0","0","0","0","1","1","0","0","0","0","0","0","0","0","0","0","0","0","0","0","0","0","0","0","0","0","0","0","4","0","","","","CRASH_2001_Philadelphia"
"2001243464","06","67","67301","67301","2001","05","2","1028","10","1","1","0","4","1","","","N","02","2","00","3","0","2","2","2","N","N","39 52:54.120","75 14:39.480","9999","","9999","","0","","N","","3 ","","","","","","","","","","2","1","0","1","0","0","0","0","0","0","1","1","2","0","0","0","0","0","0","0","0","0","0","0","0","0","0","0","0","0","0","0","0","0","0","3","1","39.8817","-75.2443","","CRASH_2001_Philadelphia"
"2002037225","06","67","67301","67301","2001","12","1","1215","12","1","1","0","7","5","","","N","00","0","00","3","0","1","1","1","N","N","40 00:26.504","75 07:23.893","1235","","1225","","0","","N","","0 ","","","","","","","","","","1","0","0","0","1","0","0","0","0","0","0","1","1","0","0","0","0","0","0","0","0","0","0","0","0","0","0","0","0","0","0","0","0","0","0","4","0","40.0073","-75.1234","","CRASH_2001_Philadelphia"
"2002016828","06","67","67301","67301","2001","07","4","1250","12","1","1","0","4","1","","","N","01","2","00","3","0","1","4","2","N","N","40 02:57.480","75 04:04.440","1256","","1252","","0","","N","","3 ","","","","","","","","","","2","2","0","0","0","0","0","0","0","0","0","1","1","0","0","0","0","0","0","0","0","0","1","0","0","0","0","0","0","0","0","0","0","0","0","4","0","40.0493","-75.0679","","CRASH_2001_Philadelphia"
"2002026359","06","67","67301","67301","2001","08","7","1838","18","1","1","1","4","1","","","N","01","2","00","3","0","3","3","2","N","N","40 00:35.000","75 09:22.032","1845","","1838","","0","","N","","3 ","","","","","","","","","","2","2","0","0","0","0","0","0","0","0","0","3","3","0","0","0","0","0","0","1","0","0","0","0","0","0","0","0","0","0","0","0","0","0","0","4","0","40.0099","-75.156","","CRASH_2001_Philadelphia"
"2002041931","06","67","67301","67301","2001","01","5","2230","22","3","1","0","1","1","","","N","01","2","00","3","0","1","3","2","N","N","40 03:54.821","75 10:05.037","2301","","2259","","0","","N","","9 ","","","","","","","","","","2","2","0","0","0","0","0","0","0","0","0","1","1","0","1","0","0","0","0","0","0","0","0","0","0","0","0","0","0","0","0","0","0","0","0","4","0","40.0652","-75.1681","","CRASH_2001_Philadelphia"
"2002049771","06","67","67301","67301","2001","01","2","1235","12","1","1","0","4","1","","","N","01","2","00","3","0","1","2","2","N","N","40 03:00.466","75 03:51.048","1240","","1235","","0","","N","","3 ","","","","","","","","","","1","0","0","0","0","1","0","0","0","0","0","1","1","0","0","0","0","0","0","0","0","0","0","0","0","0","0","0","0","0","0","0","1","0","0","4","1","40.0501","-75.0642","","CRASH_2001_Philadelphia"
"2002017238","06","67","67301","67301","2001","07","3","1248","12","1","1","0","8","1","","","N","01","9","00","3","0","1","2","2","N","N","39 59:48.427","75 06:12.178","1250","","1248","","0","","N","","9 ","","","","","","","","","","1","0","0","0","1","0","0","0","0","0","0","1","1","0","1","0","0","0","0","0","0","0","0","0","0","0","0","0","0","0","0","0","1","0","0","4","0","39.9968","-75.1034","","CRASH_2001_Philadelphia"
"2002031669","06","67","67301","67301","2001","10","6","0656","06","5","1","0","4","1","","","N","02","3","00","3","0","0","4","2","N","N","39 59:07.961","75 06:13.374","0702","","0657","","0","","N","","3 ","","","","","","","","","","2","2","0","0","0","0","0","0","0","0","0","0","0","0","0","0","0","0","0","0","0","0","0","0","0","0","0","0","0","0","0","0","0","0","0","0","0","39.9855","-75.1038","","CRASH_2001_Philadelphia"
"2002039650","06","67","67301","67301","2001","12","7","1828","18","3","2","1","1","7","","","N","03","0","00","3","0","2","3","2","N","N","39 57:37.800","75 08:26.880","1840","","1832","1","1","4","N","","0 ","N","","","","","","","","","2","2","0","0","0","0","0","0","0","0","0","2","2","0","1","0","0","0","0","0","0","0","0","2","0","0","0","0","0","0","0","0","0","0","0","4","0","39.9599","-75.1412","","CRASH_2001_Philadelphia"
"2002042814","06","67","67301","67301","2001","12","5","1125","11","1","1","0","8","1","","","N","01","2","00","3","0","3","4","4","N","N","40 00:06.079","75 09:10.891","1126","","1125","","0","","N","","3 ","","","","","","","","","","1","1","0","0","0","0","0","0","0","0","0","3","3","0","0","0","0","0","0","0","0","0","0","0","0","0","0","0","0","0","0","0","3","0","0","4","0","40.0016","-75.1528","","CRASH_2001_Philadelphia"
"2002026503","06","67","67301","67301","2001","07","3","0850","08","1","1","0","7","4","","","N","00","0","07","3","0","3","35","1","N","N","","","9999","","9999","","0","","N","","0 ","","","","","","","","","","1","0","0","1","0","0","0","0","0","0","0","3","3","0","0","0","0","0","0","0","0","0","0","0","0","0","0","0","0","0","0","0","0","0","0","4","1","","","","CRASH_2001_Philadelphia"
"2002026542","06","67","67301","67301","2001","08","1","2015","20","3","1","0","4","1","","","N","01","2","02","3","0","4","6","2","N","N","39 54:37.440","75 09:03.600","9999","","2020","","0","","N","","3 ","","","","","","","","","","2","2","0","0","0","0","0","0","0","0","0","4","4","0","0","0","0","0","0","0","0","0","0","0","0","0","0","0","0","0","0","0","0","0","0","4","0","39.9104","-75.151","","CRASH_2001_Philadelphia"
"2001240149","06","67","67301","67301","2001","04","4","9999","99","1","1","0","6","1","","","N","01","2","00","3","0","1","2","2","N","N","39 57:20.880","75 13:32.880","9999","","9999","","0","","N","","3 ","","","","","","","","","","2","1","0","0","0","0","0","1","0","0","0","1","1","0","0","0","0","0","0","0","0","0","0","0","0","0","0","0","0","0","0","0","0","0","0","4","0","39.9558","-75.2258","","CRASH_2001_Philadelphia"
"2001244861","06","67","67301","67301","2001","05","5","1339","13","1","1","0","8","1","","","N","00","0","00","3","0","1","2","2","N","N","","","9999","","9999","","0","","N","","0 ","","","","","","","","","","1","1","0","0","0","0","0","0","0","0","1","0","1","0","0","0","0","0","0","0","0","0","0","0","0","0","0","0","0","0","0","0","1","0","0","3","0","","","","CRASH_2001_Philadelphia"
"2001266443","06","67","67301","67301","2001","07","2","0718","07","1","1","0","7","5","","","N","01","2","00","3","0","0","2","1","N","N","","","9999","","9999","","0","","N","","3 ","","","","","","","","","","1","0","0","0","0","0","1","0","0","0","0","0","0","0","0","0","1","0","0","0","0","0","0","0","0","0","0","0","0","0","0","0","0","0","0","0","0","","","","CRASH_2001_Philadelphia"
"2001239050","06","67","67301","67301","2001","04","2","0812","08","1","1","0","8","1","","","N","01","2","00","3","0","1","3","2","N","N","39 58:10.200","75 13:31.440","9999","","9999","","0","","N","","3 ","","","","","","","","","","1","1","0","0","0","0","0","0","0","0","1","0","1","0","0","0","0","0","0","0","0","0","0","2","0","0","0","0","0","0","0","0","1","0","0","3","0","39.9695","-75.2254","","CRASH_2001_Philadelphia"
"2002014617","06","67","67301","67301","2001","07","1","1229","12","1","1","0","1","1","","","N","00","0","00","3","0","2","3","3","N","N","39 56:02.623","75 11:59.616","1235","","1229","1","1","4","Y","","0 ","N","","","","","","","","","3","2","0","0","1","0","0","0","0","0","2","0","2","0","0","0","0","0","0","0","1","0","0","3","0","0","0","0","0","0","0","0","0","0","0","3","0","39.9335","-75.2","","CRASH_2001_Philadelphia"
"2002022826","06","67","67301","67301","2001","08","2","1155","11","1","1","0","1","1","","","N","00","0","00","3","0","2","4","3","N","N","40 02:19.244","75 00:33.486","1203","","1159","2","1","2","N","","0 ","N","","","","","","","","","3","1","0","0","0","2","0","0","0","0","2","0","2","0","0","0","0","0","0","0","1","0","0","0","0","0","0","0","0","0","0","0","0","0","0","3","2","40.0375","-75.0127","","CRASH_2001_Philadelphia"
"2002028538","06","67","67301","67301","2001","09","6","2348","23","3","1","0","4","1","","","N","01","2","00","3","0","0","2","2","N","N","39 57:10.000","75 10:06.620","2357","","2351","","0","","N","","3 ","","","","","","","","","","2","2","0","0","0","0","0","0","0","0","0","0","0","0","0","0","0","0","0","0","0","0","0","2","0","0","0","0","0","0","0","0","0","0","0","0","0","39.953","-75.1685","","CRASH_2001_Philadelphia"
"2002033782","06","67","67301","67301","2001","09","4","0823","08","1","1","0","8","1","","","N","00","0","99","3","0","1","2","2","N","N","","","0826","","0826","","0","","N","","0 ","","","","","","","","","","1","1","0","0","0","0","0","0","0","0","0","1","1","0","1","0","0","0","0","0","0","0","0","0","0","0","0","0","0","0","0","0","1","0","0","4","0","","","","CRASH_2001_Philadelphia"
"2002017526","06","67","67301","67301","2001","08","3","1745","17","1","1","0","4","1","","","N","01","2","00","3","0","2","4","2","N","N","40 07:08.040","75 01:04.800","1750","","1745","","0","","N","","3 ","","","","","","","","","","2","2","0","0","0","0","0","0","0","0","0","2","2","0","0","0","0","0","0","0","0","0","0","0","0","0","0","0","0","0","0","0","0","0","0","4","0","40.1189","-75.018","","CRASH_2001_Philadelphia"
"2002037801","06","67","67301","67301","2001","11","1","1855","18","3","2","1","1","1","","","N","00","2","00","3","0","4","6","2","N","N","39 59:36.259","75 09:03.595","1915","","1902","","0","","N","","3 ","","","","","","","","","","2","1","0","1","0","0","0","0","0","0","0","4","4","0","1","0","0","0","0","0","0","0","0","0","0","0","0","0","0","0","0","0","0","0","0","4","1","39.9935","-75.1509","","CRASH_2001_Philadelphia"
"2002012142","06","67","67301","67301","2001","07","7","9999","99","3","1","0","1","1","","","N","00","0","00","3","0","0","2","3","N","N","39 56:52.080","75 13:54.840","0509","","0350","","0","","N","","0 ","","","","","","","","","","3","3","0","0","0","0","0","0","0","0","0","0","0","0","0","0","0","0","0","0","1","0","0","0","0","0","0","0","0","0","0","0","0","0","0","0","0","39.9477","-75.232","","CRASH_2001_Philadelphia"
"2002031824","06","67","67301","67301","2001","10","1","2020","20","3","1","0","1","6","","","N","00","0","00","3","0","3","3","3","N","N","","","2026","","2022","2","2","2","N","","0 ","Y","","","","","","","","","3","1","0","0","2","0","0","0","0","0","1","2","3","0","0","0","0","0","0","0","0","0","0","0","0","0","0","0","0","0","0","0","0","0","0","3","0","","","","CRASH_2001_Philadelphia"
"2001250501","06","67","67301","67301","2001","05","5","0754","07","1","1","0","4","1","","","N","00","0","07","3","0","1","2","2","N","N","39 58:39.000","75 13:38.640","9999","","9999","","0","","N","","0 ","","","","","","","","","","2","1","1","0","0","0","0","0","0","0","0","1","1","0","0","1","0","0","0","0","0","0","0","0","0","0","0","0","0","0","0","0","0","0","0","4","0","39.9775","-75.2273","","CRASH_2001_Philadelphia"
"2002012217","06","67","67301","67301","2001","07","6","1635","16","1","1","0","1","1","","","N","01","2","00","3","0","2","7","4","N","N","40 00:29.348","75 12:41.201","1648","","1638","","0","","N","","3 ","","","","","","","","","","4","4","0","0","0","0","0","0","0","0","0","2","2","0","0","0","0","0","0","0","0","0","0","0","0","0","0","0","0","0","0","0","0","0","0","4","0","40.0085","-75.2107","","CRASH_2001_Philadelphia"