"CRN","DISTRICT","COUNTY","MUNICIPALITY","POLICE_AGCY","CRASH_YEAR","CRASH_MONTH","DAY_OF_WEEK","TIME_OF_DAY","HOUR_OF_DAY","ILLUMINATION","WEATHER","ROAD_CONDITION","COLLISION_TYPE","RELATION_TO_ROAD","WORK_ZONE_TYPE","WORK_ZONE_LOC","WORK_ZONE_IND","INTERSECT_TYPE","TCD_TYPE","LOCATION_TYPE","URBAN_RURAL","FATAL_COUNT","INJURY_COUNT","PERSON_COUNT","TOTAL_UNITS","SCH_BUS_IND","SCH_ZONE_IND","LATITUDE","LONGITUDE","ARRIVAL_TM","CONS_ZONE_SPD_LIM","DISPATCH_TM","EST_HRS_CLOSED","LANE_CLOSED","LN_CLOSE_DIR","NTFY_HIWY_MAINT","SPEC_JURIS_CD","TCD_FUNC_CD","TFC_DETOUR_IND","WORKERS_PRES","WZ_CLOSE_DETOUR","WZ_FLAGGER","WZ_LAW_OFFCR_IND","WZ_LN_CLOSURE","WZ_MOVING","WZ_OTHER","WZ_SHLDER_MDN","VEHICLE_COUNT","AUTOMOBILE_COUNT","MOTORCYCLE_COUNT","BUS_COUNT","SMALL_TRUCK_COUNT","HEAVY_TRUCK_COUNT","SUV_COUNT","VAN_COUNT","BICYCLE_COUNT","MAJ_INJ_COUNT","MOD_INJ_COUNT","MIN_INJ_COUNT","TOT_INJ_COUNT","UNK_INJ_DEG_COUNT","UNK_INJ_PER_COUNT","DRIVER_COUNT_16YR","DRIVER_COUNT_17YR","DRIVER_COUNT_18YR","DRIVER_COUNT_19YR","DRIVER_COUNT_20YR","DRIVER_COUNT_50_64YR","DRIVER_COUNT_65_74YR","DRIVER_COUNT_75PLUS","UNBELTED_OCC_COUNT","UNB_DEATH_COUNT","UNB_MAJ_INJ_COUNT","BELTED_DEATH_COUNT","BELTED_MAJ_INJ_COUNT","MCYCLE_DEATH_COUNT","MCYCLE_MAJ_INJ_COUNT","BICYCLE_DEATH_COUNT","BICYCLE_MAJ_INJ_COUNT","PED_COUNT","PED_DEATH_COUNT","PED_MAJ_INJ_COUNT","MAX_SEVERITY_LEVEL","COMM_VEH_COUNT","DEC_LAT","DEC_LONG","RDWY_SURF_TYPE_CD","COUNTY_YEAR"
"2002012719","06","67","67301","67301","2001","06","4","2230","22","3","1","0","4","1","","","N","01","2","00","3","0","4","5","2","N","N","39 57:31.092","75 09:56.443","2235","","2230","","0","","N","","3 ","","","","","","","","","","2","2","0","0","0","0","0","0","0","0","0","4","4","0","0","0","0","0","0","0","1","0","0","0","0","0","0","0","0","0","0","0","0","0","0","4","0","39.9585","-75.1656","","CRASH_2001_Philadelphia"
"2002024209","06","67","67301","67301","2001","05","7","1833","18","1","6","1","2","1","","","N","00","0","00","3","0","1","2","4","N","N","","","1836","","1834","","0","","N","","0 ","","","","","","","","","","4","4","0","0","0","0","0","0","0","1","0","0","1","0","0","0","0","0","0","0","0","0","0","0","0","0","0","0","0","0","0","0","0","0","0","2","0","","","","CRASH_2001_Philadelphia"
"2001265472","06","67","67301","67301","2001","07","7","1830","18","1","1","0","4","1","","","N","01","3","00","3","0","1","2","2","N","N","39 59:18.960","75 09:40.320","9999","","9999","","0","","N","","3 ","","","","","","","","","","1","0","0","0","0","0","0","0","1","0","0","1","1","0","0","0","0","0","0","0","0","0","0","0","0","0","0","0","0","0","0","0","0","0","0","4","0","39.9886","-75.1612","","CRASH_2001_Philadelphia"
"2001288287","06","67","67301","","2001","07","2","1000","10","1","1","0","4","1","","","N","02","9","00","3","0","1","2","2","N","N","39 57:19.800","75 09:52.560","9999","","9999","","0","","N","","9 ","","","","","","","","","","2","1","0","0","0","1","0","0","0","0","1","0","1","0","0","0","0","0","0","0","0","0","0","0","0","0","0","0","0","0","0","0","0","0","0","3","0","39.9555","-75.1646","","CRASH_2001_Philadelphia"
"2001239925","06","67","67301","67301","2001","04","1","1158","11","1","1","0","1","1","","","N","00","1","07","3","0","1","3","2","N","N","40 01:54.840","75 01:14.160","9999","","9999","","0","","N","","3 ","","","","","","","","","","2","1","0","0","1","0","0","0","0","0","0","1","1","0","0","0","0","0","1","0","0","0","0","0","0","0","0","0","0","0","0","0","0","0","0","4","0","40.0318","-75.0207","","CRASH_2001_Philadelphia"
"2001244654","06","67","67301","67301","2001","05","4","1800","18","1","1","0","8","1","","","N","01","9","00","3","0","1","2","2","N","N","40 00:35.640","75 09:21.960","9999","","9999","","0","","N","","9 ","","","","","","","","","","1","1","0","0","0","0","0","0","0","0","0","1","1","0","0","0","0","0","0","0","0","0","0","0","0","0","0","0","0","0","0","0","1","0","0","4","0","40.0099","-75.1561","","CRASH_2001_Philadelphia"
"2001244706","06","67","67301","67301","2001","05","2","1545","15","1","1","0","4","1","","","N","01","3","00","3","0","1","4","2","N","N","40 01:32.520","75 07:31.800","9999","","9999","","0","","N","","3 ","","","","","","","","","","2","2","0","0","0","0","0","0","0","0","0","1","1","0","0","0","0","0","0","0","0","0","1","0","0","0","0","0","0","0","0","0","0","0","0","4","0","40.0257","-75.1251","","CRASH_2001_Philadelphia"
"2002008906","06","67","67301","67301","2001","06","6","1500","15","1","1","0","8","1","","","N","01","2","00","3","0","1","2","2","N","N","39 57:35.915","75 13:29.530","1500","","1500","","0","","N","","3 ","","","","","","","","","","1","1","0","0","0","0","0","0","0","0","0","1","1","0","0","0","0","0","0","0","0","1","0","0","0","0","0","0","0","0","0","0","1","0","0","4","0","39.9599","-75.2249","","CRASH_2001_Philadelphia"
"2002037048","06","67","67301","67301","2001","11","1","1730","17","2","2","1","1","1","","","N","00","0","00","3","0","5","6","2","N","N","40 03:09.991","75 02:23.189","1735","","0730","","0","","N","","0 ","","","","","","","","","","2","2","0","0","0","0","0","0","0","0","0","5","5","0","0","0","0","0","0","0","0","0","0","0","0","0","0","0","0","0","0","0","0","0","0","4","0","40.0529","-75.0397","","CRASH_2001_Philadelphia"
"2002045801","06","67","67301","67301","2001","10","7","1400","14","1","1","1","1","1","","","N","01","9","00","3","0","1","9","3","N","N","39 56:25.177","75 14:11.944","1408","","1405","","0","","N","","9 ","","","","","","","","","","3","3","0","0","0","0","0","0","0","0","0","1","1","0","0","0","0","0","0","0","0","0","0","0","0","0","0","0","0","0","0","0","0","0","0","4","0","39.9404","-75.2366","","CRASH_2001_Philadelphia"
"2002023696","06","67","67301","67301","2001","08","7","0254","02","3","1","0","2","1","","","N","01","2","00","3","0","2","2","2","N","N","39 57:44.185","75 09:40.633","0258","","0257","","0","","N","","3 ","","","","","","","","","","2","1","0","0","1","0","0","0","0","0","0","2","2","0","0","0","0","0","0","0","0","0","0","0","0","0","0","0","0","0","0","0","0","0","0","4","0","39.9623","-75.1614","","CRASH_2001_Philadelphia"
"2002007926","06","67","67301","67301","2001","06","5","1710","17","1","1","0","4","1","","","N","01","0","00","3","0","3","5","3","N","N","40 01:52.368","75 01:18.578","1750","","1740","","0","","N","","0 ","","","","","","","","","","3","3","0","0","0","0","0","0","0","0","1","2","3","0","0","0","0","0","0","0","0","0","1","0","0","0","0","0","0","0","0","0","0","0","0","3","0","40.0312","-75.0217","","CRASH_2001_Philadelphia"
"2002031694","06","67","67301","67301","2001","09","1","0520","05","3","1","0","7","4","","","N","00","9","00","3","0","1","1","1","N","N","40 02:30.480","75 06:44.640","0524","","0520","","0","","N","","9 ","","","","","","","","","","1","1","0","0","0","0","0","0","0","0","1","0","1","0","0","0","0","0","0","0","0","0","0","0","0","0","0","0","0","0","0","0","0","0","0","3","0","40.0418","-75.1124","","CRASH_2001_Philadelphia"
"2002044317","06","67","67301","67301","2001","11","5","1805","18","1","1","0","4","1","","","N","01","2","00","3","0","1","4","3","N","N","40 05:03.624","75 02:18.100","1809","","1807","","9","","N","","3 ","U","","","","","","","","","3","3","0","0","0","0","0","0","0","0","0","1","1","0","1","0","0","0","0","0","1","0","1","0","0","0","0","0","0","0","0","0","0","0","0","4","0","40.0845","-75.0384","","CRASH_2001_Philadelphia"
"2002045846","06","67","67301","67301","2001","11","4","1920","19","3","1","0","1","1","","","N","00","0","07","3","0","2","3","2","N","N","40 00:04.496","75 09:10.801","1934","","1926","","0","","N","","0 ","","","","","","","","","","2","1","0","0","1","0","0","0","0","0","0","2","2","0","0","0","0","0","0","1","0","0","0","0","0","0","0","0","0","0","0","0","0","0","0","4","0","40.001","-75.1529","","CRASH_2001_Philadelphia"
"2002059858","06","67","67301","67301","2001","12","4","1200","12","3","1","0","4","1","","","N","01","3","00","3","0","2","3","2","N","N","","","1201","","9999","","0","","N","","1 ","","","","","","","","","","2","2","0","0","0","0","0","0","0","0","0","2","2","0","0","0","1","0","0","0","0","0","0","0","0","0","0","0","0","0","0","0","0","0","0","4","0","","","","CRASH_2001_Philadelphia"
"2002012221","06","67","67301","67301","2001","07","4","1435","14","1","1","0","1","1","","","N","01","2","00","3","0","2","4","2","N","N","39 56:40.920","75 14:35.880","1459","","1443","","0","","N","","3 ","","","","","","","","","","2","2","0","0","0","0","0","0","0","0","0","2","2","0","0","0","0","0","0","0","0","0","0","0","0","0","0","0","0","0","0","0","0","0","0","4","0","39.9447","-75.2435","","CRASH_2001_Philadelphia"
"2002048190","06","67","67301","67301","2001","10","7","0907","09","1","1","0","4","1","","","N","05","2","00","3","0","1","2","2","N","N","39 57:27.912","75 09:50.847","0908","","0908","","0","","Y","","3 ","","","","","","","","","","2","2","0","0","0","0","0","0","0","0","0","1","1","0","0","0","0","0","0","0","0","0","0","0","0","0","0","0","0","0","0","0","0","0","0","4","0","39.9579","-75.1641","","CRASH_2001_Philadelphia"
"2002007883","06","67","67301","67301","2001","06","6","1034","10","1","1","0","4","1","","","N","01","0","00","3","0","0","3","2","N","N","39 55:20.882","75 11:09.617","1036","","1034","","0","","N","","0 ","","","","","","","","","","2","1","0","0","1","0","0","0","0","0","0","0","0","0","0","0","0","0","0","0","1","0","0","0","0","0","0","0","0","0","0","0","0","0","0","0","0","39.9225","-75.186","","CRASH_2001_Philadelphia"
"2002016800","06","67","67301","67301","2001","07","6","1500","15","1","1","0","6","1","","","N","01","2","00","3","0","2","3","2","N","N","40 01:17.213","75 08:54.984","1230","","1227","","0","","N","","3 ","","","","","","","","","","2","1","0","0","1","0","0","0","0","0","0","2","2","0","1","0","0","0","0","1","0","0","0","0","0","0","0","0","0","0","0","0","0","0","0","4","0","40.0213","-75.1485","","CRASH_2001_Philadelphia"
"2002034677","06","67","67301","67301","2001","10","3","1125","11","1","1","0","2","1","","","N","01","2","00","3","0","1","2","2","N","N","40 05:42.061","75 00:55.312","1140","","1134","","0","","N","","3 ","","","","","","","","","","2","1","0","0","0","1","0","0","0","0","0","1","1","0","0","0","0","0","0","0","0","0","0","0","0","0","0","0","0","0","0","0","0","0","0","4","1","40.0945","-75.015","","CRASH_2001_Philadelphia"
"2002037242","06","67","67301","67301","2001","12","7","1830","18","3","1","0","1","1","","","N","00","0","00","3","0","2","6","3","N","N","40 01:53.760","75 07:02.640","1855","","1852","","0","","N","","0 ","","","","","","","","","","3","3","0","0","0","0","0","0","0","0","0","2","2","0","0","0","0","0","0","0","0","0","0","0","0","0","0","0","0","0","0","0","0","0","0","4","0","40.0316","-75.1173","","CRASH_2001_Philadelphia"
"2002039387","06","67","67301","67301","2001","11","3","9999","99","1","1","0","4","1","","","N","02","2","07","3","0","1","2","2","N","N","39 58:53.040","75 15:59.040","9999","","9999","","0","","N","","3 ","","","","","","","","","","2","1","1","0","0","0","0","0","0","1","0","0","1","0","0","0","0","0","1","0","0","0","0","0","0","0","0","0","0","1","0","0","0","0","0","2","0","39.9783","-75.2736","","CRASH_2001_Philadelphia"
"2002041958","06","67","67301","67301","2001","12","6","2220","22","3","1","1","2","1","","","N","02","0","00","3","0","1","2","2","N","N","40 01:08.378","75 09:36.181","2230","","2227","","0","","N","","0 ","","","","","","","","","","2","2","0","0","0","0","0","0","0","0","1","0","1","0","0","0","0","0","0","0","0","0","0","2","0","0","0","0","0","0","0","0","0","0","0","3","0","40.019","-75.1601","","CRASH_2001_Philadelphia"
"2002042077","06","67","67301","67301","2001","12","1","0201","02","3","1","0","1","1","","","N","01","2","00","3","0","0","2","2","N","N","40 02:13.042","75 04:47.464","0205","","0201","","0","","N","","3 ","","","","","","","","","","2","2","0","0","0","0","0","0","0","0","0","0","0","0","0","0","0","0","0","1","0","0","0","0","0","0","0","0","0","0","0","0","0","0","0","0","0","40.0369","-75.0799","","CRASH_2001_Philadelphia"
"2002044409","06","67","67301","67301","2001","11","6","2027","20","3","1","0","5","1","","","N","01","2","00","3","0","1","3","2","N","N","39 57:32.274","75 14:29.352","2049","","2038","","0","","N","","3 ","","","","","","","","","","2","2","0","0","0","0","0","0","0","0","0","1","1","0","1","0","0","0","0","0","0","0","0","0","0","0","0","0","0","0","0","0","0","0","0","4","0","39.9604","-75.2411","","CRASH_2001_Philadelphia"
"2002028444","06","67","67301","67301","2001","09","3","1305","13","1","1","0","1","1","","","N","00","7","00","3","0","2","3","2","N","N","","","1308","","1308","","0","","N","","3 ","","","","","","","","","","2","1","0","1","0","0","0","0","0","0","0","2","2","0","0","0","0","0","0","0","1","0","0","0","0","0","0","0","0","0","0","0","0","0","0","4","1","","","","CRASH_2001_Philadelphia"
"2002028466","06","67","67301","67301","2001","09","6","1115","11","1","8","8","4","1","","","N","02","0","00","3","0","2","4","4","N","N","","","1115","","1113","","0","","N","","0 ","","","","","","","","","","4","4","0","0","0","0","0","0","0","0","0","2","2","0","2","0","0","0","0","0","0","0","0","0","0","0","0","0","0","0","0","0","0","0","0","4","0","","","","CRASH_2001_Philadelphia"
"2002030879","06","67","67301","67301","2001","08","1","1150","11","1","1","0","8","6","","","N","00","0","07","3","0","1","2","2","N","N","40 02:51.406","75 03:35.551","1205","","1204","","0","","N","","0 ","","","","","","","","","","1","1","0","0","0","0","0","0","0","0","0","1","1","0","0","0","0","0","0","0","0","1","0","0","0","0","0","0","0","0","0","0","1","0","0","4","0","40.0477","-75.06","","CRASH_2001_Philadelphia"
"2002039360","06","67","67301","67301","2001","11","6","0222","02","3","1","0","7","5","","","N","00","0","00","3","0","1","1","1","N","N","39 57:45.091","75 12:49.302","0227","","0222","","0","","Y","","0 ","","","","","","","","","","1","1","0","0","0","0","0","0","0","1","0","0","1","0","0","0","0","0","0","0","0","0","0","1","0","1","0","0","0","0","0","0","0","0","0","2","0","39.9625","-75.2135","","CRASH_2001_Philadelphia"
"2002034771","06","67","67301","67301","2001","11","3","0152","01","3","5","0","5","1","","","N","00","3","00","3","0","1","2","2","N","N","39 59:33.972","75 04:57.263","1352","","1300","","0","","N","","9 ","","","","","","","","","","2","2","0","0","0","0","0","0","0","0","0","1","1","0","0","0","0","0","0","0","0","0","0","0","0","0","0","0","0","0","0","0","0","0","0","4","0","39.9926","-75.0827","","CRASH_2001_Philadelphia"
"2002037864","06","67","67301","67301","2001","11","1","2012","20","3","2","1","1","1","","","N","01","2","00","3","0","1","3","2","N","N","39 59:24.798","75 07:37.984","2015","","2012","","0","","N","","3 ","","","","","","","","","","2","1","0","0","1","0","0","0","0","0","0","1","1","0","1","0","0","0","1","0","0","0","0","0","0","0","0","0","0","0","0","0","0","0","0","4","0","39.9903","-75.127","","CRASH_2001_Philadelphia"
"2002039541","06","67","67301","67301","2001","11","6","1740","17","3","1","0","8","1","","","N","01","2","00","3","0","1","2","2","N","N","40 01:43.630","75 03:29.840","1745","","1740","","0","","N","","3 ","","","","","","","","","","1","1","0","0","0","0","0","0","0","0","0","1","1","0","0","0","0","0","0","0","1","0","0","0","0","0","0","0","0","0","0","0","1","0","0","4","0","40.0298","-75.0601","","CRASH_2001_Philadelphia"
"2002044421","06","67","67301","67301","2001","12","1","0449","04","3","1","0","7","4","","","N","00","0","00","3","0","2","2","1","N","N","40 02:12.120","75 05:17.520","0505","","0449","","0","","N","","0 ","","","","","","","","","","1","1","0","0","0","0","0","0","0","0","2","0","2","0","0","0","0","0","0","0","0","0","0","0","0","0","0","0","0","0","0","0","0","0","0","3","0","40.0368","-75.0882","","CRASH_2001_Philadelphia"
"2001238959","06","67","67301","67301","2001","04","7","0335","03","3","1","0","4","1","","","N","00","0","07","3","0","6","6","2","N","N","39 58:09.120","75 07:33.240","9999","","9999","","0","","N","","0 ","","","","","","","","","","2","2","0","0","0","0","0","0","0","0","1","0","1","0","5","0","0","0","0","0","0","0","0","0","0","0","0","0","0","0","0","0","0","0","0","3","0","39.9687","-75.127","","CRASH_2001_Philadelphia"
"2002022831","06","67","67301","67301","2001","08","7","1144","11","1","1","0","7","2","","","N","00","0","01","3","0","0","1","1","N","N","39 57:23.193","75 10:50.819","1205","","1144","","0","","N","","0 ","","","","","","","","","","1","1","0","0","0","0","0","0","0","0","0","0","0","0","0","0","0","0","0","0","0","0","0","0","0","0","0","0","0","0","0","0","0","0","0","0","0","39.9565","-75.1806","","CRASH_2001_Philadelphia"
"2001400299","06","67","67301","67301","2001","04","1","1547","15","1","1","0","4","1","","","N","01","2","00","3","1","5","6","2","N","N","40 02:40.560","75 03:16.920","9999","","9999","","0","","N","9","3 ","","","","","","","","","","2","2","0","0","0","0","0","0","0","1","0","0","1","0","4","0","0","0","0","0","0","0","0","0","0","0","0","0","0","0","0","0","0","0","0","1","0","40.0446","-75.0547","2 ","CRASH_2001_Philadelphia"
"2002007885","06","67","67301","67301","2001","06","3","1815","18","1","1","0","1","1","","","N","02","2","00","3","0","3","3","2","N","N","39 54:20.476","75 11:37.765","1825","","1815","","0","","N","","3 ","","","","","","","","","","2","2","0","0","0","0","0","0","0","1","2","0","3","0","0","0","0","0","0","0","0","0","0","0","0","0","0","0","0","0","0","0","0","0","0","2","0","39.9057","-75.1938","","CRASH_2001_Philadelphia"
"2002031050","06","67","67301","67301","2001","10","7","1335","13","1","1","0","4","2","","","N","02","3","00","3","0","2","4","2","N","N","40 01:50.072","75 09:57.907","1345","","1340","","0","","N","","3 ","","","","","","","","","","2","2","0","0","0","0","0","0","0","0","0","2","2","0","1","0","0","0","0","0","0","0","1","0","0","0","0","0","0","0","0","0","0","0","0","4","0","40.0306","-75.1661","","CRASH_2001_Philadelphia"
"2002034851","06","67","67301","67301","2001","11","6","2015","20","3","1","0","4","1","","","N","01","2","00","3","0","2","4","2","N","N","40 01:15.651","75 08:24.505","2019","","2016","","0","","N","","3 ","","","","","","","","","","2","2","0","0","0","0","0","0","0","0","0","2","2","0","0","0","0","0","0","0","0","0","0","1","0","0","0","0","0","0","0","0","0","0","0","4","0","40.0211","-75.1399","","CRASH_2001_Philadelphia"
"2001268101","06","67","67301","67301","2001","09","3","1530","15","1","1","0","6","1","","","N","02","2","00","3","0","1","4","3","N","N","40 02:00.614","75 09:02.930","9999","","9999","","0","","N","","3 ","","","","","","","","","","3","3","0","0","0","0","0","0","0","0","0","1","1","0","0","0","1","0","0","0","1","0","0","0","0","0","0","0","0","0","0","0","0","0","0","4","0","40.0335","-75.1508","","CRASH_2001_Philadelphia"
"2001287555","06","67","67301","","2001","02","5","1436","14","1","1","0","1","1","","","N","00","0","00","3","0","7","7","4","N","N","40 02:07.800","75 04:09.480","9999","","9999","","0","","N","","0 ","","","","","","","","","","4","4","0","0","0","0","0","0","0","0","0","3","3","0","4","0","0","0","0","0","1","1","0","0","0","0","0","0","0","0","0","0","0","0","0","4","0","40.0356","-75.0689","","CRASH_2001_Philadelphia"
"2002016706","06","67","67301","67301","2001","07","7","9999","99","1","1","0","4","1","","","N","01","3","00","3","0","1","2","3","N","N","","","1722","","1716","","0","","N","","3 ","","","","","","","","","","3","3","0","0","0","0","0","0","0","0","0","1","1","0","1","0","0","0","0","0","0","0","0","0","0","0","0","0","0","0","0","0","0","0","0","4","0","","","","CRASH_2001_Philadelphia"
"2002017646","06","67","67301","67301","2001","08","5","0840","08","1","1","0","4","1","","","N","01","2","00","3","0","1","2","2","N","N","40 02:00.960","75 02:48.120","0840","","0840","","0","","N","","3 ","","","","","","","","","","2","1","0","0","1","0","0","0","0","0","0","1","1","0","0","0","0","0","0","0","1","0","0","0","0","0","0","0","0","0","0","0","0","0","0","4","0","40.0336","-75.0467","","CRASH_2001_Philadelphia"
"2002012743","06","67","67301","67301","2001","07","1","1632","16","1","1","0","2","1","","","N","02","0","00","3","0","1","4","2","N","N","40 04:19.584","75 05:03.885","0016","","1632","","0","","N","","0 ","","","","","","","","","","2","2","0","0","0","0","0","0","0","0","1","0","1","0","0","0","0","0","1","0","0","0","0","0","0","0","0","0","0","0","0","0","0","0","0","3","0","40.0719","-75.0844","","CRASH_2001_Philadelphia"
"2001400734","06","67","67301","67301","2001","07","7","0300","03","3","1","0","5","1","","","N","00","0","00","3","1","0","3","2","N","N","39 58:28.200","75 11:28.320","9999","","9999","","0","","N","9","0 ","","","","","","","","","","2","1","1","0","0","0","0","0","0","0","0","0","0","0","0","0","0","0","0","1","0","0","0","0","0","0","0","0","1","0","0","0","0","0","0","1","0","39.9745","-75.1912","2 ","CRASH_2001_Philadelphia"
"2002014918","06","67","67301","67301","2001","06","5","9999","99","1","1","0","4","1","","","N","01","2","00","3","0","1","3","2","N","N","39 59:48.257","75 09:14.496","0205","","0200","","0","","N","","9 ","","","","","","","","","","2","2","0","0","0","0","0","0","0","0","0","1","1","0","0","0","0","0","0","0","1","1","0","0","0","0","0","0","0","0","0","0","0","0","0","4","0","39.9968","-75.154","","CRASH_2001_Philadelphia"
"2002020104","06","67","67301","67301","2001","07","5","1949","19","1","1","0","6","1","","","N","00","2","07","3","0","0","2","2","N","N","39 55:22.922","75 08:33.399","1900","","1850","","0","","N","","3 ","","","","","","","","","","2","1","0","0","0","1","0","0","0","0","0","0","0","0","1","0","0","0","0","0","0","1","0","0","0","0","0","0","0","0","0","0","0","0","0","9","0","39.923","-75.1426","","CRASH_2001_Philadelphia"
"2002025287","06","67","67301","67301","2001","08","6","0133","01","3","1","1","2","2","","","N","00","0","00","3","0","1","1","2","N","N","40 03:27.192","75 00:28.788","0150","","0138","","0","","N","","0 ","","","","","","","","","","2","2","0","0","0","0","0","0","0","0","0","1","1","0","0","0","0","0","0","0","0","0","0","0","0","0","0","0","0","0","0","0","0","0","0","4","0","40.0576","-75.008","","CRASH_2001_Philadelphia"
"2001248747","06","67","67301","67301","2001","05","6","1225","12","1","1","0","4","1","","","N","01","2","00","3","0","0","2","2","N","N","40 01:31.440","75 07:24.960","9999","","9999","","0","","N","","3 ","","","","","","","","","","2","1","0","0","1","0","0","0","0","0","0","0","0","0","0","0","0","0","0","0","0","0","0","0","0","0","0","0","0","0","0","0","0","0","0","0","0","40.0258","-75.1235","","CRASH_2001_Philadelphia"
"2002031580","06","67","67301","67301","2001","10","2","1019","10","1","1","0","7","4","","","N","07","0","02","3","0","1","1","1","N","N","39 59:11.040","75 05:30.120","1022","","1020","1","2","1","Y","","0 ","N","","","","","","","","","1","1","0","0","0","0","0","0","0","0","0","1","1","0","0","0","0","0","0","0","0","0","0","0","0","0","0","0","0","0","0","0","0","0","0","4","0","39.9864","-75.0918","","CRASH_2001_Philadelphia"
"2002034332","06","67","67301","67301","2001","10","4","2058","20","3","1","0","1","1","","","N","02","0","00","3","0","0","1","2","N","N","40 01:35.058","75 06:56.742","2105","","2058","","0","","N","","0 ","","","","","","","","","","2","2","0","0","0","0","0","0","0","0","0","0","0","0","0","0","0","0","0","0","0","0","0","0","0","0","0","0","0","0","0","0","0","0","0","0","0","40.0264","-75.116","","CRASH_2001_Philadelphia"
"2002040200","06","67","67301","67301","2001","12","5","0203","02","3","2","1","5","1","","","N","02","2","00","3","0","1","2","2","N","N","39 57:18.740","75 11:07.125","0210","","0205","","0","","N","","3 ","","","","","","","","","","2","1","0","1","0","0","0","0","0","0","0","1","1","0","0","0","0","0","0","0","1","0","0","0","0","0","0","0","0","0","0","0","0","0","0","4","1","39.9552","-75.1856","","CRASH_2001_Philadelphia"
"2001243468","06","67","67301","67301","2001","04","6","0120","01","3","1","0","4","1","","","N","01","2","00","3","0","4","6","5","N","N","","","9999","","9999","","0","","N","","3 ","","","","","","","","","","5","3","0","0","0","0","1","0","0","2","1","1","4","0","0","0","0","1","0","0","0","1","0","0","0","0","0","0","0","0","0","0","0","0","0","2","0","","","","CRASH_2001_Philadelphia"
"2001243540","06","67","67301","67301","2001","05","7","2137","21","3","1","0","7","5","","","N","00","0","00","3","0","1","1","1","N","N","39 59:38.760","75 09:21.960","9999","","9999","","0","","N","","0 ","","","","","","","","","","1","1","0","0","0","0","0","0","0","0","1","0","1","0","0","0","0","0","0","0","0","0","0","0","0","0","0","0","0","0","0","0","0","0","0","3","0","39.9941","-75.156","","CRASH_2001_Philadelphia"
"2002038809","06","67","67301","67301","2001","11","7","1130","11","1","1","1","4","1","","","N","01","2","00","3","0","2","2","2","N","N","40 01:59.843","75 02:16.243","1115","","1111","","0","","N","","3 ","","","","","","","","","","2","2","0","0","0","0","0","0","0","0","0","2","2","0","0","0","0","0","0","0","2","0","0","0","0","0","0","0","0","0","0","0","0","0","0","4","0","40.0332","-75.0378","","CRASH_2001_Philadelphia"
"2002040203","06","67","67301","67301","2001","12","2","0949","09","1","1","0","4","1","","","N","01","2","00","3","0","1","3","2","N","N","40 00:06.794","75 09:16.572","0959","","0954","","0","","N","","3 ","","","","","","","","","","2","1","0","1","0","0","0","0","0","0","1","0","1","0","0","0","0","0","0","0","1","0","0","0","0","0","0","0","0","0","0","0","0","0","0","3","0","40.0018","-75.1545","","CRASH_2001_Philadelphia"
"2002014600","06","67","67301","67301","2001","07","4","1559","15","1","1","0","4","1","","","N","01","2","00","3","0","1","2","2","N","N","39 57:10.726","75 10:06.585","1600","","1559","","0","","N","","3 ","","","","","","","","","","1","1","0","0","0","0","0","0","1","0","1","0","1","0","0","0","0","0","0","0","0","0","0","0","0","0","0","0","0","0","0","0","0","0","0","3","0","39.953","-75.1685","","CRASH_2001_Philadelphia"
"2002035569","06","67","67301","67301","2001","10","3","1400","14","1","1","0","8","9","","","N","02","2","00","3","0","1","2","2","N","N","39 57:19.551","75 11:59.554","1812","","1812","","0","","N","","3 ","","","","","","","","","","1","1","0","0","0","0","0","0","0","0","0","1","1","0","0","0","0","0","0","0","0","0","0","0","0","0","0","0","0","0","0","0","1","0","0","4","0","39.9538","-75.2002","","CRASH_2001_Philadelphia"
"2002038788","06","67","67301","67301","2001","09","7","2103","21","3","1","0","4","1","","","N","01","2","00","3","0","0","3","2","N","N","","","9999","","9999","","0","","N","","1 ","","","","","","","","","","2","2","0","0","0","0","0","0","0","0","0","0","0","0","0","0","0","0","0","0","0","0","0","1","0","0","0","0","0","0","0","0","0","0","0","0","0","","","","CRASH_2001_Philadelphia"
"2002037093","06","67","67301","67301","2001","11","5","1008","10","1","2","1","8","1","","","N","00","0","00","3","0","1","2","2","N","N","39 57:06.294","75 09:53.729","1031","","1012","","0","","N","","0 ","","","","","","","","","","1","1","0","0","0","0","0","0","0","0","0","1","1","0","0","0","0","0","0","0","1","0","0","0","0","0","0","0","0","0","0","0","1","0","0","4","0","39.9517","-75.1641","","CRASH_2001_Philadelphia"
"2002037682","06","67","67301","67301","2001","11","3","2200","22","3","1","0","1","6","","","N","00","0","00","3","0","0","2","2","N","N","39 59:17.496","75 09:30.205","0308","","0306","","0","","N","","0 ","","","","","","","","","","2","2","0","0","0","0","0","0","0","0","0","0","0","0","0","0","0","0","0","0","0","0","0","2","0","0","0","0","0","0","0","0","0","0","0","0","0","39.9882","-75.1584","","CRASH_2001_Philadelphia"
"2002041424","06","67","67301","67301","2001","11","3","0135","01","2","1","0","7","2","1","4","Y","00","0","02","3","0","0","1","1","N","N","40 00:41.760","75 12:14.040","0143","25","0139","5","2","1","Y","","0 ","Y","N","","","U","","","","","1","0","0","0","0","1","0","0","0","0","0","0","0","0","0","0","0","0","0","0","0","0","0","0","0","0","0","0","0","0","0","0","0","0","0","0","1","40.0115","-75.2039","","CRASH_2001_Philadelphia"