"CRN","DISTRICT","COUNTY","MUNICIPALITY","POLICE_AGCY","CRASH_YEAR","CRASH_MONTH","DAY_OF_WEEK","TIME_OF_DAY","HOUR_OF_DAY","ILLUMINATION","WEATHER","ROAD_CONDITION","COLLISION_TYPE","RELATION_TO_ROAD","WORK_ZONE_TYPE","WORK_ZONE_LOC","WORK_ZONE_IND","INTERSECT_TYPE","TCD_TYPE","LOCATION_TYPE","URBAN_RURAL","FATAL_COUNT","INJURY_COUNT","PERSON_COUNT","TOTAL_UNITS","SCH_BUS_IND","SCH_ZONE_IND","LATITUDE","LONGITUDE","ARRIVAL_TM","CONS_ZONE_SPD_LIM","DISPATCH_TM","EST_HRS_CLOSED","LANE_CLOSED","LN_CLOSE_DIR","NTFY_HIWY_MAINT","SPEC_JURIS_CD","TCD_FUNC_CD","TFC_DETOUR_IND","WORKERS_PRES","WZ_CLOSE_DETOUR","WZ_FLAGGER","WZ_LAW_OFFCR_IND","WZ_LN_CLOSURE","WZ_MOVING","WZ_OTHER","WZ_SHLDER_MDN","VEHICLE_COUNT","AUTOMOBILE_COUNT","MOTORCYCLE_COUNT","BUS_COUNT","SMALL_TRUCK_COUNT","HEAVY_TRUCK_COUNT","SUV_COUNT","VAN_COUNT","BICYCLE_COUNT","MAJ_INJ_COUNT","MOD_INJ_COUNT","MIN_INJ_COUNT","TOT_INJ_COUNT","UNK_INJ_DEG_COUNT","UNK_INJ_PER_COUNT","DRIVER_COUNT_16YR","DRIVER_COUNT_17YR","DRIVER_COUNT_18YR","DRIVER_COUNT_19YR","DRIVER_COUNT_20YR","DRIVER_COUNT_50_64YR","DRIVER_COUNT_65_74YR","DRIVER_COUNT_75PLUS","UNBELTED_OCC_COUNT","UNB_DEATH_COUNT","UNB_MAJ_INJ_COUNT","BELTED_DEATH_COUNT","BELTED_MAJ_INJ_COUNT","MCYCLE_DEATH_COUNT","MCYCLE_MAJ_INJ_COUNT","BICYCLE_DEATH_COUNT","BICYCLE_MAJ_INJ_COUNT","PED_COUNT","PED_DEATH_COUNT","PED_MAJ_INJ_COUNT","MAX_SEVERITY_LEVEL","COMM_VEH_COUNT","DEC_LAT","DEC_LONG","RDWY_SURF_TYPE_CD","COUNTY_YEAR"
"2002045152","06","67","67301","67301","2001","12","5","0815","08","1","1","0","4","1","","","N","02","3","00","3","0","0","6","2","N","N","39 58:22.780","75 07:10.687","0823","","0820","","0","","N","","3 ","","","","","","","","","","2","2","0","0","0","0","0","0","0","0","0","0","0","0","0","0","0","0","0","0","0","0","0","0","0","0","0","0","0","0","0","0","0","0","0","0","0","39.973","-75.1196","","CRASH_2001_Philadelphia"
"2002028796","06","67","67301","67301","2001","09","2","2231","22","6","1","0","8","1","","","N","00","0","01","3","0","1","2","2","N","N","39 58:58.364","75 06:58.208","2250","","2241","","0","","N","","0 ","","","","","","","","","","1","1","0","0","0","0","0","0","0","0","0","1","1","0","0","0","0","0","0","0","1","0","0","0","0","0","0","0","0","0","0","0","1","0","0","4","0","39.9816","-75.1172","","CRASH_2001_Philadelphia"
"2002032217","06","67","67301","67301","2001","10","4","1222","12","1","1","0","7","5","","","N","01","2","00","3","0","1","2","2","N","N","40 02:39.676","75 03:14.664","1235","","1222","","0","","Y","","3 ","","","","","","","","","","1","1","0","0","0","0","0","0","0","0","0","1","1","0","0","0","0","0","0","0","0","0","0","0","0","0","0","0","0","0","0","0","0","0","0","4","0","40.0446","-75.0547","","CRASH_2001_Philadelphia"
"2002037687","06","67","67301","67301","2001","11","7","1715","17","3","1","0","1","1","","","N","01","0","00","3","0","1","4","2","N","N","40 00:29.348","75 12:41.201","1922","","1920","","0","","N","","0 ","","","","","","","","","","2","2","0","0","0","0","0","0","0","0","0","1","1","0","0","0","0","0","1","0","0","0","0","0","0","0","0","0","0","0","0","0","0","0","0","4","0","40.0085","-75.2107","","CRASH_2001_Philadelphia"
"2002010516","06","67","67301","67301","2001","07","1","1100","11","1","1","0","4","1","","","N","01","2","00","3","0","1","2","2","N","N","40 04:50.280","75 01:42.294","1112","","1110","","0","","N","","3 ","","","","","","","","","","1","1","0","0","0","0","0","0","1","0","0","1","1","0","1","0","0","0","0","0","0","0","0","0","0","0","0","0","0","0","0","0","0","0","0","4","0","40.0808","-75.0286","","CRASH_2001_Philadelphia"
"2002031693","06","67","67301","67301","2001","09","6","0741","07","1","1","0","8","2","","","N","00","2","00","3","0","0","2","2","N","N","40 02:43.727","75 05:18.480","0752","","0745","","0","","N","","3 ","","","","","","","","","","1","1","0","0","0","0","0","0","0","0","0","0","0","0","1","0","0","0","0","0","0","0","0","0","0","0","0","0","0","0","0","0","1","0","0","9","0","40.0456","-75.0884","","CRASH_2001_Philadelphia"
"2002014619","06","67","67301","67301","2001","07","5","1305","13","1","1","0","2","1","","","N","00","0","00","3","0","1","2","2","N","N","","","1324","","1313","2","2","6","N","","0 ","Y","","","","","","","","","2","1","0","0","1","0","0","0","0","0","1","0","1","0","0","0","0","0","0","0","2","0","0","0","0","0","0","0","0","0","0","0","0","0","0","3","0","","","","CRASH_2001_Philadelphia"
"2002023650","06","67","67301","67301","2001","08","4","1500","15","1","1","0","4","1","","","N","01","2","00","3","0","0","3","3","N","N","39 58:54.939","75 14:21.094","1545","","1530","","0","","Y","","3 ","","","","","","","","","","3","3","0","0","0","0","0","0","0","0","0","0","0","0","0","0","0","0","0","1","0","0","0","0","0","0","0","0","0","0","0","0","0","0","0","0","0","39.9819","-75.239","","CRASH_2001_Philadelphia"
"2002037694","06","67","67301","67301","2001","11","5","1415","14","1","1","0","5","1","","","N","00","0","00","3","0","1","2","2","N","N","39 57:10.797","75 08:59.777","1430","","1425","2","1","2","N","","0 ","N","","","","","","","","","2","0","0","0","1","1","0","0","0","0","0","1","1","0","0","0","0","0","0","0","0","0","0","0","0","0","0","0","0","0","0","0","0","0","0","4","1","39.953","-75.1499","","CRASH_2001_Philadelphia"
"2002017860","06","67","67301","67301","2001","08","7","1830","18","1","7","0","2","1","","","N","00","2","00","3","0","2","4","2","N","N","39 57:36.652","75 13:29.371","1830","","1830","","0","","N","","3 ","","","","","","","","","","2","1","0","1","0","0","0","0","0","0","0","2","2","0","1","0","0","0","0","0","0","0","0","0","0","0","0","0","0","0","0","0","0","0","0","4","1","39.9601","-75.2248","","CRASH_2001_Philadelphia"
"2001400385","06","67","67301","67301","2001","05","3","2340","23","3","1","0","5","1","","","N","00","0","00","3","1","0","3","3","N","N","40 02:21.480","75 00:26.280","9999","","9999","","0","","N","9","0 ","","","","","","","","","","3","1","1","0","1","0","0","0","0","0","0","0","0","0","0","0","0","0","0","0","0","0","0","0","0","0","0","0","1","0","0","0","0","0","0","1","0","40.0392","-75.0076","1 ","CRASH_2001_Philadelphia"
"2001243087","06","67","67301","67301","2001","05","2","1745","17","1","1","0","9","1","","","N","00","0","00","3","0","0","1","3","N","N","","","9999","","9999","","0","","N","","0 ","","","","","","","","","","3","1","0","0","0","0","0","0","0","0","0","0","0","0","0","0","0","0","0","0","0","0","0","1","0","0","0","0","0","0","0","0","0","0","0","0","0","","","","CRASH_2001_Philadelphia"
"2001283808","06","67","67301","67301","2001","03","6","0925","09","1","1","0","3","1","","","N","02","9","00","3","0","0","2","2","N","N","40 02:43.497","75 10:51.715","9999","","9999","","0","","N","","9 ","","","","","","","","","","2","1","0","0","0","1","0","0","0","0","0","0","0","0","0","0","0","0","0","0","0","1","0","0","0","0","0","0","0","0","0","0","0","0","0","0","0","40.0454","-75.181","","CRASH_2001_Philadelphia"
"2002046461","06","67","67301","67301","2001","10","4","0545","05","3","1","0","1","1","","","N","01","2","00","3","0","1","3","2","N","N","39 59:27.714","75 09:18.574","0550","","0545","","0","","N","","3 ","","","","","","","","","","2","2","0","0","0","0","0","0","0","0","0","1","1","0","0","0","0","0","0","0","0","0","0","0","0","0","0","0","0","0","0","0","0","0","0","4","0","39.9909","-75.1551","","CRASH_2001_Philadelphia"
"2001283551","06","67","67301","67301","2001","04","2","2110","21","3","1","0","1","1","","","N","00","0","00","3","0","1","3","3","N","N","40 01:10.920","75 08:47.400","9999","","9999","","0","","N","","0 ","","","","","","","","","","3","3","0","0","0","0","0","0","0","0","0","1","1","0","0","0","0","0","0","0","1","1","0","1","0","0","0","0","0","0","0","0","0","0","0","4","0","40.0195","-75.1465","","CRASH_2001_Philadelphia"
"2002012695","06","67","67301","67301","2001","06","7","0350","03","3","1","0","4","1","","","N","01","2","00","3","0","1","2","2","N","N","40 01:39.780","75 08:49.980","0400","","0355","","0","","N","","3 ","","","","","","","","","","2","2","0","0","0","0","0","0","0","0","1","0","1","0","0","0","0","0","0","0","1","0","0","0","0","0","0","0","0","0","0","0","0","0","0","3","0","40.0276","-75.1472","","CRASH_2001_Philadelphia"
"2002014559","06","67","67301","67301","2001","07","5","1630","16","1","1","0","5","1","","","N","02","2","00","3","0","8","10","2","N","N","39 57:38.520","75 13:50.880","1640","","1633","","0","","N","","3 ","","","","","","","","","","2","0","0","1","0","0","0","0","0","0","0","8","8","0","0","0","0","0","0","0","0","0","0","0","0","0","0","0","0","0","0","0","0","0","0","4","1","39.9608","-75.2308","","CRASH_2001_Philadelphia"
"2002004000","06","67","67301","67301","2001","06","3","1015","10","1","1","0","8","1","","","N","00","0","00","3","0","1","2","2","N","N","39 56:26.880","75 12:44.640","1024","","1018","","0","","N","","0 ","","","","","","","","","","1","0","0","0","1","0","0","0","0","1","0","0","1","0","0","0","0","0","0","0","0","0","0","0","0","0","0","0","0","0","0","0","1","0","1","2","0","39.9407","-75.2125","","CRASH_2001_Philadelphia"
"2001238173","06","67","67301","67301","2001","04","5","1750","17","1","1","0","4","1","","","N","01","2","00","3","0","1","2","2","N","N","40 00:22.320","75 09:06.840","9999","","9999","","0","","N","","3 ","","","","","","","","","","1","1","0","0","0","0","0","0","1","0","0","1","1","0","0","0","0","0","0","0","0","0","0","0","0","0","0","0","0","0","0","0","0","0","0","4","0","40.0062","-75.1518","","CRASH_2001_Philadelphia"
"2001239070","06","67","67301","67301","2001","04","5","1030","10","1","2","1","4","1","","","N","01","3","00","3","0","1","5","2","N","N","","","9999","","9999","","0","","N","","3 ","","","","","","","","","","2","2","0","0","0","0","0","0","0","0","0","1","1","0","0","0","0","0","0","0","0","0","0","0","0","0","0","0","0","0","0","0","0","0","0","4","0","","","","CRASH_2001_Philadelphia"
"2001240034","06","67","67301","67301","2001","04","1","2255","22","3","2","1","7","5","","","N","00","0","00","3","0","0","1","1","N","N","","","9999","","9999","","0","","N","","0 ","","","","","","","","","","1","1","0","0","0","0","0","0","0","0","0","0","0","0","0","0","0","0","0","0","0","0","0","0","0","0","0","0","0","0","0","0","0","0","0","0","0","","","","CRASH_2001_Philadelphia"
"2001240281","06","67","67301","67301","2001","04","3","2050","20","3","1","0","1","1","","","N","01","2","00","3","0","1","5","3","N","N","","","9999","","9999","","0","","N","","3 ","","","","","","","","","","3","3","0","0","0","0","0","0","0","0","0","1","1","0","0","0","0","0","0","0","1","0","0","0","0","0","0","0","0","0","0","0","0","0","0","4","0","","","","CRASH_2001_Philadelphia"
"2001244680","06","67","67301","67301","2001","05","1","1435","14","1","1","0","8","1","","","N","00","0","00","3","0","1","2","2","N","N","","","9999","","9999","","0","","N","","0 ","","","","","","","","","","1","1","0","0","0","0","0","0","0","0","1","0","1","0","0","0","0","0","0","0","0","0","0","0","0","0","0","0","0","0","0","0","1","0","0","3","0","","","","CRASH_2001_Philadelphia"
"2002020055","06","67","67301","67301","2001","07","2","1135","11","1","1","0","4","1","","","N","01","3","00","3","0","1","3","2","N","N","40 06:13.141","75 01:42.156","1143","","1139","","0","","N","","3 ","","","","","","","","","","2","2","0","0","0","0","0","0","0","0","0","1","1","0","0","0","0","0","0","0","0","1","0","0","0","0","0","0","0","0","0","0","0","0","0","4","0","40.1035","-75.0284","","CRASH_2001_Philadelphia"
"2002020694","06","67","67301","67301","2001","08","5","1840","18","1","1","0","6","1","","","N","01","3","00","3","0","1","2","2","N","N","40 02:31.570","75 06:09.871","1845","","1841","","0","","N","","3 ","","","","","","","","","","1","1","0","0","0","0","0","0","1","0","0","1","1","0","0","0","0","1","0","0","0","0","0","0","0","0","0","0","0","0","0","0","0","0","0","4","0","40.0421","-75.1027","","CRASH_2001_Philadelphia"
"2001238986","06","67","67301","67301","2001","04","1","0810","08","1","1","0","4","1","","","N","01","2","00","3","0","1","2","2","N","N","40 03:08.460","75 09:27.889","9999","","9999","","0","","N","","3 ","","","","","","","","","","2","2","0","0","0","0","0","0","0","0","0","1","1","0","0","0","0","0","0","0","0","1","0","0","0","0","0","0","0","0","0","0","0","0","0","4","0","40.0524","-75.1577","","CRASH_2001_Philadelphia"
"2001401062","06","67","67301","67301","2001","11","3","2155","21","3","1","0","7","1","","","N","00","0","00","3","1","4","5","1","N","N","","","9999","","9999","","0","","N","9","0 ","","","","","","","","","","1","1","0","0","0","0","0","0","0","0","1","3","4","0","0","0","0","0","0","1","0","0","0","1","1","0","0","0","0","0","0","0","0","0","0","1","0","","","9 ","CRASH_2001_Philadelphia"
"2002018883","06","67","67301","67301","2001","08","5","0045","00","3","1","0","8","1","","","N","01","2","00","3","0","1","2","2","N","N","39 57:34.718","75 14:03.304","0100","","1256","","0","","N","","3 ","","","","","","","","","","1","1","0","0","0","0","0","0","0","0","0","1","1","0","0","0","0","0","0","0","0","0","0","0","0","0","0","0","0","0","0","0","1","0","0","4","0","39.9582","-75.2355","","CRASH_2001_Philadelphia"
"2002042677","06","67","67301","67301","2001","12","7","2207","22","6","1","0","1","1","","","N","01","2","00","3","0","1","2","2","N","N","39 59:56.454","75 07:59.361","2211","","2208","","0","","N","","3 ","","","","","","","","","","2","1","0","0","1","0","0","0","0","0","0","1","1","0","0","0","0","0","0","0","0","1","0","0","0","0","0","0","0","0","0","0","0","0","0","4","0","39.999","-75.1332","","CRASH_2001_Philadelphia"
"2002010473","06","67","67301","67301","2001","06","7","1925","19","1","1","0","4","1","","","N","01","2","00","3","0","0","2","2","N","N","40 01:36.852","75 12:34.143","1925","","1925","","0","","N","","2 ","","","","","","","","","","2","2","0","0","0","0","0","0","0","0","0","0","0","0","0","0","0","0","0","0","1","0","0","0","0","0","0","0","0","0","0","0","0","0","0","0","0","39.9577","-75.2314","","CRASH_2001_Philadelphia"
"2001268102","06","67","67301","67301","2001","08","7","1433","14","1","1","0","4","1","","","N","01","9","00","3","0","2","3","2","N","N","","","9999","","9999","","0","","N","","9 ","","","","","","","","","","2","2","0","0","0","0","0","0","0","0","2","0","2","0","0","1","0","0","0","0","0","0","0","0","0","0","0","0","0","0","0","0","0","0","0","3","0","","","","CRASH_2001_Philadelphia"
"2002002850","06","67","67301","67301","2001","06","1","0715","07","1","2","1","4","1","","","N","02","2","00","3","0","2","4","3","N","N","40 01:57.222","75 04:46.412","0730","","0720","","0","","N","","3 ","","","","","","","","","","3","2","0","1","0","0","0","0","0","0","0","2","2","0","0","0","0","0","0","0","0","0","0","0","0","0","0","0","0","0","0","0","0","0","0","4","1","40.0328","-75.0789","","CRASH_2001_Philadelphia"
"2002014573","06","67","67301","67301","2001","07","4","0917","09","1","1","0","9","1","","","N","02","0","00","3","0","0","2","2","N","N","39 56:38.783","75 08:32.082","0922","","0917","","0","","N","","0 ","","","","","","","","","","2","1","0","0","1","0","0","0","0","0","0","0","0","0","0","0","0","0","0","0","0","0","0","0","0","0","0","0","0","0","0","0","0","0","0","0","0","39.9471","-75.1416","","CRASH_2001_Philadelphia"
"2002020137","06","67","67301","67301","2001","08","4","2345","23","3","1","0","8","1","","","N","01","2","00","3","0","1","2","2","N","N","39 57:28.080","75 09:50.760","0005","","0001","","0","","N","","3 ","","","","","","","","","","1","1","0","0","0","0","0","0","0","0","0","1","1","0","0","0","0","0","0","0","0","0","0","0","0","0","0","0","0","0","0","0","1","0","0","4","0","39.9579","-75.1641","","CRASH_2001_Philadelphia"
"2002026552","06","67","67301","67301","2001","08","4","1415","14","1","1","0","4","1","","","N","05","2","00","3","0","2","5","2","N","N","40 02:04.560","75 04:15.960","1430","","1427","","0","","N","","3 ","","","","","","","","","","2","2","0","0","0","0","0","0","0","0","0","2","2","0","0","0","0","0","0","1","0","0","0","0","0","0","0","0","0","0","0","0","0","0","0","4","0","40.0348","-75.0711","","CRASH_2001_Philadelphia"
"2002013102","06","67","67301","67301","2001","07","1","1145","11","1","1","0","4","1","","","N","01","2","00","3","0","1","2","2","N","N","40 00:51.598","75 04:15.195","1207","","0011","","0","","N","","3 ","","","","","","","","","","1","1","0","0","0","0","0","0","1","0","0","1","1","0","0","0","0","0","0","0","0","0","0","0","0","0","0","0","0","0","0","0","0","0","0","4","0","40.0143","-75.0709","","CRASH_2001_Philadelphia"
"2002014956","06","67","67301","67301","2001","06","4","1710","17","1","1","0","5","1","","","N","00","0","00","3","0","1","2","2","N","N","","","0712","","0711","","0","","N","","0 ","","","","","","","","","","2","1","0","1","0","0","0","0","0","0","0","1","1","0","0","0","0","0","0","0","0","0","0","1","0","0","0","0","0","0","0","0","0","0","0","4","1","","","","CRASH_2001_Philadelphia"
"2002022113","06","67","67301","67301","2001","07","7","1330","13","1","1","0","4","1","","","N","01","2","00","3","0","1","2","2","N","N","40 01:24.775","75 07:59.621","1355","","1340","","0","","N","","3 ","","","","","","","","","","2","2","0","0","0","0","0","0","0","0","0","1","1","0","0","0","0","0","0","0","0","0","0","0","0","0","0","0","0","0","0","0","0","0","0","4","0","40.0235","-75.1334","","CRASH_2001_Philadelphia"
"2002028148","06","67","67301","67301","2001","09","1","0240","02","3","1","0","7","2","","","N","02","0","00","3","0","0","2","1","N","N","39 58:29.677","75 11:39.389","0251","","0247","","0","","Y","","0 ","","","","","","","","","","1","1","0","0","0","0","0","0","0","0","0","0","0","0","0","0","0","0","0","0","0","0","0","0","0","0","0","0","0","0","0","0","0","0","0","0","0","39.975","-75.1945","","CRASH_2001_Philadelphia"
"2002043202","06","67","67301","67301","2001","12","6","0620","06","3","2","1","8","1","","","N","01","2","00","3","0","1","2","2","N","N","40 01:48.874","75 08:45.412","0800","","0750","","0","","N","","3 ","","","","","","","","","","1","1","0","0","0","0","0","0","0","0","0","1","1","0","0","0","0","0","0","0","1","0","0","1","0","0","0","0","0","0","0","0","1","0","0","4","0","40.0302","-75.1459","","CRASH_2001_Philadelphia"
"2002026518","06","67","67301","67301","2001","06","2","0925","09","1","1","0","1","2","","","N","00","0","00","3","0","2","2","2","N","N","","","9999","","9999","3","2","1","N","","0 ","Y","","","","","","","","","2","1","0","0","1","0","0","0","0","0","2","0","2","0","0","0","0","0","0","0","1","0","0","1","0","0","0","0","0","0","0","0","0","0","0","3","0","","","","CRASH_2001_Philadelphia"
"2002029738","06","67","67301","67301","2001","09","1","1313","13","1","1","0","1","1","","","N","00","0","00","3","0","2","5","3","N","N","40 06:03.880","75 00:26.742","1340","","1335","","0","","N","","0 ","","","","","","","","","","3","3","0","0","0","0","0","0","0","0","2","0","2","0","0","0","0","0","0","1","1","0","0","0","0","0","0","0","0","0","0","0","0","0","0","3","0","40.101","-75.0075","","CRASH_2001_Philadelphia"
"2002032857","06","67","67301","67301","2001","10","3","2003","20","8","1","0","7","5","","","N","00","2","00","3","0","1","1","1","N","N","40 04:30.444","75 12:17.809","2008","","2004","","0","","N","","3 ","","","","","","","","","","1","1","0","0","0","0","0","0","0","0","1","0","1","0","0","0","0","0","0","0","0","0","0","0","0","0","0","0","0","0","0","0","0","0","0","3","0","40.0749","-75.2046","","CRASH_2001_Philadelphia"
"2002032512","06","67","67301","67301","2001","10","2","1030","10","1","1","0","5","1","","","N","00","0","02","3","0","1","2","2","N","N","40 00:11.520","75 04:40.080","1040","","1030","","0","","N","","0 ","","","","","","","","","","2","1","0","0","1","0","0","0","0","0","0","1","1","0","0","0","0","0","0","0","0","0","0","0","0","0","0","0","0","0","0","0","0","0","0","4","0","40.006","-75.0749","","CRASH_2001_Philadelphia"
"2002035710","06","67","67301","67301","2001","10","5","0830","08","1","1","0","4","1","","","N","01","2","00","3","0","2","4","3","N","N","39 56:17.646","75 11:55.216","0835","","0830","","0","","N","","3 ","","","","","","","","","","3","3","0","0","0","0","0","0","0","0","1","1","2","0","1","0","0","0","0","0","0","0","0","0","0","0","0","0","0","0","0","0","0","0","0","3","0","39.938","-75.1987","","CRASH_2001_Philadelphia"
"2002039677","06","67","67301","67301","2001","11","6","1722","17","4","1","0","4","1","","","N","01","3","00","3","0","1","3","3","N","N","40 03:16.200","75 02:34.606","1810","","1800","","0","","N","","4 ","","","","","","","","","","3","3","0","0","0","0","0","0","0","0","0","1","1","0","0","0","0","0","0","0","0","0","2","3","0","0","0","0","0","0","0","0","0","0","0","4","0","40.0546","-75.0428","","CRASH_2001_Philadelphia"
"2002025034","06","67","67301","67301","2001","08","4","1305","13","1","1","0","6","1","","","N","01","2","00","3","0","1","2","2","N","N","39 56:23.089","75 11:53.331","1320","","0313","","0","","N","","3 ","","","","","","","","","","2","1","1","0","0","0","0","0","0","0","0","1","1","0","0","0","0","0","0","0","1","0","0","0","0","0","0","0","0","0","0","0","0","0","0","4","0","39.939","-75.1983","","CRASH_2001_Philadelphia"
"2002018091","06","67","67301","67301","2001","07","1","1105","11","1","1","0","7","2","","","N","00","0","00","3","0","4","4","1","N","N","40 02:51.360","74 59:59.640","1108","","1108","1","1","2","Y","","0 ","N","","","","","","","","","1","1","0","0","0","0","0","0","0","3","1","0","4","0","0","0","0","0","0","0","0","0","0","4","0","3","0","0","0","0","0","0","0","0","0","2","0","40.0476","-75.0002","","CRASH_2001_Philadelphia"
"2002020097","06","67","67301","67301","2001","07","5","1325","13","1","1","0","0","1","","","N","02","2","00","3","0","1","18","3","N","N","","","1334","","1329","","0","","N","","3 ","","","","","","","","","","3","2","0","1","0","0","0","0","0","0","1","0","1","0","0","0","0","0","0","0","0","0","0","0","0","0","0","0","0","0","0","0","0","0","0","3","1","","","","CRASH_2001_Philadelphia"
"2002023020","06","67","67301","67301","2001","08","7","1700","17","1","1","0","4","1","","","N","01","2","00","3","0","1","2","2","N","N","39 59:29.109","75 08:05.822","0702","","1700","","0","","N","","3 ","","","","","","","","","","2","1","0","0","1","0","0","0","0","0","0","1","1","0","1","0","0","0","0","0","1","0","0","0","0","0","0","0","0","0","0","0","0","0","0","4","0","39.9915","-75.1349","","CRASH_2001_Philadelphia"
"2002029889","06","67","67301","67301","2001","09","5","1450","14","1","1","0","1","1","","","N","06","0","02","3","0","1","2","2","N","N","39 58:33.600","75 06:55.440","1451","","1450","","0","","N","","0 ","","","","","","","","","","2","1","0","0","0","1","0","0","0","0","0","1","1","0","0","0","0","0","0","0","0","0","0","0","0","0","0","0","0","0","0","0","0","0","0","4","1","39.9757","-75.1156","","CRASH_2001_Philadelphia"
"2002039479","06","67","67301","67301","2001","11","4","0731","07","1","1","0","1","1","","","N","00","0","00","3","0","0","2","2","N","N","40 02:53.740","74 59:52.271","0736","","0732","","0","","N","","0 ","","","","","","","","","","2","2","0","0","0","0","0","0","0","0","0","0","0","0","0","0","0","0","0","0","0","0","0","0","0","0","0","0","0","0","0","0","0","0","0","0","0","40.0484","-74.9984","","CRASH_2001_Philadelphia"
"2004020361","06","67","67301","67301","2001","04","4","2229","22","3","2","1","1","4","","","N","01","0","00","3","0","1","1","2","N","N","39 57:01.800","75 10:25.320","2231","","2230","","0","","N","","0 ","","","","","","","","","","2","2","0","0","0","0","0","0","0","0","0","1","1","0","0","0","0","0","0","0","0","0","0","0","0","0","0","0","0","0","0","0","0","0","0","4","0","39.9505","-75.1738","","CRASH_2001_Philadelphia"
"2002018534","06","67","67301","67301","2001","08","2","2100","21","3","2","1","4","1","","","N","01","2","00","3","0","1","2","2","N","N","39 59:19.000","75 09:43.000","0900","","2054","","0","","N","","3 ","","","","","","","","","","1","1","0","0","0","0","0","0","1","0","1","0","1","0","0","0","0","0","0","0","0","0","0","0","0","0","0","0","0","0","0","0","0","0","0","3","0","39.9887","-75.1619","","CRASH_2001_Philadelphia"
"2002020173","06","67","67301","67301","2001","07","6","1540","15","1","1","0","2","1","","","N","00","0","00","3","0","0","2","2","N","N","40 00:43.266","75 10:34.236","1540","","1540","","0","","N","","0 ","","","","","","","","","","2","2","0","0","0","0","0","0","0","0","0","0","0","0","0","0","0","0","0","0","1","0","0","0","0","0","0","0","0","0","0","0","0","0","0","0","0","40.012","-75.1759","","CRASH_2001_Philadelphia"
"2002042062","06","67","67301","67301","2001","12","4","2151","21","3","2","1","2","1","","","N","01","0","00","3","0","1","4","2","N","N","39 58:38.861","75 06:43.113","2159","","2151","","0","","N","","0 ","","","","","","","","","","2","2","0","0","0","0","0","0","0","0","0","1","1","0","0","0","0","0","0","0","0","0","1","1","0","0","0","0","0","0","0","0","0","0","0","4","0","39.978","-75.1109","","CRASH_2001_Philadelphia"
"2002012138","06","67","67301","67301","2001","07","7","9999","99","2","1","0","5","1","","","N","00","0","00","3","0","0","1","5","N","N","","","0300","","0257","","0","","N","","0 ","","","","","","","","","","5","4","0","0","1","0","0","0","0","0","0","0","0","0","0","0","0","0","0","0","0","0","0","0","0","0","0","0","0","0","0","0","0","0","0","0","0","","","","CRASH_2001_Philadelphia"
"2002018049","06","67","67301","67301","2001","08","2","2315","23","3","1","0","8","1","","","N","02","2","02","3","0","2","3","3","N","N","39 55:50.839","75 08:39.418","0001","","2330","","0","","N","","9 ","","","","","","","","","","1","1","0","0","0","0","0","0","0","0","1","1","2","0","0","0","0","0","0","0","0","0","0","0","0","0","0","0","0","0","0","0","2","0","0","3","0","39.9311","-75.1442","","CRASH_2001_Philadelphia"
"2002012145","06","67","67301","67301","2001","07","6","0745","07","1","1","0","4","5","","","N","00","0","01","3","0","1","3","2","N","N","39 57:33.391","75 13:09.655","0750","","0747","","0","","N","","0 ","","","","","","","","","","2","1","0","0","1","0","0","0","0","0","1","0","1","0","0","0","0","0","0","0","0","0","0","0","0","0","0","0","0","0","0","0","0","0","0","3","0","39.9592","-75.2193","","CRASH_2001_Philadelphia"
"2002017185","06","67","67301","67301","2001","07","6","1955","19","4","1","0","4","1","","","N","01","2","00","3","0","1","2","2","N","N","40 00:44.053","75 09:02.296","2004","","2004","","0","","N","","3 ","","","","","","","","","","2","1","1","0","0","0","0","0","0","0","0","1","1","0","0","0","0","0","0","0","0","0","1","0","0","0","0","0","0","0","0","0","0","0","0","4","0","40.0122","-75.1505","","CRASH_2001_Philadelphia"
"2002023674","06","67","67301","67301","2001","08","2","1237","12","1","1","0","1","1","","","N","01","2","00","3","0","2","5","2","N","N","40 06:09.747","75 01:43.586","1240","","1238","1","1","2","N","","3 ","N","","","","","","","","","2","1","0","1","0","0","0","0","0","0","0","2","2","0","0","0","0","0","0","0","0","1","0","0","0","0","0","0","0","0","0","0","0","0","0","4","1","40.1025","-75.0287","","CRASH_2001_Philadelphia"
"2002027036","06","67","67301","67301","2001","09","4","0723","07","1","1","1","1","1","","","N","00","0","00","3","0","1","2","2","N","N","39 58:04.800","75 07:46.920","0815","","0723","","0","","N","","0 ","","","","","","","","","","2","1","0","0","1","0","0","0","0","1","0","0","1","0","0","0","0","0","0","0","0","1","0","0","0","0","0","1","0","0","0","0","0","0","0","2","0","39.9679","-75.1305","","CRASH_2001_Philadelphia"
"2002031566","06","67","67301","67301","2001","10","7","0115","01","3","1","0","4","1","","","N","00","0","00","3","0","1","3","2","N","N","39 58:05.747","75 07:44.329","0125","","0117","1","2","1","N","","0 ","N","","","","","","","","","2","2","0","0","0","0","0","0","0","0","0","1","1","0","0","0","0","0","0","0","0","0","0","0","0","0","0","0","0","0","0","0","0","0","0","4","0","39.9682","-75.1296","","CRASH_2001_Philadelphia"
"2002037698","06","67","67301","67301","2001","11","7","0152","01","3","1","0","4","1","","","N","01","2","00","3","0","2","2","2","N","N","40 04:14.924","75 02:16.115","0152","","0152","","0","","N","","3 ","","","","","","","","","","2","2","0","0","0","0","0","0","0","0","0","2","2","0","0","0","0","0","1","0","0","0","0","0","0","0","0","0","0","0","0","0","0","0","0","4","0","40.071","-75.0378","","CRASH_2001_Philadelphia"