"CRN","DISTRICT","COUNTY","MUNICIPALITY","POLICE_AGCY","CRASH_YEAR","CRASH_MONTH","DAY_OF_WEEK","TIME_OF_DAY","HOUR_OF_DAY","ILLUMINATION","WEATHER","ROAD_CONDITION","COLLISION_TYPE","RELATION_TO_ROAD","WORK_ZONE_TYPE","WORK_ZONE_LOC","WORK_ZONE_IND","INTERSECT_TYPE","TCD_TYPE","LOCATION_TYPE","URBAN_RURAL","FATAL_COUNT","INJURY_COUNT","PERSON_COUNT","TOTAL_UNITS","SCH_BUS_IND","SCH_ZONE_IND","LATITUDE","LONGITUDE","ARRIVAL_TM","CONS_ZONE_SPD_LIM","DISPATCH_TM","EST_HRS_CLOSED","LANE_CLOSED","LN_CLOSE_DIR","NTFY_HIWY_MAINT","SPEC_JURIS_CD","TCD_FUNC_CD","TFC_DETOUR_IND","WORKERS_PRES","WZ_CLOSE_DETOUR","WZ_FLAGGER","WZ_LAW_OFFCR_IND","WZ_LN_CLOSURE","WZ_MOVING","WZ_OTHER","WZ_SHLDER_MDN","VEHICLE_COUNT","AUTOMOBILE_COUNT","MOTORCYCLE_COUNT","BUS_COUNT","SMALL_TRUCK_COUNT","HEAVY_TRUCK_COUNT","SUV_COUNT","VAN_COUNT","BICYCLE_COUNT","MAJ_INJ_COUNT","MOD_INJ_COUNT","MIN_INJ_COUNT","TOT_INJ_COUNT","UNK_INJ_DEG_COUNT","UNK_INJ_PER_COUNT","DRIVER_COUNT_16YR","DRIVER_COUNT_17YR","DRIVER_COUNT_18YR","DRIVER_COUNT_19YR","DRIVER_COUNT_20YR","DRIVER_COUNT_50_64YR","DRIVER_COUNT_65_74YR","DRIVER_COUNT_75PLUS","UNBELTED_OCC_COUNT","UNB_DEATH_COUNT","UNB_MAJ_INJ_COUNT","BELTED_DEATH_COUNT","BELTED_MAJ_INJ_COUNT","MCYCLE_DEATH_COUNT","MCYCLE_MAJ_INJ_COUNT","BICYCLE_DEATH_COUNT","BICYCLE_MAJ_INJ_COUNT","PED_COUNT","PED_DEATH_COUNT","PED_MAJ_INJ_COUNT","MAX_SEVERITY_LEVEL","COMM_VEH_COUNT","DEC_LAT","DEC_LONG","RDWY_SURF_TYPE_CD","COUNTY_YEAR"
"2002024040","06","67","67301","67301","2001","07","3","1150","11","1","1","0","8","6","","","N","00","0","00","3","0","1","2","2","N","N","39 56:17.000","75 10:41.000","1155","","1350","","0","","N","","0 ","","","","","","","","","","1","1","0","0","0","0","0","0","0","0","0","1","1","0","0","0","0","0","0","0","0","0","0","0","0","0","0","0","0","0","0","0","1","0","0","4","0","39.9381","-75.1781","","CRASH_2001_Philadelphia"
"2002030349","06","67","67301","67301","2001","07","7","1715","17","1","1","0","1","1","","","N","01","2","00","3","0","0","2","2","N","N","39 54:32.167","75 10:23.104","1740","","1730","","0","","N","","3 ","","","","","","","","","","2","2","0","0","0","0","0","0","0","0","0","0","0","0","1","0","0","0","0","0","0","0","0","0","0","0","0","0","0","0","0","0","0","0","0","9","0","39.9092","-75.173","","CRASH_2001_Philadelphia"
"2002024527","06","67","67301","67301","2001","08","4","2032","20","1","1","0","7","5","","","N","01","0","00","3","0","2","3","1","N","N","39 55:51.600","75 14:34.800","2053","","2040","","0","","N","","0 ","","","","","","","","","","1","1","0","0","0","0","0","0","0","0","0","2","2","0","0","0","0","0","0","0","0","0","0","0","0","0","0","0","0","0","0","0","0","0","0","4","0","39.931","-75.243","","CRASH_2001_Philadelphia"
"2002026331","06","67","67301","67301","2001","09","5","1352","13","1","1","0","1","1","","","N","00","2","00","3","0","1","3","2","N","N","40 04:26.400","75 00:59.760","1405","","1352","","0","","N","","3 ","","","","","","","","","","2","2","0","0","0","0","0","0","0","0","1","0","1","0","0","0","0","0","0","0","0","0","1","0","0","0","0","0","0","0","0","0","0","0","0","3","0","40.0741","-75.0167","","CRASH_2001_Philadelphia"
"2002040138","06","67","67301","67301","2001","11","5","1110","11","1","1","0","6","1","","","N","02","3","00","3","0","2","4","4","N","Y","40 06:25.000","75 01:16.000","1110","","1110","","0","","N","","3 ","","","","","","","","","","2","2","0","0","0","0","0","0","0","0","2","0","2","0","1","0","0","0","0","0","0","0","1","0","0","0","0","0","0","0","0","0","2","0","0","3","0","40.1069","-75.0211","","CRASH_2001_Philadelphia"
"2002041989","06","67","67301","67301","2001","12","6","0636","06","1","1","0","0","1","","","N","00","0","00","3","0","0","1","1","N","N","39 57:09.360","75 08:27.960","0638","","0636","","0","","N","","0 ","","","","","","","","","","1","1","0","0","0","0","0","0","0","0","0","0","0","0","0","0","0","0","0","0","0","0","0","0","0","0","0","0","0","0","0","0","0","0","0","0","0","39.9521","-75.141","","CRASH_2001_Philadelphia"
"2001288389","06","67","67301","","2001","08","3","1715","17","4","1","0","1","1","","","N","00","0","00","3","0","1","3","2","N","N","39 57:16.560","75 12:20.520","9999","","9999","","0","","N","","0 ","","","","","","","","","","2","2","0","0","0","0","0","0","0","0","0","1","1","0","0","0","0","0","0","0","0","1","0","0","0","0","0","0","0","0","0","0","0","0","0","4","0","39.9545","-75.2057","","CRASH_2001_Philadelphia"
"2002001038","06","67","67301","67301","2001","05","2","1052","10","1","1","0","4","1","","","N","01","3","00","3","0","1","2","2","N","N","39 59:15.249","75 06:19.344","1059","","1057","","0","","N","","3 ","","","","","","","","","","2","1","0","0","1","0","0","0","0","0","0","1","1","0","0","0","0","0","0","0","0","1","0","0","0","0","0","0","0","0","0","0","0","0","0","4","0","39.9876","-75.1054","","CRASH_2001_Philadelphia"
"2002004212","06","67","67301","67301","2001","06","1","0300","03","3","2","1","8","1","","","N","00","0","00","3","0","1","2","2","N","N","39 59:44.000","75 07:14.000","0305","","0300","","0","","N","","0 ","","","","","","","","","","1","0","0","0","1","0","0","0","0","0","0","1","1","0","1","0","0","0","0","0","0","0","0","0","0","0","0","0","0","0","0","0","1","0","0","4","0","39.9956","-75.1206","","CRASH_2001_Philadelphia"
"2001266629","06","67","67301","67301","2001","08","2","1639","16","1","1","0","1","1","","","N","00","0","00","3","0","1","2","2","N","N","","","9999","","9999","","0","","N","","0 ","","","","","","","","","","2","2","0","0","0","0","0","0","0","1","0","0","1","0","0","0","1","0","0","0","0","0","0","0","0","0","0","0","0","0","0","0","0","0","0","2","0","","","","CRASH_2001_Philadelphia"
"2002014962","06","67","67301","67301","2001","07","3","1645","16","1","2","1","1","1","","","N","00","0","03","3","0","1","2","2","N","N","39 55:07.394","75 12:26.230","1710","","1702","","0","","N","","0 ","","","","","","","","","","2","1","0","0","1","0","0","0","0","0","0","1","1","0","0","0","0","0","0","0","0","0","0","0","0","0","0","0","0","0","0","0","0","0","0","4","0","39.918","-75.21","","CRASH_2001_Philadelphia"
"2002037673","06","67","67301","67301","2001","11","4","1625","16","1","1","0","4","1","","","N","01","0","00","3","0","1","2","2","N","N","40 03:08.008","75 03:21.845","1644","","1644","","0","","N","","0 ","","","","","","","","","","1","1","0","0","0","0","0","0","1","0","0","1","1","0","0","0","0","0","0","0","0","1","0","0","0","0","0","0","0","0","0","0","0","0","0","4","0","40.0522","-75.056","","CRASH_2001_Philadelphia"
"2002040166","06","67","67301","67301","2001","12","5","2111","21","3","1","0","4","1","","","N","01","2","00","3","0","6","6","2","N","N","40 04:08.913","75 00:25.539","2115","","2111","","0","","N","","3 ","","","","","","","","","","2","2","0","0","0","0","0","0","0","0","5","1","6","0","0","0","0","0","0","0","0","0","0","0","0","0","0","0","0","0","0","0","0","0","0","3","0","40.0691","-75.0073","","CRASH_2001_Philadelphia"
"2002040420","06","67","67301","67301","2001","12","7","0055","00","3","1","0","1","1","","","N","10","0","00","3","0","3","9","4","N","N","40 01:26.192","75 07:52.653","0158","","0156","","0","","N","","0 ","","","","","","","","","","4","3","0","0","1","0","0","0","0","0","0","3","3","0","0","0","0","0","0","0","0","0","0","0","0","0","0","0","0","0","0","0","0","0","0","4","0","40.0239","-75.1314","","CRASH_2001_Philadelphia"
"2002014604","06","67","67301","67301","2001","07","6","1230","12","1","1","0","4","1","","","N","01","2","00","3","0","1","2","2","N","N","40 00:16.009","75 13:09.387","1250","","1245","","0","","N","","3 ","","","","","","","","","","2","2","0","0","0","0","0","0","0","0","0","1","1","0","0","0","0","0","0","0","1","0","0","0","0","0","0","0","0","0","0","0","0","0","0","4","0","40.0046","-75.2192","","CRASH_2001_Philadelphia"
"2002045805","06","67","67301","67301","2001","10","7","0805","08","5","2","1","5","1","","","N","00","0","00","3","0","1","3","2","N","N","39 57:04.668","75 10:48.235","0813","","0808","","0","","N","","0 ","","","","","","","","","","2","1","0","0","1","0","0","0","0","0","0","1","1","0","0","0","0","0","0","0","1","0","0","1","0","0","0","0","0","0","0","0","0","0","0","4","0","39.9523","-75.1878","","CRASH_2001_Philadelphia"
"2002023688","06","67","67301","67301","2001","09","7","1500","15","1","1","8","5","1","","","N","00","0","00","3","0","0","2","2","N","N","40 05:29.000","74 59:09.000","1517","","1513","","0","","N","","0 ","","","","","","","","","","2","2","0","0","0","0","0","0","0","0","0","0","0","0","0","0","0","0","0","1","0","0","0","0","0","0","0","0","0","0","0","0","0","0","0","0","0","40.0914","-74.9858","","CRASH_2001_Philadelphia"
"2004082260","06","67","67301","67301","2001","06","6","1020","10","1","1","0","1","1","","","N","01","0","01","3","0","3","6","4","N","N","40 03:14.351","75 02:56.006","1020","","1020","","0","","N","","0 ","","","","","","","","","","4","4","0","0","0","0","0","0","0","0","0","3","3","0","0","0","0","1","0","0","1","0","0","0","0","0","0","0","0","0","0","0","0","0","0","4","0","40.054","-75.0489","","CRASH_2001_Philadelphia"
"2002028802","06","67","67301","67301","2001","08","5","2010","20","3","1","0","5","4","","","N","00","2","00","3","0","0","1","2","N","N","39 59:31.920","75 08:26.520","2030","","2026","","0","","N","","3 ","","","","","","","","","","2","2","0","0","0","0","0","0","0","0","0","0","0","0","0","0","0","0","0","0","0","0","0","0","0","0","0","0","0","0","0","0","0","0","0","0","0","39.9922","-75.1407","","CRASH_2001_Philadelphia"
"2002041564","06","67","67301","67301","2001","12","4","1427","14","1","1","0","8","1","","","N","00","0","00","3","0","1","2","2","N","N","40 00:33.786","75 09:03.702","1435","","1429","","0","","N","","0 ","","","","","","","","","","1","1","0","0","0","0","0","0","0","0","0","1","1","0","0","0","0","0","0","0","0","0","0","0","0","0","0","0","0","0","0","0","1","0","0","4","0","40.0093","-75.1508","","CRASH_2001_Philadelphia"
"2001288341","06","67","67301","","2001","08","3","1800","18","1","1","0","5","1","","","N","00","0","00","3","0","1","3","2","N","N","","","9999","","9999","","0","","N","","0 ","","","","","","","","","","2","2","0","0","0","0","0","0","0","0","1","0","1","0","0","0","0","0","0","1","0","0","0","0","0","0","0","0","0","0","0","0","0","0","0","3","0","","","","CRASH_2001_Philadelphia"
"2002008739","06","67","67301","46104","2001","12","1","1710","17","2","1","0","4","1","","","N","01","2","00","3","0","3","4","2","N","N","40 00:04.635","75 13:35.446","1714","","1711","","0","","N","","2 ","","","","","","","","","","2","2","0","0","0","0","0","0","0","0","0","3","3","0","0","0","1","0","0","0","0","0","0","0","0","0","0","0","0","0","0","0","0","0","0","4","0","40.0012","-75.2264","","CRASH_2001_Philadelphia"
"2002017113","06","67","67301","68K01","2001","10","4","1530","15","1","1","0","5","1","","","N","00","0","00","3","0","0","1","2","N","N","40 00:06.107","75 09:11.141","1630","","1250","","0","","N","","0 ","","","","","","","","","","2","2","0","0","0","0","0","0","0","0","0","0","0","0","0","0","0","0","0","0","0","0","0","0","0","0","0","0","0","0","0","0","0","0","0","0","0","40.0016","-75.153","","CRASH_2001_Philadelphia"
"2002017343","06","67","67301","67301","2001","07","7","0015","00","3","1","0","1","1","","","N","01","2","00","3","0","1","3","2","N","N","40 01:27.308","75 08:00.707","1223","","1220","","0","","N","","3 ","","","","","","","","","","2","1","0","0","1","0","0","0","0","0","0","1","1","0","0","0","0","0","0","0","0","0","0","0","0","0","0","0","0","0","0","0","0","0","0","4","0","40.0242","-75.133","","CRASH_2001_Philadelphia"
"2002010733","06","67","67301","67301","2001","07","2","1115","11","1","1","0","4","1","","","N","01","2","00","3","0","1","2","2","N","N","40 03:13.284","75 08:29.248","1118","","1117","3","1","1","N","","3 ","N","","","","","","","","","2","2","0","0","0","0","0","0","0","0","0","1","1","0","0","0","0","0","0","0","0","0","0","0","0","0","0","0","0","0","0","0","0","0","0","4","0","40.0537","-75.1414","","CRASH_2001_Philadelphia"
"2002014592","06","67","67301","67301","2001","07","2","1207","12","1","1","0","8","1","","","N","01","2","00","3","0","1","2","2","Y","N","39 57:16.000","75 10:22.748","1210","","1207","","0","","N","","3 ","","","","","","","","","","1","0","0","1","0","0","0","0","0","0","1","0","1","0","0","0","0","0","0","0","0","0","0","0","0","0","0","0","0","0","0","0","1","0","0","3","1","39.9546","-75.173","","CRASH_2001_Philadelphia"
"2002019773","06","67","67301","67301","2001","07","5","1710","17","1","1","1","1","1","","","N","01","0","00","3","0","1","2","2","N","N","39 57:50.632","75 10:28.228","1723","","1716","","0","","N","","0 ","","","","","","","","","","2","2","0","0","0","0","0","0","0","0","0","1","1","0","0","0","0","0","0","0","1","0","0","0","0","0","0","0","0","0","0","0","0","0","0","4","0","39.9641","-75.1745","","CRASH_2001_Philadelphia"
"2002030258","06","67","67301","67301","2001","07","3","1805","18","1","1","0","4","1","","","N","01","2","00","3","0","1","3","3","N","N","40 03:39.960","75 14:09.960","1815","","1811","","0","","N","","3 ","","","","","","","","","","3","3","0","0","0","0","0","0","0","0","0","1","1","0","0","0","0","0","0","0","1","0","0","0","0","0","0","0","0","0","0","0","0","0","0","4","0","40.0616","-75.2366","","CRASH_2001_Philadelphia"
"2001283865","06","67","67301","67301","2001","04","3","1628","16","1","1","0","4","1","","","N","05","2","00","3","0","1","2","2","N","N","40 01:21.720","75 09:32.400","9999","","9999","","0","","N","","3 ","","","","","","","","","","2","1","0","0","0","0","1","0","0","0","0","1","1","0","0","0","0","0","0","0","0","0","0","0","0","0","0","0","0","0","0","0","0","0","0","4","0","40.0228","-75.159","","CRASH_2001_Philadelphia"
"2001238863","06","67","67301","67301","2001","04","3","1000","10","1","1","0","4","1","","","N","01","2","00","3","0","1","2","2","N","N","39 57:29.880","75 09:43.560","9999","","9999","","0","","N","","3 ","","","","","","","","","","1","0","0","0","0","0","0","1","1","0","0","1","1","0","0","0","0","0","0","0","0","0","0","0","0","0","0","0","0","0","0","0","0","0","0","4","0","39.9584","-75.1623","","CRASH_2001_Philadelphia"
"2001238996","06","67","67301","67301","2001","04","7","0030","00","3","1","0","4","1","","","N","01","3","00","3","0","1","4","2","N","N","","","9999","","9999","","0","","N","","3 ","","","","","","","","","","2","2","0","0","0","0","0","0","0","0","0","1","1","0","0","0","0","0","0","0","0","0","0","2","0","0","0","0","0","0","0","0","0","0","0","4","0","","","","CRASH_2001_Philadelphia"
"2001243724","06","67","67301","67301","2001","05","2","0900","09","1","1","0","4","1","","","N","01","3","00","3","0","1","2","2","N","N","40 02:33.115","75 06:08.409","9999","","9999","","0","","N","","3 ","","","","","","","","","","2","1","0","0","0","0","1","0","0","0","0","0","0","0","1","0","0","0","1","0","0","0","0","0","0","0","0","0","0","0","0","0","0","0","0","9","0","40.0425","-75.1023","","CRASH_2001_Philadelphia"
"2001288416","06","67","67301","","2001","09","3","1100","11","1","1","0","1","1","","","N","00","0","00","3","0","6","8","2","N","N","","","9999","","9999","","0","","N","","0 ","","","","","","","","","","2","1","0","0","0","0","0","1","0","0","5","0","5","0","1","0","0","0","0","0","0","0","0","0","0","0","0","0","0","0","0","0","0","0","0","3","0","","","","CRASH_2001_Philadelphia"
"2002010740","06","67","67301","67301","2001","06","4","1005","10","1","1","0","1","1","","","N","01","2","00","3","0","0","3","2","N","N","40 03:28.000","75 03:10.099","1011","","1008","","0","","N","","3 ","","","","","","","","","","2","2","0","0","0","0","0","0","0","0","0","0","0","0","3","0","0","0","0","0","0","1","0","0","0","0","0","0","0","0","0","0","0","0","0","9","0","40.058","-75.0527","","CRASH_2001_Philadelphia"
"2002028709","06","67","67301","67301","2001","09","7","2250","22","3","1","0","4","1","","","N","01","3","00","3","0","1","2","2","N","N","","","2300","","2259","","0","","N","","9 ","","","","","","","","","","2","2","0","0","0","0","0","0","0","0","0","1","1","0","1","0","0","0","0","0","1","0","0","0","0","0","0","0","0","0","0","0","0","0","0","4","0","","","","CRASH_2001_Philadelphia"
"2002010482","06","67","67301","67301","2001","06","4","1020","10","1","1","0","4","1","","","N","01","2","00","3","0","2","3","2","N","N","39 56:20.000","75 11:53.904","1116","","1030","","0","","N","","3 ","","","","","","","","","","2","1","0","0","1","0","0","0","0","0","0","2","2","0","0","0","0","0","0","0","1","0","0","0","0","0","0","0","0","0","0","0","0","0","0","4","0","39.9386","-75.1985","","CRASH_2001_Philadelphia"
"2002012126","06","67","67301","67301","2001","07","7","1302","13","1","1","1","7","5","","","N","00","0","00","3","0","1","1","1","N","N","39 56:45.425","75 14:27.956","1315","","1305","","0","","N","","0 ","","","","","","","","","","1","1","0","0","0","0","0","0","0","0","0","1","1","0","0","0","0","0","0","0","0","0","0","0","0","0","0","0","0","0","0","0","0","0","0","4","0","39.946","-75.2413","","CRASH_2001_Philadelphia"
"2002025175","06","67","67301","67301","2001","08","4","0635","06","1","1","0","4","1","","","N","02","3","00","3","0","1","2","2","N","N","40 01:27.000","75 08:06.000","0640","","0637","","9","","N","","3 ","U","","","","","","","","","2","1","0","0","1","0","0","0","0","0","0","1","1","0","0","0","0","1","0","0","0","0","0","1","0","0","0","0","0","0","0","0","0","0","0","4","0","40.0242","-75.135","","CRASH_2001_Philadelphia"
"2002039422","06","67","67301","67301","2001","11","3","1814","18","3","1","0","4","1","","","N","00","0","07","3","0","1","4","2","N","N","40 07:21.293","75 00:56.924","1820","","1814","1","1","1","N","","0 ","Y","","","","","","","","","2","2","0","0","0","0","0","0","0","0","0","1","1","0","0","0","0","0","0","0","1","0","0","4","0","0","0","0","0","0","0","0","0","0","0","4","0","40.1228","-75.0157","","CRASH_2001_Philadelphia"
"2002045767","06","67","67301","67301","2001","10","2","1405","14","1","1","0","1","2","","","N","00","0","00","3","0","1","1","2","N","N","40 05:43.782","75 03:00.286","1410","","1405","","0","","N","","0 ","","","","","","","","","","2","1","0","0","1","0","0","0","0","0","0","1","1","0","0","0","0","0","0","0","0","0","0","0","0","0","0","0","0","0","0","0","0","0","0","4","0","40.0955","-75.05","","CRASH_2001_Philadelphia"
"2002017533","06","67","67301","67301","2001","08","5","0737","07","1","1","0","2","1","","","N","00","2","00","3","0","2","7","5","N","N","40 03:59.000","75 02:12.000","0740","","0737","1","2","1","N","","3 ","Y","","","","","","","","","5","4","0","0","1","0","0","0","0","0","2","0","2","0","0","0","0","0","1","0","0","0","0","0","0","0","0","0","0","0","0","0","0","0","0","3","0","40.071","-75.0378","","CRASH_2001_Philadelphia"
"2002017859","06","67","67301","67301","2001","08","6","1800","18","1","2","1","4","1","","","N","01","2","00","3","0","1","2","2","N","N","40 02:15.720","75 02:33.360","1805","","1800","","0","","N","","2 ","","","","","","","","","","2","2","0","0","0","0","0","0","0","1","0","0","1","0","0","0","0","0","0","0","1","0","0","0","0","0","0","0","0","0","0","0","0","0","0","2","0","40.0377","-75.0425","","CRASH_2001_Philadelphia"
"2002023925","06","67","67301","67301","2001","08","1","1900","19","1","2","1","5","2","","","N","00","0","00","3","0","1","3","2","N","N","39 57:10.891","75 09:44.402","1930","","1925","","0","","N","","0 ","","","","","","","","","","1","1","0","0","0","0","0","0","1","0","0","1","1","0","0","0","0","0","0","0","0","0","0","0","0","0","0","0","0","0","0","0","0","0","0","4","0","39.9531","-75.1624","","CRASH_2001_Philadelphia"
"2002045681","06","67","67301","67301","2001","10","7","0315","03","2","1","0","9","9","","","N","07","4","02","3","0","0","1","1","N","N","39 58:27.120","75 11:41.280","0335","","0325","","0","","N","","9 ","","","","","","","","","","1","1","0","0","0","0","0","0","0","0","0","0","0","0","0","0","0","0","0","0","0","0","0","0","0","0","0","0","0","0","0","0","0","0","0","0","0","39.9744","-75.1949","","CRASH_2001_Philadelphia"
"2002022827","06","67","67301","67301","2001","08","5","0115","01","8","1","0","1","1","","","N","00","0","00","3","0","1","2","2","N","N","39 53:10.174","75 12:44.706","0120","","0115","1","2","2","N","","0 ","N","","","","","","","","","2","1","0","0","0","1","0","0","0","0","0","1","1","0","0","0","0","0","0","0","0","0","0","0","0","0","0","0","0","0","0","0","0","0","0","4","1","39.886","-75.2114","","CRASH_2001_Philadelphia"
"2002026478","06","67","67301","67301","2001","07","3","9999","99","1","1","0","4","1","","","N","01","3","00","3","0","1","3","2","N","N","40 01:14.970","75 07:05.771","9999","","1831","","0","","N","","9 ","","","","","","","","","","1","1","0","0","0","0","0","0","1","0","0","1","1","0","0","0","0","0","0","1","0","0","0","2","0","0","0","0","0","0","0","0","0","0","0","4","0","40.0208","-75.1183","","CRASH_2001_Philadelphia"
"2002028821","06","67","67301","67301","2001","09","2","1820","18","1","2","1","7","4","","","N","02","0","00","3","0","0","4","1","N","N","39 56:31.786","75 14:19.278","1840","","1824","","0","","N","","0 ","","","","","","","","","","1","1","0","0","0","0","0","0","0","0","0","0","0","0","0","0","0","0","0","0","0","0","0","0","0","0","0","0","0","0","0","0","0","0","0","0","0","39.9421","-75.2387","","CRASH_2001_Philadelphia"
"2002035276","06","67","67301","67301","2001","11","5","1930","19","4","1","0","4","9","","","N","00","0","07","3","0","1","2","2","N","N","","","2049","","2047","","0","","N","","0 ","","","","","","","","","","2","1","0","0","0","0","0","0","0","0","0","1","1","0","0","0","0","0","0","0","1","0","0","0","0","0","0","0","0","0","0","0","0","0","0","4","0","","","","CRASH_2001_Philadelphia"
"2002050164","06","67","67301","67301","2001","11","5","1155","11","1","1","0","1","6","","","N","02","3","00","3","0","1","2","4","N","N","","","2135","","1200","","0","","N","","3 ","","","","","","","","","","4","4","0","0","0","0","0","0","0","0","0","1","1","0","0","0","0","0","0","0","0","0","0","0","0","0","0","0","0","0","0","0","0","0","0","4","0","","","","CRASH_2001_Philadelphia"
"2002045784","06","67","67301","67301","2001","10","5","0720","07","1","8","0","8","1","","","N","01","2","01","3","0","1","2","2","N","N","40 05:37.222","74 58:47.716","0725","","0720","","0","","N","","3 ","","","","","","","","","","1","1","0","0","0","0","0","0","0","0","0","1","1","0","0","0","0","0","0","0","0","0","0","0","0","0","0","0","0","0","0","0","1","0","0","4","0","40.0935","-74.9802","","CRASH_2001_Philadelphia"
"2002034059","06","67","67301","67301","2001","10","2","1730","17","1","1","8","8","1","","","N","00","0","00","3","0","1","2","2","N","N","40 00:41.000","75 09:21.000","1755","","1753","","0","","N","","0 ","","","","","","","","","","1","1","0","0","0","0","0","0","0","0","0","1","1","0","0","0","0","0","0","0","1","0","0","0","0","0","0","0","0","0","0","0","1","0","0","4","0","40.0114","-75.1558","","CRASH_2001_Philadelphia"
"2002037043","06","67","67301","67301","2001","12","1","0010","00","3","1","0","6","1","","","N","01","2","00","3","0","6","6","2","N","N","40 03:17.474","75 10:08.391","0025","","0021","","0","","N","","3 ","","","","","","","","","","2","2","0","0","0","0","0","0","0","0","1","5","6","0","0","0","0","0","0","0","0","0","0","0","0","0","0","0","0","0","0","0","0","0","0","3","0","40.0548","-75.169","","CRASH_2001_Philadelphia"
"2002045794","06","67","67301","67301","2001","10","6","1240","12","1","1","0","4","1","","","N","01","2","00","3","0","1","3","2","N","N","40 03:45.734","75 03:27.633","1248","","1242","","0","","N","","3 ","","","","","","","","","","2","2","0","0","0","0","0","0","0","0","0","1","1","0","0","0","0","0","0","0","0","0","1","0","0","0","0","0","0","0","0","0","0","0","0","4","0","40.0628","-75.0577","","CRASH_2001_Philadelphia"
"2001287486","06","67","67301","","2001","01","6","1615","16","1","1","0","1","1","","","N","02","9","00","3","0","2","2","2","N","N","40 00:52.657","75 07:51.956","9999","","9999","","0","","N","","9 ","","","","","","","","","","2","2","0","0","0","0","0","0","0","0","0","0","0","0","2","0","0","0","0","0","0","0","0","0","0","0","0","0","0","0","0","0","0","0","0","9","0","40.0146","-75.1311","","CRASH_2001_Philadelphia"
"2001400091","06","67","67301","67301","2001","02","7","1147","11","1","1","0","7","5","","","N","00","0","00","3","1","0","1","1","N","N","40 02:54.600","75 00:09.000","9999","","9999","","0","","N","9","0 ","","","","","","","","","","1","1","0","0","0","0","0","0","0","0","0","0","0","0","0","0","0","0","0","0","1","0","0","0","0","0","0","0","0","0","0","0","0","0","0","1","0","40.0487","-75.0025","2 ","CRASH_2001_Philadelphia"
"2002028575","06","67","67301","67301","2001","09","2","1615","16","1","1","0","1","1","","","N","01","2","00","3","0","1","2","2","N","N","40 01:34.108","75 07:18.874","1619","","1616","","0","","N","","3 ","","","","","","","","","","2","1","1","0","0","0","0","0","0","0","0","1","1","0","0","0","0","0","0","0","0","0","0","0","0","0","0","0","0","0","0","0","0","0","0","4","0","40.0262","-75.1217","","CRASH_2001_Philadelphia"
"2002032611","06","67","67301","67301","2001","08","1","0206","02","3","1","0","1","1","","","N","00","0","00","3","0","0","4","3","N","N","40 00:38.680","75 03:45.819","0206","","0206","","0","","N","","0 ","","","","","","","","","","3","3","0","0","0","0","0","0","0","0","0","0","0","0","0","0","0","0","0","0","0","0","0","0","0","0","0","0","0","0","0","0","0","0","0","0","0","40.0102","-75.0637","","CRASH_2001_Philadelphia"
"2002045882","06","67","67301","67301","2001","10","2","2345","23","3","1","0","1","1","","","N","00","0","00","3","0","1","1","4","N","N","39 55:00.120","75 10:22.080","0003","","0003","","0","","N","","0 ","","","","","","","","","","4","4","0","0","0","0","0","0","0","0","0","1","1","0","0","0","0","0","0","0","0","0","1","0","0","0","0","0","0","0","0","0","0","0","0","4","0","39.9166","-75.1729","","CRASH_2001_Philadelphia"
"2001400711","06","67","67301","67301","2001","08","7","2231","22","3","1","0","7","5","","","N","05","2","00","3","1","2","3","1","N","N","","","9999","","9999","","0","","N","9","3 ","","","","","","","","","","1","1","0","0","0","0","0","0","0","2","0","0","2","0","0","0","0","0","0","0","0","0","0","3","1","2","0","0","0","0","0","0","0","0","0","1","0","","","9 ","CRASH_2001_Philadelphia"
"2002001072","06","67","67301","67301","2001","06","6","1945","19","3","2","1","4","1","","","N","05","2","00","3","0","1","2","2","N","N","40 03:05.712","75 09:00.640","2000","","2000","","0","","N","","3 ","","","","","","","","","","2","2","0","0","0","0","0","0","0","0","0","1","1","0","0","0","0","0","0","0","0","0","0","0","0","0","0","0","0","0","0","0","0","0","0","4","0","40.0515","-75.1501","","CRASH_2001_Philadelphia"
"2002004229","06","67","67301","67301","2001","06","7","1305","13","1","2","1","4","1","","","N","01","2","00","3","0","2","3","2","N","N","40 02:23.640","75 08:40.200","1315","","1309","","0","","N","","3 ","","","","","","","","","","2","2","0","0","0","0","0","0","0","0","0","2","2","0","0","0","0","0","0","0","0","0","0","0","0","0","0","0","0","0","0","0","0","0","0","4","0","40.0398","-75.1445","","CRASH_2001_Philadelphia"
"2001287561","06","67","67301","","2001","02","5","2300","23","9","1","0","1","1","","","N","00","0","07","3","0","3","3","2","N","N","","","9999","","9999","","0","","N","","0 ","","","","","","","","","","2","1","0","0","0","0","0","0","0","0","0","0","0","0","3","0","0","0","0","0","0","0","0","0","0","0","0","0","0","0","0","0","0","0","0","9","0","","","","CRASH_2001_Philadelphia"
"2002017549","06","67","67301","67301","2001","08","5","1134","11","1","9","0","7","2","","","N","01","2","00","3","0","0","1","1","N","N","40 07:05.041","74 58:56.310","1145","","1136","","0","","Y","","3 ","","","","","","","","","","1","1","0","0","0","0","0","0","0","0","0","0","0","0","1","0","0","0","0","0","0","0","1","0","0","0","0","0","0","0","0","0","0","0","0","9","0","40.1181","-74.9823","","CRASH_2001_Philadelphia"