"CRN","DISTRICT","COUNTY","MUNICIPALITY","POLICE_AGCY","CRASH_YEAR","CRASH_MONTH","DAY_OF_WEEK","TIME_OF_DAY","HOUR_OF_DAY","ILLUMINATION","WEATHER","ROAD_CONDITION","COLLISION_TYPE","RELATION_TO_ROAD","WORK_ZONE_TYPE","WORK_ZONE_LOC","WORK_ZONE_IND","INTERSECT_TYPE","TCD_TYPE","LOCATION_TYPE","URBAN_RURAL","FATAL_COUNT","INJURY_COUNT","PERSON_COUNT","TOTAL_UNITS","SCH_BUS_IND","SCH_ZONE_IND","LATITUDE","LONGITUDE","ARRIVAL_TM","CONS_ZONE_SPD_LIM","DISPATCH_TM","EST_HRS_CLOSED","LANE_CLOSED","LN_CLOSE_DIR","NTFY_HIWY_MAINT","SPEC_JURIS_CD","TCD_FUNC_CD","TFC_DETOUR_IND","WORKERS_PRES","WZ_CLOSE_DETOUR","WZ_FLAGGER","WZ_LAW_OFFCR_IND","WZ_LN_CLOSURE","WZ_MOVING","WZ_OTHER","WZ_SHLDER_MDN","VEHICLE_COUNT","AUTOMOBILE_COUNT","MOTORCYCLE_COUNT","BUS_COUNT","SMALL_TRUCK_COUNT","HEAVY_TRUCK_COUNT","SUV_COUNT","VAN_COUNT","BICYCLE_COUNT","MAJ_INJ_COUNT","MOD_INJ_COUNT","MIN_INJ_COUNT","TOT_INJ_COUNT","UNK_INJ_DEG_COUNT","UNK_INJ_PER_COUNT","DRIVER_COUNT_16YR","DRIVER_COUNT_17YR","DRIVER_COUNT_18YR","DRIVER_COUNT_19YR","DRIVER_COUNT_20YR","DRIVER_COUNT_50_64YR","DRIVER_COUNT_65_74YR","DRIVER_COUNT_75PLUS","UNBELTED_OCC_COUNT","UNB_DEATH_COUNT","UNB_MAJ_INJ_COUNT","BELTED_DEATH_COUNT","BELTED_MAJ_INJ_COUNT","MCYCLE_DEATH_COUNT","MCYCLE_MAJ_INJ_COUNT","BICYCLE_DEATH_COUNT","BICYCLE_MAJ_INJ_COUNT","PED_COUNT","PED_DEATH_COUNT","PED_MAJ_INJ_COUNT","MAX_SEVERITY_LEVEL","COMM_VEH_COUNT","DEC_LAT","DEC_LONG","RDWY_SURF_TYPE_CD","COUNTY_YEAR"
"2002018351","06","67","67301","67301","2001","08","7","0840","08","1","1","0","7","4","","","N","00","0","00","3","0","1","1","1","N","N","40 01:52.612","75 01:18.797","0850","","0842","","0","","N","","0 ","","","","","","","","","","1","1","0","0","0","0","0","0","0","1","0","0","1","0","0","0","0","0","0","0","0","0","0","0","0","0","0","0","0","0","0","0","0","0","0","2","0","40.0313","-75.0218","","CRASH_2001_Philadelphia"
"2002036257","06","67","67301","67301","2001","11","7","1258","12","1","1","0","8","1","","","N","00","2","00","3","0","1","2","2","N","N","40 02:51.564","75 03:35.821","1400","","1359","","0","","N","","3 ","","","","","","","","","","1","1","0","0","0","0","0","0","0","0","1","0","1","0","0","0","0","0","0","0","0","0","0","0","0","0","0","0","0","0","0","0","1","0","0","3","0","40.0477","-75.06","","CRASH_2001_Philadelphia"
"2001400995","06","67","67301","67301","2001","08","2","1600","16","1","1","0","8","1","","","N","02","0","00","3","1","0","2","2","N","N","39 55:48.198","75 09:19.925","9999","","9999","","0","","N","9","0 ","","","","","","","","","","1","0","0","0","0","1","0","0","0","0","0","0","0","0","0","0","0","0","0","0","1","0","0","0","0","0","0","0","0","0","0","0","1","1","0","1","1","39.9301","-75.1555","9 ","CRASH_2001_Philadelphia"
"2002041665","06","67","67301","67301","2001","12","6","1815","18","3","1","0","2","1","","","N","00","0","01","3","0","0","4","2","N","N","","","1831","","1821","","0","","N","","0 ","","","","","","","","","","2","2","0","0","0","0","0","0","0","0","0","0","0","0","0","0","0","0","0","0","0","0","0","0","0","0","0","0","0","0","0","0","0","0","0","0","0","","","","CRASH_2001_Philadelphia"
"2002016809","06","67","67301","67301","2001","05","6","1827","18","1","1","0","8","1","","","N","00","2","00","3","0","1","2","2","N","N","40 01:47.640","75 06:15.840","1540","","1532","","0","","N","","3 ","","","","","","","","","","1","1","0","0","0","0","0","0","0","0","1","0","1","0","0","0","0","0","0","0","0","0","0","0","0","0","0","0","0","0","0","0","1","0","0","3","0","40.0301","-75.1043","","CRASH_2001_Philadelphia"
"2002027885","06","67","67301","67301","2001","09","1","0612","06","1","1","0","2","1","","","N","01","2","00","3","0","1","2","2","N","N","39 58:15.000","75 13:43.000","0616","","0612","","0","","N","","3 ","","","","","","","","","","2","2","0","0","0","0","0","0","0","0","0","1","1","0","0","0","0","0","0","1","1","0","0","0","0","0","0","0","0","0","0","0","0","0","0","4","0","39.9708","-75.2286","","CRASH_2001_Philadelphia"
"2002037707","06","67","67301","67301","2001","10","4","0627","06","6","1","0","4","1","","","N","02","2","00","3","0","0","2","2","N","N","40 01:06.625","75 08:57.777","0630","","0627","","0","","Y","","3 ","","","","","","","","","","2","2","0","0","0","0","0","0","0","0","0","0","0","0","0","0","0","0","0","0","1","0","0","0","0","0","0","0","0","0","0","0","0","0","0","0","0","40.0184","-75.1491","","CRASH_2001_Philadelphia"
"2002041594","06","67","67301","67301","2001","12","2","1930","19","3","1","0","4","1","","","N","01","2","00","3","0","2","3","3","N","N","40 03:03.078","75 04:38.830","1932","","1931","2","2","6","Y","","3 ","Y","","","","","","","","","3","0","0","0","2","0","0","0","0","0","1","1","2","0","0","0","0","0","0","0","0","0","0","0","0","0","0","0","0","0","0","0","0","0","0","3","0","40.0509","-75.0775","","CRASH_2001_Philadelphia"
"2001243472","06","67","67301","67301","2001","05","6","1520","15","1","2","0","8","1","","","N","01","2","00","3","0","1","2","2","N","N","39 57:10.440","75 10:06.600","9999","","9999","","0","","N","","3 ","","","","","","","","","","1","1","0","0","0","0","0","0","0","0","0","1","1","0","0","0","0","0","0","0","1","0","0","0","0","0","0","0","0","0","0","0","1","0","0","4","0","39.953","-75.1685","","CRASH_2001_Philadelphia"
"2001268096","06","67","67301","67301","2001","09","2","2304","23","3","1","0","7","5","","","N","00","0","00","3","0","2","2","1","N","N","","","9999","","9999","","0","","N","","0 ","","","","","","","","","","1","1","0","0","0","0","0","0","0","0","2","0","2","0","0","0","1","0","0","0","0","0","0","2","0","0","0","0","0","0","0","0","0","0","0","3","0","","","","CRASH_2001_Philadelphia"
"2002014616","06","67","67301","67301","2001","07","7","1838","18","1","1","0","7","3","","","N","00","0","00","3","0","0","1","1","N","N","40 00:56.424","75 10:36.258","1843","","1838","","0","","Y","","0 ","","","","","","","","","","1","1","0","0","0","0","0","0","0","0","0","0","0","0","0","0","0","0","0","0","0","0","0","0","0","0","0","0","0","0","0","0","0","0","0","0","0","40.0156","-75.1766","","CRASH_2001_Philadelphia"
"2002016703","06","67","67301","67301","2001","06","7","1220","12","1","1","0","1","1","","","N","00","0","00","3","0","0","2","2","N","N","39 56:41.690","75 11:26.269","1230","","1223","1","1","4","N","","0 ","N","","","","","","","","","2","2","0","0","0","0","0","0","0","0","0","0","0","0","0","0","0","0","0","0","1","0","0","0","0","0","0","0","0","0","0","0","0","0","0","0","0","39.9436","-75.1924","","CRASH_2001_Philadelphia"
"2002026225","06","67","67301","46104","2001","09","2","1802","18","1","1","0","4","1","","","N","01","2","00","3","0","2","3","3","N","N","39 59:49.818","75 14:07.556","1807","","1802","1","1","3","N","","3 ","N","","","","","","","","","3","3","0","0","0","0","0","0","0","0","0","2","2","0","0","0","0","0","0","0","1","0","0","0","0","0","0","0","0","0","0","0","0","0","0","4","0","39.997","-75.2353","","CRASH_2001_Philadelphia"
"2002029467","06","67","67301","67301","2001","09","5","1329","13","1","1","0","4","1","","","N","01","2","00","3","0","1","5","2","N","N","40 06:59.391","75 01:12.076","1335","","1329","","0","","N","","3 ","","","","","","","","","","2","2","0","0","0","0","0","0","0","0","0","1","1","0","0","0","0","0","0","0","1","1","0","0","0","0","0","0","0","0","0","0","0","0","0","4","0","40.1167","-75.0198","","CRASH_2001_Philadelphia"
"2002042586","06","67","67301","67301","2001","12","6","2200","22","3","1","0","1","1","","","N","00","0","00","3","0","1","3","2","N","N","40 06:33.121","75 01:32.689","2217","","2201","","0","","N","","0 ","","","","","","","","","","2","2","0","0","0","0","0","0","0","0","1","0","1","0","0","0","0","0","0","0","1","0","0","0","0","0","0","0","0","0","0","0","0","0","0","3","0","40.1091","-75.0258","","CRASH_2001_Philadelphia"
"2002043699","06","67","67301","67301","2001","12","7","1414","14","1","1","0","1","1","","","N","00","2","07","3","0","1","4","2","N","N","40 06:17.671","75 00:03.746","1436","","1433","","0","","N","","3 ","","","","","","","","","","2","2","0","0","0","0","0","0","0","0","1","0","1","0","0","0","0","0","0","0","1","0","0","3","0","0","0","0","0","0","0","0","0","0","0","3","0","40.1049","-75.0012","","CRASH_2001_Philadelphia"
"2002045158","06","67","67301","67301","2001","12","2","1922","19","3","1","0","4","1","","","N","02","2","00","3","0","1","6","2","N","N","40 01:28.770","75 03:16.227","1925","","1922","","0","","N","","3 ","","","","","","","","","","2","1","0","0","1","0","0","0","0","0","0","1","1","0","0","0","0","0","0","0","0","1","0","0","0","0","0","0","0","0","0","0","0","0","0","4","0","40.0247","-75.0545","","CRASH_2001_Philadelphia"
"2002045711","06","67","67301","67301","2001","10","2","1500","15","1","1","0","1","2","","","N","02","0","00","3","0","1","3","2","N","N","39 57:25.090","75 12:44.824","1513","","1508","","0","","N","","0 ","","","","","","","","","","2","2","0","0","0","0","0","0","0","0","0","1","1","0","0","0","0","0","0","0","0","0","0","0","0","0","0","0","0","0","0","0","0","0","0","4","0","39.9554","-75.2127","","CRASH_2001_Philadelphia"
"2002017281","06","67","67301","67301","2001","07","6","2234","22","3","1","0","1","1","","","N","00","0","00","3","0","1","2","2","N","N","39 58:31.244","75 11:39.262","2245","","2234","","0","","N","","0 ","","","","","","","","","","2","2","0","0","0","0","0","0","0","0","0","1","1","0","0","0","0","0","0","0","1","0","0","0","0","0","0","0","0","0","0","0","0","0","0","4","0","39.9754","-75.1945","","CRASH_2001_Philadelphia"
"2002024538","06","67","67301","67301","2001","08","6","0147","01","3","1","0","7","4","","","N","00","0","00","3","0","0","3","3","N","N","39 55:45.120","75 11:50.280","0155","","0147","","0","","N","","0 ","","","","","","","","","","3","2","0","0","0","1","0","0","0","0","0","0","0","0","0","0","0","0","0","0","0","0","0","0","0","0","0","0","0","0","0","0","0","0","0","0","1","39.9293","-75.1975","","CRASH_2001_Philadelphia"
"2002031097","06","67","67301","67301","2001","10","7","0900","09","1","1","0","1","1","","","N","01","9","00","3","0","2","3","2","N","N","39 54:14.558","75 14:25.275","0915","","0900","","0","","N","","9 ","","","","","","","","","","2","2","0","0","0","0","0","0","0","0","0","2","2","0","0","0","0","0","0","0","0","0","0","3","0","0","0","0","0","0","0","0","0","0","0","4","0","39.904","-75.2401","","CRASH_2001_Philadelphia"
"2002033599","06","67","67301","67301","2001","11","6","2228","22","3","1","0","5","1","","","N","00","0","00","3","0","3","5","2","N","N","","","2240","","2230","","0","","N","","0 ","","","","","","","","","","2","2","0","0","0","0","0","0","0","0","1","2","3","0","1","0","0","0","0","0","1","0","0","0","0","0","0","0","0","0","0","0","0","0","0","3","0","","","","CRASH_2001_Philadelphia"
"2002037047","06","67","67301","67301","2001","11","5","1241","12","1","2","1","1","1","","","N","05","2","00","3","0","1","4","2","N","N","40 01:28.418","75 06:35.125","1305","","1248","","0","","N","","2 ","","","","","","","","","","2","2","0","0","0","0","0","0","0","0","0","1","1","0","2","0","0","0","0","0","0","0","1","0","0","0","0","0","0","0","0","0","0","0","0","4","0","40.0246","-75.1097","","CRASH_2001_Philadelphia"
"2002038297","06","67","67301","67301","2001","11","6","1705","17","3","1","0","8","1","","","N","00","0","00","3","0","1","3","3","N","N","","","1710","","1705","","0","","N","","0 ","","","","","","","","","","1","1","0","0","0","0","0","0","0","0","0","1","1","0","0","0","0","0","0","0","0","0","0","0","0","0","0","0","0","0","0","0","2","0","0","4","0","","","","CRASH_2001_Philadelphia"
"2002041382","06","67","67301","67301","2001","12","7","0215","02","3","1","0","4","1","","","N","00","0","03","3","0","2","5","3","N","N","40 01:55.920","75 11:59.280","0224","","0223","","0","","N","","0 ","","","","","","","","","","3","3","0","0","0","0","0","0","0","0","1","1","2","0","1","0","0","0","0","1","0","0","0","0","0","0","0","0","0","0","0","0","0","0","0","3","0","40.032","-75.2","","CRASH_2001_Philadelphia"
"2002042676","06","67","67301","67301","2001","12","6","1715","17","3","1","0","1","1","","","N","05","2","00","3","0","1","3","3","N","N","40 01:15.651","75 08:24.505","1720","","1715","","0","","N","","3 ","","","","","","","","","","3","3","0","0","0","0","0","0","0","0","0","1","1","0","0","0","0","0","0","0","0","0","0","0","0","0","0","0","0","0","0","0","0","0","0","4","0","40.0211","-75.1399","","CRASH_2001_Philadelphia"
"2002012728","06","67","67301","67301","2001","06","3","1843","18","1","1","0","4","1","","","N","01","3","00","3","0","0","2","2","N","N","40 03:49.673","75 10:22.325","1845","","1843","","0","","N","","3 ","","","","","","","","","","2","2","0","0","0","0","0","0","0","0","0","0","0","0","0","0","0","0","1","0","0","0","0","0","0","0","0","0","0","0","0","0","0","0","0","0","0","40.0638","-75.1729","","CRASH_2001_Philadelphia"
"2002016680","06","67","67301","67301","2001","06","7","2228","22","3","1","0","5","6","","","N","00","0","00","3","0","0","5","3","N","N","40 02:39.302","75 09:46.271","2235","","2230","","0","","N","","0 ","","","","","","","","","","3","3","0","0","0","0","0","0","0","0","0","0","0","0","0","0","0","0","0","0","0","0","0","0","0","0","0","0","0","0","0","0","0","0","0","0","0","40.0443","-75.1629","","CRASH_2001_Philadelphia"
"2001288650","06","67","67301","","2001","12","2","1430","14","1","1","0","5","1","","","N","00","0","00","3","0","1","4","2","N","N","39 57:30.240","75 09:43.560","9999","","9999","","0","","N","","0 ","","","","","","","","","","2","2","0","0","0","0","0","0","0","1","0","0","1","0","0","0","0","0","0","0","0","0","0","0","0","0","0","1","0","0","0","0","0","0","0","2","0","39.9584","-75.1622","","CRASH_2001_Philadelphia"
"2002017856","06","67","67301","67301","2001","07","2","1744","17","1","1","0","4","1","","","N","01","3","00","3","0","2","2","2","N","N","40 03:29.516","75 09:47.374","1605","","1544","","0","","N","","3 ","","","","","","","","","","2","2","0","0","0","0","0","0","0","0","1","1","2","0","0","0","0","0","0","0","0","0","0","0","0","0","0","0","0","0","0","0","0","0","0","3","0","40.0582","-75.1632","","CRASH_2001_Philadelphia"
"2001266445","06","67","67301","67301","2001","07","2","1900","19","1","1","0","1","1","","","N","01","2","00","3","0","4","5","2","N","N","40 00:27.720","75 08:20.040","9999","","9999","","0","","N","","3 ","","","","","","","","","","2","1","0","0","0","0","0","1","0","0","0","0","0","0","4","0","0","0","0","0","0","0","0","0","0","0","0","0","0","0","0","0","0","0","0","9","0","40.0077","-75.1389","","CRASH_2001_Philadelphia"
"2002002864","06","67","67301","67301","2001","06","1","1700","17","1","1","0","1","1","","","N","02","2","00","3","0","1","3","3","N","N","39 56:39.909","75 14:39.363","1720","","1716","","0","","N","","3 ","","","","","","","","","","3","2","0","0","1","0","0","0","0","0","0","1","1","0","0","0","0","0","0","0","0","0","1","0","0","0","0","0","0","0","0","0","0","0","0","4","0","39.9443","-75.2445","","CRASH_2001_Philadelphia"
"2002023886","06","67","67301","67301","2001","08","3","1258","12","1","1","0","4","1","","","N","01","2","00","3","0","1","3","2","N","N","39 59:05.672","75 06:47.633","1310","","1300","","0","","N","","3 ","","","","","","","","","","2","2","0","0","0","0","0","0","0","0","0","1","1","0","0","0","0","0","0","0","1","0","0","0","0","0","0","0","0","0","0","0","0","0","0","4","0","39.9898","-75.1039","","CRASH_2001_Philadelphia"
"2002031562","06","67","67301","67301","2001","10","1","1315","13","1","1","0","1","1","","","N","03","0","02","3","0","5","5","2","N","N","39 57:23.400","75 08:32.640","1325","","1315","1","1","1","N","","0 ","N","","","","","","","","","2","1","0","0","1","0","0","0","0","0","4","1","5","0","0","0","0","0","0","0","0","0","0","0","0","0","0","0","0","0","0","0","0","0","0","3","0","39.957","-75.1441","","CRASH_2001_Philadelphia"
"2002045856","06","67","67301","67301","2001","10","5","0951","09","1","1","0","4","1","","","N","01","2","00","3","0","2","3","2","N","N","40 01:10.675","75 10:28.997","0953","","0953","","0","","N","","3 ","","","","","","","","","","2","2","0","0","0","0","0","0","0","0","0","2","2","0","0","0","0","0","0","0","0","0","0","0","0","0","0","0","0","0","0","0","0","0","0","4","0","40.0194","-75.1744","","CRASH_2001_Philadelphia"
"2002055931","06","67","67301","67301","2001","12","3","1130","11","1","8","1","8","1","","","N","01","2","00","3","0","1","2","2","N","Y","39 59:52.630","75 07:31.319","1154","","1150","","0","","N","","3 ","","","","","","","","","","1","0","0","1","0","0","0","0","0","0","0","1","1","0","1","0","0","0","0","0","0","0","0","0","0","0","0","0","0","0","0","0","1","0","0","4","1","39.998","-75.1254","","CRASH_2001_Philadelphia"
"2002017119","06","67","67301","67301","2001","07","5","1100","11","1","1","0","4","1","","","N","00","0","07","3","0","0","3","2","N","N","40 04:34.802","75 11:41.258","1135","","1128","","0","","N","","0 ","","","","","","","","","","2","1","0","0","1","0","0","0","0","0","0","0","0","0","0","0","0","1","0","0","0","0","0","1","0","0","0","0","0","0","0","0","0","0","0","0","0","40.0763","-75.1948","","CRASH_2001_Philadelphia"
"2002008894","06","67","67301","67301","2001","06","3","2320","23","3","1","1","5","9","","","N","02","2","00","3","0","0","3","2","N","N","40 01:46.726","75 06:14.636","2350","","2337","","0","","N","","3 ","","","","","","","","","","2","2","0","0","0","0","0","0","0","0","0","0","0","0","0","0","0","1","0","0","0","0","0","0","0","0","0","0","0","0","0","0","0","0","0","0","0","40.0297","-75.1042","","CRASH_2001_Philadelphia"
"2002014593","06","67","67301","67301","2001","07","2","1117","11","1","1","0","8","1","","","N","01","2","00","3","0","1","2","2","N","N","39 57:12.138","75 10:17.972","1123","","1120","","0","","N","","3 ","","","","","","","","","","1","1","0","0","0","0","0","0","0","0","0","1","1","0","0","0","0","0","0","0","0","0","0","0","0","0","0","0","0","0","0","0","1","0","0","4","0","39.9534","-75.1716","","CRASH_2001_Philadelphia"
"2002023910","06","67","67301","67301","2001","08","7","1629","16","1","1","0","8","1","","","N","01","2","00","3","0","1","2","2","N","N","40 00:35.645","75 09:21.954","1630","","1629","","0","","N","","3 ","","","","","","","","","","1","0","0","0","0","0","0","0","0","0","1","0","1","0","1","0","0","0","0","0","0","0","0","0","0","0","0","0","0","0","0","0","1","0","0","3","0","40.0099","-75.156","","CRASH_2001_Philadelphia"
"2001400744","06","67","67301","67301","2001","09","6","2202","22","3","1","0","8","1","","","N","00","0","00","3","1","0","2","2","N","N","","","9999","","9999","","0","","N","9","0 ","","","","","","","","","","1","0","0","0","0","0","0","1","0","0","0","0","0","0","0","0","0","0","0","0","0","0","0","0","0","0","0","0","0","0","0","0","1","1","0","1","0","","","9 ","CRASH_2001_Philadelphia"
"2001288386","06","67","67301","","2001","08","6","1345","13","1","1","0","1","1","","","N","06","9","02","3","0","2","2","2","N","N","39 57:35.280","75 10:39.000","9999","","9999","","0","","N","","9 ","","","","","","","","","","2","2","0","0","0","0","0","0","0","0","1","0","1","0","1","0","0","0","0","0","0","0","0","0","0","0","0","0","0","0","0","0","0","0","0","3","0","39.9598","-75.1775","","CRASH_2001_Philadelphia"
"2001240937","06","67","67301","67301","2001","04","1","0842","08","1","1","0","1","1","","","N","01","9","00","3","0","1","4","2","N","N","40 07:20.334","75 00:47.260","9999","","9999","","0","","N","","9 ","","","","","","","","","","2","2","0","0","0","0","0","0","0","0","0","1","1","0","0","0","0","0","0","0","0","0","0","0","0","0","0","0","0","0","0","0","0","0","0","4","0","40.1223","-75.0131","","CRASH_2001_Philadelphia"
"2002003760","06","67","67301","67301","2001","06","1","1020","10","1","2","1","4","1","","","N","01","3","00","3","0","6","6","2","N","N","40 01:14.160","75 03:03.240","1030","","1024","","0","","N","","3 ","","","","","","","","","","2","2","0","0","0","0","0","0","0","0","2","4","6","0","0","0","0","0","0","0","0","0","0","0","0","0","0","0","0","0","0","0","0","0","0","3","0","40.0206","-75.051","","CRASH_2001_Philadelphia"
"2002023689","06","67","67301","67301","2001","08","4","1819","18","1","1","0","4","1","","","N","01","2","03","3","0","4","7","3","N","N","40 05:56.000","74 59:10.000","1821","","1819","2","1","1","N","","3 ","Y","","","","","","","","","3","2","0","0","1","0","0","0","0","0","1","3","4","0","0","0","0","0","0","0","0","0","1","0","0","0","0","0","0","0","0","0","0","0","0","3","1","40.0986","-74.9862","","CRASH_2001_Philadelphia"
"2002026306","06","67","67301","67301","2001","08","6","1328","13","1","1","0","1","1","","","N","00","2","00","3","0","1","2","2","N","N","40 00:05.000","75 12:47.000","1349","","1349","","0","","N","","3 ","","","","","","","","","","2","2","0","0","0","0","0","0","0","0","0","1","1","0","0","0","0","0","0","0","0","0","1","0","0","0","0","0","0","0","0","0","0","0","0","4","0","40.0014","-75.2131","","CRASH_2001_Philadelphia"
"2002026492","06","67","67301","67301","2001","08","6","1800","18","1","2","0","8","1","","","N","01","2","00","3","0","1","2","2","N","N","40 03:02.352","75 08:32.041","1800","","1751","","0","","N","","3 ","","","","","","","","","","1","0","1","0","0","0","0","0","0","0","0","1","1","0","0","0","0","0","0","0","0","0","0","0","0","0","0","0","0","0","0","0","1","0","0","4","0","40.0506","-75.1422","","CRASH_2001_Philadelphia"
"2002027879","06","67","67301","67301","2001","08","4","1827","18","1","1","0","8","1","","","N","00","0","00","3","0","2","3","2","N","N","39 58:28.610","75 11:02.445","1831","","1829","","0","","N","","0 ","","","","","","","","","","1","1","0","0","0","0","0","0","1","0","0","2","2","0","0","0","0","0","0","0","0","0","0","0","0","0","0","0","0","0","0","0","0","0","0","4","0","39.9746","-75.184","","CRASH_2001_Philadelphia"
"2002029561","06","67","67301","67301","2001","09","6","1149","11","1","1","0","5","1","","","N","03","2","00","3","0","1","2","2","N","N","39 58:32.294","75 11:25.820","1207","","1200","","0","","N","","3 ","","","","","","","","","","1","1","0","0","0","0","0","0","1","0","1","0","1","0","1","0","0","0","0","0","0","0","0","0","0","0","0","0","0","0","0","0","0","0","0","3","0","39.9755","-75.191","","CRASH_2001_Philadelphia"
"2002031497","06","67","67301","67301","2001","09","7","1340","13","1","1","0","1","1","","","N","05","2","00","3","0","0","2","2","N","N","40 03:32.505","75 02:41.288","1350","","1345","","0","","N","","3 ","","","","","","","","","","2","0","0","0","0","0","2","0","0","0","0","0","0","0","0","0","0","0","0","0","1","0","0","0","0","0","0","0","0","0","0","0","0","0","0","0","0","40.059","-75.0448","","CRASH_2001_Philadelphia"
"2002031538","06","67","67301","67301","2001","10","6","1645","16","1","1","0","4","1","","","N","01","0","00","3","0","2","4","2","N","N","40 00:42.453","75 09:47.574","1650","","1649","","0","","N","","0 ","","","","","","","","","","2","2","0","0","0","0","0","0","0","1","0","1","2","0","0","0","0","0","0","0","0","0","0","2","0","0","0","1","0","0","0","0","0","0","0","2","0","40.0116","-75.163","","CRASH_2001_Philadelphia"
"2002045774","06","67","67301","67301","2001","10","5","1621","16","1","1","0","4","1","","","N","01","2","00","3","0","0","3","2","N","N","40 05:41.846","75 00:55.041","1627","","1621","1","1","5","N","","3 ","N","","","","","","","","","2","2","0","0","0","0","0","0","0","0","0","0","0","0","0","0","0","0","0","0","0","0","0","0","0","0","0","0","0","0","0","0","0","0","0","0","0","40.0946","-75.0152","","CRASH_2001_Philadelphia"
"2001244772","06","67","67301","67301","2001","05","1","1646","16","1","1","0","9","1","","","N","00","0","00","3","0","1","1","2","N","N","","","9999","","9999","","0","","N","","0 ","","","","","","","","","","2","1","0","0","0","0","0","0","0","0","0","1","1","0","0","0","0","0","0","0","0","0","0","0","0","0","0","0","0","0","0","0","0","0","0","4","0","","","","CRASH_2001_Philadelphia"
"2001243470","06","67","67301","67301","2001","05","5","1118","11","1","1","0","7","5","","","N","01","3","00","3","0","0","1","1","N","N","39 59:15.000","75 15:20.520","9999","","9999","","0","","N","","3 ","","","","","","","","","","1","0","0","0","0","0","1","0","0","0","0","0","0","0","0","0","0","0","0","0","1","0","0","0","0","0","0","0","0","0","0","0","0","0","0","0","0","39.9875","-75.2557","","CRASH_2001_Philadelphia"
"2001243625","06","67","67301","67301","2001","04","2","0940","09","1","1","0","1","1","","","N","00","0","07","3","0","2","3","3","N","N","39 58:09.120","75 08:20.760","9999","","9999","","0","","N","","0 ","","","","","","","","","","3","1","0","0","0","2","0","0","0","0","0","2","2","0","0","0","0","0","0","0","1","0","0","0","0","0","0","0","0","0","0","0","0","0","0","4","0","39.9694","-75.1392","","CRASH_2001_Philadelphia"
"2001244764","06","67","67301","67301","2001","05","6","2215","22","3","2","0","4","1","","","N","00","0","07","3","0","2","2","2","N","N","","","9999","","9999","","0","","N","","0 ","","","","","","","","","","2","1","0","0","0","0","0","1","0","0","0","0","0","0","2","0","0","0","0","0","0","0","0","0","0","0","0","0","0","0","0","0","0","0","0","9","0","","","","CRASH_2001_Philadelphia"
"2001283774","06","67","67301","67301","2001","05","7","1250","12","1","1","0","7","1","","","N","00","0","00","3","0","1","1","1","N","N","40 01:10.560","75 09:37.800","9999","","9999","","0","","N","","0 ","","","","","","","","","","1","1","0","0","0","0","0","0","0","1","0","0","1","0","0","0","0","0","1","0","0","0","0","0","0","0","0","0","0","0","0","0","0","0","0","2","0","40.0196","-75.1605","","CRASH_2001_Philadelphia"
"2001400616","06","67","67301","67301","2001","07","6","1823","18","1","1","0","0","1","","","N","00","0","00","3","1","0","1","2","N","N","","","9999","","9999","","0","","N","9","0 ","","","","","","","","","","2","1","1","0","0","0","0","0","0","0","0","0","0","0","0","0","0","0","0","0","0","0","0","0","0","0","0","0","1","0","0","0","0","0","0","1","0","","","9 ","CRASH_2001_Philadelphia"
"2002031821","06","67","67301","67301","2001","09","5","1444","14","1","2","1","1","1","","","N","00","0","00","3","0","1","2","2","N","N","39 59:03.836","75 05:55.639","1447","","1445","","0","","N","","0 ","","","","","","","","","","2","2","0","0","0","0","0","0","0","0","0","1","1","0","0","0","0","0","0","0","1","0","0","2","0","0","0","0","0","0","0","0","0","0","0","4","0","39.9843","-75.0988","","CRASH_2001_Philadelphia"
"2002037672","06","67","67301","67301","2001","11","7","1106","11","1","1","0","8","1","","","N","01","2","00","3","0","1","2","2","N","N","40 02:28.611","75 06:24.402","1110","","1108","","0","","N","","3 ","","","","","","","","","","1","0","0","0","1","0","0","0","0","0","0","1","1","0","0","0","0","0","0","0","0","0","0","0","0","0","0","0","0","0","0","0","1","0","0","4","0","40.0413","-75.1067","","CRASH_2001_Philadelphia"
"2002046272","06","67","67301","67301","2001","10","4","2230","22","3","1","0","7","3","","","N","00","0","00","3","0","1","2","1","N","N","39 57:29.880","75 08:26.520","2235","","2233","","0","","N","","0 ","","","","","","","","","","1","1","0","0","0","0","0","0","0","0","0","1","1","0","0","0","0","0","0","0","0","0","0","0","0","0","0","0","0","0","0","0","0","0","0","4","0","39.9583","-75.1407","","CRASH_2001_Philadelphia"
"2002046349","06","67","67301","67301","2001","11","1","1619","16","1","1","0","7","4","","","N","01","0","01","3","0","2","2","1","N","N","","","1625","","1619","","0","","N","","0 ","","","","","","","","","","1","1","0","0","0","0","0","0","0","0","0","2","2","0","0","0","0","0","0","0","0","0","0","0","0","0","0","0","0","0","0","0","0","0","0","4","0","","","","CRASH_2001_Philadelphia"
"2002049775","06","67","67301","67301","2001","01","4","1148","11","1","1","0","8","1","","","N","01","2","00","3","0","1","2","2","N","N","39 55:58.000","75 10:03.973","1149","","1148","","0","","N","","3 ","","","","","","","","","","1","1","0","0","0","0","0","0","0","0","0","1","1","0","0","0","0","0","0","0","0","0","1","0","0","0","0","0","0","0","0","0","1","0","0","4","0","39.9329","-75.1678","","CRASH_2001_Philadelphia"