"CRN","DISTRICT","COUNTY","MUNICIPALITY","POLICE_AGCY","CRASH_YEAR","CRASH_MONTH","DAY_OF_WEEK","TIME_OF_DAY","HOUR_OF_DAY","ILLUMINATION","WEATHER","ROAD_CONDITION","COLLISION_TYPE","RELATION_TO_ROAD","WORK_ZONE_TYPE","WORK_ZONE_LOC","WORK_ZONE_IND","INTERSECT_TYPE","TCD_TYPE","LOCATION_TYPE","URBAN_RURAL","FATAL_COUNT","INJURY_COUNT","PERSON_COUNT","TOTAL_UNITS","SCH_BUS_IND","SCH_ZONE_IND","LATITUDE","LONGITUDE","ARRIVAL_TM","CONS_ZONE_SPD_LIM","DISPATCH_TM","EST_HRS_CLOSED","LANE_CLOSED","LN_CLOSE_DIR","NTFY_HIWY_MAINT","SPEC_JURIS_CD","TCD_FUNC_CD","TFC_DETOUR_IND","WORKERS_PRES","WZ_CLOSE_DETOUR","WZ_FLAGGER","WZ_LAW_OFFCR_IND","WZ_LN_CLOSURE","WZ_MOVING","WZ_OTHER","WZ_SHLDER_MDN","VEHICLE_COUNT","AUTOMOBILE_COUNT","MOTORCYCLE_COUNT","BUS_COUNT","SMALL_TRUCK_COUNT","HEAVY_TRUCK_COUNT","SUV_COUNT","VAN_COUNT","BICYCLE_COUNT","MAJ_INJ_COUNT","MOD_INJ_COUNT","MIN_INJ_COUNT","TOT_INJ_COUNT","UNK_INJ_DEG_COUNT","UNK_INJ_PER_COUNT","DRIVER_COUNT_16YR","DRIVER_COUNT_17YR","DRIVER_COUNT_18YR","DRIVER_COUNT_19YR","DRIVER_COUNT_20YR","DRIVER_COUNT_50_64YR","DRIVER_COUNT_65_74YR","DRIVER_COUNT_75PLUS","UNBELTED_OCC_COUNT","UNB_DEATH_COUNT","UNB_MAJ_INJ_COUNT","BELTED_DEATH_COUNT","BELTED_MAJ_INJ_COUNT","MCYCLE_DEATH_COUNT","MCYCLE_MAJ_INJ_COUNT","BICYCLE_DEATH_COUNT","BICYCLE_MAJ_INJ_COUNT","PED_COUNT","PED_DEATH_COUNT","PED_MAJ_INJ_COUNT","MAX_SEVERITY_LEVEL","COMM_VEH_COUNT","DEC_LAT","DEC_LONG","RDWY_SURF_TYPE_CD","COUNTY_YEAR"
"2002044344","06","67","67301","67301","2001","07","2","1736","17","1","1","0","5","1","","","N","00","0","00","3","0","0","4","3","N","N","","","1715","","9999","","0","","N","","0 ","","","","","","","","","","3","2","0","0","1","0","0","0","0","0","0","0","0","0","0","0","0","0","0","0","0","0","0","0","0","0","0","0","0","0","0","0","0","0","0","0","0","","","","CRASH_2001_Philadelphia"
"2002018347","06","67","67301","67301","2001","08","7","1230","12","1","2","1","6","1","","","N","01","3","00","3","0","1","2","2","N","N","40 01:36.356","75 05:22.341","1250","","1244","","0","","N","","3 ","","","","","","","","","","2","0","0","0","2","0","0","0","0","0","1","0","1","0","0","0","0","0","0","0","0","0","0","2","0","0","0","0","0","0","0","0","0","0","0","3","0","40.0272","-75.0892","","CRASH_2001_Philadelphia"
"2002029450","06","67","67301","67301","2001","09","1","1440","14","1","1","0","4","1","","","N","01","2","00","3","0","1","3","3","N","N","40 01:47.083","75 05:17.024","1447","","1445","1","1","1","N","","3 ","N","","","","","","","","","3","3","0","0","0","0","0","0","0","0","0","1","1","0","0","0","0","0","0","0","0","0","0","0","0","0","0","0","0","0","0","0","0","0","0","4","0","40.0298","-75.088","","CRASH_2001_Philadelphia"
"2002017913","06","67","67301","67301","2001","08","5","1344","13","1","1","0","1","1","","","N","00","0","01","3","0","2","3","2","N","N","40 01:02.000","75 10:20.000","1350","","1345","","0","","N","","0 ","","","","","","","","","","2","1","0","0","1","0","0","0","0","0","0","2","2","0","0","0","0","0","0","0","0","0","0","0","0","0","0","0","0","0","0","0","0","0","0","4","0","40.0176","-75.1723","","CRASH_2001_Philadelphia"
"2002043743","06","67","67301","67301","2001","12","6","1005","10","1","2","1","7","5","","","N","02","2","00","3","0","1","2","1","N","N","39 58:02.640","75 10:50.880","1008","","1005","","0","","N","","3 ","","","","","","","","","","1","1","0","0","0","0","0","0","0","0","0","1","1","0","0","0","0","0","0","0","0","0","0","0","0","0","0","0","0","0","0","0","0","0","0","4","0","39.9673","-75.1808","","CRASH_2001_Philadelphia"
"2002012251","06","67","67301","67301","2001","07","3","0800","08","1","1","0","1","1","","","N","00","0","00","3","0","2","3","3","N","N","","","0810","","0800","1","1","3","N","","0 ","N","","","","","","","","","3","2","0","0","0","1","0","0","0","0","0","2","2","0","0","0","0","0","0","0","0","0","0","1","0","0","0","0","0","0","0","0","0","0","0","4","1","","","","CRASH_2001_Philadelphia"
"2002023936","06","67","67301","67301","2001","08","4","1840","18","1","1","0","8","1","","","N","00","0","00","3","0","1","3","2","N","N","39 55:41.000","75 10:48.000","1849","","1846","","0","","N","","0 ","","","","","","","","","","1","1","0","0","0","0","0","0","0","0","0","1","1","0","0","0","0","0","0","0","0","0","0","0","0","0","0","0","0","0","0","0","1","0","0","4","0","39.9281","-75.18","","CRASH_2001_Philadelphia"
"2002032639","06","67","67301","67301","2001","10","4","1515","15","1","1","0","1","1","","","N","00","0","00","3","0","1","7","2","N","N","39 57:23.969","75 09:12.163","1520","","1515","","0","","N","","0 ","","","","","","","","","","2","2","0","0","0","0","0","0","0","0","0","1","1","0","0","0","0","0","0","0","1","0","1","0","0","0","0","0","0","0","0","0","0","0","0","4","0","39.9568","-75.1534","","CRASH_2001_Philadelphia"
"2002012813","06","67","67301","67301","2001","07","4","","","1","1","0","1","1","","","N","01","2","00","3","0","0","2","2","N","N","39 59:10.601","75 09:22.221","1610","","1556","","9","","N","","3 ","U","","","","","","","","","2","2","0","0","0","0","0","0","0","0","0","0","0","0","0","0","0","0","0","0","1","0","0","0","0","0","0","0","0","0","0","0","0","0","0","0","0","39.9863","-75.1563","","CRASH_2001_Philadelphia"
"2002017511","06","67","67301","67301","2001","08","4","1800","18","1","1","0","2","1","","","N","01","0","00","3","0","1","2","2","N","N","","","1803","","1803","","0","","N","","0 ","","","","","","","","","","2","2","0","0","0","0","0","0","0","0","0","1","1","0","0","0","0","1","0","0","0","0","0","1","0","0","0","0","0","0","0","0","0","0","0","4","0","","","","CRASH_2001_Philadelphia"
"2002017599","06","67","67301","67301","2001","08","1","1858","18","1","2","1","7","4","","","N","00","0","02","3","0","0","1","1","N","N","40 00:27.360","75 04:26.040","1910","","1859","1","2","1","N","","0 ","Y","","","","","","","","","1","1","0","0","0","0","0","0","0","0","0","0","0","0","0","0","0","0","0","0","1","0","0","0","0","0","0","0","0","0","0","0","0","0","0","0","0","40.0072","-75.074","","CRASH_2001_Philadelphia"
"2002035088","06","67","67301","67301","2001","11","7","1605","16","1","1","0","7","3","","","N","01","2","00","3","0","1","1","1","N","N","39 58:28.259","75 11:58.372","1615","","1607","2","2","4","N","","3 ","Y","","","","","","","","","1","1","0","0","0","0","0","0","0","0","0","1","1","0","0","0","0","0","0","0","0","0","1","0","0","0","0","0","0","0","0","0","0","0","0","4","0","39.9746","-75.1995","","CRASH_2001_Philadelphia"
"2002041615","06","67","67301","67301","2001","12","2","2300","23","6","1","0","1","1","","","N","01","1","00","3","0","1","4","3","N","N","39 59:40.684","75 05:40.256","2325","","2316","","0","","N","","3 ","","","","","","","","","","3","2","0","0","1","0","0","0","0","0","1","0","1","0","1","0","0","0","0","0","0","0","0","0","0","0","0","0","0","0","0","0","0","0","0","3","0","39.9946","-75.0945","","CRASH_2001_Philadelphia"
"2002042065","06","67","67301","67301","2001","11","1","0355","03","3","1","0","7","2","","","N","00","0","00","3","0","0","1","3","N","N","40 00:32.088","75 09:04.942","0420","","0415","","0","","Y","","0 ","","","","","","","","","","3","3","0","0","0","0","0","0","0","0","0","0","0","0","0","0","0","0","0","0","0","0","0","0","0","0","0","0","0","0","0","0","0","0","0","0","0","40.0086","-75.1513","","CRASH_2001_Philadelphia"
"2002053967","06","67","67301","67301","2001","02","7","1939","19","3","1","0","1","4","","","N","00","0","00","3","0","0","2","2","","","40 00:53.000","75 09:00.165","2145","","2139","","0","","","","0 ","","","","","","","","","","2","2","0","0","0","0","0","0","0","0","0","0","0","0","2","0","0","0","0","0","0","0","0","0","0","0","0","0","0","0","0","0","0","0","0","9","0","40.015","-75.1499","","CRASH_2001_Philadelphia"
"2001288593","06","67","67301","","2001","11","4","1130","11","1","1","0","4","1","","","N","00","0","00","3","0","1","2","2","N","N","","","9999","","9999","","0","","N","","0 ","","","","","","","","","","2","1","0","0","0","0","0","1","0","0","0","0","0","0","1","0","0","0","0","0","0","0","0","0","0","0","0","0","0","0","0","0","0","0","0","9","0","40.0619","-75.1367","","CRASH_2001_Philadelphia"
"2002012764","06","67","67301","67301","2001","07","5","0920","09","1","1","0","1","1","","","N","01","2","00","3","0","1","3","2","N","N","40 02:44.160","75 03:23.040","0922","","0922","","0","","N","","3 ","","","","","","","","","","2","1","0","0","1","0","0","0","0","0","0","1","1","0","0","0","0","0","0","0","0","0","0","0","0","0","0","0","0","0","0","0","0","0","0","4","0","40.0457","-75.0563","","CRASH_2001_Philadelphia"
"2002045675","06","67","67301","67301","2001","10","2","0020","00","3","1","0","7","5","2","1","Y","01","2","00","3","0","0","2","1","N","N","40 00:50.183","75 05:10.675","9999","99","9999","","0","","Y","","3 ","","Y","","Y","U","","","","","1","1","0","0","0","0","0","0","0","0","0","0","0","0","0","0","0","0","0","0","0","0","0","0","0","0","0","0","0","0","0","0","0","0","0","0","0","40.0139","-75.0863","","CRASH_2001_Philadelphia"
"2002041426","06","67","67301","67301","2001","12","3","1300","13","1","1","0","4","1","","","N","00","0","00","3","0","1","2","2","N","N","40 04:40.451","74 57:52.196","1325","","1302","3","2","4","Y","","0 ","Y","","","","","","","","","2","1","0","0","0","1","0","0","0","0","0","1","1","0","0","0","0","0","0","1","1","0","0","0","0","0","0","0","0","0","0","0","0","0","0","4","1","40.0781","-74.9649","","CRASH_2001_Philadelphia"
"2002010410","06","67","67301","67301","2001","07","4","1258","12","1","2","1","1","1","","","N","00","0","00","3","0","1","2","2","N","N","39 56:28.274","75 11:51.956","1258","","1258","","0","","N","","0 ","","","","","","","","","","2","2","0","0","0","0","0","0","0","0","0","1","1","0","0","0","0","0","0","0","0","0","0","0","0","0","0","0","0","0","0","0","0","0","0","4","0","39.9408","-75.1978","","CRASH_2001_Philadelphia"
"2002012159","06","67","67301","67301","2001","07","7","1520","15","1","1","0","7","5","","","N","00","0","00","3","0","0","1","1","N","N","39 55:14.559","75 08:28.631","1542","","1522","","0","","N","","0 ","","","","","","","","","","1","1","0","0","0","0","0","0","0","0","0","0","0","0","0","0","0","0","0","0","0","0","0","0","0","0","0","0","0","0","0","0","0","0","0","0","0","39.9207","-75.1413","","CRASH_2001_Philadelphia"
"2002025053","06","67","67301","67301","2001","08","6","1725","17","1","1","0","4","1","8","2","Y","01","2","00","3","0","3","4","2","N","N","40 04:16.272","75 02:18.096","1734","99","1728","","0","","N","","3 ","","U","","","U","","","","","2","2","0","0","0","0","0","0","0","0","0","3","3","0","0","0","0","0","0","0","1","0","0","0","0","0","0","0","0","0","0","0","0","0","0","4","0","40.071","-75.0378","","CRASH_2001_Philadelphia"
"2002027033","06","67","67301","67301","2001","09","1","0005","00","3","1","0","4","1","","","N","01","2","00","3","0","3","5","2","N","N","40 00:24.000","75 07:53.820","0006","","0005","","0","","N","","2 ","","","","","","","","","","2","2","0","0","0","0","0","0","0","0","0","3","3","0","0","0","0","0","0","1","0","0","0","0","0","0","0","0","0","0","0","0","0","0","0","4","0","40.0068","-75.1316","","CRASH_2001_Philadelphia"
"2002027354","06","67","67301","67301","2001","09","5","1330","13","1","1","0","1","1","","","N","00","2","00","3","0","1","2","2","N","N","39 58:30.878","75 11:40.302","1340","","1336","","0","","N","","9 ","","","","","","","","","","2","2","0","0","0","0","0","0","0","0","0","1","1","0","0","0","0","0","0","0","0","0","0","0","0","0","0","0","0","0","0","0","0","0","0","4","0","39.9752","-75.1947","","CRASH_2001_Philadelphia"
"2002030655","06","67","67301","67301","2001","09","7","1620","16","1","1","0","1","1","","","N","01","2","00","3","0","2","5","2","N","N","39 54:14.558","75 14:25.275","1640","","1636","","0","","N","","3 ","","","","","","","","","","2","2","0","0","0","0","0","0","0","0","0","2","2","0","0","0","0","0","0","0","0","0","0","0","0","0","0","0","0","0","0","0","0","0","0","4","0","39.904","-75.2401","","CRASH_2001_Philadelphia"
"2002033567","06","67","67301","67301","2001","10","7","1205","12","1","2","1","4","1","","","N","01","2","00","3","0","1","6","4","N","N","40 06:59.228","75 01:11.756","1205","","1205","","0","","N","","3 ","","","","","","","","","","4","4","0","0","0","0","0","0","0","0","0","1","1","0","0","0","0","0","0","0","1","1","0","0","0","0","0","0","0","0","0","0","0","0","0","4","0","40.1167","-75.0198","","CRASH_2001_Philadelphia"
"2002035998","06","67","67301","67301","2001","10","5","0745","07","1","1","0","5","3","","","N","00","0","00","3","0","0","3","2","N","N","40 00:21.467","75 06:49.143","0725","","0725","","0","","N","","0 ","","","","","","","","","","2","1","1","0","0","0","0","0","0","0","0","0","0","0","0","0","0","0","0","0","0","0","0","0","0","0","0","0","0","0","0","0","0","0","0","0","0","40.0059","-75.1136","","CRASH_2001_Philadelphia"
"2002010463","06","67","67301","67301","2001","07","2","1653","16","1","1","0","4","1","","","N","02","2","00","3","0","1","4","2","N","N","40 00:44.837","75 03:30.262","1657","","1653","","0","","N","","3 ","","","","","","","","","","2","1","0","0","0","1","0","0","0","0","0","1","1","0","0","0","0","0","0","0","0","0","0","4","0","0","0","0","0","0","0","0","0","0","0","4","1","40.0125","-75.0582","","CRASH_2001_Philadelphia"
"2002023709","06","67","67301","67301","2001","08","5","1630","16","1","1","0","7","2","","","N","00","0","00","3","0","0","1","1","N","N","39 56:32.956","75 14:20.483","1648","","1636","","0","","Y","","0 ","","","","","","","","","","1","1","0","0","0","0","0","0","0","0","0","0","0","0","0","0","0","0","0","0","0","0","0","0","0","0","0","0","0","0","0","0","0","0","0","0","0","39.9424","-75.2391","","CRASH_2001_Philadelphia"
"2002031503","06","67","67301","67301","2001","10","3","1411","14","1","1","0","1","1","","","N","01","2","00","3","0","0","2","2","N","N","40 05:04.186","75 01:28.935","1411","","1411","","0","","N","","3 ","","","","","","","","","","2","1","0","1","0","0","0","0","0","0","0","0","0","0","0","0","0","0","0","0","0","1","0","0","0","0","0","0","0","0","0","0","0","0","0","0","1","40.0846","-75.0249","","CRASH_2001_Philadelphia"
"2002038796","06","67","67301","67301","2001","08","7","0049","00","3","1","0","4","1","","","N","02","2","00","3","0","1","2","2","N","N","39 58:38.136","75 10:09.709","9999","","9999","","0","","N","","3 ","","","","","","","","","","2","1","1","0","0","0","0","0","0","0","0","1","1","0","0","0","0","0","0","0","0","0","0","0","0","0","0","0","0","0","0","0","0","0","0","4","0","39.9773","-75.1694","","CRASH_2001_Philadelphia"
"2002039382","06","67","67301","67301","2001","03","4","1825","18","1","5","0","2","2","","","N","02","0","00","3","0","1","3","3","N","N","","","1831","","1827","","0","","N","","0 ","","","","","","","","","","3","2","1","0","0","0","0","0","0","0","0","1","1","0","0","0","0","0","0","0","1","0","0","0","0","0","0","0","0","0","0","0","0","0","0","4","0","","","","CRASH_2001_Philadelphia"
"2002041368","06","67","67301","67301","2001","11","3","1159","11","1","1","0","8","1","","","N","00","0","00","3","0","1","2","2","N","N","39 58:40.000","75 15:02.000","0009","","0004","","0","","N","","0 ","","","","","","","","","","1","0","0","0","0","0","0","0","0","0","0","1","1","0","1","0","0","0","0","0","0","0","0","0","0","0","0","0","0","0","0","0","1","0","0","4","0","39.9778","-75.2506","","CRASH_2001_Philadelphia"
"2002016836","06","67","67301","67301","2001","07","6","1005","10","1","1","0","4","1","","","N","01","2","00","3","0","0","2","2","N","N","39 59:16.318","75 09:20.994","0009","","1007","","0","","N","","3 ","","","","","","","","","","2","2","0","0","0","0","0","0","0","0","0","0","0","0","0","0","0","0","0","0","0","0","0","0","0","0","0","0","0","0","0","0","0","0","0","0","0","39.9879","-75.1559","","CRASH_2001_Philadelphia"
"2002017552","06","67","67301","67301","2001","08","2","1933","19","1","1","0","4","1","","","N","01","3","00","3","0","1","2","2","N","N","39 58:09.000","75 14:07.000","1945","","1936","","0","","N","","3 ","","","","","","","","","","1","1","0","0","0","0","0","0","1","0","1","0","1","0","0","0","0","0","0","0","0","0","0","0","0","0","0","0","0","0","0","0","0","0","0","3","0","39.9692","-75.2353","","CRASH_2001_Philadelphia"
"2002031825","06","67","67301","67301","2001","10","6","0250","02","3","1","0","8","1","","","N","00","0","00","3","0","1","3","2","N","N","39 56:57.325","75 09:50.436","0252","","0250","","0","","N","","0 ","","","","","","","","","","1","1","0","0","0","0","0","0","0","0","0","1","1","0","0","0","0","0","0","0","0","0","0","0","0","0","0","0","0","0","0","0","1","0","0","4","0","39.9493","-75.164","","CRASH_2001_Philadelphia"
"2002037366","06","67","67301","67301","2001","11","2","2114","21","3","1","0","8","1","","","N","01","2","00","3","0","1","2","2","N","N","39 57:36.350","75 08:13.969","2115","","2114","","0","","N","","3 ","","","","","","","","","","1","1","0","0","0","0","0","0","0","0","1","0","1","0","0","0","0","0","1","0","0","0","0","1","0","0","0","0","0","0","0","0","1","0","0","3","0","39.9602","-75.1372","","CRASH_2001_Philadelphia"
"2002027363","06","67","67301","67301","2001","09","4","2050","20","3","1","0","1","1","","","N","00","0","00","3","0","0","3","2","N","N","40 02:42.686","75 00:06.684","2050","","2050","","0","","N","","0 ","","","","","","","","","","2","2","0","0","0","0","0","0","0","0","0","0","0","0","1","0","0","0","1","0","0","0","0","0","0","0","0","0","0","0","0","0","0","0","0","9","0","40.045","-75.002","","CRASH_2001_Philadelphia"
"2002027765","06","67","67301","67301","2001","09","7","2030","20","3","1","0","1","1","","","N","01","2","00","3","0","0","2","2","N","N","39 56:44.753","75 11:54.615","2055","","2050","","0","","Y","","3 ","","","","","","","","","","2","2","0","0","0","0","0","0","0","0","0","0","0","0","0","0","0","0","0","0","0","0","0","0","0","0","0","0","0","0","0","0","0","0","0","0","0","39.946","-75.1984","","CRASH_2001_Philadelphia"
"2002029734","06","67","67301","67301","2001","09","7","0930","09","1","1","0","7","2","","","N","01","2","02","3","0","2","4","2","N","N","39 56:50.695","75 11:15.033","1010","","1001","","0","","N","","2 ","","","","","","","","","","2","2","0","0","0","0","0","0","0","0","0","2","2","0","0","0","0","0","0","0","0","0","1","0","0","0","0","0","0","0","0","0","0","0","0","4","0","39.9474","-75.1876","","CRASH_2001_Philadelphia"
"2002031558","06","67","67301","67301","2001","10","3","1805","18","3","1","0","7","3","","","N","00","0","00","3","0","0","2","2","N","N","","","1821","","1811","","0","","N","","0 ","","","","","","","","","","2","2","0","0","0","0","0","0","0","0","0","0","0","0","0","0","0","0","0","0","0","0","0","0","0","0","0","0","0","0","0","0","0","0","0","0","0","","","","CRASH_2001_Philadelphia"
"2002032314","06","67","67301","67301","2001","10","2","1320","13","1","1","0","4","1","","","N","01","2","00","3","0","5","7","2","N","N","39 56:22.680","75 13:12.953","1336","","1333","","9","","N","","3 ","U","","","","","","","","","2","2","0","0","0","0","0","0","0","0","3","2","5","0","0","0","0","0","0","0","0","0","0","1","0","0","0","0","0","0","0","0","0","0","0","3","0","39.9395","-75.2203","","CRASH_2001_Philadelphia"
"2002034776","06","67","67301","67301","2001","11","6","1700","17","3","1","0","2","1","","","N","01","2","00","3","0","1","2","2","N","N","40 01:01.575","75 08:58.471","1730","","1728","","0","","N","","3 ","","","","","","","","","","2","2","0","0","0","0","0","0","0","0","0","1","1","0","0","0","0","0","0","0","1","0","0","0","0","0","0","0","0","0","0","0","0","0","0","4","0","40.0169","-75.1495","","CRASH_2001_Philadelphia"
"2002044113","06","67","67301","67301","2001","12","6","1605","16","3","2","1","1","1","","","N","00","0","00","3","0","1","2","2","N","N","39 53:23.425","75 13:59.931","1625","","1605","","0","","N","","0 ","","","","","","","","","","2","2","0","0","0","0","0","0","0","0","1","0","1","0","1","0","0","0","0","0","0","0","0","0","0","0","0","0","0","0","0","0","0","0","0","3","0","39.8898","-75.2331","","CRASH_2001_Philadelphia"
"2002029727","06","67","67301","67301","2001","09","2","0645","06","1","1","0","4","1","","","N","00","0","07","3","0","1","3","2","N","N","39 56:22.149","75 11:53.657","0654","","0649","","0","","N","","0 ","","","","","","","","","","2","2","0","0","0","0","0","0","0","0","0","1","1","0","0","0","0","0","0","0","1","0","0","0","0","0","0","0","0","0","0","0","0","0","0","4","0","39.939","-75.1983","","CRASH_2001_Philadelphia"
"2002041348","06","67","67301","67301","2001","12","6","2210","22","3","2","1","1","1","","","N","00","2","00","3","0","1","3","2","N","N","39 56:23.640","75 11:58.920","2218","","2214","","0","","N","","3 ","","","","","","","","","","2","2","0","0","0","0","0","0","0","0","0","1","1","0","0","0","0","0","0","0","0","0","0","1","0","0","0","0","0","0","0","0","0","0","0","4","0","39.9399","-75.1997","","CRASH_2001_Philadelphia"
"2002041960","06","67","67301","67301","2001","12","3","0623","06","4","2","1","8","1","","","N","10","0","00","3","0","1","2","2","N","N","40 00:32.431","75 09:04.868","0632","","0628","","0","","N","","0 ","","","","","","","","","","1","1","0","0","0","0","0","0","0","0","1","0","1","0","0","0","0","0","0","0","1","0","0","1","0","0","0","0","0","0","0","0","1","0","0","3","0","40.0087","-75.1512","","CRASH_2001_Philadelphia"
"2001288607","06","67","67301","","2001","12","2","1800","18","4","1","0","1","1","","","N","01","2","00","3","0","1","2","2","N","N","39 59:00.667","75 06:56.039","9999","","9999","","0","","N","","3 ","","","","","","","","","","2","2","0","0","0","0","0","0","0","0","1","0","1","0","0","0","0","0","0","0","0","0","0","0","0","0","0","0","0","0","0","0","0","0","0","3","0","39.9835","-75.1156","","CRASH_2001_Philadelphia"
"2002028482","06","67","67301","67301","2001","09","3","0412","04","3","1","0","1","1","","","N","01","2","00","3","0","1","2","2","N","N","40 01:39.089","75 06:35.808","0415","","0417","","0","","N","","3 ","","","","","","","","","","2","2","0","0","0","0","0","0","0","0","0","1","1","0","0","0","0","0","0","0","0","0","0","0","0","0","0","0","0","0","0","0","0","0","0","4","0","40.0276","-75.1101","","CRASH_2001_Philadelphia"
"2002023636","06","67","67301","67301","2001","08","5","1946","19","3","2","1","1","1","","","N","00","0","00","3","0","1","6","3","N","N","39 56:55.107","75 12:45.961","1946","","1946","","0","","N","","0 ","","","","","","","","","","3","3","0","0","0","0","0","0","0","0","0","1","1","0","0","0","0","0","0","0","0","0","0","0","0","0","0","0","0","0","0","0","0","0","0","4","0","39.9486","-75.2128","","CRASH_2001_Philadelphia"
"2002040215","06","67","67301","67301","2001","12","5","0830","08","1","2","1","8","1","","","N","01","2","00","3","0","1","2","2","N","N","40 01:54.343","75 10:44.535","0837","","0833","","0","","N","","3 ","","","","","","","","","","1","1","0","0","0","0","0","0","0","0","0","1","1","0","0","0","0","0","0","0","0","0","0","0","0","0","0","0","0","0","0","0","1","0","0","4","0","40.0317","-75.1789","","CRASH_2001_Philadelphia"
"2002041965","06","67","67301","67301","2001","12","2","1410","14","1","1","0","1","1","","","N","00","0","00","3","0","0","6","5","N","N","","","1435","","1418","","0","","N","","0 ","","","","","","","","","","5","5","0","0","0","0","0","0","0","0","0","0","0","0","0","0","0","0","0","0","1","0","0","1","0","0","0","0","0","0","0","0","0","0","0","0","0","","","","CRASH_2001_Philadelphia"
"2002025067","06","67","67301","67301","2001","08","4","1325","13","1","1","0","4","1","","","N","01","2","00","3","0","2","3","2","N","N","39 56:35.000","75 13:35.000","1334","","1328","","0","","N","","3 ","","","","","","","","","","2","2","0","0","0","0","0","0","0","0","0","2","2","0","0","0","0","0","0","0","0","0","0","1","0","0","0","0","0","0","0","0","0","0","0","4","0","39.9431","-75.2264","","CRASH_2001_Philadelphia"
"2002026289","06","67","67301","67301","2001","08","4","1020","10","1","1","0","4","1","","","N","01","3","00","3","0","2","3","2","N","N","40 03:40.715","75 10:19.524","1038","","1030","","0","","N","","3 ","","","","","","","","","","2","2","0","0","0","0","0","0","0","0","0","2","2","0","0","0","0","0","0","0","0","0","0","2","0","0","0","0","0","0","0","0","0","0","0","4","0","40.0613","-75.1721","","CRASH_2001_Philadelphia"
"2002043657","06","67","67301","67301","2001","11","1","1441","14","1","1","0","4","1","","","N","01","2","00","3","0","2","6","4","N","N","39 58:34.074","75 13:28.626","1456","","1441","","0","","N","","3 ","","","","","","","","","","4","4","0","0","0","0","0","0","0","0","0","2","2","0","0","0","0","0","0","0","0","0","0","0","0","0","0","0","0","0","0","0","0","0","0","4","0","39.9761","-75.2245","","CRASH_2001_Philadelphia"
"2002043683","06","67","67301","67301","2001","11","5","1021","10","1","1","0","4","1","","","N","03","3","00","3","0","1","2","2","N","N","40 01:32.219","75 12:08.928","1030","","1021","","0","","N","","3 ","","","","","","","","","","2","2","0","0","0","0","0","0","0","0","1","0","1","0","0","0","0","0","0","0","0","0","0","0","0","0","0","0","0","0","0","0","0","0","0","3","0","40.0257","-75.2025","","CRASH_2001_Philadelphia"
"2002045754","06","67","67301","67301","2001","10","7","1100","11","1","1","0","5","1","","","N","00","0","00","3","0","1","2","2","N","N","40 02:10.000","75 14:12.000","1108","","1105","","0","","N","","0 ","","","","","","","","","","1","1","0","0","0","0","0","0","1","0","1","0","1","0","0","0","0","0","0","0","0","0","0","0","0","0","0","0","0","0","0","0","0","0","0","3","0","40.0361","-75.2367","","CRASH_2001_Philadelphia"
"2001288210","06","67","67301","","2001","06","4","1725","17","1","1","0","5","1","","","N","00","0","00","3","0","1","2","2","N","N","","","9999","","9999","","0","","N","","0 ","","","","","","","","","","1","0","0","0","0","0","0","0","1","0","1","0","1","0","0","0","0","0","0","0","0","0","0","0","0","0","0","0","0","0","0","0","0","0","0","3","0","","","","CRASH_2001_Philadelphia"
"2001243264","06","67","67301","67301","2001","04","3","2138","21","3","1","0","4","1","","","N","01","2","00","3","0","2","3","2","N","N","40 00:22.174","75 10:35.725","9999","","9999","","0","","N","","3 ","","","","","","","","","","2","2","0","0","0","0","0","0","0","0","0","2","2","0","0","0","0","0","0","1","0","0","0","0","0","0","0","0","0","0","0","0","0","0","0","4","0","40.0062","-75.1766","","CRASH_2001_Philadelphia"
"2002010472","06","67","67301","67301","2001","07","4","1855","18","1","1","0","8","1","","","N","00","0","00","3","0","1","2","2","N","N","39 58:24.404","75 12:35.926","0715","","0711","","0","","N","","0 ","","","","","","","","","","1","1","0","0","0","0","0","0","0","0","0","1","1","0","0","0","0","1","0","0","0","0","0","0","0","0","0","0","0","0","0","0","1","0","0","4","0","39.9735","-75.209","","CRASH_2001_Philadelphia"
"2002019325","06","67","67301","67301","2001","07","1","1100","11","1","1","0","4","1","","","N","01","2","00","3","0","1","4","2","N","N","40 02:27.297","75 11:14.369","1125","","1114","","0","","N","","3 ","","","","","","","","","","2","2","0","0","0","0","0","0","0","0","0","1","1","0","1","0","0","0","0","0","0","0","0","0","0","0","0","0","0","0","0","0","0","0","0","4","0","40.0409","-75.1873","","CRASH_2001_Philadelphia"
"2002024510","06","67","67301","46104","2001","09","3","1624","16","1","1","0","1","1","","","N","00","0","00","3","0","1","3","2","N","N","39 59:59.628","75 13:46.286","1626","","1624","","0","","N","","0 ","","","","","","","","","","2","2","0","0","0","0","0","0","0","0","0","1","1","0","0","0","0","0","0","0","1","0","0","2","0","0","0","0","0","0","0","0","0","0","0","4","0","39.9999","-75.2294","","CRASH_2001_Philadelphia"
"2002026496","06","67","67301","67301","2001","08","6","0745","07","1","1","0","4","1","","","N","02","3","00","3","0","1","2","2","N","N","","","9999","","9999","","0","","Y","","9 ","","","","","","","","","","2","1","0","0","1","0","0","0","0","0","0","1","1","0","0","0","0","0","0","0","1","0","0","0","0","0","0","0","0","0","0","0","0","0","0","4","0","","","","CRASH_2001_Philadelphia"
"2002012730","06","67","67301","67301","2001","06","4","1324","13","1","1","0","1","1","","","N","00","0","00","3","0","1","2","2","N","N","39 57:17.353","75 09:58.504","1335","","1328","","0","","N","","0 ","","","","","","","","","","1","1","0","0","0","0","0","0","1","0","0","1","1","0","0","0","0","0","0","0","0","0","0","0","0","0","0","0","0","0","0","0","0","0","0","4","0","39.9548","-75.1662","","CRASH_2001_Philadelphia"