"CRN","DISTRICT","COUNTY","MUNICIPALITY","POLICE_AGCY","CRASH_YEAR","CRASH_MONTH","DAY_OF_WEEK","TIME_OF_DAY","HOUR_OF_DAY","ILLUMINATION","WEATHER","ROAD_CONDITION","COLLISION_TYPE","RELATION_TO_ROAD","WORK_ZONE_TYPE","WORK_ZONE_LOC","WORK_ZONE_IND","INTERSECT_TYPE","TCD_TYPE","LOCATION_TYPE","URBAN_RURAL","FATAL_COUNT","INJURY_COUNT","PERSON_COUNT","TOTAL_UNITS","SCH_BUS_IND","SCH_ZONE_IND","LATITUDE","LONGITUDE","ARRIVAL_TM","CONS_ZONE_SPD_LIM","DISPATCH_TM","EST_HRS_CLOSED","LANE_CLOSED","LN_CLOSE_DIR","NTFY_HIWY_MAINT","SPEC_JURIS_CD","TCD_FUNC_CD","TFC_DETOUR_IND","WORKERS_PRES","WZ_CLOSE_DETOUR","WZ_FLAGGER","WZ_LAW_OFFCR_IND","WZ_LN_CLOSURE","WZ_MOVING","WZ_OTHER","WZ_SHLDER_MDN","VEHICLE_COUNT","AUTOMOBILE_COUNT","MOTORCYCLE_COUNT","BUS_COUNT","SMALL_TRUCK_COUNT","HEAVY_TRUCK_COUNT","SUV_COUNT","VAN_COUNT","BICYCLE_COUNT","MAJ_INJ_COUNT","MOD_INJ_COUNT","MIN_INJ_COUNT","TOT_INJ_COUNT","UNK_INJ_DEG_COUNT","UNK_INJ_PER_COUNT","DRIVER_COUNT_16YR","DRIVER_COUNT_17YR","DRIVER_COUNT_18YR","DRIVER_COUNT_19YR","DRIVER_COUNT_20YR","DRIVER_COUNT_50_64YR","DRIVER_COUNT_65_74YR","DRIVER_COUNT_75PLUS","UNBELTED_OCC_COUNT","UNB_DEATH_COUNT","UNB_MAJ_INJ_COUNT","BELTED_DEATH_COUNT","BELTED_MAJ_INJ_COUNT","MCYCLE_DEATH_COUNT","MCYCLE_MAJ_INJ_COUNT","BICYCLE_DEATH_COUNT","BICYCLE_MAJ_INJ_COUNT","PED_COUNT","PED_DEATH_COUNT","PED_MAJ_INJ_COUNT","MAX_SEVERITY_LEVEL","COMM_VEH_COUNT","DEC_LAT","DEC_LONG","RDWY_SURF_TYPE_CD","COUNTY_YEAR"
"2002025291","06","67","67301","67301","2001","08","1","2310","23","3","1","0","1","1","","","N","01","2","00","3","0","2","7","4","N","N","39 57:30.707","75 13:30.770","2315","","2315","","0","","N","","3 ","","","","","","","","","","4","3","0","0","1","0","0","0","0","0","0","2","2","0","0","0","0","0","0","0","0","2","0","0","0","0","0","0","0","0","0","0","0","0","0","4","0","39.9585","-75.2252","","CRASH_2001_Philadelphia"
"2002029592","06","67","67301","67301","2001","09","2","0926","09","1","1","0","4","1","","","N","01","0","00","3","0","1","2","2","N","N","40 01:38.699","75 01:58.986","0930","","0926","","0","","N","","0 ","","","","","","","","","","2","2","0","0","0","0","0","0","0","0","0","1","1","0","0","0","0","0","0","0","0","0","0","1","0","0","0","0","0","0","0","0","0","0","0","4","0","40.0274","-75.0331","","CRASH_2001_Philadelphia"
"2002033685","06","67","67301","67301","2001","11","6","2131","21","3","1","0","4","1","","","N","01","2","00","3","0","1","3","2","N","N","40 00:27.477","75 07:38.406","2148","","2140","","0","","N","","9 ","","","","","","","","","","2","2","0","0","0","0","0","0","0","0","0","1","1","0","0","0","0","0","0","0","1","0","0","0","0","0","0","0","0","0","0","0","0","0","0","4","0","40.0076","-75.1273","","CRASH_2001_Philadelphia"
"2002037721","06","67","67301","67301","2001","11","5","0530","05","3","1","0","4","1","","","N","01","2","00","3","0","1","2","2","N","N","39 56:58.913","75 10:02.893","0537","","0534","","0","","N","","3 ","","","","","","","","","","2","2","0","0","0","0","0","0","0","0","1","0","1","0","0","0","0","0","0","0","0","0","0","0","0","0","0","0","0","0","0","0","0","0","0","3","0","39.9497","-75.1674","","CRASH_2001_Philadelphia"
"2002026479","06","67","67301","67301","2001","06","2","1804","18","1","1","0","4","1","","","N","01","3","00","3","0","1","6","2","N","N","39 59:34.297","75 08:46.038","1810","","1804","","0","","N","","3 ","","","","","","","","","","2","2","0","0","0","0","0","0","0","0","0","1","1","0","0","0","0","0","0","1","0","0","0","5","0","0","0","0","0","0","0","0","0","0","0","4","0","39.9929","-75.1461","","CRASH_2001_Philadelphia"
"2002032304","06","67","67301","67301","2001","10","4","2025","20","1","1","0","1","1","","","N","01","2","00","3","0","0","2","2","N","N","40 02:07.041","75 01:30.753","2030","","2030","","0","","N","","3 ","","","","","","","","","","2","2","0","0","0","0","0","0","0","0","0","0","0","0","0","0","0","0","0","0","0","0","0","0","0","0","0","0","0","0","0","0","0","0","0","0","0","40.0353","-75.0252","","CRASH_2001_Philadelphia"
"2002035698","06","67","67301","67301","2001","11","3","2220","22","3","1","0","5","1","","","N","03","0","00","3","0","1","3","2","N","N","39 57:55.644","75 11:08.778","2238","","2222","","0","","N","","0 ","","","","","","","","","","2","0","0","1","0","1","0","0","0","0","0","1","1","0","0","0","0","0","0","0","1","0","0","0","0","0","0","0","0","0","0","0","0","0","0","4","2","39.9658","-75.1863","","CRASH_2001_Philadelphia"
"2002040122","06","67","67301","67301","2001","11","5","2045","20","6","1","0","1","1","","","N","01","2","00","3","0","2","4","3","N","N","","","2052","","2048","","0","","N","","3 ","","","","","","","","","","3","1","0","0","2","0","0","0","0","0","1","1","2","0","2","0","0","0","0","0","0","0","0","0","0","0","0","0","0","0","0","0","0","0","0","3","0","","","","CRASH_2001_Philadelphia"
"2002026655","06","67","67301","67301","2001","08","1","1644","16","1","1","0","2","1","","","N","01","0","00","3","0","6","8","2","N","N","39 59:30.915","75 08:25.003","1655","","1644","","0","","Y","","0 ","","","","","","","","","","2","2","0","0","0","0","0","0","0","0","3","3","6","0","0","0","0","0","0","1","0","0","0","0","0","0","0","0","0","0","0","0","0","0","0","3","0","39.992","-75.1402","","CRASH_2001_Philadelphia"
"2002028702","06","67","67301","67301","2001","09","3","1204","12","1","1","0","4","1","","","N","01","2","00","3","0","2","3","2","N","N","39 54:46.872","75 10:20.803","1208","","1204","","0","","N","","3 ","","","","","","","","","","2","1","0","0","0","1","0","0","0","0","0","2","2","0","0","0","0","0","0","0","1","0","0","3","0","0","0","0","0","0","0","0","0","0","0","4","1","39.913","-75.1721","","CRASH_2001_Philadelphia"
"2002039352","06","67","67301","67301","2001","11","3","1445","14","1","1","0","4","1","","","N","01","2","00","3","0","0","2","2","N","N","40 02:05.958","75 04:10.276","1505","","1500","","0","","N","","3 ","","","","","","","","","","2","2","0","0","0","0","0","0","0","0","0","0","0","0","1","0","0","0","0","0","0","0","0","0","0","0","0","0","0","0","0","0","0","0","0","9","0","40.0351","-75.0695","","CRASH_2001_Philadelphia"
"2002014566","06","67","67301","67301","2001","07","7","1545","15","1","1","0","2","1","","","N","00","0","00","3","0","0","4","3","N","N","","","1550","","1548","","0","","N","","0 ","","","","","","","","","","3","3","0","0","0","0","0","0","0","0","0","0","0","0","1","0","0","0","0","0","0","1","0","0","0","0","0","0","0","0","0","0","0","0","0","9","0","","","","CRASH_2001_Philadelphia"
"2002025072","06","67","67301","67301","2001","08","6","1005","10","1","1","0","4","1","","","N","00","0","07","3","0","0","2","2","N","N","40 01:00.318","75 09:29.858","1020","","1006","","0","","N","","0 ","","","","","","","","","","2","1","0","0","1","0","0","0","0","0","0","0","0","0","0","0","0","0","0","0","0","0","0","0","0","0","0","0","0","0","0","0","0","0","0","0","0","40.0167","-75.1583","","CRASH_2001_Philadelphia"
"2002032919","06","67","67301","67301","2001","10","3","1200","12","1","1","0","6","1","","","N","02","0","00","3","0","0","3","4","N","N","39 56:13.369","75 13:05.105","1200","","1200","","0","","N","","0 ","","","","","","","","","","4","4","0","0","0","0","0","0","0","0","0","0","0","0","1","0","0","0","0","0","1","0","0","1","0","0","0","0","0","0","0","0","0","0","0","9","0","39.937","-75.2181","","CRASH_2001_Philadelphia"
"2002034665","06","67","67301","67301","2001","11","5","0810","08","1","1","0","8","1","","","N","01","2","00","3","0","1","2","2","N","N","39 57:27.231","75 13:02.327","0820","","0815","","0","","N","","3 ","","","","","","","","","","1","1","0","0","0","0","0","0","0","0","0","1","1","0","0","0","0","0","0","0","0","0","0","0","0","0","0","0","0","0","0","0","1","0","0","4","0","39.9575","-75.2173","","CRASH_2001_Philadelphia"
"2002037360","06","67","67301","67301","2001","11","1","0839","08","1","1","0","4","1","","","N","01","2","00","3","0","2","5","2","N","N","39 58:25.231","75 15:29.284","1430","","1430","","0","","N","","3 ","","","","","","","","","","2","1","0","0","0","1","0","0","0","0","0","2","2","0","0","0","0","0","0","0","0","0","0","0","0","0","0","0","0","0","0","0","0","0","0","4","0","39.9738","-75.2582","","CRASH_2001_Philadelphia"
"2002040433","06","67","67301","67301","2001","12","5","0910","09","1","2","1","8","1","","","N","00","0","00","3","0","1","2","2","N","N","40 02:33.199","75 03:24.433","0917","","0914","","0","","N","","0 ","","","","","","","","","","1","1","0","0","0","0","0","0","0","0","1","0","1","0","0","0","0","0","0","0","0","0","0","0","0","0","0","0","0","0","0","0","1","0","0","3","0","40.0425","-75.0567","","CRASH_2001_Philadelphia"
"2002025285","06","67","67301","67301","2001","08","5","1415","14","1","1","0","5","1","","","N","01","2","00","3","0","1","2","2","N","N","40 00:45.244","75 04:23.836","1425","","1423","","0","","N","","3 ","","","","","","","","","","2","1","0","0","1","0","0","0","0","0","0","1","1","0","0","0","0","0","0","0","0","0","0","1","0","0","0","0","0","0","0","0","0","0","0","4","0","40.0125","-75.0733","","CRASH_2001_Philadelphia"
"2002039440","06","67","67301","67301","2001","11","3","0810","08","1","2","1","4","1","","","N","00","0","00","3","0","3","3","2","N","N","40 03:44.686","75 03:25.936","0830","","0815","","0","","N","","0 ","","","","","","","","","","2","2","0","0","0","0","0","0","0","0","0","3","3","0","0","0","0","0","0","0","0","0","0","0","0","0","0","0","0","0","0","0","0","0","0","4","0","40.0625","-75.0572","","CRASH_2001_Philadelphia"
"2002024529","06","67","67301","67301","2001","07","5","9999","99","4","2","1","1","1","","","N","02","2","00","3","0","0","2","2","N","N","39 55:06.000","75 12:32.000","2015","","2010","","0","","N","","3 ","","","","","","","","","","2","2","0","0","0","0","0","0","0","0","0","0","0","0","0","0","0","0","0","0","0","0","0","0","0","0","0","0","0","0","0","0","0","0","0","0","0","39.9176","-75.2126","","CRASH_2001_Philadelphia"
"2002043786","06","67","67301","67301","2001","11","2","0745","07","1","1","0","1","1","","","N","00","0","01","3","0","2","4","3","N","N","39 57:19.440","75 10:51.240","0805","","0751","","0","","N","","0 ","","","","","","","","","","3","3","0","0","0","0","0","0","0","0","0","2","2","0","1","0","0","0","0","0","0","0","0","0","0","0","0","0","0","0","0","0","0","0","0","4","0","39.9555","-75.1807","","CRASH_2001_Philadelphia"
"2002049684","06","67","67301","67301","2001","12","1","1740","17","3","1","0","5","1","8","8","Y","10","9","99","3","0","0","2","2","N","N","39 53:51.572","75 15:08.380","1745","99","1740","","0","","N","","9 ","","U","","","U","","","","","2","1","0","0","1","0","0","0","0","0","0","0","0","0","0","0","0","0","0","0","0","0","0","0","0","0","0","0","0","0","0","0","0","0","0","0","0","39.8974","-75.2522","","CRASH_2001_Philadelphia"
"2002014562","06","67","67301","67301","2001","07","7","0623","06","1","1","0","1","4","","","N","00","0","00","3","0","1","1","2","N","N","39 59:02.885","75 14:44.314","1835","","1825","","0","","N","","0 ","","","","","","","","","","2","1","0","0","1","0","0","0","0","0","0","1","1","0","0","0","0","0","0","0","0","0","0","0","0","0","0","0","0","0","0","0","0","0","0","4","0","39.9841","-75.2454","","CRASH_2001_Philadelphia"
"2002017279","06","67","67301","67301","2001","08","5","0225","02","3","1","0","7","4","","","N","00","0","02","3","0","1","2","1","N","N","39 57:14.400","75 08:31.560","0240","","0230","1","1","2","N","","0 ","N","","","","","","","","","1","1","0","0","0","0","0","0","0","0","1","0","1","0","0","0","0","0","0","0","0","0","0","2","0","0","0","0","0","0","0","0","0","0","0","3","0","39.954","-75.1419","","CRASH_2001_Philadelphia"
"2002022065","06","67","67301","67301","2001","07","1","2305","23","3","1","0","4","1","","","N","01","2","06","3","0","4","4","2","N","N","40 06:52.200","74 59:17.160","2311","","2305","","0","","N","","3 ","","","","","","","","","","2","2","0","0","0","0","0","0","0","1","1","2","4","0","0","0","0","0","0","0","0","0","0","1","0","0","0","0","0","0","0","0","0","0","0","2","0","40.1144","-74.9881","","CRASH_2001_Philadelphia"
"2002031092","06","67","67301","67301","2001","09","6","1050","10","1","1","0","1","1","","","N","00","0","00","3","0","1","2","2","N","N","39 57:08.875","75 09:00.192","1056","","1050","","0","","N","","0 ","","","","","","","","","","2","1","0","0","0","1","0","0","0","0","0","1","1","0","0","0","0","0","0","0","1","0","0","0","0","0","0","0","0","0","0","0","0","0","0","4","1","39.9525","-75.15","","CRASH_2001_Philadelphia"
"2002035757","06","67","67301","67301","2001","10","4","1550","15","1","1","0","8","1","","","N","01","0","00","3","0","1","2","2","N","N","39 55:32.260","75 14:03.823","1550","","0550","","0","","N","","0 ","","","","","","","","","","1","1","0","0","0","0","0","0","0","1","0","0","1","0","0","0","0","0","0","0","0","0","0","1","0","0","0","0","0","0","0","0","1","0","1","2","0","39.9256","-75.2343","","CRASH_2001_Philadelphia"
"2002040209","06","67","67301","67301","2001","11","4","0210","02","3","1","0","7","7","","","N","07","0","02","3","0","0","2","1","N","N","40 05:52.080","74 59:03.840","0222","","0214","2","2","3","Y","","0 ","Y","","","","","","","","","1","1","0","0","0","0","0","0","0","0","0","0","0","0","0","0","0","0","0","0","0","0","0","2","0","0","0","0","0","0","0","0","0","0","0","0","0","40.0977","-74.9846","","CRASH_2001_Philadelphia"
"2002014945","06","67","67301","67301","2001","05","7","0155","01","3","1","0","5","1","","","N","06","0","02","3","0","1","2","2","N","N","40 02:48.840","75 00:01.440","0220","","0200","3","1","2","Y","","0 ","N","","","","","","","","","2","2","0","0","0","0","0","0","0","1","0","0","1","0","0","0","0","0","0","0","0","0","0","1","0","1","0","0","0","0","0","0","0","0","0","2","0","40.0468","-75.0007","","CRASH_2001_Philadelphia"
"2002016730","06","67","67301","67301","2001","07","7","1410","14","1","1","0","4","1","","","N","01","2","00","3","0","1","2","2","N","N","39 55:20.548","75 13:23.284","1419","","1414","","0","","N","","3 ","","","","","","","","","","1","1","0","0","0","0","0","0","1","0","0","1","1","0","0","0","0","0","0","0","1","0","0","0","0","0","0","0","0","0","0","0","0","0","0","4","0","39.9224","-75.2232","","CRASH_2001_Philadelphia"
"2002020044","06","67","67301","67301","2001","07","4","1748","17","1","1","0","4","1","","","N","01","2","00","3","0","2","2","2","N","N","40 00:53.456","75 05:07.644","1755","","1748","","0","","N","","3 ","","","","","","","","","","2","2","0","0","0","0","0","0","0","0","0","2","2","0","0","0","0","0","0","0","0","0","1","0","0","0","0","0","0","0","0","0","0","0","0","4","0","40.0148","-75.0855","","CRASH_2001_Philadelphia"
"2002023751","06","67","67301","67301","2001","08","3","0918","09","1","1","0","4","1","","","N","00","0","00","3","0","1","3","2","N","N","39 53:35.160","75 13:47.640","0925","","0920","","0","","N","","0 ","","","","","","","","","","2","2","0","0","0","0","0","0","0","0","0","1","1","0","0","0","0","0","0","0","1","0","0","0","0","0","0","0","0","0","0","0","0","0","0","4","0","39.8931","-75.2298","","CRASH_2001_Philadelphia"
"2002042813","06","67","67301","67301","2001","12","2","0030","00","3","1","0","5","1","","","N","01","9","00","3","0","2","4","2","N","N","40 01:12.784","75 06:50.476","0100","","0100","","0","","N","","9 ","","","","","","","","","","2","2","0","0","0","0","0","0","0","0","2","0","2","0","0","0","0","0","0","0","0","0","0","0","0","0","0","0","0","0","0","0","0","0","0","3","0","40.0203","-75.1141","","CRASH_2001_Philadelphia"
"2002031555","06","67","67301","67301","2001","10","5","1925","19","3","1","0","4","1","","","N","00","0","00","3","0","0","2","3","N","N","39 57:17.189","75 09:58.887","1931","","1929","2","1","1","N","","0 ","N","","","","","","","","","3","3","0","0","0","0","0","0","0","0","0","0","0","0","0","0","0","0","0","0","1","0","0","0","0","0","0","0","0","0","0","0","0","0","0","0","0","39.9548","-75.1664","","CRASH_2001_Philadelphia"
"2002035771","06","67","67301","06301","2001","11","2","1730","17","4","1","0","7","5","","","N","00","0","07","3","0","0","1","1","N","N","39 54:42.778","75 13:20.397","1151","","1150","","0","","N","","0 ","","","","","","","","","","1","0","1","0","0","0","0","0","0","0","0","0","0","0","1","0","0","0","0","0","0","0","0","0","0","0","0","0","0","0","0","0","0","0","0","9","0","39.9135","-75.2217","","CRASH_2001_Philadelphia"
"2002039361","06","67","67301","67301","2001","11","6","1720","17","3","1","0","8","1","","","N","00","0","00","3","0","1","2","2","N","N","39 57:57.000","75 12:47.000","1740","","1730","2","2","5","N","","0 ","Y","","","","","","","","","1","1","0","0","0","0","0","0","0","0","0","1","1","0","0","0","0","0","0","0","0","0","0","0","0","0","0","0","0","0","0","0","1","0","0","4","0","39.9658","-75.2131","","CRASH_2001_Philadelphia"
"2002030193","06","67","67301","67301","2001","09","7","2235","22","3","1","0","1","1","","","N","00","0","00","3","0","1","7","5","N","N","39 59:16.936","75 12:25.110","2245","","2241","","0","","N","","0 ","","","","","","","","","","5","5","0","0","0","0","0","0","0","0","1","0","1","0","0","0","0","0","1","0","0","0","0","0","0","0","0","0","0","0","0","0","0","0","0","3","0","39.9882","-75.2071","","CRASH_2001_Philadelphia"
"2002035058","06","67","67301","67301","2001","11","1","0331","03","3","1","0","2","1","","","N","01","2","00","3","0","1","2","3","N","N","39 57:17.794","75 12:31.637","0331","","0328","","0","","Y","","3 ","","","","","","","","","","3","3","0","0","0","0","0","0","0","0","1","0","1","0","0","0","0","0","0","0","0","0","0","1","0","0","0","0","0","0","0","0","0","0","0","3","0","39.9549","-75.2087","","CRASH_2001_Philadelphia"
"2002039091","06","67","67301","46104","2001","12","6","2106","21","3","1","0","1","1","","","N","00","0","00","3","0","0","4","3","N","N","40 00:25.378","75 12:51.087","2108","","2106","","0","","N","","0 ","","","","","","","","","","3","3","0","0","0","0","0","0","0","0","0","0","0","0","0","0","0","0","0","1","0","0","0","0","0","0","0","0","0","0","0","0","0","0","0","0","0","40.007","-75.2142","","CRASH_2001_Philadelphia"
"2002041953","06","67","67301","67301","2001","12","7","1503","15","1","1","0","4","1","","","N","01","2","00","3","0","1","2","2","N","N","39 57:28.080","75 09:50.760","1510","","1503","","0","","N","","3 ","","","","","","","","","","1","1","0","0","0","0","0","0","1","0","0","1","1","0","0","0","0","0","0","0","0","0","0","1","0","0","0","0","0","0","0","0","0","0","0","4","0","39.9583","-75.1641","","CRASH_2001_Philadelphia"
"2002045806","06","67","67301","67301","2001","10","4","0800","08","1","1","0","1","1","","","N","02","0","00","3","0","1","4","2","N","N","39 57:46.424","75 09:40.927","0820","","0820","","0","","N","","0 ","","","","","","","","","","2","1","0","0","1","0","0","0","0","0","0","1","1","0","0","0","0","0","0","0","0","0","0","0","0","0","0","0","0","0","0","0","0","0","0","4","0","39.9628","-75.1612","","CRASH_2001_Philadelphia"
"2002035735","06","67","67301","67301","2001","11","6","1721","17","3","1","0","8","1","","","N","03","2","00","3","0","1","3","2","N","N","40 01:25.149","75 12:28.010","1728","","1724","","0","","N","","3 ","","","","","","","","","","1","1","0","0","0","0","0","0","0","0","0","1","1","0","0","0","0","0","0","0","1","0","0","0","0","0","0","0","0","0","0","0","1","0","0","4","0","40.0237","-75.2078","","CRASH_2001_Philadelphia"
"2002004224","06","67","67301","67301","2001","06","4","2145","21","1","1","0","6","6","","","N","00","0","00","3","0","0","1","2","N","N","39 59:16.543","75 07:24.448","1001","","0949","","0","","N","","0 ","","","","","","","","","","2","2","0","0","0","0","0","0","0","0","0","0","0","0","0","0","0","0","0","0","0","0","0","0","0","0","0","0","0","0","0","0","0","0","0","0","0","39.9879","-75.1234","","CRASH_2001_Philadelphia"
"2002016813","06","67","67301","67301","2001","05","3","1540","15","1","2","1","1","1","","","N","00","2","00","3","0","1","3","2","N","N","40 03:23.400","75 02:47.400","9999","","9999","","0","","N","","3 ","","","","","","","","","","2","2","0","0","0","0","0","0","0","0","0","1","1","0","0","0","0","0","0","0","0","0","0","0","0","0","0","0","0","0","0","0","0","0","0","4","0","40.0564","-75.0464","","CRASH_2001_Philadelphia"
"2002029472","06","67","67301","67301","2001","09","3","1855","18","3","1","0","8","1","","","N","01","0","00","3","0","1","2","2","N","N","40 03:29.856","75 00:57.312","1910","","1901","","0","","N","","0 ","","","","","","","","","","1","0","0","0","1","0","0","0","0","0","0","1","1","0","0","0","0","0","0","0","0","0","0","0","0","0","0","0","0","0","0","0","1","0","0","4","0","40.0583","-75.0158","","CRASH_2001_Philadelphia"
"2002058204","06","67","67301","06301","2001","06","5","0015","00","3","1","0","4","1","","","N","01","2","00","3","0","0","2","2","N","N","40 04:02.921","75 10:45.591","0028","","0023","","0","","Y","","3 ","","","","","","","","","","2","2","0","0","0","0","0","0","0","0","0","0","0","0","0","0","0","0","0","0","1","0","0","2","0","0","0","0","0","0","0","0","0","0","0","0","0","40.0675","-75.1793","","CRASH_2001_Philadelphia"
"2002023640","06","67","67301","67301","2001","08","2","1305","13","1","1","0","4","1","","","N","05","2","00","3","0","1","2","2","N","N","39 58:03.042","75 13:55.191","1310","","1310","","0","","N","","3 ","","","","","","","","","","1","0","0","0","1","0","0","0","0","0","0","1","1","0","0","0","0","0","0","0","0","0","0","1","0","0","0","0","0","0","0","0","1","0","0","4","0","39.9675","-75.232","","CRASH_2001_Philadelphia"
"2002031520","06","67","67301","67301","2001","07","7","0250","02","3","1","0","2","6","","","N","00","0","00","3","0","1","1","3","N","N","40 03:54.189","75 01:28.451","0250","","0230","","0","","N","","0 ","","","","","","","","","","3","3","0","0","0","0","0","0","0","0","0","1","1","0","0","0","0","0","0","0","0","0","0","1","0","0","0","0","0","0","0","0","0","0","0","4","0","40.0652","-75.0247","","CRASH_2001_Philadelphia"
"2002039627","06","67","67301","67301","2001","12","5","1815","18","3","1","0","1","1","","","N","01","2","00","3","0","2","8","3","N","N","39 59:40.684","75 05:40.256","1830","","1832","","0","","N","","3 ","","","","","","","","","","3","2","0","0","1","0","0","0","0","0","2","0","2","0","0","0","0","0","0","0","1","0","0","6","0","0","0","0","0","0","0","0","0","0","0","3","0","39.9946","-75.0945","","CRASH_2001_Philadelphia"
"2002008903","06","67","67301","67301","2001","06","7","2231","22","3","2","1","8","1","","","N","01","9","00","3","0","1","2","2","N","N","39 56:53.683","75 13:16.465","2240","","2231","","0","","N","","9 ","","","","","","","","","","1","1","0","0","0","0","0","0","0","0","1","0","1","0","0","0","0","0","0","0","0","0","0","0","0","0","0","0","0","0","0","0","1","0","0","3","0","39.9482","-75.2212","","CRASH_2001_Philadelphia"
"2002017615","06","67","67301","67301","2001","08","7","1400","14","1","1","0","1","1","","","N","01","0","00","3","0","1","5","3","N","N","40 01:53.880","75 07:02.284","1413","","1408","","0","","N","","0 ","","","","","","","","","","3","3","0","0","0","0","0","0","0","0","1","0","1","0","0","0","0","0","0","0","0","0","0","1","0","0","0","0","0","0","0","0","0","0","0","3","0","40.0316","-75.1173","","CRASH_2001_Philadelphia"
"2002054942","06","67","67301","67301","2001","02","4","1255","12","1","1","0","1","1","","","N","10","0","00","3","0","1","3","2","N","N","39 55:20.000","75 11:12.716","1306","","1305","","0","","N","","0 ","","","","","","","","","","2","2","0","0","0","0","0","0","0","0","0","1","1","0","0","0","0","0","0","0","0","0","0","0","0","0","0","0","0","0","0","0","0","0","0","4","0","39.9223","-75.1871","","CRASH_2001_Philadelphia"
"2002023606","06","67","67301","67301","2001","09","7","1738","17","1","1","0","6","9","","","N","01","2","00","3","0","2","6","2","N","N","40 02:03.840","75 04:18.840","1745","","1740","","0","","N","","3 ","","","","","","","","","","2","2","0","0","0","0","0","0","0","0","2","0","2","0","0","0","0","0","0","0","0","0","0","0","0","0","0","0","0","0","0","0","0","0","0","3","0","40.035","-75.0693","","CRASH_2001_Philadelphia"
"2002027377","06","67","67301","67301","2001","09","3","1816","18","1","2","1","1","1","","","N","05","0","00","3","0","0","2","2","N","N","39 59:08.676","75 12:56.716","1820","","1818","","0","","N","","0 ","","","","","","","","","","2","2","0","0","0","0","0","0","0","0","0","0","0","0","0","0","0","0","0","0","0","0","0","0","0","0","0","0","0","0","0","0","0","0","0","0","0","39.9858","-75.2157","","CRASH_2001_Philadelphia"
"2002041935","06","67","67301","67301","2001","12","7","0212","02","3","2","1","8","3","","","N","00","0","00","3","0","1","2","2","N","N","39 57:53.958","75 13:27.915","0217","","0212","","0","","N","","0 ","","","","","","","","","","1","1","0","0","0","0","0","0","0","0","0","1","1","0","0","0","0","0","0","0","0","0","0","0","0","0","0","0","0","0","0","0","1","0","0","4","0","39.9648","-75.224","","CRASH_2001_Philadelphia"
"2003025593","06","67","67301","67301","2001","07","6","0925","09","5","1","1","1","1","","","N","00","2","00","3","0","1","5","2","N","N","39 59:05.000","75 09:23.287","0930","","0230","","0","","N","","3 ","","","","","","","","","","2","1","1","0","0","0","0","0","0","0","0","0","1","1","0","0","0","0","0","0","0","0","0","0","0","0","0","0","0","0","0","0","0","0","0","8","0","39.9849","-75.1564","","CRASH_2001_Philadelphia"
"2002014999","06","67","67301","67301","2001","06","5","1920","19","1","1","0","4","1","","","N","01","2","00","3","0","4","5","2","N","N","40 02:46.790","75 10:39.996","1923","","1920","","0","","N","","3 ","","","","","","","","","","2","2","0","0","0","0","0","0","0","0","0","4","4","0","0","0","0","0","0","0","0","0","0","0","0","0","0","0","0","0","0","0","0","0","0","4","0","40.0463","-75.1778","","CRASH_2001_Philadelphia"
"2002018399","06","67","67301","67301","2001","07","7","1220","12","1","1","0","1","1","","","N","00","0","00","3","0","0","3","3","N","N","40 00:07.040","75 09:10.686","1225","","1220","","0","","N","","0 ","","","","","","","","","","3","1","0","0","1","0","0","0","0","0","0","0","0","0","0","0","0","0","0","0","0","0","0","0","0","0","0","0","0","0","0","0","0","0","0","0","0","40.0019","-75.1529","","CRASH_2001_Philadelphia"
"2002023672","06","67","67301","67301","2001","08","4","0704","07","1","1","0","7","5","","","N","01","2","00","3","0","1","1","1","N","N","40 00:47.488","75 04:13.512","0708","","0704","","0","","Y","","3 ","","","","","","","","","","1","0","0","0","1","0","0","0","0","1","0","0","1","0","0","0","0","0","0","0","0","0","0","0","0","0","0","0","0","0","0","0","0","0","0","2","0","40.0812","-75.0415","","CRASH_2001_Philadelphia"
"2002023699","06","67","67301","67301","2001","08","1","0900","09","1","1","0","4","1","","","N","01","2","00","3","0","2","2","2","N","N","39 57:28.080","75 09:50.760","0005","","0001","","0","","N","","3 ","","","","","","","","","","2","2","0","0","0","0","0","0","0","0","0","2","2","0","0","0","0","0","0","0","0","0","0","0","0","0","0","0","0","0","0","0","0","0","0","4","0","39.9579","-75.1641","","CRASH_2001_Philadelphia"
"2002030663","06","67","67301","67301","2001","09","5","1955","19","3","1","0","7","4","","","N","02","0","00","3","0","0","1","1","N","N","40 01:51.596","75 11:17.226","2005","","1955","","0","","N","","0 ","","","","","","","","","","1","1","0","0","0","0","0","0","0","0","0","0","0","0","0","0","0","0","0","0","0","0","0","0","0","0","0","0","0","0","0","0","0","0","0","0","0","40.0307","-75.1877","","CRASH_2001_Philadelphia"
"2002031496","06","67","67301","67301","2001","09","7","1350","13","1","1","0","7","4","","","N","02","2","00","3","0","1","1","1","N","N","40 06:45.151","74 59:27.373","1405","","1350","","0","","Y","","3 ","","","","","","","","","","1","0","0","0","1","0","0","0","0","0","1","0","1","0","0","0","0","0","1","0","0","0","0","0","0","0","0","0","0","0","0","0","0","0","0","3","0","40.112","-74.9905","","CRASH_2001_Philadelphia"