"CRN","DISTRICT","COUNTY","MUNICIPALITY","POLICE_AGCY","CRASH_YEAR","CRASH_MONTH","DAY_OF_WEEK","TIME_OF_DAY","HOUR_OF_DAY","ILLUMINATION","WEATHER","ROAD_CONDITION","COLLISION_TYPE","RELATION_TO_ROAD","WORK_ZONE_TYPE","WORK_ZONE_LOC","WORK_ZONE_IND","INTERSECT_TYPE","TCD_TYPE","LOCATION_TYPE","URBAN_RURAL","FATAL_COUNT","INJURY_COUNT","PERSON_COUNT","TOTAL_UNITS","SCH_BUS_IND","SCH_ZONE_IND","LATITUDE","LONGITUDE","ARRIVAL_TM","CONS_ZONE_SPD_LIM","DISPATCH_TM","EST_HRS_CLOSED","LANE_CLOSED","LN_CLOSE_DIR","NTFY_HIWY_MAINT","SPEC_JURIS_CD","TCD_FUNC_CD","TFC_DETOUR_IND","WORKERS_PRES","WZ_CLOSE_DETOUR","WZ_FLAGGER","WZ_LAW_OFFCR_IND","WZ_LN_CLOSURE","WZ_MOVING","WZ_OTHER","WZ_SHLDER_MDN","VEHICLE_COUNT","AUTOMOBILE_COUNT","MOTORCYCLE_COUNT","BUS_COUNT","SMALL_TRUCK_COUNT","HEAVY_TRUCK_COUNT","SUV_COUNT","VAN_COUNT","BICYCLE_COUNT","MAJ_INJ_COUNT","MOD_INJ_COUNT","MIN_INJ_COUNT","TOT_INJ_COUNT","UNK_INJ_DEG_COUNT","UNK_INJ_PER_COUNT","DRIVER_COUNT_16YR","DRIVER_COUNT_17YR","DRIVER_COUNT_18YR","DRIVER_COUNT_19YR","DRIVER_COUNT_20YR","DRIVER_COUNT_50_64YR","DRIVER_COUNT_65_74YR","DRIVER_COUNT_75PLUS","UNBELTED_OCC_COUNT","UNB_DEATH_COUNT","UNB_MAJ_INJ_COUNT","BELTED_DEATH_COUNT","BELTED_MAJ_INJ_COUNT","MCYCLE_DEATH_COUNT","MCYCLE_MAJ_INJ_COUNT","BICYCLE_DEATH_COUNT","BICYCLE_MAJ_INJ_COUNT","PED_COUNT","PED_DEATH_COUNT","PED_MAJ_INJ_COUNT","MAX_SEVERITY_LEVEL","COMM_VEH_COUNT","DEC_LAT","DEC_LONG","RDWY_SURF_TYPE_CD","COUNTY_YEAR"
"2002048163","06","67","67301","67301","2001","10","7","1540","15","1","1","0","2","1","","","N","01","2","00","3","0","5","5","2","N","N","40 00:31.030","75 04:07.367","1545","","1540","","0","","N","","3 ","","","","","","","","","","2","2","0","0","0","0","0","0","0","0","0","5","5","0","0","0","0","0","0","0","1","0","0","0","0","0","0","0","0","0","0","0","0","0","0","4","0","40.0086","-75.0688","","CRASH_2001_Philadelphia"
"2002016366","06","67","67301","67301","2001","06","5","1510","15","1","1","0","4","1","","","N","01","2","00","3","0","3","3","2","N","N","39 58:37.560","75 07:10.200","1509","","1509","","0","","N","","3 ","","","","","","","","","","2","2","0","0","0","0","0","0","0","0","2","1","3","0","0","0","0","0","1","0","0","0","0","0","0","0","0","0","0","0","0","0","0","0","0","3","0","39.9771","-75.1195","","CRASH_2001_Philadelphia"
"2002019521","06","67","67301","67301","2001","07","4","1205","12","1","1","0","8","1","","","N","00","0","00","3","0","1","2","2","N","N","40 02:26.374","75 08:39.516","1310","","1300","","0","","N","","0 ","","","","","","","","","","1","1","0","0","0","0","0","0","0","0","0","1","1","0","0","0","0","0","0","0","0","0","0","0","0","0","0","0","0","0","0","0","1","0","0","4","0","40.0406","-75.1443","","CRASH_2001_Philadelphia"
"2002031194","06","67","67301","67301","2001","10","2","2206","22","3","1","0","8","1","","","N","00","0","00","3","0","1","2","2","N","N","40 00:59.562","75 08:58.911","2213","","2210","","0","","N","","0 ","","","","","","","","","","1","1","0","0","0","0","0","0","0","1","0","0","1","0","1","0","0","0","0","0","0","0","0","0","0","0","0","0","0","0","0","0","1","0","1","2","0","40.0164","-75.1496","","CRASH_2001_Philadelphia"
"2002026487","06","67","67301","67301","2001","09","1","0218","02","3","1","0","4","1","","","N","01","2","00","3","0","2","3","2","N","N","40 02:24.258","75 08:39.977","0221","","0220","1","2","1","N","","3 ","Y","","","","","","","","","2","2","0","0","0","0","0","0","0","0","0","2","2","0","0","0","0","0","0","0","0","0","0","1","0","0","0","0","0","0","0","0","0","0","0","4","0","40.0398","-75.1445","","CRASH_2001_Philadelphia"
"2002031125","06","67","67301","67301","2001","10","6","1450","14","1","1","0","7","3","","","N","00","0","00","3","0","2","3","2","N","N","39 55:44.823","75 08:45.983","1510","","1655","2","2","1","N","","0 ","N","","","","","","","","","2","2","0","0","0","0","0","0","0","0","1","1","2","0","0","0","0","1","0","0","0","0","0","0","0","0","0","0","0","0","0","0","0","0","0","3","0","39.9271","-75.1465","","CRASH_2001_Philadelphia"
"2002001046","06","67","67301","67301","2001","10","4","0353","03","3","1","0","7","5","","","N","00","0","00","3","0","2","2","1","N","N","","","0405","","0401","","0","","N","","0 ","","","","","","","","","","1","1","0","0","0","0","0","0","0","0","2","0","2","0","0","1","0","0","0","0","0","0","0","2","0","0","0","0","0","0","0","0","0","0","0","3","0","","","","CRASH_2001_Philadelphia"
"2002001550","06","67","67301","67301","2001","08","3","0034","00","3","1","0","5","9","","","N","01","9","00","3","0","4","5","2","N","N","39 57:31.970","75 13:41.015","0038","","0036","","0","","N","","9 ","","","","","","","","","","2","1","0","0","0","0","0","0","0","0","0","4","4","0","1","0","0","1","0","0","0","0","0","0","0","0","0","0","0","0","0","0","0","0","0","4","0","39.9574","-75.2287","","CRASH_2001_Philadelphia"
"2002020119","06","67","67301","67301","2001","08","7","1610","16","1","1","0","4","1","","","N","00","0","00","3","0","0","2","2","N","N","40 04:04.000","75 03:46.000","1620","","1614","","0","","N","","0 ","","","","","","","","","","1","1","0","0","0","0","0","0","1","0","0","0","0","0","0","0","0","0","0","0","0","0","0","0","0","0","0","0","0","0","0","0","0","0","0","0","0","40.0678","-75.0628","","CRASH_2001_Philadelphia"
"2002023644","06","67","67301","67301","2001","08","3","2350","23","3","1","0","9","1","","","N","01","2","00","3","0","0","3","2","N","N","39 56:45.275","75 11:54.195","0043","","0038","","0","","N","","3 ","","","","","","","","","","2","2","0","0","0","0","0","0","0","0","0","0","0","0","0","0","0","0","0","0","0","0","0","0","0","0","0","0","0","0","0","0","0","0","0","0","0","39.946","-75.1984","","CRASH_2001_Philadelphia"
"2002026502","06","67","67301","67301","2001","09","3","0040","00","3","1","0","4","1","","","N","01","2","00","3","0","2","3","2","N","N","40 01:33.364","75 07:24.605","0055","","0243","","0","","N","","3 ","","","","","","","","","","2","2","0","0","0","0","0","0","0","0","2","0","2","0","1","0","0","0","1","0","0","0","0","0","0","0","0","0","0","0","0","0","0","0","0","3","0","40.0259","-75.1232","","CRASH_2001_Philadelphia"
"2002040113","06","67","67301","67301","2001","11","7","0020","00","3","1","0","4","1","","","N","01","2","00","3","0","0","3","2","N","N","39 56:23.007","75 11:53.758","0029","","0025","1","1","3","N","","3 ","N","","","","","","","","","2","2","0","0","0","0","0","0","0","0","0","0","0","0","0","0","0","0","0","0","0","0","0","0","0","0","0","0","0","0","0","0","0","0","0","0","0","39.939","-75.1983","","CRASH_2001_Philadelphia"
"2002046769","06","67","67301","67301","2001","10","3","1658","16","3","1","0","6","1","","","N","02","2","00","3","0","1","2","2","N","N","39 57:23.309","75 12:30.259","1905","","1900","","0","","N","","3 ","","","","","","","","","","2","2","0","0","0","0","0","0","0","0","0","1","1","0","1","0","0","0","0","0","1","0","0","0","0","0","0","0","0","0","0","0","0","0","0","4","0","39.9549","-75.2087","","CRASH_2001_Philadelphia"
"2003047709","06","67","67301","67301","2001","09","5","1437","14","1","1","0","2","4","","","N","00","0","00","3","0","2","2","2","N","N","40 06:22.356","75 02:04.160","1455","","1451","","0","","N","","0 ","","","","","","","","","","2","2","0","0","0","0","0","0","0","0","2","0","2","0","0","0","0","0","0","0","0","0","0","0","0","0","0","0","0","0","0","0","0","0","0","3","0","40.1062","-75.0345","","CRASH_2001_Philadelphia"
"2001243497","06","67","67301","67301","2001","04","2","2142","21","3","1","0","4","1","","","N","01","3","00","3","0","0","2","2","N","N","40 01:01.147","75 09:05.687","9999","","9999","","0","","N","","3 ","","","","","","","","","","2","1","0","0","0","0","0","1","0","0","0","0","0","0","0","0","0","0","0","0","0","0","0","0","0","0","0","0","0","0","0","0","0","0","0","0","0","40.017","-75.1516","","CRASH_2001_Philadelphia"
"2001243561","06","67","67301","67301","2001","05","6","1410","14","1","1","0","8","1","","","N","01","2","00","3","0","1","2","2","N","N","40 02:20.760","75 08:40.920","9999","","9999","","0","","N","","3 ","","","","","","","","","","1","0","0","0","0","0","0","0","0","0","0","1","1","0","0","0","0","0","0","0","0","0","0","0","0","0","0","0","0","0","0","0","1","0","0","4","0","40.0391","-75.1447","","CRASH_2001_Philadelphia"
"2002005845","06","67","67301","67301","2001","06","2","1953","19","4","1","0","8","1","","","N","01","2","00","3","0","1","2","2","N","N","39 55:38.186","75 14:10.953","1956","","1954","","0","","N","","3 ","","","","","","","","","","1","1","0","0","0","0","0","0","0","0","0","1","1","0","0","0","0","0","0","0","0","0","0","1","0","0","0","0","0","0","0","0","1","0","0","4","0","39.9272","-75.2363","","CRASH_2001_Philadelphia"
"2002012102","06","67","67301","67301","2001","07","6","1746","17","1","1","0","8","1","","","N","05","2","00","3","0","1","2","2","N","N","40 00:04.956","75 04:53.696","1750","","1747","","0","","N","","3 ","","","","","","","","","","1","1","0","0","0","0","0","0","0","0","0","1","1","0","0","0","0","0","0","0","0","0","1","0","0","0","0","0","0","0","0","0","1","0","0","4","0","40.0015","-75.0815","","CRASH_2001_Philadelphia"
"2002016796","06","67","67301","67301","2001","07","4","1005","10","8","2","1","4","1","","","N","01","2","00","3","0","2","3","3","N","N","40 02:06.786","75 07:17.248","1012","","1011","","0","","N","","3 ","","","","","","","","","","3","3","0","0","0","0","0","0","0","0","0","2","2","0","0","0","0","0","0","0","2","0","0","0","0","0","0","0","0","0","0","0","0","0","0","4","0","40.0353","-75.1214","","CRASH_2001_Philadelphia"
"2002037066","06","67","67301","67301","2001","11","7","1348","13","1","1","0","4","1","","","N","00","2","07","3","0","1","3","2","N","N","40 00:13.738","75 13:14.651","1351","","1349","","0","","N","","3 ","","","","","","","","","","2","1","0","0","1","0","0","0","0","0","0","1","1","0","1","0","0","0","0","0","0","0","0","0","0","0","0","0","0","0","0","0","0","0","0","4","0","40.0039","-75.2207","","CRASH_2001_Philadelphia"
"2002041566","06","67","67301","67301","2001","12","6","1830","18","6","1","0","8","1","","","N","02","3","00","3","0","1","2","2","N","N","39 59:52.917","75 07:33.988","9999","","9999","","0","","N","","3 ","","","","","","","","","","1","1","0","0","0","0","0","0","0","0","0","1","1","0","0","0","0","0","0","0","0","0","0","0","0","0","0","0","0","0","0","0","1","0","0","4","0","39.9981","-75.1261","","CRASH_2001_Philadelphia"
"2002042730","06","67","67301","67301","2001","12","5","1600","16","1","1","0","4","1","","","N","01","2","00","3","0","1","2","2","N","N","40 01:49.038","75 06:12.787","1615","","1612","","0","","N","","1 ","","","","","","","","","","2","2","0","0","0","0","0","0","0","0","0","1","1","0","0","0","0","0","0","0","1","0","0","0","0","0","0","0","0","0","0","0","0","0","0","4","0","40.0302","-75.1043","","CRASH_2001_Philadelphia"
"2002044288","06","67","67301","67301","2001","12","5","1750","17","3","1","0","7","4","","","N","00","2","07","3","0","1","5","5","N","N","40 01:50.313","75 06:14.995","1755","","1752","","0","","N","","3 ","","","","","","","","","","5","4","0","0","1","0","0","0","0","0","1","0","1","0","0","0","0","0","0","0","1","0","0","0","0","0","0","0","0","0","0","0","0","0","0","3","0","40.0307","-75.1041","","CRASH_2001_Philadelphia"
"2002045691","06","67","67301","67301","2001","10","5","1330","13","1","1","0","8","1","","","N","01","2","00","3","0","1","2","2","N","N","39 57:46.666","75 12:08.841","1355","","1330","","0","","N","","3 ","","","","","","","","","","1","1","0","0","0","0","0","0","0","0","1","0","1","0","0","0","0","0","0","0","0","0","0","0","0","0","0","0","0","0","0","0","1","0","0","3","0","39.9629","-75.2023","","CRASH_2001_Philadelphia"
"2002006395","06","67","67301","67301","2001","09","6","1435","14","1","1","0","4","1","","","N","01","3","00","3","0","1","3","2","N","Y","39 59:58.533","75 04:08.352","1440","","1437","","0","","N","","3 ","","","","","","","","","","2","1","0","0","0","1","0","0","0","0","1","0","1","0","0","0","0","1","0","0","0","0","0","1","0","0","0","0","0","0","0","0","0","0","0","3","1","39.9996","-75.069","","CRASH_2001_Philadelphia"
"2002031535","06","67","67301","67301","2001","09","6","0830","08","1","9","0","5","6","","","N","00","0","00","3","0","1","2","2","N","N","40 00:12.083","75 09:58.398","0835","","0830","","0","","N","","0 ","","","","","","","","","","2","2","0","0","0","0","0","0","0","0","1","0","1","0","0","0","0","0","0","0","1","0","0","0","0","0","0","0","0","0","0","0","0","0","0","3","0","40.0033","-75.1661","","CRASH_2001_Philadelphia"
"2002034675","06","67","67301","67301","2001","10","7","1835","18","3","1","0","4","1","","","N","01","2","00","3","0","0","3","3","N","N","40 04:51.732","75 01:43.681","1839","","1837","","0","","N","","3 ","","","","","","","","","","3","3","0","0","0","0","0","0","0","0","0","0","0","0","0","0","0","0","0","0","0","0","0","0","0","0","0","0","0","0","0","0","0","0","0","0","0","40.081","-75.0289","","CRASH_2001_Philadelphia"
"2002039496","06","67","67301","67301","2001","11","4","1109","11","1","1","0","4","1","","","N","01","3","00","3","0","1","3","4","N","N","39 56:34.221","75 13:59.084","1115","","1113","","0","","N","","3 ","","","","","","","","","","4","4","0","0","0","0","0","0","0","0","0","1","1","0","1","0","0","0","0","0","1","0","0","0","0","0","0","0","0","0","0","0","0","0","0","4","0","39.9428","-75.2331","","CRASH_2001_Philadelphia"
"2002040600","06","67","67301","67301","2001","12","5","1645","16","4","9","8","5","1","","","N","00","0","00","3","0","1","3","2","N","N","39 57:23.760","75 09:15.120","1650","","1645","","0","","N","","0 ","","","","","","","","","","2","2","0","0","0","0","0","0","0","0","0","1","1","0","0","0","0","0","1","0","0","0","0","0","0","0","0","0","0","0","0","0","0","0","0","4","0","39.9568","-75.1543","","CRASH_2001_Philadelphia"
"2002010736","06","67","67301","67301","2001","06","4","1453","14","1","1","0","4","1","","","N","01","2","00","3","0","2","4","2","N","N","40 00:26.267","75 07:24.294","1456","","1453","","0","","N","","3 ","","","","","","","","","","2","2","0","0","0","0","0","0","0","0","0","2","2","0","0","0","0","0","0","0","0","0","0","0","0","0","0","0","0","0","0","0","0","0","0","4","0","40.0072","-75.1234","","CRASH_2001_Philadelphia"
"2002023659","06","67","67301","67301","2001","08","6","1615","16","1","1","0","4","1","","","N","02","2","00","3","0","1","2","2","N","N","40 03:39.869","75 14:11.250","1630","","1625","","0","","N","","3 ","","","","","","","","","","2","2","0","0","0","0","0","0","0","0","0","1","1","0","0","0","0","0","0","0","0","1","0","0","0","0","0","0","0","0","0","0","0","0","0","4","0","40.0611","-75.2363","","CRASH_2001_Philadelphia"
"2001288019","06","67","67301","","2001","03","6","1850","18","1","1","0","3","1","","","N","00","0","00","3","0","1","2","2","N","N","","","9999","","9999","","0","","N","","0 ","","","","","","","","","","2","1","0","0","0","0","1","0","0","0","1","0","1","0","0","0","0","0","0","0","0","0","0","0","0","0","0","0","0","0","0","0","0","0","0","3","0","","","","CRASH_2001_Philadelphia"
"2001288129","06","67","67301","","2001","05","5","2045","20","2","1","0","1","1","","","N","00","0","00","3","0","2","3","2","N","N","","","9999","","9999","","0","","N","","0 ","","","","","","","","","","2","1","0","0","0","0","0","1","0","0","2","0","2","0","0","0","0","0","0","0","0","0","0","0","0","0","0","0","0","0","0","0","0","0","0","3","0","","","","CRASH_2001_Philadelphia"
"2001401405","06","67","67301","67301","2001","10","6","1308","13","1","1","0","4","1","","","N","01","2","00","3","1","0","2","2","N","N","","","9999","","9999","","0","","N","9","3 ","","","","","","","","","","1","0","0","0","0","0","0","1","1","0","0","0","0","0","0","0","0","0","0","0","0","0","0","0","0","0","0","0","0","0","1","0","0","0","0","1","0","","","9 ","CRASH_2001_Philadelphia"
"2002010712","06","67","67301","67301","2001","06","6","0319","03","3","1","0","4","1","","","N","01","2","00","3","0","4","5","3","N","N","40 00:31.810","75 08:52.007","0331","","0319","","0","","N","","3 ","","","","","","","","","","3","2","0","0","1","0","0","0","0","0","1","3","4","0","0","0","0","0","0","0","0","0","0","3","0","0","0","0","0","0","0","0","0","0","0","3","0","40.0088","-75.1476","","CRASH_2001_Philadelphia"
"2002012147","06","67","67301","67301","2001","07","1","1839","18","1","1","0","1","1","","","N","02","2","00","3","0","2","3","2","N","N","40 00:25.173","75 12:51.521","1839","","9999","2","1","2","N","","3 ","Y","","","","","","","","","2","2","0","0","0","0","0","0","0","0","0","2","2","0","0","0","0","0","0","0","0","0","0","0","0","0","0","0","0","0","0","0","0","0","0","4","0","40.0071","-75.2137","","CRASH_2001_Philadelphia"
"2002008913","06","67","67301","67301","2001","06","2","1620","16","1","1","0","1","1","","","N","02","0","00","3","0","1","2","2","N","N","39 57:47.160","75 09:40.320","1700","","1635","","0","","N","","0 ","","","","","","","","","","2","2","0","0","0","0","0","0","0","0","0","1","1","0","0","0","0","0","0","0","0","0","0","0","0","0","0","0","0","0","0","0","0","0","0","4","0","39.9636","-75.1612","","CRASH_2001_Philadelphia"
"2001240145","06","67","67301","67301","2001","04","4","1514","15","1","1","0","8","1","","","N","00","0","00","3","0","1","2","2","N","N","","","9999","","9999","","0","","N","","0 ","","","","","","","","","","1","0","0","0","0","0","1","0","0","0","1","0","1","0","0","0","0","0","0","0","0","0","0","0","0","0","0","0","0","0","0","0","1","0","0","3","0","","","","CRASH_2001_Philadelphia"
"2001240295","06","67","67301","67301","2001","04","1","2048","20","1","1","0","9","1","","","N","00","0","00","3","0","0","1","2","N","N","","","9999","","9999","","0","","N","","0 ","","","","","","","","","","2","1","0","0","0","0","0","0","0","0","0","0","0","0","0","0","0","0","0","0","0","0","0","0","0","0","0","0","0","0","0","0","0","0","0","0","0","","","","CRASH_2001_Philadelphia"
"2001243656","06","67","67301","67301","2001","05","7","2255","22","3","1","0","4","1","","","N","00","0","00","3","0","0","2","2","N","N","","","9999","","9999","","0","","N","","0 ","","","","","","","","","","2","2","0","0","0","0","0","0","0","0","0","0","0","0","0","0","0","0","0","0","0","0","0","0","0","0","0","0","0","0","0","0","0","0","0","0","0","","","","CRASH_2001_Philadelphia"
"2001240889","06","67","67301","67301","2001","04","3","1300","13","1","1","0","8","1","","","N","00","0","00","3","0","1","2","2","N","N","39 54:52.200","75 09:13.680","9999","","9999","","0","","N","","0 ","","","","","","","","","","1","1","0","0","0","0","0","0","0","0","0","1","1","0","0","0","0","0","0","0","0","0","0","0","0","0","0","0","0","0","0","0","1","0","0","4","0","39.9145","-75.1538","","CRASH_2001_Philadelphia"
"2001243511","06","67","67301","67301","2001","04","6","1610","16","1","1","0","1","1","","","N","00","0","00","3","0","1","2","2","N","N","40 03:56.880","75 09:33.840","9999","","9999","","0","","N","","0 ","","","","","","","","","","2","2","0","0","0","0","0","0","0","0","0","1","1","0","0","0","0","0","0","0","1","0","0","0","0","0","0","0","0","0","0","0","0","0","0","4","0","40.0658","-75.1594","","CRASH_2001_Philadelphia"
"2002023697","06","67","67301","67301","2001","08","7","0016","00","3","1","0","1","1","1","8","Y","00","2","00","3","0","1","6","2","N","N","39 57:24.089","75 08:19.610","0027","99","0026","","0","","N","","3 ","","N","","","U","","","","Y","2","0","0","0","1","1","0","0","0","0","0","1","1","0","0","0","0","0","0","0","0","0","0","0","0","0","0","0","0","0","0","0","0","0","0","4","0","39.9569","-75.1388","","CRASH_2001_Philadelphia"
"2002026873","06","67","67301","67301","2001","09","6","1300","13","1","1","8","1","1","","","N","02","3","00","3","0","0","2","2","N","N","39 54:46.124","75 08:23.340","1313","","1306","9","9","","N","","2 ","U","","","","","","","","","2","1","0","0","1","0","0","0","0","0","0","0","0","0","2","0","0","0","0","0","1","0","0","0","0","0","0","0","0","0","0","0","0","0","0","9","0","39.9129","-75.1407","","CRASH_2001_Philadelphia"
"2002029447","06","67","67301","67301","2001","09","3","1952","19","3","1","0","1","1","","","N","02","0","00","3","0","4","7","5","N","N","40 00:28.437","75 05:06.873","2001","","1956","","0","","N","","0 ","","","","","","","","","","5","5","0","0","0","0","0","0","0","0","0","4","4","0","0","0","0","0","0","0","0","0","0","0","0","0","0","0","0","0","0","0","0","0","0","4","0","40.0079","-75.0852","","CRASH_2001_Philadelphia"
"2002030654","06","67","67301","67301","2001","09","3","9999","99","1","1","0","8","9","","","N","00","0","00","3","0","1","2","2","N","N","","","2147","","9999","","0","","N","","0 ","","","","","","","","","","1","1","0","0","0","0","0","0","0","0","1","0","1","0","1","0","0","0","0","0","0","0","0","0","0","0","0","0","0","0","0","0","1","0","0","3","0","","","","CRASH_2001_Philadelphia"
"2002035141","06","67","67301","67301","2001","11","2","1538","15","1","1","0","1","1","","","N","00","0","00","3","0","0","4","2","N","N","40 04:50.878","75 01:41.716","1616","","1606","","0","","N","","0 ","","","","","","","","","","2","2","0","0","0","0","0","0","0","0","0","0","0","0","0","0","0","0","0","0","1","0","0","0","0","0","0","0","0","0","0","0","0","0","0","0","0","40.0809","-75.0284","","CRASH_2001_Philadelphia"
"2002042566","06","67","67301","67301","2001","01","5","1200","12","1","1","0","8","1","","","N","00","2","00","3","0","1","2","2","N","N","40 01:33.214","75 02:36.089","1215","","1205","","0","","N","","3 ","","","","","","","","","","1","1","0","0","0","0","0","0","0","0","0","1","1","0","1","0","0","0","0","0","0","0","0","0","0","0","0","0","0","0","0","0","1","0","0","4","0","40.0259","-75.0433","","CRASH_2001_Philadelphia"
"2002044031","06","67","67301","67301","2001","11","5","1329","13","1","2","1","7","5","","","N","02","2","00","3","0","1","4","2","N","N","39 59:15.701","75 12:58.237","1339","","1332","","0","","N","","3 ","","","","","","","","","","2","2","0","0","0","0","0","0","0","0","0","1","1","0","0","0","0","0","0","0","0","0","0","0","0","0","0","0","0","0","0","0","0","0","0","4","0","39.9877","-75.2161","","CRASH_2001_Philadelphia"
"2002014228","06","67","67301","67301","2001","06","1","1515","15","1","1","0","4","1","","","N","01","2","00","3","0","1","2","2","N","N","39 54:47.309","75 14:35.486","1903","","1848","","0","","N","","3 ","","","","","","","","","","1","1","0","0","0","0","0","0","1","0","1","0","1","0","0","0","0","0","0","0","0","0","0","0","0","0","0","0","0","0","0","0","0","0","0","3","0","39.9131","-75.2432","","CRASH_2001_Philadelphia"
"2002023939","06","67","67301","67301","2001","08","2","1445","14","1","1","0","1","1","","","N","01","0","00","3","0","1","2","2","N","N","39 55:18.502","75 11:24.269","1505","","1454","","0","","N","","0 ","","","","","","","","","","2","2","0","0","0","0","0","0","0","0","0","1","1","0","1","0","0","0","0","0","0","1","0","0","0","0","0","0","0","0","0","0","0","0","0","4","0","39.9217","-75.1902","","CRASH_2001_Philadelphia"
"2002026572","06","67","67301","67301","2001","09","5","1012","10","1","1","0","6","1","","","N","02","2","00","3","0","1","2","2","N","N","40 04:53.925","74 59:38.919","1013","","1012","","0","","N","","3 ","","","","","","","","","","2","2","0","0","0","0","0","0","0","0","1","0","1","0","0","0","0","0","0","0","1","1","0","0","0","0","0","0","0","0","0","0","0","0","0","3","0","40.0817","-74.9944","","CRASH_2001_Philadelphia"
"2002028803","06","67","67301","67301","2001","09","6","1105","11","1","1","0","8","1","","","N","00","0","00","3","0","1","3","2","N","N","39 59:25.800","75 07:44.400","1110","","1105","","0","","N","","0 ","","","","","","","","","","1","1","0","0","0","0","0","0","0","0","0","1","1","0","0","0","0","0","0","0","0","0","0","0","0","0","0","0","0","0","0","0","1","0","0","4","0","39.9906","-75.1289","","CRASH_2001_Philadelphia"
"2002037351","06","67","67301","67301","2001","11","7","1530","15","1","1","0","7","2","","","N","00","0","00","3","0","1","2","1","N","N","40 00:48.729","75 04:07.375","1535","","1531","1","1","1","N","","0 ","N","","","","","","","","","1","1","0","0","0","0","0","0","0","0","1","0","1","0","0","0","0","0","0","0","1","0","0","0","0","0","0","0","0","0","0","0","0","0","0","3","0","40.0136","-75.0687","","CRASH_2001_Philadelphia"
"2002044123","06","67","67301","67301","2001","11","4","1630","16","2","1","0","1","1","","","N","00","0","00","3","0","1","2","2","N","N","40 03:20.489","75 05:08.835","1638","","1635","","0","","N","","0 ","","","","","","","","","","2","2","0","0","0","0","0","0","0","0","1","0","1","0","0","0","0","0","0","0","0","0","0","0","0","0","0","0","0","0","0","0","0","0","0","3","0","40.0557","-75.0858","","CRASH_2001_Philadelphia"
"2002046347","06","67","67301","67301","2001","10","4","2148","21","3","1","0","3","1","","","N","00","2","00","3","0","0","2","2","N","N","39 55:29.295","75 10:23.820","2148","","0214","","0","","N","","3 ","","","","","","","","","","2","2","0","0","0","0","0","0","0","0","0","0","0","0","0","0","0","0","0","0","0","0","0","0","0","0","0","0","0","0","0","0","0","0","0","0","0","39.9247","-75.1738","","CRASH_2001_Philadelphia"
"2001243089","06","67","67301","67301","2001","05","7","9999","99","3","1","0","9","1","","","N","00","0","00","3","0","0","2","2","N","N","40 01:11.280","75 06:51.840","9999","","9999","","0","","N","","0 ","","","","","","","","","","2","1","0","0","0","0","0","0","0","0","0","0","0","0","0","0","0","0","0","0","0","0","0","0","0","0","0","0","0","0","0","0","0","0","0","0","0","40.0199","-75.1145","","CRASH_2001_Philadelphia"
"2001243274","06","67","67301","67301","2001","04","4","2348","23","3","1","0","9","1","","","N","00","0","00","3","0","1","2","2","N","N","","","9999","","9999","","0","","N","","0 ","","","","","","","","","","2","1","0","0","0","0","0","0","0","0","0","0","0","0","1","0","0","0","0","0","0","0","0","0","0","0","0","0","0","0","0","0","0","0","0","9","0","","","","CRASH_2001_Philadelphia"
"2001244658","06","67","67301","67301","2001","05","1","0130","01","3","1","0","0","1","","","N","00","0","00","3","0","1","1","1","N","N","40 00:49.680","75 10:46.560","9999","","9999","","0","","N","","0 ","","","","","","","","","","1","1","0","0","0","0","0","0","0","0","0","1","1","0","0","0","0","0","0","0","1","0","0","0","0","0","0","0","0","0","0","0","0","0","0","4","0","40.0137","-75.1795","","CRASH_2001_Philadelphia"
"2002012185","06","67","67301","67301","2001","06","5","2346","23","3","1","0","1","1","","","N","01","2","00","3","0","0","3","3","N","N","40 04:51.600","75 01:43.320","2359","","2346","","0","","N","","3 ","","","","","","","","","","3","2","0","0","0","0","0","0","0","0","0","0","0","0","0","0","0","0","0","0","1","0","0","0","0","0","0","0","0","0","0","0","0","0","0","0","0","40.0809","-75.0288","","CRASH_2001_Philadelphia"
"2002017886","06","67","67301","67301","2001","07","1","0732","07","1","1","0","1","1","","","N","00","0","00","3","0","0","6","4","N","N","","","0732","","0732","1","1","1","N","","0 ","Y","","","","","","","","","4","4","0","0","0","0","0","0","0","0","0","0","0","0","0","0","0","0","0","0","0","0","0","0","0","0","0","0","0","0","0","0","0","0","0","0","0","","","","CRASH_2001_Philadelphia"
"2002020037","06","67","67301","67301","2001","05","4","2030","20","3","1","0","4","1","","","N","01","2","00","3","0","1","2","2","N","N","40 04:08.004","75 10:54.519","9999","","9999","","0","","N","","3 ","","","","","","","","","","2","1","1","0","0","0","0","0","0","0","0","1","1","0","0","0","0","0","0","0","2","0","0","0","0","0","0","0","0","0","0","0","0","0","0","4","0","40.0689","-75.1818","","CRASH_2001_Philadelphia"
"2002020176","06","67","67301","67301","2001","07","2","0510","05","3","2","1","2","1","","","N","01","2","00","3","0","2","4","2","N","N","40 01:16.570","75 09:36.831","9999","","9999","","0","","N","","3 ","","","","","","","","","","2","2","0","0","0","0","0","0","0","0","1","1","2","0","0","0","0","0","0","0","0","0","0","0","0","0","0","0","0","0","0","0","0","0","0","3","0","40.0213","-75.1602","","CRASH_2001_Philadelphia"
"2002020427","06","67","67301","67301","2001","08","7","1050","10","1","1","0","8","1","","","N","01","2","00","3","0","1","2","2","N","N","40 00:25.757","75 05:55.312","1103","","1101","","0","","N","","3 ","","","","","","","","","","1","1","0","0","0","0","0","0","0","0","1","0","1","0","1","0","0","0","0","0","0","0","0","0","0","0","0","0","0","0","0","0","1","0","0","3","0","40.0072","-75.0987","","CRASH_2001_Philadelphia"