"CRN","DISTRICT","COUNTY","MUNICIPALITY","POLICE_AGCY","CRASH_YEAR","CRASH_MONTH","DAY_OF_WEEK","TIME_OF_DAY","HOUR_OF_DAY","ILLUMINATION","WEATHER","ROAD_CONDITION","COLLISION_TYPE","RELATION_TO_ROAD","WORK_ZONE_TYPE","WORK_ZONE_LOC","WORK_ZONE_IND","INTERSECT_TYPE","TCD_TYPE","LOCATION_TYPE","URBAN_RURAL","FATAL_COUNT","INJURY_COUNT","PERSON_COUNT","TOTAL_UNITS","SCH_BUS_IND","SCH_ZONE_IND","LATITUDE","LONGITUDE","ARRIVAL_TM","CONS_ZONE_SPD_LIM","DISPATCH_TM","EST_HRS_CLOSED","LANE_CLOSED","LN_CLOSE_DIR","NTFY_HIWY_MAINT","SPEC_JURIS_CD","TCD_FUNC_CD","TFC_DETOUR_IND","WORKERS_PRES","WZ_CLOSE_DETOUR","WZ_FLAGGER","WZ_LAW_OFFCR_IND","WZ_LN_CLOSURE","WZ_MOVING","WZ_OTHER","WZ_SHLDER_MDN","VEHICLE_COUNT","AUTOMOBILE_COUNT","MOTORCYCLE_COUNT","BUS_COUNT","SMALL_TRUCK_COUNT","HEAVY_TRUCK_COUNT","SUV_COUNT","VAN_COUNT","BICYCLE_COUNT","MAJ_INJ_COUNT","MOD_INJ_COUNT","MIN_INJ_COUNT","TOT_INJ_COUNT","UNK_INJ_DEG_COUNT","UNK_INJ_PER_COUNT","DRIVER_COUNT_16YR","DRIVER_COUNT_17YR","DRIVER_COUNT_18YR","DRIVER_COUNT_19YR","DRIVER_COUNT_20YR","DRIVER_COUNT_50_64YR","DRIVER_COUNT_65_74YR","DRIVER_COUNT_75PLUS","UNBELTED_OCC_COUNT","UNB_DEATH_COUNT","UNB_MAJ_INJ_COUNT","BELTED_DEATH_COUNT","BELTED_MAJ_INJ_COUNT","MCYCLE_DEATH_COUNT","MCYCLE_MAJ_INJ_COUNT","BICYCLE_DEATH_COUNT","BICYCLE_MAJ_INJ_COUNT","PED_COUNT","PED_DEATH_COUNT","PED_MAJ_INJ_COUNT","MAX_SEVERITY_LEVEL","COMM_VEH_COUNT","DEC_LAT","DEC_LONG","RDWY_SURF_TYPE_CD","COUNTY_YEAR"
"2002008921","06","67","67301","67301","2001","06","2","0629","06","1","1","0","5","1","","","N","00","0","00","3","0","2","2","2","N","N","40 01:42.240","75 12:22.320","0632","","0629","1","1","1","N","","0 ","Y","","","","","","","","","2","2","0","0","0","0","0","0","0","0","1","1","2","0","0","0","0","0","0","0","0","0","0","0","0","0","0","0","0","0","0","0","0","0","0","3","0","40.0284","-75.2062","","CRASH_2001_Philadelphia"
"2002018047","06","67","67301","67301","2001","08","7","1120","11","1","1","0","8","1","","","N","00","0","00","3","0","1","2","2","N","N","39 55:36.489","75 10:09.225","1134","","1129","","0","","N","","0 ","","","","","","","","","","1","1","0","0","0","0","0","0","0","0","0","1","1","0","0","0","0","0","0","0","0","0","0","0","0","0","0","0","0","0","0","0","1","0","0","4","0","39.9268","-75.1692","","CRASH_2001_Philadelphia"
"2002031686","06","67","67301","67301","2001","10","4","0923","09","1","1","0","1","6","","","N","00","9","00","3","0","0","1","3","N","N","40 05:37.335","74 58:02.181","0934","","0924","","0","","N","","9 ","","","","","","","","","","3","3","0","0","0","0","0","0","0","0","0","0","0","0","0","0","0","0","0","0","0","0","0","0","0","0","0","0","0","0","0","0","0","0","0","0","0","40.0938","-74.9675","","CRASH_2001_Philadelphia"
"2002041451","06","67","67301","67301","2001","12","7","0915","09","1","1","0","4","1","","","N","01","1","00","3","0","2","3","2","N","N","39 59:49.322","75 14:07.137","0925","","0920","","0","","N","","3 ","","","","","","","","","","2","2","0","0","0","0","0","0","0","0","0","2","2","0","0","0","0","0","0","0","1","0","0","0","0","0","0","0","0","0","0","0","0","0","0","4","0","39.997","-75.2353","","CRASH_2001_Philadelphia"
"2002025186","06","67","67301","67301","2001","09","7","0634","06","1","1","0","8","1","","","N","01","1","00","3","0","1","2","2","N","N","39 55:23.650","75 10:54.550","1635","","1635","1","1","3","N","","3 ","Y","","","","","","","","","1","1","0","0","0","0","0","0","0","0","0","1","1","0","0","0","0","0","0","0","0","0","0","0","0","0","0","0","0","0","0","0","1","0","0","4","0","39.923","-75.1834","","CRASH_2001_Philadelphia"
"2002028823","06","67","67301","67301","2001","09","7","2026","20","3","1","0","4","1","","","N","01","2","00","3","0","1","2","2","N","N","39 56:12.118","75 13:27.747","2034","","2028","","0","","N","","3 ","","","","","","","","","","1","1","0","0","0","0","0","0","0","0","0","1","1","0","0","0","0","0","0","0","0","0","0","0","0","0","0","0","0","0","0","0","1","0","0","4","0","39.9366","-75.2244","","CRASH_2001_Philadelphia"
"2002026328","06","67","67301","67301","2001","09","4","0730","07","1","1","0","1","1","","","N","00","0","07","3","0","1","3","3","N","N","","","0742","","0736","","0","","N","","0 ","","","","","","","","","","3","1","0","0","0","0","0","0","0","0","1","0","1","0","0","0","0","0","0","0","0","0","0","0","0","0","0","0","0","0","0","0","0","0","0","3","0","","","","CRASH_2001_Philadelphia"
"2002031471","06","67","67301","67301","2001","07","7","0112","01","3","1","0","7","5","","","N","01","2","00","3","0","0","2","1","N","N","40 01:42.751","75 03:28.254","0114","","0112","","0","","N","","3 ","","","","","","","","","","1","1","0","0","0","0","0","0","0","0","0","0","0","0","0","0","0","0","0","0","0","0","0","0","0","0","0","0","0","0","0","0","0","0","0","0","0","40.0285","-75.0579","","CRASH_2001_Philadelphia"
"2002033551","06","67","67301","67301","2001","11","4","1548","15","1","1","1","6","1","","","N","01","2","00","3","0","1","3","2","N","N","39 57:11.284","75 10:54.891","1559","","1548","","0","","N","","3 ","","","","","","","","","","2","2","0","0","0","0","0","0","0","0","0","1","1","0","0","0","0","0","0","0","0","1","0","1","0","0","0","0","0","0","0","0","0","0","0","4","0","39.9531","-75.1818","","CRASH_2001_Philadelphia"
"2002033602","06","67","67301","67301","2001","09","7","0621","06","1","1","1","1","1","1","2","Y","00","0","00","3","0","0","3","3","N","N","","","0650","55","0621","1","1","1","N","","0 ","Y","N","","","U","","","","Y","3","3","0","0","0","0","0","0","0","0","0","0","0","0","0","0","0","0","0","0","1","0","0","0","0","0","0","0","0","0","0","0","0","0","0","0","0","","","","CRASH_2001_Philadelphia"
"2002034185","06","67","67301","67301","2001","11","1","0310","03","3","1","0","4","1","","","N","01","2","00","3","0","3","3","2","N","N","40 01:28.816","75 08:52.842","0316","","0310","","0","","N","","3 ","","","","","","","","","","2","2","0","0","0","0","0","0","0","0","0","3","3","0","0","0","0","0","0","0","0","0","0","0","0","0","0","0","0","0","0","0","0","0","0","4","0","40.0245","-75.1478","","CRASH_2001_Philadelphia"
"2002034769","06","67","67301","67301","2001","11","2","1540","15","1","1","0","4","1","","","N","01","2","00","3","0","1","2","2","N","N","40 00:49.299","75 05:50.519","1600","","1559","","0","","N","","3 ","","","","","","","","","","2","1","0","0","0","1","0","0","0","0","0","1","1","0","0","0","0","1","0","0","0","0","0","0","0","0","0","0","0","0","0","0","0","0","0","4","1","40.0137","-75.0974","","CRASH_2001_Philadelphia"
"2002037365","06","67","67301","67301","2001","10","7","0015","00","3","1","0","1","1","","","N","06","9","02","3","0","2","5","2","N","N","39 57:22.320","75 08:57.120","0015","","0015","","0","","N","","9 ","","","","","","","","","","2","2","0","0","0","0","0","0","0","0","0","2","2","0","1","0","0","0","0","0","0","0","0","0","0","0","0","0","0","0","0","0","0","0","0","4","0","39.9562","-75.1492","","CRASH_2001_Philadelphia"
"2002039577","06","67","67301","67301","2001","01","7","1510","15","1","1","0","8","1","","","N","00","0","00","3","0","1","2","2","N","N","39 59:24.129","75 07:01.499","1522","","1520","","0","","N","","0 ","","","","","","","","","","1","1","0","0","0","0","0","0","0","0","0","1","1","0","0","0","0","0","0","0","0","0","0","0","0","0","0","0","0","0","0","0","1","0","0","4","0","39.99","-75.117","","CRASH_2001_Philadelphia"
"2002039658","06","67","67301","67301","2001","11","5","0105","01","3","1","0","5","1","","","N","02","2","00","3","0","0","2","2","N","N","39 57:00.280","75 08:43.933","0111","","0609","","0","","N","","3 ","","","","","","","","","","2","2","0","0","0","0","0","0","0","0","0","0","0","0","1","0","0","0","0","0","0","0","0","0","0","0","0","0","0","0","0","0","0","0","0","9","0","39.9501","-75.1457","","CRASH_2001_Philadelphia"
"2002038304","06","67","67301","67301","2001","12","4","0209","02","3","1","0","4","1","","","N","01","2","00","3","0","1","2","2","N","N","40 04:28.179","75 02:06.082","0209","","0209","","0","","N","","9 ","","","","","","","","","","2","1","0","0","1","0","0","0","0","0","0","1","1","0","0","0","0","0","0","0","0","0","0","0","0","0","0","0","0","0","0","0","0","0","0","4","0","40.0743","-75.0348","","CRASH_2001_Philadelphia"
"2002017171","06","67","67301","67301","2001","07","6","1245","12","1","9","0","8","4","1","3","Y","01","2","00","3","0","1","2","2","N","N","","","1248","25","1246","","0","","N","","3 ","","N","","","U","","","","","1","1","0","0","0","0","0","0","0","0","0","1","1","0","0","0","0","0","0","0","0","0","0","0","0","0","0","0","0","0","0","0","1","0","0","4","0","","","","CRASH_2001_Philadelphia"
"2002030637","06","67","67301","67301","2001","09","7","1951","19","3","1","0","4","1","","","N","00","0","00","3","0","2","3","2","N","N","39 59:36.772","75 09:16.651","1951","","1951","","0","","Y","","0 ","","","","","","","","","","2","2","0","0","0","0","0","0","0","0","1","1","2","0","0","0","0","0","0","0","0","0","0","2","0","0","0","0","0","0","0","0","0","0","0","3","0","39.9934","-75.1546","","CRASH_2001_Philadelphia"
"2002045717","06","67","67301","67301","2001","10","6","0855","08","1","1","0","5","1","","","N","00","0","00","3","0","1","2","3","N","N","39 59:57.840","75 13:09.840","0905","","0900","","0","","N","","0 ","","","","","","","","","","3","3","0","0","0","0","0","0","0","0","0","1","1","0","1","0","0","0","0","0","0","0","0","0","0","0","0","0","0","0","0","0","0","0","0","4","0","39.9994","-75.2194","","CRASH_2001_Philadelphia"
"2002028698","06","67","67301","67301","2001","09","7","0627","06","3","5","0","7","2","","","N","10","0","06","3","0","2","2","1","N","N","39 57:39.452","75 10:56.787","0640","","0627","","0","","N","","0 ","","","","","","","","","","1","1","0","0","0","0","0","0","0","0","2","0","2","0","0","0","0","0","0","0","0","0","0","0","0","0","0","0","0","0","0","0","0","0","0","3","0","39.9658","-75.1863","","CRASH_2001_Philadelphia"
"2002035137","06","67","67301","67301","2001","11","6","1830","18","3","1","0","4","1","","","N","00","0","00","3","0","1","4","2","N","N","40 01:36.752","75 03:44.885","1845","","1837","","0","","N","","0 ","","","","","","","","","","2","2","0","0","0","0","0","0","0","0","0","1","1","0","1","0","0","0","1","0","0","0","0","0","0","0","0","0","0","0","0","0","0","0","0","4","0","40.0268","-75.0625","","CRASH_2001_Philadelphia"
"2002047970","06","67","67301","67301","2001","10","7","2335","23","3","1","0","4","1","","","N","01","2","00","3","0","3","4","4","N","N","39 56:28.508","75 12:40.463","2341","","2338","","0","","N","","3 ","","","","","","","","","","4","4","0","0","0","0","0","0","0","0","0","3","3","0","0","0","0","1","0","0","0","0","0","0","0","0","0","0","0","0","0","0","0","0","0","4","0","39.9398","-75.2113","","CRASH_2001_Philadelphia"
"2002043241","06","67","67301","67301","2001","09","1","1545","15","1","2","1","5","1","","","N","01","2","00","3","0","0","2","2","N","N","","","1550","","1350","","0","","N","","4 ","","","","","","","","","","2","2","0","0","0","0","0","0","0","0","0","0","0","0","0","0","0","0","0","0","0","0","0","0","0","0","0","0","0","0","0","0","0","0","0","0","0","","","","CRASH_2001_Philadelphia"
"2002017145","06","67","67301","67301","2001","07","6","1615","16","1","1","0","1","1","","","N","01","2","00","3","0","0","2","2","N","N","39 55:17.302","75 11:30.149","1625","","1621","","0","","N","","3 ","","","","","","","","","","2","2","0","0","0","0","0","0","0","0","0","0","0","0","0","0","0","0","0","0","1","0","0","0","0","0","0","0","0","0","0","0","0","0","0","0","0","39.9213","-75.1937","","CRASH_2001_Philadelphia"
"2002037368","06","67","67301","67301","2001","11","7","0710","07","5","1","0","5","6","","","N","00","0","00","3","0","0","3","6","N","N","39 57:50.731","75 08:59.380","0756","","0755","","0","","N","","0 ","","","","","","","","","","6","4","0","0","2","0","0","0","0","0","0","0","0","0","1","0","0","0","0","0","0","0","0","0","0","0","0","0","0","0","0","0","0","0","0","9","0","39.9641","-75.1498","","CRASH_2001_Philadelphia"
"2002037386","06","67","67301","67301","2001","10","7","1710","17","1","1","0","1","1","","","N","01","2","00","3","0","0","2","2","N","N","39 56:45.926","75 11:54.625","1738","","1730","","0","","N","","3 ","","","","","","","","","","2","2","0","0","0","0","0","0","0","0","0","0","0","0","1","0","0","0","0","0","0","0","0","0","0","0","0","0","0","0","0","0","0","0","0","9","0","39.9461","-75.1985","","CRASH_2001_Philadelphia"
"2002017247","06","67","67301","67301","2001","07","1","1930","19","1","1","0","4","1","","","N","00","0","00","3","0","1","2","2","N","N","40 00:05.815","75 07:28.837","1942","","1940","","0","","N","","0 ","","","","","","","","","","1","1","0","0","0","0","0","0","1","0","0","1","1","0","0","0","0","1","0","0","0","0","0","0","0","0","0","0","0","0","0","0","0","0","0","4","0","40.0017","-75.1246","","CRASH_2001_Philadelphia"
"2002028552","06","67","67301","67301","2001","09","7","1110","11","1","1","0","2","1","","","N","00","0","03","3","0","2","3","2","N","N","39 55:01.920","75 12:52.920","1123","","1113","","0","","N","","0 ","","","","","","","","","","2","2","0","0","0","0","0","0","0","0","0","2","2","0","0","0","0","0","0","0","0","0","0","0","0","0","0","0","0","0","0","0","0","0","0","4","0","39.9165","-75.2186","","CRASH_2001_Philadelphia"
"2002030769","06","67","67301","67301","2001","09","7","1806","18","1","1","0","8","1","","","N","00","0","00","3","0","1","2","2","N","N","39 59:49.921","75 06:10.046","1808","","1808","","0","","N","","0 ","","","","","","","","","","1","1","0","0","0","0","0","0","0","0","0","1","1","0","0","0","0","0","0","0","0","0","0","0","0","0","0","0","0","0","0","0","1","0","0","4","0","39.9972","-75.1028","","CRASH_2001_Philadelphia"
"2002031138","06","67","67301","67301","2001","09","3","0950","09","1","6","1","9","1","","","N","06","4","02","3","0","1","3","2","N","N","39 56:58.560","75 11:02.040","1005","","0950","","0","","N","","3 ","","","","","","","","","","2","1","0","0","1","0","0","0","0","0","0","1","1","0","0","0","0","0","0","0","0","0","0","0","0","0","0","0","0","0","0","0","0","0","0","4","0","39.9496","-75.1841","","CRASH_2001_Philadelphia"
"2002034667","06","67","67301","67301","2001","11","5","2210","22","3","1","0","4","1","","","N","01","2","00","3","0","2","3","2","N","N","39 58:38.149","75 13:36.778","2215","","2212","","0","","N","","9 ","","","","","","","","","","2","2","0","0","0","0","0","0","0","0","0","2","2","0","0","0","0","0","0","1","0","0","0","2","0","0","0","0","0","0","0","0","0","0","0","4","0","39.9772","-75.2268","","CRASH_2001_Philadelphia"
"2002038675","06","67","67301","67301","2001","12","3","1533","15","1","1","0","8","1","","","N","01","0","00","3","0","1","3","2","N","N","39 58:16.000","75 09:51.000","1537","","1535","","0","","N","","0 ","","","","","","","","","","1","1","0","0","0","0","0","0","0","0","0","1","1","0","0","0","0","0","0","0","0","0","0","0","0","0","0","0","0","0","0","0","1","0","0","4","0","39.9711","-75.1642","","CRASH_2001_Philadelphia"
"2002040211","06","67","67301","67301","2001","12","6","1440","14","1","2","1","7","2","1","8","Y","00","0","00","3","0","0","1","1","N","N","39 53:06.720","75 14:39.480","1447","35","9999","1","1","4","N","","0 ","N","N","","","U","","","","","1","0","0","0","1","0","0","0","0","0","0","0","0","0","0","0","0","0","0","0","0","0","0","0","0","0","0","0","0","0","0","0","0","0","0","0","0","39.8845","-75.2443","","CRASH_2001_Philadelphia"
"2001288008","06","67","67301","","2001","03","5","1540","15","1","1","0","5","1","","","N","00","0","00","3","0","1","2","2","N","N","","","9999","","9999","","0","","N","","0 ","","","","","","","","","","2","2","0","0","0","0","0","0","0","0","1","0","1","0","0","0","0","0","0","0","1","0","0","0","0","0","0","0","0","0","0","0","0","0","0","3","0","","","","CRASH_2001_Philadelphia"
"2002027900","06","67","67301","67301","2001","09","1","1559","15","1","1","0","1","1","","","N","01","2","00","3","0","0","4","2","N","N","40 05:42.061","75 00:55.312","1604","","1559","","0","","N","","3 ","","","","","","","","","","2","2","0","0","0","0","0","0","0","0","0","0","0","0","0","0","0","0","0","0","0","1","0","0","0","0","0","0","0","0","0","0","0","0","0","0","0","40.0945","-75.015","","CRASH_2001_Philadelphia"
"2002035270","06","67","67301","67301","2001","11","4","1546","15","1","1","0","1","7","","","N","06","0","02","3","0","2","4","2","N","N","40 02:56.400","74 59:43.440","1556","","1548","","0","","N","","0 ","","","","","","","","","","2","2","0","0","0","0","0","0","0","0","0","2","2","0","0","0","0","0","0","0","0","0","0","1","0","0","0","0","0","0","0","0","0","0","0","4","0","40.0492","-74.996","","CRASH_2001_Philadelphia"
"2002039467","06","67","67301","67301","2001","12","2","1620","16","1","1","0","8","1","","","N","01","2","00","3","0","1","2","2","N","N","40 01:13.842","75 11:32.905","1626","","1626","2","2","4","N","","3 ","Y","","","","","","","","","1","1","0","0","0","0","0","0","0","1","0","0","1","0","0","0","0","0","0","0","1","0","0","0","0","0","0","0","0","0","0","0","1","0","1","2","0","40.0205","-75.1924","","CRASH_2001_Philadelphia"
"2002023596","06","67","67301","67301","2001","08","7","1300","13","1","1","0","5","2","","","N","01","2","00","3","0","1","3","2","N","N","39 59:06.904","75 10:43.789","1205","","1202","","0","","N","","3 ","","","","","","","","","","2","1","0","0","0","0","0","0","0","0","0","1","1","0","0","0","0","0","0","0","0","0","0","0","0","0","0","0","0","0","0","0","0","0","0","4","0","39.9853","-75.1788","","CRASH_2001_Philadelphia"
"2002017605","06","67","67301","67301","2001","08","6","1755","17","1","1","0","4","1","","","N","00","2","07","3","0","2","4","2","N","N","40 02:11.000","75 08:43.000","1802","","1800","","0","","N","","9 ","","","","","","","","","","2","2","0","0","0","0","0","0","0","0","2","0","2","0","0","0","0","0","0","0","1","1","0","0","0","0","0","0","0","0","0","0","0","0","0","3","0","40.0366","-75.1452","","CRASH_2001_Philadelphia"
"2002020441","06","67","67301","67301","2001","07","6","0910","09","1","1","0","8","1","","","N","01","2","00","3","0","1","2","2","N","N","39 56:37.050","75 09:55.623","0912","","0910","","0","","N","","3 ","","","","","","","","","","1","1","0","0","0","0","0","0","0","0","1","0","1","0","0","0","0","0","0","0","0","0","0","0","0","0","0","0","0","0","0","0","1","0","0","3","0","39.9436","-75.1655","","CRASH_2001_Philadelphia"
"2002032507","06","67","67301","67301","2001","10","4","2351","23","3","9","0","7","2","","","N","00","0","00","3","0","1","1","1","N","N","39 53:36.511","75 13:49.238","2356","","2352","1","1","2","N","","0 ","N","","","","","","","","","1","1","0","0","0","0","0","0","0","0","1","0","1","0","0","0","0","0","0","0","0","0","0","1","0","0","0","0","0","0","0","0","0","0","0","3","0","39.8932","-75.2275","","CRASH_2001_Philadelphia"
"2002037397","06","67","67301","67301","2001","11","4","1010","10","1","1","0","1","1","","","N","00","2","00","3","0","0","2","2","N","N","40 02:21.445","75 09:10.660","1010","","1010","","0","","N","","3 ","","","","","","","","","","2","1","0","0","1","0","0","0","0","0","0","0","0","0","0","0","0","0","0","0","0","0","0","0","0","0","0","0","0","0","0","0","0","0","0","0","0","40.0393","-75.153","","CRASH_2001_Philadelphia"
"2002043631","06","67","67301","67301","2001","12","6","1900","19","3","1","0","5","1","","","N","00","0","00","3","0","0","6","5","N","N","","","1900","","1900","","0","","N","","0 ","","","","","","","","","","5","5","0","0","0","0","0","0","0","0","0","0","0","0","0","0","0","0","0","0","0","0","0","0","0","0","0","0","0","0","0","0","0","0","0","0","0","","","","CRASH_2001_Philadelphia"
"2001248794","06","67","67301","67301","2001","05","4","1110","11","1","1","0","9","1","","","N","00","0","00","3","0","2","2","2","N","N","","","9999","","9999","","0","","N","","0 ","","","","","","","","","","2","1","0","0","0","0","0","0","0","0","0","0","0","0","2","0","0","0","0","0","0","0","0","0","0","0","0","0","0","0","0","0","0","0","0","9","0","","","","CRASH_2001_Philadelphia"
"2002010542","06","67","67301","67301","2001","06","6","0451","04","3","1","0","8","6","","","N","00","2","00","3","0","1","2","3","N","N","39 56:36.007","75 13:56.550","0451","","0451","","0","","N","","3 ","","","","","","","","","","2","2","0","0","0","0","0","0","0","0","0","1","1","0","0","0","0","0","0","0","0","0","0","0","0","0","0","0","0","0","0","0","1","0","0","4","0","39.9433","-75.2324","","CRASH_2001_Philadelphia"
"2002032099","06","67","67301","67301","2001","10","3","0545","05","1","1","8","4","1","","","N","01","2","00","3","0","0","3","2","N","N","40 03:47.707","75 03:05.812","1750","","1748","","0","","N","","3 ","","","","","","","","","","2","2","0","0","0","0","0","0","0","0","0","0","0","0","0","0","0","0","0","0","1","0","0","0","0","0","0","0","0","0","0","0","0","0","0","0","0","40.0631","-75.0516","","CRASH_2001_Philadelphia"
"2002036040","06","67","67301","67301","2001","10","1","2248","22","3","1","0","4","1","","","N","01","2","00","3","0","0","3","2","N","N","39 54:52.135","75 10:42.500","2300","","2248","","0","","N","","3 ","","","","","","","","","","2","2","0","0","0","0","0","0","0","0","0","0","0","0","1","0","0","0","0","0","0","2","0","0","0","0","0","0","0","0","0","0","0","0","0","9","0","39.9144","-75.1784","","CRASH_2001_Philadelphia"
"2002017268","06","67","67301","67301","2001","07","4","1453","14","1","1","0","4","1","","","N","01","2","00","3","0","0","2","2","N","N","39 58:13.000","75 09:46.000","1552","","1547","","0","","N","","3 ","","","","","","","","","","2","2","0","0","0","0","0","0","0","0","0","0","0","0","0","0","0","0","0","0","0","0","0","1","0","0","0","0","0","0","0","0","0","0","0","0","0","39.9703","-75.1628","","CRASH_2001_Philadelphia"
"2002020168","06","67","67301","67301","2001","05","7","1017","10","1","2","1","7","3","","","N","00","2","00","3","0","0","3","2","N","N","39 53:24.360","75 13:12.360","1021","","1017","","0","","N","","3 ","","","","","","","","","","2","2","0","0","0","0","0","0","0","0","0","0","0","0","0","0","0","0","0","0","0","0","0","0","0","0","0","0","0","0","0","0","0","0","0","0","0","39.8905","-75.2207","","CRASH_2001_Philadelphia"
"2002025028","06","67","67301","67301","2001","08","4","1025","10","1","1","0","1","1","","","N","00","0","00","3","0","2","4","3","N","N","39 57:24.255","75 11:54.051","1035","","1028","","0","","N","","0 ","","","","","","","","","","3","3","0","0","0","0","0","0","0","0","0","2","2","0","0","0","0","0","0","0","0","0","0","0","0","0","0","0","0","0","0","0","0","0","0","4","0","39.9567","-75.1983","","CRASH_2001_Philadelphia"
"2002031132","06","67","67301","67301","2001","10","5","2128","21","1","1","0","8","1","","","N","02","2","00","3","0","1","2","2","N","N","39 57:01.171","75 10:20.681","2134","","2131","","0","","N","","3 ","","","","","","","","","","1","1","0","0","0","0","0","0","0","0","0","1","1","0","0","0","0","0","0","0","0","0","0","0","0","0","0","0","0","0","0","0","1","0","0","4","0","39.9504","-75.1727","","CRASH_2001_Philadelphia"
"2001400415","06","67","67301","67301","2001","05","3","0835","08","1","1","0","4","1","","","N","01","2","00","3","1","0","2","2","N","N","40 01:46.200","75 05:17.880","9999","","9999","","0","","N","9","3 ","","","","","","","","","","2","1","0","0","0","1","0","0","0","0","0","0","0","0","0","0","0","0","0","0","1","0","0","0","0","0","0","0","0","0","0","0","0","0","0","1","1","40.03","-75.0874","2 ","CRASH_2001_Philadelphia"
"2002010409","06","67","67301","67301","2001","06","6","2320","23","3","1","0","4","1","","","N","00","0","00","3","0","0","1","4","N","N","39 57:19.044","75 11:59.100","2324","","2322","","0","","N","","0 ","","","","","","","","","","4","4","0","0","0","0","0","0","0","0","0","0","0","0","0","0","0","0","0","0","0","0","0","0","0","0","0","0","0","0","0","0","0","0","0","0","0","39.9553","-75.1998","","CRASH_2001_Philadelphia"
"2002010490","06","67","67301","67301","2001","06","7","0955","09","1","1","0","4","1","","","N","01","2","00","3","0","2","3","2","N","N","39 56:28.320","75 12:33.840","1000","","0957","","0","","N","","9 ","","","","","","","","","","2","2","0","0","0","0","0","0","0","0","2","0","2","0","0","0","0","0","0","0","0","0","0","0","0","0","0","0","0","0","0","0","0","0","0","3","0","39.9412","-75.2094","","CRASH_2001_Philadelphia"
"2002018043","06","67","67301","67301","2001","08","1","0245","02","3","1","0","1","7","","","N","07","3","08","3","0","1","2","2","N","N","40 00:41.830","75 12:18.734","0245","","0240","","0","","N","","3 ","","","","","","","","","","2","2","0","0","0","0","0","0","0","0","1","0","1","0","0","0","0","0","0","0","1","0","0","0","0","0","0","0","0","0","0","0","0","0","0","3","0","40.0117","-75.2052","","CRASH_2001_Philadelphia"
"2002031539","06","67","67301","67301","2001","09","1","2125","21","6","1","0","1","6","","","N","00","2","00","3","0","1","1","2","N","N","40 01:01.801","75 11:17.742","2130","","2130","","0","","N","","3 ","","","","","","","","","","2","2","0","0","0","0","0","0","0","0","0","1","1","0","0","0","0","0","0","0","0","0","0","0","0","0","0","0","0","0","0","0","0","0","0","4","0","40.0171","-75.1882","","CRASH_2001_Philadelphia"
"2002031818","06","67","67301","67301","2001","07","5","1525","15","1","1","0","1","1","","","N","01","9","99","3","0","0","4","2","N","N","40 01:52.059","75 10:40.538","1545","","1525","","0","","N","","9 ","","","","","","","","","","2","2","0","0","0","0","0","0","0","0","0","0","0","0","3","0","0","0","0","0","1","0","0","0","0","0","0","0","0","0","0","0","0","0","0","9","0","40.0311","-75.1778","","CRASH_2001_Philadelphia"
"2002041431","06","67","67301","67301","2001","12","3","0148","01","3","2","1","7","4","","","N","00","0","00","3","0","1","1","1","N","N","40 02:08.961","75 11:40.203","0154","","0148","","0","","N","","0 ","","","","","","","","","","1","1","0","0","0","0","0","0","0","0","0","1","1","0","0","0","0","0","0","0","0","0","0","0","0","0","0","0","0","0","0","0","0","0","0","4","0","40.0356","-75.1949","","CRASH_2001_Philadelphia"
"2002046765","06","67","67301","67301","2001","10","6","1412","14","1","1","0","4","1","","","N","01","2","00","3","0","2","3","3","N","N","39 57:33.899","75 13:56.657","2057","","2052","","0","","N","","3 ","","","","","","","","","","3","3","0","0","0","0","0","0","0","0","0","2","2","0","0","0","0","0","0","0","0","0","0","1","0","0","0","0","0","0","0","0","0","0","0","4","0","39.9579","-75.2335","","CRASH_2001_Philadelphia"
"2002046339","06","67","67301","67301","2001","10","6","0755","07","1","1","0","1","1","","","N","01","0","00","3","0","1","4","3","N","N","40 02:47.138","75 05:24.465","0805","","0757","","0","","N","","0 ","","","","","","","","","","3","3","0","0","0","0","0","0","0","0","0","1","1","0","0","0","0","0","0","0","0","0","1","0","0","0","0","0","0","0","0","0","0","0","0","4","0","40.0465","-75.0901","","CRASH_2001_Philadelphia"
"2002044152","06","67","67301","67301","2001","11","4","1129","11","1","1","0","1","1","","","N","00","0","00","3","0","1","4","4","N","N","39 59:11.422","75 12:27.628","1135","","1129","1","2","4","N","","0 ","N","","","","","","","","","4","4","0","0","0","0","0","0","0","0","0","1","1","0","0","0","0","0","0","1","0","0","0","0","0","0","0","0","0","0","0","0","0","0","0","4","0","39.9867","-75.2079","","CRASH_2001_Philadelphia"
"2002047853","06","67","67301","67301","2001","06","6","1029","10","1","1","0","4","1","","","N","00","2","00","3","0","2","3","2","N","N","40 00:17.000","75 10:42.993","1034","","1031","","0","","N","","3 ","","","","","","","","","","2","1","0","0","1","0","0","0","0","0","0","2","2","0","0","0","0","0","0","0","1","1","0","0","0","0","0","0","0","0","0","0","0","0","0","4","0","40.0049","-75.1785","","CRASH_2001_Philadelphia"
"2002023631","06","67","67301","67301","2001","08","5","1907","19","1","1","0","8","1","","","N","00","0","00","3","0","1","2","2","N","N","39 57:19.000","75 14:26.000","2005","","1910","","0","","N","","0 ","","","","","","","","","","1","1","0","0","0","0","0","0","0","0","0","1","1","0","0","0","0","0","0","0","0","0","0","0","0","0","0","0","0","0","0","0","1","0","0","4","0","39.9553","-75.2406","","CRASH_2001_Philadelphia"