"CRN","DISTRICT","COUNTY","MUNICIPALITY","POLICE_AGCY","CRASH_YEAR","CRASH_MONTH","DAY_OF_WEEK","TIME_OF_DAY","HOUR_OF_DAY","ILLUMINATION","WEATHER","ROAD_CONDITION","COLLISION_TYPE","RELATION_TO_ROAD","WORK_ZONE_TYPE","WORK_ZONE_LOC","WORK_ZONE_IND","INTERSECT_TYPE","TCD_TYPE","LOCATION_TYPE","URBAN_RURAL","FATAL_COUNT","INJURY_COUNT","PERSON_COUNT","TOTAL_UNITS","SCH_BUS_IND","SCH_ZONE_IND","LATITUDE","LONGITUDE","ARRIVAL_TM","CONS_ZONE_SPD_LIM","DISPATCH_TM","EST_HRS_CLOSED","LANE_CLOSED","LN_CLOSE_DIR","NTFY_HIWY_MAINT","SPEC_JURIS_CD","TCD_FUNC_CD","TFC_DETOUR_IND","WORKERS_PRES","WZ_CLOSE_DETOUR","WZ_FLAGGER","WZ_LAW_OFFCR_IND","WZ_LN_CLOSURE","WZ_MOVING","WZ_OTHER","WZ_SHLDER_MDN","VEHICLE_COUNT","AUTOMOBILE_COUNT","MOTORCYCLE_COUNT","BUS_COUNT","SMALL_TRUCK_COUNT","HEAVY_TRUCK_COUNT","SUV_COUNT","VAN_COUNT","BICYCLE_COUNT","MAJ_INJ_COUNT","MOD_INJ_COUNT","MIN_INJ_COUNT","TOT_INJ_COUNT","UNK_INJ_DEG_COUNT","UNK_INJ_PER_COUNT","DRIVER_COUNT_16YR","DRIVER_COUNT_17YR","DRIVER_COUNT_18YR","DRIVER_COUNT_19YR","DRIVER_COUNT_20YR","DRIVER_COUNT_50_64YR","DRIVER_COUNT_65_74YR","DRIVER_COUNT_75PLUS","UNBELTED_OCC_COUNT","UNB_DEATH_COUNT","UNB_MAJ_INJ_COUNT","BELTED_DEATH_COUNT","BELTED_MAJ_INJ_COUNT","MCYCLE_DEATH_COUNT","MCYCLE_MAJ_INJ_COUNT","BICYCLE_DEATH_COUNT","BICYCLE_MAJ_INJ_COUNT","PED_COUNT","PED_DEATH_COUNT","PED_MAJ_INJ_COUNT","MAX_SEVERITY_LEVEL","COMM_VEH_COUNT","DEC_LAT","DEC_LONG","RDWY_SURF_TYPE_CD","COUNTY_YEAR"
"2002032315","06","67","67301","67301","2001","10","5","1524","15","1","1","0","9","1","","","N","00","0","03","3","0","1","1","1","N","N","39 55:12.360","75 12:04.320","1540","","1534","","0","","N","","0 ","","","","","","","","","","1","1","0","0","0","0","0","0","0","0","1","0","1","0","0","0","0","0","0","0","0","0","0","0","0","0","0","0","0","0","0","0","0","0","0","3","0","39.9198","-75.2024","","CRASH_2001_Philadelphia"
"2002032481","06","67","67301","67301","2001","08","5","0345","03","3","1","1","6","1","","","N","01","0","00","3","0","0","2","2","N","N","39 57:32.274","75 14:29.352","0350","","0350","","0","","N","","0 ","","","","","","","","","","2","2","0","0","0","0","0","0","0","0","0","0","0","0","0","0","0","0","0","0","0","0","0","0","0","0","0","0","0","0","0","0","0","0","0","0","0","39.9589","-75.2414","","CRASH_2001_Philadelphia"
"2002035986","06","67","67301","67301","2001","11","5","1630","16","1","1","0","6","1","","","N","01","2","00","3","0","0","2","2","N","N","40 00:00.928","75 09:11.477","1640","","1634","","0","","N","","3 ","","","","","","","","","","2","2","0","0","0","0","0","0","0","0","0","0","0","0","0","0","0","0","0","0","0","0","0","0","0","0","0","0","0","0","0","0","0","0","0","0","0","40","-75.1531","","CRASH_2001_Philadelphia"
"2002037294","06","67","67301","67301","2001","11","7","1430","14","1","1","0","2","1","","","N","01","2","00","3","0","4","6","3","N","N","39 59:27.381","75 06:05.712","1430","","1430","","0","","N","","3 ","","","","","","","","","","3","3","0","0","0","0","0","0","0","0","3","1","4","0","1","0","0","0","0","0","1","0","0","1","0","0","0","0","0","0","0","0","0","0","0","3","0","39.9909","-75.1016","","CRASH_2001_Philadelphia"
"2002039511","06","67","67301","67301","2001","11","2","0644","06","5","1","0","1","1","","","N","01","2","00","3","0","1","2","2","N","N","40 02:02.664","75 10:59.097","0654","","0652","","0","","N","","3 ","","","","","","","","","","2","2","0","0","0","0","0","0","0","0","0","1","1","0","0","0","0","0","0","0","1","0","0","0","0","0","0","0","0","0","0","0","0","0","0","4","0","40.0341","-75.1829","","CRASH_2001_Philadelphia"
"2002041658","06","67","67301","67301","2001","12","3","0828","08","1","2","1","4","1","","","N","05","2","00","3","0","1","3","2","N","N","39 57:42.000","75 09:26.787","0904","","0900","","0","","N","","3 ","","","","","","","","","","2","2","0","0","0","0","0","0","0","0","0","1","1","0","1","0","1","0","0","0","0","0","0","0","0","0","0","0","0","0","0","0","0","0","0","4","0","39.9617","-75.1575","","CRASH_2001_Philadelphia"
"2002043759","06","67","67301","67301","2001","12","1","1625","16","1","1","0","8","1","","","N","01","2","00","3","0","1","2","2","N","N","39 57:01.823","75 08:55.965","1628","","1625","","0","","N","","3 ","","","","","","","","","","1","1","0","0","0","0","0","0","0","0","0","1","1","0","1","0","0","0","0","0","0","0","0","0","0","0","0","0","0","0","0","0","1","0","0","4","0","39.9505","-75.1489","","CRASH_2001_Philadelphia"
"2002012182","06","67","67301","67301","2001","07","7","1130","11","1","1","0","8","1","","","N","02","2","07","3","0","1","2","2","N","N","40 02:55.580","75 00:44.602","1325","","1315","","0","","N","","3 ","","","","","","","","","","1","1","0","0","0","0","0","0","0","0","0","1","1","0","0","0","0","0","0","0","0","0","1","0","0","0","0","0","0","0","0","0","1","0","0","4","0","40.0488","-75.0123","","CRASH_2001_Philadelphia"
"2002028085","06","67","67301","67301","2001","09","2","1838","18","1","2","0","4","1","","","N","02","0","00","3","0","6","7","2","N","N","39 59:27.478","75 07:53.494","1905","","1900","","0","","N","","0 ","","","","","","","","","","2","2","0","0","0","0","0","0","0","0","2","4","6","0","0","0","0","0","1","0","0","0","0","0","0","0","0","0","0","0","0","0","0","0","0","3","0","39.9909","-75.1314","","CRASH_2001_Philadelphia"
"2002028662","06","67","67301","67301","2001","09","4","0553","05","1","1","6","7","5","","","N","00","0","00","3","0","1","1","1","N","N","","","0557","","0555","","0","","N","","0 ","","","","","","","","","","1","0","0","0","1","0","0","0","0","0","0","1","1","0","0","0","0","0","0","0","0","0","0","0","0","0","0","0","0","0","0","0","0","0","0","4","0","","","","CRASH_2001_Philadelphia"
"2002029452","06","67","67301","67301","2001","09","5","2040","20","3","2","1","8","1","","","N","01","2","00","3","0","1","2","2","N","N","39 57:50.854","75 13:17.105","2044","","2042","","0","","N","","3 ","","","","","","","","","","1","1","0","0","0","0","0","0","0","0","0","1","1","0","1","0","0","0","0","0","0","0","0","0","0","0","0","0","0","0","0","0","1","0","0","4","0","39.9643","-75.222","","CRASH_2001_Philadelphia"
"2002031126","06","67","67301","67301","2001","09","3","0100","01","3","2","1","7","3","","","N","00","0","00","3","0","0","1","1","N","N","39 58:33.208","75 06:57.423","0113","","0110","","0","","N","","0 ","","","","","","","","","","1","1","0","0","0","0","0","0","0","0","0","0","0","0","0","0","0","0","0","0","0","0","0","0","0","0","0","0","0","0","0","0","0","0","0","0","0","39.979","-75.1095","","CRASH_2001_Philadelphia"
"2002044122","06","67","67301","67301","2001","11","7","1235","12","1","1","0","1","1","","","N","01","2","00","3","0","1","3","2","N","N","40 02:48.625","75 04:13.335","1250","","1245","","0","","N","","9 ","","","","","","","","","","2","2","0","0","0","0","0","0","0","0","0","1","1","0","0","0","0","0","0","0","1","0","0","0","0","0","0","0","0","0","0","0","0","0","0","4","0","40.0468","-75.0703","","CRASH_2001_Philadelphia"
"2002010513","06","67","67301","67301","2001","06","6","2345","23","3","1","0","1","1","","","N","00","0","00","3","0","1","2","2","N","N","40 05:03.718","75 01:31.693","2347","","2346","1","1","2","N","","0 ","N","","","","","","","","","2","2","0","0","0","0","0","0","0","0","0","1","1","0","1","0","0","0","0","0","0","0","0","0","0","0","0","0","0","0","0","0","0","0","0","4","0","40.0842","-75.0255","","CRASH_2001_Philadelphia"
"2002018908","06","67","67301","67301","2001","08","6","1620","16","1","2","1","4","1","","","N","00","0","07","3","0","4","7","2","N","N","39 53:01.000","75 13:38.000","1730","","1713","","0","","N","","0 ","","","","","","","","","","2","1","0","1","0","0","0","0","0","0","0","4","4","0","0","0","0","0","0","0","2","0","0","0","0","0","0","0","0","0","0","0","0","0","0","4","1","39.8836","-75.2272","","CRASH_2001_Philadelphia"
"2002018889","06","67","67301","67301","2001","08","7","2100","21","3","1","0","2","1","","","N","01","2","00","3","0","4","4","2","N","N","40 03:23.969","75 14:10.164","2110","","2105","","0","","N","","3 ","","","","","","","","","","2","2","0","0","0","0","0","0","0","0","4","0","4","0","0","0","0","0","0","0","0","0","0","0","0","0","0","0","0","0","0","0","0","0","0","3","0","40.0564","-75.236","","CRASH_2001_Philadelphia"
"2002020111","06","67","67301","67301","2001","08","1","2055","20","3","1","0","4","1","","","N","01","2","00","3","0","8","9","2","N","N","39 58:12.512","75 09:34.851","2055","","0002","","0","","N","","3 ","","","","","","","","","","2","2","0","0","0","0","0","0","0","0","0","8","8","0","0","0","0","0","0","0","0","0","0","0","0","0","0","0","0","0","0","0","0","0","0","4","0","39.9705","-75.1597","","CRASH_2001_Philadelphia"
"2002033607","06","67","67301","67301","2001","11","7","1430","14","1","1","0","1","1","","","N","00","0","00","3","0","2","4","2","N","N","40 01:37.674","75 06:53.382","1446","","1440","","0","","N","","0 ","","","","","","","","","","2","2","0","0","0","0","0","0","0","0","0","2","2","0","0","0","0","0","0","0","0","1","0","0","0","0","0","0","0","0","0","0","0","0","0","4","0","40.0272","-75.1146","","CRASH_2001_Philadelphia"
"2002034057","06","67","67301","67301","2001","09","5","1825","18","4","1","0","4","1","","","N","01","0","00","3","0","1","2","2","N","N","40 01:00.018","75 09:29.623","1135","","1130","","0","","N","","0 ","","","","","","","","","","1","1","0","0","0","0","0","0","1","0","0","1","1","0","0","0","0","0","0","0","0","0","0","0","0","0","0","0","0","0","0","0","0","0","0","4","0","40.0166","-75.1582","","CRASH_2001_Philadelphia"
"2002026636","06","67","67301","67301","2001","08","3","2348","23","3","1","0","8","1","","","N","01","2","00","3","0","1","2","2","N","N","40 02:20.735","75 06:36.378","0001","","2355","","0","","N","","3 ","","","","","","","","","","1","1","0","0","0","0","0","0","0","0","0","1","1","0","0","0","0","0","0","0","1","0","0","0","0","0","0","0","0","0","0","0","1","0","0","4","0","40.0392","-75.11","","CRASH_2001_Philadelphia"
"2002029763","06","67","67301","67301","2001","09","6","1209","12","1","2","1","1","1","","","N","01","2","00","3","0","1","3","3","N","N","40 03:02.710","75 08:55.715","1213","","1212","","0","","N","","3 ","","","","","","","","","","3","2","0","0","1","0","0","0","0","0","0","1","1","0","0","0","0","0","0","0","2","0","0","0","0","0","0","0","0","0","0","0","0","0","0","4","0","40.0508","-75.1487","","CRASH_2001_Philadelphia"
"2002032604","06","67","67301","67301","2001","10","7","0015","00","3","1","0","6","1","","","N","02","0","00","3","0","0","2","2","N","N","40 01:50.604","75 08:47.927","0021","","0018","","0","","N","","0 ","","","","","","","","","","2","2","0","0","0","0","0","0","0","0","0","0","0","0","1","0","0","0","0","0","0","0","0","0","0","0","0","0","0","0","0","0","0","0","0","9","0","40.0306","-75.1465","","CRASH_2001_Philadelphia"
"2002023691","06","67","67301","67301","2001","08","3","0750","07","1","1","2","0","1","","","N","01","2","00","3","0","1","1","1","N","N","40 06:50.400","74 59:15.000","0758","","0754","","0","","N","","3 ","","","","","","","","","","1","0","1","0","0","0","0","0","0","0","0","1","1","0","0","0","0","0","0","0","1","0","0","0","0","0","0","0","0","0","0","0","0","0","0","4","0","40.114","-74.9876","","CRASH_2001_Philadelphia"
"2002031130","06","67","67301","67301","2001","09","6","0407","04","2","2","1","1","1","","","N","00","0","00","3","0","1","3","3","N","N","","","0426","","0408","3","1","2","N","","0 ","N","","","","","","","","","3","3","0","0","0","0","0","0","0","0","1","0","1","0","2","0","0","0","0","0","0","0","0","0","0","0","0","0","0","0","0","0","0","0","0","3","0","","","","CRASH_2001_Philadelphia"
"2002033579","06","67","67301","67301","2001","11","7","0448","04","3","1","0","2","1","","","N","01","2","00","3","0","2","3","2","N","N","39 55:01.878","75 14:46.763","0456","","0451","1","1","6","N","","3 ","N","","","","","","","","","2","2","0","0","0","0","0","0","0","0","0","2","2","0","0","0","0","0","0","0","0","0","0","1","0","0","0","0","0","0","0","0","0","0","0","4","0","39.9171","-75.2462","","CRASH_2001_Philadelphia"
"2002023054","06","67","67301","67301","2001","08","7","2037","20","3","1","0","4","1","","","N","01","0","00","3","0","1","5","2","N","N","40 03:40.715","75 10:19.524","2045","","2039","","0","","N","","0 ","","","","","","","","","","2","2","0","0","0","0","0","0","0","0","0","1","1","0","0","0","0","0","0","0","0","0","0","0","0","0","0","0","0","0","0","0","0","0","0","4","0","40.0613","-75.1721","","CRASH_2001_Philadelphia"
"2002045869","06","67","67301","67301","2001","10","6","0040","00","2","1","0","0","1","1","3","Y","00","0","02","3","0","1","1","1","N","N","39 53:00.960","75 14:48.480","0045","25","0044","","0","","N","","0 ","","N","","","U","","","","Y","1","1","0","0","0","0","0","0","0","0","0","1","1","0","0","0","0","0","0","0","0","0","0","0","0","0","0","0","0","0","0","0","0","0","0","4","0","39.8836","-75.2468","","CRASH_2001_Philadelphia"
"2002025033","06","67","67301","67301","2001","08","6","1655","16","1","1","0","8","1","","","N","01","2","00","3","0","1","3","2","N","N","39 57:25.188","75 13:31.920","1705","","1655","","0","","N","","3 ","","","","","","","","","","1","1","0","0","0","0","0","0","0","0","0","1","1","0","0","0","0","0","0","0","0","0","0","0","0","0","0","0","0","0","0","0","1","0","0","4","0","39.9585","-75.2252","","CRASH_2001_Philadelphia"
"2002027372","06","67","67301","67301","2001","09","4","1512","15","1","1","0","1","1","","","N","00","0","03","3","0","1","2","2","N","N","39 57:09.909","75 10:44.035","1522","","1512","","0","","N","","0 ","","","","","","","","","","1","1","0","0","0","0","0","0","1","0","0","1","1","0","0","0","0","0","0","1","0","0","0","1","0","0","0","0","0","0","0","0","0","0","0","4","0","39.9512","-75.1791","","CRASH_2001_Philadelphia"
"2002037383","06","67","67301","67301","2001","12","7","1816","18","3","1","0","1","1","","","N","01","2","00","3","0","0","4","2","N","N","40 01:56.469","75 04:51.300","1830","","1821","","0","","N","","3 ","","","","","","","","","","2","1","0","0","1","0","0","0","0","0","0","0","0","0","1","0","0","0","0","0","1","0","0","0","0","0","0","0","0","0","0","0","0","0","0","9","0","40.0325","-75.0809","","CRASH_2001_Philadelphia"
"2002041376","06","67","67301","67301","2001","12","2","2100","21","1","2","1","1","1","","","N","01","2","00","3","0","5","5","2","N","N","40 01:33.957","75 11:58.180","2130","","2130","","0","","N","","3 ","","","","","","","","","","2","2","0","0","0","0","0","0","0","1","0","4","5","0","0","0","0","0","0","0","2","0","0","0","0","0","0","0","0","0","0","0","0","0","0","2","0","40.026","-75.1995","","CRASH_2001_Philadelphia"
"2002028281","06","67","67301","67301","2001","09","6","1520","15","1","1","0","8","1","","","N","00","0","00","3","0","1","2","2","N","N","40 02:44.310","75 10:55.824","1629","","1629","","0","","N","","0 ","","","","","","","","","","1","1","0","0","0","0","0","0","0","0","1","0","1","0","0","0","0","0","0","0","0","0","0","0","0","0","0","0","0","0","0","0","1","0","0","3","0","40.0456","-75.1821","","CRASH_2001_Philadelphia"
"2002039668","06","67","67301","67301","2001","11","5","2019","20","3","1","0","8","1","","","N","01","2","00","3","0","1","3","2","N","N","39 56:37.908","75 14:16.292","2025","","2021","","0","","N","","3 ","","","","","","","","","","1","1","0","0","0","0","0","0","0","0","0","1","1","0","0","0","0","0","0","0","0","0","1","0","0","0","0","0","0","0","0","0","1","0","0","4","0","39.9438","-75.2378","","CRASH_2001_Philadelphia"
"2002043804","06","67","67301","67301","2001","12","2","1705","17","3","1","1","1","1","","","N","01","2","00","3","0","2","3","2","N","N","40 00:24.667","75 07:53.711","1715","","1710","","0","","N","","3 ","","","","","","","","","","2","2","0","0","0","0","0","0","0","0","1","1","2","0","0","0","0","0","0","0","0","0","0","3","0","0","0","0","0","0","0","0","0","0","0","3","0","40.0069","-75.1316","","CRASH_2001_Philadelphia"
"2002035688","06","67","67301","67301","2001","10","1","1702","17","1","1","0","6","1","","","N","02","2","00","3","0","2","2","2","N","N","40 03:24.445","75 09:38.512","1705","","1705","","0","","N","","3 ","","","","","","","","","","2","2","0","0","0","0","0","0","0","0","0","2","2","0","0","0","0","0","0","0","0","1","0","1","0","0","0","0","0","0","0","0","0","0","0","4","0","40.0568","-75.1607","","CRASH_2001_Philadelphia"
"2002043225","06","67","67301","67301","2001","12","1","0209","02","3","1","0","1","1","","","N","00","7","00","3","0","1","2","2","N","N","39 58:41.880","75 06:39.960","0209","","0209","1","2","2","N","","4 ","N","","","","","","","","","2","2","0","0","0","0","0","0","0","0","0","1","1","0","0","0","0","0","0","0","0","0","0","0","0","0","0","0","0","0","0","0","0","0","0","4","0","39.979","-75.1095","","CRASH_2001_Philadelphia"
"2002048361","06","67","67301","67301","2001","10","5","0645","06","5","1","0","8","1","","","N","00","0","00","3","0","1","2","2","N","N","40 00:29.532","75 04:18.645","0655","","0650","","0","","N","","0 ","","","","","","","","","","1","1","0","0","0","0","0","0","0","0","0","1","1","0","0","0","0","0","0","0","1","0","0","0","0","0","0","0","0","0","0","0","1","0","0","4","0","40.0082","-75.0719","","CRASH_2001_Philadelphia"
"2001401084","06","67","67301","67301","2001","12","6","0336","03","3","1","1","7","1","","","N","05","2","00","3","1","1","2","1","N","N","39 58:02.640","75 07:43.320","9999","","9999","","0","","N","9","3 ","","","","","","","","","","1","1","0","0","0","0","0","0","0","1","0","0","1","0","0","0","0","0","0","0","0","0","0","2","1","1","0","0","0","0","0","0","0","0","0","1","0","39.9676","-75.1289","2 ","CRASH_2001_Philadelphia"
"2002022046","06","67","67301","67301","2001","08","2","1310","13","1","2","0","4","1","","","N","10","2","00","3","0","0","2","2","N","N","40 00:09.455","75 07:27.886","1315","","1310","","0","","N","","3 ","","","","","","","","","","2","1","0","0","0","1","0","0","0","0","0","0","0","0","0","0","0","1","0","0","0","0","0","0","0","0","0","0","0","0","0","0","0","0","0","0","1","40.0026","-75.1244","","CRASH_2001_Philadelphia"
"2002026568","06","67","67301","67301","2001","09","5","0623","06","1","1","1","5","1","","","N","00","0","00","3","0","1","2","2","N","N","40 01:26.428","75 01:55.746","0633","","0623","","0","","N","","0 ","","","","","","","","","","2","2","0","0","0","0","0","0","0","0","0","1","1","0","0","0","0","0","0","0","0","0","0","0","0","0","0","0","0","0","0","0","0","0","0","4","0","40.0238","-75.0321","","CRASH_2001_Philadelphia"
"2001250503","06","67","67301","67301","2001","05","4","2259","22","3","1","0","7","1","","","N","00","0","00","3","0","0","3","1","N","N","39 53:55.680","75 10:46.560","9999","","9999","","0","","N","","0 ","","","","","","","","","","1","1","0","0","0","0","0","0","0","0","0","0","0","0","0","1","0","0","0","0","0","0","0","0","0","0","0","0","0","0","0","0","0","0","0","0","0","39.8993","-75.1767","","CRASH_2001_Philadelphia"
"2001265944","06","67","67301","67301","2001","02","3","1000","10","1","1","0","5","1","","","N","00","0","00","3","0","0","3","4","N","N","","","9999","","9999","","0","","N","","0 ","","","","","","","","","","4","1","0","0","0","0","0","1","0","0","0","0","0","0","0","0","0","0","0","0","1","1","0","0","0","0","0","0","0","0","0","0","0","0","0","0","0","","","","CRASH_2001_Philadelphia"
"2001244779","06","67","67301","67301","2001","05","7","0010","00","3","1","0","3","1","","","N","00","0","00","3","0","1","2","2","N","N","40 02:54.600","74 59:50.280","9999","","9999","","0","","N","","0 ","","","","","","","","","","2","2","0","0","0","0","0","0","0","0","1","0","1","0","0","0","0","0","0","0","0","0","0","0","0","0","0","0","0","0","0","0","0","0","0","3","0","40.0486","-74.9979","","CRASH_2001_Philadelphia"
"2002013185","06","67","67301","67301","2001","07","1","0210","02","3","1","0","1","1","","","N","00","2","00","3","0","3","4","2","N","N","39 59:22.337","75 09:20.106","0214","","0212","","0","","N","","3 ","","","","","","","","","","2","2","0","0","0","0","0","0","0","0","0","3","3","0","0","0","0","0","0","0","0","0","0","3","0","0","0","0","0","0","0","0","0","0","0","4","0","39.9895","-75.1556","","CRASH_2001_Philadelphia"
"2002025027","06","67","67301","67301","2001","09","7","2044","20","3","1","0","8","1","","","N","01","2","00","3","0","1","2","2","N","N","39 58:10.713","75 12:46.802","2052","","2044","9","1","6","N","","2 ","N","","","","","","","","","1","1","0","0","0","0","0","0","0","0","0","1","1","0","1","0","0","0","0","0","0","0","0","0","0","0","0","0","0","0","0","0","1","0","0","4","0","39.9697","-75.2129","","CRASH_2001_Philadelphia"
"2002014940","06","67","67301","67301","2001","05","3","1144","11","1","1","0","4","1","","","N","02","3","00","3","0","1","2","2","N","N","40 01:32.353","75 02:12.209","1200","","1155","","0","","N","","3 ","","","","","","","","","","1","0","0","0","1","0","0","0","1","0","0","1","1","0","0","0","0","0","0","0","0","0","0","0","0","0","0","0","0","0","0","0","0","0","0","4","0","40.0241","-75.035","","CRASH_2001_Philadelphia"
"2002028807","06","67","67301","67301","2001","04","7","0830","08","1","2","1","8","1","","","N","01","2","00","3","0","1","2","2","N","N","40 01:30.580","75 02:41.180","1158","","1154","","0","","N","","3 ","","","","","","","","","","1","0","0","0","1","0","0","0","0","0","0","1","1","0","1","0","0","0","0","0","0","0","0","0","0","0","0","0","0","0","0","0","1","0","0","4","0","40.0252","-75.0447","","CRASH_2001_Philadelphia"
"2002033729","06","67","67301","67301","2001","10","1","0219","02","3","1","0","7","3","","","N","00","0","00","3","0","1","1","1","N","N","40 00:32.770","75 04:03.210","0230","","0220","","0","","N","","0 ","","","","","","","","","","1","1","0","0","0","0","0","0","0","0","0","1","1","0","0","0","0","0","0","1","0","0","0","0","0","0","0","0","0","0","0","0","0","0","0","4","0","40.0092","-75.067","","CRASH_2001_Philadelphia"
"2002012783","06","67","67301","67301","2001","07","7","1820","18","1","1","0","7","4","","","N","00","0","08","3","0","1","1","1","N","N","40 00:12.600","75 04:39.000","1835","","1825","","0","","N","","0 ","","","","","","","","","","1","0","1","0","0","0","0","0","0","0","1","0","1","0","0","0","0","0","0","0","0","0","0","0","0","0","0","0","0","0","0","0","0","0","0","3","0","40.0023","-75.0787","","CRASH_2001_Philadelphia"
"2002018387","06","67","67301","67301","2001","08","7","1250","12","1","2","1","4","1","","","N","01","2","00","3","0","1","2","2","N","N","39 57:19.885","75 09:52.550","1300","","1255","","0","","N","","3 ","","","","","","","","","","2","2","0","0","0","0","0","0","0","0","0","1","1","0","0","0","0","0","0","0","0","0","0","0","0","0","0","0","0","0","0","0","0","0","0","4","0","39.9555","-75.1646","","CRASH_2001_Philadelphia"
"2002016720","06","67","67301","67301","2001","07","3","1100","11","1","1","0","1","1","","","N","01","2","00","3","0","2","2","2","N","N","40 03:47.213","75 01:19.082","0735","","0728","","0","","N","","2 ","","","","","","","","","","2","2","0","0","0","0","0","0","0","0","0","2","2","0","0","0","0","0","1","0","0","1","0","1","0","0","0","0","0","0","0","0","0","0","0","4","0","40.0631","-75.022","","CRASH_2001_Philadelphia"
"2002012087","06","67","67301","67301","2001","07","1","0320","03","3","1","0","6","1","","","N","01","2","00","3","0","0","4","2","N","N","39 59:37.963","75 09:16.398","0320","","0320","","0","","N","","3 ","","","","","","","","","","2","2","0","0","0","0","0","0","0","0","0","0","0","0","0","0","0","0","0","0","0","0","0","0","0","0","0","0","0","0","0","0","0","0","0","0","0","39.9941","-75.1546","","CRASH_2001_Philadelphia"
"2002019231","06","67","67301","67301","2001","07","6","2015","20","3","1","1","1","2","","","N","01","2","00","3","0","2","4","2","N","N","40 02:20.000","75 08:40.752","2030","","2024","","0","","N","","3 ","","","","","","","","","","2","1","0","1","0","0","0","0","0","0","0","2","2","0","0","0","0","0","0","0","1","0","0","0","0","0","0","0","0","0","0","0","0","0","0","4","1","40.039","-75.1446","","CRASH_2001_Philadelphia"
"2001283777","06","67","67301","67301","2001","04","4","2314","23","3","2","1","4","1","","","N","01","2","00","3","0","1","4","2","N","N","40 01:10.898","75 11:03.583","9999","","9999","","0","","N","","3 ","","","","","","","","","","2","2","0","0","0","0","0","0","0","0","0","1","1","0","0","0","0","0","0","0","1","0","0","0","0","0","0","0","0","0","0","0","0","0","0","4","0","40.0197","-75.1843","","CRASH_2001_Philadelphia"
"2002023071","06","67","67301","67301","2001","08","3","1110","11","1","1","0","4","1","","","N","01","2","00","3","0","1","3","2","N","N","40 02:19.044","75 08:33.394","1113","","1112","","0","","N","","3 ","","","","","","","","","","1","1","0","0","0","0","0","0","1","0","0","1","1","0","0","0","0","0","0","0","1","0","0","0","0","0","0","0","0","0","0","0","0","0","0","4","0","40.0386","-75.1426","","CRASH_2001_Philadelphia"
"2002018501","06","67","67301","67301","2001","07","7","0322","03","6","1","0","1","1","","","N","07","0","02","3","0","0","4","2","N","N","39 55:51.600","75 08:44.520","0340","","0325","","0","","N","","0 ","","","","","","","","","","2","2","0","0","0","0","0","0","0","0","0","0","0","0","0","0","0","0","0","0","0","0","0","0","0","0","0","0","0","0","0","0","0","0","0","0","0","39.9282","-75.1463","","CRASH_2001_Philadelphia"
"2002020154","06","67","67301","67301","2001","07","4","9999","99","1","1","0","8","9","","","N","00","2","07","3","0","1","2","2","N","N","","","9999","","1850","","0","","N","","3 ","","","","","","","","","","1","1","0","0","0","0","0","0","1","0","0","1","1","0","0","0","0","0","0","0","0","0","0","0","0","0","0","0","0","0","0","0","0","0","0","4","0","","","","CRASH_2001_Philadelphia"
"2002031099","06","67","67301","67301","2001","09","6","1827","18","1","1","0","4","1","","","N","01","2","00","3","0","1","2","6","N","N","39 56:32.318","75 14:01.785","1835","","1830","","0","","N","","3 ","","","","","","","","","","6","5","0","0","0","1","0","0","0","0","0","1","1","0","0","0","0","0","0","0","1","0","0","0","0","0","0","0","0","0","0","0","0","0","0","4","1","39.9423","-75.2339","","CRASH_2001_Philadelphia"
"2002031183","06","67","67301","67301","2001","09","4","1756","17","1","1","0","6","1","","","N","01","0","00","3","0","1","4","2","N","N","39 58:10.013","75 07:56.696","1851","","1850","","0","","N","","0 ","","","","","","","","","","2","2","0","0","0","0","0","0","0","0","0","1","1","0","0","0","0","0","0","0","0","1","0","0","0","0","0","0","0","0","0","0","0","0","0","4","0","39.9694","-75.1325","","CRASH_2001_Philadelphia"
"2002037276","06","67","67301","67301","2001","11","7","1847","18","2","1","0","0","1","","","N","00","0","03","3","0","1","1","1","N","N","","","1853","","1847","","0","","N","","0 ","","","","","","","","","","1","1","0","0","0","0","0","0","0","0","1","0","1","0","0","0","0","0","0","0","0","0","0","0","0","0","0","0","0","0","0","0","0","0","0","3","0","","","","CRASH_2001_Philadelphia"
"2002039351","06","67","67301","67301","2001","12","7","1330","13","1","2","1","1","1","","","N","01","0","00","3","0","1","4","2","N","N","40 01:10.118","75 05:45.854","1405","","1358","","0","","N","","0 ","","","","","","","","","","2","2","0","0","0","0","0","0","0","0","0","1","1","0","1","0","0","0","0","0","0","0","0","0","0","0","0","0","0","0","0","0","0","0","0","4","0","40.0199","-75.0956","","CRASH_2001_Philadelphia"
"2002040247","06","67","67301","67301","2001","12","6","1728","17","2","6","1","1","1","","","N","00","0","01","3","0","1","2","2","N","N","39 57:26.279","75 09:28.019","1730","","1728","","0","","N","","0 ","","","","","","","","","","2","1","0","0","1","0","0","0","0","1","0","0","1","0","1","0","0","0","0","0","1","0","0","1","0","1","0","0","0","0","0","0","0","0","0","2","0","39.9574","-75.1587","","CRASH_2001_Philadelphia"
"2002018885","06","67","67301","67301","2001","08","5","1650","16","1","1","0","1","1","","","N","01","2","00","3","0","1","4","3","N","N","","","1659","","1657","","0","","N","","9 ","","","","","","","","","","3","2","0","0","1","0","0","0","0","0","0","1","1","0","0","0","0","0","0","0","1","0","0","0","0","0","0","0","0","0","0","0","0","0","0","4","0","","","","CRASH_2001_Philadelphia"