"CRN","DISTRICT","COUNTY","MUNICIPALITY","POLICE_AGCY","CRASH_YEAR","CRASH_MONTH","DAY_OF_WEEK","TIME_OF_DAY","HOUR_OF_DAY","ILLUMINATION","WEATHER","ROAD_CONDITION","COLLISION_TYPE","RELATION_TO_ROAD","WORK_ZONE_TYPE","WORK_ZONE_LOC","WORK_ZONE_IND","INTERSECT_TYPE","TCD_TYPE","LOCATION_TYPE","URBAN_RURAL","FATAL_COUNT","INJURY_COUNT","PERSON_COUNT","TOTAL_UNITS","SCH_BUS_IND","SCH_ZONE_IND","LATITUDE","LONGITUDE","ARRIVAL_TM","CONS_ZONE_SPD_LIM","DISPATCH_TM","EST_HRS_CLOSED","LANE_CLOSED","LN_CLOSE_DIR","NTFY_HIWY_MAINT","SPEC_JURIS_CD","TCD_FUNC_CD","TFC_DETOUR_IND","WORKERS_PRES","WZ_CLOSE_DETOUR","WZ_FLAGGER","WZ_LAW_OFFCR_IND","WZ_LN_CLOSURE","WZ_MOVING","WZ_OTHER","WZ_SHLDER_MDN","VEHICLE_COUNT","AUTOMOBILE_COUNT","MOTORCYCLE_COUNT","BUS_COUNT","SMALL_TRUCK_COUNT","HEAVY_TRUCK_COUNT","SUV_COUNT","VAN_COUNT","BICYCLE_COUNT","MAJ_INJ_COUNT","MOD_INJ_COUNT","MIN_INJ_COUNT","TOT_INJ_COUNT","UNK_INJ_DEG_COUNT","UNK_INJ_PER_COUNT","DRIVER_COUNT_16YR","DRIVER_COUNT_17YR","DRIVER_COUNT_18YR","DRIVER_COUNT_19YR","DRIVER_COUNT_20YR","DRIVER_COUNT_50_64YR","DRIVER_COUNT_65_74YR","DRIVER_COUNT_75PLUS","UNBELTED_OCC_COUNT","UNB_DEATH_COUNT","UNB_MAJ_INJ_COUNT","BELTED_DEATH_COUNT","BELTED_MAJ_INJ_COUNT","MCYCLE_DEATH_COUNT","MCYCLE_MAJ_INJ_COUNT","BICYCLE_DEATH_COUNT","BICYCLE_MAJ_INJ_COUNT","PED_COUNT","PED_DEATH_COUNT","PED_MAJ_INJ_COUNT","MAX_SEVERITY_LEVEL","COMM_VEH_COUNT","DEC_LAT","DEC_LONG","RDWY_SURF_TYPE_CD","COUNTY_YEAR"
"2002023756","06","67","67301","67301","2001","08","3","0953","09","1","1","0","1","1","1","3","Y","00","4","00","3","0","2","3","2","N","N","39 58:36.703","75 06:48.777","1000","55","0954","9","1","1","Y","","3 ","Y","N","","","U","","","","Y","2","1","0","0","0","1","0","0","0","1","0","1","2","0","0","0","0","0","0","0","0","0","1","2","0","1","0","0","0","0","0","0","0","0","0","2","1","39.977","-75.1131","","CRASH_2001_Philadelphia"
"2002030421","06","67","67301","67301","2001","07","6","0500","05","6","1","0","6","1","","","N","01","2","00","3","0","1","2","2","N","N","40 01:38.834","75 07:14.909","1255","","1253","","0","","N","","3 ","","","","","","","","","","1","1","0","0","0","0","0","0","0","0","0","1","1","0","0","0","0","0","0","0","0","0","0","0","0","0","0","0","0","0","0","0","0","0","0","4","0","40.0274","-75.1208","","CRASH_2001_Philadelphia"
"2002033780","06","67","67301","67301","2001","10","5","0120","01","3","1","0","7","5","","","N","05","2","00","3","0","2","2","1","N","N","40 00:52.000","75 07:52.000","0132","","0128","","9","","N","","3 ","U","","","","","","","","","1","1","0","0","0","0","0","0","0","0","1","1","2","0","0","0","0","0","0","0","0","0","0","2","0","0","0","0","0","0","0","0","0","0","0","3","0","40.0144","-75.1311","","CRASH_2001_Philadelphia"
"2002035762","06","67","67301","67301","2001","11","7","1145","11","1","1","1","4","1","","","N","01","0","00","3","0","1","3","2","N","N","40 03:07.895","75 00:29.116","1200","","1148","","0","","N","","0 ","","","","","","","","","","2","2","0","0","0","0","0","0","0","0","0","1","1","0","0","0","0","0","0","0","1","0","0","0","0","0","0","0","0","0","0","0","0","0","0","4","0","40.0523","-75.008","","CRASH_2001_Philadelphia"
"2002045935","06","67","67301","67301","2001","12","2","2149","21","3","1","0","4","1","","","N","01","2","00","3","0","5","5","2","N","N","40 02:40.075","75 11:35.275","2154","","2149","","0","","Y","","3 ","","","","","","","","","","2","2","0","0","0","0","0","0","0","0","0","5","5","0","0","0","0","0","0","0","1","0","0","0","0","0","0","0","0","0","0","0","0","0","0","4","0","40.0446","-75.1931","","CRASH_2001_Philadelphia"
"2001243319","06","67","67301","67301","2001","04","3","1530","15","1","1","0","1","1","","","N","01","2","00","3","0","1","2","2","N","N","40 01:27.480","75 08:00.600","9999","","9999","","0","","N","","3 ","","","","","","","","","","2","2","0","0","0","0","0","0","0","0","0","1","1","0","0","0","0","0","0","0","0","0","0","0","0","0","0","0","0","0","0","0","0","0","0","4","0","40.0242","-75.133","","CRASH_2001_Philadelphia"
"2002033706","06","67","67301","67301","2001","09","6","0730","07","1","1","0","1","1","","","N","01","2","00","3","0","3","4","2","N","N","39 55:22.319","75 09:29.337","1005","","1005","","0","","N","","3 ","","","","","","","","","","2","2","0","0","0","0","0","0","0","0","1","2","3","0","0","0","0","0","0","0","0","0","0","0","0","0","0","0","0","0","0","0","0","0","0","3","0","39.9229","-75.1581","","CRASH_2001_Philadelphia"
"2002045696","06","67","67301","67301","2001","10","7","2100","21","3","1","0","4","1","","","N","01","2","00","3","0","1","2","2","N","N","39 57:24.591","75 12:40.741","2132","","2130","","0","","N","","3 ","","","","","","","","","","2","2","0","0","0","0","0","0","0","0","0","1","1","0","0","0","0","0","0","0","0","0","0","0","0","0","0","0","0","0","0","0","0","0","0","4","0","39.9552","-75.2116","","CRASH_2001_Philadelphia"
"2001243114","06","67","67301","67301","2001","05","5","2317","23","3","1","0","9","1","","","N","00","0","00","3","0","1","1","2","N","N","","","9999","","9999","","0","","N","","0 ","","","","","","","","","","2","0","0","0","1","0","0","0","0","0","0","0","0","0","1","0","0","0","0","0","0","0","0","0","0","0","0","0","0","0","0","0","0","0","0","9","0","","","","CRASH_2001_Philadelphia"
"2001244879","06","67","67301","67301","2001","05","3","1050","10","1","1","0","8","1","","","N","01","2","00","3","0","1","2","2","N","N","40 00:29.520","75 12:41.040","9999","","9999","","0","","N","","3 ","","","","","","","","","","1","0","0","0","0","0","0","1","0","0","0","0","0","0","1","0","0","0","0","0","0","1","0","0","0","0","0","0","0","0","0","0","1","0","0","9","0","40.0082","-75.2114","","CRASH_2001_Philadelphia"
"2001245278","06","67","67301","67301","2001","05","2","1459","14","1","1","0","4","1","","","N","01","2","00","3","0","1","3","2","N","N","","","9999","","9999","","0","","N","","3 ","","","","","","","","","","2","2","0","0","0","0","0","0","0","0","1","0","1","0","0","0","1","0","0","0","0","0","0","0","0","0","0","0","0","0","0","0","0","0","0","3","0","","","","CRASH_2001_Philadelphia"
"2002026338","06","67","67301","67301","2001","09","7","0748","07","1","1","0","1","1","","","N","01","2","00","3","0","3","7","4","N","N","39 57:19.003","75 09:46.005","0959","","0954","","0","","N","","3 ","","","","","","","","","","4","4","0","0","0","0","0","0","0","2","1","0","3","0","0","0","0","0","0","0","2","1","0","0","0","0","0","2","0","0","0","0","0","0","0","2","0","39.9553","-75.1629","","CRASH_2001_Philadelphia"
"2001243495","06","67","67301","67301","2001","04","7","2330","23","3","2","1","9","1","","","N","00","0","00","3","0","0","1","3","N","N","39 59:36.240","75 06:34.560","9999","","9999","","0","","N","","0 ","","","","","","","","","","3","1","0","0","0","0","0","0","0","0","0","0","0","0","0","0","0","0","0","0","0","0","0","0","0","0","0","0","0","0","0","0","0","0","0","0","0","39.9933","-75.1095","","CRASH_2001_Philadelphia"
"2001243572","06","67","67301","67301","2001","05","5","0915","09","1","1","0","1","1","","","N","00","0","00","3","0","1","2","2","N","N","","","9999","","9999","","0","","N","","0 ","","","","","","","","","","1","0","0","0","0","0","0","0","1","0","0","1","1","0","0","0","0","0","0","0","0","0","0","0","0","0","0","0","0","0","0","0","0","0","0","4","0","","","","CRASH_2001_Philadelphia"
"2001244727","06","67","67301","67301","2001","05","5","1611","16","1","1","0","1","1","","","N","00","0","00","3","0","1","4","4","N","N","39 57:27.360","75 13:02.280","9999","","9999","","0","","N","","0 ","","","","","","","","","","4","2","0","0","0","0","0","0","0","0","0","1","1","0","0","0","0","0","0","0","0","0","0","0","0","0","0","0","0","0","0","0","0","0","0","4","0","39.9575","-75.2173","","CRASH_2001_Philadelphia"
"2001244825","06","67","67301","67301","2001","05","7","1151","11","1","2","0","8","1","","","N","00","0","00","3","0","1","5","3","N","N","39 57:40.680","75 13:28.560","9999","","9999","","0","","N","","0 ","","","","","","","","","","2","0","0","1","0","0","1","0","0","0","1","0","1","0","0","0","0","0","0","0","0","0","0","0","0","0","0","0","0","0","0","0","1","0","0","3","1","39.9612","-75.2246","","CRASH_2001_Philadelphia"
"2002012192","06","67","67301","67301","2001","07","5","2022","20","1","1","0","0","1","","","N","00","0","00","3","0","1","1","1","N","N","40 07:51.656","75 00:44.644","2042","","2022","","0","","Y","","0 ","","","","","","","","","","1","0","1","0","0","0","0","0","0","0","1","0","1","0","0","0","0","0","0","0","0","0","0","0","0","0","0","0","0","0","0","0","0","0","0","3","0","40.1316","-75.0118","","CRASH_2001_Philadelphia"
"2001243437","06","67","67301","67301","2001","05","4","1610","16","1","1","0","4","1","","","N","02","2","00","3","0","1","3","2","N","N","40 06:01.440","75 01:46.200","9999","","9999","","0","","N","","3 ","","","","","","","","","","2","2","0","0","0","0","0","0","0","0","0","1","1","0","0","0","0","0","0","0","1","0","1","0","0","0","0","0","0","0","0","0","0","0","0","4","0","40.1004","-75.0297","","CRASH_2001_Philadelphia"
"2002036834","06","67","67301","67301","2001","11","7","2330","23","3","1","0","4","1","","","N","01","2","00","3","0","5","5","2","N","N","39 57:09.798","75 10:00.884","2345","","2334","1","1","1","N","","3 ","N","","","","","","","","","2","2","0","0","0","0","0","0","0","1","0","4","5","0","0","0","0","0","0","0","0","0","0","0","0","0","0","1","0","0","0","0","0","0","0","2","0","39.9528","-75.1669","","CRASH_2001_Philadelphia"
"2002044280","06","67","67301","67301","2001","09","2","0315","03","3","1","0","7","2","","","N","00","0","00","3","0","0","3","2","N","N","39 57:00.461","75 10:15.083","0402","","0358","","0","","N","","0 ","","","","","","","","","","2","2","0","0","0","0","0","0","0","0","0","0","0","0","0","0","0","0","0","0","0","0","0","0","0","0","0","0","0","0","0","0","0","0","0","0","0","39.9516","-75.17","","CRASH_2001_Philadelphia"
"2002037091","06","67","67301","67301","2001","11","1","2242","22","3","1","1","4","1","","","N","01","2","00","3","0","1","3","4","N","N","39 56:12.000","75 13:46.000","2259","","2253","","9","","N","","3 ","U","","","","","","","","","4","4","0","0","0","0","0","0","0","0","0","1","1","0","0","0","0","0","0","0","0","0","0","0","0","0","0","0","0","0","0","0","0","0","0","4","0","39.9367","-75.2294","","CRASH_2001_Philadelphia"
"2002040128","06","67","67301","67301","2001","12","6","2359","23","3","1","0","4","1","","","N","01","2","00","3","0","0","4","2","N","N","40 01:43.275","75 12:19.998","0009","","2359","","0","","N","","3 ","","","","","","","","","","2","2","0","0","0","0","0","0","0","0","0","0","0","0","1","0","0","0","0","0","0","0","0","0","0","0","0","0","0","0","0","0","0","0","0","9","0","40.0287","-75.2055","","CRASH_2001_Philadelphia"
"2002046775","06","67","67301","67301","2001","10","4","9999","99","6","1","0","4","1","","","N","00","0","07","3","0","1","2","2","N","N","39 55:01.061","75 12:56.974","2245","","2240","","0","","N","","0 ","","","","","","","","","","2","2","0","0","0","0","0","0","0","0","0","1","1","0","0","0","0","0","0","0","0","0","0","0","0","0","0","0","0","0","0","0","0","0","0","4","0","39.9165","-75.2184","","CRASH_2001_Philadelphia"
"2002016677","06","67","67301","67301","2001","07","2","0735","07","1","1","0","4","1","","","N","01","2","00","3","0","2","2","2","N","N","40 02:39.059","75 09:45.873","0749","","0746","","0","","N","","3 ","","","","","","","","","","2","2","0","0","0","0","0","0","0","0","1","1","2","0","0","0","0","0","0","0","0","1","0","0","0","0","0","0","0","0","0","0","0","0","0","3","0","40.0442","-75.1627","","CRASH_2001_Philadelphia"
"2002023639","06","67","67301","67301","2001","09","7","1800","18","1","1","0","4","1","","","N","01","2","00","3","0","5","5","2","N","N","39 56:23.089","75 11:53.331","1809","","1800","","0","","N","","3 ","","","","","","","","","","2","2","0","0","0","0","0","0","0","0","0","5","5","0","0","0","0","0","0","0","0","0","0","0","0","0","0","0","0","0","0","0","0","0","0","4","0","39.939","-75.1983","","CRASH_2001_Philadelphia"
"2002027903","06","67","67301","67301","2001","09","5","2215","22","3","1","0","4","1","","","N","01","2","00","3","0","1","2","2","N","N","39 57:02.534","75 09:01.584","2225","","2220","","0","","N","","3 ","","","","","","","","","","2","2","0","0","0","0","0","0","0","0","0","1","1","0","0","0","0","0","0","0","0","0","0","0","0","0","0","0","0","0","0","0","0","0","0","4","0","39.9507","-75.1504","","CRASH_2001_Philadelphia"
"2002031485","06","67","67301","67301","2001","09","4","1117","11","1","1","0","2","1","","","N","02","3","00","3","0","1","2","2","N","N","39 58:45.267","75 13:01.925","1125","","1118","","0","","N","","3 ","","","","","","","","","","2","1","0","0","1","0","0","0","0","0","0","1","1","0","0","0","0","0","0","0","0","0","0","0","0","0","0","0","0","0","0","0","0","0","0","4","0","39.9792","-75.2172","","CRASH_2001_Philadelphia"
"2002033550","06","67","67301","67301","2001","10","2","2230","22","3","1","0","4","1","","","N","01","2","00","3","0","1","4","2","N","N","39 56:23.089","75 11:53.331","2233","","2233","","0","","N","","3 ","","","","","","","","","","2","2","0","0","0","0","0","0","0","0","1","0","1","0","0","0","0","0","0","1","0","0","0","0","0","0","0","0","0","0","0","0","0","0","0","3","0","39.939","-75.1983","","CRASH_2001_Philadelphia"
"2002020139","06","67","67301","67301","2001","08","7","2029","20","3","1","0","8","1","","","N","01","2","00","3","0","1","2","2","N","N","40 04:49.275","74 58:37.990","2033","","2030","","0","","N","","3 ","","","","","","","","","","1","1","0","0","0","0","0","0","0","1","0","0","1","0","0","0","0","0","0","0","0","0","0","0","0","0","0","0","0","0","0","0","1","0","1","2","0","40.0804","-74.9772","","CRASH_2001_Philadelphia"
"2002022067","06","67","67301","67301","2001","07","1","0120","01","3","1","0","7","5","","","N","00","4","00","3","0","1","1","1","N","N","39 57:53.000","75 10:56.000","0310","","0140","3","2","4","N","","3 ","Y","","","","","","","","","1","0","1","0","0","0","0","0","0","1","0","0","1","0","0","0","0","0","0","0","0","0","0","0","0","0","0","0","0","1","0","0","0","0","0","2","0","39.9647","-75.1822","","CRASH_2001_Philadelphia"
"2002023075","06","67","67301","67301","2001","08","4","1829","18","2","5","0","9","1","","","N","00","0","03","3","0","1","2","2","N","N","39 55:10.373","75 12:10.960","1836","","1829","","0","","N","","0 ","","","","","","","","","","2","1","0","0","0","1","0","0","0","0","0","1","1","0","0","0","0","0","0","0","0","0","0","0","0","0","0","0","0","0","0","0","0","0","0","4","1","39.9196","-75.2029","","CRASH_2001_Philadelphia"
"2002023931","06","67","67301","67301","2001","07","6","2330","23","3","1","0","4","1","","","N","01","0","00","3","0","2","7","2","N","N","40 01:45.167","75 05:13.674","2332","","2331","","0","","N","","0 ","","","","","","","","","","2","2","0","0","0","0","0","0","0","0","2","0","2","0","0","0","0","0","0","0","1","0","0","3","0","0","0","0","0","0","0","0","0","0","0","3","0","40.0296","-75.0868","","CRASH_2001_Philadelphia"
"2001288087","06","67","67301","","2001","04","5","1930","19","1","1","0","1","1","","","N","02","2","00","3","0","1","2","2","N","N","40 05:35.880","75 01:52.320","9999","","9999","","0","","N","","3 ","","","","","","","","","","2","2","0","0","0","0","0","0","0","0","0","1","1","0","0","0","0","0","0","0","0","1","0","0","0","0","0","0","0","0","0","0","0","0","0","4","0","40.0934","-75.0313","","CRASH_2001_Philadelphia"
"2002018183","06","67","67301","67301","2001","08","2","0210","02","6","1","0","7","3","","","N","01","2","00","3","0","2","2","1","N","N","40 02:06.000","75 04:10.200","0210","","0210","2","1","2","N","","2 ","Y","","","","","","","","","1","1","0","0","0","0","0","0","0","0","1","1","2","0","0","0","0","0","1","0","0","0","0","2","0","0","0","0","0","0","0","0","0","0","0","3","0","40.0354","-75.0696","","CRASH_2001_Philadelphia"
"2002027918","06","67","67301","67301","2001","09","3","1543","15","1","1","0","5","1","","","N","10","0","00","3","0","1","3","3","N","N","39 57:34.200","75 10:28.560","1550","","1545","1","2","4","N","","0 ","N","","","","","","","","","3","1","0","0","1","1","0","0","0","0","0","1","1","0","0","0","0","0","0","0","1","1","0","0","0","0","0","0","0","0","0","0","0","0","0","4","1","39.9595","-75.1746","","CRASH_2001_Philadelphia"
"2002035113","06","67","67301","67301","2001","11","6","0518","05","3","1","0","2","1","","","N","00","0","07","3","0","1","2","2","N","N","40 03:45.798","75 00:33.535","0525","","0521","","0","","N","","0 ","","","","","","","","","","2","2","0","0","0","0","0","0","0","0","1","0","1","0","0","0","0","0","0","0","1","0","0","0","0","0","0","0","0","0","0","0","0","0","0","3","0","40.0626","-75.0094","","CRASH_2001_Philadelphia"
"2002039549","06","67","67301","67301","2001","11","4","2202","22","3","1","0","1","7","","","N","06","9","02","3","0","2","2","2","N","N","39 56:42.720","75 11:24.720","2220","","2202","1","1","4","N","","9 ","Y","","","","","","","","","2","2","0","0","0","0","0","0","0","0","0","2","2","0","0","0","0","0","0","0","0","0","0","2","0","0","0","0","0","0","0","0","0","0","0","4","0","39.9452","-75.1902","","CRASH_2001_Philadelphia"
"2002043143","06","67","67301","67301","2001","12","3","0935","09","1","2","1","1","1","","","N","00","0","00","3","0","0","1","2","N","N","40 02:00.063","75 10:16.014","0945","","0940","","0","","N","","0 ","","","","","","","","","","2","0","0","0","0","2","0","0","0","0","0","0","0","0","0","0","0","0","0","0","0","0","0","0","0","0","0","0","0","0","0","0","0","0","0","0","1","40.0334","-75.1711","","CRASH_2001_Philadelphia"
"2002026371","06","67","67301","67301","2001","09","4","0856","08","1","1","0","1","1","","","N","00","0","00","3","0","0","2","2","N","N","39 56:56.268","75 11:05.432","0905","","0857","","0","","N","","0 ","","","","","","","","","","2","0","0","0","1","1","0","0","0","0","0","0","0","0","0","0","0","0","0","0","0","0","0","0","0","0","0","0","0","0","0","0","0","0","0","0","1","39.949","-75.1848","","CRASH_2001_Philadelphia"
"2002038617","06","67","67301","67301","2001","11","3","1600","16","1","1","0","7","5","","","N","01","2","00","3","0","0","1","2","N","N","39 59:49.621","75 05:22.757","9999","","1617","","0","","N","","3 ","","","","","","","","","","1","1","0","0","0","0","0","0","0","0","0","0","0","0","0","0","0","0","0","0","0","0","0","0","0","0","0","0","0","0","0","0","0","0","0","0","0","39.9973","-75.0895","","CRASH_2001_Philadelphia"
"2002045871","06","67","67301","67301","2001","10","1","1953","19","3","1","4","7","4","","","N","03","0","00","3","0","0","2","1","N","N","40 04:42.600","74 57:53.640","2007","","2000","","0","","N","","0 ","","","","","","","","","","1","1","0","0","0","0","0","0","0","0","0","0","0","0","0","0","0","0","0","0","0","0","0","0","0","0","0","0","0","0","0","0","0","0","0","0","0","40.0786","-74.965","","CRASH_2001_Philadelphia"
"2002044004","06","67","67301","67301","2001","12","5","1555","15","1","1","0","1","1","","","N","01","2","00","3","0","2","3","3","N","N","40 03:10.234","75 09:10.441","1600","","1555","","0","","N","","3 ","","","","","","","","","","3","3","0","0","0","0","0","0","0","0","0","2","2","0","0","0","0","0","0","0","0","0","0","0","0","0","0","0","0","0","0","0","0","0","0","4","0","40.0528","-75.1528","","CRASH_2001_Philadelphia"
"2002016827","06","67","67301","67301","2001","07","4","1400","14","1","1","0","4","1","","","N","02","2","00","3","0","1","5","2","N","N","40 02:39.480","75 04:21.360","1410","","1404","","0","","N","","3 ","","","","","","","","","","2","2","0","0","0","0","0","0","0","0","0","1","1","0","0","0","0","0","0","0","1","0","0","0","0","0","0","0","0","0","0","0","0","0","0","4","0","40.0444","-75.0726","","CRASH_2001_Philadelphia"
"2002020470","06","67","67301","67301","2001","07","2","0620","06","3","1","0","9","9","","","N","01","2","00","3","0","0","2","2","N","N","","","0635","","0628","","0","","N","","3 ","","","","","","","","","","2","2","0","0","0","0","0","0","0","0","0","0","0","0","0","0","0","0","0","0","0","0","0","0","0","0","0","0","0","0","0","0","0","0","0","0","0","","","","CRASH_2001_Philadelphia"
"2002027883","06","67","67301","67301","2001","09","7","1759","17","1","1","0","8","1","","","N","01","2","00","3","0","1","2","2","N","N","39 58:22.849","75 13:34.215","1800","","1800","","0","","N","","3 ","","","","","","","","","","1","1","0","0","0","0","0","0","0","0","0","1","1","0","0","0","0","0","0","0","0","0","0","0","0","0","0","0","0","0","0","0","1","0","0","4","0","39.973","-75.2261","","CRASH_2001_Philadelphia"
"2002035683","06","67","67301","67301","2001","11","4","0410","04","3","1","0","6","1","","","N","01","2","00","3","0","3","3","2","N","N","39 59:38.011","75 09:16.777","0412","","0410","","0","","N","","3 ","","","","","","","","","","2","2","0","0","0","0","0","0","0","0","0","3","3","0","0","0","0","0","0","0","0","0","0","0","0","0","0","0","0","0","0","0","0","0","0","4","0","39.9939","-75.1545","","CRASH_2001_Philadelphia"
"2002041674","06","67","67301","67301","2001","11","2","0057","00","3","1","0","4","1","","","N","01","2","00","3","0","0","2","2","N","N","","","0109","","0057","2","2","5","N","","3 ","N","","","","","","","","","2","2","0","0","0","0","0","0","0","0","0","0","0","0","0","0","0","0","0","0","0","0","0","1","0","0","0","0","0","0","0","0","0","0","0","0","0","","","","CRASH_2001_Philadelphia"
"2002023623","06","67","67301","67301","2001","08","2","1526","15","1","1","0","4","1","","","N","01","2","00","3","0","1","3","2","N","N","39 57:13.318","75 11:55.172","1528","","1527","","0","","N","","3 ","","","","","","","","","","2","1","0","0","1","0","0","0","0","0","1","0","1","0","0","0","0","0","0","0","0","0","0","0","0","0","0","0","0","0","0","0","0","0","0","3","0","39.9546","-75.1984","","CRASH_2001_Philadelphia"
"2002037134","06","67","67301","67301","2001","11","7","0627","06","5","2","1","7","4","","","N","00","0","00","3","0","1","1","1","N","N","39 53:31.228","75 13:28.626","0638","","0627","1","2","4","N","","0 ","Y","","","","","","","","","1","1","0","0","0","0","0","0","0","0","1","0","1","0","0","0","0","0","0","0","0","0","0","1","0","0","0","0","0","0","0","0","0","0","0","3","0","39.8921","-75.2244","","CRASH_2001_Philadelphia"
"2002040609","06","67","67301","67301","2001","12","1","1600","16","1","1","0","8","1","","","N","01","2","00","3","0","1","2","2","N","N","39 56:37.908","75 14:16.292","1610","","1600","","0","","N","","3 ","","","","","","","","","","1","1","0","0","0","0","0","0","0","0","0","1","1","0","0","0","0","0","0","0","0","0","1","1","0","0","0","0","0","0","0","0","1","0","0","4","0","39.9438","-75.2378","","CRASH_2001_Philadelphia"
"2002041344","06","67","67301","67301","2001","12","1","1923","19","3","1","0","4","1","","","N","02","2","00","3","0","1","2","2","N","N","39 57:20.868","75 10:59.080","1925","","1923","","0","","N","","3 ","","","","","","","","","","1","1","0","0","0","0","0","0","1","0","0","1","1","0","0","0","0","0","0","0","0","0","0","0","0","0","0","0","0","0","0","0","0","0","0","4","0","39.9557","-75.1831","","CRASH_2001_Philadelphia"
"2002046714","06","67","67301","67301","2001","10","6","2225","22","3","1","0","1","7","","","N","03","4","00","3","0","1","6","2","N","N","40 01:06.930","75 10:02.902","2251","","2230","2","1","2","N","","3 ","N","","","","","","","","","2","2","0","0","0","0","0","0","0","0","0","1","1","0","0","0","0","0","0","0","1","0","0","0","0","0","0","0","0","0","0","0","0","0","0","4","0","40.0185","-75.1671","","CRASH_2001_Philadelphia"
"2002004030","06","67","67301","67301","2001","06","2","1606","16","1","1","1","1","1","","","N","00","0","01","3","0","1","3","3","N","N","40 03:40.010","75 02:37.159","1626","","1626","1","1","2","N","","0 ","N","","","","","","","","","3","3","0","0","0","0","0","0","0","0","0","1","1","0","1","0","0","0","0","0","0","1","0","0","0","0","0","0","0","0","0","0","0","0","0","4","0","40.0612","-75.0435","","CRASH_2001_Philadelphia"
"2002025178","06","67","67301","67301","2001","08","2","0930","09","1","1","0","4","1","","","N","01","2","00","3","0","0","3","2","N","N","40 00:44.053","75 09:02.296","0945","","0940","","0","","N","","3 ","","","","","","","","","","2","2","0","0","0","0","0","0","0","0","0","0","0","0","0","0","0","0","0","0","0","1","0","0","0","0","0","0","0","0","0","0","0","0","0","0","0","40.0122","-75.1505","","CRASH_2001_Philadelphia"
"2002032100","06","67","67301","67301","2001","10","7","1253","12","1","1","0","4","1","","","N","01","2","00","3","0","3","3","2","N","N","40 04:46.402","75 02:31.560","1301","","1257","","0","","N","","3 ","","","","","","","","","","2","2","0","0","0","0","0","0","0","1","1","1","3","0","0","0","0","0","0","0","0","1","0","0","0","0","0","0","0","0","0","0","0","0","0","2","0","40.0795","-75.0422","","CRASH_2001_Philadelphia"
"2002034699","06","67","67301","67301","2001","11","6","1945","19","3","1","0","3","1","","","N","00","0","00","3","0","5","12","4","N","N","40 00:18.021","75 11:46.783","1954","","1947","","0","","N","","0 ","","","","","","","","","","4","4","0","0","0","0","0","0","0","0","0","5","5","0","0","0","0","0","0","0","1","0","0","2","0","0","0","0","0","0","0","0","0","0","0","4","0","40.0051","-75.1963","","CRASH_2001_Philadelphia"
"2002037173","06","67","67301","67301","2001","11","2","1502","15","1","1","0","8","1","","","N","00","0","00","3","0","1","2","2","N","N","40 02:20.709","75 08:40.752","1508","","1504","","0","","N","","0 ","","","","","","","","","","1","1","0","0","0","0","0","0","0","0","0","1","1","0","0","0","0","0","1","0","0","0","0","0","0","0","0","0","0","0","0","0","1","0","0","4","0","39.9909","-75.1551","","CRASH_2001_Philadelphia"
"2002039417","06","67","67301","67301","2001","11","1","9999","99","3","1","0","4","1","","","N","01","2","00","3","0","0","2","2","N","N","40 03:22.957","75 01:09.784","1031","","1028","","0","","N","","3 ","","","","","","","","","","2","2","0","0","0","0","0","0","0","0","0","0","0","0","0","0","0","0","0","0","0","0","0","0","0","0","0","0","0","0","0","0","0","0","0","0","0","40.0564","-75.0191","","CRASH_2001_Philadelphia"
"2002046249","06","67","67301","67301","2001","10","1","0430","04","3","1","0","7","5","","","N","01","2","00","3","0","0","1","2","N","N","40 01:07.282","75 06:54.547","0440","","0436","","0","","N","","3 ","","","","","","","","","","2","2","0","0","0","0","0","0","0","0","0","0","0","0","1","0","0","0","0","0","0","0","0","0","0","0","0","0","0","0","0","0","0","0","0","9","0","40.0188","-75.1152","","CRASH_2001_Philadelphia"
"2002046273","06","67","67301","67301","2001","10","6","1435","14","1","1","0","5","2","","","N","00","0","00","3","0","0","2","2","N","N","40 02:48.031","75 08:11.876","1445","","1440","","0","","N","","0 ","","","","","","","","","","2","2","0","0","0","0","0","0","0","0","0","0","0","0","0","0","0","0","0","0","0","0","0","0","0","0","0","0","0","0","0","0","0","0","0","0","0","40.0466","-75.1366","","CRASH_2001_Philadelphia"
"2002030787","06","67","67301","67301","2001","09","2","1422","14","1","1","0","8","1","","","N","00","0","00","3","0","1","2","2","N","N","39 56:31.000","75 09:40.000","1610","","1609","","0","","N","","0 ","","","","","","","","","","1","1","0","0","0","0","0","0","0","0","0","1","1","0","0","0","0","0","0","0","0","0","0","0","0","0","0","0","0","0","0","0","1","0","0","4","0","39.9419","-75.1611","","CRASH_2001_Philadelphia"
"2002032854","06","67","67301","67301","2001","10","5","2129","21","2","1","0","4","1","","","N","02","2","00","3","0","0","3","2","N","N","40 03:35.370","75 10:24.378","2141","","2136","","0","","N","","3 ","","","","","","","","","","2","2","0","0","0","0","0","0","0","0","0","0","0","0","0","0","0","0","0","0","1","0","0","1","0","0","0","0","0","0","0","0","0","0","0","0","0","40.0598","-75.1734","","CRASH_2001_Philadelphia"