"CRN","DISTRICT","COUNTY","MUNICIPALITY","POLICE_AGCY","CRASH_YEAR","CRASH_MONTH","DAY_OF_WEEK","TIME_OF_DAY","HOUR_OF_DAY","ILLUMINATION","WEATHER","ROAD_CONDITION","COLLISION_TYPE","RELATION_TO_ROAD","WORK_ZONE_TYPE","WORK_ZONE_LOC","WORK_ZONE_IND","INTERSECT_TYPE","TCD_TYPE","LOCATION_TYPE","URBAN_RURAL","FATAL_COUNT","INJURY_COUNT","PERSON_COUNT","TOTAL_UNITS","SCH_BUS_IND","SCH_ZONE_IND","LATITUDE","LONGITUDE","ARRIVAL_TM","CONS_ZONE_SPD_LIM","DISPATCH_TM","EST_HRS_CLOSED","LANE_CLOSED","LN_CLOSE_DIR","NTFY_HIWY_MAINT","SPEC_JURIS_CD","TCD_FUNC_CD","TFC_DETOUR_IND","WORKERS_PRES","WZ_CLOSE_DETOUR","WZ_FLAGGER","WZ_LAW_OFFCR_IND","WZ_LN_CLOSURE","WZ_MOVING","WZ_OTHER","WZ_SHLDER_MDN","VEHICLE_COUNT","AUTOMOBILE_COUNT","MOTORCYCLE_COUNT","BUS_COUNT","SMALL_TRUCK_COUNT","HEAVY_TRUCK_COUNT","SUV_COUNT","VAN_COUNT","BICYCLE_COUNT","MAJ_INJ_COUNT","MOD_INJ_COUNT","MIN_INJ_COUNT","TOT_INJ_COUNT","UNK_INJ_DEG_COUNT","UNK_INJ_PER_COUNT","DRIVER_COUNT_16YR","DRIVER_COUNT_17YR","DRIVER_COUNT_18YR","DRIVER_COUNT_19YR","DRIVER_COUNT_20YR","DRIVER_COUNT_50_64YR","DRIVER_COUNT_65_74YR","DRIVER_COUNT_75PLUS","UNBELTED_OCC_COUNT","UNB_DEATH_COUNT","UNB_MAJ_INJ_COUNT","BELTED_DEATH_COUNT","BELTED_MAJ_INJ_COUNT","MCYCLE_DEATH_COUNT","MCYCLE_MAJ_INJ_COUNT","BICYCLE_DEATH_COUNT","BICYCLE_MAJ_INJ_COUNT","PED_COUNT","PED_DEATH_COUNT","PED_MAJ_INJ_COUNT","MAX_SEVERITY_LEVEL","COMM_VEH_COUNT","DEC_LAT","DEC_LONG","RDWY_SURF_TYPE_CD","COUNTY_YEAR"
"2002020138","06","67","67301","67301","2001","08","6","1230","12","1","1","0","1","1","","","N","02","2","07","3","0","2","3","2","N","N","40 05:43.844","74 57:35.199","1240","","1235","","0","","N","","3 ","","","","","","","","","","2","2","0","0","0","0","0","0","0","0","0","2","2","0","0","0","0","0","0","0","2","0","0","0","0","0","0","0","0","0","0","0","0","0","0","4","0","40.0955","-74.9598","","CRASH_2001_Philadelphia"
"2002039469","06","67","67301","67301","2001","11","4","0835","08","1","1","0","4","1","","","N","02","2","00","3","0","2","3","3","N","N","","","0836","","0837","","0","","N","","3 ","","","","","","","","","","3","3","0","0","0","0","0","0","0","0","0","2","2","0","0","0","0","0","0","0","0","1","0","0","0","0","0","0","0","0","0","0","0","0","0","4","0","","","","CRASH_2001_Philadelphia"
"2006069483","06","67","67301","","2001","01","5","1710","17","6","1","0","1","1","","","N","00","0","00","3","0","1","4","3","","","","","","","","","0","","","","0 ","","","","","","","","","","3","1","0","0","1","0","0","0","0","0","1","0","1","0","3","0","0","0","0","0","1","0","0","0","0","0","0","0","0","0","0","0","0","0","0","3","0","","","","CRASH_2001_Philadelphia"
"2002012122","06","67","67301","67301","2001","07","5","1910","19","1","1","0","8","1","","","N","00","0","00","3","0","1","2","2","N","N","39 57:36.068","75 13:30.789","1719","","1916","","0","","N","","0 ","","","","","","","","","","1","1","0","0","0","0","0","0","0","0","0","1","1","0","0","0","0","0","0","0","0","0","0","0","0","0","0","0","0","0","0","0","1","0","0","4","0","39.96","-75.2252","","CRASH_2001_Philadelphia"
"2002018039","06","67","67301","67301","2001","07","5","0857","08","1","1","0","7","4","","","N","02","2","00","3","0","2","3","2","N","N","40 02:28.951","75 08:39.340","0905","","0900","","0","","N","","3 ","","","","","","","","","","2","2","0","0","0","0","0","0","0","0","0","2","2","0","0","0","0","0","0","0","0","0","0","0","0","0","0","0","0","0","0","0","0","0","0","4","0","40.0414","-75.1442","","CRASH_2001_Philadelphia"
"2002018927","06","67","67301","67301","2001","08","2","2145","21","3","1","0","1","1","","","N","01","0","00","3","0","1","2","2","N","N","40 00:06.037","75 09:10.510","2153","","2151","","0","","Y","","0 ","","","","","","","","","","2","1","0","0","0","0","0","0","0","0","0","1","1","0","0","0","0","0","0","1","0","0","0","1","0","0","0","0","0","0","0","0","0","0","0","4","0","40.0016","-75.1528","","CRASH_2001_Philadelphia"
"2002039508","06","67","67301","67301","2001","12","7","1618","16","1","1","0","8","1","","","N","00","0","00","3","0","1","2","2","N","N","40 03:21.451","75 10:55.184","1624","","1619","","0","","N","","0 ","","","","","","","","","","1","1","0","0","0","0","0","0","0","0","0","1","1","0","0","0","0","0","0","0","0","0","0","0","0","0","0","0","0","0","0","0","1","0","0","4","0","40.056","-75.182","","CRASH_2001_Philadelphia"
"2002012216","06","67","67301","67301","2001","07","2","1300","13","1","1","0","7","5","","","N","00","0","07","3","0","1","1","1","N","N","","","1301","","1301","","0","","N","","0 ","","","","","","","","","","1","0","0","0","1","0","0","0","0","0","0","1","1","0","0","0","0","0","0","0","0","0","0","1","0","0","0","0","0","0","0","0","0","0","0","4","0","","","","CRASH_2001_Philadelphia"
"2002014574","06","67","67301","67301","2001","07","4","1834","18","1","1","0","0","1","","","N","00","2","00","3","0","1","2","2","N","N","39 56:59.260","75 09:19.433","1931","","1927","","0","","N","","3 ","","","","","","","","","","1","1","0","0","0","0","0","0","1","0","1","0","1","0","0","0","0","0","0","0","0","0","0","0","0","0","0","0","0","0","0","0","0","0","0","3","0","39.9498","-75.1555","","CRASH_2001_Philadelphia"
"2002020147","06","67","67301","67301","2001","07","2","1230","12","1","1","0","8","1","","","N","01","2","00","3","0","1","2","2","N","N","39 57:14.472","75 10:05.159","1815","","1811","","0","","N","","3 ","","","","","","","","","","1","1","0","0","0","0","0","0","0","0","0","1","1","0","0","0","0","0","0","0","0","0","0","0","0","0","0","0","0","0","0","0","1","0","0","4","0","39.954","-75.1682","","CRASH_2001_Philadelphia"
"2002028533","06","67","67301","67301","2001","09","4","1448","14","1","1","0","1","1","","","N","02","2","00","3","0","0","8","5","N","N","40 05:05.390","75 01:30.087","1452","","1450","1","1","2","N","","9 ","Y","","","","","","","","","5","4","0","0","1","0","0","0","0","0","0","0","0","0","0","1","0","0","0","1","0","0","0","0","0","0","0","0","0","0","0","0","0","0","0","0","0","40.0847","-75.0251","","CRASH_2001_Philadelphia"
"2002037071","06","67","67301","67301","2001","10","7","0255","02","3","1","0","7","3","","","N","00","0","00","3","0","0","2","1","N","N","39 54:53.504","75 08:15.788","0305","","0256","","0","","N","","0 ","","","","","","","","","","1","1","0","0","0","0","0","0","0","0","0","0","0","0","0","0","0","0","0","0","0","0","0","0","0","0","0","0","0","0","0","0","0","0","0","0","0","39.9149","-75.1378","","CRASH_2001_Philadelphia"
"2002043152","06","67","67301","67301","2001","12","1","0119","01","3","1","0","5","1","","","N","00","0","00","3","0","0","2","2","N","N","39 56:43.215","75 11:25.627","0123","","0119","","0","","N","","0 ","","","","","","","","","","2","2","0","0","0","0","0","0","0","0","0","0","0","0","2","0","0","0","0","0","0","0","0","0","0","0","0","0","0","0","0","0","0","0","0","9","0","39.9453","-75.1905","","CRASH_2001_Philadelphia"
"2002047957","06","67","67301","67301","2001","09","7","2211","22","3","1","0","1","1","","","N","01","0","00","3","0","0","1","2","N","N","39 58:28.152","75 07:58.844","2212","","9999","","0","","N","","0 ","","","","","","","","","","2","2","0","0","0","0","0","0","0","0","0","0","0","0","0","0","0","0","0","0","0","0","0","0","0","0","0","0","0","0","0","0","0","0","0","0","0","39.9745","-75.1331","","CRASH_2001_Philadelphia"
"2002016872","06","67","67301","67301","2001","07","7","2221","22","3","1","0","4","1","","","N","00","9","06","3","0","1","2","2","N","N","40 01:45.160","75 06:23.339","2351","","2348","","0","","Y","","9 ","","","","","","","","","","2","2","0","0","0","0","0","0","0","0","1","0","1","0","1","0","0","0","0","0","0","0","0","0","0","0","0","0","0","0","0","0","0","0","0","3","0","40.0292","-75.107","","CRASH_2001_Philadelphia"
"2002022477","06","67","67301","67301","2001","08","1","0048","00","3","1","0","2","1","","","N","01","2","00","3","0","4","4","2","N","N","39 57:24.480","75 13:24.960","1251","","1248","","0","","Y","","3 ","","","","","","","","","","2","2","0","0","0","0","0","0","0","0","1","3","4","0","0","0","0","0","0","0","0","0","0","0","0","0","0","0","0","0","0","0","0","0","0","3","0","39.9567","-75.2235","","CRASH_2001_Philadelphia"
"2002037796","06","67","67301","67301","2001","11","4","0030","00","3","1","0","8","1","","","N","01","2","00","3","0","1","2","2","N","N","39 59:51.039","75 07:16.486","0140","","0136","","0","","N","","9 ","","","","","","","","","","1","1","0","0","0","0","0","0","0","0","0","1","1","0","1","0","0","0","0","0","0","0","0","0","0","0","0","0","0","0","0","0","1","0","0","4","0","39.9975","-75.1213","","CRASH_2001_Philadelphia"
"2002041417","06","67","67301","67301","2001","12","5","0229","02","3","1","0","4","1","","","N","03","0","02","3","0","3","4","2","N","N","40 00:41.026","75 12:15.318","0239","","0235","3","2","2","N","","0 ","Y","","","","","","","","","2","1","0","0","0","1","0","0","0","2","1","0","3","0","0","0","0","1","0","0","0","0","0","3","0","2","0","0","0","0","0","0","0","0","0","2","1","40.0113","-75.2041","","CRASH_2001_Philadelphia"
"2002045746","06","67","67301","67301","2001","10","2","1550","15","1","1","1","4","1","","","N","01","3","00","3","0","1","2","2","N","N","39 55:17.271","75 08:50.377","1615","","1607","","0","","N","","3 ","","","","","","","","","","2","2","0","0","0","0","0","0","0","0","0","1","1","0","0","0","0","0","0","0","0","0","1","0","0","0","0","0","0","0","0","0","0","0","0","4","0","39.9215","-75.1473","","CRASH_2001_Philadelphia"
"2002008925","06","67","67301","67301","2001","06","2","1430","14","1","1","1","1","1","","","N","00","0","00","3","0","0","4","4","N","N","40 01:16.680","75 02:26.520","1445","","1436","","0","","N","","0 ","","","","","","","","","","4","4","0","0","0","0","0","0","0","0","0","0","0","0","0","0","0","0","0","0","0","0","0","0","0","0","0","0","0","0","0","0","0","0","0","0","0","40.0213","-75.0408","","CRASH_2001_Philadelphia"
"2002014546","06","67","67301","67301","2001","07","4","1200","12","1","1","0","4","1","","","N","01","2","00","3","0","0","2","2","N","N","39 58:30.430","75 11:41.525","1226","","1212","","0","","N","","3 ","","","","","","","","","","2","2","0","0","0","0","0","0","0","0","0","0","0","0","0","0","0","0","0","0","0","0","0","0","0","0","0","0","0","0","0","0","0","0","0","0","0","39.9751","-75.195","","CRASH_2001_Philadelphia"
"2002036737","06","67","67301","67301","2001","11","5","1055","10","1","2","1","7","3","","","N","00","0","03","3","0","1","1","1","N","N","","","1100","","1055","","0","","N","","0 ","","","","","","","","","","1","1","0","0","0","0","0","0","0","0","0","1","1","0","0","0","0","0","0","0","0","0","0","0","0","0","0","0","0","0","0","0","0","0","0","4","0","","","","CRASH_2001_Philadelphia"
"2002037233","06","67","67301","67301","2001","11","5","1130","11","1","4","1","4","1","","","N","02","2","00","3","0","1","2","2","N","N","39 58:10.975","75 07:53.810","1134","","1133","","0","","N","","3 ","","","","","","","","","","2","2","0","0","0","0","0","0","0","0","0","1","1","0","0","0","0","0","0","0","0","0","0","0","0","0","0","0","0","0","0","0","0","0","0","4","0","39.9697","-75.1317","","CRASH_2001_Philadelphia"
"2002044404","06","67","67301","67301","2001","12","1","0233","02","3","1","0","4","1","","","N","01","2","00","3","0","0","5","2","N","N","39 57:29.000","75 09:01.000","0234","","0233","","0","","N","","3 ","","","","","","","","","","2","2","0","0","0","0","0","0","0","0","0","0","0","0","0","0","0","0","1","0","0","0","0","0","0","0","0","0","0","0","0","0","0","0","0","0","0","39.9581","-75.1503","","CRASH_2001_Philadelphia"
"2002029587","06","67","67301","67301","2001","09","4","1452","14","1","1","0","1","1","","","N","00","0","03","3","0","1","3","2","N","N","40 02:11.808","75 06:47.359","1544","","1525","","0","","N","","0 ","","","","","","","","","","2","2","0","0","0","0","0","0","0","0","0","1","1","0","0","0","0","0","0","0","1","0","0","0","0","0","0","0","0","0","0","0","0","0","0","4","0","40.0366","-75.1131","","CRASH_2001_Philadelphia"
"2002031541","06","67","67301","67301","2001","10","3","1148","11","1","1","0","7","2","","","N","07","9","02","3","0","0","1","1","N","N","40 00:44.430","75 12:16.337","1155","","1148","","0","","N","","9 ","","","","","","","","","","1","1","0","0","0","0","0","0","0","0","0","0","0","0","0","0","0","1","0","0","0","0","0","0","0","0","0","0","0","0","0","0","0","0","0","0","0","40.0119","-75.2049","","CRASH_2001_Philadelphia"
"2002035097","06","67","67301","67301","2001","11","5","1134","11","1","1","0","3","1","","","N","01","0","00","3","0","0","4","3","N","N","40 01:38.056","75 12:16.075","1142","","1135","","0","","N","","0 ","","","","","","","","","","3","3","0","0","0","0","0","0","0","0","0","0","0","0","1","0","0","0","0","0","1","0","1","0","0","0","0","0","0","0","0","0","0","0","0","9","0","40.0272","-75.2045","","CRASH_2001_Philadelphia"
"2002039504","06","67","67301","67301","2001","12","3","0430","04","6","1","0","1","1","","","N","02","2","00","3","0","1","3","2","N","N","40 03:32.382","75 02:41.454","0438","","0432","","0","","N","","3 ","","","","","","","","","","2","2","0","0","0","0","0","0","0","0","1","0","1","0","0","0","0","0","0","0","1","0","0","0","0","0","0","0","0","0","0","0","0","0","0","3","0","40.0587","-75.0445","","CRASH_2001_Philadelphia"
"2002045817","06","67","67301","67301","2001","10","3","1715","17","1","1","0","6","1","","","N","01","2","00","3","0","1","2","2","N","N","39 57:46.738","75 09:58.094","1735","","1727","","0","","N","","3 ","","","","","","","","","","2","2","0","0","0","0","0","0","0","0","0","1","1","0","0","0","0","0","0","0","1","0","0","0","0","0","0","0","0","0","0","0","0","0","0","4","0","39.963","-75.1662","","CRASH_2001_Philadelphia"
"2002048358","06","67","67301","67301","2001","10","2","0030","00","3","2","1","2","1","","","N","03","0","00","3","0","9","9","2","N","N","39 56:44.753","75 11:54.615","1239","","1237","","0","","N","","0 ","","","","","","","","","","2","1","0","0","1","0","0","0","0","0","4","5","9","0","0","0","0","0","0","0","1","0","0","9","0","0","0","0","0","0","0","0","0","0","0","3","0","39.946","-75.1984","","CRASH_2001_Philadelphia"
"2002045669","06","67","67301","67301","2001","10","1","1428","14","1","1","0","4","1","","","N","01","2","00","3","0","2","3","2","N","N","40 02:17.596","75 04:31.478","1433","","1430","","0","","N","","3 ","","","","","","","","","","2","2","0","0","0","0","0","0","0","0","1","1","2","0","0","0","0","0","0","0","0","0","0","0","0","0","0","0","0","0","0","0","0","0","0","3","0","40.0383","-75.0753","","CRASH_2001_Philadelphia"
"2001288048","06","67","67301","","2001","04","2","2000","20","1","1","0","1","1","","","N","02","0","00","3","0","1","2","2","N","N","40 04:16.842","75 03:28.105","9999","","9999","","0","","N","","0 ","","","","","","","","","","2","1","0","0","0","0","0","0","0","0","0","1","1","0","0","0","0","0","0","0","1","0","0","0","0","0","0","0","0","0","0","0","0","0","0","4","0","40.0713","-75.0578","","CRASH_2001_Philadelphia"
"2002018112","06","67","67301","67301","2001","08","4","1525","15","1","1","0","1","1","","","N","00","0","00","3","0","1","4","4","N","N","39 57:23.760","75 09:14.040","1538","","1530","1","1","3","N","","0 ","N","","","","","","","","","4","4","0","0","0","0","0","0","0","0","1","0","1","0","0","0","0","0","0","0","0","0","0","1","0","0","0","0","0","0","0","0","0","0","0","3","0","39.9568","-75.1539","","CRASH_2001_Philadelphia"
"2002023668","06","67","67301","67301","2001","08","6","1335","13","1","1","0","7","3","","","N","08","0","06","3","0","0","4","2","N","N","40 03:48.960","75 02:33.000","1335","","1330","","0","","N","","0 ","","","","","","","","","","2","1","0","0","1","0","0","0","0","0","0","0","0","0","0","0","0","0","0","0","0","0","0","0","0","0","0","0","0","0","0","0","0","0","0","0","0","40.0636","-75.0426","","CRASH_2001_Philadelphia"
"2002029058","06","67","67301","67301","2001","09","4","2050","20","3","1","0","1","1","","","N","00","0","00","3","0","1","4","2","N","N","39 54:02.880","75 09:14.040","2100","","2052","1","2","1","N","","0 ","N","","","","","","","","","2","2","0","0","0","0","0","0","0","0","0","1","1","0","0","0","0","0","0","0","0","0","0","0","0","0","0","0","0","0","0","0","0","0","0","4","0","39.9027","-75.1508","","CRASH_2001_Philadelphia"
"2002037354","06","67","67301","67301","2001","11","4","1025","10","1","1","0","8","2","","","N","01","2","00","3","0","1","2","2","N","N","39 57:15.921","75 09:46.685","9999","","9999","","0","","N","","3 ","","","","","","","","","","1","0","0","0","1","0","0","0","0","0","0","1","1","0","0","0","0","0","0","0","1","0","0","0","0","0","0","0","0","0","0","0","1","0","0","4","0","39.9544","-75.1631","","CRASH_2001_Philadelphia"
"2002043680","06","67","67301","67301","2001","12","7","2045","20","3","1","0","1","1","","","N","01","2","00","3","0","1","4","2","N","N","40 01:44.517","75 12:38.036","2049","","2048","","0","","N","","3 ","","","","","","","","","","2","2","0","0","0","0","0","0","0","0","0","1","1","0","0","0","0","0","0","1","0","0","0","0","0","0","0","0","0","0","0","0","0","0","0","4","0","40.029","-75.2106","","CRASH_2001_Philadelphia"
"2002017631","06","67","67301","67301","2001","08","6","2200","22","3","1","0","1","1","","","N","00","0","07","3","0","1","2","2","N","N","40 01:46.655","75 06:18.838","2205","","2200","","0","","N","","0 ","","","","","","","","","","2","1","0","0","1","0","0","0","0","0","0","1","1","0","0","0","0","0","0","0","0","0","0","0","0","0","0","0","0","0","0","0","0","0","0","4","0","40.0297","-75.1052","","CRASH_2001_Philadelphia"
"2002025294","06","67","67301","67301","2001","08","1","1531","15","1","2","1","2","1","","","N","01","2","00","3","0","1","3","3","N","N","39 53:58.920","75 14:19.680","1610","","1603","","0","","N","","3 ","","","","","","","","","","3","3","0","0","0","0","0","0","0","0","0","1","1","0","0","0","0","0","0","0","1","0","0","0","0","0","0","0","0","0","0","0","0","0","0","4","0","39.8997","-75.2388","","CRASH_2001_Philadelphia"
"2002034674","06","67","67301","67301","2001","10","7","1225","12","1","1","0","5","1","","","N","01","2","00","3","0","1","2","2","N","N","39 57:46.070","75 09:52.295","1300","","1300","","0","","N","","3 ","","","","","","","","","","1","1","0","0","0","0","0","0","1","0","0","1","1","0","0","0","0","0","0","0","0","0","0","0","0","0","0","0","0","0","0","0","0","0","0","4","0","39.9628","-75.1646","","CRASH_2001_Philadelphia"
"2002038287","06","67","67301","67301","2001","12","4","1109","11","1","1","0","8","1","","","N","02","2","00","3","0","1","2","2","N","N","40 03:39.360","75 11:24.590","1120","","1117","","0","","N","","3 ","","","","","","","","","","1","1","0","0","0","0","0","0","0","0","0","1","1","0","0","0","0","0","0","0","0","0","1","0","0","0","0","0","0","0","0","0","1","0","0","4","0","40.061","-75.1901","","CRASH_2001_Philadelphia"
"2002045139","06","67","67301","67301","2001","12","6","1823","18","3","1","0","1","1","","","N","01","2","00","3","0","0","3","3","N","N","40 02:37.212","75 04:53.486","1830","","1823","","0","","N","","3 ","","","","","","","","","","3","3","0","0","0","0","0","0","0","0","0","0","0","0","0","0","0","0","0","0","0","0","0","0","0","0","0","0","0","0","0","0","0","0","0","0","0","40.0437","-75.0815","","CRASH_2001_Philadelphia"
"2002023608","06","67","67301","67301","2001","08","4","0754","07","1","1","0","1","1","","","N","01","2","00","3","0","1","3","3","N","N","40 00:41.374","75 04:11.189","0756","","0754","","0","","N","","3 ","","","","","","","","","","3","3","0","0","0","0","0","0","0","0","0","1","1","0","0","0","0","0","0","0","1","0","0","0","0","0","0","0","0","0","0","0","0","0","0","4","0","40.0114","-75.0699","","CRASH_2001_Philadelphia"
"2002026367","06","67","67301","67301","2001","09","2","0004","00","3","1","0","7","3","","","N","00","0","00","3","0","1","1","1","N","N","40 00:00.000","75 11:26.520","0014","","0004","","0","","N","","0 ","","","","","","","","","","1","0","1","0","0","0","0","0","0","1","0","0","1","0","0","0","0","0","0","0","0","0","0","0","0","0","0","0","0","1","0","0","0","0","0","2","0","39.9998","-75.1906","","CRASH_2001_Philadelphia"
"2002041358","06","67","67301","67301","2001","12","1","2050","20","3","2","1","1","1","","","N","01","2","00","3","0","0","3","2","N","N","39 58:54.939","75 14:21.094","0025","","0017","","0","","N","","3 ","","","","","","","","","","2","2","0","0","0","0","0","0","0","0","0","0","0","0","3","0","0","1","0","0","0","0","0","0","0","0","0","0","0","0","0","0","0","0","0","9","0","39.9819","-75.239","","CRASH_2001_Philadelphia"
"2002039363","06","67","67301","67301","2001","12","7","0330","03","3","1","0","7","9","","","N","00","0","00","3","0","0","1","1","N","N","39 58:39.360","75 12:03.960","0335","","0330","","0","","N","","0 ","","","","","","","","","","1","1","0","0","0","0","0","0","0","0","0","0","0","0","0","0","0","0","0","1","0","0","0","1","0","0","0","0","0","0","0","0","0","0","0","0","0","39.9776","-75.2011","","CRASH_2001_Philadelphia"
"2001288308","06","67","67301","","2001","07","1","1800","18","4","2","1","1","1","","","N","02","2","00","3","0","4","5","2","N","N","39 57:12.240","75 09:47.160","9999","","9999","","0","","N","","3 ","","","","","","","","","","2","1","0","0","0","0","0","0","0","0","4","0","4","0","0","0","0","0","0","0","0","0","0","0","0","0","0","0","0","0","0","0","0","0","0","3","0","39.9534","-75.1633","","CRASH_2001_Philadelphia"
"2002010554","06","67","67301","67301","2001","06","6","1350","13","1","1","0","1","1","","","N","01","2","00","3","0","0","2","2","N","N","39 57:40.683","75 10:30.946","1350","","1345","","0","","N","","2 ","","","","","","","","","","2","2","0","0","0","0","0","0","0","0","0","0","0","0","0","0","0","0","0","0","0","0","0","0","0","0","0","0","0","0","0","0","0","0","0","0","0","39.9609","-75.1747","","CRASH_2001_Philadelphia"
"2002026513","06","67","67301","67301","2001","06","3","0835","08","1","1","0","1","1","","","N","02","2","00","3","0","1","4","2","N","N","40 01:33.528","75 11:58.616","9999","","9999","","0","","N","","3 ","","","","","","","","","","2","1","0","0","0","1","0","0","0","0","0","1","1","0","0","0","0","0","0","0","1","0","0","0","0","0","0","0","0","0","0","0","0","0","0","4","1","40.026","-75.1994","","CRASH_2001_Philadelphia"
"2002031531","06","67","67301","67301","2001","10","4","1900","19","3","1","0","6","1","","","N","01","2","00","3","0","1","3","2","N","N","","","1905","","1900","","0","","N","","3 ","","","","","","","","","","2","2","0","0","0","0","0","0","0","0","0","1","1","0","1","0","0","0","0","0","0","0","0","0","0","0","0","0","0","0","0","0","0","0","0","4","0","","","","CRASH_2001_Philadelphia"
"2002038797","06","67","67301","67301","2001","10","4","1400","14","1","1","0","8","6","","","N","00","0","00","3","0","1","3","2","N","N","39 57:40.951","75 13:28.446","9999","","0830","","0","","N","","0 ","","","","","","","","","","1","1","0","0","0","0","0","0","0","0","0","1","1","0","0","0","0","0","0","0","0","0","0","2","0","0","0","0","0","0","0","0","1","0","0","4","0","39.9613","-75.2246","","CRASH_2001_Philadelphia"
"2002039450","06","67","67301","67301","2001","12","3","1800","18","3","1","0","5","1","","","N","01","0","00","3","0","0","2","2","N","N","39 55:32.260","75 14:03.823","1840","","1831","","0","","N","","0 ","","","","","","","","","","2","2","0","0","0","0","0","0","0","0","0","0","0","0","1","0","0","0","0","0","0","0","0","0","0","0","0","0","0","0","0","0","0","0","0","9","0","39.9256","-75.2343","","CRASH_2001_Philadelphia"
"2002042084","06","67","67301","67301","2001","12","5","1530","15","1","7","0","5","2","","","N","01","3","00","3","0","1","2","2","N","N","","","1544","","1534","","0","","N","","3 ","","","","","","","","","","1","1","0","0","0","0","0","0","1","0","0","1","1","0","0","0","0","0","0","0","0","0","0","0","0","0","0","0","0","0","0","0","0","0","0","4","0","","","","CRASH_2001_Philadelphia"
"2001401220","06","67","67301","67301","2001","08","7","1127","11","1","1","0","7","1","","","N","00","0","00","3","1","0","1","1","N","N","40 05:40.200","75 00:54.360","9999","","9999","","0","","N","9","0 ","","","","","","","","","","1","1","0","0","0","0","0","0","0","0","0","0","0","0","0","0","0","0","0","0","0","1","0","0","0","0","0","0","0","0","0","0","0","0","0","1","0","40.0945","-75.0153","2 ","CRASH_2001_Philadelphia"
"2002010449","06","67","67301","67301","2001","07","1","1634","16","1","1","0","4","1","","","N","05","2","00","3","0","2","3","2","N","N","40 04:07.000","75 09:24.425","1636","","1634","1","1","1","N","","3 ","Y","","","","","","","","","2","1","1","0","0","0","0","0","0","1","0","1","2","0","0","0","0","0","0","0","1","0","0","0","0","0","0","0","0","1","0","0","0","0","0","2","0","40.0687","-75.1568","","CRASH_2001_Philadelphia"
"2003010739","06","67","67301","67301","2001","03","5","1247","12","1","1","0","4","1","","","N","01","2","00","3","0","3","3","2","N","N","40 01:56.495","75 01:51.493","1250","","1247","","0","","N","","3 ","","","","","","","","","","2","2","0","0","0","0","0","0","0","0","0","3","3","0","0","0","0","0","0","0","1","0","0","0","0","0","0","0","0","0","0","0","0","0","0","4","0","40.0323","-75.0309","","CRASH_2001_Philadelphia"
"2001401242","06","67","67301","67301","2001","10","2","1310","13","1","1","0","8","1","","","N","01","2","00","3","1","0","2","2","N","N","40 02:12.120","75 02:26.880","9999","","9999","","0","","N","9","3 ","","","","","","","","","","1","1","0","0","0","0","0","0","0","0","0","0","0","0","0","0","0","0","0","0","0","0","0","0","0","0","0","0","0","0","0","0","1","1","0","1","0","40.0367","-75.0408","2 ","CRASH_2001_Philadelphia"
"2002025295","06","67","67301","67301","2001","08","6","1700","17","1","1","0","1","1","","","N","02","0","00","3","0","4","5","2","N","N","39 55:07.105","75 14:49.173","1700","","1700","","0","","N","","0 ","","","","","","","","","","2","2","0","0","0","0","0","0","0","0","0","4","4","0","0","0","0","0","1","0","0","0","0","0","0","0","0","0","0","0","0","0","0","0","0","4","0","39.9187","-75.2469","","CRASH_2001_Philadelphia"
"2002030664","06","67","67301","67301","2001","09","4","0950","09","1","1","0","1","1","","","N","00","0","00","3","0","1","3","2","N","N","39 54:16.369","75 09:00.413","1008","","0958","","0","","N","","0 ","","","","","","","","","","2","2","0","0","0","0","0","0","0","0","0","1","1","0","0","0","0","0","0","0","0","0","0","0","0","0","0","0","0","0","0","0","0","0","0","4","0","39.9066","-75.1496","","CRASH_2001_Philadelphia"
"2002031815","06","67","67301","67301","2001","09","2","2013","20","3","2","1","8","6","","","N","00","0","00","3","0","1","2","3","N","N","39 59:16.958","75 07:43.460","2040","","2035","","0","","N","","0 ","","","","","","","","","","2","2","0","0","0","0","0","0","0","0","0","1","1","0","0","0","0","0","0","0","0","0","0","1","0","0","0","0","0","0","0","0","1","0","0","4","0","39.988","-75.1287","","CRASH_2001_Philadelphia"
"2002035136","06","67","67301","67301","2001","11","5","1515","15","1","1","0","4","6","","","N","00","0","07","3","0","1","2","2","N","N","40 02:00.492","75 02:50.623","1525","","1520","","9","","N","","0 ","U","","","","","","","","","1","1","0","0","0","0","0","0","1","0","0","1","1","0","0","0","0","0","0","0","0","0","0","0","0","0","0","0","0","0","0","0","0","0","0","4","0","40.0334","-75.0475","","CRASH_2001_Philadelphia"
"2002032613","06","67","67301","67301","2001","09","5","0245","02","3","1","0","7","2","","","N","00","0","00","3","0","0","1","1","N","N","39 56:07.000","75 11:50.000","0250","","0245","","0","","N","","0 ","","","","","","","","","","1","1","0","0","0","0","0","0","0","0","0","0","0","0","0","0","0","0","0","0","0","0","0","0","0","0","0","0","0","0","0","0","0","0","0","0","0","39.9353","-75.1972","","CRASH_2001_Philadelphia"
"2002032622","06","67","67301","67301","2001","10","6","1500","15","1","1","0","1","1","","","N","00","0","00","3","0","2","3","3","N","N","40 02:49.560","75 03:08.280","1530","","1523","1","1","2","N","","0 ","Y","","","","","","","","","3","3","0","0","0","0","0","0","0","0","0","2","2","0","0","0","0","0","0","0","0","0","0","0","0","0","0","0","0","0","0","0","0","0","0","4","0","40.0471","-75.0522","","CRASH_2001_Philadelphia"