"CRN","DISTRICT","COUNTY","MUNICIPALITY","POLICE_AGCY","CRASH_YEAR","CRASH_MONTH","DAY_OF_WEEK","TIME_OF_DAY","HOUR_OF_DAY","ILLUMINATION","WEATHER","ROAD_CONDITION","COLLISION_TYPE","RELATION_TO_ROAD","WORK_ZONE_TYPE","WORK_ZONE_LOC","WORK_ZONE_IND","INTERSECT_TYPE","TCD_TYPE","LOCATION_TYPE","URBAN_RURAL","FATAL_COUNT","INJURY_COUNT","PERSON_COUNT","TOTAL_UNITS","SCH_BUS_IND","SCH_ZONE_IND","LATITUDE","LONGITUDE","ARRIVAL_TM","CONS_ZONE_SPD_LIM","DISPATCH_TM","EST_HRS_CLOSED","LANE_CLOSED","LN_CLOSE_DIR","NTFY_HIWY_MAINT","SPEC_JURIS_CD","TCD_FUNC_CD","TFC_DETOUR_IND","WORKERS_PRES","WZ_CLOSE_DETOUR","WZ_FLAGGER","WZ_LAW_OFFCR_IND","WZ_LN_CLOSURE","WZ_MOVING","WZ_OTHER","WZ_SHLDER_MDN","VEHICLE_COUNT","AUTOMOBILE_COUNT","MOTORCYCLE_COUNT","BUS_COUNT","SMALL_TRUCK_COUNT","HEAVY_TRUCK_COUNT","SUV_COUNT","VAN_COUNT","BICYCLE_COUNT","MAJ_INJ_COUNT","MOD_INJ_COUNT","MIN_INJ_COUNT","TOT_INJ_COUNT","UNK_INJ_DEG_COUNT","UNK_INJ_PER_COUNT","DRIVER_COUNT_16YR","DRIVER_COUNT_17YR","DRIVER_COUNT_18YR","DRIVER_COUNT_19YR","DRIVER_COUNT_20YR","DRIVER_COUNT_50_64YR","DRIVER_COUNT_65_74YR","DRIVER_COUNT_75PLUS","UNBELTED_OCC_COUNT","UNB_DEATH_COUNT","UNB_MAJ_INJ_COUNT","BELTED_DEATH_COUNT","BELTED_MAJ_INJ_COUNT","MCYCLE_DEATH_COUNT","MCYCLE_MAJ_INJ_COUNT","BICYCLE_DEATH_COUNT","BICYCLE_MAJ_INJ_COUNT","PED_COUNT","PED_DEATH_COUNT","PED_MAJ_INJ_COUNT","MAX_SEVERITY_LEVEL","COMM_VEH_COUNT","DEC_LAT","DEC_LONG","RDWY_SURF_TYPE_CD","COUNTY_YEAR"
"2002041591","06","67","67301","67301","2001","11","3","1735","17","3","1","0","4","1","","","N","01","2","00","3","0","2","4","3","N","N","","","1845","","1830","3","1","2","N","","3 ","N","","","","","","","","","2","2","0","0","0","0","0","0","0","0","1","1","2","0","0","0","0","0","0","0","0","0","0","3","0","0","0","0","0","0","0","0","1","0","0","3","0","","","","CRASH_2001_Philadelphia"
"2002041656","06","67","67301","67301","2001","12","3","1435","14","1","1","0","1","1","","","N","01","2","00","3","0","1","3","3","N","N","39 57:17.215","75 09:58.983","1445","","1440","","0","","N","","3 ","","","","","","","","","","3","3","0","0","0","0","0","0","0","0","1","0","1","0","0","0","0","0","0","0","2","0","0","0","0","0","0","0","0","0","0","0","0","0","0","3","0","39.9548","-75.1664","","CRASH_2001_Philadelphia"
"2002046289","06","67","67301","67301","2001","12","1","1611","16","1","1","0","2","1","","","N","00","0","00","3","0","1","2","3","N","N","","","1620","","1611","","0","","N","","0 ","","","","","","","","","","3","3","0","0","0","0","0","0","0","0","0","1","1","0","0","0","0","0","0","0","0","0","0","1","0","0","0","0","0","0","0","0","0","0","0","4","0","","","","CRASH_2001_Philadelphia"
"2002014613","06","67","67301","67301","2001","07","6","1608","16","1","1","0","6","1","","","N","01","2","00","3","0","1","2","2","N","N","40 00:11.036","75 09:51.469","1610","","1606","","0","","N","","3 ","","","","","","","","","","2","1","0","0","0","1","0","0","0","0","0","1","1","0","0","0","0","0","0","0","0","1","0","0","0","0","0","0","0","0","0","0","0","0","0","4","1","40.0031","-75.1643","","CRASH_2001_Philadelphia"
"2002017541","06","67","67301","67301","2001","08","6","1801","18","1","1","0","5","1","","","N","01","2","00","3","0","1","3","2","N","N","39 56:49.640","75 08:46.935","1815","","1801","","0","","N","","3 ","","","","","","","","","","1","1","0","0","0","0","0","0","1","0","0","1","1","0","2","0","0","0","0","0","0","0","0","2","0","0","0","0","0","0","0","0","0","0","0","4","0","39.9471","-75.1463","","CRASH_2001_Philadelphia"
"2002037290","06","67","67301","67301","2001","11","2","1333","13","1","1","0","1","1","","","N","00","0","00","3","0","5","6","2","N","N","40 02:07.440","75 01:03.000","1340","","1335","1","2","2","N","","0 ","Y","","","","","","","","","2","2","0","0","0","0","0","0","0","0","0","5","5","0","0","0","0","0","0","0","0","0","0","2","0","0","0","0","0","0","0","0","0","0","0","4","0","40.0355","-75.0177","","CRASH_2001_Philadelphia"
"2002040245","06","67","67301","67301","2001","12","4","2220","22","3","6","1","7","4","","","N","00","0","00","3","0","0","1","1","N","N","39 54:07.017","75 09:05.143","2235","","2225","","0","","N","","0 ","","","","","","","","","","1","1","0","0","0","0","0","0","0","0","0","0","0","0","0","0","0","0","0","0","1","0","0","0","0","0","0","0","0","0","0","0","0","0","0","0","0","39.9045","-75.1501","","CRASH_2001_Philadelphia"
"2002042728","06","67","67301","67301","2001","12","5","1904","19","3","1","0","1","1","","","N","00","0","00","3","0","2","4","2","N","N","40 00:44.055","75 04:09.880","1919","","1919","","0","","N","","0 ","","","","","","","","","","2","2","0","0","0","0","0","0","0","0","1","1","2","0","0","0","0","1","0","0","0","0","0","0","0","0","0","0","0","0","0","0","0","0","0","3","0","40.0122","-75.0695","","CRASH_2001_Philadelphia"
"2002026512","06","67","67301","67301","2001","05","3","1526","15","1","1","0","8","1","","","N","01","2","00","3","0","1","2","2","N","N","39 58:26.267","75 10:43.907","9999","","9999","","0","","N","","3 ","","","","","","","","","","1","0","0","0","1","0","0","0","0","0","0","1","1","0","0","0","0","0","0","0","0","0","0","1","0","0","0","0","0","0","0","0","1","0","0","4","0","39.974","-75.1788","","CRASH_2001_Philadelphia"
"2002031728","06","67","67301","67301","2001","10","1","0052","00","3","1","0","1","1","","","N","01","2","00","3","0","3","3","2","N","N","39 59:16.981","75 10:56.557","0120","","0057","","0","","N","","3 ","","","","","","","","","","2","2","0","0","0","0","0","0","0","0","0","3","3","0","0","0","0","0","0","0","0","0","0","0","0","0","0","0","0","0","0","0","0","0","0","4","0","39.988","-75.1824","","CRASH_2001_Philadelphia"
"2002033591","06","67","67301","67301","2001","10","5","0015","00","3","1","0","5","6","","","N","00","2","00","3","0","1","1","4","N","N","40 00:17.640","75 10:42.240","0031","","0030","1","1","3","N","","3 ","N","","","","","","","","","4","4","0","0","0","0","0","0","0","0","0","1","1","0","0","0","0","0","0","0","0","0","0","0","0","0","0","0","0","0","0","0","0","0","0","4","0","40.0049","-75.1783","","CRASH_2001_Philadelphia"
"2002041676","06","67","67301","67301","2001","12","1","2140","21","3","2","1","1","1","","","N","01","2","00","3","0","1","2","2","N","N","40 02:06.306","75 04:15.354","2147","","2145","","0","","N","","3 ","","","","","","","","","","2","1","0","0","1","0","0","0","0","0","0","1","1","0","0","0","0","0","0","0","0","0","0","0","0","0","0","0","0","0","0","0","0","0","0","4","0","40.0351","-75.0709","","CRASH_2001_Philadelphia"
"2002012199","06","67","67301","67301","2001","07","6","1030","10","1","1","0","8","1","","","N","02","0","00","3","0","1","2","2","N","N","39 56:36.000","75 09:01.000","1807","","1800","","0","","N","","0 ","","","","","","","","","","1","1","0","0","0","0","0","0","0","1","0","0","1","0","0","0","0","0","0","0","0","0","0","0","0","0","0","0","0","0","0","0","1","0","1","2","0","39.9433","-75.1503","","CRASH_2001_Philadelphia"
"2002017180","06","67","67301","67301","2001","07","6","2253","22","3","1","0","4","1","","","N","01","2","00","3","0","0","2","2","N","N","39 54:14.907","75 14:26.329","2305","","2254","","0","","Y","","3 ","","","","","","","","","","2","2","0","0","0","0","0","0","0","0","0","0","0","0","0","0","0","0","0","0","0","0","0","0","0","0","0","0","0","0","0","0","0","0","0","0","0","39.904","-75.2401","","CRASH_2001_Philadelphia"
"2002041650","06","67","67301","67301","2001","12","2","9999","99","1","1","0","1","1","","","N","03","3","00","3","0","2","3","2","N","N","39 58:34.946","75 11:21.238","1558","","1553","","0","","N","","3 ","","","","","","","","","","2","2","0","0","0","0","0","0","0","0","0","2","2","0","0","0","0","0","0","0","0","0","0","0","0","0","0","0","0","0","0","0","0","0","0","4","0","39.9764","-75.1893","","CRASH_2001_Philadelphia"
"2002035977","06","67","67301","67301","2001","11","5","0845","08","1","1","0","1","1","","","N","01","0","00","3","0","1","3","2","N","N","39 59:43.850","75 06:20.134","0845","","0845","","0","","N","","0 ","","","","","","","","","","2","1","0","0","1","0","0","0","0","0","0","1","1","0","0","0","0","0","0","0","0","0","0","0","0","0","0","0","0","0","0","0","0","0","0","4","0","39.9954","-75.1055","","CRASH_2001_Philadelphia"
"2002042063","06","67","67301","67301","2001","12","2","1529","15","1","1","0","2","1","","","N","00","0","00","3","0","6","8","3","N","N","39 58:31.830","75 11:23.485","1532","","1531","","0","","N","","0 ","","","","","","","","","","3","2","0","1","0","0","0","0","0","0","1","5","6","0","0","0","0","0","0","0","0","0","0","0","0","0","0","0","0","0","0","0","0","0","0","3","1","39.9764","-75.1893","","CRASH_2001_Philadelphia"
"2002033702","06","67","67301","67301","2001","10","6","2015","20","3","1","0","8","1","","","N","01","3","00","3","0","1","2","2","N","N","40 03:14.074","75 09:18.763","0935","","0928","","0","","N","","2 ","","","","","","","","","","1","1","0","0","0","0","0","0","0","0","0","1","1","0","0","0","0","0","0","0","0","0","0","0","0","0","0","0","0","0","0","0","1","0","0","4","0","40.0539","-75.1552","","CRASH_2001_Philadelphia"
"2002037348","06","67","67301","67301","2001","11","2","0738","07","1","1","0","4","1","","","N","01","2","00","3","0","1","2","2","N","N","40 02:01.753","75 04:27.949","0743","","0741","","0","","N","","3 ","","","","","","","","","","2","2","0","0","0","0","0","0","0","0","0","1","1","0","0","0","0","0","0","0","0","0","0","0","0","0","0","0","0","0","0","0","0","0","0","4","0","40.034","-75.0744","","CRASH_2001_Philadelphia"
"2002045752","06","67","67301","67301","2001","10","7","1326","13","1","1","0","1","1","","","N","02","0","00","3","0","1","3","2","N","N","40 03:26.802","75 14:11.133","1335","","1326","","0","","N","","0 ","","","","","","","","","","2","2","0","0","0","0","0","0","0","0","0","1","1","0","0","0","0","0","0","0","0","0","0","0","0","0","0","0","0","0","0","0","0","0","0","4","0","40.0571","-75.2362","","CRASH_2001_Philadelphia"
"2004060961","06","67","67301","67301","2001","08","4","0750","07","1","1","0","8","5","","","N","00","0","00","3","0","1","2","2","N","N","","","0805","","0800","","0","","N","","0 ","","","","","","","","","","1","1","0","0","0","0","0","0","0","0","0","1","1","0","0","0","0","0","0","0","0","0","0","0","0","0","0","0","0","0","0","0","1","0","0","4","0","","","","CRASH_2001_Philadelphia"
"2002020103","06","67","67301","67301","2001","08","2","1054","10","1","1","0","4","1","","","N","01","2","00","3","0","2","3","2","N","N","39 54:58.991","75 10:03.350","1058","","1056","","0","","N","","3 ","","","","","","","","","","2","1","0","0","0","1","0","0","0","0","0","2","2","0","0","0","0","0","0","0","0","1","0","0","0","0","0","0","0","0","0","0","0","0","0","4","1","39.9163","-75.1676","","CRASH_2001_Philadelphia"
"2002034671","06","67","67301","67301","2001","11","1","1420","14","1","1","0","4","1","","","N","00","1","00","3","0","1","3","2","N","N","39 57:44.173","75 08:11.400","1429","","1426","","0","","N","","2 ","","","","","","","","","","2","2","0","0","0","0","0","0","0","0","1","0","1","0","0","0","0","0","0","1","0","0","0","0","0","0","0","0","0","0","0","0","0","0","0","3","1","39.9623","-75.1363","","CRASH_2001_Philadelphia"
"2002040431","06","67","67301","67301","2001","11","6","1350","13","1","1","0","7","5","","","N","01","2","00","3","0","1","1","1","N","N","39 54:19.920","75 11:38.942","1358","","1353","","0","","N","","3 ","","","","","","","","","","1","1","0","0","0","0","0","0","0","0","1","0","1","0","0","0","0","0","0","0","0","0","0","0","0","0","0","0","0","0","0","0","0","0","0","3","0","39.9055","-75.1942","","CRASH_2001_Philadelphia"
"2002043205","06","67","67301","67301","2001","12","7","0228","02","3","2","1","4","1","","","N","02","0","00","3","0","0","2","3","N","N","40 04:05.934","75 09:35.593","0231","","0228","","0","","Y","","0 ","","","","","","","","","","3","2","0","0","0","0","0","0","0","0","0","0","0","0","0","0","0","0","0","0","0","0","0","0","0","0","0","0","0","0","0","0","0","0","0","0","0","40.0683","-75.1599","","CRASH_2001_Philadelphia"
"2002044427","06","67","67301","67301","2001","12","2","1948","19","3","1","0","4","3","","","N","01","2","00","3","0","4","4","7","N","N","40 06:18.574","75 01:57.784","1951","","1948","","0","","N","","3 ","","","","","","","","","","7","7","0","0","0","0","0","0","0","0","0","4","4","0","0","0","0","0","0","1","0","0","0","0","0","0","0","0","0","0","0","0","0","0","0","4","0","40.1052","-75.0328","","CRASH_2001_Philadelphia"
"2003023856","06","67","67301","62301","2001","06","5","2356","23","3","1","0","4","1","","","N","00","0","00","3","0","2","2","3","N","N","39 55:33.484","75 10:54.133","2356","","2356","","0","","N","","0 ","","","","","","","","","","3","3","0","0","0","0","0","0","0","0","0","2","2","0","0","0","0","1","0","0","0","0","0","1","0","0","0","0","0","0","0","0","0","0","0","4","0","39.9259","-75.1817","","CRASH_2001_Philadelphia"
"2002003986","06","67","67301","67301","2001","06","7","0530","05","1","9","0","8","2","","","N","02","9","00","3","0","1","2","2","N","N","39 57:37.361","75 13:38.742","1043","","1043","","0","","N","","9 ","","","","","","","","","","1","1","0","0","0","0","0","0","0","0","1","0","1","0","1","0","0","0","0","0","0","0","0","0","0","0","0","0","0","0","0","0","1","0","0","3","0","39.9603","-75.2274","","CRASH_2001_Philadelphia"
"2002018045","06","67","67301","67301","2001","08","4","1750","17","1","1","0","4","1","","","N","01","2","00","3","0","2","5","3","N","N","39 55:36.346","75 11:15.744","1752","","1750","","0","","N","","2 ","","","","","","","","","","3","3","0","0","0","0","0","0","0","0","0","2","2","0","0","0","0","0","0","0","1","0","0","4","0","0","0","0","0","0","0","0","0","0","0","4","0","39.9267","-75.1878","","CRASH_2001_Philadelphia"
"2002027359","06","67","67301","67301","2001","08","6","0900","09","1","1","0","6","1","","","N","01","0","00","3","0","0","2","2","N","N","39 54:41.932","75 10:21.014","0905","","0900","","0","","N","","0 ","","","","","","","","","","2","2","0","0","0","0","0","0","0","0","0","0","0","0","0","0","0","0","0","0","0","0","0","0","0","0","0","0","0","0","0","0","0","0","0","0","0","39.9117","-75.1724","","CRASH_2001_Philadelphia"
"2002023934","06","67","67301","67301","2001","08","6","1923","19","4","1","0","7","2","","","N","00","0","00","3","0","0","2","2","N","N","40 01:45.744","75 06:20.610","1937","","1934","","0","","N","","0 ","","","","","","","","","","1","1","0","0","0","0","0","0","0","0","0","0","0","0","0","0","0","0","0","0","0","0","0","0","0","0","0","0","0","0","0","0","0","0","0","0","0","40.0294","-75.1057","","CRASH_2001_Philadelphia"
"2002031537","06","67","67301","67301","2001","10","7","2315","23","3","1","0","2","3","","","N","00","0","00","3","0","1","3","2","N","N","40 00:39.876","75 09:03.609","1225","","1240","","0","","N","","0 ","","","","","","","","","","2","0","0","0","2","0","0","0","0","0","1","0","1","0","0","0","0","0","0","0","0","0","0","0","0","0","0","0","0","0","0","0","0","0","0","3","0","40.0111","-75.1508","","CRASH_2001_Philadelphia"
"2002036039","06","67","67301","67301","2001","11","1","0704","07","1","1","0","7","3","","","N","00","0","00","3","0","1","2","1","N","N","39 55:37.944","75 11:42.118","0709","","0704","","0","","N","","0 ","","","","","","","","","","1","1","0","0","0","0","0","0","0","0","0","1","1","0","0","0","0","0","0","0","0","0","0","0","0","0","0","0","0","0","0","0","0","0","0","4","0","39.9277","-75.1957","","CRASH_2001_Philadelphia"
"2002001144","06","67","67301","67301","2001","06","3","1140","11","1","1","0","4","1","","","N","01","2","00","3","0","0","3","2","N","N","40 02:07.440","75 02:22.560","1150","","1145","","0","","N","","3 ","","","","","","","","","","2","2","0","0","0","0","0","0","0","0","0","0","0","0","0","0","0","0","0","0","0","0","0","0","0","0","0","0","0","0","0","0","0","0","0","0","0","40.0354","-75.0394","","CRASH_2001_Philadelphia"
"2002004281","06","67","67301","67301","2001","06","2","1218","12","1","1","0","4","1","","","N","01","2","00","3","0","0","7","2","N","N","","","1238","","1232","","0","","N","","9 ","","","","","","","","","","2","2","0","0","0","0","0","0","0","0","0","0","0","0","0","0","0","0","0","0","0","0","0","0","0","0","0","0","0","0","0","0","0","0","0","0","0","","","","CRASH_2001_Philadelphia"
"2002026343","06","67","67301","67301","2001","08","7","0045","00","3","1","0","1","1","","","N","02","2","00","3","0","2","3","3","N","N","39 53:40.693","75 14:49.512","0106","","0102","2","1","1","N","","3 ","N","","","","","","","","","3","3","0","0","0","0","0","0","0","0","1","1","2","0","0","0","0","0","0","0","0","0","0","0","0","0","0","0","0","0","0","0","0","0","0","3","0","39.8944","-75.2467","","CRASH_2001_Philadelphia"
"2002031838","06","67","67301","67301","2001","10","6","0810","08","1","1","0","6","1","","","N","01","2","00","3","0","1","2","2","N","N","39 55:28.533","75 13:59.600","0820","","0817","","0","","N","","3 ","","","","","","","","","","2","2","0","0","0","0","0","0","0","0","0","1","1","0","0","0","0","0","0","0","0","0","0","0","0","0","0","0","0","0","0","0","0","0","0","4","0","39.9246","-75.2331","","CRASH_2001_Philadelphia"
"2002034039","06","67","67301","67301","2001","10","2","2045","20","3","1","1","1","1","","","N","00","0","00","3","0","1","3","2","N","N","39 56:20.885","75 09:59.260","2141","","2125","","0","","N","","0 ","","","","","","","","","","2","2","0","0","0","0","0","0","0","0","0","1","1","0","2","0","0","0","0","0","1","0","0","0","0","0","0","0","0","0","0","0","0","0","0","4","0","39.9392","-75.1665","","CRASH_2001_Philadelphia"
"2002037371","06","67","67301","67301","2001","11","7","2245","22","3","1","0","4","1","","","N","01","2","00","3","0","1","2","2","N","N","40 05:40.553","75 00:53.997","2250","","2243","","0","","N","","3 ","","","","","","","","","","2","2","0","0","0","0","0","0","0","0","0","1","1","0","0","0","0","0","1","0","0","0","0","0","0","0","0","0","0","0","0","0","0","0","0","4","0","40.0946","-75.0152","","CRASH_2001_Philadelphia"
"2002042602","06","67","67301","67301","2001","12","6","1806","18","3","1","0","4","1","","","N","01","2","00","3","0","2","4","2","N","N","40 00:54.685","75 10:12.082","1811","","1806","","0","","N","","3 ","","","","","","","","","","2","2","0","0","0","0","0","0","0","0","2","0","2","0","2","0","0","0","0","0","0","1","0","0","0","0","0","0","0","0","0","0","0","0","0","3","0","40.0152","-75.1698","","CRASH_2001_Philadelphia"
"2002031071","06","67","67301","67301","2001","09","3","0751","07","1","2","1","4","1","","","N","02","0","00","3","0","1","3","2","N","N","39 57:51.376","75 14:47.305","0801","","0800","","0","","N","","0 ","","","","","","","","","","2","2","0","0","0","0","0","0","0","0","0","1","1","0","1","0","0","0","0","0","0","0","0","0","0","0","0","0","0","0","0","0","0","0","0","4","0","39.9643","-75.2464","","CRASH_2001_Philadelphia"
"2002017622","06","67","67301","67301","2001","08","6","1855","18","1","1","0","7","4","","","N","05","1","03","3","0","1","1","1","N","N","40 01:55.954","75 05:02.837","1910","","1900","","0","","N","","3 ","","","","","","","","","","1","1","0","0","0","0","0","0","0","0","1","0","1","0","0","0","0","0","0","0","0","0","0","1","0","0","0","0","0","0","0","0","0","0","0","3","0","40.0322","-75.0843","","CRASH_2001_Philadelphia"
"2002026637","06","67","67301","67301","2001","09","5","1720","17","1","1","0","8","1","","","N","01","2","00","3","0","1","2","2","N","N","40 04:44.472","75 10:26.371","1730","","1724","","0","","N","","9 ","","","","","","","","","","1","1","0","0","0","0","0","0","1","0","0","1","1","0","0","0","0","0","0","0","0","0","0","0","0","0","0","0","0","0","0","0","0","0","0","4","0","40.079","-75.174","","CRASH_2001_Philadelphia"
"2002035732","06","67","67301","67301","2001","10","7","2033","20","3","1","0","5","6","","","N","00","0","00","3","0","0","2","3","N","N","39 57:43.248","75 09:32.547","2035","","2034","","0","","N","","0 ","","","","","","","","","","3","3","0","0","0","0","0","0","0","0","0","0","0","0","0","0","0","0","0","0","0","0","0","0","0","0","0","0","0","0","0","0","0","0","0","0","0","39.9619","-75.1592","","CRASH_2001_Philadelphia"
"2002039373","06","67","67301","67301","2001","12","7","1134","11","1","2","1","4","1","","","N","01","2","00","3","0","1","4","2","N","N","39 56:20.000","75 09:59.362","1139","","1139","","0","","N","","3 ","","","","","","","","","","2","2","0","0","0","0","0","0","0","0","0","1","1","0","0","0","0","0","0","0","0","0","1","0","0","0","0","0","0","0","0","0","0","0","0","4","0","39.9391","-75.1664","","CRASH_2001_Philadelphia"
"2002045924","06","67","67301","67301","2001","10","2","9999","99","1","1","0","8","1","","","N","01","2","00","3","0","1","2","2","N","N","40 02:12.336","75 02:27.782","1025","","1020","","0","","N","","3 ","","","","","","","","","","1","1","0","0","0","0","0","0","0","0","0","1","1","0","0","0","0","0","0","0","0","0","1","0","0","0","0","0","0","0","0","0","1","0","0","4","0","40.0368","-75.0407","","CRASH_2001_Philadelphia"
"2002028494","06","67","67301","67301","2001","09","4","0800","08","1","1","0","2","5","","","N","02","0","00","3","0","0","2","2","N","N","39 56:23.828","75 11:58.764","0817","","0809","","0","","N","","0 ","","","","","","","","","","2","2","0","0","0","0","0","0","0","0","0","0","0","0","0","0","0","0","0","0","0","0","0","0","0","0","0","0","0","0","0","0","0","0","0","0","0","39.94","-75.2002","","CRASH_2001_Philadelphia"
"2002033791","06","67","67301","67301","2001","10","5","1212","12","1","1","0","4","1","","","N","01","3","00","3","0","2","5","2","N","N","39 55:46.553","75 14:37.842","1220","","1212","","0","","N","","3 ","","","","","","","","","","2","2","0","0","0","0","0","0","0","0","0","2","2","0","0","0","0","0","0","0","1","0","0","3","0","0","0","0","0","0","0","0","0","0","0","4","0","39.9296","-75.244","","CRASH_2001_Philadelphia"
"2002016741","06","67","67301","67301","2001","07","5","1405","14","1","1","0","8","4","","","N","02","0","00","3","0","1","2","2","N","N","40 01:26.726","75 09:55.057","1420","","1415","","0","","N","","0 ","","","","","","","","","","1","1","0","0","0","0","0","0","0","1","0","0","1","0","0","0","0","0","0","0","0","0","0","0","0","0","0","0","0","0","0","0","1","0","1","2","0","40.0241","-75.1652","","CRASH_2001_Philadelphia"
"2002021989","06","67","67301","67601","2001","08","3","1720","17","1","1","0","8","1","","","N","01","2","00","3","0","1","2","2","N","N","39 56:55.000","75 09:37.000","1730","","1720","","0","","N","","3 ","","","","","","","","","","1","1","0","0","0","0","0","0","0","0","1","0","1","0","0","0","0","0","0","0","0","0","0","0","0","0","0","0","0","0","0","0","1","0","0","3","0","39.9489","-75.1603","","CRASH_2001_Philadelphia"
"2001240949","06","67","67301","67301","2001","04","2","1426","14","1","1","0","4","1","","","N","01","2","00","3","0","0","2","2","N","N","39 54:46.440","75 10:56.280","9999","","9999","","0","","N","","3 ","","","","","","","","","","2","1","0","1","0","0","0","0","0","0","0","0","0","0","0","0","0","0","0","0","1","0","0","0","0","0","0","0","0","0","0","0","0","0","0","0","1","39.913","-75.1824","","CRASH_2001_Philadelphia"
"2001267407","06","67","67301","67301","2001","08","4","2330","23","3","1","0","4","1","","","N","01","2","00","3","0","0","2","2","N","N","","","9999","","9999","","0","","N","","3 ","","","","","","","","","","2","2","0","0","0","0","0","0","0","0","0","0","0","0","0","0","1","0","0","0","0","0","0","0","0","0","0","0","0","0","0","0","0","0","0","0","0","","","","CRASH_2001_Philadelphia"
"2002012701","06","67","67301","67301","2001","06","7","0045","00","3","1","0","1","1","","","N","00","0","00","3","0","0","3","3","N","N","40 01:32.913","75 08:51.528","0051","","0051","","0","","N","","0 ","","","","","","","","","","3","3","0","0","0","0","0","0","0","0","0","0","0","0","0","0","0","0","0","0","0","0","0","3","0","0","0","0","0","0","0","0","0","0","0","0","0","40.0257","-75.1475","","CRASH_2001_Philadelphia"
"2002046254","06","67","67301","67301","2001","12","2","1430","14","1","1","0","1","1","","","N","00","0","00","3","0","1","1","2","N","N","39 59:43.000","75 08:29.000","1505","","1500","","0","","N","","0 ","","","","","","","","","","2","2","0","0","0","0","0","0","0","0","0","1","1","0","0","0","0","0","0","0","0","0","0","0","0","0","0","0","0","0","0","0","0","0","0","4","0","39.9953","-75.1414","","CRASH_2001_Philadelphia"
"2002032107","06","67","67301","67301","2001","10","2","1740","17","1","1","0","5","1","","","N","01","2","00","3","0","1","2","2","N","N","39 57:02.534","75 09:01.584","1750","","1746","","0","","N","","3 ","","","","","","","","","","1","1","0","0","0","0","0","0","1","0","0","1","1","0","0","0","0","0","0","0","0","0","0","0","0","0","0","0","0","0","0","0","0","0","0","4","0","39.9507","-75.1504","","CRASH_2001_Philadelphia"
"2002028471","06","67","67301","67301","2001","09","1","2348","23","3","1","0","5","1","","","N","01","2","00","3","0","1","2","2","N","N","39 58:59.535","75 09:24.596","2350","","2348","","0","","N","","3 ","","","","","","","","","","1","1","0","0","0","0","0","0","1","0","0","1","1","0","1","0","0","0","0","0","0","0","0","0","0","0","0","0","0","0","0","0","0","0","0","4","0","39.9832","-75.1568","","CRASH_2001_Philadelphia"
"2002032110","06","67","67301","67301","2001","10","4","1015","10","1","1","0","8","1","","","N","02","0","00","3","0","1","2","2","N","N","39 57:57.223","75 09:37.919","1108","","1100","","0","","N","","0 ","","","","","","","","","","1","1","0","0","0","0","0","0","0","0","1","0","1","0","1","0","0","0","0","0","0","1","0","0","0","0","0","0","0","0","0","0","1","0","0","3","0","39.9657","-75.1606","","CRASH_2001_Philadelphia"
"2002032518","06","67","67301","67301","2001","10","6","2005","20","2","1","0","7","3","","","N","07","0","02","3","0","0","1","1","N","N","39 53:34.918","75 13:20.533","2007","","2006","1","1","4","Y","","0 ","N","","","","","","","","","1","1","0","0","0","0","0","0","0","0","0","0","0","0","1","0","0","0","0","0","1","0","0","1","0","0","0","0","0","0","0","0","0","0","0","9","0","39.8931","-75.2222","","CRASH_2001_Philadelphia"
"2002038581","06","67","67301","67301","2001","12","3","1040","10","1","1","0","8","1","","","N","00","0","00","3","0","1","2","2","N","N","39 56:10.000","75 09:30.000","1102","","1100","","0","","N","","0 ","","","","","","","","","","1","1","0","0","0","0","0","0","0","0","0","1","1","0","0","0","0","0","0","0","0","0","1","0","0","0","0","0","0","0","0","0","1","0","0","4","0","39.9361","-75.1583","","CRASH_2001_Philadelphia"
"2002045870","06","67","67301","67301","2001","10","3","1910","19","3","1","0","5","1","","","N","07","0","02","3","0","1","3","2","N","N","39 54:37.800","75 08:56.400","1922","","1918","1","1","2","N","","0 ","N","","","","","","","","","2","2","0","0","0","0","0","0","0","0","0","1","1","0","0","0","0","0","0","0","0","0","0","0","0","0","0","0","0","0","0","0","0","0","0","4","0","39.9109","-75.149","","CRASH_2001_Philadelphia"
"2002031513","06","67","67301","67301","2001","10","2","1610","16","1","1","0","8","5","","","N","01","2","00","3","0","1","2","2","N","N","39 57:07.333","75 10:23.654","1619","","1615","","0","","N","","3 ","","","","","","","","","","1","0","0","1","0","0","0","0","0","0","0","1","1","0","0","0","0","0","0","0","0","0","0","0","0","0","0","0","0","0","0","0","1","0","0","4","1","39.9505","-75.1738","","CRASH_2001_Philadelphia"
"2002037295","06","67","67301","67301","2001","07","6","1443","14","1","1","0","4","1","","","N","02","0","00","3","0","1","2","2","N","N","39 59:32.773","75 05:33.367","1446","","1443","","0","","N","","0 ","","","","","","","","","","2","1","1","0","0","0","0","0","0","0","1","0","1","0","1","0","0","0","0","0","0","0","1","0","0","0","0","0","0","0","0","0","0","0","0","3","0","39.9924","-75.0926","","CRASH_2001_Philadelphia"
"2002037680","06","67","67301","67301","2001","11","3","1935","19","3","1","0","4","1","","","N","01","2","00","3","0","2","2","2","N","N","39 56:44.329","75 10:23.764","1945","","1940","","0","","Y","","3 ","","","","","","","","","","2","2","0","0","0","0","0","0","0","0","2","0","2","0","0","0","0","0","0","0","0","0","0","0","0","0","0","0","0","0","0","0","0","0","0","3","0","39.9456","-75.1733","","CRASH_2001_Philadelphia"