"CRN","DISTRICT","COUNTY","MUNICIPALITY","POLICE_AGCY","CRASH_YEAR","CRASH_MONTH","DAY_OF_WEEK","TIME_OF_DAY","HOUR_OF_DAY","ILLUMINATION","WEATHER","ROAD_CONDITION","COLLISION_TYPE","RELATION_TO_ROAD","WORK_ZONE_TYPE","WORK_ZONE_LOC","WORK_ZONE_IND","INTERSECT_TYPE","TCD_TYPE","LOCATION_TYPE","URBAN_RURAL","FATAL_COUNT","INJURY_COUNT","PERSON_COUNT","TOTAL_UNITS","SCH_BUS_IND","SCH_ZONE_IND","LATITUDE","LONGITUDE","ARRIVAL_TM","CONS_ZONE_SPD_LIM","DISPATCH_TM","EST_HRS_CLOSED","LANE_CLOSED","LN_CLOSE_DIR","NTFY_HIWY_MAINT","SPEC_JURIS_CD","TCD_FUNC_CD","TFC_DETOUR_IND","WORKERS_PRES","WZ_CLOSE_DETOUR","WZ_FLAGGER","WZ_LAW_OFFCR_IND","WZ_LN_CLOSURE","WZ_MOVING","WZ_OTHER","WZ_SHLDER_MDN","VEHICLE_COUNT","AUTOMOBILE_COUNT","MOTORCYCLE_COUNT","BUS_COUNT","SMALL_TRUCK_COUNT","HEAVY_TRUCK_COUNT","SUV_COUNT","VAN_COUNT","BICYCLE_COUNT","MAJ_INJ_COUNT","MOD_INJ_COUNT","MIN_INJ_COUNT","TOT_INJ_COUNT","UNK_INJ_DEG_COUNT","UNK_INJ_PER_COUNT","DRIVER_COUNT_16YR","DRIVER_COUNT_17YR","DRIVER_COUNT_18YR","DRIVER_COUNT_19YR","DRIVER_COUNT_20YR","DRIVER_COUNT_50_64YR","DRIVER_COUNT_65_74YR","DRIVER_COUNT_75PLUS","UNBELTED_OCC_COUNT","UNB_DEATH_COUNT","UNB_MAJ_INJ_COUNT","BELTED_DEATH_COUNT","BELTED_MAJ_INJ_COUNT","MCYCLE_DEATH_COUNT","MCYCLE_MAJ_INJ_COUNT","BICYCLE_DEATH_COUNT","BICYCLE_MAJ_INJ_COUNT","PED_COUNT","PED_DEATH_COUNT","PED_MAJ_INJ_COUNT","MAX_SEVERITY_LEVEL","COMM_VEH_COUNT","DEC_LAT","DEC_LONG","RDWY_SURF_TYPE_CD","COUNTY_YEAR"
"2002045672","06","67","67301","67301","2001","10","1","2330","23","3","1","0","4","1","","","N","01","2","00","3","0","0","2","3","N","N","40 01:59.740","75 01:45.111","2340","","2332","","0","","N","","3 ","","","","","","","","","","3","1","0","0","2","0","0","0","0","0","0","0","0","0","0","0","0","0","0","0","0","0","0","0","0","0","0","0","0","0","0","0","0","0","0","0","0","40.0332","-75.0291","","CRASH_2001_Philadelphia"
"2001261338","06","67","67301","67301","2001","06","7","0236","02","3","1","0","5","1","","","N","02","2","02","3","0","0","11","4","N","N","39 56:29.400","75 08:36.240","9999","","9999","","0","","N","","3 ","","","","","","","","","","4","2","0","0","0","0","1","0","0","0","0","0","0","0","0","0","1","0","0","0","0","0","0","0","0","0","0","0","0","0","0","0","0","0","0","0","0","39.9408","-75.1435","","CRASH_2001_Philadelphia"
"2002016833","06","67","67301","67301","2001","07","1","1853","18","1","1","0","7","2","1","8","Y","00","0","00","3","0","1","1","1","N","N","39 58:58.440","75 05:57.840","1900","40","1853","1","1","2","N","","0 ","N","N","","","U","","","","","1","1","0","0","0","0","0","0","0","0","0","1","1","0","0","0","0","0","0","0","1","0","0","1","0","0","0","0","0","0","0","0","0","0","0","4","0","39.983","-75.0992","","CRASH_2001_Philadelphia"
"2002039529","06","67","67301","67301","2001","11","2","1210","12","1","1","0","1","1","","","N","00","2","00","3","0","2","3","2","N","N","40 06:05.372","75 00:20.577","1228","","1220","","0","","N","","3 ","","","","","","","","","","2","2","0","0","0","0","0","0","0","0","0","2","2","0","0","0","0","0","0","0","1","0","0","1","0","0","0","0","0","0","0","0","0","0","0","4","0","40.1014","-75.0059","","CRASH_2001_Philadelphia"
"2002039674","06","67","67301","67301","2001","11","7","1300","13","1","1","0","6","1","","","N","01","2","00","3","0","1","2","2","N","N","39 57:23.883","75 12:34.953","1314","","1310","","0","","N","","3 ","","","","","","","","","","2","2","0","0","0","0","0","0","0","0","1","0","1","0","0","0","0","0","0","0","1","0","0","0","0","0","0","0","0","0","0","0","0","0","0","3","0","39.955","-75.21","","CRASH_2001_Philadelphia"
"2002059859","06","67","67301","67301","2001","12","2","1208","12","1","1","0","1","1","","","N","01","0","00","3","0","7","9","2","N","N","40 00:33.850","75 09:07.623","1225","","1215","9","1","4","N","","0 ","N","","","","","","","","","2","1","0","1","0","0","0","0","0","0","0","7","7","0","2","0","0","0","0","0","2","0","0","0","0","0","0","0","0","0","0","0","0","0","0","4","1","40.0094","-75.1521","","CRASH_2001_Philadelphia"
"2002016701","06","67","67301","67301","2001","07","5","2100","21","3","1","0","1","1","","","N","00","0","00","3","0","7","7","3","N","N","39 56:45.600","75 14:30.480","2102","","2102","","0","","N","","0 ","","","","","","","","","","3","3","0","0","0","0","0","0","0","0","0","7","7","0","0","0","0","0","1","1","0","0","0","0","0","0","0","0","0","0","0","0","0","0","0","4","0","39.9461","-75.242","","CRASH_2001_Philadelphia"
"2002017183","06","67","67301","67301","2001","07","5","0100","01","3","1","0","2","1","","","N","02","2","00","3","0","1","2","2","N","N","40 00:14.153","75 10:14.775","0110","","0101","","0","","N","","3 ","","","","","","","","","","1","1","0","0","0","0","0","0","1","0","0","1","1","0","0","0","0","0","0","0","1","0","0","0","0","0","0","0","0","0","0","0","0","0","0","4","0","40.0039","-75.1707","","CRASH_2001_Philadelphia"
"2002017865","06","67","67301","67301","2001","07","2","1558","15","1","1","0","8","1","","","N","01","2","00","3","0","1","2","2","N","N","39 55:49.000","75 10:06.459","1610","","1558","","0","","N","","3 ","","","","","","","","","","1","1","0","0","0","0","0","0","0","0","0","1","1","0","0","0","0","0","0","0","0","0","0","0","0","0","0","0","0","0","0","0","1","0","0","4","0","39.9305","-75.1684","","CRASH_2001_Philadelphia"
"2002012653","06","67","67301","67301","2001","07","5","1700","17","1","1","0","8","1","","","N","02","2","00","3","0","1","2","2","N","N","39 59:28.311","75 06:51.120","1703","","1701","","0","","N","","3 ","","","","","","","","","","1","1","0","0","0","0","0","0","0","0","0","1","1","0","0","0","0","0","0","0","0","0","0","1","0","0","0","0","0","0","0","0","1","0","0","4","0","39.9912","-75.1141","","CRASH_2001_Philadelphia"
"2002012166","06","67","67301","67301","2001","07","1","1010","10","1","1","0","7","4","","","N","00","0","00","3","0","0","1","1","N","N","40 05:35.993","75 01:01.176","1040","","1029","","0","","N","","0 ","","","","","","","","","","1","1","0","0","0","0","0","0","0","0","0","0","0","0","0","0","0","0","1","0","0","0","0","0","0","0","0","0","0","0","0","0","0","0","0","0","0","40.0933","-75.017","","CRASH_2001_Philadelphia"
"2002048165","06","67","67301","67301","2001","10","2","0143","01","3","2","1","4","1","","","N","00","0","00","3","0","1","1","2","N","N","40 00:44.168","75 04:28.788","0152","","0149","","0","","N","","0 ","","","","","","","","","","2","1","0","0","1","0","0","0","0","0","0","1","1","0","0","0","0","0","0","0","0","0","0","0","0","0","0","0","0","0","0","0","0","0","0","4","0","40.0122","-75.0746","","CRASH_2001_Philadelphia"
"2001244785","06","67","67301","67301","2001","05","4","1700","17","1","1","0","8","1","","","N","00","0","00","3","0","1","2","2","N","N","","","9999","","9999","","0","","N","","0 ","","","","","","","","","","1","0","0","0","1","0","0","0","0","0","1","0","1","0","0","0","0","0","0","0","1","0","0","0","0","0","0","0","0","0","0","0","1","0","0","3","0","","","","CRASH_2001_Philadelphia"
"2002003966","06","67","67301","67301","2001","06","2","1250","12","1","1","0","7","4","","","N","00","3","00","3","0","2","3","1","N","N","40 03:51.704","75 10:25.890","1258","","1253","","0","","N","","3 ","","","","","","","","","","1","1","0","0","0","0","0","0","0","2","0","0","2","0","1","0","0","0","0","0","0","0","0","1","0","1","0","0","0","0","0","0","0","0","0","2","0","40.0645","-75.1742","","CRASH_2001_Philadelphia"
"2002014563","06","67","67301","67301","2001","07","3","2323","23","3","1","0","4","1","","","N","01","2","00","3","0","2","3","2","N","N","39 57:33.840","75 14:43.440","0000","","2356","","0","","N","","3 ","","","","","","","","","","2","1","0","0","0","0","0","0","0","0","0","2","2","0","1","0","0","0","0","0","0","0","0","0","0","0","0","0","0","0","0","0","0","0","0","4","0","39.9594","-75.2454","","CRASH_2001_Philadelphia"
"2002023607","06","67","67301","67301","2001","08","4","1239","12","1","1","0","4","1","","","N","00","0","00","3","0","2","3","2","N","N","40 02:05.412","75 02:39.734","1445","","1440","","0","","N","","0 ","","","","","","","","","","2","2","0","0","0","0","0","0","0","0","0","2","2","0","0","0","0","0","1","0","0","0","1","0","0","0","0","0","0","0","0","0","0","0","0","4","0","40.0349","-75.0444","","CRASH_2001_Philadelphia"
"2002041397","06","67","67301","67301","2001","12","6","1717","17","4","2","1","8","1","","","N","01","2","00","3","0","1","2","2","N","N","39 59:06.388","75 14:51.395","1723","","1718","","0","","N","","3 ","","","","","","","","","","1","1","0","0","0","0","0","0","0","0","0","1","1","0","0","0","0","0","0","0","0","0","0","0","0","0","0","0","0","0","0","0","1","0","0","4","0","39.9851","-75.2474","","CRASH_2001_Philadelphia"
"2002012681","06","67","67301","67301","2001","07","5","1833","18","1","1","0","1","6","","","N","00","0","00","3","0","1","1","2","N","N","39 59:54.661","75 07:48.567","1843","","1833","","0","","N","","0 ","","","","","","","","","","2","2","0","0","0","0","0","0","0","0","1","0","1","0","0","0","0","0","0","0","0","0","0","1","0","0","0","0","0","0","0","0","0","0","0","3","1","39.9986","-75.1302","","CRASH_2001_Philadelphia"
"2001238084","06","67","67301","67301","2001","04","3","1823","18","1","1","0","4","1","","","N","02","0","00","3","0","1","2","2","N","N","39 57:54.795","75 14:28.989","9999","","9999","","0","","N","","0 ","","","","","","","","","","1","1","0","0","0","0","0","0","1","0","1","0","1","0","0","0","0","0","0","0","0","0","0","0","0","0","0","0","0","0","0","0","0","0","0","3","0","39.9652","-75.2414","","CRASH_2001_Philadelphia"
"2001288212","06","67","67301","","2001","06","6","0810","08","1","9","9","1","1","","","N","00","0","00","3","0","2","3","2","N","N","40 04:38.640","75 02:37.680","9999","","9999","","0","","N","","0 ","","","","","","","","","","2","2","0","0","0","0","0","0","0","0","2","0","2","0","0","0","0","0","0","0","1","0","0","0","0","0","0","0","0","0","0","0","0","0","0","3","0","40.0774","-75.0439","","CRASH_2001_Philadelphia"
"2002020057","06","67","67301","67301","2001","05","9","9999","99","6","8","8","4","1","","","N","00","0","00","3","0","0","2","2","N","N","","","0156","","9999","","0","","N","","0 ","","","","","","","","","","2","2","0","0","0","0","0","0","0","0","0","0","0","0","0","0","0","0","0","0","0","0","0","0","0","0","0","0","0","0","0","0","0","0","0","0","0","","","","CRASH_2001_Philadelphia"
"2002023703","06","67","67301","67301","2001","08","1","1800","18","1","6","1","4","1","","","N","02","2","00","3","0","2","4","2","N","N","39 54:33.120","75 14:30.840","1825","","1818","","0","","N","","3 ","","","","","","","","","","2","2","0","0","0","0","0","0","0","0","2","0","2","0","0","0","0","0","0","0","1","0","0","0","0","0","0","0","0","0","0","0","0","0","0","3","0","39.9041","-75.2403","","CRASH_2001_Philadelphia"
"2002017887","06","67","67301","67301","2001","08","2","0705","07","1","1","0","8","1","","","N","00","0","00","3","0","1","2","2","N","N","40 05:23.592","74 58:05.223","0712","","0707","","0","","N","","0 ","","","","","","","","","","1","1","0","0","0","0","0","0","0","0","0","1","1","0","0","0","0","0","0","0","0","0","0","0","0","0","0","0","0","0","0","0","1","0","0","4","0","40.0899","-74.9681","","CRASH_2001_Philadelphia"
"2002028109","06","67","67301","67301","2001","09","2","0756","07","2","1","0","2","9","","","N","02","0","01","3","0","0","2","2","N","N","40 02:30.483","75 06:44.732","0825","","0816","","0","","N","","0 ","","","","","","","","","","2","2","0","0","0","0","0","0","0","0","0","0","0","0","1","0","0","0","0","0","0","0","0","0","0","0","0","0","0","0","0","0","0","0","0","9","0","40.0418","-75.1124","","CRASH_2001_Philadelphia"
"2002028824","06","67","67301","67301","2001","09","1","0220","02","3","1","0","7","5","","","N","00","8","00","3","0","1","1","1","N","N","39 54:40.320","75 14:34.800","0226","","0220","","0","","N","","3 ","","","","","","","","","","1","1","0","0","0","0","0","0","0","0","0","1","1","0","0","0","0","0","0","0","0","0","0","0","0","0","0","0","0","0","0","0","0","0","0","4","0","39.9111","-75.2427","","CRASH_2001_Philadelphia"
"2002033143","06","67","67301","67301","2001","11","6","0747","07","1","1","0","4","1","","","N","02","0","07","3","0","1","3","2","N","N","40 00:11.000","75 08:29.000","0755","","0749","","0","","N","","0 ","","","","","","","","","","2","1","0","0","1","0","0","0","0","0","0","1","1","0","0","0","0","0","0","0","0","0","0","0","0","0","0","0","0","0","0","0","0","0","0","4","0","40.0031","-75.1414","","CRASH_2001_Philadelphia"
"2002036043","06","67","67301","67301","2001","11","2","0540","05","5","1","8","7","5","","","N","00","0","00","3","0","1","1","1","N","N","39 55:00.903","75 12:56.555","0542","","0541","","0","","N","","0 ","","","","","","","","","","1","1","0","0","0","0","0","0","0","0","0","1","1","0","0","0","0","0","0","0","0","0","0","0","0","0","0","0","0","0","0","0","0","0","0","4","0","39.9169","-75.2159","","CRASH_2001_Philadelphia"
"2002041469","06","67","67301","67301","2001","12","5","0955","09","1","1","0","8","1","","","N","01","2","00","3","0","1","3","2","N","N","40 02:12.961","75 08:02.962","0958","","0958","","0","","N","","3 ","","","","","","","","","","1","1","0","0","0","0","0","0","0","1","0","0","1","0","0","0","0","0","0","0","0","0","0","0","0","0","0","0","0","0","0","0","1","0","1","2","0","40.0369","-75.1341","","CRASH_2001_Philadelphia"
"2002031268","06","67","67301","67301","2001","10","3","0800","08","1","1","0","4","1","","","N","01","2","00","3","0","0","2","2","N","N","39 58:14.426","75 09:14.734","0800","","0758","","0","","N","","2 ","","","","","","","","","","2","2","0","0","0","0","0","0","0","0","0","0","0","0","0","0","0","0","0","0","2","0","0","0","0","0","0","0","0","0","0","0","0","0","0","0","0","39.9707","-75.1541","","CRASH_2001_Philadelphia"
"2002037866","06","67","67301","67301","2001","11","6","1925","19","3","1","0","1","1","","","N","00","0","00","3","0","0","2","2","N","N","40 00:15.157","75 11:44.411","1940","","1925","","0","","N","","0 ","","","","","","","","","","2","2","0","0","0","0","0","0","0","0","0","0","0","0","0","0","0","0","0","0","0","0","0","0","0","0","0","0","0","0","0","0","0","0","0","0","0","40.0045","-75.1957","","CRASH_2001_Philadelphia"
"2002041595","06","67","67301","67301","2001","12","4","1550","15","1","1","0","8","1","","","N","00","0","00","3","0","1","2","2","N","N","40 04:10.171","75 04:08.429","1605","","1550","","0","","N","","0 ","","","","","","","","","","1","1","0","0","0","0","0","0","0","0","0","1","1","0","0","0","0","0","0","0","0","0","0","0","0","0","0","0","0","0","0","0","1","0","0","4","0","40.0695","-75.069","","CRASH_2001_Philadelphia"
"2002001041","06","67","67301","67301","2001","05","5","1625","16","1","1","0","5","1","","","N","00","0","00","3","0","1","2","2","N","N","","","1650","","1633","","0","","N","","0 ","","","","","","","","","","2","2","0","0","0","0","0","0","0","0","0","1","1","0","0","0","0","1","0","0","0","0","0","0","0","0","0","0","0","0","0","0","0","0","0","4","0","","","","CRASH_2001_Philadelphia"
"2002035796","06","67","67301","67301","2001","10","7","1404","14","1","1","0","8","1","","","N","01","2","00","3","0","1","3","2","N","N","39 57:32.328","75 10:18.764","1409","","1405","","0","","N","","3 ","","","","","","","","","","1","1","0","0","0","0","0","0","0","1","0","0","1","0","0","0","0","0","0","0","1","0","0","0","0","0","0","0","0","0","0","0","1","0","1","2","0","39.9591","-75.172","","CRASH_2001_Philadelphia"
"2002037131","06","67","67301","67301","2001","11","6","1310","13","1","1","0","5","1","","","N","00","2","00","3","0","0","5","5","N","N","","","1315","","1310","","0","","N","","3 ","","","","","","","","","","5","5","0","0","0","0","0","0","0","0","0","0","0","0","1","0","0","0","0","1","1","0","0","0","0","0","0","0","0","0","0","0","0","0","0","9","0","","","","CRASH_2001_Philadelphia"
"2002043162","06","67","67301","67301","2001","12","4","1951","19","1","1","1","1","1","","","N","00","0","00","3","0","2","4","2","N","N","39 58:20.117","75 14:56.828","1027","","1023","","0","","N","","0 ","","","","","","","","","","2","1","0","0","1","0","0","0","0","0","0","2","2","0","0","0","0","0","0","0","0","0","0","3","0","0","0","0","0","0","0","0","0","0","0","4","1","39.9723","-75.2492","","CRASH_2001_Philadelphia"
"2002017129","06","67","67301","67301","2001","07","4","1745","17","3","1","0","1","1","","","N","01","2","00","3","0","0","4","2","N","N","40 01:39.473","75 05:58.229","0210","","0200","","0","","N","","3 ","","","","","","","","","","2","2","0","0","0","0","0","0","0","0","0","0","0","0","0","0","0","0","0","0","0","0","0","0","0","0","0","0","0","0","0","0","0","0","0","0","0","40.0274","-75.0991","","CRASH_2001_Philadelphia"
"2002042154","06","67","67301","67301","2001","12","2","0101","01","3","2","1","2","1","","","N","01","2","00","3","0","0","3","2","N","N","39 57:23.309","75 12:30.259","0134","","0126","","0","","N","","3 ","","","","","","","","","","2","2","0","0","0","0","0","0","0","0","0","0","0","0","0","0","0","0","0","1","0","0","0","0","0","0","0","0","0","0","0","0","0","0","0","0","0","39.9549","-75.2087","","CRASH_2001_Philadelphia"
"2002026348","06","67","67301","67301","2001","08","6","2045","20","3","1","0","4","1","","","N","01","2","00","3","0","0","2","3","N","N","39 57:08.189","75 10:30.427","2054","","2040","","0","","N","","3 ","","","","","","","","","","3","3","0","0","0","0","0","0","0","0","0","0","0","0","0","0","0","0","0","0","0","0","0","0","0","0","0","0","0","0","0","0","0","0","0","0","0","39.9508","-75.1757","","CRASH_2001_Philadelphia"
"2002027869","06","67","67301","67301","2001","09","5","1515","15","1","1","0","8","1","","","N","01","2","00","3","0","1","2","2","N","N","40 03:02.271","75 10:23.917","1515","","1515","","0","","N","","3 ","","","","","","","","","","1","1","0","0","0","0","0","0","0","0","1","0","1","0","0","0","0","0","0","0","0","0","1","0","0","0","0","0","0","0","0","0","1","0","0","3","0","40.0507","-75.1733","","CRASH_2001_Philadelphia"
"2002029473","06","67","67301","67301","2001","09","5","2130","21","3","2","1","1","1","","","N","00","0","00","3","0","1","2","2","N","N","40 02:50.281","75 00:51.291","2142","","2136","","0","","N","","0 ","","","","","","","","","","2","2","0","0","0","0","0","0","0","0","0","1","1","0","0","0","0","0","0","0","0","0","0","0","0","0","0","0","0","0","0","0","0","0","0","4","0","40.0473","-75.0142","","CRASH_2001_Philadelphia"
"2002033553","06","67","67301","67301","2001","10","6","1110","11","1","1","0","4","9","","","N","01","2","00","3","0","1","2","2","N","N","39 57:25.188","75 13:31.920","1116","","1114","","0","","N","","3 ","","","","","","","","","","2","2","0","0","0","0","0","0","0","0","0","1","1","0","0","0","0","0","0","0","0","0","0","0","0","0","0","0","0","0","0","0","0","0","0","4","0","39.9585","-75.2252","","CRASH_2001_Philadelphia"
"2002038802","06","67","67301","67301","2001","11","5","1115","11","1","1","0","7","2","","","N","00","0","00","3","0","1","1","1","N","N","40 01:44.000","75 11:15.000","1125","","1120","","0","","N","","0 ","","","","","","","","","","1","1","0","0","0","0","0","0","0","0","0","1","1","0","0","0","0","0","0","0","0","0","0","0","0","0","0","0","0","0","0","0","0","0","0","4","0","40.0289","-75.1875","","CRASH_2001_Philadelphia"
"2002016732","06","67","67301","67301","2001","07","5","1647","16","1","1","0","9","1","","","N","01","2","00","3","0","2","3","2","N","N","39 56:36.138","75 13:56.364","1649","","1649","","0","","N","","3 ","","","","","","","","","","1","1","0","0","0","0","0","0","1","0","1","1","2","0","0","0","0","0","0","0","0","0","0","0","0","0","0","0","0","0","0","0","0","0","0","3","0","39.9433","-75.2324","","CRASH_2001_Philadelphia"
"2002016805","06","67","67301","67301","2001","05","7","1245","12","1","2","1","8","6","","","N","00","0","07","3","0","1","2","2","N","N","40 02:00.240","75 04:18.840","1405","","1400","","0","","N","","0 ","","","","","","","","","","1","1","0","0","0","0","0","0","0","0","0","1","1","0","0","0","0","0","0","0","0","0","0","0","0","0","0","0","0","0","0","0","1","0","0","4","0","40.0335","-75.0719","","CRASH_2001_Philadelphia"
"2002043791","06","67","67301","67301","2001","11","6","2110","21","3","1","0","7","1","","","N","00","0","02","3","0","1","2","1","N","N","39 54:38.160","75 08:59.280","2125","","2115","1","2","1","N","","0 ","N","","","","","","","","","1","1","0","0","0","0","0","0","0","0","0","1","1","0","0","0","0","0","1","0","0","0","0","0","0","0","0","0","0","0","0","0","0","0","0","4","0","39.9107","-75.1488","","CRASH_2001_Philadelphia"
"2002045762","06","67","67301","67301","2001","10","2","1615","16","1","1","0","1","1","","","N","01","2","00","3","0","0","3","3","N","N","40 05:36.206","75 01:52.258","1620","","1615","","0","","N","","9 ","","","","","","","","","","3","3","0","0","0","0","0","0","0","0","0","0","0","0","0","0","0","0","0","0","0","0","0","0","0","0","0","0","0","0","0","0","0","0","0","0","0","40.0934","-75.0313","","CRASH_2001_Philadelphia"
"2002050906","06","67","67301","67301","2001","12","2","1530","15","1","1","0","4","7","","","N","02","3","00","3","0","0","3","2","N","N","39 56:04.084","75 14:09.543","1540","","1535","","0","","N","","3 ","","","","","","","","","","2","2","0","0","0","0","0","0","0","0","0","0","0","0","0","0","0","0","1","0","0","0","0","0","0","0","0","0","0","0","0","0","0","0","0","0","0","39.9345","-75.2359","","CRASH_2001_Philadelphia"
"2002016728","06","67","67301","67301","2001","07","7","9999","99","1","1","0","7","4","","","N","00","0","00","3","0","0","1","1","N","N","39 54:48.130","75 14:36.182","2017","","2012","","0","","N","","0 ","","","","","","","","","","1","1","0","0","0","0","0","0","0","0","0","0","0","0","0","0","0","0","0","0","0","0","0","0","0","0","0","0","0","0","0","0","0","0","0","0","0","39.9134","-75.2435","","CRASH_2001_Philadelphia"
"2002033555","06","67","67301","67301","2001","11","7","1530","15","1","1","0","1","1","","","N","01","2","00","3","0","1","2","2","N","N","39 56:47.633","75 14:44.952","1645","","1615","","0","","N","","3 ","","","","","","","","","","2","1","0","0","1","0","0","0","0","0","1","0","1","0","0","0","0","0","0","0","0","0","0","0","0","0","0","0","0","0","0","0","0","0","0","3","0","39.9466","-75.246","","CRASH_2001_Philadelphia"
"2002037127","06","67","67301","67301","2001","11","6","0822","08","1","1","0","4","1","","","N","01","2","00","3","0","1","4","2","N","N","40 05:12.040","74 58:18.543","0836","","0825","","0","","N","","3 ","","","","","","","","","","2","2","0","0","0","0","0","0","0","0","0","1","1","0","0","0","0","0","0","0","0","0","0","0","0","0","0","0","0","0","0","0","0","0","0","4","0","40.0868","-74.9719","","CRASH_2001_Philadelphia"
"2002022072","06","67","67301","67301","2001","08","1","0328","03","3","1","0","4","1","","","N","01","2","00","3","0","4","4","2","N","N","39 57:34.000","75 13:22.000","0335","","0330","2","1","1","N","","3 ","N","","","","","","","","","2","2","0","0","0","0","0","0","0","0","0","4","4","0","0","0","0","0","0","0","0","0","0","0","0","0","0","0","0","0","0","0","0","0","0","4","0","39.9597","-75.2227","","CRASH_2001_Philadelphia"
"2002024530","06","67","67301","67301","2001","08","4","1145","11","1","1","0","8","9","","","N","01","3","00","3","0","1","2","3","N","N","","","1240","","1233","","0","","N","","3 ","","","","","","","","","","2","1","0","0","0","1","0","0","0","0","1","0","1","0","1","0","0","0","0","0","0","0","0","0","0","0","0","0","0","0","0","0","1","0","0","3","1","","","","CRASH_2001_Philadelphia"
"2002008918","06","67","67301","67301","2001","06","2","1706","17","1","1","0","4","1","","","N","02","3","00","3","0","1","3","2","N","N","39 57:39.960","75 14:03.120","1744","","1734","","0","","N","","3 ","","","","","","","","","","1","1","0","0","0","0","0","0","1","0","0","1","1","0","0","0","0","0","0","0","0","0","0","0","0","0","0","0","0","0","0","0","0","0","0","4","0","39.9612","-75.2341","","CRASH_2001_Philadelphia"
"2002017139","06","67","67301","67301","2001","06","7","2322","23","3","1","0","5","1","","","N","00","2","00","3","0","1","4","2","N","N","39 57:24.037","75 12:36.212","2330","","2326","","0","","N","","3 ","","","","","","","","","","2","2","0","0","0","0","0","0","0","0","0","1","1","0","0","0","0","0","0","0","1","0","0","0","0","0","0","0","0","0","0","0","0","0","0","4","0","39.9551","-75.2103","","CRASH_2001_Philadelphia"
"2002041381","06","67","67301","67301","2001","12","7","2009","20","3","2","1","1","1","","","N","01","2","00","3","0","1","4","2","N","N","40 03:28.545","75 14:01.252","2025","","2009","","0","","N","","3 ","","","","","","","","","","2","2","0","0","0","0","0","0","0","0","0","1","1","0","0","0","0","0","0","0","0","0","0","0","0","0","0","0","0","0","0","0","0","0","0","4","0","40.0584","-75.2339","","CRASH_2001_Philadelphia"
"2002045686","06","67","67301","67301","2001","10","7","1823","18","3","1","0","4","1","","","N","00","0","00","3","0","1","2","2","N","N","39 57:53.000","75 11:36.000","1850","","1846","","0","","N","","0 ","","","","","","","","","","1","1","0","0","0","0","0","0","1","0","0","1","1","0","0","0","0","0","0","0","0","0","0","0","0","0","0","0","0","0","0","0","0","0","0","4","0","39.9647","-75.1933","","CRASH_2001_Philadelphia"
"2002048191","06","67","67301","67301","2001","10","6","2345","23","3","1","0","4","1","","","N","01","2","00","3","0","1","2","2","N","N","40 01:44.890","75 06:19.204","1156","","1154","","0","","N","","3 ","","","","","","","","","","2","2","0","0","0","0","0","0","0","0","1","0","1","0","0","0","0","0","0","0","0","0","0","1","0","0","0","0","0","0","0","0","0","0","0","3","0","40.0291","-75.1052","","CRASH_2001_Philadelphia"
"2002038325","06","67","67301","67301","2001","09","7","1300","13","1","1","0","4","1","","","N","01","2","00","3","0","1","4","2","N","N","40 00:36.674","75 05:52.977","9999","","1302","","0","","N","","3 ","","","","","","","","","","2","2","0","0","0","0","0","0","0","0","0","1","1","0","0","0","0","0","0","0","2","0","0","0","0","0","0","0","0","0","0","0","0","0","0","4","0","40.0102","-75.0981","","CRASH_2001_Philadelphia"
"2002001131","06","67","67301","67301","2001","06","1","2335","23","3","1","0","8","1","","","N","01","0","00","3","0","1","2","2","N","N","39 59:29.904","75 09:39.895","2341","","2341","","0","","N","","0 ","","","","","","","","","","1","1","0","0","0","0","0","0","0","0","0","1","1","0","1","0","0","0","0","0","0","0","0","0","0","0","0","0","0","0","0","0","1","0","0","4","0","39.9916","-75.1611","","CRASH_2001_Philadelphia"
"2002008902","06","67","67301","67301","2001","06","5","0529","05","5","1","0","1","1","","","N","05","2","00","3","0","0","2","2","N","N","39 58:24.466","75 12:35.295","0527","","0521","","0","","N","","3 ","","","","","","","","","","2","2","0","0","0","0","0","0","0","0","0","0","0","0","0","0","0","0","1","0","0","0","0","0","0","0","0","0","0","0","0","0","0","0","0","0","0","39.9735","-75.2098","","CRASH_2001_Philadelphia"
"2002023717","06","67","67301","67301","2001","08","5","2020","20","3","2","1","6","4","","","N","01","2","00","3","0","3","4","2","N","N","39 57:04.148","75 10:44.137","2030","","2036","","0","","N","","3 ","","","","","","","","","","2","1","0","1","0","0","0","0","0","0","2","1","3","0","0","0","0","0","0","0","1","0","0","0","0","0","0","0","0","0","0","0","0","0","0","3","1","39.9526","-75.1781","","CRASH_2001_Philadelphia"
"2002026555","06","67","67301","67301","2001","09","5","1438","14","1","1","0","5","1","","","N","00","0","00","3","0","1","2","2","N","N","","","1438","","1430","","0","","N","","0 ","","","","","","","","","","2","2","0","0","0","0","0","0","0","0","0","1","1","0","0","0","0","0","0","0","0","0","0","0","0","0","0","0","0","0","0","0","0","0","0","4","0","","","","CRASH_2001_Philadelphia"
"2002031681","06","67","67301","67301","2001","10","7","0155","01","3","1","0","7","4","","","N","00","0","03","3","0","1","5","2","N","N","39 53:56.385","75 10:07.438","0205","","0200","1","1","2","N","","0 ","N","","","","","","","","","1","1","0","0","0","0","0","0","0","0","0","1","1","0","0","0","0","0","0","0","0","0","0","0","0","0","0","0","0","0","0","0","0","0","0","4","0","39.8991","-75.1676","","CRASH_2001_Philadelphia"