"CRN","DISTRICT","COUNTY","MUNICIPALITY","POLICE_AGCY","CRASH_YEAR","CRASH_MONTH","DAY_OF_WEEK","TIME_OF_DAY","HOUR_OF_DAY","ILLUMINATION","WEATHER","ROAD_CONDITION","COLLISION_TYPE","RELATION_TO_ROAD","WORK_ZONE_TYPE","WORK_ZONE_LOC","WORK_ZONE_IND","INTERSECT_TYPE","TCD_TYPE","LOCATION_TYPE","URBAN_RURAL","FATAL_COUNT","INJURY_COUNT","PERSON_COUNT","TOTAL_UNITS","SCH_BUS_IND","SCH_ZONE_IND","LATITUDE","LONGITUDE","ARRIVAL_TM","CONS_ZONE_SPD_LIM","DISPATCH_TM","EST_HRS_CLOSED","LANE_CLOSED","LN_CLOSE_DIR","NTFY_HIWY_MAINT","SPEC_JURIS_CD","TCD_FUNC_CD","TFC_DETOUR_IND","WORKERS_PRES","WZ_CLOSE_DETOUR","WZ_FLAGGER","WZ_LAW_OFFCR_IND","WZ_LN_CLOSURE","WZ_MOVING","WZ_OTHER","WZ_SHLDER_MDN","VEHICLE_COUNT","AUTOMOBILE_COUNT","MOTORCYCLE_COUNT","BUS_COUNT","SMALL_TRUCK_COUNT","HEAVY_TRUCK_COUNT","SUV_COUNT","VAN_COUNT","BICYCLE_COUNT","MAJ_INJ_COUNT","MOD_INJ_COUNT","MIN_INJ_COUNT","TOT_INJ_COUNT","UNK_INJ_DEG_COUNT","UNK_INJ_PER_COUNT","DRIVER_COUNT_16YR","DRIVER_COUNT_17YR","DRIVER_COUNT_18YR","DRIVER_COUNT_19YR","DRIVER_COUNT_20YR","DRIVER_COUNT_50_64YR","DRIVER_COUNT_65_74YR","DRIVER_COUNT_75PLUS","UNBELTED_OCC_COUNT","UNB_DEATH_COUNT","UNB_MAJ_INJ_COUNT","BELTED_DEATH_COUNT","BELTED_MAJ_INJ_COUNT","MCYCLE_DEATH_COUNT","MCYCLE_MAJ_INJ_COUNT","BICYCLE_DEATH_COUNT","BICYCLE_MAJ_INJ_COUNT","PED_COUNT","PED_DEATH_COUNT","PED_MAJ_INJ_COUNT","MAX_SEVERITY_LEVEL","COMM_VEH_COUNT","DEC_LAT","DEC_LONG","RDWY_SURF_TYPE_CD","COUNTY_YEAR"
"2002032616","06","67","67301","67301","2001","09","6","0210","02","3","1","0","1","1","","","N","00","0","00","3","0","0","2","2","N","N","39 56:59.863","75 10:10.374","0210","","0210","3","2","4","N","","0 ","Y","","","","","","","","","2","2","0","0","0","0","0","0","0","0","0","0","0","0","0","0","0","0","0","0","0","0","0","0","0","0","0","0","0","0","0","0","0","0","0","0","0","39.9499","-75.1691","","CRASH_2001_Philadelphia"
"2002022790","06","67","67301","67301","2001","07","6","0825","08","1","1","0","1","1","","","N","01","2","00","3","0","1","3","3","N","N","40 01:34.108","75 07:18.874","0835","","0830","","0","","N","","3 ","","","","","","","","","","3","2","0","0","1","0","0","0","0","0","0","1","1","0","0","0","0","0","0","0","0","0","0","0","0","0","0","0","0","0","0","0","0","0","0","4","0","40.0261","-75.1219","","CRASH_2001_Philadelphia"
"2002034782","06","67","67301","67301","2001","11","2","0715","07","1","1","0","4","1","","","N","01","2","00","3","0","1","3","3","N","N","40 03:14.685","75 09:20.088","0730","","0726","","0","","N","","2 ","","","","","","","","","","3","3","0","0","0","0","0","0","0","0","1","0","1","0","0","0","0","0","0","0","1","0","0","0","0","0","0","0","0","0","0","0","0","0","0","3","0","40.0541","-75.1555","","CRASH_2001_Philadelphia"
"2001249069","06","67","67301","67301","2001","05","4","1347","13","1","1","0","1","1","","","N","00","0","00","3","0","4","4","4","N","N","","","9999","","9999","","0","","N","","0 ","","","","","","","","","","2","1","0","0","1","0","0","0","0","1","0","2","3","0","1","0","0","0","0","1","0","0","0","0","0","0","0","0","0","0","0","0","2","0","1","2","0","","","","CRASH_2001_Philadelphia"
"2001265477","06","67","67301","67301","2001","07","3","1810","18","1","1","0","4","1","","","N","02","0","07","3","0","1","2","3","N","N","39 58:12.360","75 11:20.040","9999","","9999","","0","","N","","0 ","","","","","","","","","","3","2","0","0","0","0","0","0","0","0","0","1","1","0","0","1","0","0","0","0","0","0","0","0","0","0","0","0","0","0","0","0","0","0","0","4","0","39.9699","-75.1889","","CRASH_2001_Philadelphia"
"2002018852","06","67","67301","46104","2001","08","3","1430","14","1","1","0","1","1","","","N","00","0","00","3","0","3","6","4","N","N","40 00:25.531","75 12:50.762","1440","","1440","1","1","2","N","","0 ","N","","","","","","","","","4","3","0","0","1","0","0","0","0","0","0","3","3","0","0","0","0","0","0","0","0","1","0","0","0","0","0","0","0","0","0","0","0","0","0","4","0","40.0071","-75.2141","","CRASH_2001_Philadelphia"
"2002033625","06","67","67301","67301","2001","11","2","1102","11","1","1","0","4","1","","","N","01","3","00","3","0","4","5","2","N","N","39 57:56.984","75 09:38.741","1108","","1103","","9","","N","","3 ","U","","","","","","","","","2","2","0","0","0","0","0","0","0","0","1","3","4","0","0","0","0","0","0","0","1","0","0","0","0","0","0","0","0","0","0","0","0","0","0","3","0","39.9657","-75.1606","","CRASH_2001_Philadelphia"
"2002034772","06","67","67301","67301","2001","10","4","1225","12","1","1","0","4","1","1","8","Y","01","2","00","3","0","1","2","2","N","N","39 58:30.403","75 11:16.894","1230","99","1230","","0","","N","","3 ","","N","","","U","","","","Y","2","2","0","0","0","0","0","0","0","0","0","1","1","0","0","0","0","0","0","1","1","0","0","1","0","0","0","0","0","0","0","0","0","0","0","4","0","39.9752","-75.1882","","CRASH_2001_Philadelphia"
"2002035978","06","67","67301","67301","2001","10","2","1538","15","1","1","0","4","1","","","N","01","2","01","3","0","0","2","2","N","N","40 00:25.000","75 05:38.000","1607","","1558","","0","","N","","9 ","","","","","","","","","","2","1","0","0","1","0","0","0","0","0","0","0","0","0","0","0","0","1","0","0","0","0","1","0","0","0","0","0","0","0","0","0","0","0","0","0","0","40.0069","-75.0939","","CRASH_2001_Philadelphia"
"2002042734","06","67","67301","67301","2001","12","1","0956","09","1","1","0","4","1","","","N","01","2","00","3","0","1","3","2","N","N","39 54:42.430","75 10:21.982","1001","","1001","","0","","N","","3 ","","","","","","","","","","2","2","0","0","0","0","0","0","0","0","1","0","1","0","0","0","0","0","0","0","1","0","0","1","0","0","0","0","0","0","0","0","0","0","0","3","0","39.9117","-75.1724","","CRASH_2001_Philadelphia"
"2002026566","06","67","67301","67301","2001","09","3","1206","12","1","1","0","4","1","","","N","00","0","00","3","0","1","2","2","N","N","39 57:51.480","75 11:04.920","1208","","1206","1","2","4","N","","0 ","N","","","","","","","","","2","1","0","0","0","1","0","0","0","0","0","1","1","0","0","0","0","0","0","0","0","0","0","0","0","0","0","0","0","0","0","0","0","0","0","4","1","39.9647","-75.185","","CRASH_2001_Philadelphia"
"2002044203","06","67","67301","67301","2001","12","6","0932","09","1","1","0","2","1","","","N","01","2","00","3","0","0","4","3","N","N","39 58:12.838","75 09:35.167","0939","","0932","","0","","N","","3 ","","","","","","","","","","3","3","0","0","0","0","0","0","0","0","0","0","0","0","0","0","0","0","0","0","0","0","0","0","0","0","0","0","0","0","0","0","0","0","0","0","0","39.9702","-75.1596","","CRASH_2001_Philadelphia"
"2002031078","06","67","67301","67301","2001","09","6","2111","21","3","1","0","4","1","","","N","02","3","00","3","0","1","2","2","N","N","40 02:14.327","75 13:14.331","2115","","2113","","0","","N","","3 ","","","","","","","","","","1","1","0","0","0","0","0","0","1","0","0","1","1","0","0","0","0","0","0","0","0","0","0","0","0","0","0","0","0","0","0","0","0","0","0","4","0","40.0372","-75.2205","","CRASH_2001_Philadelphia"
"2002034231","06","67","67301","67301","2001","09","7","1700","17","1","1","0","8","9","","","N","00","2","00","3","0","1","2","2","N","N","39 59:46.674","75 10:23.133","2015","","2010","","0","","N","","3 ","","","","","","","","","","1","1","0","0","0","0","0","0","0","0","0","1","1","0","1","0","0","0","0","0","0","0","0","0","0","0","0","0","0","0","0","0","1","0","0","4","0","39.9963","-75.1731","","CRASH_2001_Philadelphia"
"2002042611","06","67","67301","67301","2001","12","3","0745","07","1","2","1","7","4","","","N","00","0","00","3","0","1","1","1","N","N","40 00:39.799","75 09:06.107","0750","","0750","","0","","N","","0 ","","","","","","","","","","1","1","0","0","0","0","0","0","0","0","1","0","1","0","0","0","0","0","0","1","0","0","0","0","0","0","0","0","0","0","0","0","0","0","0","3","0","40.0109","-75.1514","","CRASH_2001_Philadelphia"
"2002043747","06","67","67301","67301","2001","11","2","0219","02","3","1","0","7","3","","","N","00","0","00","3","0","0","1","1","N","N","39 54:49.654","75 08:53.913","0224","","0219","","0","","N","","0 ","","","","","","","","","","1","1","0","0","0","0","0","0","0","0","0","0","0","0","0","0","0","0","0","0","0","0","0","0","0","0","0","0","0","0","0","0","0","0","0","0","0","39.9124","-75.1487","","CRASH_2001_Philadelphia"
"2002008923","06","67","67301","67301","2001","06","2","1636","16","1","1","0","1","1","","","N","00","0","00","3","0","1","3","2","N","N","","","1636","","1636","","0","","N","","0 ","","","","","","","","","","2","2","0","0","0","0","0","0","0","0","0","1","1","0","0","0","0","0","0","0","0","0","0","0","0","0","0","0","0","0","0","0","0","0","0","4","0","","","","CRASH_2001_Philadelphia"
"2002012149","06","67","67301","67301","2001","07","6","2320","23","3","1","0","1","1","","","N","01","2","00","3","0","3","3","2","N","N","39 57:28.088","75 13:09.336","1220","","1219","","0","","N","","3 ","","","","","","","","","","2","2","0","0","0","0","0","0","0","0","0","3","3","0","0","0","0","0","1","0","1","0","0","0","0","0","0","0","0","0","0","0","0","0","0","4","0","39.9562","-75.2196","","CRASH_2001_Philadelphia"
"2002022506","06","67","67301","67301","2001","10","4","1700","17","1","1","0","8","1","","","N","01","2","00","3","0","1","2","2","N","N","39 57:33.297","75 13:30.153","1700","","1700","","0","","N","","3 ","","","","","","","","","","1","0","1","0","0","0","0","0","0","0","1","0","1","0","0","0","0","0","0","0","0","0","0","0","0","0","0","0","0","0","0","0","1","0","0","3","0","39.9592","-75.225","","CRASH_2001_Philadelphia"
"2002005838","06","67","67301","67301","2001","06","6","0630","06","1","1","0","4","1","","","N","01","2","00","3","0","2","2","2","N","N","","","0640","","9999","","0","","N","","2 ","","","","","","","","","","2","2","0","0","0","0","0","0","0","0","0","2","2","0","0","0","0","0","0","0","0","0","0","0","0","0","0","0","0","0","0","0","0","0","0","4","0","","","","CRASH_2001_Philadelphia"
"2001261341","06","67","67301","67301","2001","01","5","1745","17","1","1","0","5","1","","","N","00","0","00","3","0","3","6","2","N","N","","","9999","","9999","","0","","N","","0 ","","","","","","","","","","2","1","0","1","0","0","0","0","0","0","0","3","3","0","0","1","0","0","0","0","1","0","0","0","0","0","0","0","0","0","0","0","0","0","0","4","1","","","","CRASH_2001_Philadelphia"
"2002026521","06","67","67301","67301","2001","07","3","1810","18","1","1","0","1","1","","","N","00","0","07","3","0","4","5","2","N","N","40 02:01.391","75 01:01.915","9999","","9999","","0","","N","","0 ","","","","","","","","","","2","1","0","0","1","0","0","0","0","0","0","4","4","0","0","0","0","0","0","0","1","0","0","0","0","0","0","0","0","0","0","0","0","0","0","4","0","40.0337","-75.0173","","CRASH_2001_Philadelphia"
"2002030882","06","67","67301","67301","2001","09","6","0835","08","1","2","1","8","1","","","N","00","0","00","3","0","1","2","2","N","N","40 02:03.086","75 10:20.901","0843","","0836","","0","","N","","0 ","","","","","","","","","","1","1","0","0","0","0","0","0","0","0","1","0","1","0","0","0","0","0","0","0","0","0","0","0","0","0","0","0","0","0","0","0","1","0","0","3","0","40.0342","-75.1725","","CRASH_2001_Philadelphia"
"2002049704","06","67","67301","67301","2001","12","2","1409","14","1","1","0","4","1","","","N","01","2","00","3","0","1","2","2","N","N","39 56:37.000","75 13:21.000","1415","","1409","","0","","N","","3 ","","","","","","","","","","2","2","0","0","0","0","0","0","0","0","0","1","1","0","0","0","0","0","0","0","0","0","0","0","0","0","0","0","0","0","0","0","0","0","0","4","0","39.9436","-75.2225","","CRASH_2001_Philadelphia"
"2002020178","06","67","67301","67301","2001","07","6","9999","99","1","1","0","8","9","","","N","10","3","99","3","0","1","2","2","N","N","40 01:15.553","75 09:50.223","9999","","1740","","0","","N","","3 ","","","","","","","","","","1","1","0","0","0","0","0","0","0","0","0","1","1","0","0","0","0","0","0","0","0","0","0","1","0","0","0","0","0","0","0","0","1","0","0","4","0","40.021","-75.164","","CRASH_2001_Philadelphia"
"2002028809","06","67","67301","67301","2001","09","7","0005","00","3","1","0","4","1","","","N","01","2","00","3","0","4","6","2","N","N","40 03:35.370","75 10:24.378","0011","","0006","","0","","N","","2 ","","","","","","","","","","2","2","0","0","0","0","0","0","0","0","1","3","4","0","1","0","0","0","0","0","1","0","0","1","0","0","0","0","0","0","0","0","0","0","0","3","0","40.0598","-75.1734","","CRASH_2001_Philadelphia"
"2002029751","06","67","67301","67301","2001","09","7","1417","14","1","1","1","4","1","","","N","01","2","00","3","0","1","2","2","N","N","40 00:39.347","75 09:03.324","1424","","1421","","0","","N","","3 ","","","","","","","","","","1","1","0","0","0","0","0","0","1","0","1","0","1","0","0","0","0","0","0","0","0","0","0","0","0","0","0","0","0","0","0","0","0","0","0","3","0","40.0107","-75.1508","","CRASH_2001_Philadelphia"
"2002041668","06","67","67301","06301","2001","12","2","1420","14","1","1","0","1","1","","","N","00","2","00","3","0","1","2","2","N","Y","40 03:19.381","75 04:24.115","1450","","1427","","0","","Y","","3 ","","","","","","","","","","2","1","0","0","1","0","0","0","0","0","0","1","1","0","0","0","0","0","0","0","0","1","0","0","0","0","0","0","0","0","0","0","0","0","0","4","0","40.0553","-75.0734","","CRASH_2001_Philadelphia"
"2002048188","06","67","67301","67301","2001","07","6","1047","10","1","1","0","1","7","","","N","10","4","02","3","0","1","2","2","N","N","39 58:25.144","75 07:14.893","1050","","1047","","0","","N","","3 ","","","","","","","","","","2","2","0","0","0","0","0","0","0","0","0","1","1","0","0","0","0","0","0","0","2","0","0","0","0","0","0","0","0","0","0","0","0","0","0","4","0","39.9737","-75.1208","","CRASH_2001_Philadelphia"
"2002044108","06","67","67301","67301","2001","11","3","1820","18","3","1","0","4","1","","","N","05","2","00","3","0","1","3","2","N","N","40 02:30.852","75 04:30.405","1833","","1829","","0","","N","","3 ","","","","","","","","","","2","2","0","0","0","0","0","0","0","0","0","1","1","0","0","0","0","0","0","0","1","0","1","0","0","0","0","0","0","0","0","0","0","0","0","4","0","40.0419","-75.075","","CRASH_2001_Philadelphia"
"2002031047","06","67","67301","67301","2001","10","2","2053","20","3","7","0","4","1","","","N","01","2","00","3","0","1","2","2","N","N","40 00:31.030","75 04:07.367","2058","","2055","","0","","N","","3 ","","","","","","","","","","2","2","0","0","0","0","0","0","0","0","1","0","1","0","1","0","0","0","0","0","0","0","0","0","0","0","0","0","0","0","0","0","0","0","0","3","0","40.0086","-75.0688","","CRASH_2001_Philadelphia"
"2002043690","06","67","67301","67301","2001","12","1","1155","11","1","1","0","4","1","","","N","01","2","00","3","0","1","2","2","N","N","39 57:27.000","75 09:44.242","1207","","1202","","0","","Y","","3 ","","","","","","","","","","2","2","0","0","0","0","0","0","0","0","1","0","1","0","0","0","0","0","0","0","0","0","0","0","0","0","0","0","0","0","0","0","0","0","0","3","0","39.9577","-75.1624","","CRASH_2001_Philadelphia"
"2002044023","06","67","67301","67301","2001","12","6","1332","13","1","1","0","5","1","","","N","00","0","00","3","0","0","3","4","N","N","40 03:13.869","75 10:42.736","1405","","1345","","0","","N","","0 ","","","","","","","","","","4","4","0","0","0","0","0","0","0","0","0","0","0","0","0","0","0","0","0","0","0","0","0","0","0","0","0","0","0","0","0","0","0","0","0","0","0","40.0539","-75.1785","","CRASH_2001_Philadelphia"
"2002022048","06","67","67301","67301","2001","07","3","1400","14","1","1","0","8","1","","","N","00","0","00","3","0","1","3","4","N","N","39 59:36.554","75 06:33.470","1405","","1400","","0","","N","","0 ","","","","","","","","","","3","3","0","0","0","0","0","0","0","0","1","0","1","0","0","0","0","0","0","0","0","1","0","1","0","0","0","0","0","0","0","0","1","0","0","3","0","39.9935","-75.1093","","CRASH_2001_Philadelphia"
"2002026295","06","67","67301","67301","2001","09","2","1226","12","1","1","0","4","1","","","N","01","2","00","3","0","1","2","2","N","N","39 56:17.760","75 11:55.420","1230","","1226","","0","","N","","3 ","","","","","","","","","","2","1","1","0","0","0","0","0","0","1","0","0","1","0","0","0","0","0","1","0","0","0","0","0","0","0","0","0","0","1","0","0","0","0","0","2","0","39.937","-75.1994","","CRASH_2001_Philadelphia"
"2002023698","06","67","67301","67301","2001","08","4","1645","16","1","1","0","8","1","","","N","01","2","00","3","0","1","2","2","N","N","39 57:06.614","75 09:35.267","1645","","1645","","0","","N","","3 ","","","","","","","","","","1","1","0","0","0","0","0","0","0","1","0","0","1","0","0","0","0","0","0","0","0","0","0","0","0","0","0","0","0","0","0","0","1","0","1","2","0","39.9519","-75.1599","","CRASH_2001_Philadelphia"
"2002026285","06","67","67301","67301","2001","09","2","2250","22","3","1","0","5","1","","","N","01","3","00","3","0","2","3","4","N","N","40 04:17.421","75 09:55.555","2252","","2250","","0","","N","","3 ","","","","","","","","","","4","3","0","0","1","0","0","0","0","0","0","2","2","0","0","0","0","0","0","0","0","0","0","0","0","0","0","0","0","0","0","0","0","0","0","4","0","40.0715","-75.1654","","CRASH_2001_Philadelphia"
"2002032585","06","67","67301","67301","2001","10","4","1745","17","1","1","0","1","1","","","N","00","0","00","3","0","2","3","2","N","N","39 59:22.000","75 06:26.000","1843","","1843","","0","","N","","0 ","","","","","","","","","","2","2","0","0","0","0","0","0","0","0","0","2","2","0","1","0","0","0","0","0","0","1","0","0","0","0","0","0","0","0","0","0","0","0","0","4","0","39.9894","-75.1072","","CRASH_2001_Philadelphia"
"2002035999","06","67","67301","67301","2001","10","4","0228","02","3","1","0","4","1","","","N","01","2","00","3","0","0","2","2","N","N","39 55:40.333","75 08:41.097","0230","","0229","","0","","N","","3 ","","","","","","","","","","2","2","0","0","0","0","0","0","0","0","0","0","0","0","1","0","0","0","0","0","0","0","0","0","0","0","0","0","0","0","0","0","0","0","0","9","0","39.9273","-75.1448","","CRASH_2001_Philadelphia"
"2002037373","06","67","67301","67301","2001","12","7","2220","22","3","1","0","4","1","","","N","01","2","00","3","0","1","2","2","N","N","40 05:12.040","74 58:18.543","2232","","2226","","0","","N","","3 ","","","","","","","","","","2","2","0","0","0","0","0","0","0","0","1","0","1","0","0","0","0","0","0","0","0","0","0","0","0","0","0","0","0","0","0","0","0","0","0","3","0","40.0868","-74.9719","","CRASH_2001_Philadelphia"
"2002041966","06","67","67301","67301","2001","12","1","0046","00","3","1","0","7","4","","","N","00","0","00","3","0","0","3","1","N","N","","","0048","","0046","","0","","N","","0 ","","","","","","","","","","1","1","0","0","0","0","0","0","0","0","0","0","0","0","0","0","0","0","0","0","0","0","0","0","0","0","0","0","0","0","0","0","0","0","0","0","0","","","","CRASH_2001_Philadelphia"
"2002033575","06","67","67301","67301","2001","10","1","0255","02","3","1","0","1","1","","","N","01","2","00","3","0","4","4","2","N","N","40 06:43.397","74 59:25.356","0300","","0255","","0","","Y","","3 ","","","","","","","","","","2","2","0","0","0","0","0","0","0","0","1","3","4","0","0","0","0","0","0","0","0","0","0","1","0","0","0","0","0","0","0","0","0","0","0","3","0","40.112","-74.9905","","CRASH_2001_Philadelphia"
"2002033707","06","67","67301","67301","2001","09","4","1702","17","1","1","0","4","1","","","N","00","0","00","3","0","1","2","2","N","N","39 58:35.782","75 09:29.722","2025","","2025","","0","","N","","0 ","","","","","","","","","","2","2","0","0","0","0","0","0","0","0","0","1","1","0","0","0","0","0","0","0","0","0","0","0","0","0","0","0","0","0","0","0","0","0","0","4","0","39.9764","-75.1583","","CRASH_2001_Philadelphia"
"2002044373","06","67","67301","67301","2001","10","1","0840","08","1","1","0","2","1","","","N","00","0","00","3","0","2","2","2","N","N","39 53:22.240","75 13:55.876","0841","","0840","","0","","N","","0 ","","","","","","","","","","2","2","0","0","0","0","0","0","0","2","0","0","2","0","0","0","0","0","0","0","0","0","1","1","0","1","0","1","0","0","0","0","0","0","0","2","0","39.8896","-75.2324","","CRASH_2001_Philadelphia"
"2002012739","06","67","67301","67301","2001","07","7","1159","11","1","1","0","4","1","","","N","01","2","00","3","0","0","2","2","N","N","40 02:29.040","75 01:41.880","1208","","1200","","0","","N","","3 ","","","","","","","","","","2","2","0","0","0","0","0","0","0","0","0","0","0","0","2","0","0","0","0","0","0","0","0","0","0","0","0","0","0","0","0","0","0","0","0","9","0","40.0414","-75.0283","","CRASH_2001_Philadelphia"
"2002031131","06","67","67301","67301","2001","10","3","1713","17","1","1","0","1","1","","","N","00","0","00","3","0","1","4","4","N","N","40 07:50.997","75 00:53.705","1725","","1714","","0","","N","","0 ","","","","","","","","","","4","4","0","0","0","0","0","0","0","0","0","1","1","0","0","0","0","0","1","0","1","1","0","0","0","0","0","0","0","0","0","0","0","0","0","4","0","40.1309","-75.0145","","CRASH_2001_Philadelphia"
"2002045945","06","67","67301","67301","2001","10","5","1835","18","1","1","0","1","1","","","N","00","0","00","3","0","0","4","2","N","N","39 57:37.225","75 08:24.815","1844","","1844","","0","","N","","0 ","","","","","","","","","","2","2","0","0","0","0","0","0","0","0","0","0","0","0","0","0","0","0","1","0","0","0","0","0","0","0","0","0","0","0","0","0","0","0","0","0","0","39.9603","-75.1403","","CRASH_2001_Philadelphia"
"2002005839","06","67","67301","67301","2001","06","2","9999","99","4","1","0","4","1","","","N","02","3","00","3","0","2","3","2","N","N","","","9999","","9999","","0","","N","","3 ","","","","","","","","","","2","2","0","0","0","0","0","0","0","0","0","2","2","0","0","0","0","0","0","0","0","0","0","0","0","0","0","0","0","0","0","0","0","0","0","4","0","","","","CRASH_2001_Philadelphia"
"2002017092","06","67","67301","67301","2001","07","7","0235","02","3","1","0","8","1","","","N","00","0","00","3","0","1","2","2","N","N","39 57:11.625","75 11:42.222","0502","","0502","","0","","N","","0 ","","","","","","","","","","1","1","0","0","0","0","0","0","0","0","0","1","1","0","0","0","0","0","0","0","0","0","0","0","0","0","0","0","0","0","0","0","1","0","0","4","0","39.9547","-75.1947","","CRASH_2001_Philadelphia"
"2002017184","06","67","67301","67301","2001","07","1","0015","00","6","1","0","8","1","","","N","01","2","00","3","0","1","2","2","N","N","40 00:33.485","75 09:04.643","0004","","0015","","0","","N","","3 ","","","","","","","","","","1","0","0","0","1","0","0","0","0","0","1","0","1","0","1","0","0","0","0","0","0","0","0","0","0","0","0","0","0","0","0","0","1","0","0","3","0","40.0092","-75.1512","","CRASH_2001_Philadelphia"
"2002017286","06","67","67301","67301","2001","07","3","0800","08","1","1","0","4","1","","","N","01","2","00","3","0","0","2","2","N","N","40 04:50.160","75 01:42.240","0830","","0820","","0","","N","","3 ","","","","","","","","","","2","2","0","0","0","0","0","0","0","0","0","0","0","0","0","0","0","0","0","0","0","0","0","0","0","0","0","0","0","0","0","0","0","0","0","0","0","40.0808","-75.0284","","CRASH_2001_Philadelphia"
"2002020198","06","67","67301","67301","2001","07","5","0324","03","3","2","1","7","2","","","N","00","0","00","3","0","0","2","1","N","N","40 01:23.210","75 02:07.589","0327","","0326","2","1","1","N","","0 ","N","","","","","","","","","1","1","0","0","0","0","0","0","0","0","0","0","0","0","2","0","0","0","0","0","0","0","0","0","0","0","0","0","0","0","0","0","0","0","0","9","0","40.0228","-75.0359","","CRASH_2001_Philadelphia"
"2002039407","06","67","67301","67301","2001","11","3","2000","20","1","1","0","8","1","","","N","01","2","00","3","0","1","2","2","N","N","40 01:37.063","75 12:33.951","0807","","0804","","0","","N","","3 ","","","","","","","","","","1","1","0","0","0","0","0","0","0","0","1","0","1","0","0","0","0","0","0","0","1","0","0","0","0","0","0","0","0","0","0","0","1","0","0","3","0","40.0269","-75.2094","","CRASH_2001_Philadelphia"
"2002017265","06","67","67301","67301","2001","07","5","1736","17","1","1","0","8","1","","","N","01","3","00","3","0","1","2","2","N","N","40 02:42.000","75 08:16.000","1736","","0733","","0","","N","","3 ","","","","","","","","","","1","1","0","0","0","0","0","0","0","0","0","1","1","0","0","0","0","0","0","0","0","0","0","0","0","0","0","0","0","0","0","0","1","0","0","4","0","40.045","-75.1378","","CRASH_2001_Philadelphia"
"2002031703","06","67","67301","67301","2001","09","1","1300","13","1","2","0","4","1","","","N","01","2","00","3","0","1","3","2","N","N","39 59:30.915","75 08:25.003","0102","","1302","","0","","N","","3 ","","","","","","","","","","2","2","0","0","0","0","0","0","0","0","0","1","1","0","1","0","0","0","0","0","0","0","0","1","0","0","0","0","0","0","0","0","0","0","0","4","0","39.992","-75.1402","","CRASH_2001_Philadelphia"
"2002032197","06","67","67301","67301","2001","10","4","0657","06","1","1","0","4","3","","","N","01","2","00","3","0","2","4","2","N","N","39 54:21.313","75 11:37.600","0457","","0452","","9","","N","","3 ","U","","","","","","","","","2","1","0","0","1","0","0","0","0","0","0","2","2","0","2","0","0","0","0","0","0","0","0","0","0","0","0","0","0","0","0","0","0","0","0","4","0","39.9057","-75.1938","","CRASH_2001_Philadelphia"
"2002037347","06","67","67301","67301","2001","11","7","1700","17","3","1","0","7","1","","","N","00","0","00","3","0","1","1","1","N","N","40 01:38.580","75 05:53.282","1712","","1701","","0","","N","","0 ","","","","","","","","","","1","0","1","0","0","0","0","0","0","0","1","0","1","0","0","0","0","0","0","0","0","0","0","0","0","0","0","0","0","0","0","0","0","0","0","3","0","40.0273","-75.0981","","CRASH_2001_Philadelphia"
"2002037676","06","67","67301","67301","2001","11","2","0030","00","3","1","0","4","1","","","N","02","3","00","3","0","0","7","2","N","N","39 58:13.641","75 12:15.083","1242","","1240","","0","","N","","9 ","","","","","","","","","","2","1","0","1","0","0","0","0","0","0","0","0","0","0","0","0","0","0","0","0","0","0","0","0","0","0","0","0","0","0","0","0","0","0","0","0","1","39.9705","-75.2042","","CRASH_2001_Philadelphia"
"2002041460","06","67","67301","67301","2001","12","6","0700","07","1","1","0","8","1","","","N","00","0","00","3","0","1","2","2","N","N","39 59:56.368","75 07:58.739","0720","","0715","","0","","N","","0 ","","","","","","","","","","1","1","0","0","0","0","0","0","0","0","1","0","1","0","0","0","0","0","0","0","0","0","0","0","0","0","0","0","0","0","0","0","1","0","0","3","0","39.999","-75.133","","CRASH_2001_Philadelphia"
"2002010521","06","67","67301","67301","2001","06","7","1750","17","1","2","1","5","1","","","N","01","0","00","3","0","0","2","2","N","N","40 06:46.702","75 01:23.255","1810","","1805","","0","","N","","0 ","","","","","","","","","","2","2","0","0","0","0","0","0","0","0","0","0","0","0","0","0","0","0","0","0","0","0","0","0","0","0","0","0","0","0","0","0","0","0","0","0","0","40.113","-75.023","","CRASH_2001_Philadelphia"
"2002018341","06","67","67301","67301","2001","07","2","2050","20","3","1","0","4","1","","","N","01","2","00","3","0","1","4","2","N","N","40 03:59.641","75 11:46.950","2115","","2102","","0","","N","","3 ","","","","","","","","","","2","2","0","0","0","0","0","0","0","0","0","1","1","0","0","0","0","0","0","0","0","0","0","0","0","0","0","0","0","0","0","0","0","0","0","4","0","40.0665","-75.1963","","CRASH_2001_Philadelphia"
"2002046314","06","67","67301","67301","2001","10","2","1919","19","3","1","0","7","3","","","N","00","0","00","3","0","2","4","2","N","N","40 00:24.802","75 04:23.945","1928","","1920","3","2","1","N","","0 ","Y","","","","","","","","","2","2","0","0","0","0","0","0","0","0","2","0","2","0","0","0","0","1","0","0","0","0","0","2","0","0","0","0","0","0","0","0","0","0","0","3","0","40.0069","-75.0734","","CRASH_2001_Philadelphia"
"2002041455","06","67","67301","67301","2001","12","7","2029","20","3","1","0","8","1","","","N","00","0","00","3","0","1","2","3","N","N","40 02:34.211","75 03:05.794","2033","","2029","","0","","N","","0 ","","","","","","","","","","2","2","0","0","0","0","0","0","0","0","0","1","1","0","0","0","0","0","0","0","0","0","0","0","0","0","0","0","0","0","0","0","1","0","0","4","0","40.0428","-75.0515","","CRASH_2001_Philadelphia"