"CRN","DISTRICT","COUNTY","MUNICIPALITY","POLICE_AGCY","CRASH_YEAR","CRASH_MONTH","DAY_OF_WEEK","TIME_OF_DAY","HOUR_OF_DAY","ILLUMINATION","WEATHER","ROAD_CONDITION","COLLISION_TYPE","RELATION_TO_ROAD","WORK_ZONE_TYPE","WORK_ZONE_LOC","WORK_ZONE_IND","INTERSECT_TYPE","TCD_TYPE","LOCATION_TYPE","URBAN_RURAL","FATAL_COUNT","INJURY_COUNT","PERSON_COUNT","TOTAL_UNITS","SCH_BUS_IND","SCH_ZONE_IND","LATITUDE","LONGITUDE","ARRIVAL_TM","CONS_ZONE_SPD_LIM","DISPATCH_TM","EST_HRS_CLOSED","LANE_CLOSED","LN_CLOSE_DIR","NTFY_HIWY_MAINT","SPEC_JURIS_CD","TCD_FUNC_CD","TFC_DETOUR_IND","WORKERS_PRES","WZ_CLOSE_DETOUR","WZ_FLAGGER","WZ_LAW_OFFCR_IND","WZ_LN_CLOSURE","WZ_MOVING","WZ_OTHER","WZ_SHLDER_MDN","VEHICLE_COUNT","AUTOMOBILE_COUNT","MOTORCYCLE_COUNT","BUS_COUNT","SMALL_TRUCK_COUNT","HEAVY_TRUCK_COUNT","SUV_COUNT","VAN_COUNT","BICYCLE_COUNT","MAJ_INJ_COUNT","MOD_INJ_COUNT","MIN_INJ_COUNT","TOT_INJ_COUNT","UNK_INJ_DEG_COUNT","UNK_INJ_PER_COUNT","DRIVER_COUNT_16YR","DRIVER_COUNT_17YR","DRIVER_COUNT_18YR","DRIVER_COUNT_19YR","DRIVER_COUNT_20YR","DRIVER_COUNT_50_64YR","DRIVER_COUNT_65_74YR","DRIVER_COUNT_75PLUS","UNBELTED_OCC_COUNT","UNB_DEATH_COUNT","UNB_MAJ_INJ_COUNT","BELTED_DEATH_COUNT","BELTED_MAJ_INJ_COUNT","MCYCLE_DEATH_COUNT","MCYCLE_MAJ_INJ_COUNT","BICYCLE_DEATH_COUNT","BICYCLE_MAJ_INJ_COUNT","PED_COUNT","PED_DEATH_COUNT","PED_MAJ_INJ_COUNT","MAX_SEVERITY_LEVEL","COMM_VEH_COUNT","DEC_LAT","DEC_LONG","RDWY_SURF_TYPE_CD","COUNTY_YEAR"
"2002038620","06","67","67301","67301","2001","12","4","0815","08","1","1","0","1","1","","","N","01","2","00","3","0","2","2","2","N","N","40 02:06.137","75 10:25.395","0843","","0835","","0","","N","","3 ","","","","","","","","","","2","2","0","0","0","0","0","0","0","0","0","2","2","0","0","0","0","0","0","0","0","0","0","0","0","0","0","0","0","0","0","0","0","0","0","4","0","40.035","-75.1737","","CRASH_2001_Philadelphia"
"2002039441","06","67","67301","67301","2001","11","6","1510","15","1","1","0","4","1","","","N","01","2","00","3","0","1","2","2","N","N","40 03:28.787","75 00:31.099","1520","","1515","","0","","N","","3 ","","","","","","","","","","2","2","0","0","0","0","0","0","0","0","1","0","1","0","0","0","0","0","0","0","1","0","0","0","0","0","0","0","0","0","0","0","0","0","0","3","0","40.0578","-75.0087","","CRASH_2001_Philadelphia"
"2002040249","06","67","67301","67301","2001","12","7","0835","08","1","1","0","4","1","","","N","00","0","00","3","0","0","2","2","N","N","39 58:30.738","75 11:39.802","0838","","0836","","0","","N","","0 ","","","","","","","","","","2","2","0","0","0","0","0","0","0","0","0","0","0","0","1","0","0","0","0","1","1","0","0","0","0","0","0","0","0","0","0","0","0","0","0","9","0","39.9753","-75.1947","","CRASH_2001_Philadelphia"
"2002028275","06","67","67301","67301","2001","09","2","1607","16","1","1","0","4","1","","","N","02","0","00","3","0","1","3","2","N","N","39 58:28.152","75 07:58.844","1630","","1622","","0","","N","","0 ","","","","","","","","","","2","2","0","0","0","0","0","0","0","0","0","1","1","0","0","0","0","0","0","0","0","1","0","3","0","0","0","0","0","0","0","0","0","0","0","4","0","39.9745","-75.1331","","CRASH_2001_Philadelphia"
"2002037164","06","67","67301","67301","2001","11","4","1145","11","1","1","0","5","7","","","N","07","0","02","3","0","1","2","2","N","N","40 01:13.800","75 09:16.200","1145","","1145","1","1","1","N","","0 ","Y","","","","","","","","","2","2","0","0","0","0","0","0","0","0","0","1","1","0","0","0","0","0","0","0","0","0","0","1","0","0","0","0","0","0","0","0","0","0","0","4","0","40.0204","-75.1544","","CRASH_2001_Philadelphia"
"2002017585","06","67","67301","67301","2001","07","2","1758","17","1","1","0","1","1","","","N","00","0","00","3","0","2","4","3","N","N","39 59:36.651","75 07:07.848","1758","","1758","","0","","N","","0 ","","","","","","","","","","3","3","0","0","0","0","0","0","0","0","0","2","2","0","0","0","0","0","0","0","0","0","0","0","0","0","0","0","0","0","0","0","0","0","0","4","0","39.9935","-75.1188","","CRASH_2001_Philadelphia"
"2002017625","06","67","67301","67301","2001","08","3","0233","02","2","1","0","5","1","","","N","00","0","00","3","0","2","7","3","N","N","39 54:20.880","75 11:37.680","1440","","1433","","0","","N","","0 ","","","","","","","","","","3","0","0","0","2","1","0","0","0","0","0","2","2","0","1","0","0","0","0","0","0","0","0","0","0","0","0","0","0","0","0","0","0","0","0","4","1","39.9058","-75.1938","","CRASH_2001_Philadelphia"
"2002025029","06","67","67301","67301","2001","08","5","0741","07","1","1","0","1","1","","","N","01","1","00","3","0","1","3","2","N","N","40 01:15.733","75 08:23.485","0742","","0740","","0","","N","","3 ","","","","","","","","","","2","1","0","0","1","0","0","0","0","0","0","1","1","0","0","0","0","0","0","0","0","0","0","3","0","0","0","0","0","0","0","0","0","0","0","4","0","40.021","-75.1399","","CRASH_2001_Philadelphia"
"2002026318","06","67","67301","67301","2001","09","2","1336","13","1","1","0","8","1","","","N","00","0","00","3","0","1","2","2","N","N","40 05:42.443","75 00:54.922","1402","","1346","","0","","N","","0 ","","","","","","","","","","1","1","0","0","0","0","0","0","0","0","0","1","1","0","0","0","0","0","0","0","0","0","0","0","0","0","0","0","0","0","0","0","1","0","0","4","0","40.0951","-75.0153","","CRASH_2001_Philadelphia"
"2002037688","06","67","67301","67301","2001","11","5","1700","17","1","1","0","8","1","","","N","01","2","00","3","0","1","2","2","N","N","40 01:44.517","75 12:38.036","2109","","2107","","0","","N","","3 ","","","","","","","","","","1","1","0","0","0","0","0","0","0","0","0","1","1","0","0","0","0","0","0","0","0","0","0","0","0","0","0","0","0","0","0","0","1","0","0","4","0","40.029","-75.2106","","CRASH_2001_Philadelphia"
"2002017288","06","67","67301","67301","2001","07","1","2127","21","3","1","0","1","1","","","N","01","0","00","3","0","1","2","2","N","N","40 02:58.865","75 10:18.332","2214","","2204","","0","","N","","0 ","","","","","","","","","","2","2","0","0","0","0","0","0","0","0","0","1","1","0","0","0","0","0","0","0","0","0","0","0","0","0","0","0","0","0","0","0","0","0","0","4","0","40.0497","-75.1717","","CRASH_2001_Philadelphia"
"2002017571","06","67","67301","67301","2001","08","2","2204","22","3","2","1","1","1","","","N","00","0","01","3","0","0","2","2","N","N","39 58:30.643","75 11:39.758","1016","","1004","","0","","N","","0 ","","","","","","","","","","2","2","0","0","0","0","0","0","0","0","0","0","0","0","0","0","0","0","0","0","0","0","0","0","0","0","0","0","0","0","0","0","0","0","0","0","0","39.9752","-75.1946","","CRASH_2001_Philadelphia"
"2002008909","06","67","67301","67301","2001","06","3","1650","16","1","1","0","8","1","","","N","01","2","00","3","0","1","2","2","N","N","40 06:46.800","75 01:22.800","1650","","1650","","0","","N","","3 ","","","","","","","","","","1","1","0","0","0","0","0","0","0","0","0","1","1","0","0","0","0","0","0","0","1","0","0","0","0","0","0","0","0","0","0","0","1","0","0","4","0","40.113","-75.023","","CRASH_2001_Philadelphia"
"2002012731","06","67","67301","67301","2001","06","7","1500","15","1","1","1","4","1","","","N","05","2","00","3","0","1","2","2","N","N","40 00:13.366","75 10:08.549","1522","","1520","","0","","N","","3 ","","","","","","","","","","2","2","0","0","0","0","0","0","0","0","0","1","1","0","0","0","0","0","0","0","0","0","0","0","0","0","0","0","0","0","0","0","0","0","0","4","0","40.0037","-75.1689","","CRASH_2001_Philadelphia"
"2002017182","06","67","67301","67301","2001","07","2","1652","16","1","1","0","1","1","","","N","07","0","02","3","0","1","2","2","N","N","39 57:23.760","75 09:12.600","1700","","1652","","0","","N","","0 ","","","","","","","","","","2","0","0","0","1","1","0","0","0","0","0","1","1","0","0","0","0","0","0","0","1","0","0","0","0","0","0","0","0","0","0","0","0","0","0","4","1","39.9568","-75.1536","","CRASH_2001_Philadelphia"
"2002012718","06","67","67301","67301","2001","05","3","2105","21","3","2","1","8","1","","","N","01","2","00","3","0","1","2","2","N","N","","","2120","","2109","","0","","N","","3 ","","","","","","","","","","1","0","0","0","1","0","0","0","0","0","0","1","1","0","0","0","0","0","0","0","0","0","0","0","0","0","0","0","0","0","0","0","1","0","0","4","0","","","","CRASH_2001_Philadelphia"
"2002024958","06","67","67301","67301","2001","08","3","2134","21","3","1","0","1","1","","","N","02","2","00","3","0","5","5","2","N","N","39 56:57.840","75 12:40.680","2135","","2134","","0","","N","","3 ","","","","","","","","","","2","2","0","0","0","0","0","0","0","0","0","5","5","0","0","0","0","0","0","0","0","0","0","0","0","0","0","0","0","0","0","0","0","0","0","4","0","39.9492","-75.2113","","CRASH_2001_Philadelphia"
"2002037395","06","67","67301","67301","2001","11","6","0250","02","3","8","1","5","1","","","N","01","0","00","3","0","2","2","4","N","N","39 59:47.166","75 06:48.360","0250","","0250","","0","","N","","0 ","","","","","","","","","","4","4","0","0","0","0","0","0","0","0","1","1","2","0","0","0","0","0","0","0","0","0","0","2","0","0","0","0","0","0","0","0","0","0","0","3","0","39.9964","-75.1134","","CRASH_2001_Philadelphia"
"2002004065","06","67","67301","67301","2001","06","7","1435","14","1","1","1","1","1","","","N","00","0","00","3","0","2","4","2","N","N","39 52:40.440","75 15:03.960","1450","","1440","","0","","N","","0 ","","","","","","","","","","2","2","0","0","0","0","0","0","0","0","0","2","2","0","0","0","0","0","0","0","0","0","0","0","0","0","0","0","0","0","0","0","0","0","0","4","0","39.8775","-75.2522","","CRASH_2001_Philadelphia"
"2002023900","06","67","67301","67301","2001","08","5","1450","14","1","1","0","8","1","","","N","01","3","99","3","0","1","3","2","N","N","40 02:09.271","75 07:35.640","1510","","1505","","0","","N","","9 ","","","","","","","","","","1","1","0","0","0","0","0","0","0","0","0","1","1","0","0","0","0","0","0","0","0","0","0","0","0","0","0","0","0","0","0","0","1","0","0","4","0","40.0359","-75.1265","","CRASH_2001_Philadelphia"
"2002037377","06","67","67301","67301","2001","11","7","0755","07","1","2","1","2","1","","","N","00","0","00","3","0","2","3","3","N","N","","","0804","","0758","","0","","N","","0 ","","","","","","","","","","3","3","0","0","0","0","0","0","0","0","1","1","2","0","0","0","0","0","0","0","1","0","0","2","0","0","0","0","0","0","0","0","0","0","0","3","0","","","","CRASH_2001_Philadelphia"
"2002025026","06","67","67301","67301","2001","08","4","1800","18","1","1","0","8","1","","","N","00","0","00","3","0","1","2","2","N","N","39 57:50.722","75 13:16.493","1810","","1803","","0","","N","","0 ","","","","","","","","","","1","1","0","0","0","0","0","0","0","0","0","1","1","0","0","0","0","0","0","0","0","0","0","0","0","0","0","0","0","0","0","0","1","0","0","4","0","39.9642","-75.2219","","CRASH_2001_Philadelphia"
"2002028703","06","67","67301","67301","2001","09","7","2253","22","3","1","0","1","1","","","N","01","2","00","3","0","2","3","2","N","N","39 55:16.252","75 11:38.715","2256","","2253","","0","","N","","3 ","","","","","","","","","","2","2","0","0","0","0","0","0","0","0","0","2","2","0","0","0","0","0","0","0","1","0","1","1","0","0","0","0","0","0","0","0","0","0","0","4","0","39.9211","-75.1938","","CRASH_2001_Philadelphia"
"2002035708","06","67","67301","67301","2001","11","3","2201","22","3","1","0","4","1","","","N","01","2","00","3","0","0","2","2","N","N","39 57:35.497","75 14:09.630","2202","","2201","","0","","Y","","3 ","","","","","","","","","","2","2","0","0","0","0","0","0","0","0","0","0","0","0","0","0","0","0","1","0","0","0","0","0","0","0","0","0","0","0","0","0","0","0","0","0","0","39.9584","-75.2375","","CRASH_2001_Philadelphia"
"2002037161","06","67","67301","67301","2001","11","5","1043","10","1","2","1","4","1","","","N","01","0","00","3","0","1","3","3","N","N","39 59:58.000","75 07:00.000","1045","","1043","","0","","N","","0 ","","","","","","","","","","3","3","0","0","0","0","0","0","0","0","0","1","1","0","0","0","0","0","0","1","0","0","0","0","0","0","0","0","0","0","0","0","0","0","0","4","0","39.9994","-75.1167","","CRASH_2001_Philadelphia"
"2002045735","06","67","67301","67301","2001","10","7","1240","12","1","1","0","8","6","","","N","02","3","00","3","0","1","2","2","N","N","40 01:45.323","75 12:22.090","1248","","1243","","0","","N","","3 ","","","","","","","","","","1","1","0","0","0","0","0","0","0","0","0","1","1","0","0","0","0","0","0","0","0","0","0","0","0","0","0","0","0","0","0","0","1","0","0","4","0","40.0293","-75.206","","CRASH_2001_Philadelphia"
"2002020080","06","67","67301","67301","2001","06","6","2050","20","2","2","1","1","1","","","N","02","0","00","3","0","0","2","2","N","N","39 56:24.985","75 12:02.275","2105","","2056","","0","","N","","0 ","","","","","","","","","","2","2","0","0","0","0","0","0","0","0","0","0","0","0","0","0","0","0","0","0","1","0","0","0","0","0","0","0","0","0","0","0","0","0","0","0","0","39.9403","-75.2012","","CRASH_2001_Philadelphia"
"2002031829","06","67","67301","67301","2001","10","1","0300","03","3","1","6","1","9","","","N","02","0","00","3","0","1","1","2","N","N","39 57:17.280","75 12:27.000","0307","","0304","","0","","N","","0 ","","","","","","","","","","2","2","0","0","0","0","0","0","0","0","0","1","1","0","0","0","0","1","0","0","0","0","0","0","0","0","0","0","0","0","0","0","0","0","0","4","0","39.9547","-75.2075","","CRASH_2001_Philadelphia"
"2002045673","06","67","67301","67301","2001","10","2","0841","08","1","1","0","7","4","","","N","01","3","00","3","0","1","1","1","N","N","39 59:51.699","75 04:21.963","0850","","0845","","0","","N","","3 ","","","","","","","","","","1","1","0","0","0","0","0","0","0","0","0","1","1","0","0","0","0","0","0","0","0","0","0","0","0","0","0","0","0","0","0","0","0","0","0","4","0","39.9976","-75.0728","","CRASH_2001_Philadelphia"
"2001259763","06","67","67301","67301","2001","06","2","1512","15","1","1","0","9","1","","","N","00","0","00","3","0","2","2","2","N","N","","","9999","","9999","","0","","N","","0 ","","","","","","","","","","2","0","0","0","0","0","0","1","0","0","1","1","2","0","0","1","0","0","0","0","0","0","0","2","0","0","0","0","0","0","0","0","0","0","0","3","0","","","","CRASH_2001_Philadelphia"
"2001288390","06","67","67301","","2001","08","1","1230","12","9","1","0","4","1","","","N","01","2","00","3","0","4","4","2","N","N","39 57:24.480","75 13:24.960","9999","","9999","","0","","N","","3 ","","","","","","","","","","2","2","0","0","0","0","0","0","0","0","0","2","2","0","2","0","0","0","0","0","0","0","0","0","0","0","0","0","0","0","0","0","0","0","0","4","0","39.9567","-75.2235","","CRASH_2001_Philadelphia"
"2002020107","06","67","67301","67301","2001","08","6","1800","18","1","1","0","9","1","1","8","Y","02","2","00","3","0","0","7","3","N","N","40 02:23.000","75 12:49.300","1808","90","1806","","9","","N","","9 ","U","U","","","U","","","","","3","2","0","0","1","0","0","0","0","0","0","0","0","0","0","0","0","0","0","0","0","0","0","0","0","0","0","0","0","0","0","0","0","0","0","0","0","40.0395","-75.2132","","CRASH_2001_Philadelphia"
"2002030641","06","67","67301","67301","2001","09","7","0428","04","3","1","0","6","1","","","N","01","2","00","3","0","0","4","2","N","N","40 02:05.742","75 04:09.877","0429","","0428","1","1","1","N","","3 ","N","","","","","","","","","2","2","0","0","0","0","0","0","0","0","0","0","0","0","1","0","0","0","0","0","0","0","0","0","0","0","0","0","0","0","0","0","0","0","0","9","0","40.035","-75.0694","","CRASH_2001_Philadelphia"
"2002033600","06","67","67301","67301","2001","10","4","0629","06","1","1","0","1","1","","","N","00","0","00","3","0","1","4","3","N","N","39 58:56.505","75 06:02.836","0655","","0629","1","1","2","N","","0 ","N","","","","","","","","","3","2","0","0","1","0","0","0","0","0","0","1","1","0","0","0","0","0","0","0","1","0","0","0","0","0","0","0","0","0","0","0","0","0","0","4","0","39.9822","-75.1009","","CRASH_2001_Philadelphia"
"2002046243","06","67","67301","67301","2001","10","4","0915","09","1","1","0","8","1","","","N","01","0","00","3","0","1","2","2","N","N","39 59:28.048","75 06:51.632","0924","","0921","","0","","N","","0 ","","","","","","","","","","1","1","0","0","0","0","0","0","0","0","0","1","1","0","0","0","0","0","0","0","0","0","0","0","0","0","0","0","0","0","0","0","1","0","0","4","0","39.9911","-75.1143","","CRASH_2001_Philadelphia"
"2002021990","06","67","67301","67301","2001","08","7","1530","15","1","1","0","1","1","","","N","01","3","00","3","0","2","3","2","N","N","40 03:35.730","75 01:06.619","1542","","1539","","0","","Y","","3 ","","","","","","","","","","2","2","0","0","0","0","0","0","0","0","0","2","2","0","0","0","0","0","0","0","2","0","0","0","0","0","0","0","0","0","0","0","0","0","0","4","0","40.0599","-75.0184","","CRASH_2001_Philadelphia"
"2002037702","06","67","67301","67301","2001","11","1","2325","23","3","2","1","7","3","","","N","01","2","00","3","0","1","1","1","N","N","39 54:47.867","75 13:18.906","2335","","2330","","0","","N","","3 ","","","","","","","","","","1","1","0","0","0","0","0","0","0","0","0","1","1","0","0","0","0","0","0","0","0","0","0","0","0","0","0","0","0","0","0","0","0","0","0","4","0","39.9126","-75.2219","","CRASH_2001_Philadelphia"
"2002046282","06","67","67301","67301","2001","10","2","2225","22","2","1","0","1","1","","","N","00","0","00","3","0","1","2","2","N","N","40 01:27.508","75 07:59.738","2248","","2238","","0","","N","","0 ","","","","","","","","","","2","2","0","0","0","0","0","0","0","0","0","1","1","0","0","0","0","0","0","0","1","1","0","0","0","0","0","0","0","0","0","0","0","0","0","4","0","40.0242","-75.1327","","CRASH_2001_Philadelphia"
"2002027010","06","67","67301","67301","2001","09","7","1646","16","1","1","0","6","1","","","N","00","3","00","3","0","1","2","2","N","N","","","1650","","1646","","0","","N","","9 ","","","","","","","","","","1","1","0","0","0","0","0","0","0","0","0","1","1","0","0","0","0","0","0","0","0","0","0","0","0","0","0","0","0","0","0","0","1","0","0","4","0","","","","CRASH_2001_Philadelphia"
"2002036049","06","67","67301","67301","2001","11","6","1340","13","1","1","0","4","1","","","N","05","2","00","3","0","2","4","2","N","N","39 55:49.947","75 08:59.099","1347","","1347","","0","","N","","3 ","","","","","","","","","","2","2","0","0","0","0","0","0","0","0","1","1","2","0","2","0","0","0","0","0","2","0","0","0","0","0","0","0","0","0","0","0","0","0","0","3","0","39.9305","-75.1497","","CRASH_2001_Philadelphia"
"2002032642","06","67","67301","67301","2001","10","3","0450","04","3","1","0","5","6","","","N","00","2","00","3","0","0","1","3","N","N","40 03:05.705","74 59:06.203","0045","","0450","","0","","N","","3 ","","","","","","","","","","3","3","0","0","0","0","0","0","0","0","0","0","0","0","0","0","0","0","0","0","0","0","0","0","0","0","0","0","0","0","0","0","0","0","0","0","0","40.0516","-74.985","","CRASH_2001_Philadelphia"
"2003056628","06","67","67301","67301","2001","09","6","1805","18","1","1","0","1","1","","","N","01","0","00","3","0","1","2","2","N","N","40 02:41.917","75 08:58.844","1810","","1805","","0","","N","","0 ","","","","","","","","","","1","1","0","0","0","0","0","0","1","0","0","1","1","0","0","0","0","0","0","0","0","0","0","1","0","0","0","0","0","0","0","0","0","0","0","4","0","40.045","-75.1497","","CRASH_2001_Philadelphia"
"2002033713","06","67","67301","67301","2001","10","5","0510","05","3","1","0","4","1","","","N","01","2","00","3","0","3","3","2","N","N","39 56:23.089","75 11:53.331","0530","","0522","","0","","N","","3 ","","","","","","","","","","2","1","0","0","1","0","0","0","0","0","0","3","3","0","0","0","0","0","0","0","0","1","0","0","0","0","0","0","0","0","0","0","0","0","0","4","0","39.939","-75.1983","","CRASH_2001_Philadelphia"
"2002035098","06","67","67301","67301","2001","10","6","1730","17","3","1","0","1","1","","","N","01","2","00","3","0","1","3","3","N","N","40 02:11.874","75 13:07.533","1745","","1740","","0","","N","","3 ","","","","","","","","","","3","3","0","0","0","0","0","0","0","0","0","1","1","0","0","0","0","0","0","0","0","0","0","0","0","0","0","0","0","0","0","0","0","0","0","4","0","40.0366","-75.2186","","CRASH_2001_Philadelphia"
"2002035808","06","67","67301","67301","2001","11","7","1210","12","1","1","0","1","1","","","N","00","0","00","3","0","0","3","3","N","N","","","1225","","1218","","0","","N","","0 ","","","","","","","","","","3","3","0","0","0","0","0","0","0","0","0","0","0","0","1","0","0","0","0","0","1","0","0","0","0","0","0","0","0","0","0","0","0","0","0","9","0","","","","CRASH_2001_Philadelphia"
"2002042731","06","67","67301","67301","2001","12","5","1150","11","1","1","0","1","1","","","N","01","0","00","3","0","1","2","2","N","N","40 03:20.705","75 09:31.976","9999","","9999","","0","","N","","0 ","","","","","","","","","","2","2","0","0","0","0","0","0","0","0","0","1","1","0","0","0","0","0","0","0","0","0","0","0","0","0","0","0","0","0","0","0","0","0","0","4","0","40.0558","-75.1589","","CRASH_2001_Philadelphia"
"2002046400","06","67","67301","67301","2001","10","2","0810","08","1","1","0","5","1","","","N","01","2","00","3","0","0","2","2","N","N","39 59:27.714","75 09:18.574","0817","","0813","","0","","N","","3 ","","","","","","","","","","2","2","0","0","0","0","0","0","0","0","0","0","0","0","0","0","0","0","1","0","0","0","0","0","0","0","0","0","0","0","0","0","0","0","0","0","0","39.9909","-75.1551","","CRASH_2001_Philadelphia"
"2002028497","06","67","67301","67301","2001","09","6","1240","12","1","1","0","8","1","1","8","Y","00","8","00","3","0","1","2","2","N","N","39 58:27.476","75 12:08.336","1253","99","1252","","0","","N","","3 ","","U","Y","","U","","","","","1","0","0","0","0","1","0","0","0","0","1","0","1","0","0","0","0","0","0","0","1","0","0","1","0","0","0","0","0","0","0","0","1","0","0","3","0","39.9744","-75.2025","","CRASH_2001_Philadelphia"
"2002033773","06","67","67301","67301","2001","09","5","2210","22","3","1","0","2","1","","","N","00","0","00","3","0","3","3","2","N","N","39 59:07.487","75 12:08.284","2225","","2211","","0","","N","","0 ","","","","","","","","","","2","2","0","0","0","0","0","0","0","1","0","2","3","0","0","0","0","0","0","0","0","0","0","1","0","1","0","0","0","0","0","0","0","0","0","2","0","39.9851","-75.2028","","CRASH_2001_Philadelphia"
"2002041964","06","67","67301","67301","2001","11","5","0245","02","3","1","0","4","6","","","N","00","3","00","3","0","0","1","2","N","N","","","0252","","0247","","0","","N","","3 ","","","","","","","","","","2","2","0","0","0","0","0","0","0","0","0","0","0","0","1","0","0","0","0","0","0","0","0","0","0","0","0","0","0","0","0","0","0","0","0","9","0","","","","CRASH_2001_Philadelphia"
"2002035789","06","67","67301","37301","2001","11","3","0400","04","3","1","1","2","1","","","N","00","0","00","3","0","1","3","2","N","N","40 01:27.447","75 09:35.164","0407","","0404","","9","","N","","0 ","U","","","","","","","","","2","2","0","0","0","0","0","0","0","0","0","1","1","0","0","0","0","0","0","0","0","0","0","0","0","0","0","0","0","0","0","0","0","0","0","4","0","40.0244","-75.1598","","CRASH_2001_Philadelphia"
"2002046785","06","67","67301","67301","2001","10","4","1930","19","3","1","0","2","1","","","N","01","2","00","3","0","0","2","2","N","N","39 57:35.497","75 14:09.630","2009","","2007","1","2","1","N","","3 ","Y","","","","","","","","","2","1","0","0","1","0","0","0","0","0","0","0","0","0","1","0","0","0","0","0","0","0","0","0","0","0","0","0","0","0","0","0","0","0","0","9","0","39.9584","-75.2375","","CRASH_2001_Philadelphia"
"2002014543","06","67","67301","67301","2001","07","7","","","1","1","0","4","1","","","N","01","2","00","3","0","1","2","2","N","N","39 58:20.211","75 09:57.014","0750","","0744","","0","","N","","3 ","","","","","","","","","","2","0","0","1","1","0","0","0","0","0","0","1","1","0","0","0","0","0","0","0","0","0","0","0","0","0","0","0","0","0","0","0","0","0","0","4","1","39.9723","-75.1658","","CRASH_2001_Philadelphia"
"2001401404","06","67","67301","67301","2001","06","3","1521","15","1","1","0","8","1","","","N","01","9","00","3","1","0","3","2","N","N","39 59:20.040","75 06:24.120","9999","","9999","","0","","N","9","9 ","","","","","","","","","","1","1","0","0","0","0","0","0","0","0","0","0","0","0","0","0","0","0","1","0","0","0","0","2","0","0","0","0","0","0","0","0","1","1","0","1","0","39.9889","-75.1067","2 ","CRASH_2001_Philadelphia"
"2002018375","06","67","67301","67301","2001","07","7","2148","21","3","1","0","7","4","","","N","01","2","00","3","0","1","1","1","N","N","40 01:25.119","75 12:28.377","2205","","2148","","0","","N","","3 ","","","","","","","","","","1","0","0","0","1","0","0","0","0","0","0","1","1","0","0","0","0","0","0","0","0","0","0","0","0","0","0","0","0","0","0","0","0","0","0","4","0","40.0237","-75.2078","","CRASH_2001_Philadelphia"
"2002020083","06","67","67301","67301","2001","07","1","2320","23","3","1","1","8","1","","","N","01","2","00","3","0","1","2","2","N","N","39 57:25.188","75 13:31.920","9999","","2320","","0","","N","","3 ","","","","","","","","","","1","1","0","0","0","0","0","0","0","0","1","0","1","0","0","0","0","0","0","0","0","0","0","0","0","0","0","0","0","0","0","0","1","0","0","3","0","39.9585","-75.2252","","CRASH_2001_Philadelphia"
"2002028573","06","67","67301","67301","2001","09","7","0218","02","3","1","0","1","1","","","N","00","0","00","3","0","3","4","2","N","N","40 02:01.735","75 08:45.030","0225","","0220","","0","","N","","0 ","","","","","","","","","","2","2","0","0","0","0","0","0","0","0","0","3","3","0","0","0","0","0","0","0","0","0","0","0","0","0","0","0","0","0","0","0","0","0","0","4","0","40.0335","-75.1458","","CRASH_2001_Philadelphia"
"2002031498","06","67","67301","67301","2001","10","5","1055","10","1","1","0","4","1","","","N","01","2","00","3","0","2","3","2","N","N","39 57:17.470","75 09:03.931","1110","","1100","","0","","N","","3 ","","","","","","","","","","2","2","0","0","0","0","0","0","0","0","0","2","2","0","0","0","0","0","0","0","0","0","0","0","0","0","0","0","0","0","0","0","0","0","0","4","0","39.9549","-75.1511","","CRASH_2001_Philadelphia"
"2002033774","06","67","67301","67301","2001","09","3","0343","03","3","1","0","4","1","","","N","01","2","00","3","0","0","2","2","N","N","40 01:18.446","75 08:23.540","0355","","0348","","0","","N","","3 ","","","","","","","","","","2","1","0","0","1","0","0","0","0","0","0","0","0","0","1","0","0","0","0","0","0","0","0","0","0","0","0","0","0","0","0","0","0","0","0","9","0","40.0211","-75.1399","","CRASH_2001_Philadelphia"
"2002041620","06","67","67301","67301","2001","12","7","0209","02","3","1","0","4","1","","","N","01","2","00","3","0","1","2","2","N","N","39 58:14.869","75 09:14.743","0213","","0211","","0","","N","","3 ","","","","","","","","","","2","2","0","0","0","0","0","0","0","0","0","1","1","0","0","0","0","0","1","1","0","0","0","0","0","0","0","0","0","0","0","0","0","0","0","4","0","39.9707","-75.1541","","CRASH_2001_Philadelphia"
"2001400477","06","67","67301","67301","2001","06","4","1510","15","1","1","0","8","1","","","N","00","0","00","3","1","0","2","2","N","N","","","9999","","9999","","0","","N","9","0 ","","","","","","","","","","1","0","0","1","0","0","0","0","0","0","0","0","0","0","0","0","0","0","0","0","0","0","0","0","0","0","0","0","0","0","0","0","1","1","0","1","1","","","9 ","CRASH_2001_Philadelphia"
"2002022078","06","67","67301","67301","2001","08","5","1715","17","1","1","0","7","5","","","N","00","0","03","3","0","1","1","1","N","N","39 53:57.229","75 10:31.801","1725","","1717","","0","","N","","0 ","","","","","","","","","","1","1","0","0","0","0","0","0","0","0","0","1","1","0","0","0","0","0","1","0","0","0","0","0","0","0","0","0","0","0","0","0","0","0","0","4","0","39.899","-75.1736","","CRASH_2001_Philadelphia"
"2002031185","06","67","67301","67301","2001","09","1","1955","19","3","2","1","8","1","","","N","01","2","00","3","0","2","3","3","N","N","39 58:34.680","75 07:11.280","1957","","1955","","0","","N","","3 ","","","","","","","","","","1","1","0","0","0","0","0","0","0","0","0","2","2","0","0","0","0","1","0","0","0","0","0","0","0","0","0","0","0","0","0","0","2","0","0","4","0","39.9746","-75.1217","","CRASH_2001_Philadelphia"