"CRN","DISTRICT","COUNTY","MUNICIPALITY","POLICE_AGCY","CRASH_YEAR","CRASH_MONTH","DAY_OF_WEEK","TIME_OF_DAY","HOUR_OF_DAY","ILLUMINATION","WEATHER","ROAD_CONDITION","COLLISION_TYPE","RELATION_TO_ROAD","WORK_ZONE_TYPE","WORK_ZONE_LOC","WORK_ZONE_IND","INTERSECT_TYPE","TCD_TYPE","LOCATION_TYPE","URBAN_RURAL","FATAL_COUNT","INJURY_COUNT","PERSON_COUNT","TOTAL_UNITS","SCH_BUS_IND","SCH_ZONE_IND","LATITUDE","LONGITUDE","ARRIVAL_TM","CONS_ZONE_SPD_LIM","DISPATCH_TM","EST_HRS_CLOSED","LANE_CLOSED","LN_CLOSE_DIR","NTFY_HIWY_MAINT","SPEC_JURIS_CD","TCD_FUNC_CD","TFC_DETOUR_IND","WORKERS_PRES","WZ_CLOSE_DETOUR","WZ_FLAGGER","WZ_LAW_OFFCR_IND","WZ_LN_CLOSURE","WZ_MOVING","WZ_OTHER","WZ_SHLDER_MDN","VEHICLE_COUNT","AUTOMOBILE_COUNT","MOTORCYCLE_COUNT","BUS_COUNT","SMALL_TRUCK_COUNT","HEAVY_TRUCK_COUNT","SUV_COUNT","VAN_COUNT","BICYCLE_COUNT","MAJ_INJ_COUNT","MOD_INJ_COUNT","MIN_INJ_COUNT","TOT_INJ_COUNT","UNK_INJ_DEG_COUNT","UNK_INJ_PER_COUNT","DRIVER_COUNT_16YR","DRIVER_COUNT_17YR","DRIVER_COUNT_18YR","DRIVER_COUNT_19YR","DRIVER_COUNT_20YR","DRIVER_COUNT_50_64YR","DRIVER_COUNT_65_74YR","DRIVER_COUNT_75PLUS","UNBELTED_OCC_COUNT","UNB_DEATH_COUNT","UNB_MAJ_INJ_COUNT","BELTED_DEATH_COUNT","BELTED_MAJ_INJ_COUNT","MCYCLE_DEATH_COUNT","MCYCLE_MAJ_INJ_COUNT","BICYCLE_DEATH_COUNT","BICYCLE_MAJ_INJ_COUNT","PED_COUNT","PED_DEATH_COUNT","PED_MAJ_INJ_COUNT","MAX_SEVERITY_LEVEL","COMM_VEH_COUNT","DEC_LAT","DEC_LONG","RDWY_SURF_TYPE_CD","COUNTY_YEAR"
"2002031070","06","67","67301","67301","2001","09","4","0745","07","1","1","0","4","1","","","N","00","0","00","3","0","1","2","2","N","N","39 57:06.075","75 11:56.633","0818","","0816","","0","","N","","0 ","","","","","","","","","","2","2","0","0","0","0","0","0","0","0","0","1","1","0","0","0","0","0","0","0","0","0","0","0","0","0","0","0","0","0","0","0","0","0","0","4","0","39.9509","-75.1992","","CRASH_2001_Philadelphia"
"2002032676","06","67","67301","67301","2001","10","3","1335","13","1","1","0","4","1","","","N","03","0","00","3","0","2","4","2","N","N","39 56:57.339","75 12:43.585","1343","","1340","","0","","N","","0 ","","","","","","","","","","2","1","0","0","1","0","0","0","0","0","1","1","2","0","0","0","0","0","0","0","0","0","0","0","0","0","0","0","0","0","0","0","0","0","0","3","0","39.9491","-75.2121","","CRASH_2001_Philadelphia"
"2002039088","06","67","67301","46104","2001","12","3","1750","17","3","1","1","1","1","","","N","00","0","00","3","0","1","2","2","N","N","39 58:51.319","75 16:03.420","1800","","1755","","0","","N","","0 ","","","","","","","","","","2","2","0","0","0","0","0","0","0","0","0","1","1","0","0","0","0","0","0","0","0","0","0","0","0","0","0","0","0","0","0","0","0","0","0","4","0","39.9809","-75.2677","","CRASH_2001_Philadelphia"
"2001283876","06","67","67301","67301","2001","04","7","2136","21","3","2","1","8","1","","","N","01","2","00","3","0","1","3","2","N","N","39 59:18.960","75 09:42.120","9999","","9999","","0","","N","","3 ","","","","","","","","","","1","1","0","0","0","0","0","0","0","0","0","1","1","0","0","0","0","0","0","0","0","0","0","0","0","0","0","0","0","0","0","0","1","0","0","4","0","39.9886","-75.1617","","CRASH_2001_Philadelphia"
"2002031549","06","67","67301","67301","2001","10","5","1205","12","1","1","0","7","2","","","N","00","0","00","3","0","1","1","1","N","N","39 57:13.622","75 08:29.967","1215","","1206","","0","","N","","0 ","","","","","","","","","","1","0","0","0","0","1","0","0","0","0","0","1","1","0","0","0","0","0","0","0","0","0","0","0","0","0","0","0","0","0","0","0","0","0","0","4","1","39.9599","-75.1408","","CRASH_2001_Philadelphia"
"2002032127","06","67","67301","67301","2001","10","7","0925","09","1","1","0","1","1","","","N","00","0","00","3","0","2","6","4","N","N","39 55:27.480","75 11:33.000","0933","","0925","2","2","4","N","","0 ","Y","","","","","","","","","4","2","0","0","2","0","0","0","0","0","0","2","2","0","0","0","0","0","0","0","2","0","0","0","0","0","0","0","0","0","0","0","0","0","0","4","0","39.9254","-75.1936","","CRASH_2001_Philadelphia"
"2002035200","06","67","67301","67301","2001","11","1","1541","15","1","1","0","5","1","","","N","00","0","00","3","0","0","2","2","N","N","39 58:16.691","75 09:33.899","1545","","1541","","0","","N","","0 ","","","","","","","","","","2","2","0","0","0","0","0","0","0","0","0","0","0","0","0","0","0","0","0","0","0","0","0","0","0","0","0","0","0","0","0","0","0","0","0","0","0","39.9711","-75.1594","","CRASH_2001_Philadelphia"
"2002023051","06","67","67301","67301","2001","08","3","1804","18","1","1","0","5","1","","","N","00","0","00","3","0","1","4","2","N","N","40 02:34.176","75 06:48.741","1809","","1805","","0","","N","","0 ","","","","","","","","","","2","1","1","0","0","0","0","0","0","0","1","0","1","0","0","0","0","0","0","0","0","0","0","0","0","0","0","0","0","0","0","0","0","0","0","3","0","40.0428","-75.1135","","CRASH_2001_Philadelphia"
"2002027529","06","67","67301","67301","2001","09","7","1121","11","1","1","0","7","4","","","N","07","0","02","3","0","1","1","1","N","N","39 57:23.760","75 08:38.040","1133","","1122","1","2","3","N","","0 ","N","","","","","","","","","1","1","0","0","0","0","0","0","0","0","1","0","1","0","0","0","0","0","0","0","0","0","0","1","0","0","0","0","0","0","0","0","0","0","0","3","0","39.9574","-75.1472","","CRASH_2001_Philadelphia"
"2002037135","06","67","67301","67301","2001","11","3","0449","04","2","1","0","1","1","","","N","00","0","03","3","0","0","3","2","N","N","39 52:41.897","75 14:53.855","0500","","0451","","0","","N","","0 ","","","","","","","","","","2","2","0","0","0","0","0","0","0","0","0","0","0","0","0","0","0","0","0","0","1","0","0","0","0","0","0","0","0","0","0","0","0","0","0","0","0","39.8783","-75.2483","","CRASH_2001_Philadelphia"
"2002045815","06","67","67301","67301","2001","10","2","0725","07","1","1","0","8","1","","","N","01","0","00","3","0","1","2","2","N","N","39 57:14.110","75 10:33.040","0735","","0729","","0","","N","","0 ","","","","","","","","","","1","1","0","0","0","0","0","0","0","0","0","1","1","0","0","0","0","0","0","0","1","0","0","0","0","0","0","0","0","0","0","0","1","0","0","4","0","39.954","-75.1767","","CRASH_2001_Philadelphia"
"2002014906","06","67","67301","67301","2001","07","2","2036","20","3","1","0","4","1","","","N","01","2","00","3","0","1","2","2","N","N","39 59:53.663","75 06:04.328","2053","","2052","","0","","N","","3 ","","","","","","","","","","2","1","1","0","0","0","0","0","0","0","0","1","1","0","0","0","0","0","0","0","0","0","0","0","0","0","0","0","0","0","0","0","0","0","0","4","0","39.9982","-75.1013","","CRASH_2001_Philadelphia"
"2002023666","06","67","67301","67301","2001","08","7","0911","09","1","1","0","5","1","","","N","01","2","00","3","0","0","2","2","N","N","39 56:40.000","75 09:29.000","0915","","0912","","0","","N","","3 ","","","","","","","","","","2","2","0","0","0","0","0","0","0","0","0","0","0","0","0","0","0","0","0","0","0","1","0","0","0","0","0","0","0","0","0","0","0","0","0","0","0","39.9444","-75.1581","","CRASH_2001_Philadelphia"
"2002027111","06","67","67301","67301","2001","09","7","2110","21","3","1","0","4","1","","","N","01","2","00","3","0","2","6","2","N","N","40 00:31.030","75 04:07.367","2119","","2115","","0","","N","","3 ","","","","","","","","","","2","2","0","0","0","0","0","0","0","0","0","2","2","0","0","0","0","1","0","0","0","0","0","0","0","0","0","0","0","0","0","0","0","0","0","4","0","40.0087","-75.0689","","CRASH_2001_Philadelphia"
"2002036267","06","67","67301","67301","2001","10","6","1535","15","1","1","0","4","1","","","N","05","2","00","3","0","1","2","2","N","N","40 02:05.958","75 04:10.276","1545","","1540","","0","","N","","3 ","","","","","","","","","","2","1","0","1","0","0","0","0","0","0","0","1","1","0","0","0","0","0","0","0","0","1","0","0","0","0","0","0","0","0","0","0","0","0","0","4","1","40.0351","-75.0695","","CRASH_2001_Philadelphia"
"2002040426","06","67","67301","67301","2001","11","4","1730","17","3","1","0","1","1","","","N","01","2","00","3","0","0","2","2","N","N","39 59:34.383","75 13:03.861","1745","","1731","","0","","N","","2 ","","","","","","","","","","2","1","1","0","0","0","0","0","0","0","0","0","0","0","0","0","0","0","0","0","0","0","0","0","0","0","0","0","0","0","0","0","0","0","0","0","0","39.993","-75.2176","","CRASH_2001_Philadelphia"
"2002045716","06","67","67301","67301","2001","10","6","0748","07","1","1","0","4","1","","","N","02","2","00","3","0","1","5","2","N","N","39 58:38.656","75 13:37.896","0802","","0758","","0","","N","","3 ","","","","","","","","","","2","2","0","0","0","0","0","0","0","0","0","1","1","0","0","0","0","0","0","0","0","0","0","0","0","0","0","0","0","0","0","0","0","0","0","4","0","39.9774","-75.2271","","CRASH_2001_Philadelphia"
"2002045903","06","67","67301","67301","2001","10","1","0153","01","3","1","0","4","1","","","N","00","0","00","3","0","6","8","5","N","N","39 57:32.040","75 10:13.080","0135","","0153","1","1","4","N","","0 ","Y","","","","","","","","","5","4","0","0","0","1","0","0","0","0","1","5","6","0","0","0","0","0","0","0","1","0","0","0","0","0","0","0","0","0","0","0","0","0","0","3","1","39.9589","-75.1703","","CRASH_2001_Philadelphia"
"2002014949","06","67","67301","67301","2001","06","4","2315","23","3","1","0","8","1","","","N","01","2","00","3","0","1","2","2","N","N","39 56:15.553","75 13:22.806","2319","","2317","","0","","N","","3 ","","","","","","","","","","1","1","0","0","0","0","0","0","0","0","1","0","1","0","0","0","0","0","0","0","0","0","0","0","0","0","0","0","0","0","0","0","1","0","0","3","0","39.9376","-75.2231","","CRASH_2001_Philadelphia"
"2002034043","06","67","67301","67301","2001","10","5","0230","02","3","1","0","8","9","","","N","01","0","00","3","0","1","2","2","N","N","39 56:54.143","75 08:38.593","1000","","0956","","0","","N","","0 ","","","","","","","","","","1","1","0","0","0","0","0","0","0","0","0","1","1","0","1","0","0","0","0","0","0","0","0","0","0","0","0","0","0","0","0","0","1","0","0","4","0","39.9484","-75.1441","","CRASH_2001_Philadelphia"
"2002043147","06","67","67301","67301","2001","12","7","0150","01","3","1","0","5","6","","","N","00","0","00","3","0","2","3","3","N","N","40 02:44.000","75 02:55.000","0158","","0155","","0","","N","","0 ","","","","","","","","","","3","3","0","0","0","0","0","0","0","0","1","1","2","0","1","0","0","0","0","0","0","0","0","0","0","0","0","0","0","0","0","0","0","0","0","3","0","40.0456","-75.0486","","CRASH_2001_Philadelphia"
"2002023750","06","67","67301","67301","2001","08","1","9999","99","3","1","0","4","1","","","N","00","0","03","3","0","1","3","2","N","N","40 00:24.120","75 11:36.240","1207","","1205","","0","","N","","0 ","","","","","","","","","","2","2","0","0","0","0","0","0","0","0","0","1","1","0","0","0","0","0","0","0","1","0","0","1","0","0","0","0","0","0","0","0","0","0","0","4","0","40.007","-75.1931","","CRASH_2001_Philadelphia"
"2002014565","06","67","67301","67301","2001","07","1","0813","08","1","2","1","4","1","","","N","01","2","00","3","0","5","7","3","N","N","39 58:25.231","75 15:29.284","0817","","0815","1","1","3","N","","3 ","N","","","","","","","","","3","3","0","0","0","0","0","0","0","0","2","3","5","0","0","0","0","1","0","0","0","0","0","0","0","0","0","0","0","0","0","0","0","0","0","3","0","39.9738","-75.2582","","CRASH_2001_Philadelphia"
"2002031190","06","67","67301","67301","2001","10","3","1854","18","3","1","0","4","1","","","N","01","2","00","3","0","1","2","2","N","N","40 02:07.780","75 08:43.667","1906","","1905","","0","","N","","3 ","","","","","","","","","","2","2","0","0","0","0","0","0","0","0","0","1","1","0","0","0","0","0","0","0","1","0","0","0","0","0","0","0","0","0","0","0","0","0","0","4","0","40.0352","-75.1455","","CRASH_2001_Philadelphia"
"2002045821","06","67","67301","67301","2001","10","4","1820","18","2","1","0","1","1","","","N","01","2","00","3","0","0","2","2","N","N","40 04:08.913","75 00:25.539","1830","","1820","","0","","N","","3 ","","","","","","","","","","2","2","0","0","0","0","0","0","0","0","0","0","0","0","0","0","0","0","1","0","0","0","0","0","0","0","0","0","0","0","0","0","0","0","0","0","0","40.0691","-75.0073","","CRASH_2001_Philadelphia"
"2002007598","06","67","67301","67301","2001","12","7","1930","19","3","2","1","1","1","","","N","01","2","00","3","0","1","3","2","N","N","40 00:41.374","75 04:11.189","1935","","1930","","0","","N","","3 ","","","","","","","","","","2","1","0","0","1","0","0","0","0","0","0","1","1","0","0","0","1","0","0","0","0","0","0","0","0","0","0","0","0","0","0","0","0","0","0","4","0","40.0114","-75.0699","","CRASH_2001_Philadelphia"
"2001400417","06","67","67301","67301","2001","05","5","0904","09","1","1","0","8","1","","","N","01","2","00","3","1","0","2","2","N","N","40 02:03.840","75 06:54.000","9999","","9999","","0","","N","9","3 ","","","","","","","","","","1","0","0","1","0","0","0","0","0","0","0","0","0","0","0","0","0","0","0","0","1","0","0","0","0","0","0","0","0","0","0","0","1","1","0","1","1","40.0345","-75.1149","2 ","CRASH_2001_Philadelphia"
"2002025035","06","67","67301","67301","2001","08","1","1357","13","1","2","1","5","1","","","N","00","2","00","3","0","0","2","2","N","N","39 56:24.826","75 12:03.248","1405","","1400","","0","","N","","3 ","","","","","","","","","","2","2","0","0","0","0","0","0","0","0","0","0","0","0","0","0","0","0","0","0","0","1","0","0","0","0","0","0","0","0","0","0","0","0","0","0","0","39.9409","-75.2043","","CRASH_2001_Philadelphia"
"2002026345","06","67","67301","67301","2001","09","2","1440","14","1","1","0","4","1","","","N","02","0","00","3","0","0","2","2","N","N","39 57:37.000","75 10:31.000","1449","","1445","","9","","N","","0 ","U","","","","","","","","","2","2","0","0","0","0","0","0","0","0","0","0","0","0","0","0","0","0","0","0","0","0","0","0","0","0","0","0","0","0","0","0","0","0","0","0","0","39.9603","-75.1753","","CRASH_2001_Philadelphia"
"2002041356","06","67","67301","67301","2001","11","1","0210","02","3","2","1","4","1","","","N","01","3","00","3","0","0","4","4","N","N","39 56:50.398","75 14:20.774","0218","","0215","","0","","N","","9 ","","","","","","","","","","4","4","0","0","0","0","0","0","0","0","0","0","0","0","0","0","0","0","0","0","0","0","0","0","0","0","0","0","0","0","0","0","0","0","0","0","0","39.9473","-75.2391","","CRASH_2001_Philadelphia"
"2002034703","06","67","67301","67301","2001","11","6","9999","99","5","1","0","1","7","","","N","07","0","02","3","0","0","2","2","N","N","39 56:29.760","75 11:40.200","0330","","0328","","0","","N","","0 ","","","","","","","","","","2","1","0","0","1","0","0","0","0","0","0","0","0","0","1","0","0","0","0","0","0","0","0","0","0","0","0","0","0","0","0","0","0","0","0","9","0","39.9436","-75.1925","","CRASH_2001_Philadelphia"
"2002040233","06","67","67301","67301","2001","12","4","1040","10","1","1","0","4","1","","","N","01","0","00","3","0","1","4","2","N","N","39 57:45.697","75 14:48.482","1053","","1052","","0","","N","","0 ","","","","","","","","","","2","2","0","0","0","0","0","0","0","0","0","1","1","0","0","0","0","0","0","0","0","0","0","0","0","0","0","0","0","0","0","0","0","0","0","4","0","39.9626","-75.2468","","CRASH_2001_Philadelphia"
"2002048186","06","67","67301","67301","2001","07","3","1150","11","1","1","0","5","1","","","N","01","2","00","3","0","0","2","2","N","N","39 56:59.665","75 10:08.814","1200","","1200","","0","","N","","3 ","","","","","","","","","","2","1","0","0","0","1","0","0","0","0","0","0","0","0","0","0","0","0","0","0","0","0","0","0","0","0","0","0","0","0","0","0","0","0","0","0","1","39.9514","-75.1686","","CRASH_2001_Philadelphia"
"2002022486","06","67","67301","67301","2001","07","2","2310","23","3","1","0","5","1","","","N","02","2","01","3","0","1","2","2","N","N","40 02:36.905","75 01:18.979","2317","","2312","","0","","N","","3 ","","","","","","","","","","2","2","0","0","0","0","0","0","0","0","0","1","1","0","0","0","0","0","0","0","1","0","0","0","0","0","0","0","0","0","0","0","0","0","0","4","0","40.0436","-75.0219","","CRASH_2001_Philadelphia"
"2002026534","06","67","67301","67301","2001","12","7","1633","16","3","2","0","4","2","","","N","01","2","00","3","0","2","5","2","N","N","40 03:33.945","75 05:09.254","9999","","9999","","0","","N","","3 ","","","","","","","","","","2","2","0","0","0","0","0","0","0","0","1","1","2","0","0","0","1","0","0","0","0","0","0","0","0","0","0","0","0","0","0","0","0","0","0","3","0","40.0594","-75.0859","","CRASH_2001_Philadelphia"
"2002029861","06","67","67301","67301","2001","09","2","1820","18","1","1","0","8","1","","","N","01","2","00","3","0","1","2","2","N","N","40 02:12.961","75 08:02.962","1852","","1848","","0","","N","","3 ","","","","","","","","","","1","1","0","0","0","0","0","0","0","0","0","1","1","0","0","0","0","0","0","0","0","0","0","0","0","0","0","0","0","0","0","0","1","0","0","4","0","40.0369","-75.1341","","CRASH_2001_Philadelphia"
"2002027368","06","67","67301","67301","2001","09","4","2157","21","3","1","0","8","1","","","N","01","2","00","3","0","1","2","2","N","N","39 56:53.770","75 09:20.695","2200","","2200","","0","","N","","3 ","","","","","","","","","","1","1","0","0","0","0","0","0","0","0","1","0","1","0","0","0","0","0","0","0","0","0","0","0","0","0","0","0","0","0","0","0","1","0","0","3","0","39.9483","-75.1558","","CRASH_2001_Philadelphia"
"2002028730","06","67","67301","67301","2001","09","6","1757","17","1","1","0","1","1","","","N","00","0","00","3","0","0","3","2","N","N","39 53:55.434","75 10:20.291","1800","","1758","","0","","N","","0 ","","","","","","","","","","2","2","0","0","0","0","0","0","0","0","0","0","0","0","0","0","0","0","1","0","0","0","0","0","0","0","0","0","0","0","0","0","0","0","0","0","0","39.8995","-75.1636","","CRASH_2001_Philadelphia"
"2002029595","06","67","67301","67301","2001","09","6","1800","18","1","1","0","1","1","","","N","00","0","00","3","0","1","2","2","N","N","40 04:21.157","75 04:34.180","1800","","1800","","0","","N","","0 ","","","","","","","","","","2","2","0","0","0","0","0","0","0","0","0","1","1","0","0","0","0","0","0","0","0","0","0","0","0","0","0","0","0","0","0","0","0","0","0","4","0","40.0725","-75.0763","","CRASH_2001_Philadelphia"
"2002032612","06","67","67301","67301","2001","07","4","9999","99","3","2","1","5","6","","","N","00","0","00","3","0","0","1","4","N","N","39 57:24.711","75 09:45.500","2322","","2320","","0","","N","","0 ","","","","","","","","","","4","4","0","0","0","0","0","0","0","0","0","0","0","0","0","0","0","0","0","0","0","0","0","1","0","0","0","0","0","0","0","0","0","0","0","0","0","39.9569","-75.1627","","CRASH_2001_Philadelphia"
"2002040468","06","67","67301","67301","2001","12","5","0044","00","3","6","1","2","6","","","N","00","0","00","3","0","1","2","2","N","N","39 59:59.676","75 05:55.150","0046","","0045","","0","","N","","0 ","","","","","","","","","","2","1","0","0","1","0","0","0","0","0","0","1","1","0","0","0","0","0","0","0","0","0","0","1","0","0","0","0","0","0","0","0","0","0","0","4","0","39.9995","-75.0993","","CRASH_2001_Philadelphia"
"2002031547","06","67","67301","67301","2001","10","1","0245","02","3","1","0","1","1","","","N","00","0","00","3","0","6","9","4","N","N","","","0253","","0246","2","1","1","N","","0 ","N","","","","","","","","","4","4","0","0","0","0","0","0","0","0","0","6","6","0","0","0","0","0","0","0","0","0","0","0","0","0","0","0","0","0","0","0","0","0","0","4","0","","","","CRASH_2001_Philadelphia"
"2002031563","06","67","67301","67301","2001","10","5","1948","19","3","1","0","4","1","","","N","01","2","00","3","0","1","2","2","N","N","40 03:02.710","75 08:55.715","1957","","1952","","0","","N","","3 ","","","","","","","","","","1","1","0","0","0","0","0","0","0","0","0","1","1","0","1","0","0","0","0","0","0","0","0","0","0","0","0","0","0","0","0","0","1","0","0","4","0","40.0508","-75.1487","","CRASH_2001_Philadelphia"
"2002035687","06","67","67301","67301","2001","10","5","1052","10","1","1","0","0","1","","","N","00","0","00","3","0","1","2","1","N","N","40 03:59.930","75 11:47.055","1100","","1054","","0","","N","","0 ","","","","","","","","","","1","1","0","0","0","0","0","0","0","0","0","1","1","0","1","0","0","0","0","0","0","0","0","1","0","0","0","0","0","0","0","0","0","0","0","4","0","40.0666","-75.1964","","CRASH_2001_Philadelphia"
"2002043709","06","67","67301","67301","2001","12","3","0810","08","1","2","1","5","2","","","N","00","0","00","3","0","1","3","2","N","N","39 57:23.000","75 10:18.000","0815","","0810","","0","","N","","0 ","","","","","","","","","","1","1","0","0","0","0","0","0","1","0","1","0","1","0","0","0","0","0","0","0","0","0","0","0","0","0","0","0","0","0","0","0","0","0","0","3","0","39.9564","-75.1717","","CRASH_2001_Philadelphia"
"2002043999","06","67","67301","67301","2001","12","4","1724","17","3","1","0","4","1","","","N","01","8","00","3","0","2","5","3","N","N","39 58:33.261","75 06:56.205","1727","","1724","","0","","Y","","2 ","","","","","","","","","","3","2","0","0","1","0","0","0","0","0","0","2","2","0","0","0","0","0","1","0","1","0","0","0","0","0","0","0","0","0","0","0","0","0","0","4","0","39.9759","-75.1156","","CRASH_2001_Philadelphia"
"2003068511","06","67","67301","67301","2001","10","7","0120","01","3","1","0","4","1","","","N","00","0","00","3","0","0","2","2","","","","","1459","","1459","","0","","","","0 ","","","","","","","","","","2","1","0","0","1","0","0","0","0","0","0","0","0","0","0","0","0","0","0","0","0","0","0","0","0","0","0","0","0","0","0","0","0","0","0","0","0","","","","CRASH_2001_Philadelphia"
"2002043751","06","67","67301","67301","2001","11","3","0215","02","3","1","0","5","1","","","N","00","0","02","3","0","0","2","2","N","N","40 01:24.600","75 01:55.200","0220","","0215","","0","","N","","0 ","","","","","","","","","","2","0","0","0","2","0","0","0","0","0","0","0","0","0","1","0","0","0","0","0","0","0","0","0","0","0","0","0","0","0","0","0","0","0","0","9","0","40.0233","-75.0335","","CRASH_2001_Philadelphia"
"2002030890","06","67","67301","67301","2001","09","7","2320","23","3","1","0","6","1","","","N","00","0","07","3","0","2","3","2","N","N","","","0006","","2357","","0","","N","","0 ","","","","","","","","","","2","2","0","0","0","0","0","0","0","0","1","1","2","0","0","0","0","0","0","0","0","0","0","0","0","0","0","0","0","0","0","0","0","0","0","3","0","","","","CRASH_2001_Philadelphia"
"2002033605","06","67","67301","67301","2001","10","6","1930","19","3","1","0","7","2","","","N","00","0","02","3","0","1","1","1","N","N","39 57:23.422","75 08:31.659","1945","","1935","","0","","N","","0 ","","","","","","","","","","1","1","0","0","0","0","0","0","0","0","0","1","1","0","0","0","0","0","0","0","1","0","0","0","0","0","0","0","0","0","0","0","0","0","0","4","0","39.9429","-75.1427","","CRASH_2001_Philadelphia"
"2002045140","06","67","67301","67301","2001","12","5","1902","19","1","1","0","2","1","","","N","01","2","00","3","0","1","2","2","N","N","40 01:02.349","75 02:52.332","1910","","1906","","0","","N","","3 ","","","","","","","","","","2","1","0","0","1","0","0","0","0","0","0","1","1","0","0","0","0","1","0","0","0","0","0","0","0","0","0","0","0","0","0","0","0","0","0","4","0","40.0178","-75.0478","","CRASH_2001_Philadelphia"
"2002026294","06","67","67301","67301","2001","09","4","1557","15","1","1","0","4","2","","","N","02","2","00","3","0","1","2","2","N","N","39 58:27.339","75 12:06.808","1605","","1600","","0","","N","","3 ","","","","","","","","","","1","1","0","0","0","0","0","0","1","0","0","1","1","0","0","0","0","0","0","0","0","0","0","0","0","0","0","0","0","0","0","0","0","0","0","4","0","39.9744","-75.2019","","CRASH_2001_Philadelphia"
"2002028526","06","67","67301","67301","2001","09","6","1440","14","1","1","0","1","1","","","N","01","2","00","3","0","1","2","2","N","N","40 04:09.712","75 03:03.070","1430","","1430","","0","","N","","3 ","","","","","","","","","","2","2","0","0","0","0","0","0","0","0","0","1","1","0","0","0","0","0","0","0","0","0","0","1","0","0","0","0","0","0","0","0","0","0","0","4","0","40.0695","-75.0506","","CRASH_2001_Philadelphia"
"2002010457","06","67","67301","67301","2001","06","7","0000","00","3","1","0","6","6","","","N","00","0","00","3","0","0","1","3","N","N","40 01:31.738","75 02:49.484","0135","","0126","","0","","N","","0 ","","","","","","","","","","3","3","0","0","0","0","0","0","0","0","0","0","0","0","0","0","0","0","0","0","0","0","0","0","0","0","0","0","0","0","0","0","0","0","0","0","0","40.0255","-75.0471","","CRASH_2001_Philadelphia"
"2002014576","06","67","67301","67301","2001","07","1","1300","13","1","1","0","8","1","","","N","02","2","00","3","0","1","2","2","N","N","39 57:01.336","75 08:49.824","1442","","1440","","0","","N","","3 ","","","","","","","","","","1","0","0","1","0","0","0","0","0","0","0","1","1","0","0","0","0","0","0","0","0","0","0","0","0","0","0","0","0","0","0","0","1","0","0","4","1","39.9504","-75.1472","","CRASH_2001_Philadelphia"
"2002016744","06","67","67301","67301","2001","06","7","1640","16","1","1","0","4","1","","","N","00","0","07","3","0","1","2","2","N","N","40 00:53.090","75 09:00.324","1643","","1641","","0","","Y","","0 ","","","","","","","","","","2","1","0","0","1","0","0","0","0","0","0","1","1","0","0","0","0","0","0","1","0","0","0","0","0","0","0","0","0","0","0","0","0","0","0","4","0","40.0148","-75.1499","","CRASH_2001_Philadelphia"
"2002020133","06","67","67301","67301","2001","08","4","2234","22","3","1","0","4","1","","","N","00","0","03","3","0","1","2","2","N","N","39 57:15.779","75 10:47.026","2238","","2238","2","1","4","N","","0 ","N","","","","","","","","","2","2","0","0","0","0","0","0","0","0","0","1","1","0","0","0","0","0","0","0","1","0","0","0","0","0","0","0","0","0","0","0","0","0","0","4","0","39.9543","-75.1796","","CRASH_2001_Philadelphia"
"2002035086","06","67","67301","67301","2001","11","5","0905","09","1","1","0","4","1","","","N","02","3","00","3","0","1","2","2","N","N","40 01:52.550","75 04:23.145","0912","","0907","","0","","N","","3 ","","","","","","","","","","2","2","0","0","0","0","0","0","0","0","0","1","1","0","0","0","0","0","0","0","0","0","0","0","0","0","0","0","0","0","0","0","0","0","0","4","0","40.0313","-75.073","","CRASH_2001_Philadelphia"
"2002043648","06","67","67301","67301","2001","11","4","1433","14","1","1","0","9","1","","","N","10","2","00","3","0","1","2","3","N","N","39 57:35.497","75 14:09.630","1440","","1435","","9","","N","","3 ","U","","","","","","","","","3","3","0","0","0","0","0","0","0","0","0","1","1","0","0","0","0","0","0","0","0","0","0","0","0","0","0","0","0","0","0","0","0","0","0","4","0","39.9584","-75.2375","","CRASH_2001_Philadelphia"
"2002005031","06","67","67301","67301","2001","09","3","2317","23","3","1","0","4","1","","","N","01","2","00","3","0","2","4","2","N","N","40 03:42.884","75 08:11.795","2320","","2317","","0","","N","","3 ","","","","","","","","","","2","2","0","0","0","0","0","0","0","0","0","2","2","0","0","0","0","1","1","0","0","0","0","0","0","0","0","0","0","0","0","0","0","0","0","4","0","40.0619","-75.1366","","CRASH_2001_Philadelphia"
"2002016689","06","67","67301","67301","2001","07","3","1240","12","1","1","0","1","1","","","N","01","2","00","3","0","1","2","2","N","N","39 56:17.760","75 11:55.420","1245","","1243","","0","","N","","2 ","","","","","","","","","","2","2","0","0","0","0","0","0","0","0","0","1","1","0","0","0","0","0","0","0","1","0","0","0","0","0","0","0","0","0","0","0","0","0","0","4","0","39.937","-75.1994","","CRASH_2001_Philadelphia"
"2002023079","06","67","67301","67301","2001","08","7","1530","15","1","9","8","1","1","","","N","00","0","00","3","0","2","3","2","N","N","40 02:35.682","75 09:40.316","1145","","1145","","0","","N","","0 ","","","","","","","","","","2","1","0","0","1","0","0","0","0","0","0","2","2","0","0","0","0","0","0","0","1","0","0","0","0","0","0","0","0","0","0","0","0","0","0","4","0","40.0433","-75.1612","","CRASH_2001_Philadelphia"
"2002027006","06","67","67301","67301","2001","09","4","1200","12","1","1","0","6","1","","","N","01","2","00","3","0","1","3","2","N","N","40 03:02.000","75 08:37.000","1212","","1208","","0","","N","","3 ","","","","","","","","","","2","1","0","0","1","0","0","0","0","0","1","0","1","0","0","0","0","0","0","0","0","0","0","0","0","0","0","0","0","0","0","0","0","0","0","3","0","40.0506","-75.1436","","CRASH_2001_Philadelphia"