"CRN","DISTRICT","COUNTY","MUNICIPALITY","POLICE_AGCY","CRASH_YEAR","CRASH_MONTH","DAY_OF_WEEK","TIME_OF_DAY","HOUR_OF_DAY","ILLUMINATION","WEATHER","ROAD_CONDITION","COLLISION_TYPE","RELATION_TO_ROAD","WORK_ZONE_TYPE","WORK_ZONE_LOC","WORK_ZONE_IND","INTERSECT_TYPE","TCD_TYPE","LOCATION_TYPE","URBAN_RURAL","FATAL_COUNT","INJURY_COUNT","PERSON_COUNT","TOTAL_UNITS","SCH_BUS_IND","SCH_ZONE_IND","LATITUDE","LONGITUDE","ARRIVAL_TM","CONS_ZONE_SPD_LIM","DISPATCH_TM","EST_HRS_CLOSED","LANE_CLOSED","LN_CLOSE_DIR","NTFY_HIWY_MAINT","SPEC_JURIS_CD","TCD_FUNC_CD","TFC_DETOUR_IND","WORKERS_PRES","WZ_CLOSE_DETOUR","WZ_FLAGGER","WZ_LAW_OFFCR_IND","WZ_LN_CLOSURE","WZ_MOVING","WZ_OTHER","WZ_SHLDER_MDN","VEHICLE_COUNT","AUTOMOBILE_COUNT","MOTORCYCLE_COUNT","BUS_COUNT","SMALL_TRUCK_COUNT","HEAVY_TRUCK_COUNT","SUV_COUNT","VAN_COUNT","BICYCLE_COUNT","MAJ_INJ_COUNT","MOD_INJ_COUNT","MIN_INJ_COUNT","TOT_INJ_COUNT","UNK_INJ_DEG_COUNT","UNK_INJ_PER_COUNT","DRIVER_COUNT_16YR","DRIVER_COUNT_17YR","DRIVER_COUNT_18YR","DRIVER_COUNT_19YR","DRIVER_COUNT_20YR","DRIVER_COUNT_50_64YR","DRIVER_COUNT_65_74YR","DRIVER_COUNT_75PLUS","UNBELTED_OCC_COUNT","UNB_DEATH_COUNT","UNB_MAJ_INJ_COUNT","BELTED_DEATH_COUNT","BELTED_MAJ_INJ_COUNT","MCYCLE_DEATH_COUNT","MCYCLE_MAJ_INJ_COUNT","BICYCLE_DEATH_COUNT","BICYCLE_MAJ_INJ_COUNT","PED_COUNT","PED_DEATH_COUNT","PED_MAJ_INJ_COUNT","MAX_SEVERITY_LEVEL","COMM_VEH_COUNT","DEC_LAT","DEC_LONG","RDWY_SURF_TYPE_CD","COUNTY_YEAR"
"2002037379","06","67","67301","67301","2001","10","4","1957","19","3","1","0","1","1","","","N","01","2","00","3","0","1","2","2","N","N","39 56:17.954","75 14:02.729","2015","","1957","","0","","N","","3 ","","","","","","","","","","2","2","0","0","0","0","0","0","0","0","1","0","1","0","0","0","0","0","0","0","0","0","0","0","0","0","0","0","0","0","0","0","0","0","0","3","0","39.9383","-75.2342","","CRASH_2001_Philadelphia"
"2002036736","06","67","67301","67301","2001","11","6","0648","06","1","1","1","2","1","","","N","01","2","00","3","0","1","2","2","Y","N","40 03:08.573","75 08:30.283","0652","","0650","1","1","2","N","","3 ","Y","","","","","","","","","2","1","0","1","0","0","0","0","0","0","0","1","1","0","0","0","0","0","0","0","0","0","0","0","0","0","0","0","0","0","0","0","0","0","0","4","1","40.0521","-75.1418","","CRASH_2001_Philadelphia"
"2002041647","06","67","67301","67301","2001","11","4","1300","13","1","1","0","4","1","","","N","01","2","00","3","0","0","3","2","N","N","39 58:31.509","75 07:15.076","1300","","1300","","0","","N","","3 ","","","","","","","","","","2","2","0","0","0","0","0","0","0","0","0","0","0","0","0","0","0","0","0","0","0","0","0","0","0","0","0","0","0","0","0","0","0","0","0","0","0","39.9746","-75.1217","","CRASH_2001_Philadelphia"
"2001244625","06","67","67301","67301","2001","05","7","1722","17","1","1","0","8","1","","","N","00","0","00","3","0","1","2","2","N","N","","","9999","","9999","","0","","N","","0 ","","","","","","","","","","1","0","0","0","0","0","1","0","0","0","0","1","1","0","0","0","0","0","0","0","0","0","0","0","0","0","0","0","0","0","0","0","1","0","0","4","0","","","","CRASH_2001_Philadelphia"
"2002040231","06","67","67301","67301","2001","12","1","1840","18","3","1","0","1","1","","","N","01","2","00","3","0","0","6","2","N","N","39 57:29.833","75 13:23.621","1850","","1846","","0","","N","","3 ","","","","","","","","","","2","1","0","0","1","0","0","0","0","0","0","0","0","0","4","0","0","0","0","0","1","0","0","6","0","0","0","0","0","0","0","0","0","0","0","9","0","39.9567","-75.2235","","CRASH_2001_Philadelphia"
"2002041655","06","67","67301","67301","2001","10","7","2144","21","2","1","0","8","1","","","N","00","0","00","3","0","2","2","2","N","N","","","2158","","2144","3","1","4","N","0","0 ","N","","","","","","","","","1","1","0","0","0","0","0","0","0","1","0","1","2","0","0","0","0","0","0","0","0","0","0","0","0","0","0","0","0","0","0","0","1","0","1","2","0","","","2 ","CRASH_2001_Philadelphia"
"2002045671","06","67","67301","67301","2001","10","1","0140","01","3","1","0","4","1","","","N","01","2","00","3","0","0","1","2","N","N","40 01:10.256","75 03:20.533","0145","","0140","","0","","N","","3 ","","","","","","","","","","2","2","0","0","0","0","0","0","0","0","0","0","0","0","0","0","0","0","0","0","0","0","0","0","0","0","0","0","0","0","0","0","0","0","0","0","0","40.0195","-75.0557","","CRASH_2001_Philadelphia"
"2001401414","06","67","67301","67301","2001","10","5","1213","12","1","1","0","4","1","","","N","01","2","00","3","1","0","2","2","N","N","40 03:44.697","75 09:18.946","9999","","9999","","0","","N","9","3 ","","","","","","","","","","2","0","1","0","0","1","0","0","0","0","0","0","0","0","0","0","0","0","0","0","0","0","0","0","0","0","0","0","1","0","0","0","0","0","0","1","1","40.0624","-75.1553","0 ","CRASH_2001_Philadelphia"
"2002010492","06","67","67301","67301","2001","07","7","2057","20","3","1","0","1","6","","","N","00","0","00","3","0","1","2","4","N","N","","","2105","","2101","","0","","N","","0 ","","","","","","","","","","4","4","0","0","0","0","0","0","0","0","0","1","1","0","0","0","0","0","0","0","0","1","0","0","0","0","0","0","0","0","0","0","0","0","0","4","0","","","","CRASH_2001_Philadelphia"
"2002043766","06","67","67301","67301","2001","12","3","2007","20","3","1","0","1","1","","","N","00","0","07","3","0","0","6","3","N","N","40 02:30.458","75 04:30.784","2009","","2007","1","2","5","N","","0 ","Y","","","","","","","","","3","3","0","0","0","0","0","0","0","0","0","0","0","0","0","0","0","0","0","1","1","0","0","0","0","0","0","0","0","0","0","0","0","0","0","0","0","40.0418","-75.0752","","CRASH_2001_Philadelphia"
"2002045891","06","67","67301","67301","2001","12","5","1200","12","1","1","0","4","1","","","N","01","2","00","3","0","1","2","2","N","N","39 57:20.386","75 12:52.763","1210","","1205","","0","","N","","3 ","","","","","","","","","","2","2","0","0","0","0","0","0","0","0","0","1","1","0","0","0","0","0","0","0","0","0","0","1","0","0","0","0","0","0","0","0","0","0","0","4","0","39.9556","-75.2146","","CRASH_2001_Philadelphia"
"2002010558","06","67","67301","67301","2001","07","5","1945","19","4","1","0","1","1","","","N","00","0","03","3","0","1","3","2","N","N","39 53:47.400","75 11:26.880","1951","","1949","1","1","2","N","","0 ","N","","","","","","","","","2","1","1","0","0","0","0","0","0","0","1","0","1","0","0","0","0","0","0","0","1","0","0","0","0","0","0","0","0","0","0","0","0","0","0","3","0","39.8974","-75.1877","","CRASH_2001_Philadelphia"
"2002012250","06","67","67301","67301","2001","07","1","0159","01","3","1","0","1","1","","","N","00","0","00","3","0","1","6","2","N","N","39 54:06.435","75 09:06.652","0206","","0200","3","1","2","N","","0 ","N","","","","","","","","","2","1","0","0","1","0","0","0","0","0","0","1","1","0","0","0","0","0","1","1","0","0","0","1","0","0","0","0","0","0","0","0","0","0","0","4","0","39.9076","-75.1496","","CRASH_2001_Philadelphia"
"2002037137","06","67","67301","67301","2001","12","7","2045","20","2","1","0","1","1","1","8","Y","00","0","00","3","0","1","3","2","N","N","39 53:01.680","75 14:47.040","2101","35","2057","","0","","N","","0 ","","N","","","U","","","","","2","1","0","0","1","0","0","0","0","0","0","1","1","0","0","0","0","0","0","0","0","0","0","0","0","0","0","0","0","0","0","0","0","0","0","4","0","39.8837","-75.2466","","CRASH_2001_Philadelphia"
"2002038800","06","67","67301","67301","2001","11","3","1515","15","1","1","0","1","1","","","N","00","0","00","3","0","0","3","3","N","N","39 57:11.000","75 09:16.000","1527","","1515","","0","","N","","0 ","","","","","","","","","","3","3","0","0","0","0","0","0","0","0","0","0","0","0","0","0","0","0","0","0","1","0","0","0","0","0","0","0","0","0","0","0","0","0","0","0","0","39.9531","-75.1544","","CRASH_2001_Philadelphia"
"2002042559","06","67","67301","67301","2001","12","7","0236","02","3","1","0","5","1","","","N","00","2","00","3","0","2","2","2","N","N","40 03:32.444","75 09:56.731","0244","","0236","","0","","N","","3 ","","","","","","","","","","2","1","0","0","1","0","0","0","0","0","0","2","2","0","0","0","0","0","0","0","0","0","0","0","0","0","0","0","0","0","0","0","0","0","0","4","0","40.0591","-75.1658","","CRASH_2001_Philadelphia"
"2002045755","06","67","67301","67301","2001","10","2","1747","17","4","1","0","2","1","","","N","01","2","00","3","0","2","3","2","N","N","39 58:04.921","75 09:36.433","1750","","1747","","0","","N","","3 ","","","","","","","","","","2","2","0","0","0","0","0","0","0","0","0","2","2","0","0","0","0","0","0","0","0","0","0","1","0","0","0","0","0","0","0","0","0","0","0","4","0","39.9678","-75.1602","","CRASH_2001_Philadelphia"
"2002020051","06","67","67301","67301","2001","06","3","1954","19","4","1","0","4","1","","","N","05","2","03","3","0","2","2","2","N","N","40 01:53.078","75 05:05.038","2000","","1955","","0","","N","","3 ","","","","","","","","","","2","2","0","0","0","0","0","0","0","0","0","2","2","0","0","0","0","0","0","0","1","0","0","0","0","0","0","0","0","0","0","0","0","0","0","4","0","40.0314","-75.0847","","CRASH_2001_Philadelphia"
"2002043173","06","67","67301","67301","2001","12","5","2349","23","3","1","0","4","1","","","N","01","2","00","3","0","1","3","2","N","N","39 57:03.524","75 09:07.282","2349","","2349","","0","","N","","3 ","","","","","","","","","","2","2","0","0","0","0","0","0","0","0","1","0","1","0","1","0","0","0","0","0","1","0","0","0","0","0","0","0","0","0","0","0","0","0","0","3","0","39.9509","-75.152","","CRASH_2001_Philadelphia"
"2002017138","06","67","67301","67301","2001","07","7","1740","17","1","1","0","8","1","","","N","00","0","00","3","0","1","3","2","N","N","39 57:05.000","75 13:39.000","1755","","1746","","0","","N","","0 ","","","","","","","","","","1","1","0","0","0","0","0","0","0","0","0","1","1","0","0","0","0","0","0","0","0","1","0","0","0","0","0","0","0","0","0","0","1","0","0","4","0","39.9514","-75.2275","","CRASH_2001_Philadelphia"
"2002017680","06","67","67301","67301","2001","08","6","9999","99","3","1","0","1","6","","","N","00","0","00","3","0","1","1","3","N","N","","","0300","","0258","","0","","N","","0 ","","","","","","","","","","3","3","0","0","0","0","0","0","0","0","0","1","1","0","0","0","0","0","0","0","0","0","0","0","0","0","0","0","0","0","0","0","0","0","0","4","0","","","","CRASH_2001_Philadelphia"
"2002028819","06","67","67301","67301","2001","09","6","0827","08","1","2","1","4","1","","","N","01","2","00","3","0","1","4","2","N","N","39 57:30.707","75 13:30.770","0834","","0830","","0","","N","","3 ","","","","","","","","","","2","2","0","0","0","0","0","0","0","0","0","1","1","0","0","0","0","0","0","0","0","0","0","0","0","0","0","0","0","0","0","0","0","0","0","4","0","39.9585","-75.2252","","CRASH_2001_Philadelphia"
"2002031279","06","67","67301","67301","2001","09","2","1410","14","1","1","0","4","1","","","N","02","3","00","3","0","0","5","2","N","N","40 03:14.133","75 11:11.664","1420","","1414","","0","","N","","3 ","","","","","","","","","","2","2","0","0","0","0","0","0","0","0","0","0","0","0","0","0","0","0","0","0","1","0","0","0","0","0","0","0","0","0","0","0","0","0","0","0","0","40.054","-75.1865","","CRASH_2001_Philadelphia"
"2002038562","06","67","67301","67301","2001","09","4","1800","18","1","1","0","8","1","","","N","03","2","00","3","0","1","2","2","N","N","","","9999","","9999","","0","","N","","3 ","","","","","","","","","","1","1","0","0","0","0","0","0","0","0","0","1","1","0","0","0","0","0","0","0","0","0","0","0","0","0","0","0","0","0","0","0","1","0","0","4","0","","","","CRASH_2001_Philadelphia"
"2002040210","06","67","67301","67301","2001","12","6","0425","04","3","1","0","1","2","","","N","00","0","00","3","0","1","2","2","N","N","40 01:28.464","75 01:51.040","0433","","0430","2","1","2","N","","0 ","N","","","","","","","","","2","2","0","0","0","0","0","0","0","0","1","0","1","0","0","0","0","0","0","0","1","1","0","1","0","0","0","0","0","0","0","0","0","0","0","3","0","40.0246","-75.0305","","CRASH_2001_Philadelphia"
"2002034030","06","67","67301","67301","2001","11","6","1810","18","2","1","0","4","1","","","N","02","2","00","3","0","2","2","2","N","N","40 03:17.938","75 10:49.415","1814","","1810","","0","","N","","3 ","","","","","","","","","","2","2","0","0","0","0","0","0","0","0","0","2","2","0","0","0","0","0","0","0","0","0","0","0","0","0","0","0","0","0","0","0","0","0","0","4","0","40.055","-75.1804","","CRASH_2001_Philadelphia"
"2002041423","06","67","67301","67301","2001","12","4","0630","06","1","1","0","1","1","","","N","00","0","00","3","0","1","2","2","N","N","40 00:17.669","75 11:46.372","0648","","0633","","0","","N","","0 ","","","","","","","","","","2","2","0","0","0","0","0","0","0","0","0","1","1","0","0","0","0","0","0","0","1","0","0","0","0","0","0","0","0","0","0","0","0","0","0","4","0","40.005","-75.1962","","CRASH_2001_Philadelphia"
"2002043778","06","67","67301","67301","2001","12","6","2030","20","3","1","0","4","1","","","N","01","2","00","3","0","1","2","2","N","N","40 00:29.348","75 12:41.201","2037","","2030","","0","","N","","3 ","","","","","","","","","","2","2","0","0","0","0","0","0","0","0","0","1","1","0","0","0","0","0","0","0","0","0","0","0","0","0","0","0","0","0","0","0","0","0","0","4","0","40.0085","-75.2107","","CRASH_2001_Philadelphia"
"2002023602","06","67","67301","67301","2001","08","7","1100","11","1","2","1","9","1","","","N","01","2","00","3","0","1","2","2","N","N","40 02:55.139","75 08:42.414","1208","","1203","","0","","N","","3 ","","","","","","","","","","2","2","0","0","0","0","0","0","0","0","0","1","1","0","0","0","0","0","0","0","0","0","0","0","0","0","0","0","0","0","0","0","0","0","0","4","0","40.0487","-75.1449","","CRASH_2001_Philadelphia"
"2002026490","06","67","67301","67301","2001","08","5","0700","07","1","1","0","4","1","","","N","08","2","06","3","0","2","4","3","N","N","40 01:27.480","75 07:49.800","0706","","0702","2","1","1","Y","","3 ","Y","","","","","","","","","3","2","0","0","1","0","0","0","0","0","1","1","2","0","0","0","0","0","0","0","1","0","0","0","0","0","0","0","0","0","0","0","0","0","0","3","1","40.0243","-75.1304","","CRASH_2001_Philadelphia"
"2002026551","06","67","67301","67301","2001","09","1","1635","16","1","1","0","1","1","","","N","01","2","00","3","0","2","3","2","N","N","40 03:17.722","75 03:14.338","1635","","1635","","0","","N","","3 ","","","","","","","","","","2","2","0","0","0","0","0","0","0","0","2","0","2","0","0","0","0","0","0","0","0","0","0","0","0","0","0","0","0","0","0","0","0","0","0","3","0","40.0549","-75.0539","","CRASH_2001_Philadelphia"
"2002040414","06","67","67301","67301","2001","11","6","1550","15","1","9","0","8","9","","","N","01","2","00","3","0","1","2","2","N","N","40 01:13.000","75 08:02.000","1241","","1241","","0","","N","","9 ","","","","","","","","","","1","1","0","0","0","0","0","0","0","0","0","1","1","0","0","0","0","0","0","0","0","0","0","0","0","0","0","0","0","0","0","0","1","0","0","4","0","40.0203","-75.1339","","CRASH_2001_Philadelphia"
"2002041679","06","67","67301","67301","2001","11","4","1019","10","1","1","0","4","1","","","N","01","2","06","3","0","2","4","2","N","N","40 02:05.958","75 04:10.276","1025","","1021","","0","","N","","3 ","","","","","","","","","","2","2","0","0","0","0","0","0","0","0","0","2","2","0","0","0","0","0","0","0","0","0","1","0","0","0","0","0","0","0","0","0","0","0","0","4","0","40.0351","-75.0695","","CRASH_2001_Philadelphia"
"2002043180","06","67","67301","67301","2001","12","4","1545","15","1","1","0","6","1","","","N","01","2","00","3","0","2","6","2","N","N","40 01:23.029","75 08:53.756","1551","","1549","","0","","N","","3 ","","","","","","","","","","2","2","0","0","0","0","0","0","0","0","0","2","2","0","0","0","0","0","0","0","0","1","0","5","0","0","0","0","0","0","0","0","0","0","0","4","0","40.0227","-75.1482","","CRASH_2001_Philadelphia"
"2002046778","06","67","67301","67301","2001","10","4","1045","10","1","1","0","4","1","","","N","02","2","00","3","0","2","2","2","N","N","40 01:56.392","75 03:03.742","1100","","1055","","0","","N","","3 ","","","","","","","","","","2","2","0","0","0","0","0","0","0","0","0","2","2","0","0","0","0","0","0","0","0","0","1","0","0","0","0","0","0","0","0","0","0","0","0","4","0","40.0323","-75.0509","","CRASH_2001_Philadelphia"
"2001283802","06","67","67301","67301","2001","03","6","0811","08","1","2","1","8","1","","","N","00","0","00","3","0","1","2","2","Y","N","","","9999","","9999","","0","","N","","0 ","","","","","","","","","","1","0","0","1","0","0","0","0","0","1","0","0","1","0","0","0","0","0","0","0","1","0","0","0","0","0","0","0","0","0","0","0","1","0","1","2","1","","","","CRASH_2001_Philadelphia"
"2001288285","06","67","67301","","2001","07","1","2110","21","2","2","1","4","1","","","N","06","9","02","3","0","2","3","2","N","N","40 02:48.840","75 00:01.440","9999","","9999","","0","","N","","9 ","","","","","","","","","","2","2","0","0","0","0","0","0","0","0","2","0","2","0","0","0","0","0","0","0","0","0","0","0","0","0","0","0","0","0","0","0","0","0","0","3","0","40.0468","-75.0007","","CRASH_2001_Philadelphia"
"2002017626","06","67","67301","67301","2001","08","1","1635","16","1","5","0","4","1","","","N","01","3","00","3","0","0","3","2","N","N","39 55:39.000","75 11:15.000","1650","","1645","","0","","N","","2 ","","","","","","","","","","2","2","0","0","0","0","0","0","0","0","0","0","0","0","1","0","0","0","0","0","0","0","0","0","0","0","0","0","0","0","0","0","0","0","0","9","0","39.9275","-75.1875","","CRASH_2001_Philadelphia"
"2002031495","06","67","67301","67301","2001","10","7","2250","22","3","1","0","7","5","","","N","00","0","00","3","0","0","2","1","N","N","40 06:50.000","75 01:28.000","2306","","2259","","0","","N","","0 ","","","","","","","","","","1","1","0","0","0","0","0","0","0","0","0","0","0","0","0","0","0","0","0","0","0","0","0","0","0","0","0","0","0","0","0","0","0","0","0","0","0","40.1139","-75.0244","","CRASH_2001_Philadelphia"
"2011124420","06","67","67301","67301","2001","07","4","1220","12","1","1","0","4","1","","","N","01","3","00","3","0","0","9","2","N","N","40 03:32.450","75 10:44.147","1224","","1220","","0","","N","","3 ","","","","","","","","","","2","1","0","1","0","0","0","0","0","0","0","0","0","0","0","0","0","0","0","0","0","1","0","0","0","0","0","0","0","0","0","0","0","0","0","0","1","40.059","-75.1789","","CRASH_2001_Philadelphia"
"2002033775","06","67","67301","67301","2001","11","6","1630","16","1","1","0","8","1","","","N","01","2","00","3","0","1","2","2","N","N","40 01:13.120","75 04:49.441","1635","","1630","","0","","N","","2 ","","","","","","","","","","1","1","0","0","0","0","0","0","0","0","1","0","1","0","0","0","0","0","0","0","0","0","0","0","0","0","0","0","0","0","0","0","1","0","0","3","0","40.0203","-75.0804","","CRASH_2001_Philadelphia"
"2002024800","06","67","67301","67301","2001","08","5","1625","16","1","1","0","4","1","","","N","00","0","00","3","0","1","3","2","N","N","39 57:08.000","75 14:56.000","1635","","1630","","0","","N","","0 ","","","","","","","","","","2","2","0","0","0","0","0","0","0","0","0","1","1","0","0","0","0","0","0","0","0","0","0","1","0","0","0","0","0","0","0","0","0","0","0","4","0","39.9523","-75.2489","","CRASH_2001_Philadelphia"
"2002038807","06","67","67301","67301","2001","11","6","1738","17","4","1","0","8","1","","","N","00","0","00","3","0","1","2","2","N","N","39 58:56.280","75 15:51.480","1738","","1738","","0","","N","","0 ","","","","","","","","","","1","1","0","0","0","0","0","0","0","0","0","1","1","0","0","0","0","0","0","0","0","0","0","0","0","0","0","0","0","0","0","0","1","0","0","4","0","39.9792","-75.2714","","CRASH_2001_Philadelphia"
"2002043714","06","67","67301","67301","2001","11","7","1955","19","3","1","0","4","1","","","N","01","3","00","3","0","2","2","2","N","N","40 02:39.708","75 01:49.937","2135","","2130","","0","","N","","3 ","","","","","","","","","","2","1","0","0","1","0","0","0","0","0","2","0","2","0","0","0","0","0","0","0","0","0","0","0","0","0","0","0","0","0","0","0","0","0","0","3","0","40.0444","-75.0306","","CRASH_2001_Philadelphia"
"2002038580","06","67","67301","67301","2001","11","7","0116","01","3","2","1","4","1","","","N","01","3","00","3","0","2","3","3","N","N","","","0119","","0116","","0","","N","","3 ","","","","","","","","","","3","3","0","0","0","0","0","0","0","0","1","1","2","0","0","0","0","0","0","0","0","0","0","0","0","0","0","0","0","0","0","0","0","0","0","3","0","","","","CRASH_2001_Philadelphia"
"2002039616","06","67","67301","67301","2001","11","3","1747","17","3","1","0","4","1","","","N","01","3","00","3","0","1","2","2","N","N","39 56:16.000","75 09:17.000","1749","","1747","","0","","N","","3 ","","","","","","","","","","1","1","0","0","0","0","0","0","1","0","0","1","1","0","0","0","0","0","0","0","0","0","0","1","0","0","0","0","0","0","0","0","0","0","0","4","0","39.9378","-75.1547","","CRASH_2001_Philadelphia"
"2002041970","06","67","67301","67301","2001","12","1","0103","01","3","2","1","8","9","","","N","00","9","00","3","0","0","2","2","N","N","","","0104","","0103","","0","","N","","9 ","","","","","","","","","","1","0","0","0","0","0","0","0","0","0","0","0","0","0","2","0","0","0","0","0","0","0","0","0","0","0","0","0","0","0","0","0","1","0","0","9","0","","","","CRASH_2001_Philadelphia"
"2002012692","06","67","67301","67301","2001","07","6","1650","16","1","1","0","4","1","","","N","00","2","07","3","0","1","3","2","N","N","40 02:10.994","75 08:42.942","1720","","1710","","0","","N","","3 ","","","","","","","","","","2","2","0","0","0","0","0","0","0","0","0","1","1","0","0","0","0","0","0","0","0","0","1","0","0","0","0","0","0","0","0","0","0","0","0","4","0","40.0363","-75.1452","","CRASH_2001_Philadelphia"
"2002026885","06","67","67301","67301","2001","08","4","1600","16","1","1","0","4","1","","","N","01","2","00","3","0","2","3","2","N","N","40 01:32.548","75 10:54.675","1612","","1610","","0","","N","","3 ","","","","","","","","","","2","2","0","0","0","0","0","0","0","0","0","2","2","0","0","0","0","0","0","0","1","0","0","0","0","0","0","0","0","0","0","0","0","0","0","4","0","40.0256","-75.1817","","CRASH_2001_Philadelphia"
"2002032637","06","67","67301","67301","2001","10","6","1727","17","1","1","0","1","1","","","N","00","0","03","3","0","0","3","2","N","N","40 00:14.332","75 04:36.550","1735","","1727","","0","","N","","0 ","","","","","","","","","","2","2","0","0","0","0","0","0","0","0","0","0","0","0","0","0","0","0","0","0","0","0","0","0","0","0","0","0","0","0","0","0","0","0","0","0","0","40.0039","-75.0771","","CRASH_2001_Philadelphia"
"2002033032","06","67","67301","67301","2001","11","7","0840","08","1","2","1","2","1","","","N","00","0","00","3","0","0","2","2","N","N","39 57:45.438","75 14:48.679","0846","","0842","","0","","N","","0 ","","","","","","","","","","2","2","0","0","0","0","0","0","0","0","0","0","0","0","0","0","0","0","0","0","0","0","0","0","0","0","0","0","0","0","0","0","0","0","0","0","0","39.9625","-75.2468","","CRASH_2001_Philadelphia"
"2002035993","06","67","67301","67301","2001","10","7","0356","03","3","1","0","4","1","","","N","01","2","00","3","0","1","2","2","N","N","40 02:44.254","75 07:42.459","0404","","0402","","0","","N","","3 ","","","","","","","","","","2","2","0","0","0","0","0","0","0","0","0","1","1","0","0","0","0","0","0","0","0","0","0","0","0","0","0","0","0","0","0","0","0","0","0","4","0","40.0456","-75.1285","","CRASH_2001_Philadelphia"
"2002043760","06","67","67301","67301","2001","11","2","1707","17","1","1","0","1","1","","","N","01","0","00","3","0","1","2","2","N","N","40 01:37.736","75 06:52.750","1800","","1752","","0","","N","","0 ","","","","","","","","","","2","2","0","0","0","0","0","0","0","0","0","1","1","0","1","0","0","0","0","0","0","0","0","0","0","0","0","0","0","0","0","0","0","0","0","4","0","40.0272","-75.1144","","CRASH_2001_Philadelphia"
"2002042619","06","67","67301","67301","2001","12","5","0712","07","1","1","0","1","1","","","N","01","2","00","3","0","1","2","2","N","N","40 03:40.660","75 08:13.155","0717","","0712","","0","","N","","3 ","","","","","","","","","","2","2","0","0","0","0","0","0","0","0","0","1","1","0","0","0","0","0","0","0","0","0","0","0","0","0","0","0","0","0","0","0","0","0","0","4","0","40.0444","-75.1434","","CRASH_2001_Philadelphia"
"2002045897","06","67","67301","67301","2001","10","4","0945","09","1","1","0","1","1","","","N","00","0","00","3","0","1","3","2","N","N","39 57:38.000","75 10:13.000","1000","","1000","","0","","N","","0 ","","","","","","","","","","2","2","0","0","0","0","0","0","0","0","0","1","1","0","0","0","0","0","0","0","0","0","0","0","0","0","0","0","0","0","0","0","0","0","0","4","0","39.9606","-75.1703","","CRASH_2001_Philadelphia"
"2002012168","06","67","67301","67301","2001","07","3","1704","17","1","1","1","1","1","","","N","00","0","00","3","0","1","3","2","N","N","40 06:06.840","75 02:22.560","1710","","1704","","0","","N","","0 ","","","","","","","","","","2","2","0","0","0","0","0","0","0","0","1","0","1","0","0","0","0","0","0","0","0","0","0","0","0","0","0","0","0","0","0","0","0","0","0","3","0","40.1019","-75.0396","","CRASH_2001_Philadelphia"
"2002016829","06","67","67301","67301","2001","07","4","0820","08","1","1","0","1","1","","","N","01","2","00","3","0","1","2","2","N","N","40 01:36.840","75 05:49.200","0855","","0848","","0","","N","","3 ","","","","","","","","","","2","2","0","0","0","0","0","0","0","0","0","1","1","0","1","0","0","0","0","1","0","0","0","0","0","0","0","0","0","0","0","0","0","0","0","4","0","40.0269","-75.0972","","CRASH_2001_Philadelphia"
"2002024679","06","67","67301","67301","2001","08","3","0730","07","1","2","0","5","2","","","N","00","0","00","3","0","1","2","2","N","N","39 58:11.477","75 08:35.134","1200","","1147","","0","","N","","0 ","","","","","","","","","","2","0","0","0","1","0","0","0","0","0","0","1","1","0","0","0","0","0","0","0","0","0","0","0","0","0","0","0","0","0","0","0","0","0","0","4","0","39.9699","-75.1432","","CRASH_2001_Philadelphia"
"2002044116","06","67","67301","67301","2001","12","3","0840","08","1","2","1","8","9","","","N","00","0","07","3","0","1","2","2","N","N","40 02:57.166","75 08:45.976","0849","","0840","","0","","N","","0 ","","","","","","","","","","1","1","0","0","0","0","0","0","0","0","0","1","1","0","0","0","0","0","0","0","0","0","0","0","0","0","0","0","0","0","0","0","1","0","0","4","0","40.0492","-75.146","","CRASH_2001_Philadelphia"
"2002046278","06","67","67301","67301","2001","10","4","0905","09","1","1","0","4","1","","","N","01","2","00","3","0","1","2","2","N","N","40 02:40.560","75 03:16.920","0915","","0905","","0","","Y","","3 ","","","","","","","","","","2","2","0","0","0","0","0","0","0","0","1","0","1","0","0","0","0","0","0","0","0","0","0","0","0","0","0","0","0","0","0","0","0","0","0","3","0","40.0446","-75.0547","","CRASH_2001_Philadelphia"
"2002007608","06","67","67301","67301","2001","11","7","","","2","1","0","5","1","","","N","00","0","00","3","0","1","5","4","N","N","","","1750","","1744","","0","","N","","0 ","","","","","","","","","","4","4","0","0","0","0","0","0","0","0","1","0","1","0","0","1","0","0","0","0","0","0","0","1","0","0","0","0","0","0","0","0","0","0","0","3","0","","","","CRASH_2001_Philadelphia"
"2002020121","06","67","67301","67301","2001","08","5","1236","12","1","1","0","1","2","2","4","Y","00","1","03","3","0","3","4","2","N","N","40 01:24.244","75 02:05.701","1245","99","1236","9","1","2","Y","","3 ","N","Y","","","U","Y","Y","Y","Y","2","1","0","0","1","0","0","0","0","0","0","3","3","0","0","0","0","0","0","0","0","0","0","0","0","0","0","0","0","0","0","0","0","0","0","4","0","40.0234","-75.0346","","CRASH_2001_Philadelphia"
"2002007945","06","67","67301","67301","2001","06","7","1428","14","1","1","0","1","1","","","N","00","2","00","3","0","1","3","3","N","N","39 55:53.479","75 10:05.514","1432","","1430","","0","","N","","3 ","","","","","","","","","","3","3","0","0","0","0","0","0","0","0","0","1","1","0","2","0","0","0","0","0","0","0","0","0","0","0","0","0","0","0","0","0","0","0","0","4","0","39.9315","-75.1682","","CRASH_2001_Philadelphia"