"CRN","DISTRICT","COUNTY","MUNICIPALITY","POLICE_AGCY","CRASH_YEAR","CRASH_MONTH","DAY_OF_WEEK","TIME_OF_DAY","HOUR_OF_DAY","ILLUMINATION","WEATHER","ROAD_CONDITION","COLLISION_TYPE","RELATION_TO_ROAD","WORK_ZONE_TYPE","WORK_ZONE_LOC","WORK_ZONE_IND","INTERSECT_TYPE","TCD_TYPE","LOCATION_TYPE","URBAN_RURAL","FATAL_COUNT","INJURY_COUNT","PERSON_COUNT","TOTAL_UNITS","SCH_BUS_IND","SCH_ZONE_IND","LATITUDE","LONGITUDE","ARRIVAL_TM","CONS_ZONE_SPD_LIM","DISPATCH_TM","EST_HRS_CLOSED","LANE_CLOSED","LN_CLOSE_DIR","NTFY_HIWY_MAINT","SPEC_JURIS_CD","TCD_FUNC_CD","TFC_DETOUR_IND","WORKERS_PRES","WZ_CLOSE_DETOUR","WZ_FLAGGER","WZ_LAW_OFFCR_IND","WZ_LN_CLOSURE","WZ_MOVING","WZ_OTHER","WZ_SHLDER_MDN","VEHICLE_COUNT","AUTOMOBILE_COUNT","MOTORCYCLE_COUNT","BUS_COUNT","SMALL_TRUCK_COUNT","HEAVY_TRUCK_COUNT","SUV_COUNT","VAN_COUNT","BICYCLE_COUNT","MAJ_INJ_COUNT","MOD_INJ_COUNT","MIN_INJ_COUNT","TOT_INJ_COUNT","UNK_INJ_DEG_COUNT","UNK_INJ_PER_COUNT","DRIVER_COUNT_16YR","DRIVER_COUNT_17YR","DRIVER_COUNT_18YR","DRIVER_COUNT_19YR","DRIVER_COUNT_20YR","DRIVER_COUNT_50_64YR","DRIVER_COUNT_65_74YR","DRIVER_COUNT_75PLUS","UNBELTED_OCC_COUNT","UNB_DEATH_COUNT","UNB_MAJ_INJ_COUNT","BELTED_DEATH_COUNT","BELTED_MAJ_INJ_COUNT","MCYCLE_DEATH_COUNT","MCYCLE_MAJ_INJ_COUNT","BICYCLE_DEATH_COUNT","BICYCLE_MAJ_INJ_COUNT","PED_COUNT","PED_DEATH_COUNT","PED_MAJ_INJ_COUNT","MAX_SEVERITY_LEVEL","COMM_VEH_COUNT","DEC_LAT","DEC_LONG","RDWY_SURF_TYPE_CD","COUNTY_YEAR"
"2002014557","06","67","67301","67301","2001","07","6","0806","08","1","1","0","9","9","","","N","02","2","00","3","0","1","2","2","N","N","39 56:46.665","75 14:16.510","0816","","0813","","0","","N","","3 ","","","","","","","","","","1","0","0","1","0","0","0","0","1","0","0","1","1","0","0","0","0","0","0","0","1","0","0","0","0","0","0","0","0","0","0","0","0","0","0","4","1","39.9463","-75.2381","","CRASH_2001_Philadelphia"
"2002015178","06","67","67301","67301","2001","07","1","0145","01","3","1","0","6","1","","","N","01","2","00","3","0","0","2","2","N","N","39 58:30.430","75 11:41.525","0150","","0150","","0","","N","","3 ","","","","","","","","","","2","2","0","0","0","0","0","0","0","0","0","0","0","0","0","0","0","0","0","0","0","0","0","0","0","0","0","0","0","0","0","0","0","0","0","0","0","39.9751","-75.195","","CRASH_2001_Philadelphia"
"2002020123","06","67","67301","67301","2001","07","4","1605","16","1","1","0","2","1","","","N","01","2","99","3","0","2","2","2","N","N","40 05:37.222","74 58:47.716","1630","","1620","","0","","N","","3 ","","","","","","","","","","2","2","0","0","0","0","0","0","0","0","0","2","2","0","0","0","0","0","0","0","2","0","0","0","0","0","0","0","0","0","0","0","0","0","0","4","0","40.0937","-74.9802","","CRASH_2001_Philadelphia"
"2002029753","06","67","67301","67301","2001","09","5","2130","21","3","2","1","1","1","","","N","01","0","00","3","0","7","8","4","N","N","39 58:42.735","75 12:48.755","2135","","2130","","0","","Y","","0 ","","","","","","","","","","4","4","0","0","0","0","0","0","0","0","1","6","7","0","0","0","0","0","0","0","1","0","0","8","0","0","0","0","0","0","0","0","0","0","0","3","0","39.9786","-75.2136","","CRASH_2001_Philadelphia"
"2002032136","06","67","67301","67301","2001","10","7","0752","07","1","1","0","7","2","","","N","00","0","00","3","0","1","2","2","N","N","40 00:52.536","75 10:42.258","0759","","0755","","0","","N","","0 ","","","","","","","","","","2","1","0","0","1","0","0","0","0","0","0","1","1","0","0","0","0","0","0","0","0","0","0","0","0","0","0","0","0","0","0","0","0","0","0","4","0","40.0146","-75.1783","","CRASH_2001_Philadelphia"
"2002039357","06","67","67301","67301","2001","12","3","0730","07","1","1","0","7","2","","","N","01","0","00","3","0","2","3","3","N","N","39 57:19.570","75 11:13.533","0735","","0730","","0","","Y","","0 ","","","","","","","","","","1","0","0","1","0","0","0","0","0","0","2","0","2","0","0","0","0","0","0","0","0","0","0","0","0","0","0","0","0","0","0","0","2","0","0","3","1","39.9553","-75.1871","","CRASH_2001_Philadelphia"
"2002045683","06","67","67301","67301","2001","10","3","2355","23","3","1","0","2","1","","","N","01","2","00","3","0","1","2","2","N","N","39 56:23.007","75 11:53.758","0015","","0011","","0","","N","","3 ","","","","","","","","","","2","2","0","0","0","0","0","0","0","0","0","1","1","0","0","0","0","0","0","0","0","0","0","0","0","0","0","0","0","0","0","0","0","0","0","4","0","39.939","-75.1983","","CRASH_2001_Philadelphia"
"2002017601","06","67","67301","67301","2001","07","1","0330","03","3","1","0","1","1","","","N","03","2","00","3","0","0","3","2","N","N","39 58:11.640","75 07:28.920","0335","","0130","","0","","N","","3 ","","","","","","","","","","2","1","0","0","1","0","0","0","0","0","0","0","0","0","1","0","0","0","0","0","0","0","0","0","0","0","0","0","0","0","0","0","0","0","0","9","0","39.9694","-75.126","","CRASH_2001_Philadelphia"
"2002017861","06","67","67301","67301","2001","08","1","0210","02","3","1","0","3","1","","","N","01","3","00","3","0","1","2","3","N","N","","","0220","","0215","","0","","N","","3 ","","","","","","","","","","3","3","0","0","0","0","0","0","0","0","0","1","1","0","0","0","0","0","1","0","0","0","0","0","0","0","0","0","0","0","0","0","0","0","0","4","0","","","","CRASH_2001_Philadelphia"
"2002031557","06","67","67301","67301","2001","10","3","0625","06","1","1","0","1","1","","","N","00","0","00","3","0","1","2","2","N","N","40 00:16.200","75 11:44.880","0641","","0634","","0","","N","","0 ","","","","","","","","","","2","1","0","0","0","1","0","0","0","0","1","0","1","0","0","0","0","0","0","0","1","0","0","0","0","0","0","0","0","0","0","0","0","0","0","3","1","40.0046","-75.1958","","CRASH_2001_Philadelphia"
"2002032301","06","67","67301","67301","2001","10","5","0730","07","1","1","0","4","1","","","N","01","3","00","3","0","3","4","2","N","N","39 58:34.842","75 08:21.879","0735","","0730","","0","","N","","3 ","","","","","","","","","","2","1","0","1","0","0","0","0","0","0","0","3","3","0","0","0","0","0","0","0","0","0","0","2","0","0","0","0","0","0","0","0","0","0","0","4","1","39.9763","-75.1394","","CRASH_2001_Philadelphia"
"2001243273","06","67","67301","67301","2001","04","3","1935","19","1","9","9","4","1","","","N","01","2","00","3","0","2","4","4","N","N","40 01:27.480","75 08:00.600","9999","","9999","","0","","N","","3 ","","","","","","","","","","4","3","0","0","1","0","0","0","0","0","1","1","2","0","0","0","0","0","0","0","1","0","0","0","0","0","0","0","0","0","0","0","0","0","0","3","0","40.0242","-75.133","","CRASH_2001_Philadelphia"
"2002001057","06","67","67301","67301","2001","09","6","2331","23","3","1","0","4","1","","","N","01","2","00","3","0","1","2","2","N","N","40 01:30.224","75 07:31.730","2357","","2344","","0","","N","","3 ","","","","","","","","","","2","1","1","0","0","0","0","0","0","0","0","1","1","0","0","0","1","0","0","0","0","0","0","0","0","0","0","0","0","0","0","0","0","0","0","4","0","40.025","-75.1257","","CRASH_2001_Philadelphia"
"2002004062","06","67","67301","67301","2001","06","3","0815","08","1","1","0","1","1","","","N","00","0","03","3","0","1","3","3","N","N","40 01:14.160","75 09:32.040","0815","","0815","","0","","N","","0 ","","","","","","","","","","3","2","0","0","1","0","0","0","0","0","0","1","1","0","1","0","0","0","0","0","0","0","0","0","0","0","0","0","0","0","0","0","0","0","0","4","0","40.0206","-75.1589","","CRASH_2001_Philadelphia"
"2002007612","06","67","67301","67301","2001","11","5","1920","19","3","1","0","1","1","","","N","00","0","00","3","0","0","6","3","N","N","40 04:49.495","75 01:43.061","1928","","1922","","0","","N","","0 ","","","","","","","","","","3","3","0","0","0","0","0","0","0","0","0","0","0","0","0","0","0","1","0","0","0","0","0","0","0","0","0","0","0","0","0","0","0","0","0","0","0","40.0806","-75.0288","","CRASH_2001_Philadelphia"
"2002017676","06","67","67301","67301","2001","08","3","0722","07","1","1","0","7","3","","","N","00","0","00","3","0","1","1","1","N","N","40 01:13.913","75 04:48.707","0743","","0742","","0","","Y","","0 ","","","","","","","","","","1","1","0","0","0","0","0","0","0","0","1","0","1","0","0","0","0","0","0","0","1","0","0","1","0","0","0","0","0","0","0","0","0","0","0","3","0","40.0205","-75.0802","","CRASH_2001_Philadelphia"
"2002043664","06","67","67301","67301","2001","12","6","1526","15","1","1","0","4","1","","","N","01","2","00","3","0","1","2","2","N","N","39 55:18.691","75 10:12.367","1538","","1530","","0","","N","","3 ","","","","","","","","","","2","2","0","0","0","0","0","0","0","0","0","1","1","0","0","0","0","1","0","0","0","0","1","0","0","0","0","0","0","0","0","0","0","0","0","4","0","39.9219","-75.1702","","CRASH_2001_Philadelphia"
"2002026297","06","67","67301","67301","2001","03","2","0758","07","1","1","0","4","1","","","N","02","3","00","3","0","2","2","2","N","N","39 56:23.828","75 11:58.764","0805","","0800","","0","","N","","3 ","","","","","","","","","","2","2","0","0","0","0","0","0","0","0","2","0","2","0","0","0","0","0","0","0","1","0","0","0","0","0","0","0","0","0","0","0","0","0","0","3","0","39.94","-75.2002","","CRASH_2001_Philadelphia"
"2002035985","06","67","67301","67301","2001","10","6","0155","01","3","1","0","2","1","","","N","01","2","00","3","0","1","2","3","N","N","39 59:59.043","75 05:56.113","0205","","0200","","0","","N","","3 ","","","","","","","","","","3","3","0","0","0","0","0","0","0","0","0","1","1","0","0","0","0","0","0","1","0","0","0","2","0","0","0","0","0","0","0","0","0","0","0","4","0","39.9997","-75.099","","CRASH_2001_Philadelphia"
"2001288063","06","67","67301","","2001","04","3","0720","07","1","9","9","8","1","","","N","01","2","00","3","0","1","2","2","N","N","40 02:20.760","75 08:40.920","9999","","9999","","0","","N","","3 ","","","","","","","","","","1","0","0","0","0","0","0","0","0","0","0","1","1","0","0","0","0","0","0","0","0","0","0","0","0","0","0","0","0","0","0","0","1","0","0","4","0","40.0391","-75.1447","","CRASH_2001_Philadelphia"
"2002022794","06","67","67301","67301","2001","08","3","2109","21","3","1","0","1","1","","","N","00","0","00","3","0","2","4","2","N","N","39 55:14.100","75 10:13.428","2120","","2116","","0","","N","","0 ","","","","","","","","","","2","2","0","0","0","0","0","0","0","0","0","2","2","0","0","0","0","0","0","0","1","0","1","0","0","0","0","0","0","0","0","0","0","0","0","4","0","39.9206","-75.1704","","CRASH_2001_Philadelphia"
"2001283800","06","67","67301","67301","2001","03","2","1810","18","3","1","0","2","1","","","N","00","0","00","3","0","3","3","2","N","N","","","9999","","9999","","0","","N","","0 ","","","","","","","","","","2","1","0","0","0","0","0","1","0","1","2","0","3","0","0","0","0","0","0","0","0","1","0","2","0","0","0","1","0","0","0","0","0","0","0","2","0","","","","CRASH_2001_Philadelphia"
"2002004531","06","67","67301","67301","2001","05","1","1815","18","1","1","0","1","1","","","N","01","2","00","3","0","4","6","2","N","N","40 01:34.658","75 07:01.862","1822","","1819","","0","","N","","3 ","","","","","","","","","","2","1","0","0","1","0","0","0","0","0","0","4","4","0","0","0","0","0","0","0","0","0","0","0","0","0","0","0","0","0","0","0","0","0","0","4","0","40.0264","-75.1172","","CRASH_2001_Philadelphia"
"2001288604","06","67","67301","","2001","11","2","1510","15","1","1","0","4","1","","","N","01","3","00","3","0","3","4","2","N","N","40 03:34.200","75 11:16.440","9999","","9999","","0","","N","","3 ","","","","","","","","","","2","1","0","0","0","0","0","0","0","2","0","1","3","0","0","0","0","0","0","0","0","0","0","0","0","0","0","2","0","0","0","0","0","0","0","2","0","40.0596","-75.1878","","CRASH_2001_Philadelphia"
"2001400341","06","67","67301","67301","2001","04","1","0108","01","3","1","0","8","1","","","N","01","2","00","3","1","0","2","2","N","N","40 00:33.480","75 09:04.680","9999","","9999","","0","","N","9","3 ","","","","","","","","","","1","1","0","0","0","0","0","0","0","0","0","0","0","0","0","0","0","0","0","1","0","0","0","0","0","0","0","0","0","0","0","0","1","1","0","1","0","40.0092","-75.1512","2 ","CRASH_2001_Philadelphia"
"2002003999","06","67","67301","67301","2001","06","1","9999","99","1","1","0","1","1","","","N","01","2","00","3","0","6","6","2","N","N","39 57:17.640","75 12:31.320","1856","","1848","","0","","N","","3 ","","","","","","","","","","2","1","0","0","1","0","0","0","0","0","0","6","6","0","0","0","0","0","0","0","0","0","0","0","0","0","0","0","0","0","0","0","0","0","0","4","0","39.9549","-75.2087","","CRASH_2001_Philadelphia"
"2002008919","06","67","67301","67301","2001","06","3","0116","01","3","1","0","4","1","","","N","01","2","00","3","0","1","2","2","N","N","39 55:06.600","75 13:33.240","0118","","0116","","0","","Y","","3 ","","","","","","","","","","2","2","0","0","0","0","0","0","0","0","0","1","1","0","0","0","0","0","0","1","0","0","0","0","0","0","0","0","0","0","0","0","0","0","0","4","0","39.9185","-75.2259","","CRASH_2001_Philadelphia"
"2002016747","06","67","67301","67301","2001","07","1","0813","08","1","1","0","5","1","","","N","07","0","02","3","0","1","3","2","N","N","39 57:04.320","75 08:28.320","0815","","0813","","0","","N","","0 ","","","","","","","","","","2","2","0","0","0","0","0","0","0","0","0","1","1","0","0","0","0","0","0","0","0","0","0","0","0","0","0","0","0","0","0","0","0","0","0","4","0","39.9509","-75.1411","","CRASH_2001_Philadelphia"
"2002003973","06","67","67301","67301","2001","06","5","1300","13","1","1","0","8","1","","","N","05","2","00","3","0","1","2","2","N","N","40 02:01.320","75 03:48.960","1310","","1307","","0","","N","","2 ","","","","","","","","","","1","1","0","0","0","0","0","0","0","0","0","1","1","0","0","0","0","0","0","0","0","0","0","1","0","0","0","0","0","0","0","0","1","0","0","4","0","40.0337","-75.0637","","CRASH_2001_Philadelphia"
"2002031582","06","67","67301","67301","2001","10","6","1600","16","1","1","0","5","1","","","N","00","0","00","3","0","0","3","2","N","N","39 53:55.610","75 10:21.945","1630","","1614","","0","","N","","0 ","","","","","","","","","","2","2","0","0","0","0","0","0","0","0","0","0","0","0","0","0","0","0","0","0","1","0","0","0","0","0","0","0","0","0","0","0","0","0","0","0","0","39.8995","-75.164","","CRASH_2001_Philadelphia"
"2001244901","06","67","67301","67301","2001","05","6","2115","21","3","1","0","8","1","","","N","00","0","00","3","0","1","2","2","N","N","","","9999","","9999","","0","","N","","0 ","","","","","","","","","","1","0","0","0","0","0","0","0","0","0","0","1","1","0","0","0","0","0","0","0","0","0","0","0","0","0","0","0","0","0","0","0","1","0","0","4","0","","","","CRASH_2001_Philadelphia"
"2002023042","06","67","67301","67301","2001","08","3","2155","21","6","1","0","5","1","","","N","00","0","00","3","0","1","3","2","N","N","39 59:58.902","75 08:19.249","2155","","2155","","0","","N","","0 ","","","","","","","","","","2","1","1","0","0","0","0","0","0","0","0","1","1","0","0","0","0","0","0","0","0","0","0","0","0","0","0","0","0","0","0","0","0","0","0","4","0","39.9998","-75.1387","","CRASH_2001_Philadelphia"
"2002031501","06","67","67301","67301","2001","10","6","1709","17","1","1","0","4","1","","","N","01","2","00","3","0","0","3","2","N","N","40 03:52.722","74 58:55.378","1715","","1710","","0","","N","","3 ","","","","","","","","","","2","2","0","0","0","0","0","0","0","0","0","0","0","0","0","0","0","0","0","0","0","0","0","0","0","0","0","0","0","0","0","0","0","0","0","0","0","40.0647","-74.9823","","CRASH_2001_Philadelphia"
"2002037264","06","67","67301","67301","2001","12","7","0159","01","3","1","0","0","1","","","N","00","0","02","3","0","0","2","1","N","N","40 00:27.360","75 04:26.040","0215","","0159","","0","","N","","0 ","","","","","","","","","","1","0","0","0","1","0","0","0","0","0","0","0","0","0","0","0","0","0","0","0","0","0","0","2","0","0","0","0","0","0","0","0","0","0","0","0","0","40.0072","-75.074","","CRASH_2001_Philadelphia"
"2002043707","06","67","67301","67301","2001","11","2","1330","13","1","1","0","1","1","","","N","01","2","00","3","0","2","2","2","N","N","39 55:17.000","75 14:33.000","1340","","1340","","0","","N","","3 ","","","","","","","","","","2","1","0","0","1","0","0","0","0","0","0","2","2","0","0","0","0","0","0","0","1","0","0","1","0","0","0","0","0","0","0","0","0","0","0","4","0","39.9214","-75.2425","","CRASH_2001_Philadelphia"
"2002012103","06","67","67301","67301","2001","07","5","1030","10","1","1","0","1","1","","","N","01","0","00","3","0","0","2","2","N","N","40 02:13.000","75 03:28.000","1030","","1030","","0","","N","","0 ","","","","","","","","","","2","2","0","0","0","0","0","0","0","0","0","0","0","0","1","0","0","1","0","0","0","0","0","0","0","0","0","0","0","0","0","0","0","0","0","9","0","40.0369","-75.0578","","CRASH_2001_Philadelphia"
"2002037057","06","67","67301","67301","2001","12","7","0657","06","5","1","1","2","1","","","N","02","2","00","3","0","1","2","2","N","N","39 57:28.755","75 14:00.820","0700","","0657","","0","","Y","","3 ","","","","","","","","","","2","2","0","0","0","0","0","0","0","0","0","1","1","0","0","0","0","0","0","0","0","0","0","0","0","0","0","0","0","0","0","0","0","0","0","4","0","39.9579","-75.2335","","CRASH_2001_Philadelphia"
"2002018377","06","67","67301","67301","2001","08","3","0455","04","3","1","0","5","6","","","N","00","0","00","3","0","0","1","4","N","N","","","0459","","0457","3","2","4","N","","0 ","Y","","","","","","","","","4","4","0","0","0","0","0","0","0","0","0","0","0","0","0","0","0","0","0","0","0","0","0","1","0","0","0","0","0","0","0","0","0","0","0","0","0","","","","CRASH_2001_Philadelphia"
"2002023052","06","67","67301","67301","2001","08","6","","","1","1","0","4","1","","","N","02","2","00","3","0","1","2","2","N","N","40 04:12.430","75 01:52.376","0810","","0750","","0","","Y","","3 ","","","","","","","","","","2","2","0","0","0","0","0","0","0","0","0","1","1","0","0","0","0","1","0","0","0","0","0","2","0","0","0","0","0","0","0","0","0","0","0","4","0","40.0702","-75.0313","","CRASH_2001_Philadelphia"
"2002037668","06","67","67301","67301","2001","11","6","0734","07","1","2","1","4","1","","","N","02","3","00","3","0","2","2","2","N","N","40 02:09.748","75 11:10.870","0800","","0757","","0","","N","","3 ","","","","","","","","","","2","2","0","0","0","0","0","0","0","0","0","2","2","0","0","0","0","0","0","0","0","0","0","0","0","0","0","0","0","0","0","0","0","0","0","4","0","40.036","-75.1863","","CRASH_2001_Philadelphia"
"2002004543","06","67","67301","46104","2001","05","6","9999","99","1","1","0","4","1","","","N","00","0","07","3","0","3","3","2","N","N","39 59:59.223","75 13:45.669","1643","","1640","","0","","N","","0 ","","","","","","","","","","2","1","0","0","1","0","0","0","0","0","0","3","3","0","0","0","0","0","1","0","0","0","0","1","0","0","0","0","0","0","0","0","0","0","0","4","0","39.9998","-75.2293","","CRASH_2001_Philadelphia"
"2002022105","06","67","67301","67301","2001","08","7","2345","23","3","1","0","1","1","","","N","01","2","00","3","0","1","2","2","N","N","40 03:23.269","75 00:47.123","2240","","9999","","0","","N","","3 ","","","","","","","","","","2","2","0","0","0","0","0","0","0","0","0","1","1","0","1","0","0","0","0","0","0","0","0","0","0","0","0","0","0","0","0","0","0","0","0","4","0","40.0564","-75.0128","","CRASH_2001_Philadelphia"
"2002044415","06","67","67301","67301","2001","12","1","1228","12","1","1","0","6","1","","","N","01","2","00","3","0","2","3","2","N","N","","","1231","","1230","","0","","N","","3 ","","","","","","","","","","2","2","0","0","0","0","0","0","0","0","0","2","2","0","1","1","0","0","0","0","0","0","0","0","0","0","0","0","0","0","0","0","0","0","0","4","0","","","","CRASH_2001_Philadelphia"
"2002035092","06","67","67301","67301","2001","08","5","1625","16","1","1","0","4","1","","","N","00","0","00","3","0","1","3","2","N","N","39 57:07.920","75 14:56.040","1635","","1630","1","1","5","N","","0 ","Y","","","","","","","","","2","2","0","0","0","0","0","0","0","0","0","1","1","0","0","0","0","0","0","0","0","0","0","1","0","0","0","0","0","0","0","0","0","0","0","4","0","39.9523","-75.2489","","CRASH_2001_Philadelphia"
"2001288123","06","67","67301","","2001","05","6","2315","23","3","1","0","1","1","","","N","00","0","00","3","0","3","4","2","N","N","","","9999","","9999","","0","","N","","0 ","","","","","","","","","","2","2","0","0","0","0","0","0","0","2","0","0","2","0","1","0","0","0","1","0","0","0","0","0","0","0","0","0","0","0","0","0","0","0","0","2","0","","","","CRASH_2001_Philadelphia"
"2002014596","06","67","67301","67301","2001","07","4","2300","23","3","1","0","8","1","","","N","01","2","00","3","0","1","2","2","N","N","39 57:11.434","75 10:12.291","2050","","2045","","0","","N","","1 ","","","","","","","","","","1","1","0","0","0","0","0","0","0","0","0","1","1","0","0","0","0","0","0","0","1","0","0","0","0","0","0","0","0","0","0","0","1","0","0","4","0","39.9532","-75.17","","CRASH_2001_Philadelphia"
"2002010714","06","67","67301","67301","2001","07","7","0219","02","3","1","0","7","2","","","N","01","2","00","3","0","1","1","1","N","N","39 59:03.120","75 07:10.920","0220","","0219","","0","","N","","3 ","","","","","","","","","","1","1","0","0","0","0","0","0","0","0","1","0","1","0","0","0","0","0","0","0","0","0","0","0","0","0","0","0","0","0","0","0","0","0","0","3","0","39.9841","-75.1197","","CRASH_2001_Philadelphia"
"2002031556","06","67","67301","67301","2001","10","2","1622","16","1","1","0","4","1","","","N","02","0","00","3","0","1","3","2","Y","N","40 01:13.000","75 07:35.000","1634","","1628","","0","","N","","0 ","","","","","","","","","","2","1","0","1","0","0","0","0","0","0","0","1","1","0","0","0","0","0","0","0","1","0","0","0","0","0","0","0","0","0","0","0","0","0","0","4","1","40.0203","-75.1264","","CRASH_2001_Philadelphia"
"2002036262","06","67","67301","67301","2001","10","7","1220","12","1","1","0","1","1","","","N","01","2","00","3","0","2","2","2","N","N","39 57:17.794","75 12:31.637","1236","","1230","","0","","N","","3 ","","","","","","","","","","2","2","0","0","0","0","0","0","0","0","2","0","2","0","0","0","0","0","0","0","0","0","0","0","0","0","0","0","0","0","0","0","0","0","0","3","0","39.9564","-75.2084","","CRASH_2001_Philadelphia"
"2002010510","06","67","67301","67301","2001","06","4","1457","14","1","1","0","4","1","","","N","01","2","00","3","0","1","2","3","N","N","40 03:40.760","75 03:06.912","1515","","1457","","0","","Y","","3 ","","","","","","","","","","3","2","0","0","0","0","0","0","0","0","0","1","1","0","0","0","0","0","0","0","0","1","0","0","0","0","0","0","0","0","0","0","0","0","0","4","0","40.0613","-75.0519","","CRASH_2001_Philadelphia"
"2002018113","06","67","67301","67301","2001","08","4","1610","16","1","1","0","4","1","","","N","01","0","00","3","0","1","2","2","N","N","40 04:48.990","74 58:37.318","1612","","1610","","0","","N","","0 ","","","","","","","","","","2","2","0","0","0","0","0","0","0","0","0","1","1","0","0","0","0","0","0","0","1","0","0","0","0","0","0","0","0","0","0","0","0","0","0","4","0","40.0805","-74.9771","","CRASH_2001_Philadelphia"
"2002020429","06","67","67301","67301","2001","08","7","1310","13","1","1","0","7","5","1","3","Y","00","0","00","3","0","1","3","1","N","N","39 58:17.772","75 07:24.717","1410","40","1401","","0","","N","","0 ","","N","","","U","","","","Y","1","1","0","0","0","0","0","0","0","0","0","1","1","0","0","0","0","0","0","0","0","0","0","0","0","0","0","0","0","0","0","0","0","0","0","4","0","39.9764","-75.1147","","CRASH_2001_Philadelphia"
"2002043689","06","67","67301","67301","2001","10","7","0810","08","1","1","0","4","1","","","N","05","2","02","3","0","1","2","2","N","N","39 57:16.282","75 08:28.359","0825","","0820","","0","","N","","3 ","","","","","","","","","","2","2","0","0","0","0","0","0","0","0","0","1","1","0","0","0","0","0","0","1","0","0","0","1","0","0","0","0","0","0","0","0","0","0","0","4","0","39.9567","-75.1423","","CRASH_2001_Philadelphia"
"2002030261","06","67","67301","67301","2001","07","7","2009","20","4","1","0","0","1","","","N","02","0","00","3","0","1","4","4","N","N","40 03:58.715","74 58:54.979","2014","","2009","2","2","5","N","","0 ","Y","","","","","","","","","4","3","1","0","0","0","0","0","0","1","0","0","1","0","0","0","0","0","0","0","0","0","0","0","0","0","0","0","0","1","0","0","0","0","0","2","0","40.0664","-74.9822","","CRASH_2001_Philadelphia"
"2002031100","06","67","67301","67301","2001","09","7","1126","11","1","1","0","4","1","","","N","02","2","00","3","0","3","3","2","N","N","39 55:11.197","75 13:39.455","1128","","1126","","0","","N","","3 ","","","","","","","","","","2","2","0","0","0","0","0","0","0","1","2","0","3","0","0","0","0","0","0","0","0","0","0","0","0","0","0","0","0","0","0","0","0","0","0","2","0","39.9198","-75.2275","","CRASH_2001_Philadelphia"
"2002040208","06","67","67301","67301","2001","12","5","1850","18","3","2","1","1","1","","","N","00","0","00","3","0","0","3","3","N","N","39 58:30.880","75 11:39.050","1910","","1858","","0","","N","","0 ","","","","","","","","","","3","3","0","0","0","0","0","0","0","0","0","0","0","0","2","0","0","0","0","0","1","0","0","0","0","0","0","0","0","0","0","0","0","0","0","9","0","39.9753","-75.1944","","CRASH_2001_Philadelphia"
"2002007922","06","67","67301","67301","2001","06","1","1130","11","1","1","0","6","1","","","N","01","2","00","3","0","1","4","2","N","N","39 59:17.000","75 09:27.500","1135","","1133","","0","","N","","3 ","","","","","","","","","","2","2","0","0","0","0","0","0","0","0","0","1","1","0","0","0","0","0","0","0","1","0","0","3","0","0","0","0","0","0","0","0","0","0","0","4","0","39.9881","-75.1576","","CRASH_2001_Philadelphia"
"2002019526","06","67","67301","67301","2001","08","6","1433","14","1","1","0","8","1","","","N","00","0","00","3","0","1","2","3","N","N","39 58:16.000","75 08:42.000","1438","","1435","","0","","N","","0 ","","","","","","","","","","2","2","0","0","0","0","0","0","0","0","1","0","1","0","0","0","0","0","0","0","0","0","0","0","0","0","0","0","0","0","0","0","1","0","0","3","0","39.9711","-75.145","","CRASH_2001_Philadelphia"
"2002020190","06","67","67301","67301","2001","05","7","0800","08","1","2","1","1","1","","","N","00","0","00","3","0","3","5","2","N","N","39 58:29.988","75 11:39.508","0808","","9999","","0","","N","","0 ","","","","","","","","","","2","1","0","0","1","0","0","0","0","0","0","3","3","0","0","0","0","0","0","0","0","0","0","0","0","0","0","0","0","0","0","0","0","0","0","4","0","39.975","-75.1945","","CRASH_2001_Philadelphia"
"2002028475","06","67","67301","67301","2001","09","6","2320","23","3","1","0","6","1","","","N","01","3","00","3","0","1","2","2","N","N","40 02:51.158","75 11:31.632","1345","","1705","","0","","N","","3 ","","","","","","","","","","2","2","0","0","0","0","0","0","0","0","0","1","1","0","0","0","0","0","0","0","0","0","0","0","0","0","0","0","0","0","0","0","0","0","0","4","0","40.0477","-75.1921","","CRASH_2001_Philadelphia"
"2002026540","06","67","67301","67301","2001","08","2","1200","12","1","1","0","4","1","","","N","01","0","00","3","0","1","2","2","N","N","","","9999","","9999","","0","","N","","0 ","","","","","","","","","","1","1","0","0","0","0","0","0","1","0","0","1","1","0","0","0","0","0","0","0","0","0","0","1","0","0","0","0","0","0","0","0","0","0","0","4","0","","","","CRASH_2001_Philadelphia"
"2002014527","06","67","67301","67301","2001","07","3","1122","11","1","1","0","8","1","","","N","02","3","00","3","0","1","2","2","N","N","40 03:14.400","75 02:31.560","1147","","1126","","0","","N","","3 ","","","","","","","","","","1","1","0","0","0","0","0","0","0","0","0","1","1","0","0","0","0","0","0","0","0","0","1","0","0","0","0","0","0","0","0","0","1","0","0","4","0","40.0541","-75.042","","CRASH_2001_Philadelphia"
"2002010559","06","67","67301","67301","2001","06","5","0110","01","3","1","0","7","2","1","3","Y","00","0","00","3","0","3","5","1","N","N","39 58:32.624","75 06:58.487","0114","35","0113","","0","","N","","0 ","","N","","","U","","","","Y","1","1","0","0","0","0","0","0","0","0","0","3","3","0","0","0","0","0","0","1","0","0","0","5","0","0","0","0","0","0","0","0","0","0","0","4","0","39.9789","-75.1097","","CRASH_2001_Philadelphia"