"CRN","DISTRICT","COUNTY","MUNICIPALITY","POLICE_AGCY","CRASH_YEAR","CRASH_MONTH","DAY_OF_WEEK","TIME_OF_DAY","HOUR_OF_DAY","ILLUMINATION","WEATHER","ROAD_CONDITION","COLLISION_TYPE","RELATION_TO_ROAD","WORK_ZONE_TYPE","WORK_ZONE_LOC","WORK_ZONE_IND","INTERSECT_TYPE","TCD_TYPE","LOCATION_TYPE","URBAN_RURAL","FATAL_COUNT","INJURY_COUNT","PERSON_COUNT","TOTAL_UNITS","SCH_BUS_IND","SCH_ZONE_IND","LATITUDE","LONGITUDE","ARRIVAL_TM","CONS_ZONE_SPD_LIM","DISPATCH_TM","EST_HRS_CLOSED","LANE_CLOSED","LN_CLOSE_DIR","NTFY_HIWY_MAINT","SPEC_JURIS_CD","TCD_FUNC_CD","TFC_DETOUR_IND","WORKERS_PRES","WZ_CLOSE_DETOUR","WZ_FLAGGER","WZ_LAW_OFFCR_IND","WZ_LN_CLOSURE","WZ_MOVING","WZ_OTHER","WZ_SHLDER_MDN","VEHICLE_COUNT","AUTOMOBILE_COUNT","MOTORCYCLE_COUNT","BUS_COUNT","SMALL_TRUCK_COUNT","HEAVY_TRUCK_COUNT","SUV_COUNT","VAN_COUNT","BICYCLE_COUNT","MAJ_INJ_COUNT","MOD_INJ_COUNT","MIN_INJ_COUNT","TOT_INJ_COUNT","UNK_INJ_DEG_COUNT","UNK_INJ_PER_COUNT","DRIVER_COUNT_16YR","DRIVER_COUNT_17YR","DRIVER_COUNT_18YR","DRIVER_COUNT_19YR","DRIVER_COUNT_20YR","DRIVER_COUNT_50_64YR","DRIVER_COUNT_65_74YR","DRIVER_COUNT_75PLUS","UNBELTED_OCC_COUNT","UNB_DEATH_COUNT","UNB_MAJ_INJ_COUNT","BELTED_DEATH_COUNT","BELTED_MAJ_INJ_COUNT","MCYCLE_DEATH_COUNT","MCYCLE_MAJ_INJ_COUNT","BICYCLE_DEATH_COUNT","BICYCLE_MAJ_INJ_COUNT","PED_COUNT","PED_DEATH_COUNT","PED_MAJ_INJ_COUNT","MAX_SEVERITY_LEVEL","COMM_VEH_COUNT","DEC_LAT","DEC_LONG","RDWY_SURF_TYPE_CD","COUNTY_YEAR"
"2002012101","06","67","67301","67301","2001","07","2","1423","14","1","1","0","1","1","","","N","00","0","00","3","0","1","5","3","N","N","40 02:11.760","75 02:28.320","1435","","1429","","0","","N","","0 ","","","","","","","","","","3","3","0","0","0","0","0","0","0","0","0","1","1","0","0","0","0","0","0","0","0","1","1","5","0","0","0","0","0","0","0","0","0","0","0","4","0","40.0366","-75.041","","CRASH_2001_Philadelphia"
"2002027616","06","67","67301","67301","2001","09","2","1540","15","1","1","0","4","1","","","N","01","2","00","3","0","1","2","2","N","N","39 58:48.702","75 10:09.200","1402","","1400","","0","","N","","3 ","","","","","","","","","","2","2","0","0","0","0","0","0","0","1","0","0","1","0","0","0","0","0","0","0","1","0","0","1","0","0","0","1","0","0","0","0","0","0","0","2","0","39.9791","-75.161","","CRASH_2001_Philadelphia"
"2002034329","06","67","67301","67301","2001","10","2","1710","17","1","1","0","2","1","","","N","01","2","00","3","0","2","3","2","N","N","40 04:38.684","75 10:31.660","1720","","1717","","0","","N","","3 ","","","","","","","","","","2","2","0","0","0","0","0","0","0","0","0","2","2","0","0","0","0","0","0","0","0","0","0","3","0","0","0","0","0","0","0","0","0","0","0","4","0","40.0774","-75.1755","","CRASH_2001_Philadelphia"
"2002040237","06","67","67301","67301","2001","12","6","1920","19","3","1","0","1","1","","","N","06","0","02","3","0","0","2","2","N","N","39 58:33.960","75 11:44.160","1933","","1925","","0","","N","","0 ","","","","","","","","","","2","1","0","0","1","0","0","0","0","0","0","0","0","0","1","0","0","0","0","0","0","0","0","0","0","0","0","0","0","0","0","0","0","0","0","9","0","39.9761","-75.1956","","CRASH_2001_Philadelphia"
"2002041464","06","67","67301","67301","2001","12","1","0140","01","3","1","0","1","1","","","N","00","0","00","3","0","0","3","3","N","N","40 01:05.955","75 10:05.180","0145","","0140","","0","","N","","0 ","","","","","","","","","","3","3","0","0","0","0","0","0","0","0","0","0","0","0","0","0","0","0","0","0","0","0","0","0","0","0","0","0","0","0","0","0","0","0","0","0","0","40.0184","-75.1679","","CRASH_2001_Philadelphia"
"2002012793","06","67","67301","67301","2001","07","7","1550","15","1","1","0","4","1","","","N","01","2","00","3","0","3","4","2","N","N","40 03:27.624","75 09:58.024","1605","","1558","","0","","N","","3 ","","","","","","","","","","2","2","0","0","0","0","0","0","0","0","0","3","3","0","0","0","0","1","0","0","0","0","0","0","0","0","0","0","0","0","0","0","0","0","0","4","0","40.0577","-75.1661","","CRASH_2001_Philadelphia"
"2002046428","06","67","67301","67301","2001","10","2","1429","14","1","1","1","4","1","","","N","01","2","00","3","0","2","2","2","N","N","40 04:14.924","75 02:16.115","1500","","1500","","0","","N","","3 ","","","","","","","","","","2","2","0","0","0","0","0","0","0","0","1","1","2","0","0","0","0","0","0","0","0","0","1","0","0","0","0","0","0","0","0","0","0","0","0","3","0","40.071","-75.0378","","CRASH_2001_Philadelphia"
"2002012757","06","67","67301","67301","2001","07","3","1420","14","1","1","0","6","1","","","N","01","2","00","3","0","2","5","2","N","N","39 54:49.741","75 08:55.375","0225","","0223","","0","","N","","3 ","","","","","","","","","","2","2","0","0","0","0","0","0","0","0","0","2","2","0","0","0","0","0","0","0","0","0","0","0","0","0","0","0","0","0","0","0","0","0","0","4","0","39.9141","-75.1497","","CRASH_2001_Philadelphia"
"2002026643","06","67","67301","67301","2001","07","6","0844","08","1","1","0","1","1","","","N","00","0","00","3","0","1","2","2","N","N","40 01:27.249","75 07:50.757","0849","","0848","","0","","N","","0 ","","","","","","","","","","2","2","0","0","0","0","0","0","0","0","1","0","1","0","0","0","0","0","0","0","1","0","0","0","0","0","0","0","0","0","0","0","0","0","0","3","0","40.0242","-75.1306","","CRASH_2001_Philadelphia"
"2002023055","06","67","67301","67301","2001","08","6","1300","13","1","1","0","1","1","","","N","00","0","07","3","0","0","2","2","N","N","","","1310","","1310","","0","","N","","0 ","","","","","","","","","","2","2","0","0","0","0","0","0","0","0","0","0","0","0","0","0","0","0","0","0","0","0","0","0","0","0","0","0","0","0","0","0","0","0","0","0","0","","","","CRASH_2001_Philadelphia"
"2002029762","06","67","67301","67301","2001","09","6","1045","10","1","2","1","2","4","","","N","00","0","00","3","0","0","1","2","N","N","40 02:46.569","75 08:09.088","1100","","1055","","0","","N","","0 ","","","","","","","","","","2","2","0","0","0","0","0","0","0","0","0","0","0","0","0","0","0","0","0","0","0","0","0","0","0","0","0","0","0","0","0","0","0","0","0","0","0","40.0462","-75.1358","","CRASH_2001_Philadelphia"
"2002028694","06","67","67301","67301","2001","09","4","2210","22","3","1","0","2","1","","","N","00","0","00","3","0","1","2","2","N","N","39 58:49.148","75 11:51.119","2225","","2220","1","2","2","N","","0 ","Y","","","","","","","","","2","1","1","0","0","0","0","0","0","1","0","0","1","0","0","0","0","0","0","0","0","0","0","0","0","0","0","0","0","1","0","0","0","0","0","2","0","39.9803","-75.1975","","CRASH_2001_Philadelphia"
"2002046305","06","67","67301","67301","2001","10","4","0630","06","1","1","0","4","1","","","N","02","2","00","3","0","2","2","2","N","N","40 04:24.593","75 14:35.857","0644","","0639","3","2","1","N","","3 ","N","","","","","","","","","2","2","0","0","0","0","0","0","0","1","0","1","2","0","0","0","0","0","0","0","0","1","0","0","0","0","0","1","0","0","0","0","0","0","0","2","0","40.0735","-75.2433","","CRASH_2001_Philadelphia"
"2002041362","06","67","67301","67301","2001","12","3","1230","12","1","1","1","4","1","","","N","01","2","00","3","0","0","2","3","N","N","39 57:31.498","75 13:37.187","1240","","1232","","0","","N","","3 ","","","","","","","","","","3","3","0","0","0","0","0","0","0","0","0","0","0","0","0","0","0","0","0","0","0","0","0","0","0","0","0","0","0","0","0","0","0","0","0","0","0","39.9587","-75.2272","","CRASH_2001_Philadelphia"
"2002045311","06","67","67301","67301","2001","09","1","1415","14","1","1","0","4","1","","","N","01","2","00","3","0","2","4","2","N","N","39 56:52.306","75 13:38.843","1422","","1420","","0","","N","","3 ","","","","","","","","","","2","1","0","1","0","0","0","0","0","0","0","2","2","0","0","0","0","1","0","0","0","0","0","0","0","0","0","0","0","0","0","0","0","0","0","4","1","39.9478","-75.2274","","CRASH_2001_Philadelphia"
"2001287423","06","67","67301","","2001","01","6","1300","13","1","4","3","4","1","","","N","01","2","00","3","0","2","2","2","N","N","39 59:17.415","75 08:46.215","9999","","9999","","0","","N","","3 ","","","","","","","","","","2","1","0","0","1","0","0","0","0","0","0","0","0","0","2","0","0","0","0","0","0","0","0","0","0","0","0","0","0","0","0","0","0","0","0","9","0","39.9882","-75.1462","","CRASH_2001_Philadelphia"
"2002033790","06","67","67301","67301","2001","10","1","0210","02","3","1","0","2","1","","","N","01","2","00","3","0","2","3","2","N","N","39 57:12.202","75 11:01.966","0402","","0400","","0","","N","","3 ","","","","","","","","","","2","2","0","0","0","0","0","0","0","0","0","2","2","0","1","0","0","0","0","0","0","0","0","0","0","0","0","0","0","0","0","0","0","0","0","4","0","39.9533","-75.1838","","CRASH_2001_Philadelphia"
"2002014569","06","67","67301","67301","2001","07","1","1815","18","1","1","0","8","6","","","N","00","0","00","3","0","1","2","2","N","N","39 57:00.749","75 08:45.250","1839","","1834","","0","","N","","0 ","","","","","","","","","","1","1","0","0","0","0","0","0","0","0","0","1","1","0","1","0","0","0","0","0","0","0","0","0","0","0","0","0","0","0","0","0","1","0","0","4","0","39.9502","-75.1459","","CRASH_2001_Philadelphia"
"2002031278","06","67","67301","67301","2001","09","2","2249","22","2","2","1","6","1","","","N","00","0","00","3","0","1","3","2","N","N","40 04:52.000","75 13:15.000","2318","","2306","","0","","N","","0 ","","","","","","","","","","2","2","0","0","0","0","0","0","0","1","0","0","1","0","0","0","0","0","0","0","0","0","0","0","0","0","0","1","0","0","0","0","0","0","0","2","0","40.0811","-75.2208","","CRASH_2001_Philadelphia"
"2002034777","06","67","67301","67301","2001","11","2","1030","10","1","1","0","8","1","","","N","01","2","00","3","0","1","2","2","N","N","40 00:27.761","75 07:38.185","1050","","1046","","0","","N","","3 ","","","","","","","","","","1","1","0","0","0","0","0","0","0","0","0","1","1","0","0","0","0","0","0","0","0","0","0","0","0","0","0","0","0","0","0","0","1","0","0","4","0","40.0076","-75.1273","","CRASH_2001_Philadelphia"
"2002034852","06","67","67301","67301","2001","11","5","1600","16","1","1","0","4","1","","","N","00","0","00","3","0","0","3","2","N","N","40 01:37.142","75 02:28.500","1610","","1602","","0","","N","","0 ","","","","","","","","","","2","1","1","0","0","0","0","0","0","0","0","0","0","0","1","0","0","0","0","0","0","0","0","0","0","0","0","0","0","0","0","0","0","0","0","9","0","40.027","-75.0412","","CRASH_2001_Philadelphia"
"2002045149","06","67","67301","67301","2001","12","6","1210","12","1","1","0","4","7","","","N","01","2","00","3","0","2","3","2","N","N","39 56:52.705","75 08:27.188","1220","","1215","","0","","N","","3 ","","","","","","","","","","2","2","0","0","0","0","0","0","0","0","2","0","2","0","0","0","0","0","0","0","0","0","0","0","0","0","0","0","0","0","0","0","0","0","0","3","0","39.948","-75.1409","","CRASH_2001_Philadelphia"
"2002057055","06","67","67301","67301","2001","09","5","0840","08","1","8","0","1","1","","","N","00","2","00","3","0","1","2","2","N","N","","","0840","","0840","","0","","N","","3 ","","","","","","","","","","2","2","0","0","0","0","0","0","0","0","0","1","1","0","0","0","0","0","0","0","0","0","0","0","0","0","0","0","0","0","0","0","0","0","0","4","0","","","","CRASH_2001_Philadelphia"
"2002043645","06","67","67301","67301","2001","11","4","1755","17","3","1","0","4","4","","","N","00","2","00","3","0","1","2","2","N","N","","","1804","","1800","","0","","N","","3 ","","","","","","","","","","2","2","0","0","0","0","0","0","0","0","0","1","1","0","0","0","0","0","0","0","1","0","0","2","0","0","0","0","0","0","0","0","0","0","0","4","0","","","","CRASH_2001_Philadelphia"
"2002025170","06","67","67301","67301","2001","08","3","1550","15","1","1","1","4","1","","","N","01","2","00","3","0","1","2","2","N","N","40 00:02.588","75 08:36.120","1737","","1732","","9","","N","","9 ","U","","","","","","","","","1","1","0","0","0","0","0","0","1","0","1","0","1","0","0","0","0","0","0","0","0","0","0","0","0","0","0","0","0","0","0","0","0","0","0","3","0","40.0008","-75.1434","","CRASH_2001_Philadelphia"
"2002027592","06","67","67301","67301","2001","08","4","1844","18","1","1","0","8","1","","","N","01","0","00","3","0","1","6","2","N","N","","","9999","","1844","","0","","N","","0 ","","","","","","","","","","1","1","0","0","0","0","0","0","0","0","1","0","1","0","0","0","0","0","0","0","0","0","0","1","0","0","0","0","0","0","0","0","1","0","0","3","0","","","","CRASH_2001_Philadelphia"
"2002035709","06","67","67301","67301","2001","10","6","2000","20","3","1","0","4","1","","","N","01","2","01","3","0","1","7","2","N","N","39 55:48.000","75 11:13.000","2006","","2004","","9","","N","","9 ","U","","","","","","","","","2","2","0","0","0","0","0","0","0","0","1","0","1","0","0","0","0","1","0","0","0","0","0","0","0","0","0","0","0","0","0","0","0","0","0","3","0","39.93","-75.1869","","CRASH_2001_Philadelphia"
"2002046257","06","67","67301","67301","2001","10","3","1440","14","1","1","0","8","1","","","N","01","2","00","3","0","1","2","2","N","N","39 59:34.786","75 08:52.460","1450","","1445","","0","","N","","3 ","","","","","","","","","","1","1","0","0","0","0","0","0","0","0","0","1","1","0","0","0","0","0","0","0","0","0","0","0","0","0","0","0","0","0","0","0","1","0","0","4","0","39.9931","-75.1479","","CRASH_2001_Philadelphia"
"2002039464","06","67","67301","67301","2001","11","7","2215","22","3","1","0","4","1","","","N","00","0","07","3","0","1","2","2","N","N","40 00:37.440","75 09:57.600","2225","","2223","","0","","N","","0 ","","","","","","","","","","2","2","0","0","0","0","0","0","0","0","0","1","1","0","0","0","0","0","0","0","0","0","0","0","0","0","0","0","0","0","0","0","0","0","0","4","0","40.0103","-75.1659","","CRASH_2001_Philadelphia"
"2002041661","06","67","67301","67301","2001","12","1","1525","15","1","1","0","6","1","","","N","02","1","00","3","0","1","3","2","N","N","40 05:29.868","74 57:56.230","1735","","1725","","0","","N","","1 ","","","","","","","","","","2","2","0","0","0","0","0","0","0","0","0","1","1","0","0","0","0","0","0","0","0","0","1","0","0","0","0","0","0","0","0","0","0","0","0","4","0","40.0915","-74.9656","","CRASH_2001_Philadelphia"
"2002045155","06","67","67301","67301","2001","12","2","1843","18","3","1","0","1","1","","","N","01","2","00","3","0","1","2","2","N","N","39 59:21.487","75 07:52.507","1850","","1846","","0","","N","","3 ","","","","","","","","","","2","2","0","0","0","0","0","0","0","0","0","1","1","0","0","0","0","0","0","0","0","0","0","0","0","0","0","0","0","0","0","0","0","0","0","4","0","39.9893","-75.1313","","CRASH_2001_Philadelphia"
"2002012254","06","67","67301","67301","2001","07","7","2024","20","3","1","0","7","2","","","N","00","0","00","3","0","2","2","1","N","N","39 57:25.835","75 08:29.025","2028","","2024","1","1","2","N","","0 ","N","","","","","","","","","1","1","0","0","0","0","0","0","0","0","2","0","2","0","0","0","0","0","0","0","0","0","0","0","0","0","0","0","0","0","0","0","0","0","0","3","0","39.964","-75.1386","","CRASH_2001_Philadelphia"
"2002025172","06","67","67301","67301","2001","08","1","0230","02","3","1","0","8","4","","","N","01","0","00","3","0","1","2","2","N","N","","","0955","","0942","","0","","N","","0 ","","","","","","","","","","1","1","0","0","0","0","0","0","0","0","0","1","1","0","1","0","0","0","0","0","0","0","0","0","0","0","0","0","0","0","0","0","1","0","0","4","0","","","","CRASH_2001_Philadelphia"
"2002026446","06","67","67301","67301","2001","05","5","2135","21","3","1","0","1","1","","","N","00","0","07","3","0","1","3","3","N","N","39 59:17.688","75 05:28.946","2146","","2141","","0","","N","","0 ","","","","","","","","","","3","3","0","0","0","0","0","0","0","0","0","1","1","0","0","0","0","0","0","0","2","1","0","0","0","0","0","0","0","0","0","0","0","0","0","4","0","39.9882","-75.0914","","CRASH_2001_Philadelphia"
"2002026646","06","67","67301","67301","2001","09","6","1500","15","1","4","0","8","1","","","N","01","0","00","3","0","1","2","2","N","N","40 06:13.141","75 01:42.156","1550","","1545","","0","","N","","0 ","","","","","","","","","","1","1","0","0","0","0","0","0","0","0","1","0","1","0","0","0","0","0","0","0","0","0","0","0","0","0","0","0","0","0","0","0","1","0","0","3","0","40.1035","-75.0284","","CRASH_2001_Philadelphia"
"2002042075","06","67","67301","67301","2001","11","2","1612","16","1","1","0","7","4","","","N","00","0","00","3","0","0","1","1","N","N","39 57:16.060","75 09:47.951","1625","","1614","","0","","N","","0 ","","","","","","","","","","1","1","0","0","0","0","0","0","0","0","0","0","0","0","0","0","0","0","0","0","0","0","0","0","0","0","0","0","0","0","0","0","0","0","0","0","0","39.9544","-75.1633","","CRASH_2001_Philadelphia"
"2002035741","06","67","67301","67301","2001","10","7","0305","03","3","1","0","6","1","","","N","00","0","07","3","0","2","2","2","N","N","40 04:07.756","75 00:23.461","0211","","0207","","0","","N","","0 ","","","","","","","","","","2","2","0","0","0","0","0","0","0","0","0","2","2","0","0","0","0","0","0","0","0","0","0","0","0","0","0","0","0","0","0","0","0","0","0","4","0","40.0688","-75.0067","","CRASH_2001_Philadelphia"
"2002036050","06","67","67301","67301","2001","11","7","0830","08","1","2","1","4","9","","","N","02","2","00","3","0","1","2","2","N","N","39 56:30.317","75 09:56.820","0840","","0834","","0","","N","","2 ","","","","","","","","","","1","1","0","0","0","0","0","0","1","0","1","0","1","0","0","0","0","0","0","0","1","0","0","1","0","0","0","0","0","0","0","0","0","0","0","3","0","39.9418","-75.1658","","CRASH_2001_Philadelphia"
"2002018925","06","67","67301","67301","2001","07","5","1708","17","1","1","0","6","1","","","N","00","0","00","3","0","2","3","2","N","N","","","1730","","1721","","0","","N","","0 ","","","","","","","","","","1","0","0","1","0","0","0","0","1","0","0","2","2","0","1","0","0","0","0","0","0","0","0","0","0","0","0","0","0","0","0","0","0","0","0","4","1","","","","CRASH_2001_Philadelphia"
"2002030785","06","67","67301","67301","2001","09","6","1555","15","1","1","0","4","1","","","N","02","0","00","3","0","2","2","2","N","N","40 02:20.410","75 08:54.899","1559","","1556","1","1","4","N","","0 ","N","","","","","","","","","2","2","0","0","0","0","0","0","0","0","0","2","2","0","0","0","0","0","0","0","1","0","0","0","0","0","0","0","0","0","0","0","0","0","0","4","0","40.039","-75.1486","","CRASH_2001_Philadelphia"
"2002030990","06","67","67301","67301","2001","10","4","1659","16","1","1","0","4","5","","","N","00","0","00","3","0","1","2","2","N","N","40 04:15.164","75 02:15.900","1708","","1701","","0","","N","","0 ","","","","","","","","","","1","1","0","0","0","0","0","0","1","0","0","1","1","0","0","0","0","0","0","0","1","0","0","0","0","0","0","0","0","0","0","0","0","0","0","4","0","40.071","-75.0378","","CRASH_2001_Philadelphia"
"2001400307","06","67","67301","67301","2001","04","2","0240","02","3","1","0","7","1","","","N","00","0","00","3","3","0","3","1","N","N","","","9999","","9999","","0","","N","9","0 ","","","","","","","","","","1","1","0","0","0","0","0","0","0","0","0","0","0","0","0","0","0","0","0","0","0","0","0","3","3","0","0","0","0","0","0","0","0","0","0","1","0","","","9 ","CRASH_2001_Philadelphia"
"2002017328","06","67","67301","67301","2001","07","6","2035","20","1","1","0","8","1","","","N","00","0","00","3","0","1","2","2","N","N","40 01:21.000","75 09:23.000","2040","","2037","","0","","N","","0 ","","","","","","","","","","1","1","0","0","0","0","0","0","0","0","0","1","1","0","0","0","0","0","0","0","0","0","0","0","0","0","0","0","0","0","0","0","1","0","0","4","0","40.0225","-75.1564","","CRASH_2001_Philadelphia"
"2002045659","06","67","67301","67301","2001","10","7","2035","20","3","1","0","4","1","","","N","01","2","00","3","0","2","2","2","N","N","40 03:42.776","75 09:47.355","9999","","9999","","0","","N","","3 ","","","","","","","","","","2","1","0","0","1","0","0","0","0","0","0","2","2","0","0","0","0","0","0","0","0","1","0","0","0","0","0","0","0","0","0","0","0","0","0","4","0","40.0619","-75.1632","","CRASH_2001_Philadelphia"
"2002017623","06","67","67301","67301","2001","08","2","2217","22","3","2","1","4","1","","","N","01","0","00","3","0","0","2","2","N","N","40 02:47.384","75 05:24.289","2221","","2220","","0","","N","","0 ","","","","","","","","","","2","2","0","0","0","0","0","0","0","0","0","0","0","0","0","0","0","0","0","0","1","0","0","0","0","0","0","0","0","0","0","0","0","0","0","0","0","40.0465","-75.0901","","CRASH_2001_Philadelphia"
"2002006156","06","67","67301","67301","2001","11","2","1230","12","1","1","0","4","1","","","N","01","3","00","3","0","0","4","2","N","N","40 00:05.438","75 09:05.986","1245","","1240","","0","","N","","3 ","","","","","","","","","","2","2","0","0","0","0","0","0","0","0","0","0","0","0","0","0","0","1","0","0","0","0","0","1","0","0","0","0","0","0","0","0","0","0","0","0","0","40.0014","-75.1516","","CRASH_2001_Philadelphia"
"2002018358","06","67","67301","67301","2001","08","5","1916","19","1","1","1","1","1","","","N","01","2","00","3","0","1","1","3","N","N","39 56:24.016","75 09:58.449","1930","","1926","","0","","N","","3 ","","","","","","","","","","2","2","0","0","0","0","0","0","0","0","0","1","1","0","0","0","0","0","0","0","0","0","0","0","0","0","0","0","0","0","0","0","0","0","0","4","0","39.94","-75.1662","","CRASH_2001_Philadelphia"
"2002024528","06","67","67301","67301","2001","08","7","1600","16","1","1","0","2","1","","","N","00","0","00","3","0","1","2","2","N","N","39 58:29.000","75 09:42.000","2220","","2215","","0","","N","","0 ","","","","","","","","","","2","1","0","0","0","0","0","0","0","0","0","1","1","0","0","0","0","0","0","0","0","0","0","0","0","0","0","0","0","0","0","0","0","0","0","4","0","39.9747","-75.1617","","CRASH_2001_Philadelphia"
"2002025922","06","67","67301","67301","2001","08","2","1340","13","1","1","0","6","1","","","N","01","0","00","3","0","2","4","2","N","N","39 56:25.177","75 14:11.944","1350","","1341","","0","","N","","0 ","","","","","","","","","","2","2","0","0","0","0","0","0","0","0","0","2","2","0","2","0","0","0","0","0","0","0","0","0","0","0","0","0","0","0","0","0","0","0","0","4","0","39.9403","-75.2367","","CRASH_2001_Philadelphia"
"2002028818","06","67","67301","67301","2001","08","6","1830","18","1","1","0","8","1","","","N","00","0","00","3","0","1","2","2","N","N","39 57:17.772","75 11:01.973","1835","","1832","","0","","N","","0 ","","","","","","","","","","1","1","0","0","0","0","0","0","0","0","0","1","1","0","0","0","0","0","0","0","0","0","0","0","0","0","0","0","0","0","0","0","1","0","0","4","0","39.9549","-75.1843","","CRASH_2001_Philadelphia"
"2002032195","06","67","67301","67301","2001","10","7","2130","21","3","1","1","8","1","","","N","00","0","00","3","0","1","2","2","N","N","40 03:23.316","75 00:46.748","2135","","2130","","0","","N","","0 ","","","","","","","","","","1","0","0","0","1","0","0","0","0","0","0","1","1","0","1","0","0","0","0","0","0","0","0","0","0","0","0","0","0","0","0","0","1","0","0","4","0","40.0564","-75.0127","","CRASH_2001_Philadelphia"
"2002036124","06","67","67301","67301","2001","11","6","1335","13","1","1","0","8","1","","","N","01","2","00","3","0","1","2","2","N","N","39 59:38.011","75 09:16.777","1340","","1335","","0","","N","","3 ","","","","","","","","","","1","1","0","0","0","0","0","0","0","0","0","1","1","0","0","0","0","0","0","0","0","0","0","0","0","0","0","0","0","0","0","0","1","0","0","4","0","39.9939","-75.1545","","CRASH_2001_Philadelphia"
"2002043793","06","67","67301","67301","2001","11","1","1514","15","1","1","0","8","1","","","N","01","2","00","3","0","1","2","2","N","N","40 02:07.977","75 07:26.064","1522","","1518","","0","","N","","3 ","","","","","","","","","","1","1","0","0","0","0","0","0","0","0","0","1","1","0","0","0","0","0","0","0","1","0","0","0","0","0","0","0","0","0","0","0","1","0","0","4","0","40.0356","-75.1239","","CRASH_2001_Philadelphia"
"2005177665","06","67","67301","67301","2001","11","4","1306","13","1","1","1","4","1","","","N","01","3","00","3","0","3","5","3","N","N","","","1308","","1306","","0","","N","","3 ","","","","","","","","","","3","2","0","0","1","0","0","0","0","0","0","3","3","0","0","0","0","0","0","0","0","0","0","1","0","0","0","0","0","0","0","0","0","0","0","4","0","","","","CRASH_2001_Philadelphia"
"2001266438","06","67","67301","67301","2001","07","6","1733","17","1","1","0","1","1","","","N","00","0","00","3","0","2","4","3","N","N","","","9999","","9999","","0","","N","","0 ","","","","","","","","","","3","2","0","0","0","0","1","0","0","0","0","2","2","0","0","0","1","0","0","0","1","1","0","0","0","0","0","0","0","0","0","0","0","0","0","4","0","","","","CRASH_2001_Philadelphia"
"2002004220","06","67","67301","67301","2001","06","1","1432","14","1","1","0","1","1","","","N","01","2","00","3","0","1","7","3","N","N","40 00:42.369","75 05:51.759","1450","","1445","","0","","N","","3 ","","","","","","","","","","3","2","0","0","1","0","0","0","0","1","0","0","1","0","5","0","0","0","0","0","0","0","0","0","0","0","0","0","0","0","0","0","0","0","0","2","0","40.0118","-75.0978","","CRASH_2001_Philadelphia"
"2002010467","06","67","67301","67301","2001","07","1","1540","15","1","1","0","1","4","","","N","01","0","00","3","0","1","2","2","N","N","39 59:17.630","75 15:13.963","1545","","1540","","0","","N","","0 ","","","","","","","","","","1","1","0","0","0","0","0","0","1","0","0","1","1","0","0","0","0","0","0","0","0","0","0","0","0","0","0","0","0","0","0","0","0","0","0","4","0","39.9883","-75.254","","CRASH_2001_Philadelphia"
"2002035125","06","67","67301","06301","2001","11","5","0932","09","1","1","0","1","1","","","N","00","0","00","3","0","2","3","2","N","N","40 01:03.877","75 11:21.685","0940","","0936","","0","","N","","0 ","","","","","","","","","","2","1","0","0","1","0","0","0","0","0","0","2","2","0","1","0","0","0","0","0","1","0","0","0","0","0","0","0","0","0","0","0","0","0","0","4","0","40.0177","-75.1892","","CRASH_2001_Philadelphia"
"2002035971","06","67","67301","67301","2001","09","3","1910","19","4","1","0","8","1","","","N","01","2","00","3","0","1","2","2","N","N","40 00:21.057","75 05:46.584","1920","","1915","","0","","N","","3 ","","","","","","","","","","1","1","0","0","0","0","0","0","0","0","0","1","1","0","0","0","0","0","0","0","0","0","0","1","0","0","0","0","0","0","0","0","1","0","0","4","0","40.0058","-75.0963","","CRASH_2001_Philadelphia"
"2002018381","06","67","67301","67301","2001","07","3","1650","16","1","1","0","1","1","","","N","00","0","00","3","0","6","8","4","N","N","40 05:13.560","75 01:19.200","1657","","1653","1","1","1","N","","0 ","N","","","","","","","","","4","4","0","0","0","0","0","0","0","0","0","6","6","0","0","0","0","0","0","0","1","0","1","0","0","0","0","0","0","0","0","0","0","0","0","4","0","40.0872","-75.0222","","CRASH_2001_Philadelphia"
"2001240237","06","67","67301","67301","2001","04","5","9999","99","1","1","0","1","1","","","N","00","0","00","3","0","1","2","2","N","N","39 57:33.840","75 14:43.800","9999","","9999","","0","","N","","0 ","","","","","","","","","","2","2","0","0","0","0","0","0","0","0","0","1","1","0","0","0","0","0","0","0","0","1","0","0","0","0","0","0","0","0","0","0","0","0","0","4","0","39.9594","-75.2454","","CRASH_2001_Philadelphia"
"2002014545","06","67","67301","67301","2001","07","3","0510","05","3","1","0","7","3","","","N","00","4","04","3","0","2","3","1","N","N","39 57:58.829","75 10:43.418","0516","","0514","","0","","N","","3 ","","","","","","","","","","1","1","0","0","0","0","0","0","0","1","1","0","2","0","0","0","0","0","0","0","0","0","0","1","0","1","0","0","0","0","0","0","0","0","0","2","0","39.9677","-75.1799","","CRASH_2001_Philadelphia"
"2002002843","06","67","67301","67301","2001","06","1","0145","01","3","1","0","4","1","","","N","01","2","00","3","0","1","3","2","N","N","40 06:08.000","75 01:43.800","0159","","0157","","0","","N","","3 ","","","","","","","","","","2","1","0","0","1","0","0","0","0","0","0","1","1","0","0","0","0","0","0","0","0","0","0","1","0","0","0","0","0","0","0","0","0","0","0","4","0","40.1023","-75.029","","CRASH_2001_Philadelphia"
"2002004307","06","67","67301","67301","2001","06","4","0622","06","1","1","0","4","1","","","N","02","2","00","3","0","1","2","2","N","N","39 59:52.308","75 11:06.591","0625","","0622","","0","","N","","3 ","","","","","","","","","","2","2","0","0","0","0","0","0","0","0","0","1","1","0","0","0","0","0","0","0","2","0","0","0","0","0","0","0","0","0","0","0","0","0","0","4","0","39.9979","-75.1851","","CRASH_2001_Philadelphia"