"CRN","DISTRICT","COUNTY","MUNICIPALITY","POLICE_AGCY","CRASH_YEAR","CRASH_MONTH","DAY_OF_WEEK","TIME_OF_DAY","HOUR_OF_DAY","ILLUMINATION","WEATHER","ROAD_CONDITION","COLLISION_TYPE","RELATION_TO_ROAD","WORK_ZONE_TYPE","WORK_ZONE_LOC","WORK_ZONE_IND","INTERSECT_TYPE","TCD_TYPE","LOCATION_TYPE","URBAN_RURAL","FATAL_COUNT","INJURY_COUNT","PERSON_COUNT","TOTAL_UNITS","SCH_BUS_IND","SCH_ZONE_IND","LATITUDE","LONGITUDE","ARRIVAL_TM","CONS_ZONE_SPD_LIM","DISPATCH_TM","EST_HRS_CLOSED","LANE_CLOSED","LN_CLOSE_DIR","NTFY_HIWY_MAINT","SPEC_JURIS_CD","TCD_FUNC_CD","TFC_DETOUR_IND","WORKERS_PRES","WZ_CLOSE_DETOUR","WZ_FLAGGER","WZ_LAW_OFFCR_IND","WZ_LN_CLOSURE","WZ_MOVING","WZ_OTHER","WZ_SHLDER_MDN","VEHICLE_COUNT","AUTOMOBILE_COUNT","MOTORCYCLE_COUNT","BUS_COUNT","SMALL_TRUCK_COUNT","HEAVY_TRUCK_COUNT","SUV_COUNT","VAN_COUNT","BICYCLE_COUNT","MAJ_INJ_COUNT","MOD_INJ_COUNT","MIN_INJ_COUNT","TOT_INJ_COUNT","UNK_INJ_DEG_COUNT","UNK_INJ_PER_COUNT","DRIVER_COUNT_16YR","DRIVER_COUNT_17YR","DRIVER_COUNT_18YR","DRIVER_COUNT_19YR","DRIVER_COUNT_20YR","DRIVER_COUNT_50_64YR","DRIVER_COUNT_65_74YR","DRIVER_COUNT_75PLUS","UNBELTED_OCC_COUNT","UNB_DEATH_COUNT","UNB_MAJ_INJ_COUNT","BELTED_DEATH_COUNT","BELTED_MAJ_INJ_COUNT","MCYCLE_DEATH_COUNT","MCYCLE_MAJ_INJ_COUNT","BICYCLE_DEATH_COUNT","BICYCLE_MAJ_INJ_COUNT","PED_COUNT","PED_DEATH_COUNT","PED_MAJ_INJ_COUNT","MAX_SEVERITY_LEVEL","COMM_VEH_COUNT","DEC_LAT","DEC_LONG","RDWY_SURF_TYPE_CD","COUNTY_YEAR"
"2002027007","06","67","67301","67301","2001","07","6","1254","12","1","1","0","1","1","","","N","01","4","00","3","0","1","3","2","N","N","40 00:26.267","75 07:24.294","1050","","1050","","0","","N","","3 ","","","","","","","","","","2","1","0","0","1","0","0","0","0","0","0","1","1","0","0","0","0","0","0","0","1","0","0","0","0","0","0","0","0","0","0","0","0","0","0","4","0","40.0072","-75.1234","","CRASH_2001_Philadelphia"
"2002012711","06","67","67301","67301","2001","07","6","0625","06","5","1","0","7","2","","","N","03","0","02","3","0","1","1","1","N","N","40 00:28.788","75 11:30.109","0645","","0625","","0","","N","","0 ","","","","","","","","","","1","1","0","0","0","0","0","0","0","0","0","1","1","0","0","0","0","0","0","0","0","0","0","0","0","0","0","0","0","0","0","0","0","0","0","4","0","40.0099","-75.1868","","CRASH_2001_Philadelphia"
"2002032084","06","67","67301","67301","2001","06","4","0935","09","1","2","1","4","1","","","N","00","0","00","3","0","1","2","2","N","N","39 58:26.958","75 12:44.326","0950","","0945","","0","","N","","0 ","","","","","","","","","","1","1","0","0","0","0","0","0","1","0","0","1","1","0","0","0","0","0","0","0","0","0","0","1","0","0","0","0","0","0","0","0","0","0","0","4","0","39.9744","-75.2125","","CRASH_2001_Philadelphia"
"2001401083","06","67","67301","67301","2001","12","7","2338","23","3","1","0","8","1","","","N","00","0","00","3","1","1","2","2","N","N","40 07:04.800","74 58:58.080","9999","","9999","","0","","N","9","0 ","","","","","","","","","","1","1","0","0","0","0","0","0","0","0","0","0","0","0","1","0","0","0","0","0","0","1","0","0","0","0","0","0","0","0","0","0","1","1","0","1","0","40.1185","-74.982","2 ","CRASH_2001_Philadelphia"
"2002004326","06","67","67301","67301","2001","06","2","2315","23","3","1","0","1","1","","","N","00","0","00","3","0","2","5","4","N","N","39 59:02.152","75 11:17.154","2330","","2322","","0","","N","","0 ","","","","","","","","","","3","3","0","0","0","0","0","0","0","0","0","2","2","0","1","0","0","0","0","0","0","0","0","1","0","0","0","0","0","0","0","0","1","0","0","4","0","39.9845","-75.188","","CRASH_2001_Philadelphia"
"2002024521","06","67","67301","67301","2001","08","5","1345","13","1","1","0","8","1","","","N","00","0","00","3","0","1","2","2","N","N","39 57:27.360","75 14:52.800","1355","","1352","","0","","N","","0 ","","","","","","","","","","1","1","0","0","0","0","0","0","0","0","0","1","1","0","0","0","0","0","0","0","0","0","0","1","0","0","0","0","0","0","0","0","1","0","0","4","0","39.9576","-75.2479","","CRASH_2001_Philadelphia"
"2002033029","06","67","67301","67301","2001","09","6","0800","08","1","8","1","4","1","","","N","00","2","00","3","0","3","4","2","N","N","40 01:43.326","75 12:20.645","0817","","0810","","0","","N","","3 ","","","","","","","","","","2","0","0","0","2","0","0","0","0","0","0","3","3","0","0","0","0","0","0","0","0","0","0","0","0","0","0","0","0","0","0","0","0","0","0","4","0","40.0287","-75.2057","","CRASH_2001_Philadelphia"
"2002020035","06","67","67301","67301","2001","06","7","0411","04","3","2","1","7","4","","","N","00","0","00","3","0","1","2","1","N","N","40 04:46.000","75 13:28.000","9999","","9999","3","1","3","N","","0 ","Y","","","","","","","","","1","0","0","0","1","0","0","0","0","0","0","1","1","0","0","0","0","0","0","0","0","0","0","0","0","0","0","0","0","0","0","0","0","0","0","4","0","40.0794","-75.2244","","CRASH_2001_Philadelphia"
"2002020180","06","67","67301","67301","2001","07","2","1652","16","1","1","0","1","1","","","N","00","0","00","3","0","3","4","2","N","N","40 00:17.561","75 09:08.438","1710","","1708","","0","","N","","0 ","","","","","","","","","","2","2","0","0","0","0","0","0","0","0","0","3","3","0","0","0","0","0","0","0","1","0","0","0","0","0","0","0","0","0","0","0","0","0","0","4","0","40.0048","-75.1522","","CRASH_2001_Philadelphia"
"2002023701","06","67","67301","67301","2001","08","4","1109","11","1","1","0","1","1","","","N","00","0","03","3","0","0","4","2","N","N","39 57:19.440","75 10:44.040","1115","","1109","","0","","N","","0 ","","","","","","","","","","2","2","0","0","0","0","0","0","0","0","0","0","0","0","0","0","0","0","0","0","0","0","0","0","0","0","0","0","0","0","0","0","0","0","0","0","0","39.9554","-75.1789","","CRASH_2001_Philadelphia"
"2002024211","06","67","67301","67301","2001","07","7","0330","03","3","1","0","1","1","","","N","00","0","00","3","0","1","2","2","N","N","39 58:53.969","75 09:25.790","0335","","0330","","0","","N","","0 ","","","","","","","","","","2","2","0","0","0","0","0","0","0","0","0","1","1","0","0","0","0","0","0","0","0","0","0","1","0","0","0","0","0","0","0","0","0","0","0","4","0","39.9814","-75.1572","","CRASH_2001_Philadelphia"
"2002028107","06","67","67301","67301","2001","09","3","1200","12","1","1","0","4","1","","","N","01","2","00","3","0","0","2","2","N","N","39 54:19.156","75 10:27.028","1215","","1206","","0","","N","","3 ","","","","","","","","","","2","2","0","0","0","0","0","0","0","0","0","0","0","0","0","0","0","0","0","0","0","0","0","0","0","0","0","0","0","0","0","0","0","0","0","0","0","39.9054","-75.1736","","CRASH_2001_Philadelphia"
"2002041336","06","67","67301","67301","2001","11","3","1300","13","1","1","0","5","1","","","N","01","0","00","3","0","2","2","2","N","N","40 04:20.862","75 11:16.681","1309","","1302","","0","","N","","0 ","","","","","","","","","","2","1","0","0","1","0","0","0","0","0","0","2","2","0","0","0","0","0","0","0","1","0","0","0","0","0","0","0","0","0","0","0","0","0","0","4","0","40.0725","-75.1881","","CRASH_2001_Philadelphia"
"2002043621","06","67","67301","67301","2001","11","4","1123","11","1","1","0","8","4","","","N","10","0","07","3","0","1","2","2","N","N","40 00:04.516","75 04:54.539","1136","","1133","","0","","N","","0 ","","","","","","","","","","1","0","0","0","1","0","0","0","0","0","0","1","1","0","0","0","0","0","0","0","0","1","0","0","0","0","0","0","0","0","0","0","1","0","0","4","0","40.0015","-75.0815","","CRASH_2001_Philadelphia"
"2002046789","06","67","67301","67301","2001","10","1","1130","11","1","1","0","5","6","","","N","00","0","00","3","0","2","3","3","N","N","40 00:05.088","75 09:03.295","1151","","1149","","0","","N","","0 ","","","","","","","","","","3","3","0","0","0","0","0","0","0","0","0","2","2","0","0","0","0","0","0","0","0","0","0","0","0","0","0","0","0","0","0","0","0","0","0","4","0","40.0013","-75.1508","","CRASH_2001_Philadelphia"
"2002058191","06","67","67301","67301","2001","08","1","0940","09","1","2","1","7","4","","","N","00","0","00","3","0","0","1","1","N","N","39 53:29.400","75 13:31.440","0955","","0948","","0","","Y","","0 ","","","","","","","","","","1","1","0","0","0","0","0","0","0","0","0","0","0","0","0","0","0","0","0","0","0","0","0","0","0","0","0","0","0","0","0","0","0","0","0","0","0","39.8916","-75.2254","","CRASH_2001_Philadelphia"
"2002000457","06","67","67301","67301","2001","10","2","0725","07","1","2","1","4","1","","","N","01","2","00","3","0","0","3","2","N","N","39 58:10.542","75 14:19.272","0948","","0744","","0","","N","","3 ","","","","","","","","","","2","2","0","0","0","0","0","0","0","0","0","0","0","0","0","0","0","0","0","0","0","0","0","0","0","0","0","0","0","0","0","0","0","0","0","0","0","39.969","-75.2372","","CRASH_2001_Philadelphia"
"2002042751","06","67","67301","67301","2001","12","1","0755","07","1","1","0","7","5","","","N","00","0","00","3","0","1","1","1","N","N","","","0805","","0800","4","1","2","N","","0 ","N","","","","","","","","","1","1","0","0","0","0","0","0","0","0","0","1","1","0","0","0","0","1","0","0","0","0","0","0","0","0","0","0","0","0","0","0","0","0","0","4","0","","","","CRASH_2001_Philadelphia"
"2001233302","06","67","67301","67301","2001","04","1","0730","07","3","1","0","8","1","","","N","02","0","00","3","0","1","3","2","N","N","39 58:28.358","75 15:09.903","9999","","9999","","0","","N","","0 ","","","","","","","","","","1","1","0","0","0","0","0","0","0","0","0","1","1","0","0","0","0","0","0","0","0","0","0","2","0","0","0","0","0","0","0","0","1","0","0","4","0","39.9745","-75.2528","","CRASH_2001_Philadelphia"
"2002032095","06","67","67301","67301","2001","10","7","0110","01","3","1","8","0","1","","","N","00","0","00","3","0","0","2","2","N","N","39 55:50.143","75 08:38.513","0130","","0130","","0","","N","","0 ","","","","","","","","","","2","2","0","0","0","0","0","0","0","0","0","0","0","0","2","0","0","0","0","0","0","0","0","0","0","0","0","0","0","0","0","0","0","0","0","9","0","39.931","-75.1439","","CRASH_2001_Philadelphia"
"2002039335","06","67","67301","67301","2001","11","3","1400","14","1","2","0","1","1","","","N","01","2","00","3","0","1","3","2","N","N","40 02:08.863","75 10:29.332","1415","","1400","","0","","N","","3 ","","","","","","","","","","2","2","0","0","0","0","0","0","0","0","1","0","1","0","1","0","0","0","0","0","0","1","0","0","0","0","0","0","0","0","0","0","0","0","0","3","0","40.0358","-75.1747","","CRASH_2001_Philadelphia"
"2002012241","06","67","67301","67301","2001","07","7","1320","13","1","1","0","8","1","","","N","00","0","02","3","0","1","3","2","N","N","40 00:53.000","75 12:23.400","1335","","1325","","0","","N","","0 ","","","","","","","","","","1","1","0","0","0","0","0","0","0","0","1","0","1","0","0","0","0","0","0","0","0","0","0","0","0","0","0","0","0","0","0","0","1","0","0","3","0","40.0116","-75.2043","","CRASH_2001_Philadelphia"
"2002021991","06","67","67301","67301","2001","08","7","0330","03","3","1","0","1","1","","","N","00","0","00","3","0","3","6","3","N","N","","","0340","","0340","","0","","N","","0 ","","","","","","","","","","3","3","0","0","0","0","0","0","0","0","0","3","3","0","0","0","0","0","0","0","0","0","0","5","0","0","0","0","0","0","0","0","0","0","0","4","0","","","","CRASH_2001_Philadelphia"
"2002026647","06","67","67301","67301","2001","09","4","1450","14","1","1","0","2","1","","","N","01","2","00","3","0","1","2","2","N","N","40 01:37.821","75 06:25.875","1700","","1655","","0","","N","","3 ","","","","","","","","","","1","1","0","0","0","0","0","0","0","0","0","1","1","0","0","0","0","0","0","0","1","0","0","0","0","0","0","0","0","0","0","0","1","0","0","4","0","40.0278","-75.1065","","CRASH_2001_Philadelphia"
"2001243491","06","67","67301","67301","2001","04","1","0351","03","3","1","0","7","5","","","N","00","0","00","3","0","4","4","1","N","N","","","9999","","9999","","0","","N","","0 ","","","","","","","","","","1","1","0","0","0","0","0","0","0","0","4","0","4","0","0","0","0","0","0","0","0","0","0","0","0","0","0","0","0","0","0","0","0","0","0","3","0","","","","CRASH_2001_Philadelphia"
"2001248746","06","67","67301","67301","2001","05","3","2355","23","3","1","0","4","1","","","N","01","2","00","3","0","2","5","2","N","N","40 01:34.680","75 07:01.920","9999","","9999","","0","","N","","3 ","","","","","","","","","","2","1","0","0","0","0","1","0","0","0","0","2","2","0","0","0","0","0","0","0","0","0","0","0","0","0","0","0","0","0","0","0","0","0","0","4","0","40.0267","-75.1173","","CRASH_2001_Philadelphia"
"2002040417","06","67","67301","67301","2001","12","6","0900","09","1","2","1","2","1","","","N","01","2","00","3","0","1","2","2","N","N","40 00:13.422","75 05:39.817","0925","","0919","","0","","N","","3 ","","","","","","","","","","2","1","0","0","1","0","0","0","0","0","1","0","1","0","0","0","0","0","0","0","0","1","0","0","0","0","0","0","0","0","0","0","0","0","0","3","0","40.0037","-75.0944","","CRASH_2001_Philadelphia"
"2002046763","06","67","67301","67301","2001","10","7","2211","22","2","1","0","1","1","","","N","00","0","00","3","0","2","4","2","N","N","39 56:58.036","75 09:09.624","2224","","2211","","0","","N","","0 ","","","","","","","","","","2","2","0","0","0","0","0","0","0","0","0","2","2","0","0","0","0","0","0","0","0","0","0","0","0","0","0","0","0","0","0","0","0","0","0","4","0","39.9495","-75.1526","","CRASH_2001_Philadelphia"
"2002039393","06","67","67301","67301","2001","12","7","1240","12","1","2","1","4","1","","","N","01","2","00","3","0","1","3","2","N","N","39 54:53.506","75 09:23.912","1255","","1250","","0","","N","","3 ","","","","","","","","","","2","2","0","0","0","0","0","0","0","0","0","1","1","0","0","0","0","0","0","0","0","1","0","0","0","0","0","0","0","0","0","0","0","0","0","4","0","39.9149","-75.1566","","CRASH_2001_Philadelphia"
"2002012157","06","67","67301","67301","2001","07","5","1630","16","1","1","0","4","1","","","N","00","2","07","3","0","1","2","2","N","N","39 55:29.078","75 08:37.902","1648","","1642","","0","","N","","3 ","","","","","","","","","","2","2","0","0","0","0","0","0","0","0","0","1","1","0","0","0","0","0","0","0","1","0","0","0","0","0","0","0","0","0","0","0","0","0","0","4","0","39.9247","-75.1441","","CRASH_2001_Philadelphia"
"2002014629","06","67","67301","67301","2001","07","2","0811","08","1","1","0","1","1","","","N","02","0","00","3","0","2","3","2","N","N","39 59:31.974","75 09:18.060","0815","","0811","","0","","N","","0 ","","","","","","","","","","2","2","0","0","0","0","0","0","0","0","1","1","2","0","0","0","0","0","0","0","0","0","0","0","0","0","0","0","0","0","0","0","0","0","0","3","0","39.9923","-75.1549","","CRASH_2001_Philadelphia"
"2002031195","06","67","67301","67301","2001","10","2","0136","01","3","2","1","4","5","","","N","06","0","02","3","0","1","2","2","N","N","40 01:30.360","75 01:44.400","0136","","0136","","0","","N","","0 ","","","","","","","","","","2","2","0","0","0","0","0","0","0","0","1","0","1","0","0","0","0","0","0","0","0","0","0","0","0","0","0","0","0","0","0","0","0","0","0","3","0","40.025","-75.0293","","CRASH_2001_Philadelphia"
"2002039436","06","67","67301","67301","2001","11","5","0940","09","1","1","0","4","1","","","N","01","2","00","3","0","0","2","2","N","N","40 03:10.926","74 58:58.204","1000","","1000","","0","","N","","3 ","","","","","","","","","","2","2","0","0","0","0","0","0","0","0","0","0","0","0","1","0","0","0","0","0","1","0","0","0","0","0","0","0","0","0","0","0","0","0","0","9","0","40.053","-74.9827","","CRASH_2001_Philadelphia"
"2002040157","06","67","67301","67301","2001","12","1","2018","20","3","1","6","4","1","","","N","01","3","00","3","0","1","3","2","N","N","39 56:43.161","75 13:46.394","1853","","1851","","0","","N","","3 ","","","","","","","","","","2","2","0","0","0","0","0","0","0","0","0","1","1","0","0","0","0","0","0","0","1","0","0","1","0","0","0","0","0","0","0","0","0","0","0","4","0","39.9453","-75.2296","","CRASH_2001_Philadelphia"
"2002012187","06","67","67301","67301","2001","07","4","1520","15","1","1","0","7","3","","","N","00","0","00","3","0","1","1","1","N","N","40 06:24.480","74 59:57.480","1527","","1524","","0","","N","","0 ","","","","","","","","","","1","1","0","0","0","0","0","0","0","0","1","0","1","0","0","0","0","0","0","1","0","0","0","1","0","0","0","0","0","0","0","0","0","0","0","3","0","40.1066","-74.9994","","CRASH_2001_Philadelphia"
"2002025166","06","67","67301","67301","2001","08","1","1955","19","3","1","0","7","4","","","N","01","0","00","3","0","2","2","1","N","N","40 00:02.588","75 08:36.120","1955","","1950","","0","","N","","0 ","","","","","","","","","","1","0","1","0","0","0","0","0","0","0","2","0","2","0","0","0","0","1","0","0","0","0","0","0","0","0","0","0","0","0","0","0","0","0","0","3","0","40.0008","-75.1434","","CRASH_2001_Philadelphia"
"2002040616","06","67","67301","67301","2001","12","1","1856","18","3","1","0","4","1","","","N","01","2","00","3","0","1","2","2","N","N","39 58:10.344","75 13:31.618","1900","","1056","","0","","N","","3 ","","","","","","","","","","2","2","0","0","0","0","0","0","0","0","0","1","1","0","0","0","0","0","0","0","0","0","0","0","0","0","0","0","0","0","0","0","0","0","0","4","0","39.9695","-75.2254","","CRASH_2001_Philadelphia"
"2002045863","06","67","67301","67301","2001","10","4","2205","22","3","1","0","1","1","","","N","00","0","00","3","0","1","1","2","N","N","39 58:27.191","75 07:07.570","2215","","2209","1","1","1","N","","0 ","N","","","","","","","","","2","1","0","0","1","0","0","0","0","0","0","1","1","0","0","0","0","0","0","0","0","0","0","0","0","0","0","0","0","0","0","0","0","0","0","4","0","39.9737","-75.1195","","CRASH_2001_Philadelphia"
"2002014624","06","67","67301","67301","2001","07","1","0915","09","1","1","0","7","4","","","N","00","0","02","3","0","0","1","2","N","N","40 01:13.800","75 09:16.560","0925","","0919","","0","","N","","0 ","","","","","","","","","","2","2","0","0","0","0","0","0","0","0","0","0","0","0","0","0","0","0","0","1","0","0","0","0","0","0","0","0","0","0","0","0","0","0","0","0","0","40.0204","-75.155","","CRASH_2001_Philadelphia"
"2002017155","06","67","67301","67301","2001","07","3","1055","10","1","1","0","6","1","","","N","01","2","00","3","0","0","2","2","N","N","39 57:28.737","75 08:55.898","1107","","1107","","0","","N","","3 ","","","","","","","","","","2","2","0","0","0","0","0","0","0","0","0","0","0","0","0","0","0","0","1","0","1","0","0","0","0","0","0","0","0","0","0","0","0","0","0","0","0","39.958","-75.1488","","CRASH_2001_Philadelphia"
"2002028568","06","67","67301","67301","2001","09","2","1725","17","1","1","0","8","1","","","N","01","2","00","3","0","1","3","2","N","N","39 57:04.500","75 10:01.255","1725","","1725","","0","","N","","3 ","","","","","","","","","","1","1","0","0","0","0","0","0","0","0","0","1","1","0","0","0","0","0","0","0","0","0","0","0","0","0","0","0","0","0","0","0","1","0","0","4","0","39.9497","-75.1674","","CRASH_2001_Philadelphia"
"2002034664","06","67","67301","67301","2001","11","1","2342","23","3","1","0","4","1","","","N","00","0","00","3","0","0","2","2","N","N","39 57:10.437","75 11:33.141","2350","","2342","","0","","N","","0 ","","","","","","","","","","2","2","0","0","0","0","0","0","0","0","0","0","0","0","0","0","0","0","0","0","0","0","0","0","0","0","0","0","0","0","0","0","0","0","0","0","0","39.9529","-75.1926","","CRASH_2001_Philadelphia"
"2002010540","06","67","67301","67301","2001","06","7","0831","08","1","1","0","8","1","","","N","01","0","00","3","0","1","2","2","N","N","39 57:51.395","75 14:47.084","0832","","0832","","0","","N","","0 ","","","","","","","","","","1","1","0","0","0","0","0","0","0","0","0","1","1","0","0","0","0","0","0","0","0","1","0","1","0","0","0","0","0","0","0","0","1","0","0","4","0","39.9643","-75.2465","","CRASH_2001_Philadelphia"
"2002028661","06","67","67301","67301","2001","08","5","1652","16","1","1","0","8","5","","","N","00","0","00","3","0","1","3","2","N","N","39 59:23.775","75 07:02.403","1700","","1652","","0","","N","","0 ","","","","","","","","","","1","1","0","0","0","0","0","0","0","0","1","0","1","0","0","0","0","0","0","0","0","0","0","0","0","0","0","0","0","0","0","0","1","0","0","3","0","39.9899","-75.1173","","CRASH_2001_Philadelphia"
"2002046277","06","67","67301","67301","2001","10","3","2055","20","3","1","0","4","1","","","N","01","2","00","3","0","14","15","2","N","N","40 02:19.898","75 08:37.169","2115","","2101","2","2","2","N","","3 ","Y","","","","","","","","","2","1","0","1","0","0","0","0","0","0","2","12","14","0","0","0","0","0","0","0","1","0","0","3","0","0","0","0","0","0","0","0","0","0","0","3","1","40.0388","-75.1436","","CRASH_2001_Philadelphia"
"2002012211","06","67","67301","67301","2001","07","1","2330","23","3","1","0","1","1","","","N","01","3","00","3","0","1","4","2","N","N","39 54:32.715","75 14:30.935","1223","","1213","1","1","1","N","","3 ","N","","","","","","","","","2","2","0","0","0","0","0","0","0","0","0","1","1","0","0","0","0","0","0","0","0","0","1","0","0","0","0","0","0","0","0","0","0","0","0","4","0","39.909","-75.2419","","CRASH_2001_Philadelphia"
"2002018394","06","67","67301","67301","2001","07","6","1500","15","1","1","0","1","1","","","N","00","0","00","3","0","1","3","2","N","N","39 55:39.757","75 13:21.330","1505","","1505","","0","","N","","0 ","","","","","","","","","","2","2","0","0","0","0","0","0","0","0","0","1","1","0","0","0","0","0","1","0","1","0","0","2","0","0","0","0","0","0","0","0","0","0","0","4","0","39.9277","-75.2225","","CRASH_2001_Philadelphia"
"2002019301","06","67","67301","67301","2001","07","6","1443","14","1","1","0","4","1","","","N","02","0","00","3","0","1","2","2","N","N","39 59:32.773","75 05:33.367","1446","","1443","","0","","N","","0 ","","","","","","","","","","2","1","1","0","0","0","0","0","0","0","1","0","1","0","1","0","0","0","0","0","0","0","1","0","0","0","0","0","0","0","0","0","0","0","0","3","0","39.9924","-75.0926","","CRASH_2001_Philadelphia"
"2002020105","06","67","67301","67301","2001","06","7","1400","14","1","2","1","1","1","","","N","01","2","00","3","0","2","3","2","N","N","39 55:23.780","75 09:40.595","1425","","1415","","0","","N","","3 ","","","","","","","","","","2","2","0","0","0","0","0","0","0","0","0","2","2","0","0","0","0","0","0","0","0","0","0","2","0","0","0","0","0","0","0","0","0","0","0","4","0","39.9233","-75.1612","","CRASH_2001_Philadelphia"
"2002020195","06","67","67301","67301","2001","08","1","2051","20","3","2","1","4","1","","","N","03","0","02","3","0","1","2","2","N","N","39 58:34.000","75 11:44.141","2105","","2054","","0","","N","","0 ","","","","","","","","","","2","2","0","0","0","0","0","0","0","0","0","1","1","0","0","0","0","0","0","0","0","0","0","0","0","0","0","0","0","0","0","0","0","0","0","4","0","39.9761","-75.1956","","CRASH_2001_Philadelphia"
"2002023662","06","67","67301","67301","2001","08","4","0712","07","1","1","0","4","1","","","N","02","3","00","3","0","2","2","2","N","N","40 02:18.000","75 12:41.573","0715","","0712","2","1","2","N","","3 ","N","","","","","","","","","2","2","0","0","0","0","0","0","0","0","1","1","2","0","0","0","0","0","0","0","0","0","0","0","0","0","0","0","0","0","0","0","0","0","0","3","0","40.0384","-75.2116","","CRASH_2001_Philadelphia"
"2002041835","06","67","67301","67301","2001","12","2","1419","14","1","1","0","4","1","","","N","01","1","00","3","0","0","3","2","N","N","39 57:48.655","75 10:09.515","1420","","1420","","0","","N","","3 ","","","","","","","","","","2","2","0","0","0","0","0","0","0","0","0","0","0","0","0","0","0","0","1","0","0","0","0","0","0","0","0","0","0","0","0","0","0","0","0","0","0","39.9635","-75.1694","","CRASH_2001_Philadelphia"
"2002044399","06","67","67301","67301","2001","11","5","1221","12","1","1","0","1","1","","","N","01","2","00","3","0","0","2","2","N","N","39 57:01.823","75 08:55.965","1230","","1221","","0","","N","","3 ","","","","","","","","","","2","1","0","0","1","0","0","0","0","0","0","0","0","0","1","0","0","0","0","0","0","0","0","0","0","0","0","0","0","0","0","0","0","0","0","9","0","39.9505","-75.1489","","CRASH_2001_Philadelphia"
"2002045144","06","67","67301","67301","2001","12","2","2300","23","3","1","0","4","1","","","N","01","1","00","3","0","0","2","2","N","N","","","2350","","2300","","0","","N","","9 ","","","","","","","","","","2","2","0","0","0","0","0","0","0","0","0","0","0","0","0","0","0","0","0","0","1","0","0","0","0","0","0","0","0","0","0","0","0","0","0","0","0","","","","CRASH_2001_Philadelphia"
"2002039834","06","67","67301","67301","2001","12","3","1325","13","1","1","0","1","1","","","N","01","3","00","3","0","0","1","3","N","N","40 00:17.232","75 11:14.750","1335","","1329","","0","","N","","3 ","","","","","","","","","","3","1","0","0","2","0","0","0","0","0","0","0","0","0","1","0","0","0","0","0","0","0","0","0","0","0","0","0","0","0","0","0","0","0","0","9","0","40.0048","-75.1874","","CRASH_2001_Philadelphia"
"2002040218","06","67","67301","67301","2001","12","3","1615","16","1","1","0","4","1","","","N","01","2","00","3","0","2","4","2","N","N","39 57:17.536","75 11:01.771","1713","","1658","","0","","N","","3 ","","","","","","","","","","2","2","0","0","0","0","0","0","0","0","0","2","2","0","0","0","0","0","0","0","0","0","1","2","0","0","0","0","0","0","0","0","0","0","0","4","0","39.9549","-75.1838","","CRASH_2001_Philadelphia"
"2002010491","06","67","67301","67301","2001","06","4","1025","10","1","1","1","8","1","","","N","02","2","00","3","0","1","2","2","N","N","39 57:35.164","75 14:51.000","1035","","1028","","0","","N","","3 ","","","","","","","","","","1","0","0","0","0","0","0","0","0","0","0","1","1","0","1","0","0","0","0","0","0","0","0","0","0","0","0","0","0","0","0","0","1","0","0","4","0","39.9612","-75.2471","","CRASH_2001_Philadelphia"
"2002031820","06","67","67301","37301","2001","09","6","0720","07","1","1","0","4","1","","","N","01","2","00","3","0","1","2","2","N","N","40 03:20.705","75 09:31.976","0809","","0805","","9","","N","","3 ","U","","","","","","","","","2","2","0","0","0","0","0","0","0","0","0","1","1","0","0","0","0","0","0","0","0","0","0","0","0","0","0","0","0","0","0","0","0","0","0","4","0","40.0558","-75.1589","","CRASH_2001_Philadelphia"
"2002031828","06","67","67301","67301","2001","09","1","1523","15","1","2","1","5","1","","","N","02","2","00","3","0","0","3","2","N","N","39 57:27.832","75 13:53.346","1558","","1523","","0","","N","","3 ","","","","","","","","","","2","2","0","0","0","0","0","0","0","0","0","0","0","0","0","0","0","0","1","0","0","0","0","0","0","0","0","0","0","0","0","0","0","0","0","0","0","39.9592","-75.2311","","CRASH_2001_Philadelphia"
"2002037240","06","67","67301","67301","2001","12","1","0300","03","3","1","0","1","1","","","N","01","2","00","3","0","3","4","2","N","N","40 02:34.467","75 08:38.137","0302","","0302","","0","","N","","3 ","","","","","","","","","","2","2","0","0","0","0","0","0","0","0","3","0","3","0","0","0","0","0","1","0","1","0","0","0","0","0","0","0","0","0","0","0","0","0","0","3","0","40.0429","-75.1438","","CRASH_2001_Philadelphia"
"2002041457","06","67","67301","67301","2001","12","4","1030","10","1","1","0","4","1","","","N","01","2","00","3","0","1","2","2","N","N","39 57:30.514","75 14:15.079","1034","","1034","","0","","N","","3 ","","","","","","","","","","2","2","0","0","0","0","0","0","0","0","0","1","1","0","0","0","0","0","0","0","1","0","0","0","0","0","0","0","0","0","0","0","0","0","0","4","0","39.96","-75.2371","","CRASH_2001_Philadelphia"
"2002045749","06","67","67301","67301","2001","10","6","2248","22","3","1","0","1","1","","","N","00","2","00","3","0","0","1","2","N","N","","","2302","","2300","","0","","N","","3 ","","","","","","","","","","2","2","0","0","0","0","0","0","0","0","0","0","0","0","0","0","0","0","0","0","0","0","0","0","0","0","0","0","0","0","0","0","0","0","0","0","0","","","","CRASH_2001_Philadelphia"