"CRN","DISTRICT","COUNTY","MUNICIPALITY","POLICE_AGCY","CRASH_YEAR","CRASH_MONTH","DAY_OF_WEEK","TIME_OF_DAY","HOUR_OF_DAY","ILLUMINATION","WEATHER","ROAD_CONDITION","COLLISION_TYPE","RELATION_TO_ROAD","WORK_ZONE_TYPE","WORK_ZONE_LOC","WORK_ZONE_IND","INTERSECT_TYPE","TCD_TYPE","LOCATION_TYPE","URBAN_RURAL","FATAL_COUNT","INJURY_COUNT","PERSON_COUNT","TOTAL_UNITS","SCH_BUS_IND","SCH_ZONE_IND","LATITUDE","LONGITUDE","ARRIVAL_TM","CONS_ZONE_SPD_LIM","DISPATCH_TM","EST_HRS_CLOSED","LANE_CLOSED","LN_CLOSE_DIR","NTFY_HIWY_MAINT","SPEC_JURIS_CD","TCD_FUNC_CD","TFC_DETOUR_IND","WORKERS_PRES","WZ_CLOSE_DETOUR","WZ_FLAGGER","WZ_LAW_OFFCR_IND","WZ_LN_CLOSURE","WZ_MOVING","WZ_OTHER","WZ_SHLDER_MDN","VEHICLE_COUNT","AUTOMOBILE_COUNT","MOTORCYCLE_COUNT","BUS_COUNT","SMALL_TRUCK_COUNT","HEAVY_TRUCK_COUNT","SUV_COUNT","VAN_COUNT","BICYCLE_COUNT","MAJ_INJ_COUNT","MOD_INJ_COUNT","MIN_INJ_COUNT","TOT_INJ_COUNT","UNK_INJ_DEG_COUNT","UNK_INJ_PER_COUNT","DRIVER_COUNT_16YR","DRIVER_COUNT_17YR","DRIVER_COUNT_18YR","DRIVER_COUNT_19YR","DRIVER_COUNT_20YR","DRIVER_COUNT_50_64YR","DRIVER_COUNT_65_74YR","DRIVER_COUNT_75PLUS","UNBELTED_OCC_COUNT","UNB_DEATH_COUNT","UNB_MAJ_INJ_COUNT","BELTED_DEATH_COUNT","BELTED_MAJ_INJ_COUNT","MCYCLE_DEATH_COUNT","MCYCLE_MAJ_INJ_COUNT","BICYCLE_DEATH_COUNT","BICYCLE_MAJ_INJ_COUNT","PED_COUNT","PED_DEATH_COUNT","PED_MAJ_INJ_COUNT","MAX_SEVERITY_LEVEL","COMM_VEH_COUNT","DEC_LAT","DEC_LONG","RDWY_SURF_TYPE_CD","COUNTY_YEAR"
"2002045877","06","67","67301","67301","2001","10","3","1340","13","1","1","0","1","1","2","4","Y","00","8","03","3","0","1","4","3","N","N","39 53:31.200","75 13:28.200","1350","45","1345","","0","","N","","3 ","","Y","","","U","Y","","","","3","3","0","0","0","0","0","0","0","0","0","1","1","0","0","0","0","0","0","0","0","0","1","2","0","0","0","0","0","0","0","0","0","0","0","4","0","39.892","-75.2244","","CRASH_2001_Philadelphia"
"2001400475","06","67","67301","67301","2001","06","6","2255","22","3","1","0","2","1","","","N","01","3","00","3","1","1","5","3","N","N","40 01:36.480","75 03:22.320","9999","","9999","","0","","N","9","3 ","","","","","","","","","","3","1","1","0","0","0","1","0","0","0","1","0","1","0","0","0","0","0","0","0","3","0","0","0","0","0","0","0","1","0","0","0","0","0","0","1","0","40.0267","-75.0563","2 ","CRASH_2001_Philadelphia"
"2002014229","06","67","67301","67301","2001","06","4","1242","12","1","1","0","1","1","","","N","01","2","00","3","0","0","3","2","N","N","39 59:27.517","75 07:58.875","1250","","1244","2","2","3","N","","3 ","Y","","","","","","","","","2","1","0","0","0","1","0","0","0","0","0","0","0","0","0","0","0","0","0","0","1","0","0","0","0","0","0","0","0","0","0","0","0","0","0","0","1","39.9911","-75.1329","","CRASH_2001_Philadelphia"
"2002029475","06","67","67301","67301","2001","09","3","0235","02","3","1","0","5","1","","","N","01","2","00","3","0","1","2","2","N","N","40 05:41.846","75 00:55.041","0236","","0236","","0","","N","","3 ","","","","","","","","","","2","1","0","0","1","0","0","0","0","0","0","1","1","0","0","0","0","0","0","0","0","0","0","0","0","0","0","0","0","0","0","0","0","0","0","4","0","40.0946","-75.0152","","CRASH_2001_Philadelphia"
"2002030642","06","67","67301","07301","2001","09","3","0720","07","1","2","1","2","1","","","N","00","2","00","3","0","2","2","2","N","N","39 58:28.497","75 11:58.937","0725","","0725","","0","","N","","9 ","","","","","","","","","","2","2","0","0","0","0","0","0","0","0","0","2","2","0","0","0","0","0","0","0","0","0","0","0","0","0","0","0","0","0","0","0","0","0","0","4","0","39.9747","-75.1998","","CRASH_2001_Philadelphia"
"2002035145","06","67","67301","67301","2001","10","4","1840","18","3","8","0","2","1","","","N","02","0","00","3","0","3","9","2","N","N","40 01:44.517","75 12:38.036","1844","","1842","","0","","N","","0 ","","","","","","","","","","2","2","0","0","0","0","0","0","0","0","0","3","3","0","2","0","0","0","0","0","0","1","0","0","0","0","0","0","0","0","0","0","0","0","0","4","0","40.029","-75.2106","","CRASH_2001_Philadelphia"
"2002026489","06","67","67301","67301","2001","09","2","1828","18","1","1","0","4","1","","","N","01","2","00","3","0","1","2","2","N","N","40 03:14.074","75 09:18.763","1830","","1827","","0","","N","","3 ","","","","","","","","","","2","1","1","0","0","0","0","0","0","0","1","0","1","0","0","0","0","0","0","0","0","0","0","0","0","0","0","0","0","0","0","0","0","0","0","3","0","40.0539","-75.1552","","CRASH_2001_Philadelphia"
"2002033770","06","67","67301","67301","2001","09","4","1730","17","1","1","0","1","1","","","N","00","0","00","3","0","1","4","2","N","N","","","1745","","1735","","0","","N","","0 ","","","","","","","","","","2","2","0","0","0","0","0","0","0","0","0","1","1","0","0","0","0","0","0","0","1","0","0","0","0","0","0","0","0","0","0","0","0","0","0","4","0","","","","CRASH_2001_Philadelphia"
"2002042743","06","67","67301","67301","2001","12","6","2255","22","3","1","1","4","2","","","N","01","2","00","3","0","1","3","2","N","N","39 59:00.599","75 07:08.919","2305","","2303","","0","","N","","3 ","","","","","","","","","","2","2","0","0","0","0","0","0","0","0","1","0","1","0","2","0","0","0","0","1","0","0","0","0","0","0","0","0","0","0","0","0","0","0","0","3","0","39.9834","-75.1191","","CRASH_2001_Philadelphia"
"2002012089","06","67","67301","67301","2001","07","1","1837","18","1","1","0","2","1","","","N","03","4","00","3","0","1","2","3","N","N","40 00:34.000","75 05:22.414","1840","","1837","","0","","N","","3 ","","","","","","","","","","3","2","0","0","1","0","0","0","0","0","1","0","1","0","0","0","0","0","0","0","0","0","0","0","0","0","0","0","0","0","0","0","0","0","0","3","0","40.0096","-75.0896","","CRASH_2001_Philadelphia"
"2002025023","06","67","67301","67301","2001","08","7","2325","23","3","1","0","1","1","","","N","01","2","00","3","0","0","2","2","N","N","40 01:08.959","75 04:53.294","0005","","2325","","0","","N","","3 ","","","","","","","","","","2","2","0","0","0","0","0","0","0","0","0","0","0","0","0","0","0","0","0","0","0","0","0","0","0","0","0","0","0","0","0","0","0","0","0","0","0","40.0191","-75.0815","","CRASH_2001_Philadelphia"
"2002004018","06","67","67301","67301","2001","06","6","1650","16","1","1","0","9","1","","","N","00","0","00","3","0","0","1","1","N","N","40 04:50.880","75 01:44.400","1652","","1652","2","1","2","N","","0 ","N","","","","","","","","","1","1","0","0","0","0","0","0","0","0","0","0","0","0","0","0","0","0","0","0","0","0","0","0","0","0","0","0","0","0","0","0","0","0","0","0","0","40.0808","-75.0291","","CRASH_2001_Philadelphia"
"2002037113","06","67","67301","67301","2001","11","2","1910","19","3","1","0","5","6","","","N","00","0","00","3","0","0","1","3","N","N","39 59:47.000","75 09:43.000","1910","","1010","","0","","N","","0 ","","","","","","","","","","3","3","0","0","0","0","0","0","0","0","0","0","0","0","0","0","0","1","0","0","0","0","0","0","0","0","0","0","0","0","0","0","0","0","0","0","0","39.9964","-75.1619","","CRASH_2001_Philadelphia"
"2002043726","06","67","67301","67301","2001","12","5","1123","11","1","2","1","2","1","","","N","10","8","00","3","0","2","2","2","N","N","39 52:30.470","75 12:56.512","1155","","1143","","0","","N","","3 ","","","","","","","","","","2","1","0","0","1","0","0","0","0","0","2","0","2","0","0","0","0","0","1","0","0","0","0","1","0","0","0","0","0","0","0","0","0","0","0","3","1","39.8751","-75.2157","","CRASH_2001_Philadelphia"
"2002003997","06","67","67301","67301","2001","06","4","2213","22","3","1","0","2","1","","","N","01","2","00","3","0","1","2","2","N","N","39 57:31.498","75 13:37.187","1015","","1015","","0","","N","","9 ","","","","","","","","","","2","2","0","0","0","0","0","0","0","0","1","0","1","0","0","0","0","0","0","0","1","0","0","0","0","0","0","0","0","0","0","0","0","0","0","3","0","39.9572","-75.2275","","CRASH_2001_Philadelphia"
"2002017269","06","67","67301","67301","2001","08","5","1620","16","1","1","0","4","1","","","N","00","0","00","3","0","1","2","2","N","N","39 57:09.255","75 09:56.698","1640","","1630","","0","","N","","0 ","","","","","","","","","","1","1","0","0","0","0","0","0","1","0","0","1","1","0","1","0","0","0","0","0","0","0","0","0","0","0","0","0","0","0","0","0","0","0","0","4","0","39.9526","-75.1657","","CRASH_2001_Philadelphia"
"2002017863","06","67","67301","67301","2001","07","3","2211","22","3","1","0","4","1","","","N","01","2","00","3","0","3","5","2","N","N","39 56:20.000","75 11:42.000","2211","","2211","","0","","N","","3 ","","","","","","","","","","2","2","0","0","0","0","0","0","0","0","0","3","3","0","0","0","0","0","0","0","0","1","0","2","0","0","0","0","0","0","0","0","0","0","0","4","0","39.9389","-75.195","","CRASH_2001_Philadelphia"
"2002032308","06","67","67301","67301","2001","10","3","1415","14","1","1","0","1","1","","","N","00","0","00","3","0","1","2","2","N","N","40 01:33.407","75 07:08.810","1422","","1420","","0","","N","","0 ","","","","","","","","","","2","1","0","0","1","0","0","0","0","0","0","1","1","0","0","0","0","0","0","0","1","0","0","0","0","0","0","0","0","0","0","0","0","0","0","4","0","40.0259","-75.1194","","CRASH_2001_Philadelphia"
"2002048192","06","67","67301","67301","2001","10","6","1600","16","1","1","0","1","1","","","N","05","2","00","3","0","1","3","2","N","N","39 57:14.951","75 10:40.658","1640","","1627","","0","","N","","3 ","","","","","","","","","","2","2","0","0","0","0","0","0","0","0","0","1","1","0","0","0","0","0","0","0","0","0","0","0","0","0","0","0","0","0","0","0","0","0","0","4","0","39.9541","-75.1778","","CRASH_2001_Philadelphia"
"2002032128","06","67","67301","67301","2001","10","6","1917","19","3","1","0","5","1","","","N","00","0","00","3","0","1","2","2","N","N","40 01:45.000","75 08:41.000","1923","","1919","","0","","N","","0 ","","","","","","","","","","1","1","0","0","0","0","0","0","1","0","1","0","1","0","0","0","0","0","0","0","0","0","0","0","0","0","0","0","0","0","0","0","0","0","0","3","0","40.0292","-75.1447","","CRASH_2001_Philadelphia"
"2002043748","06","67","67301","67301","2001","11","1","1153","11","1","1","0","7","3","","","N","00","0","00","3","0","1","2","1","N","N","39 59:19.601","75 12:24.125","1157","","1157","","0","","N","","0 ","","","","","","","","","","1","1","0","0","0","0","0","0","0","0","0","1","1","0","0","0","0","0","1","0","0","0","0","0","0","0","0","0","0","0","0","0","0","0","0","4","0","39.9889","-75.2068","","CRASH_2001_Philadelphia"
"2002044018","06","67","67301","67301","2001","11","3","1545","15","1","1","0","5","6","","","N","00","0","00","3","0","0","2","2","N","N","39 57:15.551","75 09:43.941","1601","","1600","","0","","N","","0 ","","","","","","","","","","2","1","0","0","1","0","0","0","0","0","0","0","0","0","0","0","0","0","0","0","0","0","0","1","0","0","0","0","0","0","0","0","0","0","0","0","0","39.9543","-75.1622","","CRASH_2001_Philadelphia"
"2002044385","06","67","67301","67301","2001","11","5","0930","09","1","2","1","5","2","","","N","01","2","00","3","0","0","2","2","N","N","39 58:42.735","75 12:48.755","0935","","0930","","0","","N","","3 ","","","","","","","","","","2","1","0","0","0","1","0","0","0","0","0","0","0","0","0","0","0","0","0","0","1","0","0","2","0","0","0","0","0","0","0","0","0","0","0","0","1","39.9786","-75.2136","","CRASH_2001_Philadelphia"
"2002014591","06","67","67301","67301","2001","07","1","1459","14","1","1","0","4","1","","","N","01","2","00","3","0","0","4","2","N","N","39 57:27.000","75 08:44.000","1508","","1503","","0","","N","","3 ","","","","","","","","","","2","2","0","0","0","0","0","0","0","0","0","0","0","0","0","0","0","0","0","0","0","0","0","0","0","0","0","0","0","0","0","0","0","0","0","0","0","39.9575","-75.1456","","CRASH_2001_Philadelphia"
"2002018128","06","67","67301","67301","2001","08","1","0200","02","3","1","0","1","1","","","N","01","2","00","3","0","2","3","3","N","N","39 57:40.473","75 08:53.507","0201","","0200","","0","","N","","3 ","","","","","","","","","","3","1","0","0","0","0","0","0","0","0","0","2","2","0","0","0","0","0","0","0","0","0","0","0","0","0","0","0","0","0","0","0","0","0","0","4","0","39.9614","-75.1482","","CRASH_2001_Philadelphia"
"2002022073","06","67","67301","67301","2001","08","5","2125","21","3","2","1","4","1","","","N","01","2","00","3","0","1","3","2","N","N","","75 10:51.000","2132","","2125","","0","","N","","3 ","","","","","","","","","","2","2","0","0","0","0","0","0","0","0","0","1","1","0","1","0","0","0","1","0","0","0","0","0","0","0","0","0","0","0","0","0","0","0","0","4","0","","","","CRASH_2001_Philadelphia"
"2002032620","06","67","67301","67301","2001","06","4","1455","14","1","1","0","8","1","","","N","00","0","00","3","0","1","2","2","N","N","40 00:34.000","75 08:32.000","1502","","1457","","0","","N","","0 ","","","","","","","","","","1","1","0","0","0","0","0","0","0","0","1","0","1","0","1","0","0","0","0","0","0","0","0","0","0","0","0","0","0","0","0","0","1","0","0","3","0","40.0094","-75.1422","","CRASH_2001_Philadelphia"
"2002045701","06","67","67301","67301","2001","08","5","1532","15","1","1","0","8","1","","","N","01","2","00","3","0","2","3","3","N","N","","","1534","","1532","","0","","N","","9 ","","","","","","","","","","1","1","0","0","0","0","0","0","0","0","0","2","2","0","0","0","0","0","0","0","0","0","0","0","0","0","0","0","0","0","0","0","2","0","0","4","0","","","","CRASH_2001_Philadelphia"
"2002004005","06","67","67301","67301","2001","06","7","2130","21","3","1","1","1","1","","","N","00","0","00","3","0","1","2","2","N","N","39 54:52.200","75 09:10.440","2135","","2131","","0","","N","","0 ","","","","","","","","","","2","1","0","0","1","0","0","0","0","0","0","1","1","0","0","0","0","0","0","0","0","0","0","0","0","0","0","0","0","0","0","0","0","0","0","4","0","39.9145","-75.153","","CRASH_2001_Philadelphia"
"2002018378","06","67","67301","67301","2001","08","2","2042","20","6","1","0","8","1","","","N","01","2","00","3","0","0","2","2","N","N","39 57:07.522","75 09:40.529","2046","","2044","","0","","N","","2 ","","","","","","","","","","1","1","0","0","0","0","0","0","0","0","0","0","0","0","0","0","0","0","0","0","0","0","0","0","0","0","0","0","0","0","0","0","1","0","0","0","0","39.9521","-75.1615","","CRASH_2001_Philadelphia"
"2002034187","06","67","67301","67301","2001","10","5","1600","16","1","1","0","8","1","","","N","01","2","00","3","0","1","2","2","N","N","40 01:23.534","75 08:14.164","1621","","0619","","0","","N","","2 ","","","","","","","","","","1","1","0","0","0","0","0","0","0","0","0","1","1","0","0","0","0","0","0","0","1","0","0","0","0","0","0","0","0","0","0","0","1","0","0","4","0","40.0232","-75.1367","","CRASH_2001_Philadelphia"
"2002037171","06","67","67301","67301","2001","11","2","0813","08","1","9","0","4","1","","","N","01","2","00","3","0","1","2","2","N","N","40 02:41.935","75 07:24.709","0823","","0813","","0","","N","","3 ","","","","","","","","","","2","2","0","0","0","0","0","0","0","0","0","1","1","0","0","0","0","0","0","0","1","0","0","0","0","0","0","0","0","0","0","0","0","0","0","4","0","40.045","-75.1235","","CRASH_2001_Philadelphia"
"2002041438","06","67","67301","67301","2001","12","4","1640","16","4","1","0","1","1","","","N","01","2","00","3","0","1","2","2","N","N","39 57:00.690","75 09:30.887","1710","","1706","","0","","N","","3 ","","","","","","","","","","1","1","0","0","0","0","0","0","1","0","0","1","1","0","0","0","0","0","0","0","1","0","0","0","0","0","0","0","0","0","0","0","0","0","0","4","0","39.9502","-75.1586","","CRASH_2001_Philadelphia"
"2001244683","06","67","67301","67301","2001","05","7","0900","09","1","1","0","7","5","","","N","00","0","00","3","0","0","1","1","N","N","","","9999","","9999","","0","","N","","0 ","","","","","","","","","","1","1","0","0","0","0","0","0","0","0","0","0","0","0","0","0","0","0","0","0","0","0","0","0","0","0","0","0","0","0","0","0","0","0","0","0","0","","","","CRASH_2001_Philadelphia"
"2002012133","06","67","67301","67301","2001","07","2","0224","02","3","1","0","3","1","","","N","00","0","00","3","0","2","3","2","N","N","39 57:01.504","75 14:57.662","0230","","0224","","0","","N","","0 ","","","","","","","","","","2","2","0","0","0","0","0","0","0","0","0","2","2","0","0","0","0","0","0","0","0","0","0","0","0","0","0","0","0","0","0","0","0","0","0","4","0","39.9505","-75.2493","","CRASH_2001_Philadelphia"
"2002018892","06","67","67301","67301","2001","08","2","2006","20","3","1","0","4","1","","","N","01","2","00","3","0","1","2","2","N","N","39 56:29.000","75 09:25.000","2011","","2006","","0","","N","","3 ","","","","","","","","","","1","1","0","0","0","0","0","0","1","0","0","1","1","0","1","0","0","0","0","0","0","0","0","0","0","0","0","0","0","0","0","0","0","0","0","4","0","39.9414","-75.1569","","CRASH_2001_Philadelphia"
"2002045153","06","67","67301","67301","2001","12","2","1530","15","1","1","0","4","1","","","N","01","2","00","3","0","1","2","2","N","N","","","1533","","1530","","0","","N","","3 ","","","","","","","","","","2","2","0","0","0","0","0","0","0","0","0","1","1","0","0","0","0","0","0","0","1","0","0","1","0","0","0","0","0","0","0","0","0","0","0","4","0","","","","CRASH_2001_Philadelphia"
"2002023912","06","67","67301","67301","2001","08","1","1810","18","1","2","1","5","1","","","N","00","2","00","3","0","1","2","2","N","N","40 02:45.834","75 07:55.158","1840","","1830","","0","","N","","3 ","","","","","","","","","","2","2","0","0","0","0","0","0","0","0","0","1","1","0","0","0","0","0","0","0","1","0","0","0","0","0","0","0","0","0","0","0","0","0","0","4","0","40.046","-75.132","","CRASH_2001_Philadelphia"
"2002004234","06","67","67301","67301","2001","06","4","1851","18","4","1","0","8","4","","","N","03","0","00","3","0","1","2","2","N","N","40 03:21.000","75 09:29.000","1913","","1911","","0","","N","","0 ","","","","","","","","","","1","1","0","0","0","0","0","0","0","0","0","1","1","0","0","0","0","0","0","0","0","0","0","0","0","0","0","0","0","0","0","0","1","0","0","4","0","40.0558","-75.1581","","CRASH_2001_Philadelphia"
"2002010756","06","67","67301","67301","2001","06","7","2230","22","3","1","0","4","1","","","N","01","2","00","3","0","1","3","2","N","N","39 59:18.115","75 10:57.935","2245","","2230","","0","","N","","3 ","","","","","","","","","","2","2","0","0","0","0","0","0","0","0","1","0","1","0","0","0","0","1","0","0","0","0","0","0","0","0","0","0","0","0","0","0","0","0","0","3","0","39.9883","-75.1827","","CRASH_2001_Philadelphia"
"2002034689","06","67","67301","67301","2001","11","6","1108","11","1","1","0","8","1","","","N","01","2","00","3","0","1","2","2","N","N","40 00:22.545","75 09:07.372","1112","","1110","","0","","N","","3 ","","","","","","","","","","1","1","0","0","0","0","0","0","0","0","0","1","1","0","0","0","0","0","0","0","0","0","0","0","0","0","0","0","0","0","0","0","1","0","0","4","0","40.0062","-75.1518","","CRASH_2001_Philadelphia"
"2002042688","06","67","67301","67301","2001","12","2","1035","10","1","1","0","4","1","","","N","01","2","00","3","0","2","3","2","N","N","40 03:24.291","75 08:23.620","1105","","1100","","0","","N","","3 ","","","","","","","","","","2","2","0","0","0","0","0","0","0","0","0","2","2","0","0","0","0","1","0","0","0","0","0","0","0","0","0","0","0","0","0","0","0","0","0","4","0","40.0576","-75.1393","","CRASH_2001_Philadelphia"
"2002042086","06","67","67301","67301","2001","12","6","1325","13","1","2","1","4","1","","","N","01","0","00","3","0","1","2","2","N","N","39 55:43.218","75 08:40.484","1331","","1330","","0","","N","","0 ","","","","","","","","","","2","2","0","0","0","0","0","0","0","0","0","1","1","0","0","0","0","0","0","0","0","0","0","0","0","0","0","0","0","0","0","0","0","0","0","4","0","39.9286","-75.1445","","CRASH_2001_Philadelphia"
"2002018597","06","67","67301","67301","2001","08","7","1840","18","3","1","0","2","1","","","N","01","0","00","3","0","1","2","2","N","N","39 59:26.733","75 10:41.803","1859","","1846","","0","","N","","0 ","","","","","","","","","","1","0","0","0","0","0","0","0","0","0","0","1","1","0","1","0","0","0","0","0","0","0","0","0","0","0","0","0","0","0","0","0","1","0","0","4","0","39.9908","-75.1783","","CRASH_2001_Philadelphia"
"2002028097","06","67","67301","67301","2001","09","1","0023","00","3","1","0","7","2","","","N","02","0","00","3","0","2","2","1","N","N","40 01:15.154","75 08:55.922","0026","","0023","","0","","N","","0 ","","","","","","","","","","1","0","1","0","0","0","0","0","0","1","0","1","2","0","0","0","0","0","0","0","0","0","0","0","0","0","0","0","0","1","0","0","0","0","0","2","0","40.0207","-75.1487","","CRASH_2001_Philadelphia"
"2002040602","06","67","67301","67301","2001","12","2","1535","15","1","1","0","4","1","","","N","02","0","00","3","0","1","3","2","N","N","39 56:59.626","75 08:38.838","1540","","1535","","0","","N","","0 ","","","","","","","","","","2","2","0","0","0","0","0","0","0","0","0","1","1","0","0","0","0","0","0","0","1","0","0","0","0","0","0","0","0","0","0","0","0","0","0","4","0","39.9499","-75.1443","","CRASH_2001_Philadelphia"
"2002028090","06","67","67301","67301","2001","09","7","1015","10","1","1","0","5","1","","","N","00","0","00","3","0","2","8","4","N","N","40 02:19.749","75 08:40.968","1030","","1025","","0","","N","","0 ","","","","","","","","","","4","3","1","0","0","0","0","0","0","1","0","1","2","0","0","0","0","0","0","0","1","0","0","0","0","0","0","0","0","1","0","0","0","0","0","2","0","40.0388","-75.1447","","CRASH_2001_Philadelphia"
"2002028101","06","67","67301","67301","2001","09","6","0748","07","3","2","1","7","9","","","N","00","0","99","3","0","0","1","1","N","N","39 58:23.777","75 11:36.874","0155","","0150","","0","","N","","0 ","","","","","","","","","","1","1","0","0","0","0","0","0","0","0","0","0","0","0","0","0","0","0","1","0","0","0","0","0","0","0","0","0","0","0","0","0","0","0","0","0","0","39.9735","-75.1938","","CRASH_2001_Philadelphia"
"2002034040","06","67","67301","67301","2001","11","6","1655","16","4","1","0","6","1","","","N","02","4","02","3","0","0","2","2","N","N","39 53:57.970","75 10:29.180","1701","","1700","","0","","N","","9 ","","","","","","","","","","2","2","0","0","0","0","0","0","0","0","0","0","0","0","0","0","0","0","0","0","1","0","0","0","0","0","0","0","0","0","0","0","0","0","0","0","0","39.8994","-75.1748","","CRASH_2001_Philadelphia"
"2002039411","06","67","67301","67301","2001","11","1","1612","16","4","2","1","0","1","","","N","00","0","00","3","0","0","2","2","N","N","40 04:55.046","75 01:40.499","1619","","1615","1","1","2","Y","","0 ","N","","","","","","","","","2","2","0","0","0","0","0","0","0","0","0","0","0","0","0","0","0","0","0","0","0","0","0","0","0","0","0","0","0","0","0","0","0","0","0","0","0","40.082","-75.028","","CRASH_2001_Philadelphia"
"2001400613","06","67","67301","67301","2001","07","6","2215","22","3","1","0","4","1","","","N","01","2","00","3","1","0","6","2","N","N","39 58:54.480","75 10:54.840","9999","","9999","","0","","N","9","3 ","","","","","","","","","","2","0","1","1","0","0","0","0","0","0","0","0","0","0","0","0","0","0","0","1","0","0","0","0","0","0","0","0","1","0","0","0","0","0","0","1","1","39.9818","-75.1819","2 ","CRASH_2001_Philadelphia"
"2002004055","06","67","67301","67301","2001","06","4","1535","15","1","1","0","2","1","","","N","01","2","00","3","0","4","5","2","N","N","39 58:39.798","75 12:47.892","1550","","1538","","0","","N","","3 ","","","","","","","","","","2","2","0","0","0","0","0","0","0","0","0","4","4","0","0","0","0","0","0","0","0","0","0","0","0","0","0","0","0","0","0","0","0","0","0","4","0","39.9777","-75.2134","","CRASH_2001_Philadelphia"
"2002016678","06","67","67301","67301","2001","07","2","1445","14","1","1","0","1","1","","","N","01","2","00","3","0","1","2","2","N","N","40 02:51.159","75 08:34.108","1830","","1824","","0","","N","","3 ","","","","","","","","","","2","2","0","0","0","0","0","0","0","0","0","1","1","0","0","0","0","0","0","0","0","0","0","0","0","0","0","0","0","0","0","0","0","0","0","4","0","40.0475","-75.1428","","CRASH_2001_Philadelphia"
"2002038310","06","67","67301","67301","2001","12","5","1550","15","1","1","0","1","1","","","N","01","2","00","3","0","2","3","2","N","N","40 04:28.179","75 02:06.082","1748","","1735","","0","","N","","3 ","","","","","","","","","","2","2","0","0","0","0","0","0","0","0","0","2","2","0","1","0","0","0","0","0","0","0","0","0","0","0","0","0","0","0","0","0","0","0","0","4","0","40.0743","-75.0348","","CRASH_2001_Philadelphia"
"2002039484","06","67","67301","67301","2001","11","3","0653","06","1","2","7","9","2","","","N","00","0","00","3","0","1","1","1","N","N","40 05:55.528","74 59:08.875","0715","","0700","3","9","4","Y","","0 ","Y","","","","","","","","","1","0","0","0","0","1","0","0","0","0","1","0","1","0","0","0","0","0","0","0","0","0","0","1","0","0","0","0","0","0","0","0","0","0","0","3","1","40.0987","-74.986","","CRASH_2001_Philadelphia"
"2002042081","06","67","67301","67301","2001","12","4","1838","18","4","1","0","1","1","","","N","01","2","00","3","0","4","9","3","N","N","39 55:27.239","75 10:35.015","1835","","1833","","0","","N","","3 ","","","","","","","","","","3","3","0","0","0","0","0","0","0","0","0","4","4","0","0","0","0","0","0","0","1","0","0","0","0","0","0","0","0","0","0","0","0","0","0","4","0","39.9242","-75.1762","","CRASH_2001_Philadelphia"
"2002037356","06","67","67301","67301","2001","10","7","1141","11","1","1","0","1","1","","","N","00","0","00","3","0","1","2","2","N","N","39 59:34.841","75 08:52.879","1146","","1146","","0","","N","","0 ","","","","","","","","","","2","2","0","0","0","0","0","0","0","0","0","1","1","0","0","0","0","0","0","0","0","0","0","0","0","0","0","0","0","0","0","0","0","0","0","4","0","39.9931","-75.148","","CRASH_2001_Philadelphia"
"2002046283","06","67","67301","67301","2001","10","7","2330","23","3","1","0","6","1","","","N","01","2","00","3","0","2","4","2","N","N","40 02:21.471","75 08:40.585","2333","","2332","","0","","N","","3 ","","","","","","","","","","2","2","0","0","0","0","0","0","0","1","1","0","2","0","0","0","0","0","0","0","0","0","0","2","0","0","0","1","0","0","0","0","0","0","0","2","0","40.039","-75.1446","","CRASH_2001_Philadelphia"
"2002045156","06","67","67301","67301","2001","12","3","0050","00","3","1","0","4","4","","","N","01","2","00","3","0","1","2","2","N","N","40 00:20.401","75 08:53.861","0130","","0130","","0","","N","","3 ","","","","","","","","","","2","2","0","0","0","0","0","0","0","0","0","1","1","0","0","0","0","0","0","0","0","0","0","0","0","0","0","0","0","0","0","0","0","0","0","4","0","40.0057","-75.1483","","CRASH_2001_Philadelphia"
"2002001083","06","67","67301","67301","2001","06","1","0245","02","3","2","1","1","6","","","N","00","0","00","3","0","1","2","2","N","N","40 02:37.196","75 06:11.347","0310","","0301","","0","","N","","0 ","","","","","","","","","","2","2","0","0","0","0","0","0","0","0","1","0","1","0","1","0","0","0","0","0","0","0","0","0","0","0","0","0","0","0","0","0","0","0","0","3","0","40.0437","-75.1031","","CRASH_2001_Philadelphia"
"2002023025","06","67","67301","67301","2001","08","6","0050","00","2","1","0","7","2","","","N","00","0","00","3","0","0","1","1","N","N","40 01:42.202","75 05:29.760","0105","","0100","","0","","N","","0 ","","","","","","","","","","1","1","0","0","0","0","0","0","0","0","0","0","0","0","0","0","0","0","0","0","0","0","0","1","0","0","0","0","0","0","0","0","0","0","0","0","0","40.0282","-75.0919","","CRASH_2001_Philadelphia"
"2002032480","06","67","67301","67301","2001","10","3","0745","07","1","1","0","1","1","","","N","00","0","00","3","0","0","2","2","N","N","39 57:25.920","75 12:07.920","0817","","0811","","0","","N","","0 ","","","","","","","","","","2","2","0","0","0","0","0","0","0","0","0","0","0","0","0","0","0","0","0","0","0","0","0","0","0","0","0","0","0","0","0","0","0","0","0","0","0","39.9571","-75.2021","","CRASH_2001_Philadelphia"
"2002040134","06","67","67301","67301","2001","12","3","0845","08","1","2","1","4","1","","","N","02","3","00","3","0","1","2","2","N","N","40 05:08.454","75 02:21.468","0847","","0847","1","1","4","N","","3 ","N","","","","","","","","","2","2","0","0","0","0","0","0","0","0","0","1","1","0","0","0","0","0","0","0","1","0","0","0","0","0","0","0","0","0","0","0","0","0","0","4","0","40.0856","-75.0394","","CRASH_2001_Philadelphia"