"CRN","DISTRICT","COUNTY","MUNICIPALITY","POLICE_AGCY","CRASH_YEAR","CRASH_MONTH","DAY_OF_WEEK","TIME_OF_DAY","HOUR_OF_DAY","ILLUMINATION","WEATHER","ROAD_CONDITION","COLLISION_TYPE","RELATION_TO_ROAD","WORK_ZONE_TYPE","WORK_ZONE_LOC","WORK_ZONE_IND","INTERSECT_TYPE","TCD_TYPE","LOCATION_TYPE","URBAN_RURAL","FATAL_COUNT","INJURY_COUNT","PERSON_COUNT","TOTAL_UNITS","SCH_BUS_IND","SCH_ZONE_IND","LATITUDE","LONGITUDE","ARRIVAL_TM","CONS_ZONE_SPD_LIM","DISPATCH_TM","EST_HRS_CLOSED","LANE_CLOSED","LN_CLOSE_DIR","NTFY_HIWY_MAINT","SPEC_JURIS_CD","TCD_FUNC_CD","TFC_DETOUR_IND","WORKERS_PRES","WZ_CLOSE_DETOUR","WZ_FLAGGER","WZ_LAW_OFFCR_IND","WZ_LN_CLOSURE","WZ_MOVING","WZ_OTHER","WZ_SHLDER_MDN","VEHICLE_COUNT","AUTOMOBILE_COUNT","MOTORCYCLE_COUNT","BUS_COUNT","SMALL_TRUCK_COUNT","HEAVY_TRUCK_COUNT","SUV_COUNT","VAN_COUNT","BICYCLE_COUNT","MAJ_INJ_COUNT","MOD_INJ_COUNT","MIN_INJ_COUNT","TOT_INJ_COUNT","UNK_INJ_DEG_COUNT","UNK_INJ_PER_COUNT","DRIVER_COUNT_16YR","DRIVER_COUNT_17YR","DRIVER_COUNT_18YR","DRIVER_COUNT_19YR","DRIVER_COUNT_20YR","DRIVER_COUNT_50_64YR","DRIVER_COUNT_65_74YR","DRIVER_COUNT_75PLUS","UNBELTED_OCC_COUNT","UNB_DEATH_COUNT","UNB_MAJ_INJ_COUNT","BELTED_DEATH_COUNT","BELTED_MAJ_INJ_COUNT","MCYCLE_DEATH_COUNT","MCYCLE_MAJ_INJ_COUNT","BICYCLE_DEATH_COUNT","BICYCLE_MAJ_INJ_COUNT","PED_COUNT","PED_DEATH_COUNT","PED_MAJ_INJ_COUNT","MAX_SEVERITY_LEVEL","COMM_VEH_COUNT","DEC_LAT","DEC_LONG","RDWY_SURF_TYPE_CD","COUNTY_YEAR"
"2002025180","06","67","67301","67301","2001","08","2","0020","00","2","2","1","4","1","","","N","00","0","00","3","0","0","2","2","N","N","40 00:56.905","75 10:08.427","0027","","0020","","0","","Y","","0 ","","","","","","","","","","2","1","0","0","0","0","0","0","0","0","0","0","0","0","0","0","0","0","0","0","0","0","0","0","0","0","0","0","0","0","0","0","0","0","0","0","0","40.0159","-75.169","","CRASH_2001_Philadelphia"
"2002033688","06","67","67301","67301","2001","11","5","1132","11","1","1","0","4","1","","","N","01","3","00","3","0","1","3","2","N","N","39 59:27.946","75 08:02.173","1138","","1135","","0","","N","","3 ","","","","","","","","","","2","1","0","0","1","0","0","0","0","0","1","0","1","0","0","0","0","0","0","0","2","0","0","0","0","0","0","0","0","0","0","0","0","0","0","3","0","39.9912","-75.1338","","CRASH_2001_Philadelphia"
"2002039481","06","67","67301","67301","2001","12","4","2020","20","3","1","0","1","1","","","N","00","0","00","3","0","1","3","2","N","N","39 59:51.360","75 11:45.600","2023","","2020","","0","","N","","0 ","","","","","","","","","","2","2","0","0","0","0","0","0","0","0","0","1","1","0","0","0","0","0","0","0","0","0","0","0","0","0","0","0","0","0","0","0","0","0","0","4","0","39.9977","-75.196","","CRASH_2001_Philadelphia"
"2002044033","06","67","67301","67301","2001","11","7","1210","12","1","1","0","4","1","","","N","01","0","00","3","0","0","2","2","N","N","39 58:32.715","75 10:06.819","1230","","1227","","0","","N","","0 ","","","","","","","","","","2","1","0","0","0","1","0","0","0","0","0","0","0","0","1","0","0","0","0","0","0","0","0","1","0","0","0","0","0","0","0","0","0","0","0","9","0","39.9758","-75.1685","","CRASH_2001_Philadelphia"
"2002026674","06","67","67301","67301","2001","09","1","1820","18","1","1","0","5","1","","","N","00","0","00","3","0","1","2","2","N","N","40 02:16.000","75 09:17.000","1837","","1824","","0","","N","","0 ","","","","","","","","","","2","1","1","0","0","0","0","0","0","0","1","0","1","0","0","0","0","0","0","0","0","0","0","0","0","0","0","0","0","0","0","0","0","0","0","3","0","40.0378","-75.1547","","CRASH_2001_Philadelphia"
"2002028797","06","67","67301","67301","2001","09","2","1104","11","1","1","0","4","1","","","N","01","2","00","3","0","0","3","2","N","N","39 59:28.455","75 08:06.087","1150","","1138","","0","","N","","3 ","","","","","","","","","","2","2","0","0","0","0","0","0","0","0","0","0","0","0","0","0","0","0","0","1","0","0","0","2","0","0","0","0","0","0","0","0","0","0","0","0","0","39.9914","-75.1349","","CRASH_2001_Philadelphia"
"2002042729","06","67","67301","67301","2001","12","5","0825","08","1","1","0","1","1","","","N","00","0","00","3","0","1","2","2","N","N","40 02:51.583","75 03:35.854","0830","","0827","","0","","N","","0 ","","","","","","","","","","2","2","0","0","0","0","0","0","0","0","0","1","1","0","0","0","0","0","0","0","0","0","0","0","0","0","0","0","0","0","0","0","0","0","0","4","0","40.0477","-75.06","","CRASH_2001_Philadelphia"
"2002046459","06","67","67301","67301","2001","10","1","0547","05","3","1","0","1","1","","","N","01","2","00","3","0","1","2","2","N","N","39 59:11.349","75 09:22.061","0547","","0547","","0","","N","","3 ","","","","","","","","","","2","2","0","0","0","0","0","0","0","0","0","1","1","0","0","0","0","0","0","0","0","0","0","2","0","0","0","0","0","0","0","0","0","0","0","4","0","39.9863","-75.1561","","CRASH_2001_Philadelphia"
"2002026372","06","67","67301","67301","2001","09","4","1145","11","1","1","0","1","1","","","N","01","0","00","3","0","0","2","2","N","N","39 58:38.638","75 12:01.853","1150","","1145","","0","","N","","0 ","","","","","","","","","","2","1","0","0","0","1","0","0","0","0","0","0","0","0","0","0","0","0","0","0","0","0","0","0","0","0","0","0","0","0","0","0","0","0","0","0","1","39.9775","-75.2008","","CRASH_2001_Philadelphia"
"2002035793","06","67","67301","67301","2001","10","7","1730","17","1","1","0","1","1","","","N","00","0","00","3","0","0","2","2","N","N","40 02:52.152","74 59:56.667","1735","","1730","","0","","N","","0 ","","","","","","","","","","2","2","0","0","0","0","0","0","0","0","0","0","0","0","0","0","0","0","0","0","0","0","0","1","0","0","0","0","0","0","0","0","0","0","0","0","0","40.0478","-74.9995","","CRASH_2001_Philadelphia"
"2002037169","06","67","67301","67301","2001","11","1","0530","05","2","1","0","1","1","","","N","00","0","03","3","0","0","4","2","N","N","","","0545","","0530","","0","","N","","0 ","","","","","","","","","","2","2","0","0","0","0","0","0","0","0","0","0","0","0","1","0","0","0","0","0","0","0","0","0","0","0","0","0","0","0","0","0","0","0","0","9","0","","","","CRASH_2001_Philadelphia"
"2002045773","06","67","67301","67301","2001","10","7","1259","12","1","1","0","4","1","","","N","02","2","00","3","0","1","4","2","N","N","40 05:36.206","75 01:52.258","1305","","1259","","0","","N","","3 ","","","","","","","","","","2","2","0","0","0","0","0","0","0","0","0","1","1","0","0","0","0","0","0","0","0","0","0","0","0","0","0","0","0","0","0","0","0","0","0","4","0","40.0934","-75.0313","","CRASH_2001_Philadelphia"
"2002043646","06","67","67301","67301","2001","11","1","0150","01","3","1","0","7","5","","","N","00","0","00","3","0","2","2","1","N","N","39 57:44.792","75 12:56.964","0158","","0156","","0","","N","","0 ","","","","","","","","","","1","1","0","0","0","0","0","0","0","1","0","1","2","0","0","0","0","0","0","0","0","0","0","2","0","1","0","0","0","0","0","0","0","0","0","2","0","39.9624","-75.2156","","CRASH_2001_Philadelphia"
"2001233353","06","67","67301","67301","2001","03","5","1430","14","1","1","0","1","1","","","N","01","2","00","3","0","1","2","2","N","N","39 55:05.520","75 12:31.680","9999","","9999","","0","","N","","3 ","","","","","","","","","","2","1","0","0","0","1","0","0","0","0","0","1","1","0","0","0","0","0","0","0","0","0","0","0","0","0","0","0","0","0","0","0","0","0","0","4","1","39.9182","-75.2088","","CRASH_2001_Philadelphia"
"2001240110","06","67","67301","67301","2001","04","6","1646","16","1","1","0","1","1","","","N","00","0","00","3","0","1","3","3","N","N","","","9999","","9999","","0","","N","","0 ","","","","","","","","","","3","1","0","0","0","0","1","1","0","0","0","1","1","0","0","0","0","0","0","0","0","1","1","0","0","0","0","0","0","0","0","0","0","0","0","4","0","","","","CRASH_2001_Philadelphia"
"2001240314","06","67","67301","67301","2001","04","2","1240","12","1","1","0","4","1","","","N","01","2","00","3","0","0","2","2","N","N","40 03:42.120","75 03:21.960","9999","","9999","","0","","N","","3 ","","","","","","","","","","2","1","0","0","0","0","0","0","0","0","0","0","0","0","0","0","0","0","0","0","0","0","0","0","0","0","0","0","0","0","0","0","0","0","0","0","0","40.0618","-75.0562","","CRASH_2001_Philadelphia"
"2002010734","06","67","67301","67301","2001","06","6","0727","07","1","1","0","4","1","","","N","01","2","00","3","0","0","4","2","N","N","39 56:28.345","75 12:22.482","0731","","0728","","0","","N","","3 ","","","","","","","","","","2","1","0","0","1","0","0","0","0","0","0","0","0","0","0","0","0","0","0","0","1","0","0","1","0","0","0","0","0","0","0","0","0","0","0","0","0","39.9413","-75.2081","","CRASH_2001_Philadelphia"
"2002032121","06","67","67301","67301","2001","10","2","1736","17","1","1","0","9","9","","","N","04","0","00","3","0","1","2","2","N","N","","","1741","","1736","","0","","N","","0 ","","","","","","","","","","1","1","0","0","0","0","0","0","1","0","0","1","1","0","0","0","0","0","0","0","0","0","0","0","0","0","0","0","0","0","0","0","0","0","0","4","0","","","","CRASH_2001_Philadelphia"
"2002017642","06","67","67301","67301","2001","08","3","0005","00","3","1","0","7","5","","","N","01","0","00","3","0","1","1","1","N","N","39 54:20.476","75 11:37.765","0010","","0005","1","2","3","N","","0 ","N","","","","","","","","","1","0","0","0","1","0","0","0","0","0","0","1","1","0","0","0","0","0","0","0","0","0","0","0","0","0","0","0","0","0","0","0","0","0","0","4","0","39.9057","-75.1938","","CRASH_2001_Philadelphia"
"2002018366","06","67","67301","67301","2001","07","3","1354","13","1","1","0","8","1","","","N","00","0","00","3","0","1","2","2","N","N","39 56:59.826","75 12:21.260","1354","","1354","","0","","N","","0 ","","","","","","","","","","1","1","0","0","0","0","0","0","0","0","0","1","1","0","0","0","0","0","0","0","0","0","0","0","0","0","0","0","0","0","0","0","1","0","0","4","0","39.9498","-75.206","","CRASH_2001_Philadelphia"
"2002018487","06","67","67301","67301","2001","08","2","0743","07","2","1","0","4","1","","","N","01","2","00","3","0","1","2","2","N","N","40 01:01.528","75 09:04.326","0825","","0811","","0","","N","","3 ","","","","","","","","","","2","1","0","0","0","1","0","0","0","0","0","1","1","0","0","0","0","0","0","0","0","0","0","0","0","0","0","0","0","0","0","0","0","0","0","4","1","40.0171","-75.1512","","CRASH_2001_Philadelphia"
"2002037070","06","67","67301","67301","2001","11","6","1615","16","1","2","1","1","1","","","N","02","0","00","3","0","1","4","2","N","N","40 01:38.056","75 12:16.075","1640","","1636","","0","","N","","0 ","","","","","","","","","","2","2","0","0","0","0","0","0","0","0","0","1","1","0","0","0","0","0","0","0","1","0","0","0","0","0","0","0","0","0","0","0","0","0","0","4","0","40.0272","-75.2045","","CRASH_2001_Philadelphia"
"2002024524","06","67","67301","67301","2001","08","6","1125","11","1","1","0","8","1","","","N","01","2","00","3","0","1","3","3","N","N","39 55:18.424","75 08:59.325","1133","","1130","","0","","N","","3 ","","","","","","","","","","1","0","0","0","1","0","0","0","0","0","0","1","1","0","0","0","0","0","0","0","0","0","0","0","0","0","0","0","0","0","0","0","2","0","0","4","0","39.9218","-75.1498","","CRASH_2001_Philadelphia"
"2002026878","06","67","67301","67301","2001","09","3","1430","14","1","1","0","8","4","","","N","03","2","00","3","0","1","2","2","N","N","39 57:17.397","75 09:58.836","1452","","1438","","0","","N","","3 ","","","","","","","","","","1","1","0","0","0","0","0","0","0","0","1","0","1","0","0","0","0","0","0","0","0","0","0","0","0","0","0","0","0","0","0","0","1","0","0","3","0","39.9548","-75.1664","","CRASH_2001_Philadelphia"
"2002035786","06","67","67301","67301","2001","10","1","1328","13","1","1","0","8","1","","","N","00","0","00","3","0","1","2","2","N","N","40 01:10.000","75 09:14.000","1330","","1328","","0","","N","","0 ","","","","","","","","","","1","1","0","0","0","0","0","0","0","0","0","1","1","0","0","0","0","0","0","0","0","0","0","0","0","0","0","0","0","0","0","0","1","0","0","4","0","40.0194","-75.1539","","CRASH_2001_Philadelphia"
"2002036728","06","67","67301","67301","2001","11","6","0505","05","3","8","1","7","2","","","N","00","0","03","3","0","0","1","1","N","N","39 53:29.890","75 13:29.932","0535","","0530","1","1","1","Y","","0 ","N","","","","","","","","","1","1","0","0","0","0","0","0","0","0","0","0","0","0","0","0","0","0","0","0","0","0","0","0","0","0","0","0","0","0","0","0","0","0","0","0","0","39.8917","-75.225","","CRASH_2001_Philadelphia"
"2002041470","06","67","67301","67301","2001","12","3","1600","16","4","1","0","4","1","","","N","02","2","00","3","0","1","3","2","N","N","40 02:17.382","75 13:22.206","1820","","1814","","0","","N","","3 ","","","","","","","","","","2","2","0","0","0","0","0","0","0","0","0","1","1","0","1","0","0","0","0","0","0","0","1","0","0","0","0","0","0","0","0","0","0","0","0","4","0","40.038","-75.2227","","CRASH_2001_Philadelphia"
"2002042151","06","67","67301","67301","2001","10","7","0130","01","3","1","0","1","1","","","N","00","0","00","3","0","2","4","2","N","N","39 57:34.560","75 09:42.480","0138","","0136","","0","","N","","0 ","","","","","","","","","","2","2","0","0","0","0","0","0","0","0","0","2","2","0","0","0","0","0","0","0","0","0","0","0","0","0","0","0","0","0","0","0","0","0","0","4","0","39.9596","-75.1619","","CRASH_2001_Philadelphia"
"2002018283","06","67","67301","67301","2001","08","6","0830","08","1","1","0","5","3","","","N","01","2","00","3","0","0","2","2","N","N","39 56:59.852","75 12:20.627","0857","","0857","","0","","N","","3 ","","","","","","","","","","2","2","0","0","0","0","0","0","0","0","0","0","0","0","1","0","0","0","0","0","0","0","0","0","0","0","0","0","0","0","0","0","0","0","0","9","0","39.9498","-75.2058","","CRASH_2001_Philadelphia"
"2002020118","06","67","67301","67301","2001","08","7","1837","18","1","1","0","4","1","","","N","01","2","00","3","0","3","3","2","N","N","40 03:47.707","75 03:05.812","1845","","1841","","0","","N","","3 ","","","","","","","","","","2","2","0","0","0","0","0","0","0","2","1","0","3","0","0","0","0","0","0","0","0","0","1","1","0","0","0","1","0","0","0","0","0","0","0","2","0","40.0631","-75.0516","","CRASH_2001_Philadelphia"
"2002026533","06","67","67301","67301","2001","09","1","2005","20","3","1","0","7","5","","","N","00","8","01","3","0","1","3","2","N","N","40 03:27.609","75 02:45.769","2009","","2007","1","1","2","N","","9 ","N","","","","","","","","","1","1","0","0","0","0","0","0","0","0","0","1","1","0","1","0","0","0","0","0","0","0","0","0","0","0","0","0","0","0","0","0","0","0","0","4","0","40.0576","-75.0459","","CRASH_2001_Philadelphia"
"2002030653","06","67","67301","67301","2001","09","6","1323","13","1","1","0","1","1","","","N","00","0","00","3","0","4","6","3","N","N","39 57:49.680","75 09:40.320","1530","","1523","","0","","N","","0 ","","","","","","","","","","3","3","0","0","0","0","0","0","0","0","0","4","4","0","0","0","0","0","0","0","0","0","0","0","0","0","0","0","0","0","0","0","0","0","0","4","0","39.9637","-75.1612","","CRASH_2001_Philadelphia"
"2002031516","06","67","67301","67301","2001","09","6","1740","17","1","1","0","8","1","","","N","01","2","00","3","0","1","2","2","N","N","39 57:13.704","75 09:59.737","1742","","1742","","0","","N","","3 ","","","","","","","","","","1","1","0","0","0","0","0","0","0","0","0","1","1","0","0","0","0","0","0","0","0","0","0","0","0","0","0","0","0","0","0","0","1","0","0","4","0","39.9538","-75.1666","","CRASH_2001_Philadelphia"
"2002031546","06","67","67301","67301","2001","09","7","2316","23","3","1","0","1","1","","","N","00","0","00","3","0","1","4","3","N","N","39 57:50.051","75 11:03.371","2345","","2330","","0","","N","","0 ","","","","","","","","","","3","1","0","0","2","0","0","0","0","0","0","1","1","0","1","0","0","0","0","0","0","0","0","0","0","0","0","0","0","0","0","0","0","0","0","4","0","39.9639","-75.1843","","CRASH_2001_Philadelphia"
"2002044419","06","67","67301","67301","2001","12","1","0415","04","3","1","0","1","1","","","N","00","0","00","3","0","0","1","3","N","N","40 01:44.590","75 05:20.895","0432","","0424","","0","","N","","0 ","","","","","","","","","","3","3","0","0","0","0","0","0","0","0","0","0","0","0","0","0","0","0","0","0","0","0","0","0","0","0","0","0","0","0","0","0","0","0","0","0","0","40.0294","-75.0884","","CRASH_2001_Philadelphia"
"2002023633","06","67","67301","67301","2001","09","7","1028","10","1","1","0","4","1","","","N","01","2","00","3","0","1","6","3","N","N","39 57:30.960","75 12:50.515","1032","","1028","","0","","N","","3 ","","","","","","","","","","3","3","0","0","0","0","0","0","0","0","0","1","1","0","0","0","0","0","0","0","0","0","0","0","0","0","0","0","0","0","0","0","0","0","0","4","0","39.9586","-75.214","","CRASH_2001_Philadelphia"
"2002023670","06","67","67301","67301","2001","08","3","1820","18","1","1","0","4","1","","","N","00","2","07","3","0","1","6","2","N","N","40 07:33.904","75 00:52.431","1841","","1826","","0","","N","","3 ","","","","","","","","","","2","2","0","0","0","0","0","0","0","0","1","0","1","0","0","0","0","0","0","0","0","1","0","0","0","0","0","0","0","0","0","0","0","0","0","3","0","40.1266","-75.0144","","CRASH_2001_Philadelphia"
"2002031564","06","67","67301","67301","2001","10","6","0801","08","1","1","0","1","1","","","N","01","2","06","3","0","1","3","3","N","N","40 01:28.790","75 07:50.241","0810","","0807","","0","","N","","3 ","","","","","","","","","","3","2","0","0","1","0","0","0","0","0","0","1","1","0","0","0","0","0","0","0","0","0","0","0","0","0","0","0","0","0","0","0","0","0","0","4","0","40.0246","-75.1306","","CRASH_2001_Philadelphia"
"2002031842","06","67","67301","67301","2001","09","2","2211","22","3","2","1","2","1","","","N","05","2","00","3","0","2","3","2","N","N","40 00:24.379","75 07:53.942","2215","","2211","","0","","N","","3 ","","","","","","","","","","2","1","0","0","1","0","0","0","0","0","0","2","2","0","0","0","0","0","0","0","0","0","0","0","0","0","0","0","0","0","0","0","0","0","0","4","0","40.0068","-75.1316","","CRASH_2001_Philadelphia"
"2002029886","06","67","67301","67301","2001","09","1","0145","01","3","1","0","1","1","","","N","06","0","02","3","0","5","6","2","N","N","40 02:45.240","75 00:05.760","0159","","0157","","0","","N","","0 ","","","","","","","","","","2","2","0","0","0","0","0","0","0","0","5","0","5","0","0","0","0","0","0","0","0","0","0","0","0","0","0","0","0","0","0","0","0","0","0","3","0","40.0458","-75.0019","","CRASH_2001_Philadelphia"
"2002042064","06","67","67301","67301","2001","12","1","2320","23","3","1","0","1","1","","","N","01","2","00","3","0","1","4","3","N","N","39 59:28.296","75 07:58.428","0021","","2351","","0","","N","","3 ","","","","","","","","","","3","3","0","0","0","0","0","0","0","0","1","0","1","0","0","0","0","0","0","0","0","0","0","3","0","0","0","0","0","0","0","0","0","0","0","3","0","39.9912","-75.1329","","CRASH_2001_Philadelphia"
"2002043796","06","67","67301","67301","2001","11","1","1413","14","1","1","0","8","1","","","N","00","0","00","3","0","1","2","2","N","N","40 00:34.920","75 12:32.040","1414","","1413","","0","","N","","0 ","","","","","","","","","","1","1","0","0","0","0","0","0","0","0","1","0","1","0","0","0","0","0","0","0","0","0","0","0","0","0","0","0","0","0","0","0","1","0","0","3","0","40.0103","-75.2081","","CRASH_2001_Philadelphia"
"2002012698","06","67","67301","67301","2001","06","4","1525","15","1","1","0","1","1","","","N","00","2","00","3","0","1","2","2","N","N","40 01:40.440","75 08:49.920","1546","","1542","","0","","N","","3 ","","","","","","","","","","2","2","0","0","0","0","0","0","0","0","0","1","1","0","0","0","0","0","0","0","0","0","0","0","0","0","0","0","0","0","0","0","0","0","0","4","0","40.0278","-75.1471","","CRASH_2001_Philadelphia"
"2002015182","06","67","67301","67301","2001","07","1","2324","23","3","1","0","7","5","","","N","00","2","00","3","0","1","1","1","N","N","40 02:19.823","75 06:35.936","2330","","2325","","0","","N","","3 ","","","","","","","","","","1","1","0","0","0","0","0","0","0","0","1","0","1","0","0","0","0","0","0","0","0","0","0","1","0","0","0","0","0","0","0","0","0","0","0","3","0","40.0389","-75.1099","","CRASH_2001_Philadelphia"
"2002026567","06","67","67301","67301","2001","09","2","1600","16","1","2","1","7","4","","","N","00","0","01","3","0","1","1","1","N","N","40 02:55.820","74 59:45.874","1608","","1603","2","2","1","Y","","0 ","N","","","","","","","","","1","1","0","0","0","0","0","0","0","0","0","1","1","0","0","0","0","0","0","0","0","0","0","0","0","0","0","0","0","0","0","0","0","0","0","4","0","40.049","-74.9968","","CRASH_2001_Philadelphia"
"2002027615","06","67","67301","67301","2001","09","6","2210","22","3","1","0","1","1","","","N","00","0","00","3","0","1","4","2","N","N","39 58:39.396","75 10:58.141","2235","","2227","","0","","Y","","0 ","","","","","","","","","","2","2","0","0","0","0","0","0","0","0","1","0","1","0","0","0","0","0","0","0","0","0","0","0","0","0","0","0","0","0","0","0","0","0","0","3","0","39.9776","-75.1828","","CRASH_2001_Philadelphia"
"2002034624","06","67","67301","67301","2001","10","4","1325","13","1","1","0","8","1","","","N","00","0","00","3","0","1","2","2","N","N","39 56:55.680","75 11:34.800","1335","","1331","","0","","N","","0 ","","","","","","","","","","1","1","0","0","0","0","0","0","0","0","1","0","1","0","1","0","0","0","0","0","0","0","0","0","0","0","0","0","0","0","0","0","1","0","0","3","0","39.9486","-75.1929","","CRASH_2001_Philadelphia"
"2002045145","06","67","67301","67301","2001","12","7","0027","00","3","1","1","1","1","","","N","02","2","00","3","0","1","7","2","N","N","39 56:52.825","75 08:28.280","0033","","0027","","0","","N","","3 ","","","","","","","","","","2","2","0","0","0","0","0","0","0","0","0","1","1","0","0","0","0","0","0","2","0","0","0","0","0","0","0","0","0","0","0","0","0","0","0","4","0","39.948","-75.1412","","CRASH_2001_Philadelphia"
"2002046291","06","67","67301","67301","2001","09","1","1615","16","1","1","0","4","1","","","N","02","3","00","3","0","0","3","2","N","N","40 02:17.797","75 08:27.879","1630","","1624","","0","","N","","3 ","","","","","","","","","","2","1","1","0","0","0","0","0","0","0","0","0","0","0","0","0","0","0","0","0","0","0","0","0","0","0","0","0","0","0","0","0","0","0","0","0","0","40.0382","-75.1411","","CRASH_2001_Philadelphia"
"2001238897","06","67","67301","67301","2001","04","3","1701","17","1","1","0","7","5","","","N","02","2","00","3","0","1","1","1","N","N","39 59:04.920","75 10:41.520","9999","","9999","","0","","N","","3 ","","","","","","","","","","1","1","0","0","0","0","0","0","0","0","0","0","0","0","1","0","0","0","0","0","0","0","1","0","0","0","0","0","0","0","0","0","0","0","0","9","0","39.9848","-75.1781","","CRASH_2001_Philadelphia"
"2001243506","06","67","67301","67301","2001","04","3","1357","13","1","1","0","3","1","","","N","00","0","00","3","0","1","3","2","N","N","39 54:29.880","75 11:35.880","9999","","9999","","0","","N","","0 ","","","","","","","","","","2","2","0","0","0","0","0","0","0","0","0","1","1","0","0","0","0","0","0","0","1","0","0","0","0","0","0","0","0","0","0","0","0","0","0","4","0","40.0876","-75.2144","","CRASH_2001_Philadelphia"
"2001244686","06","67","67301","67301","2001","05","1","0159","01","3","1","0","0","1","","","N","00","0","00","3","0","1","1","1","N","N","39 54:13.680","75 13:27.840","9999","","9999","","0","","N","","0 ","","","","","","","","","","1","0","1","0","0","0","0","0","0","0","1","0","1","0","0","0","0","0","0","0","0","0","0","0","0","0","0","0","0","0","0","0","0","0","0","3","0","39.9027","-75.2247","","CRASH_2001_Philadelphia"
"2001244715","06","67","67301","67301","2001","05","7","0730","07","1","1","0","9","1","","","N","00","0","00","3","0","0","1","6","N","N","","","9999","","9999","","0","","N","","0 ","","","","","","","","","","6","1","0","0","0","0","0","0","0","0","0","0","0","0","0","0","0","0","0","1","0","0","0","0","0","0","0","0","0","0","0","0","0","0","0","0","0","","","","CRASH_2001_Philadelphia"
"2001400374","06","67","67301","67301","2001","03","6","1743","17","3","1","0","8","1","","","N","01","2","00","3","1","0","2","2","N","N","39 59:21.480","75 09:19.800","9999","","9999","","0","","N","9","3 ","","","","","","","","","","1","1","0","0","0","0","0","0","0","0","0","0","0","0","0","0","0","0","0","0","0","0","0","0","0","0","0","0","0","0","0","0","1","1","0","1","0","39.9894","-75.1556","2 ","CRASH_2001_Philadelphia"
"2002025064","06","67","67301","67301","2001","08","7","1615","16","1","1","0","8","1","","","N","00","0","00","3","0","1","2","2","N","N","39 57:53.000","75 14:39.000","1646","","1641","","0","","N","","0 ","","","","","","","","","","1","1","0","0","0","0","0","0","0","0","0","1","1","0","0","0","0","0","0","0","0","0","0","0","0","0","0","0","0","0","0","0","1","0","0","4","0","39.9647","-75.2442","","CRASH_2001_Philadelphia"
"2002028684","06","67","67301","67301","2001","09","2","0240","02","3","1","1","4","6","","","N","00","0","00","3","0","0","1","2","N","N","40 01:34.656","75 07:15.091","0250","","0240","","0","","N","","0 ","","","","","","","","","","2","2","0","0","0","0","0","0","0","0","0","0","0","0","0","0","0","0","0","0","0","0","0","0","0","0","0","0","0","0","0","0","0","0","0","0","0","40.0263","-75.1205","","CRASH_2001_Philadelphia"
"2001283877","06","67","67301","67301","2001","04","7","1614","16","1","1","0","8","1","","","N","00","0","00","3","0","1","2","3","N","N","","","9999","","9999","","0","","N","","0 ","","","","","","","","","","2","1","0","0","1","0","0","0","0","1","0","0","1","0","0","0","0","0","0","0","0","0","0","1","0","0","0","0","0","0","0","0","1","0","1","2","0","","","","CRASH_2001_Philadelphia"
"2002048276","06","67","67301","67301","2001","07","1","1918","19","1","1","0","4","4","","","N","01","2","00","3","0","1","5","2","N","N","39 59:29.109","75 08:05.822","1925","","1918","","0","","N","","3 ","","","","","","","","","","2","2","0","0","0","0","0","0","0","0","0","1","1","0","0","0","0","0","0","0","0","0","0","1","0","0","0","0","0","0","0","0","0","0","0","4","0","39.9914","-75.1349","","CRASH_2001_Philadelphia"
"2002002810","06","67","67301","67301","2001","05","4","0906","09","1","1","1","1","1","","","N","00","4","00","3","0","0","2","2","N","N","","","0949","","0932","","0","","N","","3 ","","","","","","","","","","2","2","0","0","0","0","0","0","0","0","0","0","0","0","0","0","0","0","0","0","0","0","0","0","0","0","0","0","0","0","0","0","0","0","0","0","0","","","","CRASH_2001_Philadelphia"
"2002010445","06","67","67301","67301","2001","06","7","1917","19","1","1","0","4","1","","","N","01","3","00","3","0","2","4","3","N","N","40 02:51.154","75 09:50.097","1922","","1917","","0","","N","","3 ","","","","","","","","","","3","3","0","0","0","0","0","0","0","0","0","2","2","0","0","0","0","0","0","0","0","0","0","0","0","0","0","0","0","0","0","0","0","0","0","4","0","40.0475","-75.1639","","CRASH_2001_Philadelphia"
"2002012736","06","67","67301","67301","2001","07","6","0715","07","1","1","0","8","1","","","N","01","2","00","3","0","1","2","2","N","N","40 03:26.640","75 04:36.840","0740","","0730","","0","","N","","3 ","","","","","","","","","","1","0","0","0","1","0","0","0","0","0","0","1","1","0","0","0","0","0","0","0","1","0","0","0","0","0","0","0","0","0","0","0","1","0","0","4","0","40.0574","-75.0767","","CRASH_2001_Philadelphia"
"2002014575","06","67","67301","67301","2001","07","2","1755","17","1","1","0","4","1","","","N","01","2","00","3","0","0","3","2","N","N","39 57:16.784","75 08:58.504","1804","","1801","","0","","N","","3 ","","","","","","","","","","2","1","0","0","1","0","0","0","0","0","0","0","0","0","0","0","0","0","0","0","0","0","0","0","0","0","0","0","0","0","0","0","0","0","0","0","0","39.9547","-75.1495","","CRASH_2001_Philadelphia"
"2001257495","06","67","67301","68K01","2001","05","3","1332","13","1","1","0","1","1","","","N","06","0","02","3","0","0","4","4","N","N","40 00:32.760","75 12:16.200","9999","","9999","","0","","N","","0 ","","","","","","","","","","4","4","0","0","0","0","0","0","0","0","0","0","0","0","0","0","0","0","0","0","0","1","2","0","0","0","0","0","0","0","0","0","0","0","0","0","0","40.0093","-75.2051","","CRASH_2001_Philadelphia"