"CRN","DISTRICT","COUNTY","MUNICIPALITY","POLICE_AGCY","CRASH_YEAR","CRASH_MONTH","DAY_OF_WEEK","TIME_OF_DAY","HOUR_OF_DAY","ILLUMINATION","WEATHER","ROAD_CONDITION","COLLISION_TYPE","RELATION_TO_ROAD","WORK_ZONE_TYPE","WORK_ZONE_LOC","WORK_ZONE_IND","INTERSECT_TYPE","TCD_TYPE","LOCATION_TYPE","URBAN_RURAL","FATAL_COUNT","INJURY_COUNT","PERSON_COUNT","TOTAL_UNITS","SCH_BUS_IND","SCH_ZONE_IND","LATITUDE","LONGITUDE","ARRIVAL_TM","CONS_ZONE_SPD_LIM","DISPATCH_TM","EST_HRS_CLOSED","LANE_CLOSED","LN_CLOSE_DIR","NTFY_HIWY_MAINT","SPEC_JURIS_CD","TCD_FUNC_CD","TFC_DETOUR_IND","WORKERS_PRES","WZ_CLOSE_DETOUR","WZ_FLAGGER","WZ_LAW_OFFCR_IND","WZ_LN_CLOSURE","WZ_MOVING","WZ_OTHER","WZ_SHLDER_MDN","VEHICLE_COUNT","AUTOMOBILE_COUNT","MOTORCYCLE_COUNT","BUS_COUNT","SMALL_TRUCK_COUNT","HEAVY_TRUCK_COUNT","SUV_COUNT","VAN_COUNT","BICYCLE_COUNT","MAJ_INJ_COUNT","MOD_INJ_COUNT","MIN_INJ_COUNT","TOT_INJ_COUNT","UNK_INJ_DEG_COUNT","UNK_INJ_PER_COUNT","DRIVER_COUNT_16YR","DRIVER_COUNT_17YR","DRIVER_COUNT_18YR","DRIVER_COUNT_19YR","DRIVER_COUNT_20YR","DRIVER_COUNT_50_64YR","DRIVER_COUNT_65_74YR","DRIVER_COUNT_75PLUS","UNBELTED_OCC_COUNT","UNB_DEATH_COUNT","UNB_MAJ_INJ_COUNT","BELTED_DEATH_COUNT","BELTED_MAJ_INJ_COUNT","MCYCLE_DEATH_COUNT","MCYCLE_MAJ_INJ_COUNT","BICYCLE_DEATH_COUNT","BICYCLE_MAJ_INJ_COUNT","PED_COUNT","PED_DEATH_COUNT","PED_MAJ_INJ_COUNT","MAX_SEVERITY_LEVEL","COMM_VEH_COUNT","DEC_LAT","DEC_LONG","RDWY_SURF_TYPE_CD","COUNTY_YEAR"
"2002004031","06","67","67301","67301","2001","12","5","2025","20","3","2","1","1","1","","","N","02","2","00","3","0","0","2","2","N","N","40 06:01.842","75 01:46.915","2040","","2031","","0","","N","","3 ","","","","","","","","","","2","2","0","0","0","0","0","0","0","0","0","0","0","0","0","0","1","0","0","0","0","0","0","0","0","0","0","0","0","0","0","0","0","0","0","0","0","40.1004","-75.0297","","CRASH_2001_Philadelphia"
"2002016817","06","67","67301","67301","2001","07","1","0217","02","3","1","0","2","1","","","N","01","0","00","3","0","2","5","2","N","N","40 01:55.610","75 06:21.829","0220","","0218","","0","","N","","0 ","","","","","","","","","","2","2","0","0","0","0","0","0","0","0","2","0","2","0","0","0","0","0","0","1","1","0","0","1","0","0","0","0","0","0","0","0","0","0","0","3","0","40.032","-75.1058","","CRASH_2001_Philadelphia"
"2002017785","06","67","67301","67301","2001","08","1","1445","14","1","2","1","1","1","","","N","00","2","05","3","0","2","5","2","N","N","39 54:25.702","75 08:24.728","1445","","1445","","0","","N","","3 ","","","","","","","","","","2","2","0","0","0","0","0","0","0","0","0","2","2","0","0","0","0","0","0","0","0","0","0","0","0","0","0","0","0","0","0","0","0","0","0","4","0","39.9071","-75.1402","","CRASH_2001_Philadelphia"
"2002028657","06","67","67301","67301","2001","08","2","1905","19","1","2","1","3","1","","","N","00","0","00","3","0","1","2","2","N","N","39 58:44.969","75 06:54.878","1925","","1905","","0","","N","","0 ","","","","","","","","","","2","2","0","0","0","0","0","0","0","0","1","0","1","0","1","0","0","0","0","0","0","0","0","0","0","0","0","0","0","0","0","0","0","0","0","3","0","39.9786","-75.1148","","CRASH_2001_Philadelphia"
"2002014941","06","67","67301","67301","2001","05","2","","","3","2","1","4","1","","","N","00","0","03","3","0","2","3","2","N","N","39 55:13.951","75 11:54.285","0024","","0019","2","2","4","N","","0 ","Y","","","","","","","","","2","2","0","0","0","0","0","0","0","0","1","1","2","0","0","0","0","0","0","0","0","0","0","0","0","0","0","0","0","0","0","0","0","0","0","3","0","39.9205","-75.1983","","CRASH_2001_Philadelphia"
"2002026288","06","67","67301","67301","2001","09","3","0718","07","1","1","0","8","1","","","N","02","2","00","3","0","1","2","2","N","N","40 02:08.863","75 10:29.332","0725","","0720","","0","","N","","3 ","","","","","","","","","","1","1","0","0","0","0","0","0","0","0","0","1","1","0","0","0","0","0","0","0","0","0","1","0","0","0","0","0","0","0","0","0","1","0","0","4","0","40.0358","-75.1747","","CRASH_2001_Philadelphia"
"2002023062","06","67","67301","67301","2001","09","7","0255","02","3","1","0","2","1","","","N","01","2","00","3","0","1","2","2","N","N","39 57:35.497","75 14:09.630","0350","","0345","","0","","N","","3 ","","","","","","","","","","2","2","0","0","0","0","0","0","0","0","1","0","1","0","0","0","0","1","0","0","0","0","0","0","0","0","0","0","0","0","0","0","0","0","0","3","0","39.9584","-75.2375","","CRASH_2001_Philadelphia"
"2002029466","06","67","67301","67301","2001","09","1","2247","22","3","1","0","2","1","","","N","00","0","00","3","0","2","2","2","N","N","40 01:33.957","75 11:58.180","2252","","2247","","0","","N","","0 ","","","","","","","","","","2","2","0","0","0","0","0","0","0","0","1","1","2","0","0","0","0","0","0","0","2","0","0","2","0","0","0","0","0","0","0","0","0","0","0","3","0","40.026","-75.1995","","CRASH_2001_Philadelphia"
"2002032119","06","67","67301","67301","2001","09","6","1655","16","1","1","0","4","1","","","N","01","2","00","3","0","1","2","2","N","N","40 00:35.410","75 09:04.183","1705","","1700","","0","","N","","3 ","","","","","","","","","","1","1","0","0","0","0","0","0","0","0","0","1","1","0","0","0","0","0","0","0","0","1","0","0","0","0","0","0","0","0","0","0","1","0","0","4","0","40.0098","-75.151","","CRASH_2001_Philadelphia"
"2002032640","06","67","67301","67301","2001","10","6","1737","17","1","1","0","8","1","","","N","01","2","00","3","0","1","2","2","N","Y","39 59:51.039","75 07:16.486","1738","","1738","","0","","N","","3 ","","","","","","","","","","1","1","0","0","0","0","0","0","0","0","1","0","1","0","1","0","0","0","0","0","0","0","0","0","0","0","0","0","0","0","0","0","1","0","0","3","0","39.9975","-75.1213","","CRASH_2001_Philadelphia"
"2001240230","06","67","67301","67301","2001","04","5","1520","15","1","1","0","1","1","","","N","00","0","00","3","0","1","3","3","N","N","40 04:14.160","75 00:36.360","9999","","9999","","0","","N","","0 ","","","","","","","","","","3","2","0","0","1","0","0","0","0","0","0","1","1","0","0","0","0","0","0","1","0","0","0","0","0","0","0","0","0","0","0","0","0","0","0","4","0","40.0707","-75.0103","","CRASH_2001_Philadelphia"
"2001400333","06","67","67301","67301","2001","03","7","1844","18","3","1","0","8","1","","","N","00","0","00","3","1","0","2","2","N","N","40 03:02.160","75 03:02.880","9999","","9999","","0","","N","9","0 ","","","","","","","","","","1","1","0","0","0","0","0","0","0","0","0","0","0","0","0","0","0","0","0","0","0","0","0","0","0","0","0","0","0","0","0","0","1","1","0","1","0","40.0506","-75.0509","2 ","CRASH_2001_Philadelphia"
"2001400472","06","67","67301","67301","2001","06","3","1554","15","1","1","0","7","1","","","N","00","0","00","3","1","0","1","1","N","N","40 06:16.920","75 00:04.320","9999","","9999","","0","","N","9","0 ","","","","","","","","","","1","1","0","0","0","0","0","0","0","0","0","0","0","0","0","0","0","0","0","0","0","0","0","1","1","0","0","0","0","0","0","0","0","0","0","1","0","40.1046","-75.0013","2 ","CRASH_2001_Philadelphia"
"2002032679","06","67","67301","67301","2001","10","2","1319","13","1","1","0","8","1","","","N","00","0","00","3","0","1","2","2","N","N","39 59:52.371","75 04:20.626","1322","","1320","","0","","N","","0 ","","","","","","","","","","1","1","0","0","0","0","0","0","0","0","0","1","1","0","0","0","0","0","0","0","0","0","0","0","0","0","0","0","0","0","0","0","1","0","0","4","0","39.9978","-75.0725","","CRASH_2001_Philadelphia"
"2002034597","06","67","67301","67301","2001","10","4","1810","18","4","1","0","8","1","","","N","01","2","00","3","0","1","2","2","N","N","40 02:20.735","75 06:36.378","2010","","2000","","0","","N","","3 ","","","","","","","","","","1","1","0","0","0","0","0","0","0","0","0","1","1","0","0","0","0","0","0","0","0","0","0","0","0","0","0","0","0","0","0","0","1","0","0","4","0","40.0392","-75.11","","CRASH_2001_Philadelphia"
"2002038328","06","67","67301","67301","2001","12","2","1156","11","1","1","0","7","3","","","N","00","0","00","3","0","1","1","1","N","N","39 59:47.458","75 11:48.026","1159","","1157","1","1","4","N","","0 ","N","","","","","","","","","1","1","0","0","0","0","0","0","0","0","1","0","1","0","0","0","0","1","0","0","0","0","0","0","0","0","0","0","0","0","0","0","0","0","0","3","0","39.9962","-75.197","","CRASH_2001_Philadelphia"
"2001400021","06","67","67301","67301","2001","01","3","1012","10","1","1","0","2","1","","","N","00","0","00","3","1","1","2","2","N","N","","","9999","","9999","","0","","N","9","0 ","","","","","","","","","","2","1","0","0","0","0","1","0","0","0","1","0","1","0","0","0","0","0","0","0","0","0","0","2","1","0","0","0","0","0","0","0","0","0","0","1","0","","","9 ","CRASH_2001_Philadelphia"
"2002008922","06","67","67301","67301","2001","06","4","1415","14","1","1","0","1","1","","","N","00","0","00","3","0","2","3","3","N","N","39 59:47.400","75 11:48.120","1428","","1420","","0","","N","","0 ","","","","","","","","","","3","3","0","0","0","0","0","0","0","0","0","2","2","0","0","0","0","0","0","0","0","0","1","0","0","0","0","0","0","0","0","0","0","0","0","4","0","39.9965","-75.1967","","CRASH_2001_Philadelphia"
"2002023664","06","67","67301","67301","2001","08","5","1657","16","1","1","0","2","1","1","3","Y","02","2","00","3","0","0","2","2","N","N","39 57:36.283","75 08:13.594","1659","99","1657","","0","","N","","3 ","","U","","","U","","","","Y","2","2","0","0","0","0","0","0","0","0","0","0","0","0","0","0","0","0","0","0","0","0","0","0","0","0","0","0","0","0","0","0","0","0","0","0","0","39.9605","-75.137","","CRASH_2001_Philadelphia"
"2002023735","06","67","67301","67301","2001","08","4","1200","12","1","1","0","8","1","","","N","00","0","00","3","0","1","2","2","N","N","40 01:27.000","75 13:19.000","1215","","1211","","0","","N","","0 ","","","","","","","","","","1","1","0","0","0","0","0","0","0","0","0","1","1","0","0","0","0","0","0","0","0","0","0","0","0","0","0","0","0","0","0","0","1","0","0","4","0","40.0242","-75.2219","","CRASH_2001_Philadelphia"
"2002024674","06","67","67301","67301","2001","07","1","2120","21","3","1","0","1","1","","","N","00","0","00","3","0","0","1","4","N","N","40 01:33.776","75 07:24.232","2129","","2124","","0","","N","","0 ","","","","","","","","","","4","4","0","0","0","0","0","0","0","0","0","0","0","0","0","0","0","0","0","0","1","0","0","0","0","0","0","0","0","0","0","0","0","0","0","0","0","40.026","-75.1234","","CRASH_2001_Philadelphia"
"2002038179","06","67","67301","67301","2001","12","2","0827","08","1","1","0","4","1","","","N","01","2","00","3","0","3","3","2","N","N","39 57:16.164","75 12:18.353","0827","","0827","","0","","N","","3 ","","","","","","","","","","2","2","0","0","0","0","0","0","0","0","2","1","3","0","0","0","0","0","0","0","0","1","0","0","0","0","0","0","0","0","0","0","0","0","0","3","0","39.9544","-75.205","","CRASH_2001_Philadelphia"
"2001240234","06","67","67301","67301","2001","04","5","1536","15","1","1","0","8","1","","","N","00","0","00","3","0","1","2","2","N","N","","","9999","","9999","","0","","N","","0 ","","","","","","","","","","1","0","0","0","1","0","0","0","0","0","0","1","1","0","0","0","0","0","0","0","0","0","0","0","0","0","0","0","0","0","0","0","1","0","0","4","0","","","","CRASH_2001_Philadelphia"
"2001244604","06","67","67301","67301","2001","04","7","1600","16","1","1","0","1","1","","","N","00","0","00","3","0","0","2","2","N","N","","","9999","","9999","","0","","N","","0 ","","","","","","","","","","2","2","0","0","0","0","0","0","0","0","0","0","0","0","0","0","0","0","0","0","1","0","0","1","0","0","0","0","0","0","0","0","0","0","0","0","0","","","","CRASH_2001_Philadelphia"
"2001244757","06","67","67301","67301","2001","05","4","1538","15","1","1","0","4","1","","","N","01","3","00","3","0","1","2","2","N","N","39 55:42.711","75 10:21.658","9999","","9999","","0","","N","","3 ","","","","","","","","","","2","1","0","0","0","0","0","1","0","0","0","1","1","0","0","0","0","0","0","0","0","0","0","0","0","0","0","0","0","0","0","0","0","0","0","4","0","39.9285","-75.1727","","CRASH_2001_Philadelphia"
"2002029487","06","67","67301","67301","2001","09","6","2257","22","3","1","0","1","1","","","N","00","0","02","3","0","2","3","2","N","N","","","2305","","2257","1","2","3","N","","0 ","Y","","","","","","","","","2","2","0","0","0","0","0","0","0","0","0","2","2","0","0","0","0","0","0","0","0","0","0","1","0","0","0","0","0","0","0","0","0","0","0","4","0","","","","CRASH_2001_Philadelphia"
"2002018493","06","67","67301","67301","2001","07","2","2230","22","3","1","0","1","1","","","N","01","2","00","3","0","1","2","2","N","N","40 01:32.118","75 07:20.418","0030","","0023","","0","","N","","3 ","","","","","","","","","","2","1","0","0","1","0","0","0","0","0","0","1","1","0","0","0","0","0","0","0","0","0","0","1","0","0","0","0","0","0","0","0","0","0","0","4","0","40.0255","-75.1225","","CRASH_2001_Philadelphia"
"2002026365","06","67","67301","67301","2001","09","5","0930","09","1","1","0","7","5","","","N","00","0","00","3","0","1","1","1","N","N","","","2055","","2048","","0","","N","","0 ","","","","","","","","","","1","1","0","0","0","0","0","0","0","0","1","0","1","0","0","0","0","0","0","0","0","0","0","0","0","0","0","0","0","0","0","0","0","0","0","3","0","","","","CRASH_2001_Philadelphia"
"2001288236","06","67","67301","","2001","06","3","1500","15","1","1","0","1","1","","","N","00","0","00","3","0","1","3","2","N","N","39 57:15.120","75 10:11.640","9999","","9999","","0","","N","","0 ","","","","","","","","","","2","2","0","0","0","0","0","0","0","0","0","0","0","0","1","0","0","0","0","0","0","0","0","0","0","0","0","0","0","0","0","0","0","0","0","9","0","39.9542","-75.1699","","CRASH_2001_Philadelphia"
"2002001137","06","67","67301","67301","2001","09","7","2350","23","2","1","0","1","1","","","N","00","0","00","3","0","0","6","3","N","N","39 53:48.480","75 12:49.320","0003","","2350","","0","","N","","0 ","","","","","","","","","","3","3","0","0","0","0","0","0","0","0","0","0","0","0","0","0","0","1","0","0","0","0","0","0","0","0","0","0","0","0","0","0","0","0","0","0","0","39.8968","-75.2137","","CRASH_2001_Philadelphia"
"2002041384","06","67","67301","67301","2001","12","4","2224","22","3","1","0","7","5","","","N","00","0","00","3","0","1","1","1","N","N","40 05:48.118","75 02:49.005","2226","","2224","","0","","N","","0 ","","","","","","","","","","1","0","0","0","1","0","0","0","0","0","1","0","1","0","0","0","0","0","0","0","0","0","0","0","0","0","0","0","0","0","0","0","0","0","0","3","0","40.0966","-75.0469","","CRASH_2001_Philadelphia"
"2002045802","06","67","67301","67301","2001","10","2","0000","00","3","1","0","8","1","","","N","01","2","00","3","0","1","2","2","N","N","","","1010","","1000","","0","","N","","3 ","","","","","","","","","","1","1","0","0","0","0","0","0","0","0","1","0","1","0","0","0","0","0","0","0","0","0","0","0","0","0","0","0","0","0","0","0","1","0","0","3","0","","","","CRASH_2001_Philadelphia"
"2002046348","06","67","67301","67301","2001","10","4","1729","17","1","1","0","8","1","","","N","01","2","00","3","0","1","2","2","N","N","39 55:34.712","75 11:03.404","1735","","1729","","0","","N","","9 ","","","","","","","","","","1","1","0","0","0","0","0","0","0","0","0","1","1","0","0","0","0","0","0","0","0","1","0","0","0","0","0","0","0","0","0","0","1","0","0","4","0","39.9263","-75.1843","","CRASH_2001_Philadelphia"
"2001288243","06","67","67301","","2001","06","3","0100","01","3","9","9","8","1","","","N","05","9","00","3","0","1","2","2","N","N","39 55:32.060","75 14:03.558","9999","","9999","","0","","N","","9 ","","","","","","","","","","1","0","0","0","0","0","0","0","0","0","0","0","0","0","1","0","0","0","0","0","0","0","0","0","0","0","0","0","0","0","0","0","1","0","0","9","0","39.9256","-75.2343","","CRASH_2001_Philadelphia"
"2002024519","06","67","67301","67301","2001","08","1","1143","11","1","2","1","4","1","","","N","01","3","00","3","0","1","2","5","N","N","40 02:46.419","75 09:57.934","1151","","1146","","0","","N","","9 ","","","","","","","","","","5","5","0","0","0","0","0","0","0","0","0","1","1","0","0","0","0","0","0","0","0","0","0","0","0","0","0","0","0","0","0","0","0","0","0","4","0","40.0462","-75.1661","","CRASH_2001_Philadelphia"
"2002037355","06","67","67301","67301","2001","11","4","1630","16","4","1","1","4","1","","","N","05","2","00","3","0","2","3","2","N","N","40 02:00.964","75 03:49.979","1730","","1705","2","2","5","N","","3 ","Y","","","","","","","","","2","2","0","0","0","0","0","0","0","0","0","2","2","0","0","0","0","0","0","0","0","1","0","0","0","0","0","0","0","0","0","0","0","0","0","4","0","40.0337","-75.0637","","CRASH_2001_Philadelphia"
"2001400306","06","67","67301","67301","2001","04","5","2309","23","3","1","0","7","1","","","N","00","0","00","3","1","0","1","2","N","N","","","9999","","9999","","0","","N","9","0 ","","","","","","","","","","2","0","1","0","0","0","0","0","0","0","0","0","0","0","0","0","0","0","0","0","0","0","0","0","0","0","0","0","1","0","0","0","0","0","0","1","0","","","9 ","CRASH_2001_Philadelphia"
"2002023070","06","67","67301","67301","2001","08","1","0235","02","2","1","0","1","1","","","N","01","3","00","3","0","2","4","2","N","N","39 58:34.074","75 13:28.626","0436","","0435","","0","","N","","3 ","","","","","","","","","","2","1","0","0","0","0","0","0","0","0","0","2","2","0","1","0","0","0","0","0","0","0","0","0","0","0","0","0","0","0","0","0","0","0","0","4","0","39.9761","-75.2245","","CRASH_2001_Philadelphia"
"2002027875","06","67","67301","67301","2001","09","5","1422","14","1","1","0","1","1","","","N","00","0","00","3","0","1","5","4","N","N","40 01:33.960","75 02:13.560","1540","","1530","","0","","N","","0 ","","","","","","","","","","4","4","0","0","0","0","0","0","0","0","0","1","1","0","0","0","0","0","0","2","1","0","0","1","0","0","0","0","0","0","0","0","0","0","0","4","0","40.0244","-75.0344","","CRASH_2001_Philadelphia"
"2002037357","06","67","67301","67301","2001","10","1","1202","12","1","1","0","2","1","","","N","01","2","00","3","0","4","5","2","N","N","40 00:12.534","75 09:09.121","1414","","1414","","0","","N","","3 ","","","","","","","","","","2","1","0","0","0","1","0","0","0","0","0","4","4","0","0","0","0","0","0","0","0","0","0","0","0","0","0","0","0","0","0","0","0","0","0","4","0","40.0032","-75.1524","","CRASH_2001_Philadelphia"
"2002029866","06","67","67301","67301","2001","09","6","0735","07","1","2","1","4","6","","","N","00","0","00","3","0","1","6","2","N","N","40 02:59.654","75 05:43.173","0759","","0759","","0","","N","","0 ","","","","","","","","","","2","2","0","0","0","0","0","0","0","0","0","1","1","0","0","0","0","0","0","0","0","0","0","0","0","0","0","0","0","0","0","0","0","0","0","4","0","40.0499","-75.0953","","CRASH_2001_Philadelphia"
"2002010759","06","67","67301","67301","2001","06","6","2215","22","3","1","0","2","1","","","N","01","3","00","3","0","1","3","2","N","N","40 02:06.786","75 07:17.248","2225","","2221","","0","","N","","3 ","","","","","","","","","","2","2","0","0","0","0","0","0","0","0","0","1","1","0","0","0","0","0","0","0","1","0","0","1","0","0","0","0","0","0","0","0","0","0","0","4","0","40.0353","-75.1214","","CRASH_2001_Philadelphia"
"2001400418","06","67","67301","67301","2001","05","5","1400","14","1","1","0","0","1","","","N","00","0","00","3","1","0","2","2","N","N","","","9999","","9999","","0","","N","9","0 ","","","","","","","","","","2","0","1","0","0","0","0","1","0","0","0","0","0","0","0","0","0","0","0","0","0","0","0","0","0","0","0","0","1","0","0","0","0","0","0","1","0","","","9 ","CRASH_2001_Philadelphia"
"2002018895","06","67","67301","67301","2001","08","3","0830","08","1","1","0","1","1","","","N","00","2","07","3","0","1","3","2","N","N","40 06:18.720","75 00:04.680","0835","","0831","","0","","N","","3 ","","","","","","","","","","2","2","0","0","0","0","0","0","0","0","0","1","1","0","0","0","0","0","0","0","1","0","0","0","0","0","0","0","0","0","0","0","0","0","0","4","0","40.105","-75.0013","","CRASH_2001_Philadelphia"
"2002026349","06","67","67301","67301","2001","09","3","1728","17","4","2","1","1","1","","","N","02","2","00","3","0","0","2","2","N","N","39 55:00.982","75 12:56.479","1743","","1739","","9","","N","","3 ","U","","","","","","","","","2","2","0","0","0","0","0","0","0","0","0","0","0","0","0","0","0","0","0","0","0","0","0","0","0","0","0","0","0","0","0","0","0","0","0","0","0","39.9169","-75.2159","","CRASH_2001_Philadelphia"
"2002026363","06","67","67301","67301","2001","09","3","1755","17","1","2","1","4","1","","","N","00","0","00","3","0","2","2","2","N","N","","","1805","","1801","","0","","N","","0 ","","","","","","","","","","2","2","0","0","0","0","0","0","0","0","0","2","2","0","0","0","0","0","0","0","0","0","0","0","0","0","0","0","0","0","0","0","0","0","0","4","0","","","","CRASH_2001_Philadelphia"
"2002039420","06","67","67301","67301","2001","12","3","1922","19","3","2","0","1","1","","","N","02","2","00","3","0","1","3","2","N","N","40 06:01.842","75 01:46.915","1933","","1924","","0","","N","","3 ","","","","","","","","","","2","1","0","0","1","0","0","0","0","0","0","1","1","0","0","0","0","0","0","0","1","0","0","0","0","0","0","0","0","0","0","0","0","0","0","4","0","40.1004","-75.0297","","CRASH_2001_Philadelphia"
"2002017127","06","67","67301","67301","2001","07","2","1555","15","1","1","0","1","1","","","N","01","2","00","3","0","1","3","2","N","N","40 02:04.200","75 04:16.320","1610","","1605","","0","","N","","3 ","","","","","","","","","","2","2","0","0","0","0","0","0","0","0","0","1","1","0","0","0","0","0","0","0","1","0","0","0","0","0","0","0","0","0","0","0","0","0","0","4","0","40.0346","-75.0713","","CRASH_2001_Philadelphia"
"2002020153","06","67","67301","67301","2001","06","1","0210","02","3","2","1","4","1","","","N","01","2","00","3","0","1","3","2","N","N","39 55:19.779","75 13:49.682","0228","","0225","","0","","N","","3 ","","","","","","","","","","2","2","0","0","0","0","0","0","0","0","0","1","1","0","0","0","0","0","0","0","1","0","0","0","0","0","0","0","0","0","0","0","0","0","0","4","0","39.9222","-75.2303","","CRASH_2001_Philadelphia"
"2002031578","06","67","67301","67301","2001","10","1","1550","15","1","1","0","4","1","","","N","01","2","00","3","0","1","3","2","N","N","40 03:14.540","75 02:56.300","1555","","1550","","0","","N","","3 ","","","","","","","","","","2","1","1","0","0","0","0","0","0","0","0","1","1","0","0","0","0","0","0","0","0","0","0","0","0","0","0","0","0","0","0","0","0","0","0","4","0","40.0541","-75.049","","CRASH_2001_Philadelphia"
"2002037049","06","67","67301","67301","2001","11","6","1350","13","1","2","1","4","1","","","N","01","2","00","3","0","2","2","2","N","N","39 58:31.261","75 12:24.830","1400","","1357","","0","","N","","3 ","","","","","","","","","","2","2","0","0","0","0","0","0","0","0","0","2","2","0","0","0","0","0","0","0","0","0","0","0","0","0","0","0","0","0","0","0","0","0","0","4","0","39.9753","-75.2068","","CRASH_2001_Philadelphia"
"2002017162","06","67","67301","67301","2001","07","3","2125","21","3","1","0","8","1","","","N","00","0","00","3","0","1","2","2","N","N","40 02:29.235","75 01:41.126","2140","","2129","","0","","N","","0 ","","","","","","","","","","1","0","1","0","0","0","0","0","0","0","0","1","1","0","0","0","0","0","0","0","0","0","0","0","0","0","0","0","0","0","0","0","1","0","0","4","0","40.0414","-75.0281","","CRASH_2001_Philadelphia"
"2002023625","06","67","67301","67301","2001","08","2","1220","12","1","1","0","5","1","","","N","01","2","00","3","0","0","5","4","N","N","39 57:35.133","75 14:06.705","1222","","1221","","0","","N","","3 ","","","","","","","","","","4","4","0","0","0","0","0","0","0","0","0","0","0","0","0","0","0","0","0","0","0","0","0","0","0","0","0","0","0","0","0","0","0","0","0","0","0","39.9582","-75.2355","","CRASH_2001_Philadelphia"
"2002027000","06","67","67301","67301","2001","09","5","1401","14","1","1","0","1","1","","","N","01","2","00","3","0","0","2","2","N","N","40 01:24.775","75 07:59.621","1416","","1407","3","2","1","N","","3 ","Y","","","","","","","","","2","0","0","0","0","2","0","0","0","0","0","0","0","0","0","0","0","0","0","0","0","0","0","0","0","0","0","0","0","0","0","0","0","0","0","0","2","40.0235","-75.1334","","CRASH_2001_Philadelphia"
"2002018489","06","67","67301","67301","2001","07","1","1812","18","1","1","0","7","4","","","N","01","2","00","3","0","1","1","1","N","N","40 00:24.104","75 07:09.468","1820","","1814","","0","","N","","3 ","","","","","","","","","","1","1","0","0","0","0","0","0","0","0","0","1","1","0","0","0","0","0","0","0","0","0","0","1","0","0","0","0","0","0","0","0","0","0","0","4","0","40.0067","-75.1193","","CRASH_2001_Philadelphia"
"2002026480","06","67","67301","67301","2001","06","5","1624","16","1","1","0","8","1","","","N","00","0","00","3","0","1","2","2","N","N","40 00:04.680","75 09:01.080","1645","","1638","","0","","N","","0 ","","","","","","","","","","1","1","0","0","0","0","0","0","0","0","1","0","1","0","0","0","0","0","0","0","1","0","0","0","0","0","0","0","0","0","0","0","1","0","0","3","0","40.0012","-75.1501","","CRASH_2001_Philadelphia"
"2002027894","06","67","67301","67301","2001","09","7","1709","17","1","1","0","7","3","","","N","02","0","00","3","0","1","1","2","N","N","39 57:08.029","75 08:24.447","1714","","1711","","0","","N","","0 ","","","","","","","","","","1","1","0","0","0","0","0","0","0","0","0","1","1","0","0","0","0","0","0","0","0","0","0","1","0","0","0","0","0","0","0","0","0","0","0","4","0","39.9535","-75.1398","","CRASH_2001_Philadelphia"
"2002041365","06","67","67301","67301","2001","12","7","0507","05","3","1","0","1","1","","","N","01","2","00","3","0","1","2","2","N","N","39 57:21.140","75 11:29.294","0511","","0509","","0","","N","","3 ","","","","","","","","","","2","2","0","0","0","0","0","0","0","0","0","1","1","0","0","0","0","0","0","0","0","0","0","0","0","0","0","0","0","0","0","0","0","0","0","4","0","39.9558","-75.1915","","CRASH_2001_Philadelphia"
"2002041380","06","67","67301","67301","2001","12","7","1345","13","1","1","0","5","4","","","N","01","2","00","3","0","1","2","2","N","N","39 56:58.589","75 09:14.056","1430","","1409","","9","","N","","3 ","U","","","","","","","","","1","0","0","0","1","0","0","0","0","0","0","1","1","0","0","0","0","0","0","0","0","0","0","0","0","0","0","0","0","0","0","0","0","0","0","4","0","39.9496","-75.1539","","CRASH_2001_Philadelphia"
"2002042787","06","67","67301","67301","2001","12","3","1250","12","1","1","1","4","1","","","N","00","0","02","3","0","1","2","2","N","N","39 58:27.120","75 07:10.200","1251","","1250","","0","","N","","0 ","","","","","","","","","","2","2","0","0","0","0","0","0","0","0","1","0","1","0","0","0","0","0","0","0","1","0","0","1","0","0","0","0","0","0","0","0","0","0","0","3","0","39.9739","-75.1198","","CRASH_2001_Philadelphia"
"2002050200","06","67","67301","67301","2001","09","3","1030","10","1","1","0","4","1","","","N","01","2","00","3","0","1","2","2","N","N","39 59:32.000","75 07:01.000","1036","","1031","","0","","N","","3 ","","","","","","","","","","1","0","0","0","1","0","0","0","1","0","0","1","1","0","0","0","0","0","0","0","0","0","0","0","0","0","0","0","0","0","0","0","0","0","0","4","0","39.9922","-75.1169","","CRASH_2001_Philadelphia"
"2005123793","06","67","67301","67301","2001","10","1","0800","08","1","1","0","4","1","","","N","01","3","00","3","0","1","2","3","N","N","40 02:41.668","75 04:12.305","0800","","0800","","0","","N","","9 ","","","","","","","","","","3","3","0","0","0","0","0","0","0","0","0","0","1","1","0","0","0","0","0","0","0","0","0","0","0","0","0","0","0","0","0","0","0","0","0","8","0","40.0449","-75.0701","","CRASH_2001_Philadelphia"
"2002008917","06","67","67301","67301","2001","06","7","0055","00","3","1","0","7","4","","","N","02","0","00","3","0","2","2","1","N","N","39 55:58.473","75 12:57.909","0055","","0055","","0","","N","","0 ","","","","","","","","","","1","1","0","0","0","0","0","0","0","0","2","0","2","0","0","0","0","0","0","0","0","0","0","2","0","0","0","0","0","0","0","0","0","0","0","3","0","39.9327","-75.2161","","CRASH_2001_Philadelphia"
"2002017504","06","67","67301","67301","2001","08","1","1305","13","1","1","0","4","1","","","N","01","2","00","3","0","0","2","2","N","Y","40 00:54.183","75 04:04.763","1320","","1311","","0","","N","","3 ","","","","","","","","","","2","2","0","0","0","0","0","0","0","0","0","0","0","0","0","0","0","0","1","0","0","0","0","0","0","0","0","0","0","0","0","0","0","0","0","0","0","40.0153","-75.0679","","CRASH_2001_Philadelphia"