"CRN","DISTRICT","COUNTY","MUNICIPALITY","POLICE_AGCY","CRASH_YEAR","CRASH_MONTH","DAY_OF_WEEK","TIME_OF_DAY","HOUR_OF_DAY","ILLUMINATION","WEATHER","ROAD_CONDITION","COLLISION_TYPE","RELATION_TO_ROAD","WORK_ZONE_TYPE","WORK_ZONE_LOC","WORK_ZONE_IND","INTERSECT_TYPE","TCD_TYPE","LOCATION_TYPE","URBAN_RURAL","FATAL_COUNT","INJURY_COUNT","PERSON_COUNT","TOTAL_UNITS","SCH_BUS_IND","SCH_ZONE_IND","LATITUDE","LONGITUDE","ARRIVAL_TM","CONS_ZONE_SPD_LIM","DISPATCH_TM","EST_HRS_CLOSED","LANE_CLOSED","LN_CLOSE_DIR","NTFY_HIWY_MAINT","SPEC_JURIS_CD","TCD_FUNC_CD","TFC_DETOUR_IND","WORKERS_PRES","WZ_CLOSE_DETOUR","WZ_FLAGGER","WZ_LAW_OFFCR_IND","WZ_LN_CLOSURE","WZ_MOVING","WZ_OTHER","WZ_SHLDER_MDN","VEHICLE_COUNT","AUTOMOBILE_COUNT","MOTORCYCLE_COUNT","BUS_COUNT","SMALL_TRUCK_COUNT","HEAVY_TRUCK_COUNT","SUV_COUNT","VAN_COUNT","BICYCLE_COUNT","MAJ_INJ_COUNT","MOD_INJ_COUNT","MIN_INJ_COUNT","TOT_INJ_COUNT","UNK_INJ_DEG_COUNT","UNK_INJ_PER_COUNT","DRIVER_COUNT_16YR","DRIVER_COUNT_17YR","DRIVER_COUNT_18YR","DRIVER_COUNT_19YR","DRIVER_COUNT_20YR","DRIVER_COUNT_50_64YR","DRIVER_COUNT_65_74YR","DRIVER_COUNT_75PLUS","UNBELTED_OCC_COUNT","UNB_DEATH_COUNT","UNB_MAJ_INJ_COUNT","BELTED_DEATH_COUNT","BELTED_MAJ_INJ_COUNT","MCYCLE_DEATH_COUNT","MCYCLE_MAJ_INJ_COUNT","BICYCLE_DEATH_COUNT","BICYCLE_MAJ_INJ_COUNT","PED_COUNT","PED_DEATH_COUNT","PED_MAJ_INJ_COUNT","MAX_SEVERITY_LEVEL","COMM_VEH_COUNT","DEC_LAT","DEC_LONG","RDWY_SURF_TYPE_CD","COUNTY_YEAR"
"2002020142","06","67","67301","67301","2001","06","5","2035","20","3","1","0","4","1","","","N","01","2","00","3","0","4","4","2","N","N","39 58:27.480","75 13:35.040","2039","","2038","","0","","N","","3 ","","","","","","","","","","2","2","0","0","0","0","0","0","0","0","0","4","4","0","0","0","0","0","0","0","1","0","0","0","0","0","0","0","0","0","0","0","0","0","0","4","0","39.9742","-75.2264","","CRASH_2001_Philadelphia"
"2002023754","06","67","67301","67301","2001","08","6","0209","02","3","1","0","7","4","","","N","00","0","00","3","0","2","5","1","N","N","","","0210","","0209","","0","","N","","0 ","","","","","","","","","","1","1","0","0","0","0","0","0","0","0","0","2","2","0","0","0","0","1","0","0","0","0","0","0","0","0","0","0","0","0","0","0","0","0","0","4","0","","","","CRASH_2001_Philadelphia"
"2002020698","06","67","67301","67301","2001","08","3","1730","17","1","1","0","4","1","","","N","00","0","07","3","0","1","2","2","N","N","40 03:29.000","75 08:54.000","2100","","2050","","0","","N","","0 ","","","","","","","","","","1","1","0","0","0","0","0","0","1","0","1","0","1","0","0","0","0","0","0","0","0","0","0","0","0","0","0","0","0","0","0","0","0","0","0","3","0","40.0581","-75.1483","","CRASH_2001_Philadelphia"
"2002023711","06","67","67301","67301","2001","09","7","1216","12","1","1","0","8","1","","","N","02","0","00","3","0","1","2","2","N","N","39 57:06.852","75 10:19.847","1312","","0030","","0","","N","","0 ","","","","","","","","","","1","1","0","0","0","0","0","0","0","0","1","0","1","0","0","0","0","0","0","0","1","0","0","0","0","0","0","0","0","0","0","0","1","0","0","3","0","39.9504","-75.1727","","CRASH_2001_Philadelphia"
"2002024205","06","67","67301","67301","2001","07","6","2000","20","1","1","0","8","1","","","N","01","2","00","3","0","1","2","2","N","N","40 01:49.894","75 07:05.628","2010","","2002","","0","","N","","3 ","","","","","","","","","","1","1","0","0","0","0","0","0","0","0","0","1","1","0","0","0","0","0","0","0","0","0","0","0","0","0","0","0","0","0","0","0","1","0","0","4","0","40.0305","-75.1182","","CRASH_2001_Philadelphia"
"2002026466","06","67","67301","67301","2001","06","1","1630","16","1","1","0","4","1","","","N","02","3","00","3","0","1","2","2","N","N","40 01:11.938","75 06:41.817","1639","","1632","","0","","N","","3 ","","","","","","","","","","2","1","0","0","0","0","0","0","0","0","1","0","1","0","0","0","0","0","0","0","0","0","0","0","0","0","0","0","0","0","0","0","0","0","0","3","0","40.02","-75.1116","","CRASH_2001_Philadelphia"
"2002038616","06","67","67301","67301","2001","11","4","0751","07","1","1","0","8","1","","","N","01","2","00","3","0","1","2","2","N","N","39 59:47.422","75 06:48.166","0754","","0753","","0","","N","","3 ","","","","","","","","","","1","1","0","0","0","0","0","0","0","0","0","1","1","0","0","0","0","0","0","0","0","0","0","0","0","0","0","0","0","0","0","0","1","0","0","4","0","39.9964","-75.1135","","CRASH_2001_Philadelphia"
"2002041976","06","67","67301","67301","2001","12","6","2357","23","3","1","0","7","2","","","N","00","0","00","3","0","0","1","1","N","N","40 00:32.552","75 03:56.705","0005","","2359","","0","","Y","","0 ","","","","","","","","","","1","1","0","0","0","0","0","0","0","0","0","0","0","0","0","0","0","0","0","0","0","0","0","0","0","0","0","0","0","0","0","0","0","0","0","0","0","40.0091","-75.0658","","CRASH_2001_Philadelphia"
"2001288578","06","67","67301","","2001","11","5","2125","21","3","1","0","1","1","","","N","01","2","00","3","0","1","5","2","N","N","40 01:31.800","75 07:20.640","9999","","9999","","0","","N","","3 ","","","","","","","","","","2","0","0","0","0","0","2","0","0","0","1","0","1","0","0","0","0","0","0","0","0","0","0","5","0","0","0","0","0","0","0","0","0","0","0","3","0","40.0254","-75.1227","","CRASH_2001_Philadelphia"
"2002019240","06","67","67301","67301","2001","08","6","1311","13","1","1","0","4","1","","","N","01","3","06","3","0","0","2","2","N","N","40 03:38.037","75 03:26.349","1328","","1323","","0","","N","","3 ","","","","","","","","","","2","2","0","0","0","0","0","0","0","0","0","0","0","0","1","0","0","0","0","0","0","0","1","0","0","0","0","0","0","0","0","0","0","0","0","9","0","40.0606","-75.0573","","CRASH_2001_Philadelphia"
"2002022840","06","67","67301","67301","2001","08","4","1737","17","1","1","0","1","1","","","N","01","0","99","3","0","1","2","2","N","N","40 03:23.408","75 02:47.198","1745","","1735","","0","","N","","0 ","","","","","","","","","","2","2","0","0","0","0","0","0","0","0","0","1","1","0","0","0","0","0","0","0","0","0","0","1","0","0","0","0","0","0","0","0","0","0","0","4","0","40.0565","-75.0464","","CRASH_2001_Philadelphia"
"2001238940","06","67","67301","67301","2001","04","2","0015","00","3","2","9","9","1","","","N","00","0","00","3","0","0","1","3","N","N","","","9999","","9999","","0","","N","","0 ","","","","","","","","","","3","1","0","0","0","0","0","0","0","0","0","0","0","0","0","0","0","0","0","0","0","0","0","0","0","0","0","0","0","0","0","0","0","0","0","0","0","","","","CRASH_2001_Philadelphia"
"2002005841","06","67","67301","67301","2001","05","5","0904","09","1","1","0","4","1","","","N","00","2","00","3","0","1","2","2","N","N","","","0916","","0915","","0","","N","","3 ","","","","","","","","","","1","1","0","0","0","0","0","0","1","0","0","1","1","0","1","0","0","0","0","0","0","0","0","0","0","0","0","0","0","0","0","0","0","0","0","4","0","","","","CRASH_2001_Philadelphia"
"2002012106","06","67","67301","67301","2001","07","5","2009","20","3","1","0","4","1","","","N","02","3","00","3","0","1","2","2","N","N","39 59:43.449","75 04:38.394","2104","","2102","","0","","N","","3 ","","","","","","","","","","2","2","0","0","0","0","0","0","0","0","0","1","1","0","0","0","0","0","0","0","0","0","0","0","0","0","0","0","0","0","0","0","0","0","0","4","0","39.9953","-75.0774","","CRASH_2001_Philadelphia"
"2002017851","06","67","67301","67301","2001","07","1","2002","20","3","2","1","1","1","","","N","01","2","00","3","0","2","5","2","N","N","40 01:56.252","75 10:09.208","2004","","2002","","0","","N","","3 ","","","","","","","","","","2","2","0","0","0","0","0","0","0","0","0","2","2","0","0","0","0","0","0","0","0","0","0","0","0","0","0","0","0","0","0","0","0","0","0","4","0","40.0323","-75.1692","","CRASH_2001_Philadelphia"
"2002020199","06","67","67301","67301","2001","06","7","0340","03","3","2","1","7","4","","","N","00","0","00","3","0","1","1","1","N","N","40 01:33.323","75 01:40.466","0346","","0344","2","1","1","N","","0 ","N","","","","","","","","","1","1","0","0","0","0","0","0","0","0","1","0","1","0","0","0","0","0","0","0","0","0","0","0","0","0","0","0","0","0","0","0","0","0","0","3","0","40.0265","-75.0269","","CRASH_2001_Philadelphia"
"2002023603","06","67","67301","67301","2001","08","3","1400","14","1","1","0","8","1","","","N","02","3","00","3","0","2","2","3","N","N","40 03:41.184","75 10:38.989","1415","","1400","","0","","N","","3 ","","","","","","","","","","2","2","0","0","0","0","0","0","0","0","0","2","2","0","0","0","0","0","0","0","0","0","0","0","0","0","0","0","0","0","0","0","1","0","0","4","0","40.0614","-75.1775","","CRASH_2001_Philadelphia"
"2002037380","06","67","67301","67301","2001","11","7","1004","10","1","1","1","6","1","","","N","02","2","00","3","0","0","3","3","N","N","39 57:39.518","75 14:42.269","1006","","1004","","0","","N","","3 ","","","","","","","","","","3","3","0","0","0","0","0","0","0","0","0","0","0","0","0","0","0","0","0","0","1","0","0","0","0","0","0","0","0","0","0","0","0","0","0","0","0","39.9609","-75.245","","CRASH_2001_Philadelphia"
"2002030772","06","67","67301","67301","2001","09","7","1530","15","1","1","0","4","1","","","N","01","2","00","3","0","0","2","3","N","N","39 58:12.569","75 08:42.214","1600","","1553","1","1","1","N","","3 ","N","","","","","","","","","3","2","0","0","0","0","0","0","0","0","0","0","0","0","0","0","0","0","0","0","1","0","0","0","0","0","0","0","0","0","0","0","0","0","0","0","0","39.9702","-75.1451","","CRASH_2001_Philadelphia"
"2002026514","06","67","67301","67301","2001","07","2","2153","21","3","1","0","8","1","","","N","00","0","00","3","0","1","2","2","N","N","","","9999","","9999","","0","","N","","0 ","","","","","","","","","","1","1","0","0","0","0","0","0","0","0","1","0","1","0","0","0","0","0","0","0","0","0","0","0","0","0","0","0","0","0","0","0","1","0","0","3","0","","","","CRASH_2001_Philadelphia"
"2002032594","06","67","67301","67301","2001","10","6","0627","06","3","1","0","4","1","","","N","01","2","00","3","0","3","3","2","N","N","39 59:27.226","75 07:51.590","0508","","0500","","0","","Y","","3 ","","","","","","","","","","2","2","0","0","0","0","0","0","0","0","1","2","3","0","0","0","0","0","1","0","0","0","0","0","0","0","0","0","0","0","0","0","0","0","0","3","0","39.9908","-75.1309","","CRASH_2001_Philadelphia"
"2002038327","06","67","67301","67301","2001","11","1","1317","13","1","1","0","1","1","1","3","Y","00","0","00","3","0","0","3","2","N","N","39 58:23.939","75 07:13.576","1325","40","1322","1","1","1","N","","0 ","N","Y","","","U","Y","","","","2","2","0","0","0","0","0","0","0","0","0","0","0","0","0","0","0","0","0","0","0","0","0","0","0","0","0","0","0","0","0","0","0","0","0","0","0","39.9727","-75.1214","","CRASH_2001_Philadelphia"
"2001287522","06","67","67301","","2001","02","2","1500","15","1","1","0","5","1","","","N","02","0","00","3","0","2","2","2","N","N","40 01:35.797","75 02:15.101","9999","","9999","","0","","N","","0 ","","","","","","","","","","2","1","0","0","0","0","0","0","0","0","0","1","1","0","1","0","0","0","0","0","0","0","0","0","0","0","0","0","0","0","0","0","0","0","0","4","0","40.0266","-75.0375","","CRASH_2001_Philadelphia"
"2002020433","06","67","67301","67301","2001","07","2","0530","05","1","1","0","8","1","","","N","00","0","00","3","0","1","2","2","N","N","40 02:01.735","75 08:45.030","0545","","0535","","0","","N","","0 ","","","","","","","","","","1","0","0","1","0","0","0","0","0","0","0","1","1","0","0","0","0","0","0","0","0","0","0","0","0","0","0","0","0","0","0","0","1","0","0","4","1","40.0335","-75.1458","","CRASH_2001_Philadelphia"
"2002027035","06","67","67301","67301","2001","06","6","0800","08","3","1","0","5","1","","","N","00","0","00","3","0","1","3","3","N","N","39 59:44.627","75 11:51.048","0805","","0800","1","1","3","N","","0 ","N","","","","","","","","","3","1","0","0","0","2","0","0","0","0","0","1","1","0","0","0","0","0","0","0","1","0","0","0","0","0","0","0","0","0","0","0","0","0","0","4","2","39.9966","-75.1968","","CRASH_2001_Philadelphia"
"2002029596","06","67","67301","67301","2001","09","5","1139","11","1","2","1","8","1","","","N","00","0","00","3","0","1","2","2","N","N","39 57:16.960","75 09:47.119","1150","","1140","","0","","N","","0 ","","","","","","","","","","1","1","0","0","0","0","0","0","0","0","1","0","1","0","0","0","0","0","0","0","1","0","0","0","0","0","0","0","0","0","0","0","1","0","0","3","0","39.9546","-75.1631","","CRASH_2001_Philadelphia"
"2002031079","06","67","67301","67301","2001","10","3","0755","07","1","1","0","4","1","","","N","00","0","00","3","0","2","2","2","N","N","40 06:01.192","75 01:47.189","0807","","0757","","0","","N","","0 ","","","","","","","","","","2","2","0","0","0","0","0","0","0","0","0","2","2","0","0","0","0","0","0","0","0","0","1","0","0","0","0","0","0","0","0","0","0","0","0","4","0","40.1004","-75.0299","","CRASH_2001_Philadelphia"
"2002041977","06","67","67301","67301","2001","12","6","2033","20","3","1","1","1","1","","","N","01","2","00","3","0","0","4","2","N","N","40 00:33.534","75 09:05.023","2040","","2033","","0","","N","","3 ","","","","","","","","","","2","2","0","0","0","0","0","0","0","0","0","0","0","0","1","0","0","0","0","0","0","0","0","0","0","0","0","0","0","0","0","0","0","0","0","9","0","40.0092","-75.1511","","CRASH_2001_Philadelphia"
"2002031218","06","67","67301","67301","2001","09","3","1220","12","1","2","1","0","1","","","N","00","0","00","3","0","1","3","3","N","N","39 55:56.239","75 11:59.344","1225","","1220","1","2","4","N","","0 ","Y","","","","","","","","","3","1","0","0","1","1","0","0","0","0","0","1","1","0","0","0","0","0","0","0","0","0","0","0","0","0","0","0","0","0","0","0","0","0","0","4","1","39.9321","-75.1999","","CRASH_2001_Philadelphia"
"2002037119","06","67","67301","67301","2001","11","3","1244","12","1","1","0","4","1","","","N","00","2","00","3","0","1","2","2","N","N","40 00:35.980","75 10:01.156","1251","","1246","","0","","N","","3 ","","","","","","","","","","1","1","0","0","0","0","0","0","0","0","0","1","1","0","0","0","0","0","0","0","1","0","0","0","0","0","0","0","0","0","0","0","1","0","0","4","0","40.0099","-75.1667","","CRASH_2001_Philadelphia"
"2001269032","06","67","67301","67301","2001","04","4","1143","11","1","2","1","8","1","","","N","02","3","00","3","0","1","5","2","N","N","39 59:28.320","75 06:51.120","9999","","9999","","0","","N","","3 ","","","","","","","","","","1","1","0","0","0","0","0","0","0","0","0","1","1","0","0","0","0","0","0","0","0","0","0","3","0","0","0","0","0","0","0","0","1","0","0","4","0","39.9912","-75.1142","","CRASH_2001_Philadelphia"
"2001288051","06","67","67301","","2001","03","2","1345","13","1","1","0","4","1","","","N","01","2","00","3","0","2","3","2","N","N","","","9999","","9999","","0","","N","","3 ","","","","","","","","","","2","2","0","0","0","0","0","0","0","0","2","0","2","0","0","0","0","0","0","0","0","0","0","1","0","0","0","0","0","0","0","0","0","0","0","3","0","","","","CRASH_2001_Philadelphia"
"2002001089","06","67","67301","67301","2001","06","3","0146","01","3","1","1","7","4","","","N","01","3","00","3","0","1","2","1","N","N","","","0146","","0146","","0","","N","","3 ","","","","","","","","","","1","1","0","0","0","0","0","0","0","0","0","1","1","0","0","0","0","0","0","0","0","0","0","0","0","0","0","0","0","0","0","0","0","0","0","4","0","","","","CRASH_2001_Philadelphia"
"2002038612","06","67","67301","67301","2001","11","7","1706","17","3","1","0","1","1","","","N","00","0","00","3","0","4","5","2","N","N","40 04:38.640","74 57:53.280","1721","","1710","1","2","3","N","","0 ","Y","","","","","","","","","2","2","0","0","0","0","0","0","0","0","0","4","4","0","0","0","0","0","0","0","0","0","0","0","0","0","0","0","0","0","0","0","0","0","0","4","0","40.0774","-74.9649","","CRASH_2001_Philadelphia"
"2002017246","06","67","67301","67301","2001","07","5","1810","18","1","1","0","8","1","","","N","00","0","00","3","0","1","2","2","N","N","40 01:13.000","75 07:39.000","1817","","1813","","0","","N","","0 ","","","","","","","","","","1","1","0","0","0","0","0","0","0","0","0","1","1","0","0","0","0","0","0","0","1","0","0","0","0","0","0","0","0","0","0","0","1","0","0","4","0","40.0203","-75.1275","","CRASH_2001_Philadelphia"
"2002028277","06","67","67301","67301","2001","09","4","0849","08","1","8","0","1","1","","","N","00","2","00","3","0","2","4","3","N","N","39 57:28.601","75 13:59.572","0915","","0851","","0","","N","","2 ","","","","","","","","","","3","3","0","0","0","0","0","0","0","0","1","1","2","0","0","0","0","1","0","0","0","0","0","0","0","0","0","0","0","0","0","0","0","0","0","3","0","39.9595","-75.2335","","CRASH_2001_Philadelphia"
"2002041331","06","67","67301","67301","2001","12","5","1751","17","3","1","0","8","6","","","N","00","0","00","3","0","1","2","2","N","N","40 03:18.073","75 09:27.377","1830","","1821","","9","","N","","0 ","U","","","","","","","","","1","1","0","0","0","0","0","0","0","0","0","1","1","0","0","0","0","0","0","0","1","0","0","0","0","0","0","0","0","0","0","0","1","0","0","4","0","40.055","-75.1576","","CRASH_2001_Philadelphia"
"2002044111","06","67","67301","67301","2001","12","2","2225","22","3","1","0","6","1","","","N","01","0","00","3","0","1","2","2","N","N","40 03:07.642","75 05:11.883","2235","","2230","","0","","N","","0 ","","","","","","","","","","2","2","0","0","0","0","0","0","0","0","1","0","1","0","0","0","0","0","0","0","0","0","0","0","0","0","0","0","0","0","0","0","0","0","0","3","0","40.0521","-75.0866","","CRASH_2001_Philadelphia"
"2002022844","06","67","67301","67301","2001","08","2","1752","17","1","1","0","4","1","","","N","00","0","00","3","0","1","2","2","N","N","40 04:48.434","74 58:38.624","1800","","1852","","0","","N","","0 ","","","","","","","","","","1","1","0","0","0","0","0","0","1","0","1","0","1","0","0","0","0","1","0","0","0","0","0","0","0","0","0","0","0","0","0","0","0","0","0","3","0","40.0802","-74.9775","","CRASH_2001_Philadelphia"
"2002026535","06","67","67301","67301","2001","06","2","1530","15","1","1","0","7","5","","","N","01","2","00","3","0","3","5","5","N","N","39 55:36.179","75 11:16.425","1605","","1600","","0","","N","","3 ","","","","","","","","","","3","2","0","0","0","1","0","0","0","0","0","3","3","0","0","0","0","0","0","0","0","0","0","0","0","0","0","0","0","0","0","0","2","0","0","4","1","39.9267","-75.1879","","CRASH_2001_Philadelphia"
"2001243730","06","67","67301","67301","2001","05","7","0405","04","3","1","0","4","1","","","N","01","2","00","3","0","1","3","2","N","N","39 57:06.480","75 09:35.280","9999","","9999","","0","","N","","3 ","","","","","","","","","","2","1","0","1","0","0","0","0","0","0","0","1","1","0","0","0","0","0","0","1","0","0","0","0","0","0","0","0","0","0","0","0","0","0","0","4","1","39.9519","-75.1599","","CRASH_2001_Philadelphia"
"2002014581","06","67","67301","67301","2001","07","2","1340","13","1","1","0","1","1","","","N","02","0","00","3","0","2","2","2","N","N","40 06:56.782","75 01:14.137","1545","","1540","","0","","N","","0 ","","","","","","","","","","2","2","0","0","0","0","0","0","0","0","0","2","2","0","0","0","0","0","0","0","0","0","0","0","0","0","0","0","0","0","0","0","0","0","0","4","0","40.116","-75.0205","","CRASH_2001_Philadelphia"
"2002016876","06","67","67301","67301","2001","07","6","1020","10","1","1","0","4","2","","","N","01","2","00","3","0","0","2","2","N","N","39 58:38.230","75 10:09.859","1033","","1028","","0","","N","","3 ","","","","","","","","","","2","1","0","0","1","0","0","0","0","0","0","0","0","0","0","0","0","0","0","0","1","0","0","1","0","0","0","0","0","0","0","0","0","0","0","0","0","39.9773","-75.1694","","CRASH_2001_Philadelphia"
"2002004038","06","67","67301","67301","2001","12","7","2222","22","2","2","1","4","1","","","N","01","2","00","3","0","1","5","2","N","N","40 04:48.990","74 58:37.318","2228","","2222","","0","","N","","3 ","","","","","","","","","","2","2","0","0","0","0","0","0","0","0","1","0","1","0","0","1","0","0","0","0","0","0","0","0","0","0","0","0","0","0","0","0","0","0","0","3","0","40.0805","-74.9771","","CRASH_2001_Philadelphia"
"2002005851","06","67","67301","67301","2001","11","4","0412","04","3","2","1","7","3","","","N","01","2","00","3","0","2","2","2","N","N","39 53:51.000","75 15:08.939","0415","","0412","","0","","N","","3 ","","","","","","","","","","1","1","0","0","0","0","0","0","0","0","0","2","2","0","0","0","1","0","0","0","0","0","0","1","0","0","0","0","0","0","0","0","0","0","0","4","0","39.8974","-75.2522","","CRASH_2001_Philadelphia"
"2002012172","06","67","67301","67301","2001","07","3","0410","04","3","1","0","7","5","","","N","00","0","00","3","0","2","2","1","N","N","40 01:38.906","75 12:34.901","0412","","0415","","0","","N","","0 ","","","","","","","","","","1","1","0","0","0","0","0","0","0","0","0","2","2","0","0","0","0","0","0","0","0","0","0","0","0","0","0","0","0","0","0","0","0","0","0","4","0","40.0274","-75.2097","","CRASH_2001_Philadelphia"
"2002028680","06","67","67301","67301","2001","09","3","1634","16","1","1","0","4","1","","","N","01","2","00","3","0","1","2","2","N","N","40 01:51.268","75 08:47.390","1638","","1635","","0","","N","","3 ","","","","","","","","","","1","1","0","0","0","0","0","0","1","0","0","1","1","0","0","0","0","0","0","0","1","0","0","0","0","0","0","0","0","0","0","0","0","0","0","4","0","40.0306","-75.1465","","CRASH_2001_Philadelphia"
"2002031533","06","67","67301","67301","2001","10","2","1723","17","1","1","0","8","2","","","N","01","2","00","3","0","2","3","3","N","N","40 00:00.177","75 09:12.009","1725","","1723","","0","","N","","3 ","","","","","","","","","","1","1","0","0","0","0","0","0","0","0","0","2","2","0","0","0","0","0","0","0","0","0","0","0","0","0","0","0","0","0","0","0","2","0","0","4","0","40","-75.1531","","CRASH_2001_Philadelphia"
"2002041343","06","67","67301","67301","2001","12","1","0040","00","3","1","0","1","1","","","N","00","0","02","3","0","1","3","2","N","N","","","0055","","0045","","0","","N","","0 ","","","","","","","","","","2","2","0","0","0","0","0","0","0","0","0","1","1","0","0","0","0","0","0","0","0","0","0","0","0","0","0","0","0","0","0","0","0","0","0","4","0","","","","CRASH_2001_Philadelphia"
"2002043746","06","67","67301","67301","2001","11","1","0220","02","8","1","0","7","2","","","N","03","0","02","3","0","0","1","1","N","N","39 56:59.366","75 08:29.855","0225","","0220","","0","","N","","0 ","","","","","","","","","","1","1","0","0","0","0","0","0","0","0","0","0","0","0","0","0","0","0","0","0","0","0","0","0","0","0","0","0","0","0","0","0","0","0","0","0","0","39.9517","-75.1415","","CRASH_2001_Philadelphia"
"2002044114","06","67","67301","67301","2001","11","6","1015","10","1","1","0","5","1","","","N","00","0","00","3","0","2","3","3","N","N","39 54:49.948","75 08:54.690","1025","","1020","","0","","N","","0 ","","","","","","","","","","3","1","0","0","2","0","0","0","0","0","0","2","2","0","0","0","0","0","0","0","1","0","0","1","0","0","0","0","0","0","0","0","0","0","0","4","0","39.9141","-75.1495","","CRASH_2001_Philadelphia"
"2002049671","06","67","67301","67301","2001","12","7","1205","12","1","1","0","5","1","","","N","00","0","00","3","0","0","2","2","N","N","39 56:18.000","75 10:19.000","1207","","1207","","0","","N","","0 ","","","","","","","","","","2","2","0","0","0","0","0","0","0","0","0","0","0","0","0","0","0","0","0","0","0","0","0","0","0","0","0","0","0","0","0","0","0","0","0","0","0","39.9383","-75.1719","","CRASH_2001_Philadelphia"
"2001401004","06","67","67301","67301","2001","10","2","0905","09","1","1","0","4","1","","","N","01","2","00","3","1","2","3","2","N","N","40 02:01.680","75 04:27.840","9999","","9999","","0","","N","9","3 ","","","","","","","","","","2","1","0","0","1","0","0","0","0","2","0","0","2","0","0","0","0","0","0","0","0","0","0","2","1","1","0","1","0","0","0","0","0","0","0","1","0","40.0343","-75.0746","2 ","CRASH_2001_Philadelphia"
"2002037696","06","67","67301","67301","2001","11","5","1500","15","1","6","1","7","4","","","N","01","0","00","3","0","0","1","1","N","N","40 05:15.124","74 58:16.775","1520","","1508","1","2","4","N","","0 ","Y","","","","","","","","","1","0","0","0","1","0","0","0","0","0","0","0","0","0","0","0","0","0","0","0","0","0","0","0","0","0","0","0","0","0","0","0","0","0","0","0","0","40.0875","-74.9713","","CRASH_2001_Philadelphia"
"2001400999","06","67","67301","67301","2001","10","6","0648","06","5","1","0","4","1","","","N","01","3","00","3","1","0","2","2","N","N","","","9999","","9999","","0","","N","9","3 ","","","","","","","","","","1","0","0","1","0","0","0","0","1","0","0","0","0","0","0","0","0","0","0","0","0","1","0","0","0","0","0","0","0","0","1","0","0","0","0","1","1","","","9 ","CRASH_2001_Philadelphia"
"2002017874","06","67","67301","67301","2001","08","1","1725","17","1","1","0","1","1","","","N","01","2","00","3","0","1","18","2","N","N","39 57:20.206","75 12:52.512","1735","","1730","2","2","4","N","","3 ","Y","","","","","","","","","2","1","0","1","0","0","0","0","0","0","0","1","1","0","0","0","0","0","1","0","0","0","0","1","0","0","0","0","0","0","0","0","0","0","0","4","1","39.9556","-75.2146","","CRASH_2001_Philadelphia"
"2002026314","06","67","67301","67301","2001","09","5","2227","22","3","1","0","1","1","","","N","01","2","00","3","0","3","3","2","N","N","39 57:27.006","75 09:44.240","2229","","2228","","0","","N","","3 ","","","","","","","","","","2","2","0","0","0","0","0","0","0","0","0","3","3","0","0","0","0","0","0","0","1","0","0","0","0","0","0","0","0","0","0","0","0","0","0","4","0","39.9577","-75.1624","","CRASH_2001_Philadelphia"
"2002036074","06","67","67301","67301","2001","11","2","1615","16","1","1","0","1","1","","","N","00","0","03","3","0","1","3","2","N","N","","","1617","","1615","1","1","1","N","","0 ","N","","","","","","","","","2","1","0","0","0","1","0","0","0","0","0","1","1","0","0","0","0","0","0","0","1","0","0","2","0","0","0","0","0","0","0","0","0","0","0","4","1","","","","CRASH_2001_Philadelphia"
"2002046309","06","67","67301","67301","2001","09","4","1110","11","1","1","0","8","1","","","N","01","2","00","3","0","1","2","2","N","N","","","1302","","1302","","0","","N","","3 ","","","","","","","","","","1","0","0","0","0","1","0","0","0","0","0","1","1","0","0","0","0","0","0","0","1","0","0","0","0","0","0","0","0","0","0","0","1","0","0","4","1","","","","CRASH_2001_Philadelphia"
"2002048359","06","67","67301","67301","2001","10","2","1724","17","1","1","0","6","1","","","N","01","0","00","3","0","1","2","2","N","N","40 01:03.402","75 03:54.815","1730","","1724","","0","","Y","","0 ","","","","","","","","","","2","2","0","0","0","0","0","0","0","0","0","1","1","0","0","0","0","0","0","0","0","1","0","0","0","0","0","0","0","0","0","0","0","0","0","4","0","40.0177","-75.0649","","CRASH_2001_Philadelphia"
"2001248531","06","67","67301","67301","2001","05","1","1854","18","1","1","0","8","1","","","N","01","0","00","3","0","1","2","2","N","N","39 59:23.370","75 07:16.049","9999","","9999","","0","","N","","0 ","","","","","","","","","","1","1","0","0","0","0","0","0","0","1","0","0","1","0","0","0","1","0","0","0","0","0","0","1","0","0","0","0","0","0","0","0","1","0","1","2","0","39.9898","-75.1211","","CRASH_2001_Philadelphia"
"2002028817","06","67","67301","67301","2001","09","6","1325","13","1","1","0","5","1","","","N","04","4","00","3","0","4","4","2","N","N","40 01:04.949","75 05:49.270","1325","","1317","","0","","N","","3 ","","","","","","","","","","2","2","0","0","0","0","0","0","0","0","0","4","4","0","0","0","0","0","0","0","1","0","0","0","0","0","0","0","0","0","0","0","0","0","0","4","0","40.0183","-75.0969","","CRASH_2001_Philadelphia"
"2002016686","06","67","67301","67301","2001","07","3","0525","05","5","1","0","4","1","","","N","02","0","00","3","0","1","2","2","N","N","39 59:45.540","75 04:34.228","0532","","0527","","0","","N","","0 ","","","","","","","","","","1","1","0","0","0","0","0","0","1","0","0","1","1","0","0","0","0","0","0","0","0","0","0","0","0","0","0","0","0","0","0","0","0","0","0","4","0","39.9959","-75.0762","","CRASH_2001_Philadelphia"