"CRN","DISTRICT","COUNTY","MUNICIPALITY","POLICE_AGCY","CRASH_YEAR","CRASH_MONTH","DAY_OF_WEEK","TIME_OF_DAY","HOUR_OF_DAY","ILLUMINATION","WEATHER","ROAD_CONDITION","COLLISION_TYPE","RELATION_TO_ROAD","WORK_ZONE_TYPE","WORK_ZONE_LOC","WORK_ZONE_IND","INTERSECT_TYPE","TCD_TYPE","LOCATION_TYPE","URBAN_RURAL","FATAL_COUNT","INJURY_COUNT","PERSON_COUNT","TOTAL_UNITS","SCH_BUS_IND","SCH_ZONE_IND","LATITUDE","LONGITUDE","ARRIVAL_TM","CONS_ZONE_SPD_LIM","DISPATCH_TM","EST_HRS_CLOSED","LANE_CLOSED","LN_CLOSE_DIR","NTFY_HIWY_MAINT","SPEC_JURIS_CD","TCD_FUNC_CD","TFC_DETOUR_IND","WORKERS_PRES","WZ_CLOSE_DETOUR","WZ_FLAGGER","WZ_LAW_OFFCR_IND","WZ_LN_CLOSURE","WZ_MOVING","WZ_OTHER","WZ_SHLDER_MDN","VEHICLE_COUNT","AUTOMOBILE_COUNT","MOTORCYCLE_COUNT","BUS_COUNT","SMALL_TRUCK_COUNT","HEAVY_TRUCK_COUNT","SUV_COUNT","VAN_COUNT","BICYCLE_COUNT","MAJ_INJ_COUNT","MOD_INJ_COUNT","MIN_INJ_COUNT","TOT_INJ_COUNT","UNK_INJ_DEG_COUNT","UNK_INJ_PER_COUNT","DRIVER_COUNT_16YR","DRIVER_COUNT_17YR","DRIVER_COUNT_18YR","DRIVER_COUNT_19YR","DRIVER_COUNT_20YR","DRIVER_COUNT_50_64YR","DRIVER_COUNT_65_74YR","DRIVER_COUNT_75PLUS","UNBELTED_OCC_COUNT","UNB_DEATH_COUNT","UNB_MAJ_INJ_COUNT","BELTED_DEATH_COUNT","BELTED_MAJ_INJ_COUNT","MCYCLE_DEATH_COUNT","MCYCLE_MAJ_INJ_COUNT","BICYCLE_DEATH_COUNT","BICYCLE_MAJ_INJ_COUNT","PED_COUNT","PED_DEATH_COUNT","PED_MAJ_INJ_COUNT","MAX_SEVERITY_LEVEL","COMM_VEH_COUNT","DEC_LAT","DEC_LONG","RDWY_SURF_TYPE_CD","COUNTY_YEAR"
"2002039374","06","67","67301","67301","2001","11","6","1245","12","1","1","0","8","9","","","N","02","3","00","3","0","1","2","2","N","N","39 58:25.657","75 12:25.095","1255","","1250","","0","","N","","3 ","","","","","","","","","","1","1","0","0","0","0","0","0","0","0","0","1","1","0","0","0","0","0","0","0","0","0","0","1","0","0","0","0","0","0","0","0","1","0","0","4","0","39.9738","-75.2068","","CRASH_2001_Philadelphia"
"2002039585","06","67","67301","67301","2001","12","3","1652","16","1","1","0","4","6","","","N","00","0","00","3","0","0","1","3","N","N","40 00:26.464","75 07:23.960","1725","","1719","","0","","N","","0 ","","","","","","","","","","3","3","0","0","0","0","0","0","0","0","0","0","0","0","0","0","0","0","0","0","0","0","0","1","0","0","0","0","0","0","0","0","0","0","0","0","0","40.0073","-75.1234","","CRASH_2001_Philadelphia"
"2001248805","06","67","67301","67301","2001","05","7","2340","23","3","1","0","4","1","","","N","01","3","00","3","0","4","4","2","N","N","","","9999","","9999","","0","","N","","3 ","","","","","","","","","","2","2","0","0","0","0","0","0","0","0","0","4","4","0","0","0","0","0","0","0","0","0","0","0","0","0","0","0","0","0","0","0","0","0","0","4","0","","","","CRASH_2001_Philadelphia"
"2004061644","06","67","67301","67301","2001","09","5","1245","12","1","1","0","4","1","","","N","01","3","00","3","0","1","2","2","N","N","40 05:08.473","75 01:36.199","1250","","1250","","0","","N","","3 ","","","","","","","","","","2","2","0","0","0","0","0","0","0","0","0","1","1","0","0","0","0","1","0","0","0","1","0","0","0","0","0","0","0","0","0","0","0","0","0","4","0","40.0857","-75.0267","","CRASH_2001_Philadelphia"
"2002014910","06","67","67301","67301","2001","07","7","0327","03","3","1","0","1","1","","","N","02","0","00","3","0","0","2","2","N","N","39 59:47.731","75 06:51.213","0327","","0327","","0","","N","","0 ","","","","","","","","","","2","2","0","0","0","0","0","0","0","0","0","0","0","0","0","0","0","0","0","0","0","0","0","0","0","0","0","0","0","0","0","0","0","0","0","0","0","39.9966","-75.1142","","CRASH_2001_Philadelphia"
"2002029755","06","67","67301","67301","2001","09","3","2347","23","3","1","0","1","1","","","N","00","0","00","3","0","2","4","3","N","N","39 57:28.080","75 09:43.920","2350","","1347","","0","","N","","0 ","","","","","","","","","","3","3","0","0","0","0","0","0","0","0","0","2","2","0","0","0","0","0","0","0","0","0","0","2","0","0","0","0","0","0","0","0","0","0","0","4","0","39.9578","-75.1623","","CRASH_2001_Philadelphia"
"2002035800","06","67","67301","67301","2001","10","4","1800","18","3","1","0","1","1","","","N","00","0","00","3","0","0","2","2","N","N","39 57:24.280","75 09:20.636","1820","","1810","","0","","N","","0 ","","","","","","","","","","2","2","0","0","0","0","0","0","0","0","0","0","0","0","0","0","0","0","0","0","0","0","0","0","0","0","0","0","0","0","0","0","0","0","0","0","0","39.957","-75.1556","","CRASH_2001_Philadelphia"
"2002041611","06","67","67301","67301","2001","12","4","1703","17","4","1","0","1","1","","","N","01","2","00","3","0","1","4","2","N","N","40 04:49.275","74 58:37.990","1710","","1705","","0","","N","","3 ","","","","","","","","","","2","2","0","0","0","0","0","0","0","0","0","1","1","0","0","0","0","0","0","0","0","1","0","0","0","0","0","0","0","0","0","0","0","0","0","4","0","40.0804","-74.9772","","CRASH_2001_Philadelphia"
"2002017256","06","67","67301","67301","2001","07","2","1150","11","1","1","0","4","1","","","N","01","2","00","3","0","1","4","2","N","N","39 59:34.297","75 08:46.038","1150","","1150","","0","","N","","3 ","","","","","","","","","","2","2","0","0","0","0","0","0","0","0","0","1","1","0","0","0","0","0","0","0","0","0","0","4","0","0","0","0","0","0","0","0","0","0","0","4","0","39.9929","-75.1461","","CRASH_2001_Philadelphia"
"2002022069","06","67","67301","67301","2001","08","3","2115","21","3","1","0","7","2","","","N","00","0","00","3","0","1","1","1","N","N","40 05:17.520","75 02:03.840","2335","","2305","","0","","N","","0 ","","","","","","","","","","1","0","1","0","0","0","0","0","0","0","0","1","1","0","0","0","0","0","0","0","0","0","0","0","0","0","0","0","0","0","0","0","0","0","0","4","0","40.0884","-75.0344","","CRASH_2001_Philadelphia"
"2002028732","06","67","67301","67301","2001","09","2","1932","19","3","1","0","1","1","","","N","00","0","00","3","0","2","3","2","N","N","","","1933","","1932","","0","","N","","0 ","","","","","","","","","","2","1","0","0","1","0","0","0","0","1","1","0","2","0","0","0","0","0","0","0","0","0","0","0","0","0","0","1","0","0","0","0","0","0","0","2","0","","","","CRASH_2001_Philadelphia"
"2002012812","06","67","67301","67301","2001","07","6","1400","14","1","2","0","8","2","","","N","01","0","00","3","0","1","2","2","N","N","","","1400","","1350","","0","","N","","0 ","","","","","","","","","","1","1","0","0","0","0","0","0","0","0","0","1","1","0","0","0","0","0","0","0","0","0","0","0","0","0","0","0","0","0","0","0","1","0","0","4","0","","","","CRASH_2001_Philadelphia"
"2002012689","06","67","67301","67301","2001","06","6","2350","23","3","1","0","4","1","","","N","01","2","00","3","0","1","3","2","N","N","40 01:28.790","75 07:50.241","0005","","0000","","0","","N","","3 ","","","","","","","","","","2","2","0","0","0","0","0","0","0","0","0","1","1","0","0","0","0","0","0","0","0","0","0","0","0","0","0","0","0","0","0","0","0","0","0","4","0","40.0246","-75.1306","","CRASH_2001_Philadelphia"
"2002017890","06","67","67301","67301","2001","05","3","1520","15","1","1","0","8","1","","","N","02","2","00","3","0","1","2","2","N","N","40 06:17.640","75 00:03.600","1535","","1530","","0","","N","","3 ","","","","","","","","","","1","1","0","0","0","0","0","0","0","0","0","1","1","0","0","0","0","0","0","0","0","0","0","0","0","0","0","0","0","0","0","0","1","0","0","4","0","40.105","-75.0013","","CRASH_2001_Philadelphia"
"2002040175","06","67","67301","67301","2001","12","3","1030","10","1","2","1","5","1","","","N","00","0","00","3","0","0","2","3","N","N","40 03:52.909","75 00:33.918","1035","","1032","","0","","N","","0 ","","","","","","","","","","3","2","0","0","0","1","0","0","0","0","0","0","0","0","0","0","0","0","0","0","1","0","0","0","0","0","0","0","0","0","0","0","0","0","0","0","1","40.0647","-75.0094","","CRASH_2001_Philadelphia"
"2002042099","06","67","67301","67301","2001","12","2","0105","01","3","2","1","1","1","","","N","01","2","00","3","0","0","2","2","N","N","39 59:16.133","75 10:50.183","0120","","0115","","0","","N","","3 ","","","","","","","","","","2","2","0","0","0","0","0","0","0","0","0","0","0","0","1","0","0","0","0","0","0","0","0","0","0","0","0","0","0","0","0","0","0","0","0","9","0","39.9878","-75.1806","","CRASH_2001_Philadelphia"
"2002043684","06","67","67301","67301","2001","11","5","2309","23","2","1","0","1","1","","","N","05","2","00","3","0","0","2","2","N","N","40 01:25.463","75 12:27.940","2321","","2312","","0","","N","","3 ","","","","","","","","","","2","2","0","0","0","0","0","0","0","0","0","0","0","0","1","0","0","0","0","0","0","0","0","0","0","0","0","0","0","0","0","0","0","0","0","9","0","40.0237","-75.2077","","CRASH_2001_Philadelphia"
"2002046712","06","67","67301","67301","2001","12","5","0940","09","1","1","0","7","5","","","N","00","0","00","3","0","2","2","1","N","N","","","9999","","0940","","0","","N","","0 ","","","","","","","","","","1","0","0","0","1","0","0","0","0","0","2","0","2","0","0","0","0","0","0","0","1","0","0","0","0","0","0","0","0","0","0","0","0","0","0","3","0","","","","CRASH_2001_Philadelphia"
"2002024207","06","67","67301","67301","2001","07","6","1447","14","1","1","0","6","1","","","N","01","2","00","3","0","1","3","2","N","N","40 02:48.568","75 08:15.205","1541","","1538","","9","","N","","3 ","U","","","","","","","","","2","2","0","0","0","0","0","0","0","0","0","1","1","0","2","0","0","0","0","0","0","0","0","0","0","0","0","0","0","0","0","0","0","0","0","4","0","40.0468","-75.1375","","CRASH_2001_Philadelphia"
"2002031550","06","67","67301","67301","2001","07","6","1643","16","1","1","0","1","1","","","N","00","0","00","3","0","2","3","3","N","N","39 54:00.542","75 09:31.017","1701","","1651","","0","","N","","0 ","","","","","","","","","","3","3","0","0","0","0","0","0","0","0","0","2","2","0","0","0","0","0","0","0","2","0","0","0","0","0","0","0","0","0","0","0","0","0","0","4","0","39.9009","-75.1532","","CRASH_2001_Philadelphia"
"2002033538","06","67","67301","67301","2001","10","3","1700","17","1","1","0","2","9","","","N","01","2","00","3","0","2","2","2","N","N","40 02:56.657","75 10:29.749","1715","","1708","","0","","N","","3 ","","","","","","","","","","2","2","0","0","0","0","0","0","0","0","0","2","2","0","0","0","0","0","0","1","0","0","0","0","0","0","0","0","0","0","0","0","0","0","0","4","0","40.049","-75.1749","","CRASH_2001_Philadelphia"
"2002034800","06","67","67301","67301","2001","11","7","1800","18","3","1","0","1","7","","","N","03","0","00","3","0","0","5","2","N","N","40 06:32.023","74 59:51.883","1800","","1756","","0","","N","","0 ","","","","","","","","","","2","2","0","0","0","0","0","0","0","0","0","0","0","0","0","0","0","0","0","1","0","0","0","0","0","0","0","0","0","0","0","0","0","0","0","0","0","40.1082","-74.9971","","CRASH_2001_Philadelphia"
"2002040797","06","67","67301","67501","2001","12","4","2038","20","3","1","0","0","1","","","N","00","0","03","3","0","0","1","1","N","N","39 57:27.720","75 08:53.160","2038","","2038","","0","","N","","0 ","","","","","","","","","","1","0","0","0","1","0","0","0","0","0","0","0","0","0","0","0","0","0","0","0","0","0","0","0","0","0","0","0","0","0","0","0","0","0","0","0","0","39.9577","-75.1482","","CRASH_2001_Philadelphia"
"2003010276","06","67","67301","67301","2001","03","6","0249","02","3","1","0","6","1","","","N","01","2","00","3","0","0","2","2","N","N","39 57:14.000","75 09:33.987","0301","","0300","","0","","N","","3 ","","","","","","","","","","2","1","0","0","1","0","0","0","0","0","0","0","0","0","0","0","0","0","0","0","0","0","0","0","0","0","0","0","0","0","0","0","0","0","0","0","0","39.9539","-75.1595","","CRASH_2001_Philadelphia"
"2001288171","06","67","67301","","2001","05","7","0930","09","1","1","0","1","1","","","N","00","0","00","3","0","1","2","2","N","N","","","9999","","9999","","0","","N","","0 ","","","","","","","","","","2","2","0","0","0","0","0","0","0","0","0","0","0","0","1","0","0","0","0","0","1","0","0","0","0","0","0","0","0","0","0","0","0","0","0","9","0","","","","CRASH_2001_Philadelphia"
"2002004210","06","67","67301","67301","2001","06","5","0837","08","1","2","1","1","1","","","N","00","2","00","3","0","1","3","2","N","N","39 59:50.499","75 05:22.431","0840","","0840","","0","","N","","3 ","","","","","","","","","","2","2","0","0","0","0","0","0","0","0","0","1","1","0","0","0","0","0","0","0","0","0","0","0","0","0","0","0","0","0","0","0","0","0","0","4","0","39.9973","-75.0896","","CRASH_2001_Philadelphia"
"2002043696","06","67","67301","67301","2001","11","5","2115","21","3","1","0","7","6","","","N","00","0","00","3","0","1","1","2","N","N","40 06:19.149","75 01:56.614","2119","","2116","","0","","N","","0 ","","","","","","","","","","2","2","0","0","0","0","0","0","0","0","1","0","1","0","0","0","0","0","0","0","1","0","0","0","0","0","0","0","0","0","0","0","0","0","0","3","0","40.1053","-75.0326","","CRASH_2001_Philadelphia"
"2002028656","06","67","67301","67301","2001","09","1","2354","23","3","1","0","7","2","","","N","02","0","00","3","0","1","1","1","N","N","40 00:20.088","75 06:21.490","0005","","0001","","0","","N","","0 ","","","","","","","","","","1","1","0","0","0","0","0","0","0","1","0","0","1","0","0","0","0","0","0","0","0","0","0","0","0","0","0","0","0","0","0","0","0","0","0","2","0","40.0055","-75.106","","CRASH_2001_Philadelphia"
"2002038316","06","67","67301","67301","2001","11","7","1345","13","1","1","0","4","1","","","N","01","3","00","3","0","1","2","2","N","N","39 59:53.265","75 14:00.082","1410","","1345","","0","","N","","3 ","","","","","","","","","","2","2","0","0","0","0","0","0","0","0","0","1","1","0","0","0","0","0","0","0","1","0","0","0","0","0","0","0","0","0","0","0","0","0","0","4","0","39.998","-75.2332","","CRASH_2001_Philadelphia"
"2002001092","06","67","67301","67301","2001","05","5","1610","16","1","1","0","4","1","","","N","02","2","00","3","0","1","3","2","N","N","40 03:01.771","75 05:49.941","1616","","1614","","0","","N","","3 ","","","","","","","","","","2","2","0","0","0","0","0","0","0","0","0","1","1","0","0","0","0","0","0","0","0","1","0","0","0","0","0","0","0","0","0","0","0","0","0","4","0","40.0505","-75.0972","","CRASH_2001_Philadelphia"
"2001265942","06","67","67301","67301","2001","03","6","1729","17","1","2","1","4","1","","","N","00","0","00","3","0","2","3","2","N","N","","","9999","","9999","","0","","N","","0 ","","","","","","","","","","2","1","0","0","0","0","0","1","0","0","1","1","2","0","0","0","0","0","0","0","0","0","0","0","0","0","0","0","0","0","0","0","0","0","0","3","0","","","","CRASH_2001_Philadelphia"
"2002026358","06","67","67301","67301","2001","08","4","1720","17","1","1","0","4","1","","","N","01","2","00","3","0","2","3","2","N","N","40 00:43.158","75 10:34.447","1725","","1725","","0","","N","","3 ","","","","","","","","","","2","2","0","0","0","0","0","0","0","0","0","2","2","0","0","0","0","0","0","0","1","0","0","0","0","0","0","0","0","0","0","0","0","0","0","4","0","40.012","-75.176","","CRASH_2001_Philadelphia"
"2002026499","06","67","67301","67301","2001","07","4","1303","13","1","1","0","1","1","","","N","01","2","00","3","0","1","2","2","N","N","40 01:28.920","75 07:50.160","1349","","1339","","0","","N","","3 ","","","","","","","","","","2","2","0","0","0","0","0","0","0","0","0","1","1","0","0","0","0","0","0","0","0","0","1","0","0","0","0","0","0","0","0","0","0","0","0","4","0","40.0247","-75.1304","","CRASH_2001_Philadelphia"
"2002026875","06","67","67301","67301","2001","09","3","1403","14","1","1","0","5","1","","","N","00","2","00","3","0","1","3","2","N","N","40 07:12.157","75 01:02.267","1410","","1405","","0","","N","","9 ","","","","","","","","","","2","1","0","1","0","0","0","0","0","0","1","0","1","0","0","0","0","0","0","0","0","0","0","0","0","0","0","0","0","0","0","0","0","0","0","3","1","40.1202","-75.0173","","CRASH_2001_Philadelphia"
"2002031136","06","67","67301","67301","2001","09","5","0825","08","3","1","0","1","1","1","1","Y","00","0","00","3","0","1","3","2","N","N","39 52:36.640","75 15:18.582","0845","99","0825","","0","","N","","0 ","","U","","","U","","","","","2","2","0","0","0","0","0","0","0","0","0","1","1","0","0","0","0","0","0","0","0","0","0","0","0","0","0","0","0","0","0","0","0","0","0","4","0","39.8768","-75.2556","","CRASH_2001_Philadelphia"
"2002039364","06","67","67301","67301","2001","12","7","1800","18","3","2","1","4","1","","","N","01","2","00","3","0","3","6","2","N","N","39 56:20.000","75 09:58.990","1855","","1855","","0","","N","","3 ","","","","","","","","","","2","2","0","0","0","0","0","0","0","0","0","3","3","0","0","0","0","1","0","0","0","0","0","0","0","0","0","0","0","0","0","0","0","0","0","4","0","39.9391","-75.1664","","CRASH_2001_Philadelphia"
"2002039459","06","67","67301","67301","2001","12","7","1202","12","1","1","0","1","1","","","N","00","0","00","3","0","1","4","4","N","N","39 58:44.400","75 12:12.960","1208","","1202","","0","","N","","0 ","","","","","","","","","","4","3","0","0","1","0","0","0","0","0","0","1","1","0","1","0","0","0","0","0","0","0","0","0","0","0","0","0","0","0","0","0","0","0","0","4","0","39.9791","-75.2036","","CRASH_2001_Philadelphia"
"2002028744","06","67","67301","67301","2001","09","2","1045","10","1","1","0","5","4","","","N","00","0","00","3","0","1","1","4","N","N","","","1105","","1053","","0","","N","","0 ","","","","","","","","","","4","3","0","0","0","0","0","0","0","0","1","0","1","0","0","0","0","1","0","0","0","0","0","0","0","0","0","0","0","0","0","0","0","0","0","3","0","","","","CRASH_2001_Philadelphia"
"2002034334","06","67","67301","67301","2001","11","6","1134","11","1","1","0","8","1","","","N","02","0","00","3","0","1","2","2","N","N","39 57:17.000","75 09:38.000","1137","","1130","","9","","N","","0 ","U","","","","","","","","","1","1","0","0","0","0","0","0","0","1","0","0","1","0","0","0","0","0","0","0","0","0","0","0","0","0","0","0","0","0","0","0","1","0","1","2","0","39.9547","-75.1606","","CRASH_2001_Philadelphia"
"2002032131","06","67","67301","67301","2001","10","4","1440","14","1","1","0","1","1","","","N","02","2","00","3","0","0","4","4","N","N","39 58:04.605","75 09:36.966","1459","","1450","","0","","N","","3 ","","","","","","","","","","4","4","0","0","0","0","0","0","0","0","0","0","0","0","0","0","0","0","0","0","0","1","0","1","0","0","0","0","0","0","0","0","0","0","0","0","0","39.9679","-75.1603","","CRASH_2001_Philadelphia"
"2002023061","06","67","67301","67301","2001","08","2","2358","23","3","1","0","4","1","","","N","01","0","00","3","0","0","2","2","N","N","39 57:35.497","75 14:09.630","0018","","0013","","0","","N","","0 ","","","","","","","","","","2","2","0","0","0","0","0","0","0","0","0","0","0","0","0","0","0","0","0","0","0","0","0","0","0","0","0","0","0","0","0","0","0","0","0","0","0","39.9584","-75.2375","","CRASH_2001_Philadelphia"
"2002027002","06","67","67301","67301","2001","08","4","2025","20","3","1","0","4","1","","","N","01","2","00","3","0","2","5","2","N","N","40 00:24.000","75 07:53.820","2038","","0205","","0","","N","","3 ","","","","","","","","","","2","2","0","0","0","0","0","0","0","0","0","2","2","0","0","0","0","0","0","0","0","0","0","0","0","0","0","0","0","0","0","0","0","0","0","4","0","40.0068","-75.1316","","CRASH_2001_Philadelphia"
"2002028528","06","67","67301","67301","2001","09","3","2320","23","3","1","0","6","1","","","N","01","3","00","3","0","1","6","2","N","N","40 04:44.126","75 05:00.394","2321","","2320","","0","","N","","9 ","","","","","","","","","","2","0","0","0","2","0","0","0","0","0","0","1","1","0","0","0","0","0","0","0","0","0","0","6","0","0","0","0","0","0","0","0","0","0","0","4","0","40.0789","-75.0834","","CRASH_2001_Philadelphia"
"2002028706","06","67","67301","67301","2001","09","3","1800","18","1","1","0","5","7","","","N","02","0","00","3","0","1","5","2","N","N","39 55:59.912","75 08:36.427","1804","","1802","","0","","N","","0 ","","","","","","","","","","2","1","0","0","0","1","0","0","0","0","0","1","1","0","0","0","0","0","0","0","1","0","0","0","0","0","0","0","0","0","0","0","0","0","0","4","1","39.9333","-75.1434","","CRASH_2001_Philadelphia"
"2002001050","06","67","67301","67301","2001","05","5","1845","18","1","1","0","4","1","","","N","01","2","00","3","0","1","2","2","N","N","40 00:17.837","75 09:07.988","1857","","1855","","0","","N","","3 ","","","","","","","","","","2","2","0","0","0","0","0","0","0","0","0","1","1","0","0","0","0","0","0","0","1","0","0","0","0","0","0","0","0","0","0","0","0","0","0","4","0","40.0047","-75.1521","","CRASH_2001_Philadelphia"
"2002019772","06","67","67301","67301","2001","07","1","1244","12","1","1","0","7","5","","","N","02","0","00","3","0","2","2","1","N","N","40 01:34.191","75 12:14.083","1250","","1244","","0","","N","","0 ","","","","","","","","","","1","1","0","0","0","0","0","0","0","2","0","0","2","0","0","0","0","0","0","0","0","0","0","0","0","0","0","0","0","0","0","0","0","0","0","2","0","40.0262","-75.2039","","CRASH_2001_Philadelphia"
"2001287414","06","67","67301","","2001","01","5","1530","15","1","1","0","5","1","","","N","00","0","00","3","0","2","2","2","N","N","40 00:54.720","75 09:00.000","9999","","9999","","0","","N","","0 ","","","","","","","","","","2","1","0","0","0","0","0","0","0","0","1","0","1","0","1","0","0","0","0","0","0","0","0","0","0","0","0","0","0","0","0","0","0","0","0","3","0","40.0152","-75.1498","","CRASH_2001_Philadelphia"
"2002010477","06","67","67301","67301","2001","06","7","1700","17","1","1","0","6","1","","","N","01","2","00","3","0","2","3","2","N","N","39 57:26.872","75 13:45.568","1731","","1724","","0","","N","","3 ","","","","","","","","","","2","2","0","0","0","0","0","0","0","0","0","2","2","0","0","0","0","0","0","0","0","0","0","0","0","0","0","0","0","0","0","0","0","0","0","4","0","39.959","-75.229","","CRASH_2001_Philadelphia"
"2002021979","06","67","67301","67301","2001","08","6","1404","14","1","1","0","5","1","1","8","Y","02","2","00","3","0","1","2","2","N","N","39 56:24.407","75 12:01.388","1407","99","1405","","0","","N","","3 ","","Y","","","U","","","","Y","1","1","0","0","0","0","0","0","0","0","0","1","1","0","0","0","0","0","0","0","1","0","0","0","0","0","0","0","0","0","0","0","0","0","0","4","0","39.9402","-75.2012","","CRASH_2001_Philadelphia"
"2002023077","06","67","67301","67301","2001","09","7","1001","10","1","1","0","4","1","","","N","01","2","00","3","0","3","3","2","N","N","40 05:09.448","75 12:41.308","1038","","1031","","0","","N","","3 ","","","","","","","","","","2","2","0","0","0","0","0","0","0","0","2","1","3","0","0","0","0","0","0","0","1","0","0","0","0","0","0","0","0","0","0","0","0","0","0","3","0","40.0861","-75.2119","","CRASH_2001_Philadelphia"
"2002034190","06","67","67301","67301","2001","10","3","2348","23","2","2","1","1","1","","","N","01","2","00","3","0","1","3","2","N","N","39 59:05.583","75 09:23.298","0000","","2348","","0","","N","","3 ","","","","","","","","","","2","2","0","0","0","0","0","0","0","0","0","1","1","0","0","0","0","0","0","1","0","0","0","1","0","0","0","0","0","0","0","0","0","0","0","4","0","39.9847","-75.1565","","CRASH_2001_Philadelphia"
"2002012155","06","67","67301","67301","2001","07","1","0713","07","1","1","0","1","1","","","N","00","2","00","3","0","2","2","2","N","N","39 55:38.313","75 08:41.506","0729","","0721","","0","","N","","3 ","","","","","","","","","","2","2","0","0","0","0","0","0","0","0","0","2","2","0","0","0","0","0","0","0","0","0","0","2","0","0","0","0","0","0","0","0","0","0","0","4","0","39.9273","-75.145","","CRASH_2001_Philadelphia"
"2002012161","06","67","67301","67301","2001","07","1","0024","00","3","1","0","4","1","","","N","01","3","00","3","0","1","2","2","N","N","39 57:37.080","75 08:19.680","0026","","0024","","0","","N","","3 ","","","","","","","","","","2","1","1","0","0","0","0","0","0","0","0","1","1","0","0","0","0","0","0","0","0","0","0","0","0","0","0","0","0","0","0","0","0","0","0","4","0","39.9603","-75.1381","","CRASH_2001_Philadelphia"
"2002024214","06","67","67301","67301","2001","06","3","0138","01","3","1","0","7","3","","","N","00","0","00","3","0","2","2","1","N","N","40 02:15.388","75 05:10.420","0140","","0739","","0","","N","","0 ","","","","","","","","","","1","1","0","0","0","0","0","0","0","1","1","0","2","0","0","0","0","0","0","0","0","0","0","0","0","0","0","0","0","0","0","0","0","0","0","2","0","40.0376","-75.0862","","CRASH_2001_Philadelphia"
"2002029717","06","67","67301","67301","2001","09","5","2216","22","3","2","1","7","4","","","N","01","2","00","3","0","0","3","1","N","N","40 03:59.742","75 11:46.986","2230","","2223","","0","","N","","3 ","","","","","","","","","","1","1","0","0","0","0","0","0","0","0","0","0","0","0","0","0","0","0","0","0","0","0","0","0","0","0","0","0","0","0","0","0","0","0","0","0","0","40.0665","-75.1963","","CRASH_2001_Philadelphia"
"2002007943","06","67","67301","67301","2001","06","1","2101","21","3","1","0","4","1","","","N","01","2","00","3","0","1","5","3","N","N","39 58:50.160","75 11:01.830","2109","","2106","","0","","N","","3 ","","","","","","","","","","2","2","0","0","0","0","0","0","1","0","1","0","1","0","0","0","0","0","0","0","1","1","0","0","0","0","0","0","0","0","0","0","0","0","0","3","0","39.9806","-75.1838","","CRASH_2001_Philadelphia"
"2002016682","06","67","67301","67301","2001","07","4","1020","10","1","1","0","1","1","","","N","00","0","00","3","0","1","2","2","N","N","40 01:42.699","75 05:19.725","1033","","1030","","0","","N","","0 ","","","","","","","","","","2","2","0","0","0","0","0","0","0","0","0","1","1","0","0","0","0","0","0","0","0","0","0","0","0","0","0","0","0","0","0","0","0","0","0","4","0","40.0285","-75.0888","","CRASH_2001_Philadelphia"
"2001288229","06","67","67301","","2001","06","7","0020","00","3","1","0","4","1","","","N","00","0","07","3","0","1","2","2","N","N","","","9999","","9999","","0","","N","","0 ","","","","","","","","","","2","0","0","0","0","0","0","1","0","0","1","0","1","0","0","0","0","0","0","1","0","0","0","0","0","0","0","0","0","0","0","0","0","0","0","3","0","","","","CRASH_2001_Philadelphia"
"2002012733","06","67","67301","67301","2001","06","3","1400","14","1","1","0","4","1","","","N","01","2","00","3","0","1","3","2","N","N","39 57:13.320","75 08:53.520","1000","","0830","","0","","N","","3 ","","","","","","","","","","2","1","0","0","1","0","0","0","0","0","0","1","1","0","0","0","0","0","0","0","1","0","0","0","0","0","0","0","0","0","0","0","0","0","0","4","0","39.9537","-75.1482","","CRASH_2001_Philadelphia"
"2001266634","06","67","67301","67301","2001","08","4","2244","22","3","1","0","8","1","","","N","02","3","00","3","0","2","2","2","N","N","39 57:30.700","75 14:51.629","9999","","9999","","0","","N","","3 ","","","","","","","","","","1","1","0","0","0","0","0","0","0","0","0","1","1","0","1","0","0","0","0","0","0","0","0","0","0","0","0","0","0","0","0","0","1","0","0","4","0","39.9585","-75.2477","","CRASH_2001_Philadelphia"
"2002061795","06","67","67301","67301","2001","02","4","1600","16","1","1","0","4","1","","","N","01","2","00","3","0","1","2","2","N","N","39 59:27.000","75 06:05.596","1615","","1610","","0","","N","","3 ","","","","","","","","","","2","1","1","0","0","0","0","0","0","0","1","0","1","0","0","0","1","0","0","0","1","0","0","1","0","0","0","0","0","0","0","0","0","0","0","3","0","39.9909","-75.1016","","CRASH_2001_Philadelphia"
"2002018040","06","67","67301","67301","2001","07","3","1555","15","1","1","0","2","1","","","N","01","2","00","3","0","2","3","2","N","N","40 02:15.325","75 08:16.948","1605","","1600","","0","","N","","3 ","","","","","","","","","","2","2","0","0","0","0","0","0","0","0","2","0","2","0","0","0","0","0","0","0","0","0","0","0","0","0","0","0","0","0","0","0","0","0","0","3","0","40.0376","-75.138","","CRASH_2001_Philadelphia"
"2002020093","06","67","67301","67301","2001","08","5","0755","07","1","1","0","4","1","","","N","01","2","00","3","0","0","8","2","N","N","39 53:24.655","75 13:45.793","0911","","0906","","0","","N","","3 ","","","","","","","","","","2","1","0","1","0","0","0","0","0","0","0","0","0","0","5","0","0","0","0","0","0","0","0","0","0","0","0","0","0","0","0","0","0","0","0","9","1","39.8902","-75.2295","","CRASH_2001_Philadelphia"