"CRN","DISTRICT","COUNTY","MUNICIPALITY","POLICE_AGCY","CRASH_YEAR","CRASH_MONTH","DAY_OF_WEEK","TIME_OF_DAY","HOUR_OF_DAY","ILLUMINATION","WEATHER","ROAD_CONDITION","COLLISION_TYPE","RELATION_TO_ROAD","WORK_ZONE_TYPE","WORK_ZONE_LOC","WORK_ZONE_IND","INTERSECT_TYPE","TCD_TYPE","LOCATION_TYPE","URBAN_RURAL","FATAL_COUNT","INJURY_COUNT","PERSON_COUNT","TOTAL_UNITS","SCH_BUS_IND","SCH_ZONE_IND","LATITUDE","LONGITUDE","ARRIVAL_TM","CONS_ZONE_SPD_LIM","DISPATCH_TM","EST_HRS_CLOSED","LANE_CLOSED","LN_CLOSE_DIR","NTFY_HIWY_MAINT","SPEC_JURIS_CD","TCD_FUNC_CD","TFC_DETOUR_IND","WORKERS_PRES","WZ_CLOSE_DETOUR","WZ_FLAGGER","WZ_LAW_OFFCR_IND","WZ_LN_CLOSURE","WZ_MOVING","WZ_OTHER","WZ_SHLDER_MDN","VEHICLE_COUNT","AUTOMOBILE_COUNT","MOTORCYCLE_COUNT","BUS_COUNT","SMALL_TRUCK_COUNT","HEAVY_TRUCK_COUNT","SUV_COUNT","VAN_COUNT","BICYCLE_COUNT","MAJ_INJ_COUNT","MOD_INJ_COUNT","MIN_INJ_COUNT","TOT_INJ_COUNT","UNK_INJ_DEG_COUNT","UNK_INJ_PER_COUNT","DRIVER_COUNT_16YR","DRIVER_COUNT_17YR","DRIVER_COUNT_18YR","DRIVER_COUNT_19YR","DRIVER_COUNT_20YR","DRIVER_COUNT_50_64YR","DRIVER_COUNT_65_74YR","DRIVER_COUNT_75PLUS","UNBELTED_OCC_COUNT","UNB_DEATH_COUNT","UNB_MAJ_INJ_COUNT","BELTED_DEATH_COUNT","BELTED_MAJ_INJ_COUNT","MCYCLE_DEATH_COUNT","MCYCLE_MAJ_INJ_COUNT","BICYCLE_DEATH_COUNT","BICYCLE_MAJ_INJ_COUNT","PED_COUNT","PED_DEATH_COUNT","PED_MAJ_INJ_COUNT","MAX_SEVERITY_LEVEL","COMM_VEH_COUNT","DEC_LAT","DEC_LONG","RDWY_SURF_TYPE_CD","COUNTY_YEAR"
"2002022055","06","67","67301","67301","2001","08","2","0855","08","1","1","0","4","1","","","N","00","0","07","3","0","1","2","2","N","N","40 00:57.309","75 03:07.023","0925","","0910","2","2","1","N","","0 ","Y","","","","","","","","","2","0","1","0","1","0","0","0","0","1","0","0","1","0","0","0","0","0","0","0","1","1","0","0","0","0","0","0","0","1","0","0","0","0","0","2","0","40.016","-75.0513","","CRASH_2001_Philadelphia"
"2002026869","06","67","67301","67301","2001","08","2","0310","03","3","2","1","1","6","","","N","00","0","00","3","0","0","1","3","N","N","40 02:31.000","75 10:47.000","0315","","0310","","0","","N","","0 ","","","","","","","","","","3","3","0","0","0","0","0","0","0","0","0","0","0","0","0","0","0","0","0","0","0","0","0","1","0","0","0","0","0","0","0","0","0","0","0","0","0","40.0419","-75.1797","","CRASH_2001_Philadelphia"
"2002029463","06","67","67301","67301","2001","09","4","1540","15","1","1","0","8","1","","","N","02","2","00","3","0","2","3","3","N","N","39 59:22.752","75 15:02.671","1350","","1340","","0","","N","","3 ","","","","","","","","","","1","1","0","0","0","0","0","0","0","0","0","2","2","0","0","0","0","0","0","0","0","0","0","0","0","0","0","0","0","0","0","0","2","0","0","4","0","39.9897","-75.2508","","CRASH_2001_Philadelphia"
"2002019765","06","67","67301","67301","2001","08","5","1540","15","1","1","0","4","1","","","N","00","0","00","3","0","1","2","2","N","N","40 00:28.711","75 05:26.298","1610","","1600","9","9","2","N","","0 ","N","","","","","","","","","2","2","0","0","0","0","0","0","0","0","0","1","1","0","0","0","0","0","0","0","0","0","0","0","0","0","0","0","0","0","0","0","0","0","0","4","0","40.0079","-75.0906","","CRASH_2001_Philadelphia"
"2002031184","06","67","67301","67301","2001","10","3","1555","15","1","1","0","6","1","","","N","02","3","00","3","0","0","3","2","N","N","39 58:17.393","75 07:16.200","1635","","1630","","0","","N","","3 ","","","","","","","","","","2","2","0","0","0","0","0","0","0","0","0","0","0","0","0","0","0","0","0","0","0","0","0","0","0","0","0","0","0","0","0","0","0","0","0","0","0","39.972","-75.1206","","CRASH_2001_Philadelphia"
"2002032609","06","67","67301","67301","2001","09","7","2355","23","3","1","0","4","1","","","N","02","2","00","3","0","2","3","2","N","N","40 05:02.377","74 59:23.367","0010","","2357","3","2","1","N","","3 ","Y","","","","","","","","","2","1","1","0","0","0","0","0","0","1","0","1","2","0","0","0","0","0","0","0","1","0","0","1","0","0","0","0","0","1","0","0","0","0","0","2","0","40.0841","-74.9902","","CRASH_2001_Philadelphia"
"2002035089","06","67","67301","67301","2001","11","4","1148","11","1","1","0","8","1","","","N","01","0","00","3","0","1","2","2","N","N","39 57:17.848","75 11:00.237","1151","","1148","","0","","N","","0 ","","","","","","","","","","1","1","0","0","0","0","0","0","0","0","1","0","1","0","0","0","0","0","0","0","0","0","0","0","0","0","0","0","0","0","0","0","1","0","0","3","1","39.9549","-75.1839","","CRASH_2001_Philadelphia"
"2002037277","06","67","67301","67301","2001","11","2","1305","13","1","1","0","8","1","","","N","02","2","00","3","0","1","2","2","N","N","39 55:17.550","75 11:30.486","1715","","1710","","0","","N","","3 ","","","","","","","","","","1","1","0","0","0","0","0","0","0","0","0","1","1","0","0","0","0","0","0","0","0","0","0","0","0","0","0","0","0","0","0","0","1","0","0","4","0","39.9211","-75.1938","","CRASH_2001_Philadelphia"
"2002039526","06","67","67301","67301","2001","11","6","0845","08","1","1","0","1","1","","","N","00","0","00","3","0","0","2","2","N","N","","","0852","","0850","","0","","N","","0 ","","","","","","","","","","1","1","0","0","0","0","0","0","0","0","0","0","0","0","1","0","0","0","0","0","0","0","0","0","0","0","0","0","0","0","0","0","0","0","0","9","0","","","","CRASH_2001_Philadelphia"
"2002020132","06","67","67301","67301","2001","08","4","1815","18","1","1","0","8","6","","","N","00","0","00","3","0","1","2","2","N","N","39 57:00.663","75 10:16.677","1840","","1825","","0","","N","","0 ","","","","","","","","","","1","1","0","0","0","0","0","0","0","0","0","1","1","0","0","0","0","0","0","0","0","0","0","0","0","0","0","0","0","0","0","0","1","0","0","4","0","39.9517","-75.1704","","CRASH_2001_Philadelphia"
"2002023535","06","67","67301","67301","2001","07","2","1327","13","1","1","0","1","1","","","N","00","2","00","3","0","1","2","2","N","N","39 55:22.247","75 11:02.189","0630","","0430","","0","","N","","3 ","","","","","","","","","","2","0","0","0","2","0","0","0","0","0","0","1","1","0","0","0","0","0","0","0","1","1","0","0","0","0","0","0","0","0","0","0","0","0","0","4","0","39.9229","-75.1839","","CRASH_2001_Philadelphia"
"2002031704","06","67","67301","67301","2001","10","1","0425","04","3","1","0","5","1","","","N","00","0","00","3","0","0","2","2","N","N","39 57:18.802","75 10:51.355","0435","","0425","","0","","N","","0 ","","","","","","","","","","2","2","0","0","0","0","0","0","0","0","0","0","0","0","1","0","0","0","0","0","1","0","0","0","0","0","0","0","0","0","0","0","0","0","0","9","0","39.9551","-75.1808","","CRASH_2001_Philadelphia"
"2002040132","06","67","67301","67301","2001","12","3","1743","17","3","1","0","1","1","","","N","01","2","00","3","0","0","4","4","N","N","40 01:43.217","75 12:20.118","1746","","1744","","0","","N","","3 ","","","","","","","","","","4","4","0","0","0","0","0","0","0","0","0","0","0","0","0","0","0","0","0","0","2","0","0","0","0","0","0","0","0","0","0","0","0","0","0","0","0","40.0287","-75.2055","","CRASH_2001_Philadelphia"
"2002043160","06","67","67301","67301","2001","12","5","1315","13","1","1","0","1","1","","","N","00","0","00","3","0","5","5","3","N","N","40 07:23.409","75 00:56.202","1325","","1320","","0","","N","","0 ","","","","","","","","","","3","3","0","0","0","0","0","0","0","0","0","5","5","0","0","0","0","0","0","0","1","0","0","0","0","0","0","0","0","0","0","0","0","0","0","4","0","40.1237","-75.0154","","CRASH_2001_Philadelphia"
"2002043769","06","67","67301","67301","2001","11","6","0807","08","1","1","0","4","1","","","N","01","2","00","3","0","3","4","2","N","N","40 02:20.735","75 06:36.378","0814","","0807","1","2","4","N","","3 ","Y","","","","","","","","","2","2","0","0","0","0","0","0","0","0","0","3","3","0","1","0","0","0","1","0","1","0","0","0","0","0","0","0","0","0","0","0","0","0","0","4","0","40.0392","-75.11","","CRASH_2001_Philadelphia"
"2002027896","06","67","67301","67301","2001","09","5","0158","01","3","2","1","1","1","","","N","02","0","00","3","0","0","2","2","N","N","40 03:31.758","75 00:32.561","0209","","0205","","0","","N","","0 ","","","","","","","","","","2","2","0","0","0","0","0","0","0","0","0","0","0","0","0","0","0","0","1","0","1","0","0","0","0","0","0","0","0","0","0","0","0","0","0","0","0","40.0587","-75.009","","CRASH_2001_Philadelphia"
"2002032468","06","67","67301","67301","2001","10","4","1909","19","3","1","0","2","1","","","N","01","2","00","3","0","1","2","2","N","N","40 01:20.781","75 03:00.110","1915","","1910","","0","","N","","3 ","","","","","","","","","","1","1","0","0","0","0","0","0","1","0","0","1","1","0","0","0","0","0","0","0","0","0","0","0","0","0","0","0","0","0","0","0","0","0","0","4","0","40.0224","-75.05","","CRASH_2001_Philadelphia"
"2002037359","06","67","67301","67301","2001","11","3","1530","15","1","1","0","8","1","","","N","01","2","00","3","0","1","2","2","N","N","40 03:45.305","75 10:14.653","1550","","1535","","0","","N","","3 ","","","","","","","","","","1","1","0","0","0","0","0","0","0","0","0","1","1","0","0","0","0","0","0","0","0","0","0","0","0","0","0","0","0","0","0","0","1","0","0","4","0","40.0626","-75.1708","","CRASH_2001_Philadelphia"
"2002038338","06","67","67301","67301","2001","11","2","0520","05","3","1","0","5","1","","","N","00","0","00","3","0","0","2","2","N","N","","","0530","","0520","","0","","N","","0 ","","","","","","","","","","2","2","0","0","0","0","0","0","0","0","0","0","0","0","0","0","0","0","0","0","0","1","0","0","0","0","0","0","0","0","0","0","0","0","0","0","0","","","","CRASH_2001_Philadelphia"
"2002041293","06","67","67301","67301","2001","12","7","0430","04","3","1","0","1","1","","","N","00","0","00","3","0","1","1","3","N","N","","","0435","","0432","","0","","N","","0 ","","","","","","","","","","3","3","0","0","0","0","0","0","0","0","0","1","1","0","0","0","0","0","0","0","0","0","0","0","0","0","0","0","0","0","0","0","0","0","0","4","0","","","","CRASH_2001_Philadelphia"
"2002042608","06","67","67301","67301","2001","12","4","0900","09","1","2","1","2","1","","","N","01","2","00","3","0","3","3","2","N","N","40 03:07.895","75 10:33.029","0930","","0930","","0","","N","","3 ","","","","","","","","","","2","2","0","0","0","0","0","0","0","0","0","3","3","0","0","0","0","0","0","0","0","0","0","0","0","0","0","0","0","0","0","0","0","0","0","4","0","40.0522","-75.1758","","CRASH_2001_Philadelphia"
"2003001925","06","67","67301","67301","2001","03","3","1600","16","4","1","4","5","1","","","N","00","0","00","3","0","0","2","2","N","N","40 06:06.000","74 59:20.971","1755","","1749","","0","","N","","0 ","","","","","","","","","","2","1","0","0","1","0","0","0","0","0","0","0","0","0","1","0","0","0","1","0","0","0","0","0","0","0","0","0","0","0","0","0","0","0","0","9","0","40.1018","-74.9894","","CRASH_2001_Philadelphia"
"2002016702","06","67","67301","67301","2001","08","5","0120","01","3","1","0","4","6","","","N","00","0","00","3","0","0","1","4","N","N","39 58:32.246","75 14:34.749","9999","","0120","","0","","N","","0 ","","","","","","","","","","4","4","0","0","0","0","0","0","0","0","0","0","0","0","1","0","0","0","0","0","0","0","0","0","0","0","0","0","0","0","0","0","0","0","0","9","0","39.9756","-75.243","","CRASH_2001_Philadelphia"
"2002018875","06","67","67301","67301","2001","08","4","0830","08","1","1","0","5","1","","","N","01","2","00","3","0","2","4","2","N","N","40 00:50.266","75 05:11.070","0850","","0845","","0","","N","","3 ","","","","","","","","","","2","1","0","0","1","0","0","0","0","0","0","2","2","0","0","0","0","0","0","0","1","0","0","2","0","0","0","0","0","0","0","0","0","0","0","4","0","40.0139","-75.0864","","CRASH_2001_Philadelphia"
"2002027375","06","67","67301","67301","2001","09","3","1738","17","4","2","1","7","2","","","N","00","0","03","3","0","1","1","1","N","N","39 55:11.236","75 12:09.326","1744","","1744","","0","","N","","0 ","","","","","","","","","","1","1","0","0","0","0","0","0","0","0","0","1","1","0","0","0","0","0","0","0","0","0","0","0","0","0","0","0","0","0","0","0","0","0","0","4","0","39.9198","-75.2024","","CRASH_2001_Philadelphia"
"2002045766","06","67","67301","67301","2001","10","2","1410","14","1","1","0","1","1","","","N","00","0","00","3","0","0","3","3","N","N","40 06:44.748","74 59:27.378","1445","","1437","","0","","N","","0 ","","","","","","","","","","3","3","0","0","0","0","0","0","0","0","0","0","0","0","0","0","0","0","0","0","0","0","0","0","0","0","0","0","0","0","0","0","0","0","0","0","0","40.1121","-74.991","","CRASH_2001_Philadelphia"
"2002028103","06","67","67301","67301","2001","09","4","0935","09","1","1","0","1","1","","","N","00","0","00","3","0","0","2","2","N","N","39 57:28.744","75 09:45.504","0937","","0935","","0","","N","","0 ","","","","","","","","","","2","2","0","0","0","0","0","0","0","0","0","0","0","0","0","0","0","0","0","0","0","0","0","1","0","0","0","0","0","0","0","0","0","0","0","0","0","39.958","-75.1627","","CRASH_2001_Philadelphia"
"2002031219","06","67","67301","67301","2001","09","5","2018","20","3","2","1","7","4","1","4","Y","00","0","00","3","0","1","1","1","N","N","39 59:17.616","75 05:20.351","2029","40","2019","","0","","N","","0 ","","N","","","U","","","","","1","1","0","0","0","0","0","0","0","0","1","0","1","0","0","0","0","0","0","0","0","0","0","1","0","0","0","0","0","0","0","0","0","0","0","3","0","39.9883","-75.0889","","CRASH_2001_Philadelphia"
"2002044151","06","67","67301","67301","2001","11","6","1322","13","1","1","0","4","1","","","N","01","0","00","3","0","1","2","2","N","N","39 59:48.601","75 06:12.064","1341","","1334","","0","","N","","0 ","","","","","","","","","","1","1","0","0","0","0","0","0","1","0","0","1","1","0","0","0","0","0","0","0","1","0","0","0","0","0","0","0","0","0","0","0","0","0","0","4","0","39.9968","-75.1034","","CRASH_2001_Philadelphia"
"2002049126","06","67","67301","67301","2001","10","2","1638","16","1","1","0","8","1","","","N","01","2","00","3","0","1","2","2","N","N","39 59:11.349","75 09:22.061","1658","","1654","","0","","N","","3 ","","","","","","","","","","1","1","0","0","0","0","0","0","0","0","0","1","1","0","0","0","0","0","0","0","0","0","0","0","0","0","0","0","0","0","0","0","1","0","0","4","0","39.9863","-75.1561","","CRASH_2001_Philadelphia"
"2002027004","06","67","67301","67301","2001","08","4","0438","04","3","1","0","7","4","","","N","02","2","00","3","0","1","5","1","N","N","40 00:00.291","75 10:40.380","0448","","0448","","0","","N","","3 ","","","","","","","","","","1","1","0","0","0","0","0","0","0","0","1","0","1","0","0","0","0","0","1","0","0","0","0","0","0","0","0","0","0","0","0","0","0","0","0","3","0","40.0001","-75.1779","","CRASH_2001_Philadelphia"
"2002045764","06","67","67301","67301","2001","10","4","1006","10","1","1","0","1","2","","","N","00","0","00","3","0","0","1","2","N","N","40 04:26.400","75 02:48.480","1010","","1007","","0","","N","","0 ","","","","","","","","","","2","1","0","0","1","0","0","0","0","0","0","0","0","0","0","0","0","0","0","0","0","0","1","0","0","0","0","0","0","0","0","0","0","0","0","0","0","40.0738","-75.0469","","CRASH_2001_Philadelphia"
"2002047302","06","67","67301","46104","2001","10","2","1711","17","1","1","0","8","1","","","N","00","0","00","3","0","1","8","2","N","N","39 59:48.120","75 14:11.040","1714","","1712","","0","","N","","0 ","","","","","","","","","","1","0","0","1","0","0","0","0","0","0","0","1","1","0","0","0","0","0","0","0","1","0","0","0","0","0","0","0","0","0","0","0","1","0","0","4","1","39.9966","-75.2363","","CRASH_2001_Philadelphia"
"2002018363","06","67","67301","67301","2001","08","2","1745","17","1","1","0","4","1","","","N","01","2","00","3","0","1","2","2","N","N","39 57:28.088","75 13:09.336","1749","","1745","","0","","N","","3 ","","","","","","","","","","2","2","0","0","0","0","0","0","0","0","0","1","1","0","0","0","0","0","0","0","1","1","0","0","0","0","0","0","0","0","0","0","0","0","0","4","0","39.9562","-75.2196","","CRASH_2001_Philadelphia"
"2002032135","06","67","67301","67301","2001","10","5","0035","00","3","1","0","7","2","","","N","00","0","02","3","0","1","2","1","N","N","40 01:24.600","75 01:55.200","0043","","0039","2","1","4","N","","0 ","N","","","","","","","","","1","0","0","0","1","0","0","0","0","0","1","0","1","0","1","0","0","0","0","0","0","0","0","2","0","0","0","0","0","0","0","0","0","0","0","3","0","40.0233","-75.0335","","CRASH_2001_Philadelphia"
"2002035231","06","67","67301","67301","2001","11","3","1630","16","1","1","0","4","2","","","N","00","0","07","3","0","1","2","2","N","N","39 58:34.110","75 09:30.088","1630","","1630","","0","","N","","0 ","","","","","","","","","","2","1","1","0","0","0","0","0","0","0","0","1","1","0","0","0","0","0","0","0","0","0","0","0","0","0","0","0","0","0","0","0","0","0","0","4","0","39.9759","-75.1584","","CRASH_2001_Philadelphia"
"2002041361","06","67","67301","67301","2001","12","7","1258","12","1","1","0","1","1","","","N","01","2","00","3","0","1","1","2","N","N","39 57:12.906","75 13:34.506","1258","","1258","","0","","N","","3 ","","","","","","","","","","2","2","0","0","0","0","0","0","0","0","1","0","1","0","0","0","0","0","1","0","0","0","0","1","0","0","0","0","0","0","0","0","0","0","0","3","0","39.9535","-75.2262","","CRASH_2001_Philadelphia"
"2002045146","06","67","67301","67301","2001","12","1","1607","16","4","1","0","8","2","","","N","00","0","00","3","0","1","3","3","N","N","39 56:43.960","75 09:53.854","1615","","1608","","0","","N","","0 ","","","","","","","","","","1","1","0","0","0","0","0","0","0","0","0","1","1","0","0","0","0","0","0","0","1","0","0","0","0","0","0","0","0","0","0","0","2","0","0","4","0","39.9456","-75.165","","CRASH_2001_Philadelphia"
"2002046770","06","67","67301","67301","2001","10","5","1037","10","1","1","0","8","1","","","N","01","2","00","3","0","1","2","2","N","N","39 57:07.380","75 11:09.482","2058","","2050","","0","","N","","3 ","","","","","","","","","","1","1","0","0","0","0","0","0","0","0","0","1","1","0","0","0","0","0","0","0","1","0","0","0","0","0","0","0","0","0","0","0","1","0","0","4","0","39.9535","-75.1853","","CRASH_2001_Philadelphia"
"2002026452","06","67","67301","67301","2001","09","1","2115","21","3","1","0","7","5","","","N","02","0","00","3","0","1","2","1","N","N","40 02:46.061","75 00:56.826","2123","","2118","","0","","N","","0 ","","","","","","","","","","1","1","0","0","0","0","0","0","0","0","1","0","1","0","0","0","0","0","0","0","0","0","0","0","0","0","0","0","0","0","0","0","0","0","0","3","0","40.0462","-75.0157","","CRASH_2001_Philadelphia"
"2002030773","06","67","67301","67301","2001","09","7","1325","13","1","1","0","8","6","","","N","00","0","00","3","0","1","2","2","N","N","39 59:34.084","75 08:49.378","1325","","1325","","0","","N","","0 ","","","","","","","","","","1","1","0","0","0","0","0","0","0","0","0","1","1","0","1","0","0","0","0","0","0","0","0","0","0","0","0","0","0","0","0","0","1","0","0","4","0","39.9929","-75.147","","CRASH_2001_Philadelphia"
"2002033543","06","67","67301","67301","2001","11","7","1110","11","1","1","0","2","1","","","N","01","2","00","3","0","1","8","3","N","N","40 01:51.806","75 05:07.950","1115","","1113","","0","","N","","3 ","","","","","","","","","","3","3","0","0","0","0","0","0","0","0","0","1","1","0","0","0","0","0","0","1","1","0","0","0","0","0","0","0","0","0","0","0","0","0","0","4","0","40.0314","-75.0847","","CRASH_2001_Philadelphia"
"2002042732","06","67","67301","67301","2001","12","7","0700","07","1","1","0","2","1","","","N","01","2","00","3","0","0","2","2","N","N","40 01:57.947","75 06:24.201","0730","","0725","","0","","N","","3 ","","","","","","","","","","2","0","0","0","2","0","0","0","0","0","0","0","0","0","0","0","0","0","0","0","0","1","0","0","0","0","0","0","0","0","0","0","0","0","0","0","0","40.0329","-75.1067","","CRASH_2001_Philadelphia"
"2002044121","06","67","67301","67301","2001","12","4","2215","22","3","1","0","8","1","","","N","01","2","00","3","0","1","2","2","N","N","40 03:50.268","75 05:00.457","2210","","2203","","0","","N","","9 ","","","","","","","","","","1","1","0","0","0","0","0","0","0","1","0","0","1","0","0","0","0","0","0","0","0","0","0","0","0","0","0","0","0","0","0","0","1","0","1","2","0","40.0638","-75.0835","","CRASH_2001_Philadelphia"
"2002012098","06","67","67301","67301","2001","07","1","0222","02","3","1","0","4","1","","","N","01","2","00","3","0","0","5","3","N","N","40 01:41.880","75 05:16.800","0230","","0223","","0","","N","","3 ","","","","","","","","","","3","3","0","0","0","0","0","0","0","0","0","0","0","0","0","0","0","0","0","0","0","0","0","0","0","0","0","0","0","0","0","0","0","0","0","0","0","40.0284","-75.088","","CRASH_2001_Philadelphia"
"2002012198","06","67","67301","67301","2001","07","3","1425","14","1","1","0","4","1","","","N","01","0","00","3","0","1","4","2","N","N","39 57:21.952","75 09:41.903","1440","","1438","","0","","N","","0 ","","","","","","","","","","2","2","0","0","0","0","0","0","0","0","0","1","1","0","0","0","0","0","0","0","1","0","0","0","0","0","0","0","0","0","0","0","0","0","0","4","0","39.9561","-75.1616","","CRASH_2001_Philadelphia"
"2002031180","06","67","67301","67301","2001","10","2","1653","16","1","1","0","2","1","","","N","01","2","00","3","0","3","3","2","N","N","39 59:16.325","75 05:31.572","1559","","1654","","0","","N","","3 ","","","","","","","","","","2","2","0","0","0","0","0","0","0","0","1","2","3","0","0","0","0","0","0","0","0","0","0","0","0","0","0","0","0","0","0","0","0","0","0","3","0","39.9878","-75.0921","","CRASH_2001_Philadelphia"
"2002018485","06","67","67301","67301","2001","07","4","1416","14","1","1","0","1","1","","","N","01","2","00","3","0","0","4","3","N","N","39 59:30.348","75 06:46.216","1418","","1417","","0","","Y","","3 ","","","","","","","","","","3","3","0","0","0","0","0","0","0","0","0","0","0","0","0","0","0","0","0","0","1","0","0","1","0","0","0","0","0","0","0","0","0","0","0","0","0","39.9917","-75.1128","","CRASH_2001_Philadelphia"
"2002023947","06","67","67301","67301","2001","08","2","0115","01","3","1","0","4","1","","","N","01","2","00","3","0","1","3","2","N","N","40 02:20.735","75 06:36.378","0130","","0126","","0","","N","","3 ","","","","","","","","","","2","2","0","0","0","0","0","0","0","0","0","1","1","0","2","0","0","0","0","0","1","0","0","0","0","0","0","0","0","0","0","0","0","0","0","4","0","40.0392","-75.11","","CRASH_2001_Philadelphia"
"2002032116","06","67","67301","67301","2001","09","1","1348","13","1","1","0","1","1","","","N","01","2","00","3","0","2","7","3","N","N","40 01:45.320","75 10:28.744","1400","","1350","","0","","N","","3 ","","","","","","","","","","3","3","0","0","0","0","0","0","0","0","0","2","2","0","0","0","0","0","0","0","1","0","0","0","0","0","0","0","0","0","0","0","0","0","0","4","0","40.0292","-75.1745","","CRASH_2001_Philadelphia"
"2002010553","06","67","67301","67301","2001","06","5","1347","13","1","1","0","2","1","","","N","00","0","00","3","0","1","2","2","N","N","39 59:45.010","75 11:28.772","1356","","1350","","0","","Y","","0 ","","","","","","","","","","2","1","0","0","1","0","0","0","0","0","1","0","1","0","0","0","0","0","0","0","1","1","0","0","0","0","0","0","0","0","0","0","0","0","0","3","0","39.9953","-75.1918","","CRASH_2001_Philadelphia"
"2002015180","06","67","67301","67301","2001","07","2","1843","18","1","1","0","1","1","","","N","00","2","00","3","0","1","2","2","N","N","40 02:57.480","75 05:11.760","1843","","1843","","0","","N","","3 ","","","","","","","","","","2","1","1","0","0","0","0","0","0","0","1","0","1","0","0","0","0","0","0","0","1","0","0","0","0","0","0","0","0","0","0","0","0","0","0","3","0","40.0494","-75.0865","","CRASH_2001_Philadelphia"
"2002023760","06","67","67301","67301","2001","08","1","2128","21","3","1","0","1","1","","","N","07","0","02","3","0","0","4","2","N","N","40 00:37.440","75 11:06.360","2141","","2131","","0","","N","","0 ","","","","","","","","","","2","2","0","0","0","0","0","0","0","0","0","0","0","0","0","0","0","0","0","0","0","1","0","0","0","0","0","0","0","0","0","0","0","0","0","0","0","40.0099","-75.1868","","CRASH_2001_Philadelphia"
"2002039587","06","67","67301","67301","2001","11","1","2330","23","3","1","0","2","1","","","N","03","3","00","3","0","0","2","2","N","N","40 00:55.804","75 08:59.731","0019","","0009","","0","","N","","2 ","","","","","","","","","","2","2","0","0","0","0","0","0","0","0","0","0","0","0","1","0","0","0","0","0","0","0","0","0","0","0","0","0","0","0","0","0","0","0","0","9","0","40.0153","-75.1498","","CRASH_2001_Philadelphia"
"2002042788","06","67","67301","67301","2001","12","6","2135","21","2","8","1","0","1","","","N","09","0","00","3","0","1","1","1","N","N","40 04:10.920","75 05:03.120","2141","","2138","","0","","N","","0 ","","","","","","","","","","1","0","0","0","1","0","0","0","0","0","0","1","1","0","0","0","0","0","0","0","0","0","0","0","0","0","0","0","0","0","0","0","0","0","0","4","0","40.0695","-75.0843","","CRASH_2001_Philadelphia"
"2002003111","06","67","67301","67301","2001","06","2","0230","02","3","1","0","4","1","","","N","01","2","00","3","0","2","3","2","N","N","40 01:33.794","75 07:19.120","0235","","0235","","0","","N","","3 ","","","","","","","","","","2","2","0","0","0","0","0","0","0","0","0","2","2","0","0","0","0","0","0","0","0","0","0","2","0","0","0","0","0","0","0","0","0","0","0","4","0","40.026","-75.122","","CRASH_2001_Philadelphia"
"2002042080","06","67","67301","67301","2001","12","7","1320","13","1","1","0","5","1","","","N","00","0","00","3","0","1","3","2","N","N","40 02:50.945","75 03:35.761","1330","","1325","","0","","N","","0 ","","","","","","","","","","2","2","0","0","0","0","0","0","0","0","0","1","1","0","0","0","0","0","0","0","1","0","0","0","0","0","0","0","0","0","0","0","0","0","0","4","0","40.0475","-75.06","","CRASH_2001_Philadelphia"
"2002042672","06","67","67301","67301","2001","12","1","0235","02","3","1","0","1","1","","","N","00","2","00","3","0","2","4","2","N","N","39 58:28.743","75 09:31.721","0235","","0235","","0","","N","","3 ","","","","","","","","","","2","2","0","0","0","0","0","0","0","0","0","2","2","0","0","0","0","0","0","0","1","0","0","2","0","0","0","0","0","0","0","0","0","0","0","4","0","39.9747","-75.1588","","CRASH_2001_Philadelphia"
"2002026287","06","67","67301","67301","2001","08","2","0936","09","1","1","0","1","1","","","N","01","2","00","3","0","0","2","2","N","N","39 58:15.563","75 09:20.410","0943","","0938","","0","","N","","3 ","","","","","","","","","","2","2","0","0","0","0","0","0","0","0","0","0","0","0","0","0","0","0","0","0","1","0","1","0","0","0","0","0","0","0","0","0","0","0","0","0","0","39.9709","-75.1557","","CRASH_2001_Philadelphia"
"2002033623","06","67","67301","67301","2001","10","6","1545","15","1","1","0","1","1","","","N","00","0","00","3","0","0","2","2","N","N","39 56:23.593","75 08:34.131","1605","","1524","","0","","N","","0 ","","","","","","","","","","2","2","0","0","0","0","0","0","0","0","0","0","0","0","0","0","0","0","0","1","0","0","0","0","0","0","0","0","0","0","0","0","0","0","0","0","0","39.9391","-75.1433","","CRASH_2001_Philadelphia"
"2002034775","06","67","67301","67301","2001","11","2","1006","10","1","1","0","5","1","","","N","00","2","00","3","0","1","3","3","N","N","40 01:31.862","75 07:20.100","1009","","1007","","0","","N","","3 ","","","","","","","","","","3","3","0","0","0","0","0","0","0","0","1","0","1","0","0","0","0","0","0","0","1","0","0","0","0","0","0","0","0","0","0","0","0","0","0","3","0","40.0255","-75.1225","","CRASH_2001_Philadelphia"
"2002037098","06","67","67301","67301","2001","12","7","1612","16","1","1","0","1","1","","","N","01","2","00","3","0","0","5","2","N","N","40 06:50.519","74 59:14.862","1626","","1615","","0","","N","","3 ","","","","","","","","","","2","2","0","0","0","0","0","0","0","0","0","0","0","0","0","0","0","0","0","0","0","0","0","0","0","0","0","0","0","0","0","0","0","0","0","0","0","40.114","-74.9876","","CRASH_2001_Philadelphia"
"2002043175","06","67","67301","67301","2001","12","4","2135","21","3","1","0","4","1","","","N","00","0","00","3","0","1","2","2","N","N","40 02:39.204","75 04:21.905","2142","","2138","","0","","N","","0 ","","","","","","","","","","2","2","0","0","0","0","0","0","0","0","0","1","1","0","0","0","0","0","0","0","0","0","0","0","0","0","0","0","0","0","0","0","0","0","0","4","0","40.0443","-75.0727","","CRASH_2001_Philadelphia"