"CRN","DISTRICT","COUNTY","MUNICIPALITY","POLICE_AGCY","CRASH_YEAR","CRASH_MONTH","DAY_OF_WEEK","TIME_OF_DAY","HOUR_OF_DAY","ILLUMINATION","WEATHER","ROAD_CONDITION","COLLISION_TYPE","RELATION_TO_ROAD","WORK_ZONE_TYPE","WORK_ZONE_LOC","WORK_ZONE_IND","INTERSECT_TYPE","TCD_TYPE","LOCATION_TYPE","URBAN_RURAL","FATAL_COUNT","INJURY_COUNT","PERSON_COUNT","TOTAL_UNITS","SCH_BUS_IND","SCH_ZONE_IND","LATITUDE","LONGITUDE","ARRIVAL_TM","CONS_ZONE_SPD_LIM","DISPATCH_TM","EST_HRS_CLOSED","LANE_CLOSED","LN_CLOSE_DIR","NTFY_HIWY_MAINT","SPEC_JURIS_CD","TCD_FUNC_CD","TFC_DETOUR_IND","WORKERS_PRES","WZ_CLOSE_DETOUR","WZ_FLAGGER","WZ_LAW_OFFCR_IND","WZ_LN_CLOSURE","WZ_MOVING","WZ_OTHER","WZ_SHLDER_MDN","VEHICLE_COUNT","AUTOMOBILE_COUNT","MOTORCYCLE_COUNT","BUS_COUNT","SMALL_TRUCK_COUNT","HEAVY_TRUCK_COUNT","SUV_COUNT","VAN_COUNT","BICYCLE_COUNT","MAJ_INJ_COUNT","MOD_INJ_COUNT","MIN_INJ_COUNT","TOT_INJ_COUNT","UNK_INJ_DEG_COUNT","UNK_INJ_PER_COUNT","DRIVER_COUNT_16YR","DRIVER_COUNT_17YR","DRIVER_COUNT_18YR","DRIVER_COUNT_19YR","DRIVER_COUNT_20YR","DRIVER_COUNT_50_64YR","DRIVER_COUNT_65_74YR","DRIVER_COUNT_75PLUS","UNBELTED_OCC_COUNT","UNB_DEATH_COUNT","UNB_MAJ_INJ_COUNT","BELTED_DEATH_COUNT","BELTED_MAJ_INJ_COUNT","MCYCLE_DEATH_COUNT","MCYCLE_MAJ_INJ_COUNT","BICYCLE_DEATH_COUNT","BICYCLE_MAJ_INJ_COUNT","PED_COUNT","PED_DEATH_COUNT","PED_MAJ_INJ_COUNT","MAX_SEVERITY_LEVEL","COMM_VEH_COUNT","DEC_LAT","DEC_LONG","RDWY_SURF_TYPE_CD","COUNTY_YEAR"
"2002045751","06","67","67301","67301","2001","10","6","1235","12","1","1","0","1","1","","","N","00","0","00","3","0","1","2","2","N","N","40 02:37.683","75 13:42.318","1254","","1250","","0","","N","","0 ","","","","","","","","","","2","2","0","0","0","0","0","0","0","0","0","1","1","0","0","0","0","0","0","0","1","0","0","0","0","0","0","0","0","0","0","0","0","0","0","4","0","40.0436","-75.2282","","CRASH_2001_Philadelphia"
"2002018382","06","67","67301","67301","2001","07","1","2200","22","3","2","1","4","1","","","N","01","2","00","3","0","1","3","2","N","N","39 56:58.589","75 09:14.056","2210","","2200","","0","","N","","9 ","","","","","","","","","","2","2","0","0","0","0","0","0","0","0","1","0","1","0","0","0","0","0","0","0","0","0","0","3","0","0","0","0","0","0","0","0","0","0","0","3","0","39.9496","-75.1539","","CRASH_2001_Philadelphia"
"2002041562","06","67","67301","67301","2001","12","5","2215","22","3","1","0","4","1","","","N","01","2","00","3","0","3","5","3","N","N","39 59:49.621","75 05:22.757","2250","","2236","","0","","N","","3 ","","","","","","","","","","3","2","0","0","1","0","0","0","0","0","0","3","3","0","0","0","0","1","0","0","0","0","0","0","0","0","0","0","0","0","0","0","0","0","0","4","0","39.9973","-75.0895","","CRASH_2001_Philadelphia"
"2002042142","06","67","67301","67301","2001","12","1","0034","00","6","2","1","1","1","","","N","02","2","00","3","0","2","2","2","N","N","39 56:24.040","75 11:57.813","0034","","0034","","0","","N","","3 ","","","","","","","","","","2","1","0","0","1","0","0","0","0","0","0","2","2","0","0","0","0","0","0","0","0","0","0","2","0","0","0","0","0","0","0","0","0","0","0","4","0","39.9399","-75.1997","","CRASH_2001_Philadelphia"
"2002043798","06","67","67301","67301","2001","11","3","0811","08","1","2","1","7","5","","","N","00","0","08","3","0","0","1","1","N","N","40 01:24.960","75 01:54.120","0815","","0811","","0","","Y","","0 ","","","","","","","","","","1","1","0","0","0","0","0","0","0","0","0","0","0","0","0","0","0","0","0","0","1","0","0","0","0","0","0","0","0","0","0","0","0","0","0","0","0","40.0234","-75.033","","CRASH_2001_Philadelphia"
"2002036258","06","67","67301","67301","2001","10","2","0725","07","1","1","0","1","1","","","N","00","0","00","3","0","1","3","2","N","N","40 00:55.616","75 10:37.574","1030","","1030","","0","","N","","0 ","","","","","","","","","","2","2","0","0","0","0","0","0","0","0","0","1","1","0","1","0","0","0","0","0","0","0","0","0","0","0","0","0","0","0","0","0","0","0","0","4","0","40.0154","-75.177","","CRASH_2001_Philadelphia"
"2001401085","06","67","67301","67301","2001","12","4","0310","03","3","1","0","7","1","","","N","00","0","00","3","1","0","1","1","N","N","39 58:58.440","75 12:29.160","9999","","9999","","0","","N","9","0 ","","","","","","","","","","1","0","1","0","0","0","0","0","0","0","0","0","0","0","0","0","0","0","0","1","0","0","0","0","0","0","0","0","1","0","0","0","0","0","0","1","0","39.983","-75.2081","2 ","CRASH_2001_Philadelphia"
"2002005833","06","67","67301","67301","2001","10","5","1400","14","1","1","0","8","1","","","N","01","2","00","3","0","1","3","2","N","N","39 55:17.686","75 08:53.645","1857","","1851","","0","","N","","3 ","","","","","","","","","","1","1","0","0","0","0","0","0","0","0","0","1","1","0","0","0","0","1","0","0","0","0","0","2","0","0","0","0","0","0","0","0","1","0","0","4","0","39.9216","-75.1482","","CRASH_2001_Philadelphia"
"2002019310","06","67","67301","67301","2001","07","7","0001","00","3","1","0","1","1","","","N","00","0","00","3","0","3","6","4","N","N","40 01:07.090","75 10:01.854","0034","","0034","1","1","2","N","","0 ","N","","","","","","","","","4","4","0","0","0","0","0","0","0","0","2","1","3","0","0","0","0","0","0","0","0","0","0","0","0","0","0","0","0","0","0","0","0","0","0","3","0","40.0186","-75.1669","","CRASH_2001_Philadelphia"
"2002031135","06","67","67301","67301","2001","10","7","2310","23","3","1","0","7","4","","","N","00","0","00","3","0","0","2","1","N","N","","","2315","","2310","","0","","N","","0 ","","","","","","","","","","1","1","0","0","0","0","0","0","0","0","0","0","0","0","0","0","0","1","0","0","0","0","0","0","0","0","0","0","0","0","0","0","0","0","0","0","0","","","","CRASH_2001_Philadelphia"
"2002031491","06","67","67301","67301","2001","10","3","1207","12","1","1","0","2","1","","","N","02","9","00","3","0","0","2","2","N","N","40 01:32.219","75 12:08.928","1808","","1808","","9","","N","","9 ","U","","","","","","","","","2","2","0","0","0","0","0","0","0","0","0","0","0","0","0","0","0","0","0","0","0","0","0","0","0","0","0","0","0","0","0","0","0","0","0","0","0","40.0257","-75.2025","","CRASH_2001_Philadelphia"
"2002017612","06","67","67301","67301","2001","08","2","1006","10","1","1","0","7","4","","","N","01","2","00","3","0","1","1","1","N","N","40 02:29.099","75 08:38.921","1012","","1008","","0","","N","","3 ","","","","","","","","","","1","0","0","0","1","0","0","0","0","0","0","1","1","0","0","0","0","0","0","1","0","0","0","0","0","0","0","0","0","0","0","0","0","0","0","4","0","40.0414","-75.1442","","CRASH_2001_Philadelphia"
"2002040167","06","67","67301","67301","2001","12","5","1300","13","1","2","1","7","4","","","N","00","0","00","3","0","1","1","1","N","N","40 02:37.075","75 01:11.741","1301","","1301","","0","","N","","0 ","","","","","","","","","","1","1","0","0","0","0","0","0","0","0","1","0","1","0","0","0","0","0","0","0","0","0","0","1","0","0","0","0","0","0","0","0","0","0","0","3","0","40.0435","-75.02","","CRASH_2001_Philadelphia"
"2002043604","06","67","67301","67301","2001","12","6","2030","20","3","1","0","4","1","","","N","05","2","00","3","0","0","4","2","N","N","40 04:01.071","75 09:29.843","2040","","2030","","0","","N","","3 ","","","","","","","","","","2","2","0","0","0","0","0","0","0","0","0","0","0","0","0","0","0","0","0","0","0","0","0","0","0","0","0","0","0","0","0","0","0","0","0","0","0","40.0669","-75.1583","","CRASH_2001_Philadelphia"
"2002045666","06","67","67301","67301","2001","10","4","1655","16","1","1","0","0","1","","","N","00","0","00","3","0","1","1","2","N","N","40 03:02.140","75 03:02.648","1700","","1655","","0","","N","","0 ","","","","","","","","","","1","0","1","0","0","0","0","0","0","0","0","1","1","0","0","0","0","0","0","0","0","0","0","0","0","0","0","0","0","0","0","0","0","0","0","4","0","40.0506","-75.0507","","CRASH_2001_Philadelphia"
"2002028149","06","67","67301","67301","2001","09","3","2012","20","3","1","0","1","1","","","N","00","0","00","3","0","0","3","2","N","N","39 57:49.622","75 11:03.059","2020","","2015","1","1","4","N","","0 ","N","","","","","","","","","2","2","0","0","0","0","0","0","0","0","0","0","0","0","0","0","0","0","0","0","0","0","0","0","0","0","0","0","0","0","0","0","0","0","0","0","0","39.9638","-75.1842","","CRASH_2001_Philadelphia"
"2002029541","06","67","67301","67301","2001","09","6","1230","12","1","2","8","1","1","","","N","00","0","00","3","0","1","2","3","N","N","40 01:40.158","75 05:18.601","1238","","1236","","0","","Y","","0 ","","","","","","","","","","3","3","0","0","0","0","0","0","0","0","0","1","1","0","0","0","0","0","0","0","0","0","0","0","0","0","0","0","0","0","0","0","0","0","0","4","0","40.0282","-75.0882","","CRASH_2001_Philadelphia"
"2002031479","06","67","67301","67301","2001","09","4","0620","06","1","1","0","4","1","","","N","01","2","00","3","0","2","3","2","N","N","39 57:15.038","75 12:09.179","0632","","0628","","0","","Y","","3 ","","","","","","","","","","2","2","0","0","0","0","0","0","0","0","2","0","2","0","0","0","0","0","0","0","0","0","0","0","0","0","0","0","0","0","0","0","0","0","0","3","0","39.9556","-75.2022","","CRASH_2001_Philadelphia"
"2002032190","06","67","67301","67301","2001","10","4","1047","10","1","1","0","4","1","","","N","01","2","00","3","0","3","3","2","N","N","40 02:07.780","75 08:43.667","1100","","1047","","0","","N","","3 ","","","","","","","","","","2","2","0","0","0","0","0","0","0","0","1","2","3","0","0","0","0","0","0","0","0","1","0","0","0","0","0","0","0","0","0","0","0","0","0","3","0","40.0352","-75.1455","","CRASH_2001_Philadelphia"
"2002034701","06","67","67301","67301","2001","11","6","1051","10","1","1","0","1","1","","","N","01","0","00","3","0","0","2","2","N","N","40 04:19.194","75 00:46.462","1102","","1102","","0","","N","","0 ","","","","","","","","","","2","1","0","0","0","1","0","0","0","0","0","0","0","0","0","0","0","0","0","0","1","0","0","0","0","0","0","0","0","0","0","0","0","0","0","0","1","40.0721","-75.013","","CRASH_2001_Philadelphia"
"2002010548","06","67","67301","67301","2001","06","7","1135","11","1","1","0","4","1","","","N","00","0","07","3","0","0","3","2","N","N","40 01:07.694","75 10:25.517","1150","","1140","","0","","N","","0 ","","","","","","","","","","2","2","0","0","0","0","0","0","0","0","0","0","0","0","0","0","0","0","0","1","1","0","0","0","0","0","0","0","0","0","0","0","0","0","0","0","0","40.0187","-75.1736","","CRASH_2001_Philadelphia"
"2002043610","06","67","67301","67301","2001","11","1","0930","09","1","1","0","8","1","","","N","00","9","00","3","0","1","2","2","N","N","40 01:45.610","75 10:29.253","1410","","1408","","0","","N","","9 ","","","","","","","","","","1","0","0","0","0","0","0","0","0","0","0","1","1","0","1","0","0","0","0","0","0","0","0","0","0","0","0","0","0","0","0","0","1","0","0","4","0","40.0293","-75.1747","","CRASH_2001_Philadelphia"
"2002045899","06","67","67301","67301","2001","10","7","1500","15","1","1","0","4","1","","","N","01","2","00","3","0","1","7","2","N","N","39 57:50.686","75 10:28.134","1510","","1507","","0","","N","","3 ","","","","","","","","","","1","1","0","0","0","0","0","0","1","0","0","1","1","0","0","0","0","0","0","0","0","0","0","0","0","0","0","0","0","0","0","0","0","0","0","4","0","39.9641","-75.1745","","CRASH_2001_Philadelphia"
"2002035142","06","67","67301","67301","2001","11","4","1546","15","1","1","0","4","1","","","N","01","2","00","3","0","1","2","2","N","N","40 03:08.256","75 00:28.503","1550","","1545","","0","","N","","3 ","","","","","","","","","","2","1","1","0","0","0","0","0","0","0","0","1","1","0","0","0","0","0","0","0","0","0","0","0","0","0","0","0","0","0","0","0","0","0","0","4","0","40.0524","-75.0079","","CRASH_2001_Philadelphia"
"2002038335","06","67","67301","67301","2001","11","7","1745","17","3","1","0","5","1","","","N","00","0","00","3","0","1","2","2","N","N","40 03:03.583","75 03:58.487","1748","","1747","","0","","N","","0 ","","","","","","","","","","2","2","0","0","0","0","0","0","0","0","0","1","1","0","0","0","0","0","0","0","1","0","0","0","0","0","0","0","0","0","0","0","0","0","0","4","0","40.051","-75.0662","","CRASH_2001_Philadelphia"
"2002039392","06","67","67301","67301","2001","12","3","1550","15","1","1","0","5","1","","","N","00","0","00","3","0","1","2","3","N","N","","","1555","","1550","","0","","N","","0 ","","","","","","","","","","3","3","0","0","0","0","0","0","0","0","0","1","1","0","1","0","0","0","0","0","0","0","0","2","0","0","0","0","0","0","0","0","0","0","0","4","0","","","","CRASH_2001_Philadelphia"
"2002031196","06","67","67301","67301","2001","10","4","2237","22","3","1","0","5","4","","","N","02","0","00","3","0","0","1","2","N","N","40 00:16.234","75 05:36.756","2241","","2237","","0","","N","","0 ","","","","","","","","","","2","2","0","0","0","0","0","0","0","0","0","0","0","0","0","0","0","0","0","0","0","0","0","0","0","0","0","0","0","0","0","0","0","0","0","0","0","40.0045","-75.0935","","CRASH_2001_Philadelphia"
"2002037690","06","67","67301","67301","2001","11","6","0910","09","1","1","0","8","1","","","N","02","0","00","3","0","1","2","2","N","N","39 54:50.689","75 09:00.465","0918","","0915","","0","","N","","0 ","","","","","","","","","","1","0","0","1","0","0","0","0","0","0","0","1","1","0","0","0","0","0","0","0","1","0","0","0","0","0","0","0","0","0","0","0","1","0","0","4","1","39.9143","-75.1512","","CRASH_2001_Philadelphia"
"2002010498","06","67","67301","67301","2001","07","5","1710","17","1","1","0","8","9","","","N","01","2","00","3","0","1","2","2","N","N","40 01:44.248","75 12:38.326","1820","","1820","","0","","N","","3 ","","","","","","","","","","1","1","0","0","0","0","0","0","0","0","1","0","1","0","0","0","0","0","0","0","0","0","0","0","0","0","0","0","0","0","0","0","1","0","0","3","0","40.029","-75.2106","","CRASH_2001_Philadelphia"
"2002018532","06","67","67301","06301","2001","08","7","0136","01","3","1","0","3","1","","","N","01","2","00","3","0","0","7","2","N","N","39 59:40.448","75 09:35.492","0136","","0136","","0","","Y","","3 ","","","","","","","","","","2","2","0","0","0","0","0","0","0","0","0","0","0","0","0","0","0","0","0","0","0","0","0","7","0","0","0","0","0","0","0","0","0","0","0","0","0","39.9946","-75.1598","","CRASH_2001_Philadelphia"
"2002023928","06","67","67301","67301","2001","07","7","1239","12","1","1","0","1","1","","","N","00","0","01","3","0","2","9","4","N","N","39 57:31.656","75 10:13.377","1310","","1300","3","2","3","N","","0 ","Y","","","","","","","","","4","4","0","0","0","0","0","0","0","0","0","2","2","0","0","0","0","0","0","0","0","1","0","0","0","0","0","0","0","0","0","0","0","0","0","4","0","39.9588","-75.1705","","CRASH_2001_Philadelphia"
"2002035279","06","67","67301","67301","2001","11","7","1525","15","1","1","0","1","1","","","N","00","0","00","3","0","1","6","5","N","N","40 05:39.738","75 00:54.527","1535","","1525","","0","","N","","0 ","","","","","","","","","","5","5","0","0","0","0","0","0","0","0","0","1","1","0","0","0","0","1","0","0","0","0","1","0","0","0","0","0","0","0","0","0","0","0","0","4","0","40.0943","-75.0152","","CRASH_2001_Philadelphia"
"2002048185","06","67","67301","67301","2001","10","3","1416","14","1","1","0","4","1","","","N","01","2","00","3","0","1","2","2","N","N","40 01:20.359","75 09:43.405","1421","","1418","","0","","N","","3 ","","","","","","","","","","2","1","0","0","0","1","0","0","0","0","0","1","1","0","0","0","0","0","0","0","0","0","0","0","0","0","0","0","0","0","0","0","0","0","0","4","1","40.0223","-75.162","","CRASH_2001_Philadelphia"
"2002023024","06","67","67301","67301","2001","08","1","1820","18","1","1","0","4","1","","","N","00","0","07","3","0","4","6","2","N","N","40 03:18.742","75 04:22.993","1835","","1832","","0","","N","","0 ","","","","","","","","","","2","2","0","0","0","0","0","0","0","0","0","4","4","0","0","0","0","0","0","0","0","0","0","2","0","0","0","0","0","0","0","0","0","0","0","4","0","40.0552","-75.0731","","CRASH_2001_Philadelphia"
"2002039667","06","67","67301","67301","2001","11","3","0600","06","5","2","1","5","1","","","N","00","0","00","3","0","1","2","2","N","N","39 57:14.178","75 12:02.178","0635","","0631","","0","","N","","0 ","","","","","","","","","","2","2","0","0","0","0","0","0","0","0","0","1","1","0","0","0","0","0","0","0","0","0","0","0","0","0","0","0","0","0","0","0","0","0","0","4","0","39.9554","-75.2003","","CRASH_2001_Philadelphia"
"2002040123","06","67","67301","67301","2001","11","5","0120","01","3","1","0","4","1","","","N","02","3","00","3","0","3","4","3","N","N","39 55:49.503","75 10:05.905","0123","","0123","","0","","N","","3 ","","","","","","","","","","3","2","0","0","1","0","0","0","0","0","2","1","3","0","0","0","0","0","0","0","0","0","0","0","0","0","0","0","0","0","0","0","0","0","0","3","0","39.9304","-75.1683","","CRASH_2001_Philadelphia"
"2002034773","06","67","67301","67301","2001","11","5","1248","12","1","1","0","1","2","","","N","01","0","00","3","0","5","14","2","N","N","39 59:38.011","75 09:16.777","1315","","1310","","0","","N","","0 ","","","","","","","","","","2","1","0","1","0","0","0","0","0","0","0","5","5","0","0","0","0","0","0","0","1","0","0","0","0","0","0","0","0","0","0","0","0","0","0","4","1","39.9939","-75.1545","","CRASH_2001_Philadelphia"
"2002039512","06","67","67301","67301","2001","11","7","0902","09","1","1","0","7","2","","","N","01","2","06","3","0","1","1","1","N","N","40 04:51.142","75 12:09.740","0906","","0902","","0","","Y","","3 ","","","","","","","","","","1","1","0","0","0","0","0","0","0","0","0","1","1","0","0","0","0","0","0","0","1","0","0","0","0","0","0","0","0","0","0","0","0","0","0","4","0","40.0809","-75.2027","","CRASH_2001_Philadelphia"
"2002045874","06","67","67301","67301","2001","10","4","0659","06","1","1","0","1","1","","","N","06","0","02","3","0","1","3","2","N","N","39 56:58.560","75 11:02.040","0709","","0659","","0","","N","","0 ","","","","","","","","","","2","2","0","0","0","0","0","0","0","1","0","0","1","0","0","0","0","0","0","0","0","0","0","2","0","0","0","0","0","0","0","0","0","0","0","2","0","39.9496","-75.1841","","CRASH_2001_Philadelphia"
"2002014517","06","67","67301","67301","2001","07","3","2015","20","3","1","0","9","1","","","N","01","2","00","3","0","2","2","2","N","N","40 02:12.583","75 02:26.269","2030","","2025","","0","","N","","2 ","","","","","","","","","","2","2","0","0","0","0","0","0","0","0","0","2","2","0","0","0","0","0","0","0","0","0","0","0","0","0","0","0","0","0","0","0","0","0","0","4","0","40.0368","-75.0405","","CRASH_2001_Philadelphia"
"2002020140","06","67","67301","67301","2001","06","7","2025","20","1","1","0","8","1","","","N","01","2","00","3","0","1","3","2","N","N","39 55:01.789","75 14:47.151","9999","","2025","","0","","N","","2 ","","","","","","","","","","1","1","0","0","0","0","0","0","0","0","0","1","1","0","0","0","0","0","0","0","0","0","0","0","0","0","0","0","0","0","0","0","1","0","0","4","0","39.917","-75.2462","","CRASH_2001_Philadelphia"
"2002027361","06","67","67301","67301","2001","09","4","1400","14","1","1","0","1","6","","","N","00","0","00","3","0","1","2","3","N","N","40 04:10.612","75 03:02.592","1415","","1410","","0","","N","","0 ","","","","","","","","","","3","2","0","0","1","0","0","0","0","0","1","0","1","0","0","0","0","0","0","0","0","0","1","0","0","0","0","0","0","0","0","0","0","0","0","3","0","40.0699","-75.0505","","CRASH_2001_Philadelphia"
"2002048193","06","67","67301","67301","2001","10","2","1530","15","1","1","0","4","1","","","N","01","2","00","3","0","3","5","3","N","N","40 01:41.103","75 06:35.751","1620","","1616","","0","","N","","3 ","","","","","","","","","","3","3","0","0","0","0","0","0","0","0","0","3","3","0","0","0","0","0","0","0","1","0","0","0","0","0","0","0","0","0","0","0","0","0","0","4","0","40.0283","-75.1098","","CRASH_2001_Philadelphia"
"2002023675","06","67","67301","67301","2001","08","7","1104","11","1","1","0","1","1","","","N","01","2","00","3","0","3","5","2","N","N","40 04:28.498","75 02:06.297","1115","","1115","","0","","N","","3 ","","","","","","","","","","2","0","0","1","1","0","0","0","0","0","0","3","3","0","0","0","0","0","0","0","0","0","0","0","0","0","0","0","0","0","0","0","0","0","0","4","1","40.0746","-75.0351","","CRASH_2001_Philadelphia"
"2002027598","06","67","67301","67301","2001","09","5","0508","05","2","1","0","7","2","","","N","00","0","03","3","0","0","1","1","N","N","39 53:18.429","75 14:25.796","0515","","0508","2","2","4","N","","0 ","N","","","","","","","","","1","1","0","0","0","0","0","0","0","0","0","0","0","0","0","0","0","0","0","0","0","0","0","0","0","0","0","0","0","0","0","0","0","0","0","0","0","39.8889","-75.2469","","CRASH_2001_Philadelphia"
"2002033547","06","67","67301","67301","2001","11","7","1438","14","1","1","0","8","1","","","N","00","0","00","3","0","1","2","2","N","N","40 01:55.000","75 03:59.000","1510","","1503","","0","","N","","0 ","","","","","","","","","","1","1","0","0","0","0","0","0","0","0","0","1","1","0","0","0","0","0","0","0","0","0","0","0","0","0","0","0","0","0","0","0","1","0","0","4","0","40.0319","-75.0664","","CRASH_2001_Philadelphia"
"2002034695","06","67","67301","67301","2001","10","7","1400","14","1","1","0","5","1","","","N","00","0","00","3","0","0","2","2","N","N","40 02:12.286","75 03:45.186","1413","","1409","","0","","N","","0 ","","","","","","","","","","2","1","0","0","1","0","0","0","0","0","0","0","0","0","0","0","0","1","0","1","0","0","0","0","0","0","0","0","0","0","0","0","0","0","0","0","0","40.0367","-75.0625","","CRASH_2001_Philadelphia"
"2002043626","06","67","67301","67301","2001","12","5","1300","13","1","9","0","1","2","","","N","01","2","00","3","0","1","3","2","N","N","39 57:24.413","75 11:52.898","1921","","1921","","0","","N","","9 ","","","","","","","","","","2","2","0","0","0","0","0","0","0","0","0","1","1","0","2","0","0","0","0","0","0","1","0","0","0","0","0","0","0","0","0","0","0","0","0","4","0","39.9566","-75.198","","CRASH_2001_Philadelphia"
"2002043658","06","67","67301","67301","2001","11","7","1737","17","1","1","0","8","1","","","N","02","3","00","3","0","1","2","2","N","N","39 58:30.890","75 15:43.144","1743","","1737","","0","","N","","3 ","","","","","","","","","","1","1","0","0","0","0","0","0","0","0","0","1","1","0","0","0","0","0","0","0","0","0","0","0","0","0","0","0","0","0","0","0","1","0","0","4","0","39.9753","-75.2621","","CRASH_2001_Philadelphia"
"2002031486","06","67","67301","67301","2001","10","1","0225","02","3","1","0","5","1","","","N","01","2","00","3","0","1","4","2","N","N","40 00:04.096","75 13:34.965","0250","","0244","","0","","N","","3 ","","","","","","","","","","2","1","0","1","0","0","0","0","0","0","1","0","1","0","0","0","0","0","0","0","0","0","0","1","0","0","0","0","0","0","0","0","0","0","0","3","1","40.0012","-75.2264","","CRASH_2001_Philadelphia"
"2002032092","06","67","67301","67301","2001","10","2","0800","08","1","1","0","4","1","","","N","01","3","00","3","0","1","3","3","Y","N","","","0805","","0801","","0","","N","","9 ","","","","","","","","","","3","2","0","1","0","0","0","0","0","0","0","1","1","0","0","0","0","0","0","0","1","0","0","0","0","0","0","0","0","0","0","0","0","0","0","4","1","","","","CRASH_2001_Philadelphia"
"2002032122","06","67","67301","67301","2001","10","2","0820","08","1","1","0","1","1","","","N","00","0","00","3","0","0","2","2","N","N","40 01:49.114","75 12:06.607","0935","","0920","","0","","N","","0 ","","","","","","","","","","2","2","0","0","0","0","0","0","0","0","0","0","0","0","0","0","0","0","0","0","0","0","0","0","0","0","0","0","0","0","0","0","0","0","0","0","0","40.0302","-75.202","","CRASH_2001_Philadelphia"
"2002040101","06","67","67301","67301","2001","12","5","0300","03","3","2","1","1","6","","","N","00","0","00","3","0","1","1","3","N","N","40 04:03.043","75 09:56.078","0305","","0301","","0","","N","","0 ","","","","","","","","","","3","3","0","0","0","0","0","0","0","0","1","0","1","0","0","0","0","0","0","0","0","0","0","0","0","0","0","0","0","0","0","0","0","0","0","3","0","40.0675","-75.1656","","CRASH_2001_Philadelphia"
"2006104819","06","67","67301","67301","2001","08","6","1720","17","1","1","0","1","1","","","N","00","0","00","3","0","1","2","2","N","N","40 03:00.000","75 05:42.686","1736","","1730","1","1","2","N","","0 ","Y","","","","","","","","","2","2","0","0","0","0","0","0","0","0","0","0","1","1","0","0","0","0","0","0","0","0","0","0","0","0","0","0","0","0","0","0","0","0","0","8","0","40.05","-75.0952","","CRASH_2001_Philadelphia"
"2002029460","06","67","67301","67301","2001","09","4","0920","09","1","1","0","8","1","","","N","01","2","00","3","0","1","2","2","N","N","40 00:04.096","75 13:34.965","0930","","0923","","0","","N","","3 ","","","","","","","","","","1","1","0","0","0","0","0","0","0","0","1","0","1","0","0","0","0","1","0","0","0","0","0","0","0","0","0","0","0","0","0","0","1","0","0","3","0","40.0012","-75.2264","","CRASH_2001_Philadelphia"
"2002034048","06","67","67301","67301","2001","11","6","1330","13","1","1","0","5","1","","","N","01","2","00","3","0","1","3","3","N","N","40 04:51.257","75 01:44.143","1350","","1340","","9","","N","","3 ","U","","","","","","","","","3","3","0","0","0","0","0","0","0","0","0","1","1","0","0","0","0","0","0","0","2","0","0","0","0","0","0","0","0","0","0","0","0","0","0","4","0","40.081","-75.0289","","CRASH_2001_Philadelphia"
"2002035733","06","67","67301","67301","2001","11","7","1144","11","1","1","0","6","1","","","N","01","2","00","3","0","5","6","2","N","N","39 57:06.764","75 08:36.148","1153","","1147","","0","","N","","3 ","","","","","","","","","","2","2","0","0","0","0","0","0","0","0","1","4","5","0","0","0","0","0","0","0","0","0","0","1","0","0","0","0","0","0","0","0","0","0","0","3","0","39.9519","-75.1433","","CRASH_2001_Philadelphia"
"2002043692","06","67","67301","67301","2001","11","7","1400","14","1","1","0","4","1","","","N","01","2","00","3","0","1","2","2","N","N","40 05:12.467","74 58:19.071","9999","","9999","","0","","N","","3 ","","","","","","","","","","2","2","0","0","0","0","0","0","0","0","0","1","1","0","0","0","0","0","0","0","0","0","0","0","0","0","0","0","0","0","0","0","0","0","0","4","0","40.0868","-74.9719","","CRASH_2001_Philadelphia"
"2001283605","06","67","67301","67301","2001","05","2","1618","16","1","1","0","8","1","","","N","00","0","00","3","0","1","2","2","Y","N","","","9999","","9999","","0","","N","","0 ","","","","","","","","","","1","0","0","1","0","0","0","0","0","1","0","0","1","0","0","0","0","0","0","0","0","0","0","0","0","0","0","0","0","0","0","0","1","0","1","2","1","","","","CRASH_2001_Philadelphia"
"2002045786","06","67","67301","67301","2001","10","4","1148","11","1","1","8","8","1","","","N","02","2","00","3","0","1","2","2","N","N","40 03:44.160","75 02:33.413","1200","","1152","","0","","N","","3 ","","","","","","","","","","1","1","0","0","0","0","0","0","0","0","1","0","1","0","0","0","0","0","0","0","0","0","0","0","0","0","0","0","0","0","0","0","1","0","0","3","0","40.0624","-75.0427","","CRASH_2001_Philadelphia"
"2002017510","06","67","67301","67301","2001","08","2","0845","08","1","1","0","4","1","","","N","01","0","00","3","0","0","2","2","N","N","39 58:25.669","75 12:23.282","0925","","0920","","0","","N","","0 ","","","","","","","","","","1","1","0","0","0","0","0","0","0","0","0","0","0","0","1","0","0","0","0","0","0","0","1","0","0","0","0","0","0","0","0","0","1","0","0","9","0","39.9739","-75.2064","","CRASH_2001_Philadelphia"
"2002020130","06","67","67301","67301","2001","07","5","1305","13","1","1","0","4","1","","","N","01","2","00","3","0","12","13","2","N","N","","","1310","","1305","1","2","2","N","","3 ","Y","","","","","","","","","2","0","0","1","1","0","0","0","0","0","0","12","12","0","0","0","0","0","0","0","1","0","0","0","0","0","0","0","0","0","0","0","0","0","0","4","1","","","","CRASH_2001_Philadelphia"
"2002036265","06","67","67301","67301","2001","11","1","2343","23","3","1","0","4","1","","","N","05","2","00","3","0","2","3","2","N","N","40 01:39.089","75 06:35.808","0002","","2354","2","1","1","N","","3 ","Y","","","","","","","","","2","2","0","0","0","0","0","0","0","0","0","2","2","0","0","0","0","0","0","0","0","0","0","0","0","0","0","0","0","0","0","0","0","0","0","4","0","40.0276","-75.1101","","CRASH_2001_Philadelphia"