"CRN","DISTRICT","COUNTY","MUNICIPALITY","POLICE_AGCY","CRASH_YEAR","CRASH_MONTH","DAY_OF_WEEK","TIME_OF_DAY","HOUR_OF_DAY","ILLUMINATION","WEATHER","ROAD_CONDITION","COLLISION_TYPE","RELATION_TO_ROAD","WORK_ZONE_TYPE","WORK_ZONE_LOC","WORK_ZONE_IND","INTERSECT_TYPE","TCD_TYPE","LOCATION_TYPE","URBAN_RURAL","FATAL_COUNT","INJURY_COUNT","PERSON_COUNT","TOTAL_UNITS","SCH_BUS_IND","SCH_ZONE_IND","LATITUDE","LONGITUDE","ARRIVAL_TM","CONS_ZONE_SPD_LIM","DISPATCH_TM","EST_HRS_CLOSED","LANE_CLOSED","LN_CLOSE_DIR","NTFY_HIWY_MAINT","SPEC_JURIS_CD","TCD_FUNC_CD","TFC_DETOUR_IND","WORKERS_PRES","WZ_CLOSE_DETOUR","WZ_FLAGGER","WZ_LAW_OFFCR_IND","WZ_LN_CLOSURE","WZ_MOVING","WZ_OTHER","WZ_SHLDER_MDN","VEHICLE_COUNT","AUTOMOBILE_COUNT","MOTORCYCLE_COUNT","BUS_COUNT","SMALL_TRUCK_COUNT","HEAVY_TRUCK_COUNT","SUV_COUNT","VAN_COUNT","BICYCLE_COUNT","MAJ_INJ_COUNT","MOD_INJ_COUNT","MIN_INJ_COUNT","TOT_INJ_COUNT","UNK_INJ_DEG_COUNT","UNK_INJ_PER_COUNT","DRIVER_COUNT_16YR","DRIVER_COUNT_17YR","DRIVER_COUNT_18YR","DRIVER_COUNT_19YR","DRIVER_COUNT_20YR","DRIVER_COUNT_50_64YR","DRIVER_COUNT_65_74YR","DRIVER_COUNT_75PLUS","UNBELTED_OCC_COUNT","UNB_DEATH_COUNT","UNB_MAJ_INJ_COUNT","BELTED_DEATH_COUNT","BELTED_MAJ_INJ_COUNT","MCYCLE_DEATH_COUNT","MCYCLE_MAJ_INJ_COUNT","BICYCLE_DEATH_COUNT","BICYCLE_MAJ_INJ_COUNT","PED_COUNT","PED_DEATH_COUNT","PED_MAJ_INJ_COUNT","MAX_SEVERITY_LEVEL","COMM_VEH_COUNT","DEC_LAT","DEC_LONG","RDWY_SURF_TYPE_CD","COUNTY_YEAR"
"2002036253","06","67","67301","67301","2001","11","7","1446","14","1","1","1","2","1","","","N","01","3","00","3","0","0","2","2","N","N","40 03:49.673","75 10:22.325","1451","","1447","","0","","N","","3 ","","","","","","","","","","2","2","0","0","0","0","0","0","0","0","0","0","0","0","0","0","0","0","0","0","1","0","0","1","0","0","0","0","0","0","0","0","0","0","0","0","0","40.0638","-75.1729","","CRASH_2001_Philadelphia"
"2002039478","06","67","67301","67301","2001","11","7","0415","04","3","1","0","1","1","","","N","07","0","02","3","0","1","3","2","N","N","39 57:28.000","75 08:38.000","0420","","0417","3","1","2","Y","","0 ","N","","","","","","","","","2","1","0","0","0","1","0","0","0","0","1","0","1","0","0","0","0","0","0","0","0","0","0","0","0","0","0","0","0","0","0","0","0","0","0","3","1","39.9684","-75.1295","","CRASH_2001_Philadelphia"
"2002045886","06","67","67301","67301","2001","10","1","1907","19","1","1","0","4","1","","","N","02","2","00","3","0","1","2","2","N","N","39 57:35.497","75 14:09.630","1948","","1947","","0","","N","","3 ","","","","","","","","","","2","1","0","0","1","0","0","0","0","1","0","0","1","0","0","0","0","0","0","0","0","0","0","1","0","0","0","0","0","0","0","0","0","0","0","2","0","39.9584","-75.2375","","CRASH_2001_Philadelphia"
"2002016740","06","67","67301","67301","2001","07","5","1330","13","1","1","0","8","1","","","N","01","2","00","3","0","1","2","2","N","N","40 00:35.687","75 09:04.123","1338","","1330","","0","","N","","3 ","","","","","","","","","","1","1","0","0","0","0","0","0","0","0","0","1","1","0","0","0","0","0","0","0","1","0","0","0","0","0","0","0","0","0","0","0","1","0","0","4","0","40.0098","-75.151","","CRASH_2001_Philadelphia"
"2002017186","06","67","67301","67301","2001","07","7","1930","19","3","1","0","7","2","","","N","00","0","99","3","0","1","1","1","N","N","40 00:53.575","75 09:24.569","1000","","2000","1","2","6","N","","0 ","Y","","","","","","","","","1","1","0","0","0","0","0","0","0","0","0","1","1","0","0","0","0","0","0","0","0","1","0","0","0","0","0","0","0","0","0","0","0","0","0","4","0","40.0148","-75.1568","","CRASH_2001_Philadelphia"
"2002025171","06","67","67301","67301","2001","08","1","1036","10","1","2","1","0","2","","","N","00","0","02","3","0","1","1","1","N","N","39 53:29.760","75 13:49.800","1040","","1037","","0","","N","","0 ","","","","","","","","","","1","0","0","0","1","0","0","0","0","0","1","0","1","0","0","0","0","0","0","0","0","0","0","0","0","0","0","0","0","0","0","0","0","0","0","3","0","39.8918","-75.2307","","CRASH_2001_Philadelphia"
"2002026500","06","67","67301","67301","2001","09","1","1152","11","1","1","0","7","4","","","N","01","2","00","3","0","1","1","1","N","N","40 02:24.258","75 08:39.977","1156","","1152","","0","","N","","3 ","","","","","","","","","","1","1","0","0","0","0","0","0","0","0","0","1","1","0","0","0","0","0","0","0","0","1","0","1","0","0","0","0","0","0","0","0","0","0","0","4","0","40.0398","-75.1445","","CRASH_2001_Philadelphia"
"2002029543","06","67","67301","67301","2001","09","6","1821","18","1","1","0","1","1","","","N","00","0","00","3","0","1","2","2","N","N","39 57:14.858","75 08:27.563","1829","","1821","1","2","1","N","","0 ","N","","","","","","","","","2","1","0","0","1","0","0","0","0","0","0","1","1","0","0","0","0","0","0","0","1","0","0","1","0","0","0","0","0","0","0","0","0","0","0","4","0","39.9535","-75.1409","","CRASH_2001_Philadelphia"
"2002037168","06","67","67301","67301","2001","11","7","0355","03","6","1","0","7","2","","","N","00","0","00","3","0","0","1","1","N","N","39 53:35.160","75 14:03.120","0405","","0400","1","1","2","N","","0 ","N","","","","","","","","","1","1","0","0","0","0","0","0","0","0","0","0","0","0","0","0","0","0","0","0","0","0","0","0","0","0","0","0","0","0","0","0","0","0","0","0","0","39.8932","-75.2333","","CRASH_2001_Philadelphia"
"2002032492","06","67","67301","67301","2001","10","4","0811","08","1","1","0","8","1","","","N","01","2","00","3","0","1","2","2","N","N","39 56:43.000","75 09:54.269","0830","","0811","","0","","N","","3 ","","","","","","","","","","1","0","0","0","1","0","0","0","0","0","0","1","1","0","0","0","0","0","0","0","0","0","0","1","0","0","0","0","0","0","0","0","1","0","0","4","0","39.9456","-75.165","","CRASH_2001_Philadelphia"
"2002033606","06","67","67301","67301","2001","09","1","0524","05","3","1","0","4","1","","","N","01","2","00","3","0","0","3","3","N","N","40 01:26.929","75 07:49.034","0535","","0529","","0","","Y","","3 ","","","","","","","","","","3","3","0","0","0","0","0","0","0","0","0","0","0","0","1","0","0","0","0","0","1","0","0","0","0","0","0","0","0","0","0","0","0","0","0","9","0","40.0241","-75.1305","","CRASH_2001_Philadelphia"
"2002037073","06","67","67301","67301","2001","11","1","1400","14","1","1","0","0","1","","","N","01","2","00","3","0","1","2","1","N","N","39 57:06.614","75 09:35.267","1409","","1405","","0","","N","","3 ","","","","","","","","","","1","0","0","1","0","0","0","0","0","0","1","0","1","0","0","0","0","0","0","0","0","0","0","0","0","0","0","0","0","0","0","0","0","0","0","3","1","39.9519","-75.1599","","CRASH_2001_Philadelphia"
"2002038806","06","67","67301","67301","2001","12","3","2040","20","3","1","0","4","1","","","N","00","9","07","3","0","0","2","2","N","N","40 05:12.000","75 13:47.000","2205","","2159","","0","","N","","9 ","","","","","","","","","","2","2","0","0","0","0","0","0","0","0","0","0","0","0","0","0","0","0","0","0","0","0","0","0","0","0","0","0","0","0","0","0","0","0","0","0","0","40.0867","-75.2297","","CRASH_2001_Philadelphia"
"2002040130","06","67","67301","67301","2001","12","7","1038","10","1","1","0","2","1","","","N","00","0","00","3","0","3","3","2","N","N","40 01:32.566","75 12:07.060","1038","","1038","","0","","N","","0 ","","","","","","","","","","2","2","0","0","0","0","0","0","0","0","1","2","3","0","0","0","0","0","0","0","1","0","0","1","0","0","0","0","0","0","0","0","0","0","0","3","0","40.0257","-75.202","","CRASH_2001_Philadelphia"
"2002061183","06","67","67301","67301","2001","09","5","0929","09","1","1","0","1","1","","","N","01","9","00","3","0","1","2","2","N","N","40 00:43.000","75 06:48.000","1011","","0955","","0","","N","","9 ","","","","","","","","","","2","1","0","0","1","0","0","0","0","0","0","1","1","0","0","0","0","0","0","0","0","0","1","0","0","0","0","0","0","0","0","0","0","0","0","4","0","40.0119","-75.1133","","CRASH_2001_Philadelphia"
"2002012233","06","67","67301","67301","2001","07","7","1351","13","1","1","0","4","1","","","N","00","0","00","3","0","1","2","2","N","N","39 57:43.657","75 12:13.770","1355","","1351","","0","","N","","0 ","","","","","","","","","","1","1","0","0","0","0","0","0","1","0","0","1","1","0","1","0","0","0","0","0","0","0","0","0","0","0","0","0","0","0","0","0","0","0","0","4","0","39.9621","-75.2038","","CRASH_2001_Philadelphia"
"2002037159","06","67","67301","67301","2001","11","5","0905","09","1","2","1","4","1","","","N","01","2","00","3","0","1","2","2","N","N","39 57:33.000","75 10:31.000","0909","","0906","2","1","1","N","","3 ","N","","","","","","","","","2","2","0","0","0","0","0","0","0","0","0","1","1","0","0","0","0","0","0","0","0","0","0","1","0","0","0","0","0","0","0","0","0","0","0","4","0","39.9592","-75.1753","","CRASH_2001_Philadelphia"
"2002040182","06","67","67301","67301","2001","11","6","2300","23","2","1","0","8","1","","","N","00","0","00","3","0","1","3","2","N","N","","","1205","","1159","","0","","N","","0 ","","","","","","","","","","1","1","0","0","0","0","0","0","0","0","0","1","1","0","2","0","0","0","0","0","0","0","0","0","0","0","0","0","0","0","0","0","1","0","0","4","0","","","","CRASH_2001_Philadelphia"
"2002028278","06","67","67301","67301","2001","09","4","1610","16","1","1","0","8","6","","","N","00","0","00","3","0","1","2","2","N","N","40 02:40.317","75 08:36.862","1610","","1610","","0","","N","","0 ","","","","","","","","","","1","0","0","0","1","0","0","0","0","0","1","0","1","0","0","0","0","0","0","0","0","0","0","0","0","0","0","0","0","0","0","0","1","0","0","3","0","40.0445","-75.1435","","CRASH_2001_Philadelphia"
"2002028499","06","67","67301","67301","2001","09","6","2240","22","3","1","0","1","1","","","N","07","0","02","3","0","1","2","2","N","N","39 56:57.824","75 11:04.082","1246","","1244","","0","","N","","0 ","","","","","","","","","","2","2","0","0","0","0","0","0","0","0","0","1","1","0","0","0","0","0","0","0","0","0","0","0","0","0","0","0","0","0","0","0","0","0","0","4","0","39.9495","-75.1843","","CRASH_2001_Philadelphia"
"2002029371","06","67","67301","46104","2001","10","6","1520","15","1","1","0","1","1","","","N","00","0","00","3","0","0","2","2","N","N","39 59:18.246","75 15:13.416","1531","","1529","","0","","N","","0 ","","","","","","","","","","2","1","0","0","0","0","0","0","0","0","0","0","0","0","1","0","0","0","0","0","0","0","0","0","0","0","0","0","0","0","0","0","0","0","0","9","0","39.9884","-75.2538","","CRASH_2001_Philadelphia"
"2002023031","06","67","67301","67301","2001","08","4","1640","16","1","1","0","8","1","","","N","00","0","00","3","0","1","2","2","N","N","40 00:03.000","75 04:11.000","1740","","1702","","0","","N","","0 ","","","","","","","","","","1","1","0","0","0","0","0","0","0","0","1","0","1","0","0","0","0","0","0","0","1","0","0","0","0","0","0","0","0","0","0","0","1","0","0","3","0","40.0008","-75.0697","","CRASH_2001_Philadelphia"
"2002043622","06","67","67301","67301","2001","12","1","0600","06","3","1","0","8","1","","","N","01","2","00","3","0","1","2","2","N","N","40 01:42.000","75 03:28.478","0603","","0600","","0","","N","","3 ","","","","","","","","","","1","1","0","0","0","0","0","0","0","0","0","1","1","0","0","0","0","0","0","0","1","0","0","0","0","0","0","0","0","0","0","0","1","0","0","4","0","40.0285","-75.0579","","CRASH_2001_Philadelphia"
"2001238968","06","67","67301","67301","2001","04","1","1430","14","1","1","0","1","1","","","N","00","0","00","3","0","0","3","2","N","N","39 58:31.080","75 11:40.920","9999","","9999","","0","","N","","0 ","","","","","","","","","","2","0","0","0","0","0","0","1","0","0","0","0","0","0","0","0","0","0","0","0","0","0","0","0","0","0","0","0","0","0","0","0","0","0","0","0","0","39.9752","-75.1946","","CRASH_2001_Philadelphia"
"2001244859","06","67","67301","67301","2001","05","4","1410","14","1","1","0","7","5","","","N","00","0","00","3","0","0","1","1","N","N","","","9999","","9999","","0","","N","","0 ","","","","","","","","","","1","0","0","0","1","0","0","0","0","0","0","0","0","0","0","0","0","0","0","0","0","0","0","0","0","0","0","0","0","0","0","0","0","0","0","0","0","","","","CRASH_2001_Philadelphia"
"2002014580","06","67","67301","67301","2001","07","2","1046","10","1","1","0","1","1","","","N","00","0","00","3","0","1","6","3","N","N","40 06:10.080","75 01:43.320","1106","","1106","","0","","N","","0 ","","","","","","","","","","3","3","0","0","0","0","0","0","0","0","0","1","1","0","0","0","0","0","0","0","1","0","0","0","0","0","0","0","0","0","0","0","0","0","0","4","0","40.1028","-75.0287","","CRASH_2001_Philadelphia"
"2002040607","06","67","67301","67301","2001","12","4","2055","20","2","2","1","2","1","","","N","02","2","00","3","0","2","3","2","N","N","39 59:15.701","75 12:58.237","2110","","2100","1","1","4","N","","3 ","N","","","","","","","","","2","2","0","0","0","0","0","0","0","0","0","2","2","0","0","0","0","0","0","0","0","0","0","0","0","0","0","0","0","0","0","0","0","0","0","4","0","39.9877","-75.2161","","CRASH_2001_Philadelphia"
"2002041473","06","67","67301","67301","2001","12","3","0239","02","3","2","1","4","1","","","N","07","0","02","3","0","1","3","2","N","N","40 00:34.060","75 11:17.900","0244","","0239","1","1","2","N","","0 ","N","","","","","","","","","2","2","0","0","0","0","0","0","0","0","0","1","1","0","0","0","0","0","0","0","1","0","0","0","0","0","0","0","0","0","0","0","0","0","0","4","0","40.0106","-75.1846","","CRASH_2001_Philadelphia"
"2002017915","06","67","67301","67301","2001","08","6","1908","19","1","1","0","1","1","","","N","00","0","00","3","0","1","4","2","N","N","39 55:59.065","75 11:59.955","1913","","1911","","0","","N","","0 ","","","","","","","","","","2","1","0","0","1","0","0","0","0","0","0","1","1","0","0","0","0","0","0","0","0","0","0","0","0","0","0","0","0","0","0","0","0","0","0","4","0","39.9326","-75.2","","CRASH_2001_Philadelphia"
"2002028541","06","67","67301","67301","2001","09","2","1820","18","1","1","0","8","1","","","N","01","2","00","3","0","1","2","2","N","N","39 57:47.406","75 10:03.881","1945","","1940","","0","","N","","3 ","","","","","","","","","","1","1","0","0","0","0","0","0","0","0","0","1","1","0","0","0","0","0","0","0","0","0","0","0","0","0","0","0","0","0","0","0","1","0","0","4","0","39.9632","-75.1678","","CRASH_2001_Philadelphia"
"2002034789","06","67","67301","67301","2001","11","2","1445","14","1","1","0","7","2","","","N","00","0","00","3","0","2","4","1","N","N","39 54:39.600","75 11:34.800","1500","","1455","","0","","Y","","0 ","","","","","","","","","","1","1","0","0","0","0","0","0","0","0","1","1","2","0","0","0","0","0","0","0","0","0","0","0","0","0","0","0","0","0","0","0","0","0","0","3","0","39.911","-75.1929","","CRASH_2001_Philadelphia"
"2002035109","06","67","67301","67301","2001","11","7","1005","10","1","2","1","9","2","","","N","00","0","00","3","0","0","1","1","N","N","","","1017","","1012","","0","","N","","0 ","","","","","","","","","","1","1","0","0","0","0","0","0","0","0","0","0","0","0","0","0","0","0","0","0","0","0","0","0","0","0","0","0","0","0","0","0","0","0","0","0","0","","","","CRASH_2001_Philadelphia"
"2002042624","06","67","67301","67301","2001","12","1","1007","10","1","1","0","1","1","","","N","00","0","00","3","0","1","3","2","N","N","39 56:26.520","75 11:43.440","1012","","1010","1","1","3","N","","0 ","N","","","","","","","","","2","1","0","0","1","0","0","0","0","0","0","1","1","0","1","0","0","0","0","0","1","0","1","0","0","0","0","0","0","0","0","0","0","0","0","4","0","39.94","-75.1961","","CRASH_2001_Philadelphia"
"2002045157","06","67","67301","67301","2001","12","4","1832","18","3","1","0","7","4","","","N","01","2","00","3","0","0","1","1","N","N","39 58:51.456","75 14:10.912","1842","","1837","1","1","4","Y","","3 ","Y","","","","","","","","","1","1","0","0","0","0","0","0","0","0","0","0","0","0","0","0","0","0","0","0","1","0","0","0","0","0","0","0","0","0","0","0","0","0","0","0","0","39.981","-75.2364","","CRASH_2001_Philadelphia"
"2001400319","06","67","67301","67301","2001","04","4","1430","14","1","1","0","4","1","","","N","01","2","00","3","1","4","5","2","N","N","39 57:59.760","75 09:37.440","9999","","9999","","0","","N","9","3 ","","","","","","","","","","2","2","0","0","0","0","0","0","0","0","2","2","4","0","0","0","0","0","0","0","0","0","0","4","0","0","0","0","0","0","0","0","0","0","0","1","0","39.9666","-75.1604","2 ","CRASH_2001_Philadelphia"
"2002012135","06","67","67301","67301","2001","07","4","1620","16","1","1","0","4","1","","","N","01","2","00","3","0","1","5","2","N","N","39 57:21.709","75 13:03.548","1635","","1629","","0","","N","","9 ","","","","","","","","","","2","2","0","0","0","0","0","0","0","0","0","1","1","0","0","0","0","0","0","0","0","0","0","0","0","0","0","0","0","0","0","0","0","0","0","4","0","39.9575","-75.2173","","CRASH_2001_Philadelphia"
"2002022838","06","67","67301","67301","2001","08","1","1830","18","4","1","0","5","2","","","N","02","2","00","3","0","0","1","2","N","N","40 01:30.691","75 03:28.266","1837","","1835","5","2","3","N","","3 ","Y","","","","","","","","","2","2","0","0","0","0","0","0","0","0","0","0","0","0","0","0","0","0","0","0","0","0","0","1","0","0","0","0","0","0","0","0","0","0","0","0","0","40.0252","-75.0578","","CRASH_2001_Philadelphia"
"2002023040","06","67","67301","67301","2001","07","6","2311","23","3","1","0","6","1","","","N","00","0","00","3","0","3","5","2","N","N","40 00:47.373","75 04:14.040","2320","","2320","","0","","N","","0 ","","","","","","","","","","2","2","0","0","0","0","0","0","0","0","0","3","3","0","0","0","0","0","0","0","0","0","0","4","0","0","0","0","0","0","0","0","0","0","0","4","0","40.0131","-75.0706","","CRASH_2001_Philadelphia"
"2002012660","06","67","67301","67301","2001","07","6","1548","15","1","1","0","5","1","","","N","01","2","00","3","0","1","2","2","N","N","39 59:56.193","75 07:59.648","1549","","0544","","0","","N","","3 ","","","","","","","","","","1","0","0","0","0","1","0","0","1","0","0","1","1","0","1","0","0","0","0","0","0","0","0","0","0","0","0","0","0","0","0","0","0","0","0","4","1","39.9989","-75.1332","","CRASH_2001_Philadelphia"
"2002017257","06","67","67301","67301","2001","07","3","1948","19","1","1","0","4","1","","","N","00","0","00","3","0","1","2","3","N","N","30 59:25.000","75 08:25.000","2017","","2016","","0","","N","","0 ","","","","","","","","","","3","3","0","0","0","0","0","0","0","0","1","0","1","0","0","0","0","0","0","1","0","0","0","0","0","0","0","0","0","0","0","0","0","0","0","3","0","","","","CRASH_2001_Philadelphia"
"2002034669","06","67","67301","67301","2001","11","5","2135","21","3","1","0","8","4","","","N","01","1","07","3","0","1","2","2","N","N","39 54:17.911","75 10:25.207","2150","","2142","","0","","N","","3 ","","","","","","","","","","1","1","0","0","0","0","0","0","0","0","0","1","1","0","1","0","0","0","0","0","0","0","0","0","0","0","0","0","0","0","0","0","1","0","0","4","0","39.9054","-75.1736","","CRASH_2001_Philadelphia"
"2002047791","06","67","67301","67301","2001","10","5","1605","16","1","1","0","1","1","","","N","00","0","00","3","0","0","3","2","N","N","40 02:14.142","75 08:10.621","1623","","1621","","0","","N","","0 ","","","","","","","","","","2","2","0","0","0","0","0","0","0","0","0","0","0","0","0","0","0","0","0","0","0","1","0","0","0","0","0","0","0","0","0","0","0","0","0","0","0","40.0372","-75.1363","","CRASH_2001_Philadelphia"
"2002004016","06","67","67301","67301","2001","06","2","1116","11","1","1","0","4","1","","","N","00","2","00","3","0","1","2","2","N","N","40 04:29.280","75 02:06.720","1530","","1522","","0","","N","","3 ","","","","","","","","","","1","1","0","0","0","0","0","0","1","0","0","1","1","0","0","0","0","0","0","0","0","0","0","0","0","0","0","0","0","0","0","0","0","0","0","4","0","40.0748","-75.0353","","CRASH_2001_Philadelphia"
"2001243282","06","67","67301","67301","2001","04","1","1600","16","1","1","0","4","1","","","N","01","2","00","3","0","0","2","2","N","N","40 02:33.720","75 06:48.960","9999","","9999","","0","","N","","3 ","","","","","","","","","","2","1","0","0","0","0","1","0","0","0","0","0","0","0","0","0","0","0","0","0","0","0","0","0","0","0","0","0","0","0","0","0","0","0","0","0","0","40.0427","-75.1136","","CRASH_2001_Philadelphia"
"2002033561","06","67","67301","67301","2001","11","7","1728","17","4","1","0","2","1","","","N","01","2","00","3","0","1","3","2","N","N","39 59:06.388","75 14:51.395","1730","","1728","","0","","N","","3 ","","","","","","","","","","2","1","0","0","1","0","0","0","0","1","0","0","1","0","1","0","0","0","0","0","0","0","0","0","0","0","0","0","0","0","0","0","0","0","0","2","0","39.9851","-75.2474","","CRASH_2001_Philadelphia"
"2002037705","06","67","67301","67301","2001","10","4","1031","10","1","1","0","1","1","","","N","01","2","00","3","0","1","3","2","N","N","40 01:51.596","75 11:17.226","9999","","1031","","0","","N","","3 ","","","","","","","","","","2","1","0","0","1","0","0","0","0","0","0","1","1","0","0","0","0","0","0","0","0","0","0","0","0","0","0","0","0","0","0","0","0","0","0","4","0","40.0307","-75.1877","","CRASH_2001_Philadelphia"
"2002046752","06","67","67301","67301","2001","12","2","1329","13","1","1","0","5","1","","","N","00","0","00","3","0","1","3","2","N","N","39 55:27.835","75 10:31.045","1340","","1330","","0","","N","","0 ","","","","","","","","","","2","1","0","0","0","1","0","0","0","0","0","1","1","0","0","0","0","0","0","0","1","0","0","0","0","0","0","0","0","0","0","0","0","0","0","4","1","39.9244","-75.1753","","CRASH_2001_Philadelphia"
"2002029454","06","67","67301","67301","2001","09","4","2245","22","3","1","0","5","1","","","N","00","0","00","3","0","3","4","2","N","N","39 57:28.126","75 10:49.297","2251","","2246","","0","","N","9","0 ","","","","","","","","","","2","1","0","0","1","0","0","0","0","0","0","3","3","0","0","0","0","0","0","0","0","0","0","0","0","0","0","0","0","0","0","0","0","0","0","4","0","39.9579","-75.1802","9 ","CRASH_2001_Philadelphia"
"2002032137","06","67","67301","67301","2001","10","4","1530","15","1","1","0","5","1","","","N","00","0","00","3","0","2","2","2","N","N","","","1537","","1527","","0","","N","","0 ","","","","","","","","","","2","2","0","0","0","0","0","0","0","0","2","0","2","0","0","0","0","0","0","0","0","0","0","0","0","0","0","0","0","0","0","0","0","0","0","3","0","","","","CRASH_2001_Philadelphia"
"2002034774","06","67","67301","67301","2001","11","5","1800","18","2","1","0","1","1","","","N","01","0","00","3","0","10","10","3","N","N","39 59:55.922","75 07:55.510","1800","","1800","","0","","N","","0 ","","","","","","","","","","3","3","0","0","0","0","0","0","0","0","0","10","10","0","0","0","0","0","0","1","0","0","0","0","0","0","0","0","0","0","0","0","0","0","0","4","0","39.9989","-75.1322","","CRASH_2001_Philadelphia"
"2002042748","06","67","67301","67301","2001","12","4","1523","15","1","1","0","4","1","","","N","02","0","00","3","0","1","4","2","N","N","39 58:41.806","75 06:37.164","1623","","1620","","0","","N","","0 ","","","","","","","","","","2","2","0","0","0","0","0","0","0","0","0","1","1","0","1","0","0","0","0","0","0","0","0","0","0","0","0","0","0","0","0","0","0","0","0","4","0","39.978","-75.1109","","CRASH_2001_Philadelphia"
"2002003985","06","67","67301","67301","2001","05","5","1030","10","1","1","0","4","1","","","N","01","2","00","3","0","0","3","2","N","N","39 58:27.992","75 09:31.425","1051","","1047","","0","","N","","3 ","","","","","","","","","","2","2","0","0","0","0","0","0","0","0","0","0","0","0","0","0","0","0","0","0","0","0","0","0","0","0","0","0","0","0","0","0","0","0","0","0","0","39.9748","-75.1588","","CRASH_2001_Philadelphia"
"2002028578","06","67","67301","67301","2001","09","1","2025","20","3","1","0","1","1","","","N","00","2","03","3","0","2","3","2","N","N","","","2035","","2028","1","1","3","N","","3 ","N","","","","","","","","","2","2","0","0","0","0","0","0","0","0","1","1","2","0","0","0","0","0","0","0","2","0","0","0","0","0","0","0","0","0","0","0","0","0","0","3","0","","","","CRASH_2001_Philadelphia"
"2002043797","06","67","67301","67301","2001","09","1","2348","23","3","2","1","7","2","","","N","00","0","00","3","0","0","1","1","N","N","","","2350","","2348","","0","","Y","","0 ","","","","","","","","","","1","1","0","0","0","0","0","0","0","0","0","0","0","0","0","0","0","0","0","0","0","0","0","0","0","0","0","0","0","0","0","0","0","0","0","0","0","","","","CRASH_2001_Philadelphia"
"2002031567","06","67","67301","67301","2001","10","4","0533","05","3","1","0","7","2","","","N","00","0","00","3","0","0","1","1","N","N","39 53:55.320","75 10:18.480","0540","","0530","1","2","1","N","","0 ","N","","","","","","","","","1","1","0","0","0","0","0","0","0","0","0","0","0","0","0","0","0","0","0","0","0","0","0","0","0","0","0","0","0","0","0","0","0","0","0","0","0","39.8995","-75.1633","","CRASH_2001_Philadelphia"
"2002037344","06","67","67301","67301","2001","11","7","1535","15","1","1","0","4","1","","","N","01","3","00","3","0","1","2","2","N","N","39 59:10.035","75 08:32.161","1545","","1540","1","2","3","N","","2 ","Y","","","","","","","","","2","2","0","0","0","0","0","0","0","0","0","1","1","0","0","0","0","0","0","0","0","1","0","0","0","0","0","0","0","0","0","0","0","0","0","4","0","39.9861","-75.1422","","CRASH_2001_Philadelphia"
"2002043724","06","67","67301","67301","2001","11","2","0420","04","2","1","0","4","1","","","N","02","0","07","3","0","2","3","2","N","N","39 54:51.406","75 14:29.898","0054","","0032","","0","","N","","0 ","","","","","","","","","","2","2","0","0","0","0","0","0","0","0","0","2","2","0","0","0","0","0","0","0","0","0","0","0","0","0","0","0","0","0","0","0","0","0","0","4","0","39.9142","-75.2417","","CRASH_2001_Philadelphia"
"2002024226","06","67","67301","67301","2001","08","5","1007","10","1","1","0","1","1","2","1","Y","00","0","00","3","0","1","5","5","N","N","40 02:08.880","75 00:59.040","1018","99","1009","9","1","1","N","","0 ","N","U","","","U","Y","","","","5","2","0","0","2","1","0","0","0","0","0","1","1","0","0","0","0","0","0","0","1","0","0","1","0","0","0","0","0","0","0","0","0","0","0","4","1","40.0357","-75.0167","","CRASH_2001_Philadelphia"
"2002027901","06","67","67301","67301","2001","09","7","0030","00","6","1","0","4","1","","","N","00","0","00","3","0","1","3","2","N","N","40 07:54.480","75 00:45.000","0038","","0035","","0","","N","","0 ","","","","","","","","","","2","2","0","0","0","0","0","0","0","0","1","0","1","0","0","0","0","0","0","1","0","0","0","0","0","0","0","0","0","0","0","0","0","0","0","3","0","40.1318","-75.0125","","CRASH_2001_Philadelphia"
"2002039368","06","67","67301","67301","2001","12","5","1135","11","1","1","0","4","1","","","N","02","3","00","3","0","1","2","2","N","Y","","","1150","","1141","","0","","N","","3 ","","","","","","","","","","2","1","0","0","1","0","0","0","0","0","0","1","1","0","0","0","0","0","0","0","0","0","0","0","0","0","0","0","0","0","0","0","0","0","0","4","0","","","","CRASH_2001_Philadelphia"
"2002042733","06","67","67301","67301","2001","12","1","2150","21","3","1","0","1","1","","","N","01","2","00","3","0","2","3","2","N","N","40 03:00.466","75 03:51.048","2205","","2155","","0","","N","","3 ","","","","","","","","","","2","2","0","0","0","0","0","0","0","0","0","2","2","0","0","0","0","0","0","0","0","0","0","2","0","0","0","0","0","0","0","0","0","0","0","4","0","40.0501","-75.0642","","CRASH_2001_Philadelphia"
"2002001549","06","67","67301","67301","2001","09","6","1330","13","1","2","1","1","1","","","N","01","2","00","3","0","0","5","2","N","N","40 04:09.661","75 00:25.595","1345","","1327","","0","","N","","3 ","","","","","","","","","","2","2","0","0","0","0","0","0","0","0","0","0","0","0","0","0","0","1","0","0","0","0","0","0","0","0","0","0","0","0","0","0","0","0","0","0","0","40.0691","-75.0073","","CRASH_2001_Philadelphia"
"2002017249","06","67","67301","67301","2001","07","3","1845","18","1","1","0","4","1","","","N","03","0","00","3","0","1","2","2","N","N","","","1848","","1846","","0","","N","","0 ","","","","","","","","","","1","0","0","0","1","0","0","0","1","0","0","1","1","0","0","0","0","0","0","0","0","0","0","0","0","0","0","0","0","0","0","0","0","0","0","4","0","","","","CRASH_2001_Philadelphia"