"CRN","DISTRICT","COUNTY","MUNICIPALITY","POLICE_AGCY","CRASH_YEAR","CRASH_MONTH","DAY_OF_WEEK","TIME_OF_DAY","HOUR_OF_DAY","ILLUMINATION","WEATHER","ROAD_CONDITION","COLLISION_TYPE","RELATION_TO_ROAD","WORK_ZONE_TYPE","WORK_ZONE_LOC","WORK_ZONE_IND","INTERSECT_TYPE","TCD_TYPE","LOCATION_TYPE","URBAN_RURAL","FATAL_COUNT","INJURY_COUNT","PERSON_COUNT","TOTAL_UNITS","SCH_BUS_IND","SCH_ZONE_IND","LATITUDE","LONGITUDE","ARRIVAL_TM","CONS_ZONE_SPD_LIM","DISPATCH_TM","EST_HRS_CLOSED","LANE_CLOSED","LN_CLOSE_DIR","NTFY_HIWY_MAINT","SPEC_JURIS_CD","TCD_FUNC_CD","TFC_DETOUR_IND","WORKERS_PRES","WZ_CLOSE_DETOUR","WZ_FLAGGER","WZ_LAW_OFFCR_IND","WZ_LN_CLOSURE","WZ_MOVING","WZ_OTHER","WZ_SHLDER_MDN","VEHICLE_COUNT","AUTOMOBILE_COUNT","MOTORCYCLE_COUNT","BUS_COUNT","SMALL_TRUCK_COUNT","HEAVY_TRUCK_COUNT","SUV_COUNT","VAN_COUNT","BICYCLE_COUNT","MAJ_INJ_COUNT","MOD_INJ_COUNT","MIN_INJ_COUNT","TOT_INJ_COUNT","UNK_INJ_DEG_COUNT","UNK_INJ_PER_COUNT","DRIVER_COUNT_16YR","DRIVER_COUNT_17YR","DRIVER_COUNT_18YR","DRIVER_COUNT_19YR","DRIVER_COUNT_20YR","DRIVER_COUNT_50_64YR","DRIVER_COUNT_65_74YR","DRIVER_COUNT_75PLUS","UNBELTED_OCC_COUNT","UNB_DEATH_COUNT","UNB_MAJ_INJ_COUNT","BELTED_DEATH_COUNT","BELTED_MAJ_INJ_COUNT","MCYCLE_DEATH_COUNT","MCYCLE_MAJ_INJ_COUNT","BICYCLE_DEATH_COUNT","BICYCLE_MAJ_INJ_COUNT","PED_COUNT","PED_DEATH_COUNT","PED_MAJ_INJ_COUNT","MAX_SEVERITY_LEVEL","COMM_VEH_COUNT","DEC_LAT","DEC_LONG","RDWY_SURF_TYPE_CD","COUNTY_YEAR"
"2002017289","06","67","67301","67301","2001","07","5","2302","23","3","1","0","4","1","","","N","01","2","00","3","0","2","3","2","N","N","40 00:46.793","75 07:09.708","2310","","2302","","0","","N","","3 ","","","","","","","","","","2","0","0","0","2","0","0","0","0","0","0","2","2","0","0","0","0","0","0","0","0","0","0","0","0","0","0","0","0","0","0","0","0","0","0","4","0","40.013","-75.1194","","CRASH_2001_Philadelphia"
"2002020126","06","67","67301","67301","2001","08","4","1230","12","1","1","0","1","1","","","N","05","2","00","3","0","1","2","2","N","N","40 03:31.188","75 02:39.382","1240","","1233","","0","","N","","3 ","","","","","","","","","","2","1","0","0","1","0","0","0","0","0","0","1","1","0","0","0","0","0","0","0","0","0","0","0","0","0","0","0","0","0","0","0","0","0","0","4","0","40.0587","-75.0443","","CRASH_2001_Philadelphia"
"2002035988","06","67","67301","67301","2001","10","7","1420","14","1","1","0","1","1","","","N","00","9","00","3","0","0","2","2","N","N","39 57:28.754","75 09:50.239","1420","","1420","","9","","N","","9 ","U","","","","","","","","","2","2","0","0","0","0","0","0","0","0","0","0","0","0","1","0","0","0","0","0","0","0","0","0","0","0","0","0","0","0","0","0","0","0","0","9","0","39.958","-75.164","","CRASH_2001_Philadelphia"
"2002043762","06","67","67301","67301","2001","12","5","0810","08","1","2","1","6","5","","","N","02","0","00","3","0","0","3","2","N","N","39 56:37.908","75 14:16.292","0820","","0815","","0","","N","","0 ","","","","","","","","","","2","1","0","0","1","0","0","0","0","0","0","0","0","0","0","0","0","0","1","0","0","0","0","0","0","0","0","0","0","0","0","0","0","0","0","0","0","39.9438","-75.2378","","CRASH_2001_Philadelphia"
"2002024048","06","67","67301","67301","2001","08","7","0215","02","3","1","0","5","1","","","N","01","2","00","3","0","2","2","2","N","N","39 57:00.000","75 08:43.459","0215","","0215","","0","","N","","9 ","","","","","","","","","","2","0","2","0","0","0","0","0","0","0","1","1","2","0","0","0","0","0","0","0","0","0","0","0","0","0","0","0","0","0","0","0","0","0","0","3","0","39.9502","-75.1456","","CRASH_2001_Philadelphia"
"2002023757","06","67","67301","67301","2001","08","3","1508","15","1","1","0","7","3","","","N","00","0","00","3","0","4","4","4","N","N","39 56:08.859","75 11:58.514","1514","","1508","2","2","6","N","","0 ","Y","","","","","","","","","2","1","0","0","1","0","0","0","0","0","3","1","4","0","0","0","0","0","0","0","0","0","0","0","0","0","0","0","0","0","0","0","2","0","0","3","0","39.9353","-75.1998","","CRASH_2001_Philadelphia"
"2002025075","06","67","67301","67301","2001","08","7","1250","12","1","1","0","1","1","","","N","00","0","04","3","0","0","7","3","N","N","39 56:46.560","75 08:32.552","1310","","1301","","0","","N","","0 ","","","","","","","","","","3","3","0","0","0","0","0","0","0","0","0","0","0","0","0","0","0","0","0","0","1","0","0","0","0","0","0","0","0","0","0","0","0","0","0","0","0","39.9462","-75.1425","","CRASH_2001_Philadelphia"
"2002033590","06","67","67301","67301","2001","10","4","0657","06","1","1","0","4","1","","","N","01","2","00","3","0","0","2","2","N","N","40 01:01.282","75 11:18.506","0815","","0759","","0","","N","","3 ","","","","","","","","","","2","2","0","0","0","0","0","0","0","0","0","0","0","0","0","0","0","0","0","0","1","0","0","0","0","0","0","0","0","0","0","0","0","0","0","0","0","40.017","-75.1883","","CRASH_2001_Philadelphia"
"2002035707","06","67","67301","67301","2001","10","7","1645","16","1","1","0","2","1","","","N","01","2","00","3","0","0","4","2","N","N","39 57:26.214","75 14:52.616","1647","","1645","","0","","N","","3 ","","","","","","","","","","2","2","0","0","0","0","0","0","0","0","0","0","0","0","0","0","0","0","0","1","0","0","0","0","0","0","0","0","0","0","0","0","0","0","0","0","0","39.9573","-75.2479","","CRASH_2001_Philadelphia"
"2002039499","06","67","67301","67301","2001","11","5","1635","16","1","1","0","1","1","","","N","02","2","00","3","0","1","2","2","N","N","39 54:30.000","75 13:58.000","1643","","1638","","0","","N","","3 ","","","","","","","","","","2","2","0","0","0","0","0","0","0","0","0","1","1","0","0","0","0","0","0","0","0","0","0","0","0","0","0","0","0","0","0","0","0","0","0","4","0","39.9083","-75.2328","","CRASH_2001_Philadelphia"
"2002030892","06","67","67301","67301","2001","09","5","0435","04","3","1","0","7","2","","","N","00","0","06","3","0","0","1","1","N","N","40 01:56.640","75 04:51.240","0440","","0437","","0","","N","","0 ","","","","","","","","","","1","1","0","0","0","0","0","0","0","0","0","0","0","0","0","0","0","0","0","0","1","0","0","0","0","0","0","0","0","0","0","0","0","0","0","0","0","40.0325","-75.0809","","CRASH_2001_Philadelphia"
"2002033769","06","67","67301","67301","2001","08","3","1735","17","1","1","0","4","1","","","N","01","3","00","3","0","1","3","4","N","N","","","1758","","1742","3","2","5","N","","3 ","Y","","","","","","","","","4","4","0","0","0","0","0","0","0","0","1","0","1","0","0","0","0","0","0","0","0","0","0","0","0","0","0","0","0","0","0","0","0","0","0","3","0","","","","CRASH_2001_Philadelphia"
"2002059839","06","67","67301","67301","2001","07","7","0415","04","3","1","0","1","6","","","N","00","0","00","3","0","1","1","2","N","N","39 58:22.219","75 07:10.807","0420","","0415","","0","","N","","0 ","","","","","","","","","","2","2","0","0","0","0","0","0","0","0","0","1","1","0","0","0","0","0","0","0","0","0","0","1","0","0","0","0","0","0","0","0","0","0","0","4","0","39.9735","-75.119","","CRASH_2001_Philadelphia"
"2002012738","06","67","67301","67301","2001","07","7","1750","17","1","1","0","5","1","","","N","01","8","00","3","0","1","3","2","N","N","40 01:49.440","75 05:16.440","1756","","1753","","0","","N","","3 ","","","","","","","","","","2","2","0","0","0","0","0","0","0","0","0","1","1","0","0","0","0","0","0","0","0","0","0","0","0","0","0","0","0","0","0","0","0","0","0","4","0","40.0302","-75.0882","","CRASH_2001_Philadelphia"
"2002017911","06","67","67301","67301","2001","06","1","1600","16","1","1","0","7","3","","","N","00","0","00","3","0","1","1","1","N","N","40 02:25.169","75 00:18.659","1405","","1600","1","1","2","Y","","0 ","N","","","","","","","","","1","1","0","0","0","0","0","0","0","0","0","1","1","0","0","0","0","0","0","1","0","0","0","0","0","0","0","0","0","0","0","0","0","0","0","4","0","40.0415","-75.0042","","CRASH_2001_Philadelphia"
"2002045668","06","67","67301","67301","2001","10","5","0830","08","1","1","0","4","1","","","N","01","2","00","3","0","1","2","2","N","N","40 03:34.388","75 03:07.780","0845","","0833","","0","","N","","3 ","","","","","","","","","","2","1","0","0","0","1","0","0","0","0","0","1","1","0","0","0","0","0","0","0","0","0","1","0","0","0","0","0","0","0","0","0","0","0","0","4","1","40.0595","-75.052","","CRASH_2001_Philadelphia"
"2002023911","06","67","67301","06301","2001","08","1","2155","21","3","2","1","1","1","","","N","01","2","00","3","0","1","2","2","N","N","40 01:17.526","75 09:28.708","2210","","2200","","0","","N","","3 ","","","","","","","","","","2","2","0","0","0","0","0","0","0","0","0","1","1","0","1","0","0","0","0","0","0","0","0","0","0","0","0","0","0","0","0","0","0","0","0","4","0","40.0215","-75.158","","CRASH_2001_Philadelphia"
"2002029542","06","67","67301","67301","2001","09","5","1857","18","3","1","0","1","1","","","N","00","0","01","3","0","0","1","2","N","N","40 02:40.904","75 03:16.038","1902","","1857","","0","","N","","0 ","","","","","","","","","","2","2","0","0","0","0","0","0","0","0","0","0","0","0","0","0","0","0","0","0","0","0","0","0","0","0","0","0","0","0","0","0","0","0","0","0","0","40.0446","-75.0543","","CRASH_2001_Philadelphia"
"2002033784","06","67","67301","67301","2001","11","4","1220","12","1","1","0","8","1","","","N","00","0","00","3","0","1","3","2","N","N","39 59:48.000","75 08:11.000","1227","","1221","","0","","N","","0 ","","","","","","","","","","1","1","0","0","0","0","0","0","0","0","0","1","1","0","0","0","0","0","0","0","0","0","0","0","0","0","0","0","0","0","0","0","1","0","0","4","0","39.9967","-75.1364","","CRASH_2001_Philadelphia"
"2002025061","06","67","67301","67301","2001","08","4","1818","18","1","1","0","1","1","1","4","Y","02","0","00","3","0","1","2","2","N","N","39 56:50.000","75 09:55.000","1830","99","1822","9","1","2","N","","0 ","N","N","","","U","","Y","Y","","2","2","0","0","0","0","0","0","0","0","0","1","1","0","0","0","0","0","0","0","0","0","0","0","0","0","0","0","0","0","0","0","0","0","0","4","0","39.9472","-75.1653","","CRASH_2001_Philadelphia"
"2002025063","06","67","67301","67301","2001","08","3","1538","15","1","1","0","8","1","","","N","01","2","00","3","0","1","2","2","N","N","40 04:19.194","75 00:46.462","1720","","1711","","0","","N","","3 ","","","","","","","","","","1","1","0","0","0","0","0","0","0","0","0","1","1","0","0","0","0","0","0","0","0","0","0","0","0","0","0","0","0","0","0","0","1","0","0","4","0","40.0721","-75.013","","CRASH_2001_Philadelphia"
"2002033629","06","67","67301","67301","2001","11","6","1400","14","1","1","0","1","1","","","N","00","0","00","3","0","2","4","2","N","N","39 53:36.172","75 13:55.118","1440","","1425","","0","","N","","0 ","","","","","","","","","","2","2","0","0","0","0","0","0","0","0","0","2","2","0","0","0","0","0","0","0","0","1","0","0","0","0","0","0","0","0","0","0","0","0","0","4","0","39.8933","-75.2288","","CRASH_2001_Philadelphia"
"2002037367","06","67","67301","67301","2001","11","3","1600","16","1","1","0","8","1","","","N","01","2","00","3","0","1","2","2","N","N","39 57:07.283","75 09:40.800","1610","","1600","","0","","N","","3 ","","","","","","","","","","1","1","0","0","0","0","0","0","0","0","0","1","1","0","0","0","0","0","0","0","0","0","0","0","0","0","0","0","0","0","0","0","1","0","0","4","0","39.9521","-75.1615","","CRASH_2001_Philadelphia"
"2001400549","06","67","67301","67301","2001","07","2","0255","02","3","1","0","7","5","","","N","00","0","00","3","1","0","1","2","N","N","40 03:19.080","75 00:14.040","9999","","9999","","0","","N","9","0 ","","","","","","","","","","2","1","0","0","0","0","0","0","0","0","0","0","0","0","0","0","0","1","0","0","0","0","0","0","0","0","0","0","0","0","0","0","0","0","0","1","0","40.0553","-75.004","2 ","CRASH_2001_Philadelphia"
"2002023676","06","67","67301","67301","2001","08","2","1609","16","1","1","0","4","1","","","N","01","2","00","3","0","1","10","3","N","N","40 06:18.574","75 01:57.784","1615","","1609","","0","","N","","3 ","","","","","","","","","","3","3","0","0","0","0","0","0","0","0","0","1","1","0","0","0","0","1","0","0","0","0","0","0","0","0","0","0","0","0","0","0","0","0","0","4","0","40.1052","-75.0328","","CRASH_2001_Philadelphia"
"2002031512","06","67","67301","67301","2001","10","1","1100","11","1","1","0","7","5","8","4","Y","01","0","00","3","0","2","2","1","N","N","39 56:48.000","75 09:53.156","1115","99","1106","","0","","N","","0 ","","U","","","U","","","","","1","1","0","0","0","0","0","0","0","0","0","2","2","0","0","0","0","0","0","0","0","0","0","0","0","0","0","0","0","0","0","0","0","0","0","4","0","39.947","-75.1648","","CRASH_2001_Philadelphia"
"2002037717","06","67","67301","67301","2001","11","3","1545","15","1","1","0","7","4","","","N","00","0","00","3","0","1","2","2","N","N","39 56:52.036","75 08:31.397","1555","","1550","1","1","2","N","","0 ","N","","","","","","","","","2","1","0","0","1","0","0","0","0","0","0","1","1","0","0","0","0","0","0","0","2","0","0","0","0","0","0","0","0","0","0","0","0","0","0","4","0","39.948","-75.1421","","CRASH_2001_Philadelphia"
"2002018901","06","67","67301","67301","2001","08","6","0200","02","3","1","0","4","1","","","N","01","2","00","3","0","0","5","2","N","N","40 06:50.400","74 59:15.000","0205","","0200","","0","","N","","3 ","","","","","","","","","","2","1","0","0","0","1","0","0","0","0","0","0","0","0","0","0","0","0","1","0","0","0","0","0","0","0","0","0","0","0","0","0","0","0","0","0","1","40.114","-74.9876","","CRASH_2001_Philadelphia"
"2002021995","06","67","67301","67301","2001","08","3","0841","08","1","1","0","4","1","","","N","01","2","00","3","0","1","2","2","N","N","40 01:26.003","75 09:34.648","0841","","0841","","0","","N","","3 ","","","","","","","","","","2","2","0","0","0","0","0","0","0","0","1","0","1","0","0","0","0","0","0","0","0","0","0","0","0","0","0","0","0","0","0","0","0","0","0","3","0","40.024","-75.1596","","CRASH_2001_Philadelphia"
"2002026463","06","67","67301","67301","2001","06","4","1630","16","1","1","0","4","1","","","N","01","2","00","3","0","2","3","2","N","N","39 59:59.780","75 08:25.661","1635","","1630","","0","","N","","3 ","","","","","","","","","","2","2","0","0","0","0","0","0","0","0","0","2","2","0","0","0","0","0","0","0","1","0","0","0","0","0","0","0","0","0","0","0","0","0","0","4","0","39.9999","-75.1405","","CRASH_2001_Philadelphia"
"2002031509","06","67","67301","67301","2001","10","5","0210","02","3","1","0","1","1","","","N","00","0","00","3","0","2","3","2","N","N","40 05:25.075","75 03:22.892","0224","","0220","","0","","N","","0 ","","","","","","","","","","2","2","0","0","0","0","0","0","0","0","0","2","2","0","0","0","0","0","0","0","0","0","0","0","0","0","0","0","0","0","0","0","0","0","0","4","0","40.0903","-75.0564","","CRASH_2001_Philadelphia"
"2002001090","06","67","67301","67301","2001","05","3","2350","23","3","2","1","4","1","","","N","01","3","00","3","0","1","2","2","N","N","","","2353","","2350","","0","","N","","3 ","","","","","","","","","","1","1","0","0","0","0","0","0","1","0","0","1","1","0","0","0","0","0","0","0","0","1","0","0","0","0","0","0","0","0","0","0","0","0","0","4","0","","","","CRASH_2001_Philadelphia"
"2002001214","06","67","67301","67301","2001","05","2","1941","19","1","1","0","1","1","","","N","02","3","00","3","0","1","2","2","N","N","39 58:59.746","75 10:51.596","1950","","1941","","0","","N","","3 ","","","","","","","","","","2","2","0","0","0","0","0","0","0","0","0","1","1","0","0","0","0","0","0","0","0","0","0","0","0","0","0","0","0","0","0","0","0","0","0","4","0","39.9833","-75.181","","CRASH_2001_Philadelphia"
"2002022058","06","67","67301","67301","2001","06","1","0615","06","1","1","0","2","1","","","N","00","0","00","3","0","1","2","2","N","N","40 02:07.150","75 06:30.852","0627","","0621","","0","","N","","0 ","","","","","","","","","","2","1","0","0","1","0","0","0","0","0","0","1","1","0","0","0","0","0","0","0","0","0","0","0","0","0","0","0","0","0","0","0","0","0","0","4","0","40.0351","-75.1083","","CRASH_2001_Philadelphia"
"2002028808","06","67","67301","67301","2001","09","6","1917","19","3","1","0","4","1","","","N","01","2","00","3","0","1","2","2","N","N","40 01:08.959","75 04:53.294","1920","","1919","","0","","N","","2 ","","","","","","","","","","2","1","0","0","1","0","0","0","0","0","1","0","1","0","0","0","0","0","0","0","0","0","0","1","0","0","0","0","0","0","0","0","0","0","0","3","0","40.0191","-75.0815","","CRASH_2001_Philadelphia"
"2002033026","06","67","67301","67301","2001","09","7","0320","03","6","1","0","7","9","","","N","01","2","00","3","0","1","1","1","N","Y","","","9999","","0322","4","2","5","N","","3 ","Y","","","","","","","","","1","1","0","0","0","0","0","0","0","0","1","0","1","0","0","0","0","0","0","1","0","0","0","1","0","0","0","0","0","0","0","0","0","0","0","3","0","","","","CRASH_2001_Philadelphia"
"2002040107","06","67","67301","67301","2001","12","4","0200","02","3","1","0","7","2","","","N","00","0","00","3","0","1","1","1","N","N","","","0203","","0200","","0","","N","","0 ","","","","","","","","","","1","1","0","0","0","0","0","0","0","0","1","0","1","0","0","0","0","0","0","0","0","0","0","1","0","0","0","0","0","0","0","0","0","0","0","3","0","","","","CRASH_2001_Philadelphia"
"2002040587","06","67","67301","67301","2001","12","7","0155","01","3","1","1","6","1","","","N","01","2","00","3","0","3","4","2","N","N","40 01:08.542","75 08:49.861","0205","","0200","","0","","N","","3 ","","","","","","","","","","2","2","0","0","0","0","0","0","0","0","0","3","3","0","1","0","0","0","0","0","0","0","0","0","0","0","0","0","0","0","0","0","0","0","0","4","0","40.0189","-75.1471","","CRASH_2001_Philadelphia"
"2002041439","06","67","67301","67301","2001","12","7","2238","22","3","1","0","4","1","","","N","02","0","00","3","0","0","3","2","N","N","39 57:30.600","75 08:55.680","2242","","2238","","0","","N","","0 ","","","","","","","","","","2","2","0","0","0","0","0","0","0","0","0","0","0","0","1","0","0","0","0","0","0","0","0","0","0","0","0","0","0","0","0","0","0","0","0","9","0","39.9585","-75.1487","","CRASH_2001_Philadelphia"
"2002043720","06","67","67301","67301","2001","11","6","2025","20","3","1","0","1","1","","","N","01","2","00","3","0","1","2","2","N","N","39 55:06.709","75 13:33.315","2058","","2053","","0","","N","","3 ","","","","","","","","","","2","1","0","0","1","0","0","0","0","0","0","1","1","0","1","0","0","0","0","0","0","0","0","0","0","0","0","0","0","0","0","0","0","0","0","4","0","39.9185","-75.2259","","CRASH_2001_Philadelphia"
"2002044010","06","67","67301","67301","2001","12","3","2152","21","3","1","0","1","1","","","N","00","0","00","3","0","2","2","2","N","N","40 03:31.680","75 07:54.840","2209","","2157","","0","","N","","0 ","","","","","","","","","","2","2","0","0","0","0","0","0","0","0","0","2","2","0","0","0","0","0","0","0","0","0","0","0","0","0","0","0","0","0","0","0","0","0","0","4","0","40.0588","-75.1319","","CRASH_2001_Philadelphia"
"2002042816","06","67","67301","67301","2001","12","7","0046","00","3","2","1","6","1","","","N","01","2","00","3","0","2","4","2","N","N","40 01:33.794","75 07:19.120","0050","","0048","","0","","N","","3 ","","","","","","","","","","2","2","0","0","0","0","0","0","0","0","0","2","2","0","0","0","0","0","1","0","0","0","0","0","0","0","0","0","0","0","0","0","0","0","0","4","0","40.026","-75.122","","CRASH_2001_Philadelphia"
"2002022474","06","67","67301","67301","2001","07","6","2028","20","3","1","0","8","1","","","N","01","2","00","3","0","1","2","2","N","N","","","2031","","2029","","0","","N","","9 ","","","","","","","","","","1","1","0","0","0","0","0","0","0","0","0","1","1","0","0","0","0","0","0","0","0","0","0","0","0","0","0","0","0","0","0","0","1","0","0","4","0","","","","CRASH_2001_Philadelphia"
"2002032477","06","67","67301","67301","2001","10","2","2240","22","2","1","0","2","7","","","N","05","0","02","3","0","1","5","2","N","N","39 56:06.422","75 11:58.587","2250","","2245","","0","","N","","0 ","","","","","","","","","","2","2","0","0","0","0","0","0","0","0","0","1","1","0","0","0","0","0","0","0","1","0","0","5","0","0","0","0","0","0","0","0","0","0","0","4","0","39.9333","-75.1998","","CRASH_2001_Philadelphia"
"2002037685","06","67","67301","67301","2001","10","4","1345","13","1","1","0","4","1","","","N","01","2","00","3","0","3","3","3","N","N","39 58:54.939","75 14:21.094","1348","","1348","","0","","N","","1 ","","","","","","","","","","2","2","0","0","0","0","0","0","0","0","0","3","3","0","0","0","0","0","0","0","0","0","0","0","0","0","0","0","0","0","0","0","1","0","0","4","0","39.9819","-75.239","","CRASH_2001_Philadelphia"
"2002028486","06","67","67301","67301","2001","09","6","0156","01","3","2","1","4","1","","","N","01","3","00","3","0","2","5","2","N","N","40 06:13.040","75 01:41.387","0206","","0159","","0","","N","","3 ","","","","","","","","","","2","2","0","0","0","0","0","0","0","0","0","2","2","0","0","0","0","0","0","1","0","0","0","0","0","0","0","0","0","0","0","0","0","0","0","4","0","40.1035","-75.0283","","CRASH_2001_Philadelphia"
"2002040109","06","67","67301","67301","2001","12","2","0804","08","1","1","0","4","1","","","N","02","3","00","3","0","1","2","2","N","N","39 58:23.160","75 12:49.680","0810","","0807","","0","","N","","3 ","","","","","","","","","","1","1","0","0","0","0","0","0","1","0","0","1","1","0","0","0","0","0","0","0","0","0","0","0","0","0","0","0","0","0","0","0","0","0","0","4","0","39.9731","-75.2139","","CRASH_2001_Philadelphia"
"2002041466","06","67","67301","67301","2001","10","7","2325","23","3","1","0","9","1","","","N","00","0","00","3","0","0","1","1","N","N","40 03:25.646","75 02:04.586","2339","","2330","","0","","N","","0 ","","","","","","","","","","1","1","0","0","0","0","0","0","0","0","0","0","0","0","0","0","0","0","0","0","1","0","0","0","0","0","0","0","0","0","0","0","0","0","0","0","0","40.0572","-75.0347","","CRASH_2001_Philadelphia"
"2002033598","06","67","67301","67301","2001","11","6","0910","09","1","1","0","1","1","","","N","00","9","00","3","0","1","3","3","N","N","40 00:32.677","75 11:48.229","0920","","0915","","0","","N","","9 ","","","","","","","","","","3","3","0","0","0","0","0","0","0","0","0","1","1","0","0","0","0","0","0","0","0","0","0","0","0","0","0","0","0","0","0","0","0","0","0","4","0","40.0083","-75.1947","","CRASH_2001_Philadelphia"
"2002040164","06","67","67301","67301","2001","12","6","2022","20","2","1","0","7","3","","","N","00","0","00","3","0","1","1","2","N","N","40 05:53.016","74 59:05.911","2035","","2025","","0","","Y","","0 ","","","","","","","","","","2","2","0","0","0","0","0","0","0","0","1","0","1","0","0","0","0","0","0","0","0","0","0","0","0","0","0","0","0","0","0","0","0","0","0","3","0","40.098","-74.9852","","CRASH_2001_Philadelphia"
"2002007925","06","67","67301","67301","2001","06","6","1635","16","1","1","0","4","1","","","N","01","2","00","3","0","1","2","2","N","N","40 03:16.000","75 08:59.000","1640","","1635","","0","","N","","3 ","","","","","","","","","","1","1","0","0","0","0","0","0","1","0","0","1","1","0","0","0","0","0","0","0","1","0","0","0","0","0","0","0","0","0","0","0","0","0","0","4","0","40.0544","-75.1497","","CRASH_2001_Philadelphia"
"2002012127","06","67","67301","67301","2001","07","4","0239","02","3","2","1","4","1","","","N","01","2","00","3","0","2","4","3","N","N","39 53:41.046","75 14:11.524","0246","","0243","2","2","3","Y","","3 ","Y","","","","","","","","","3","2","0","0","1","0","0","0","0","0","0","2","2","0","0","0","0","1","0","0","0","0","0","0","0","0","0","0","0","0","0","0","0","0","0","4","1","39.8997","-75.2388","","CRASH_2001_Philadelphia"
"2002020136","06","67","67301","67301","2001","08","1","1551","15","1","1","0","1","1","","","N","00","0","00","3","0","1","6","4","N","N","39 57:29.550","75 09:51.822","1609","","1551","2","2","4","N","","0 ","Y","","","","","","","","","4","3","0","0","1","0","0","0","0","0","0","1","1","0","0","0","0","0","0","0","0","1","0","0","0","0","0","0","0","0","0","0","0","0","0","4","0","39.9582","-75.1644","","CRASH_2001_Philadelphia"
"2002017868","06","67","67301","67301","2001","05","6","","","3","1","0","1","1","","","N","00","2","00","3","0","5","6","2","N","N","39 57:53.937","75 13:28.407","2135","","2127","","0","","N","","3 ","","","","","","","","","","2","2","0","0","0","0","0","0","0","0","0","5","5","0","0","0","0","0","0","0","0","0","0","0","0","0","0","0","0","0","0","0","0","0","0","4","0","39.965","-75.2246","","CRASH_2001_Philadelphia"
"2002018929","06","67","67301","67301","2001","08","5","1505","15","1","1","0","5","1","","","N","00","0","00","3","0","1","2","2","N","N","39 53:55.873","75 10:24.433","1511","","1507","2","2","1","N","","0 ","Y","","","","","","","","","2","1","0","0","0","1","0","0","0","0","0","1","1","0","0","0","0","0","0","0","0","1","0","0","0","0","0","0","0","0","0","0","0","0","0","4","1","39.8994","-75.1645","","CRASH_2001_Philadelphia"
"2002044118","06","67","67301","67301","2001","11","1","1545","15","1","1","0","5","1","","","N","01","0","00","3","0","5","5","3","N","N","39 56:02.640","75 10:02.964","1550","","1545","","0","","N","","0 ","","","","","","","","","","3","3","0","0","0","0","0","0","0","0","0","5","5","0","0","0","0","0","0","0","0","0","0","0","0","0","0","0","0","0","0","0","0","0","0","4","0","39.9342","-75.1675","","CRASH_2001_Philadelphia"
"2002047739","06","67","67301","67301","2001","10","6","1135","11","1","1","1","4","1","","","N","01","2","00","3","0","0","2","2","N","N","39 56:23.000","75 11:53.331","1145","","1140","1","1","6","N","","3 ","Y","","","","","","","","","2","0","0","0","1","1","0","0","0","0","0","0","0","0","0","0","0","0","0","0","0","0","0","0","0","0","0","0","0","0","0","0","0","0","0","0","1","39.939","-75.1983","","CRASH_2001_Philadelphia"
"2002036012","06","67","67301","67301","2001","10","7","0400","04","3","1","0","4","6","","","N","00","0","00","3","0","0","1","2","N","N","40 00:09.252","75 03:52.189","0420","","0417","","0","","N","","0 ","","","","","","","","","","2","2","0","0","0","0","0","0","0","0","0","0","0","0","1","0","0","0","0","0","0","0","0","0","0","0","0","0","0","0","0","0","0","0","0","9","0","40.0026","-75.0645","","CRASH_2001_Philadelphia"
"2002039474","06","67","67301","67301","2001","11","4","0640","06","1","1","1","4","1","","","N","00","8","00","3","0","1","2","2","N","N","39 58:02.451","75 10:50.056","0650","","0646","","0","","N","","3 ","","","","","","","","","","2","1","0","0","1","0","0","0","0","0","0","1","1","0","0","0","0","0","0","0","1","0","0","0","0","0","0","0","0","0","0","0","0","0","0","4","0","39.9674","-75.1807","","CRASH_2001_Philadelphia"
"2002043174","06","67","67301","67301","2001","02","9","9999","99","1","1","0","1","1","","","N","02","3","00","3","0","1","2","2","N","N","39 54:16.583","75 14:18.924","1415","","9999","","0","","N","","3 ","","","","","","","","","","2","2","0","0","0","0","0","0","0","0","0","1","1","0","1","0","0","0","0","0","0","0","0","0","0","0","0","0","0","0","0","0","0","0","0","4","0","39.9046","-75.2386","","CRASH_2001_Philadelphia"
"2002022504","06","67","67301","67301","2001","07","1","0122","01","3","1","0","1","1","","","N","00","0","00","3","0","4","5","2","N","N","39 58:07.116","75 07:40.242","0125","","0122","1","2","1","N","","0 ","N","","","","","","","","","2","2","0","0","0","0","0","0","0","0","0","4","4","0","0","0","0","1","0","0","0","0","0","1","0","0","0","0","0","0","0","0","0","0","0","4","0","39.9685","-75.1286","","CRASH_2001_Philadelphia"
"2002034704","06","67","67301","67301","2001","10","4","1900","19","3","1","0","6","1","","","N","00","0","00","3","0","0","1","3","N","N","39 58:48.000","75 08:43.000","1900","","1900","","0","","N","","0 ","","","","","","","","","","3","3","0","0","0","0","0","0","0","0","0","0","0","0","0","0","0","0","0","0","0","0","0","0","0","0","0","0","0","0","0","0","0","0","0","0","0","39.98","-75.1453","","CRASH_2001_Philadelphia"
"2002039384","06","67","67301","67301","2001","11","5","1822","18","4","1","0","8","1","","","N","00","0","00","3","0","1","2","2","N","N","40 00:11.200","75 13:19.575","1826","","1824","","0","","N","","0 ","","","","","","","","","","1","1","0","0","0","0","0","0","0","1","0","0","1","0","0","0","0","0","0","0","0","0","0","0","0","0","0","0","0","0","0","0","1","0","1","2","0","40.0032","-75.2221","","CRASH_2001_Philadelphia"