"CRN","DISTRICT","COUNTY","MUNICIPALITY","POLICE_AGCY","CRASH_YEAR","CRASH_MONTH","DAY_OF_WEEK","TIME_OF_DAY","HOUR_OF_DAY","ILLUMINATION","WEATHER","ROAD_CONDITION","COLLISION_TYPE","RELATION_TO_ROAD","WORK_ZONE_TYPE","WORK_ZONE_LOC","WORK_ZONE_IND","INTERSECT_TYPE","TCD_TYPE","LOCATION_TYPE","URBAN_RURAL","FATAL_COUNT","INJURY_COUNT","PERSON_COUNT","TOTAL_UNITS","SCH_BUS_IND","SCH_ZONE_IND","LATITUDE","LONGITUDE","ARRIVAL_TM","CONS_ZONE_SPD_LIM","DISPATCH_TM","EST_HRS_CLOSED","LANE_CLOSED","LN_CLOSE_DIR","NTFY_HIWY_MAINT","SPEC_JURIS_CD","TCD_FUNC_CD","TFC_DETOUR_IND","WORKERS_PRES","WZ_CLOSE_DETOUR","WZ_FLAGGER","WZ_LAW_OFFCR_IND","WZ_LN_CLOSURE","WZ_MOVING","WZ_OTHER","WZ_SHLDER_MDN","VEHICLE_COUNT","AUTOMOBILE_COUNT","MOTORCYCLE_COUNT","BUS_COUNT","SMALL_TRUCK_COUNT","HEAVY_TRUCK_COUNT","SUV_COUNT","VAN_COUNT","BICYCLE_COUNT","MAJ_INJ_COUNT","MOD_INJ_COUNT","MIN_INJ_COUNT","TOT_INJ_COUNT","UNK_INJ_DEG_COUNT","UNK_INJ_PER_COUNT","DRIVER_COUNT_16YR","DRIVER_COUNT_17YR","DRIVER_COUNT_18YR","DRIVER_COUNT_19YR","DRIVER_COUNT_20YR","DRIVER_COUNT_50_64YR","DRIVER_COUNT_65_74YR","DRIVER_COUNT_75PLUS","UNBELTED_OCC_COUNT","UNB_DEATH_COUNT","UNB_MAJ_INJ_COUNT","BELTED_DEATH_COUNT","BELTED_MAJ_INJ_COUNT","MCYCLE_DEATH_COUNT","MCYCLE_MAJ_INJ_COUNT","BICYCLE_DEATH_COUNT","BICYCLE_MAJ_INJ_COUNT","PED_COUNT","PED_DEATH_COUNT","PED_MAJ_INJ_COUNT","MAX_SEVERITY_LEVEL","COMM_VEH_COUNT","DEC_LAT","DEC_LONG","RDWY_SURF_TYPE_CD","COUNTY_YEAR"
"2002012749","06","67","67301","67301","2001","07","3","1130","11","1","1","0","4","1","","","N","01","2","00","3","0","1","2","3","N","N","39 54:57.162","75 10:29.849","1135","","1130","","0","","N","","3 ","","","","","","","","","","3","3","0","0","0","0","0","0","0","0","0","1","1","0","0","0","0","0","0","0","0","0","0","0","0","0","0","0","0","0","0","0","0","0","0","4","0","39.9158","-75.1749","","CRASH_2001_Philadelphia"
"2002046777","06","67","67301","67301","2001","10","6","1800","18","1","1","0","4","1","","","N","00","2","00","3","0","0","2","2","N","N","39 56:51.155","75 14:57.793","1820","","1812","","0","","N","","3 ","","","","","","","","","","2","2","0","0","0","0","0","0","0","0","0","0","0","0","1","0","0","0","0","0","0","0","0","0","0","0","0","0","0","0","0","0","0","0","0","9","0","39.9476","-75.2495","","CRASH_2001_Philadelphia"
"2002028520","06","67","67301","67301","2001","09","4","0225","02","3","1","0","7","7","","","N","00","0","03","3","0","0","1","1","N","N","39 56:21.830","75 11:48.449","0229","","0226","","0","","N","","0 ","","","","","","","","","","1","1","0","0","0","0","0","0","0","0","0","0","0","0","0","0","0","0","0","0","1","0","0","0","0","0","0","0","0","0","0","0","0","0","0","0","0","39.9379","-75.1982","","CRASH_2001_Philadelphia"
"2002041421","06","67","67301","67301","2001","12","7","1844","18","3","1","0","1","1","","","N","06","4","02","3","0","1","11","3","N","N","39 56:58.560","75 11:02.040","1845","","1844","1","1","4","N","","3 ","N","","","","","","","","","3","3","0","0","0","0","0","0","0","0","0","1","1","0","1","0","0","0","0","0","0","0","0","0","0","0","0","0","0","0","0","0","0","0","0","4","0","39.9496","-75.1841","","CRASH_2001_Philadelphia"
"2002042803","06","67","67301","67301","2001","12","2","2259","22","3","1","0","4","1","","","N","01","2","00","3","0","1","2","2","N","N","39 59:48.120","75 11:15.000","2301","","2259","","0","","N","","3 ","","","","","","","","","","2","2","0","0","0","0","0","0","0","0","0","1","1","0","0","0","0","0","0","0","0","0","0","0","0","0","0","0","0","0","0","0","0","0","0","4","0","39.9966","-75.1876","","CRASH_2001_Philadelphia"
"2002018902","06","67","67301","67301","2001","07","1","0732","07","1","1","0","1","1","","","N","00","2","07","3","0","0","6","4","N","N","40 06:05.400","75 00:21.240","0732","","0732","1","1","1","N","","3 ","Y","","","","","","","","","4","3","0","0","0","1","0","0","0","0","0","0","0","0","0","0","0","0","0","0","1","0","0","0","0","0","0","0","0","0","0","0","0","0","0","0","0","40.1015","-75.0061","","CRASH_2001_Philadelphia"
"2002020069","06","67","67301","67301","2001","07","3","2040","20","3","1","0","4","1","","","N","01","3","00","3","0","1","2","2","N","N","39 58:43.715","75 10:12.914","9999","","2043","","0","","N","","3 ","","","","","","","","","","1","1","0","0","0","0","0","0","1","0","0","1","1","0","0","0","0","0","0","0","0","0","0","0","0","0","0","0","0","0","0","0","0","0","0","4","0","39.9788","-75.1703","","CRASH_2001_Philadelphia"
"2002029735","06","67","67301","67301","2001","09","7","0130","01","3","2","0","1","2","","","N","01","0","00","3","0","0","3","2","N","N","40 00:29.348","75 12:41.201","0157","","0149","","0","","N","","0 ","","","","","","","","","","2","2","0","0","0","0","0","0","0","0","0","0","0","0","0","0","0","0","0","1","0","0","0","0","0","0","0","0","0","0","0","0","0","0","0","0","0","40.0085","-75.2107","","CRASH_2001_Philadelphia"
"2002032213","06","67","67301","67301","2001","10","3","1013","10","1","1","0","1","1","","","N","07","0","02","3","0","1","2","2","N","N","39 58:56.640","75 06:00.360","1014","","1013","","0","","N","","0 ","","","","","","","","","","2","2","0","0","0","0","0","0","0","0","0","1","1","0","0","0","0","0","0","0","1","0","0","0","0","0","0","0","0","0","0","0","0","0","0","4","0","39.9823","-75.1002","","CRASH_2001_Philadelphia"
"2002044737","06","67","67301","46104","2001","12","4","0731","07","1","1","0","8","1","","","N","01","2","00","3","0","1","2","2","N","N","39 59:17.880","75 15:14.400","0733","","0731","","0","","N","","3 ","","","","","","","","","","1","1","0","0","0","0","0","0","0","0","0","1","1","0","0","0","0","0","0","0","1","0","0","0","0","0","0","0","0","0","0","0","1","0","0","4","0","39.9883","-75.254","","CRASH_2001_Philadelphia"
"2002051028","06","67","67301","67301","2001","06","4","1550","15","1","1","0","4","1","","","N","00","0","07","3","0","1","2","2","N","N","40 00:13.570","75 13:14.780","1405","","1558","","0","","N","","0 ","","","","","","","","","","2","2","0","0","0","0","0","0","0","0","0","1","1","0","0","0","0","0","0","0","0","0","0","0","0","0","0","0","0","0","0","0","0","0","0","4","0","40.0039","-75.2207","","CRASH_2001_Philadelphia"
"2001283866","06","67","67301","67301","2001","04","2","2014","20","3","1","0","9","1","","","N","00","0","00","3","0","0","1","4","N","N","39 58:32.880","75 15:47.520","9999","","9999","","0","","N","","0 ","","","","","","","","","","4","0","0","0","0","0","1","0","0","0","0","0","0","0","0","0","0","0","0","0","0","0","0","0","0","0","0","0","0","0","0","0","0","0","0","0","0","39.9759","-75.2632","","CRASH_2001_Philadelphia"
"2001288165","06","67","67301","","2001","05","5","1230","12","1","1","0","3","1","","","N","00","0","00","3","0","2","3","2","N","N","","","9999","","9999","","0","","N","","0 ","","","","","","","","","","2","2","0","0","0","0","0","0","0","0","2","0","2","0","0","0","0","0","0","0","0","0","0","0","0","0","0","0","0","0","0","0","0","0","0","3","0","","","","CRASH_2001_Philadelphia"
"2002039414","06","67","67301","67301","2001","10","6","1614","16","1","1","0","4","1","","","N","01","2","00","3","0","1","3","2","N","N","39 58:13.263","75 09:34.680","1615","","1614","","0","","N","","3 ","","","","","","","","","","2","2","0","0","0","0","0","0","0","0","0","1","1","0","0","0","0","0","0","0","0","0","0","1","0","0","0","0","0","0","0","0","0","0","0","4","0","39.9702","-75.1596","","CRASH_2001_Philadelphia"
"2002035134","06","67","67301","67301","2001","11","7","0321","03","3","1","0","5","1","","","N","00","0","00","3","0","0","2","2","N","N","40 02:35.939","75 06:13.259","0340","","0323","","0","","N","","0 ","","","","","","","","","","2","1","0","0","1","0","0","0","0","0","0","0","0","0","0","0","0","0","0","0","0","0","0","0","0","0","0","0","0","0","0","0","0","0","0","0","0","40.0434","-75.1036","","CRASH_2001_Philadelphia"
"2002040773","06","67","67301","67501","2001","12","4","1725","17","1","1","0","7","2","","","N","00","8","03","3","0","1","2","1","N","N","","","1727","","1225","","0","","N","","3 ","","","","","","","","","","1","1","0","0","0","0","0","0","0","1","0","0","1","0","0","0","0","0","0","0","0","1","0","0","0","0","0","1","0","0","0","0","0","0","0","2","0","","","","CRASH_2001_Philadelphia"
"2002031263","06","67","67301","67301","2001","10","2","1125","11","1","1","0","4","1","","","N","01","3","00","3","0","1","2","2","N","N","40 03:34.223","75 09:55.601","1132","","1127","","0","","N","","3 ","","","","","","","","","","2","1","0","0","1","0","0","0","0","0","0","1","1","0","0","0","0","0","1","0","0","0","0","0","0","0","0","0","0","0","0","0","0","0","0","4","0","40.0595","-75.1655","","CRASH_2001_Philadelphia"
"2002020071","06","67","67301","67301","2001","08","2","1648","16","1","1","0","1","1","","","N","01","2","00","3","0","1","2","2","N","N","39 58:17.236","75 09:34.167","1654","","1649","","0","","N","","3 ","","","","","","","","","","2","2","0","0","0","0","0","0","0","0","0","1","1","0","0","0","0","0","0","0","0","0","0","0","0","0","0","0","0","0","0","0","0","0","0","4","0","39.9718","-75.1594","","CRASH_2001_Philadelphia"
"2002045919","06","67","67301","67301","2001","10","7","1226","12","1","1","0","1","1","","","N","03","2","00","3","0","3","6","4","N","N","40 02:17.109","75 08:41.563","1228","","1226","1","1","1","N","","3 ","N","","","","","","","","","4","4","0","0","0","0","0","0","0","0","0","3","3","0","0","0","0","1","0","1","0","0","0","1","0","0","0","0","0","0","0","0","0","0","0","4","0","40.0378","-75.1449","","CRASH_2001_Philadelphia"
"2002058208","06","67","67301","67301","2001","11","6","1418","14","1","1","0","1","6","","","N","00","0","00","3","0","1","1","2","N","N","40 02:34.018","75 01:27.316","1456","","1451","","0","","N","","0 ","","","","","","","","","","2","1","0","0","1","0","0","0","0","0","0","1","1","0","0","0","0","0","0","0","0","0","1","0","0","0","0","0","0","0","0","0","0","0","0","4","0","40.0428","-75.0243","","CRASH_2001_Philadelphia"
"2002018372","06","67","67301","67301","2001","08","7","1630","16","1","1","0","8","1","","","N","01","2","00","3","0","1","2","2","N","N","39 57:35.915","75 13:29.530","1718","","1715","","0","","N","","3 ","","","","","","","","","","1","1","0","0","0","0","0","0","0","0","0","1","1","0","0","0","0","0","0","0","0","0","0","0","0","0","0","0","0","0","0","0","1","0","0","4","0","39.96","-75.2249","","CRASH_2001_Philadelphia"
"2002031710","06","67","67301","67301","2001","10","1","2053","20","3","1","0","4","1","","","N","01","2","00","3","0","1","4","2","N","N","40 02:40.595","75 03:16.876","2056","","2053","","0","","N","","3 ","","","","","","","","","","2","2","0","0","0","0","0","0","0","0","0","1","1","0","0","0","0","0","0","0","1","0","0","0","0","0","0","0","0","0","0","0","0","0","0","4","0","40.0446","-75.0547","","CRASH_2001_Philadelphia"
"2002033544","06","67","67301","67301","2001","11","7","1539","15","1","1","1","8","3","","","N","01","2","00","3","0","1","2","2","N","N","40 01:13.918","75 03:13.463","1555","","1539","","0","","N","","9 ","","","","","","","","","","1","1","0","0","0","0","0","0","0","0","1","0","1","0","0","0","0","0","0","0","1","0","0","0","0","0","0","0","0","0","0","0","1","0","0","3","0","40.0205","-75.0537","","CRASH_2001_Philadelphia"
"2002045915","06","67","67301","67301","2001","10","5","2036","20","3","1","0","4","1","","","N","01","2","00","3","0","6","6","3","N","N","40 02:16.536","75 08:22.302","2040","","2037","","0","","N","","3 ","","","","","","","","","","3","2","0","0","1","0","0","0","0","0","5","1","6","0","0","0","0","0","1","0","0","0","0","1","0","0","0","0","0","0","0","0","0","0","0","3","0","40.0379","-75.1395","","CRASH_2001_Philadelphia"
"2002042605","06","67","67301","67301","2001","12","1","1138","11","1","1","1","1","7","","","N","06","4","02","3","0","1","4","3","N","N","39 56:42.720","75 11:24.720","1138","","9999","","0","","N","","3 ","","","","","","","","","","3","2","0","0","0","0","0","0","0","0","0","1","1","0","0","0","0","0","0","0","0","0","0","2","0","0","0","0","0","0","0","0","0","0","0","4","0","39.9454","-75.1904","","CRASH_2001_Philadelphia"
"2002041422","06","67","67301","67301","2001","11","3","0939","09","1","1","0","1","1","","","N","00","0","00","3","0","2","2","2","N","N","40 04:57.000","74 58:00.840","0950","","0948","","0","","N","","0 ","","","","","","","","","","2","1","0","0","0","1","0","0","0","0","0","2","2","0","0","0","0","0","0","0","1","0","0","0","0","0","0","0","0","0","0","0","0","0","0","4","0","40.0824","-74.967","","CRASH_2001_Philadelphia"
"2002016636","06","67","67301","67301","2001","07","2","1855","18","1","1","0","2","1","","","N","02","0","00","3","0","1","2","2","N","N","39 57:20.032","75 11:17.633","1857","","1857","","0","","N","","0 ","","","","","","","","","","1","1","0","0","0","0","0","0","0","0","1","0","1","0","0","0","0","0","0","0","0","0","1","0","0","0","0","0","0","0","0","0","1","0","0","3","0","39.9555","-75.1882","","CRASH_2001_Philadelphia"
"2002032499","06","67","67301","67301","2001","10","4","2320","23","3","1","0","1","2","","","N","00","0","00","3","0","1","2","2","N","N","39 54:10.165","75 09:03.528","2330","","2323","","0","","N","","0 ","","","","","","","","","","2","1","0","0","1","0","0","0","0","0","0","1","1","0","0","0","0","0","0","1","0","0","0","0","0","0","0","0","0","0","0","0","0","0","0","4","0","39.9024","-75.1512","","CRASH_2001_Philadelphia"
"2002034042","06","67","67301","67301","2001","11","6","1445","14","1","1","0","4","1","","","N","01","2","00","3","0","1","2","2","N","N","39 57:02.534","75 09:01.584","1530","","1525","","0","","N","","3 ","","","","","","","","","","2","0","1","0","0","1","0","0","0","0","1","0","1","0","0","0","0","0","0","0","0","0","0","0","0","0","0","0","0","0","0","0","0","0","0","3","1","39.9507","-75.1504","","CRASH_2001_Philadelphia"
"2002035807","06","67","67301","67301","2001","10","7","0328","03","3","1","0","7","4","","","N","00","0","03","3","0","0","1","1","N","N","39 57:05.958","75 08:28.029","0327","","0326","","0","","N","","0 ","","","","","","","","","","1","1","0","0","0","0","0","0","0","0","0","0","0","0","0","0","0","0","0","0","0","0","0","0","0","0","0","0","0","0","0","0","0","0","0","0","0","39.9557","-75.1416","","CRASH_2001_Philadelphia"
"2002037102","06","67","67301","67301","2001","11","7","1745","17","3","1","0","4","1","","","N","01","0","00","3","0","1","2","2","N","N","39 58:25.231","75 15:29.284","1755","","1746","","0","","N","","0 ","","","","","","","","","","2","1","0","0","1","0","0","0","0","0","1","0","1","0","0","0","0","0","0","0","1","0","0","0","0","0","0","0","0","0","0","0","0","0","0","3","0","39.9738","-75.2582","","CRASH_2001_Philadelphia"
"2002043779","06","67","67301","67301","2001","12","1","0009","00","3","2","1","1","1","","","N","01","2","00","3","0","3","5","3","N","N","39 58:54.939","75 14:21.094","0015","","0012","","0","","N","","3 ","","","","","","","","","","3","3","0","0","0","0","0","0","0","0","3","0","3","0","0","0","0","0","0","0","1","0","0","1","0","0","0","0","0","0","0","0","0","0","0","3","0","39.9819","-75.239","","CRASH_2001_Philadelphia"
"2002014920","06","67","67301","67301","2001","07","6","1440","14","1","1","0","5","1","","","N","01","2","00","3","0","1","2","2","N","N","39 59:20.861","75 05:22.831","1452","","1452","","0","","N","","3 ","","","","","","","","","","1","1","0","0","0","0","0","0","1","0","0","1","1","0","1","0","0","0","0","0","0","0","0","0","0","0","0","0","0","0","0","0","0","0","0","4","0","39.9891","-75.0896","","CRASH_2001_Philadelphia"
"2002026556","06","67","67301","67301","2001","09","3","0215","02","3","1","8","7","3","","","N","03","2","00","3","0","0","1","1","N","N","40 02:39.135","75 05:20.009","0307","","0305","","0","","N","","3 ","","","","","","","","","","1","1","0","0","0","0","0","0","0","0","0","0","0","0","0","0","0","0","0","0","0","0","0","0","0","0","0","0","0","0","0","0","0","0","0","0","0","40.0443","-75.089","","CRASH_2001_Philadelphia"
"2002031128","06","67","67301","67301","2001","09","4","2015","20","3","1","0","7","4","","","N","00","0","03","3","0","1","1","2","N","N","39 53:10.942","75 12:25.285","2030","","2020","1","1","2","N","","0 ","N","","","","","","","","","1","1","0","0","0","0","0","0","0","0","1","0","1","0","0","0","0","0","1","0","0","0","0","0","0","0","0","0","0","0","0","0","0","0","0","3","0","39.8868","-75.2057","","CRASH_2001_Philadelphia"
"2002035989","06","67","67301","67301","2001","10","7","0910","09","1","1","0","1","1","","","N","00","0","00","3","0","1","2","2","N","Y","40 02:44.160","75 07:41.880","0910","","0905","","0","","N","","0 ","","","","","","","","","","2","2","0","0","0","0","0","0","0","0","0","1","1","0","0","0","0","0","0","0","1","0","0","0","0","0","0","0","0","0","0","0","0","0","0","4","0","40.0456","-75.1283","","CRASH_2001_Philadelphia"
"2001283803","06","67","67301","67301","2001","03","7","1930","19","3","2","1","8","1","","","N","00","0","00","3","0","3","4","4","N","N","","","9999","","9999","","0","","N","","0 ","","","","","","","","","","1","1","0","0","0","0","0","0","0","0","0","0","0","0","3","0","0","0","0","0","0","0","0","0","0","0","0","0","0","0","0","0","3","0","0","9","0","","","","CRASH_2001_Philadelphia"
"2002028104","06","67","67301","67301","2001","09","6","0512","05","3","1","0","5","1","","","N","02","0","06","3","0","0","2","2","N","N","40 02:09.281","75 04:04.217","0535","","0530","","0","","N","","0 ","","","","","","","","","","2","1","0","0","0","1","0","0","0","0","0","0","0","0","0","0","0","0","0","0","1","0","0","0","0","0","0","0","0","0","0","0","0","0","0","0","1","40.036","-75.0676","","CRASH_2001_Philadelphia"
"2002018380","06","67","67301","67301","2001","08","6","1617","16","1","2","1","4","1","","","N","01","1","00","3","0","0","3","3","N","N","40 04:15.240","75 02:16.080","1623","","1619","","0","","N","","3 ","","","","","","","","","","3","3","0","0","0","0","0","0","0","0","0","0","0","0","0","0","0","0","0","0","1","0","1","0","0","0","0","0","0","0","0","0","0","0","0","0","0","40.0711","-75.038","","CRASH_2001_Philadelphia"
"2002042614","06","67","67301","67301","2001","12","3","1827","18","3","1","0","4","1","","","N","02","2","00","3","0","0","2","2","N","N","39 53:44.301","75 14:01.204","1940","","1927","","0","","N","","3 ","","","","","","","","","","2","2","0","0","0","0","0","0","0","0","0","0","0","0","0","0","0","0","0","0","0","0","0","0","0","0","0","0","0","0","0","0","0","0","0","0","0","39.8954","-75.2335","","CRASH_2001_Philadelphia"
"2002045154","06","67","67301","67301","2001","12","2","1810","18","4","1","0","8","1","","","N","01","0","00","3","0","1","2","2","N","N","39 58:53.789","75 07:01.949","1825","","1820","","0","","N","","0 ","","","","","","","","","","1","1","0","0","0","0","0","0","0","0","0","1","1","0","0","0","0","0","0","0","0","0","0","0","0","0","0","0","0","0","0","0","1","0","0","4","0","39.9816","-75.1172","","CRASH_2001_Philadelphia"
"2002026291","06","67","67301","67301","2001","09","2","1233","12","1","1","0","4","1","","","N","05","2","00","3","0","0","2","2","N","N","40 01:06.657","75 03:49.141","1240","","1235","","0","","N","","3 ","","","","","","","","","","2","2","0","0","0","0","0","0","0","0","0","0","0","0","0","0","0","0","0","0","0","0","0","2","0","0","0","0","0","0","0","0","0","0","0","0","0","40.0187","-75.0636","","CRASH_2001_Philadelphia"
"2002030774","06","67","67301","67301","2001","09","1","1435","14","1","1","0","4","1","","","N","01","2","00","3","0","4","4","2","N","N","40 03:08.535","75 08:30.291","1445","","1438","1","1","2","N","","3 ","N","","","","","","","","","2","2","0","0","0","0","0","0","0","0","0","4","4","0","0","0","0","0","0","0","0","0","0","2","0","0","0","0","0","0","0","0","0","0","0","4","0","40.0521","-75.1418","","CRASH_2001_Philadelphia"
"2002032129","06","67","67301","67301","2001","09","7","1829","18","1","1","0","7","5","","","N","00","0","07","3","0","1","1","1","N","N","40 01:52.684","75 10:02.618","1829","","1829","","0","","N","","0 ","","","","","","","","","","1","1","0","0","0","0","0","0","0","0","0","1","1","0","0","0","0","0","0","0","0","0","0","1","0","0","0","0","0","0","0","0","0","0","0","4","0","40.0313","-75.1674","","CRASH_2001_Philadelphia"
"2002035790","06","67","67301","67301","2001","11","2","0849","08","1","1","0","1","1","","","N","00","0","00","3","0","1","2","2","N","N","40 00:19.000","75 10:39.000","0852","","0851","","0","","N","","0 ","","","","","","","","","","2","2","0","0","0","0","0","0","0","0","0","1","1","0","0","0","0","0","0","0","1","0","0","0","0","0","0","0","0","0","0","0","0","0","0","4","0","40.0062","-75.1766","","CRASH_2001_Philadelphia"
"2002045704","06","67","67301","67301","2001","10","7","1128","11","1","2","1","1","1","","","N","00","0","00","3","0","0","3","3","N","N","39 56:23.260","75 11:54.586","1140","","1133","","0","","N","","0 ","","","","","","","","","","3","3","0","0","0","0","0","0","0","0","0","0","0","0","1","0","0","0","0","0","0","0","0","0","0","0","0","0","0","0","0","0","0","0","0","9","0","39.9404","-75.2019","","CRASH_2001_Philadelphia"
"2002045763","06","67","67301","67301","2001","10","3","1630","16","1","1","0","7","5","","","N","02","0","00","3","0","0","1","1","N","N","40 07:31.642","75 00:53.016","1647","","1635","","0","","N","","0 ","","","","","","","","","","1","1","0","0","0","0","0","0","0","0","0","0","0","0","0","0","0","0","0","0","0","0","0","0","0","0","0","0","0","0","0","0","0","0","0","0","0","40.1261","-75.0144","","CRASH_2001_Philadelphia"
"2001279795","06","67","67301","67301","2001","04","1","0828","08","1","1","0","7","1","","","N","00","0","00","3","0","1","1","1","N","N","40 00:26.280","75 10:28.920","9999","","9999","","0","","N","","0 ","","","","","","","","","","1","1","0","0","0","0","0","0","0","0","0","1","1","0","0","0","0","0","0","0","0","0","0","0","0","0","0","0","0","0","0","0","0","0","0","4","0","40.0072","-75.1745","","CRASH_2001_Philadelphia"
"2002039405","06","67","67301","67301","2001","11","7","1144","11","1","1","0","4","1","","","N","05","2","00","3","0","0","2","2","N","N","40 01:25.463","75 12:27.940","1147","","1145","","0","","N","","3 ","","","","","","","","","","2","2","0","0","0","0","0","0","0","0","0","0","0","0","0","0","0","0","0","0","0","0","0","0","0","0","0","0","0","0","0","0","0","0","0","0","0","40.0237","-75.2077","","CRASH_2001_Philadelphia"
"2002020131","06","67","67301","67301","2001","07","7","0240","02","3","1","0","4","1","","","N","01","2","00","3","0","1","2","2","N","N","39 57:12.780","75 09:22.769","0241","","0240","","0","","N","","3 ","","","","","","","","","","2","2","0","0","0","0","0","0","0","0","0","1","1","0","0","0","0","0","0","0","0","0","0","0","0","0","0","0","0","0","0","0","0","0","0","4","0","39.9536","-75.1563","","CRASH_2001_Philadelphia"
"2005148184","06","67","67301","67301","2001","05","2","2044","20","3","1","0","0","4","","","N","00","0","00","3","0","1","1","1","N","N","40 01:16.132","75 06:43.833","2049","","2046","","0","","N","","0 ","","","","","","","","","","1","0","1","0","0","0","0","0","0","0","1","0","1","0","0","0","0","0","0","0","0","0","0","0","0","0","0","0","0","0","0","0","0","0","0","3","0","40.0211","-75.1122","","CRASH_2001_Philadelphia"
"2002031217","06","67","67301","67301","2001","09","3","1220","12","1","2","1","1","1","","","N","00","0","00","3","0","1","2","2","N","N","39 56:02.659","75 11:59.611","1225","","1220","1","2","4","N","","0 ","Y","","","","","","","","","2","2","0","0","0","0","0","0","0","0","0","1","1","0","0","0","0","0","0","0","0","0","0","0","0","0","0","0","0","0","0","0","0","0","0","4","0","39.9337","-75.2","","CRASH_2001_Philadelphia"
"2002028557","06","67","67301","67301","2001","09","3","1318","13","1","1","0","8","1","","","N","00","0","00","3","0","1","2","2","N","N","39 59:54.972","75 09:13.000","1322","","1320","","0","","N","","0 ","","","","","","","","","","1","1","0","0","0","0","0","0","0","0","1","0","1","0","0","0","0","0","0","0","0","0","0","0","0","0","0","0","0","0","0","0","1","0","0","3","0","39.9986","-75.1536","","CRASH_2001_Philadelphia"
"2002017489","06","67","67301","67301","2001","08","6","1843","18","1","2","1","4","1","","","N","01","2","00","3","0","2","3","2","N","N","40 02:20.700","75 11:29.822","1905","","1857","","0","","N","","1 ","","","","","","","","","","2","2","0","0","0","0","0","0","0","0","0","2","2","0","0","0","0","0","0","0","0","0","0","0","0","0","0","0","0","0","0","0","0","0","0","4","0","40.0392","-75.1917","","CRASH_2001_Philadelphia"
"2002017287","06","67","67301","67301","2001","07","7","1500","15","1","1","0","7","9","","","N","00","0","03","3","0","0","1","1","N","N","40 01:58.242","75 11:17.938","1500","","1500","","0","","N","","0 ","","","","","","","","","","1","1","0","0","0","0","0","0","0","0","0","0","0","0","1","0","0","0","0","0","0","0","1","0","0","0","0","0","0","0","0","0","0","0","0","9","0","40.0328","-75.1883","","CRASH_2001_Philadelphia"
"2002035981","06","67","67301","67301","2001","10","4","0220","02","3","1","0","4","1","","","N","01","2","00","3","0","1","2","2","N","N","40 00:25.757","75 05:55.312","0235","","0230","","0","","N","","3 ","","","","","","","","","","2","2","0","0","0","0","0","0","0","0","0","1","1","0","0","0","0","0","0","0","0","0","0","0","0","0","0","0","0","0","0","0","0","0","0","4","0","40.0072","-75.0987","","CRASH_2001_Philadelphia"
"2002041453","06","67","67301","67301","2001","12","3","1430","14","1","1","0","8","9","","","N","01","9","00","3","0","1","2","2","N","N","40 03:07.910","75 04:03.305","1540","","1533","","0","","N","","9 ","","","","","","","","","","1","1","0","0","0","0","0","0","0","0","0","1","1","0","0","0","0","1","0","0","0","0","0","1","0","0","0","0","0","0","0","0","1","0","0","4","0","40.0521","-75.0678","","CRASH_2001_Philadelphia"
"2002023710","06","67","67301","67301","2001","08","3","1210","12","1","1","0","4","1","","","N","01","2","00","3","0","3","5","2","N","Y","39 57:46.738","75 09:58.094","1211","","1210","","0","","N","","3 ","","","","","","","","","","2","2","0","0","0","0","0","0","0","0","0","3","3","0","0","0","0","0","0","0","0","0","0","0","0","0","0","0","0","0","0","0","0","0","0","4","0","39.963","-75.1662","","CRASH_2001_Philadelphia"
"2002017516","06","67","67301","67301","2001","08","1","0112","01","3","1","0","4","5","","","N","00","0","00","3","0","1","1","3","N","N","39 58:32.743","75 14:44.607","0130","","0128","","0","","N","","0 ","","","","","","","","","","3","3","0","0","0","0","0","0","0","0","0","1","1","0","0","0","0","0","0","0","0","0","0","0","0","0","0","0","0","0","0","0","0","0","0","4","0","39.9757","-75.2456","","CRASH_2001_Philadelphia"
"2002026317","06","67","67301","67301","2001","09","3","0846","08","1","1","0","8","1","","","N","02","3","00","3","0","1","2","2","N","N","40 06:33.820","75 01:31.695","0914","","0911","","0","","N","","3 ","","","","","","","","","","1","1","0","0","0","0","0","0","0","0","0","1","1","0","0","0","0","0","0","0","0","0","0","0","0","0","0","0","0","0","0","0","1","0","0","4","0","40.1093","-75.0255","","CRASH_2001_Philadelphia"
"2002045790","06","67","67301","67301","2001","10","2","1002","10","1","1","0","1","1","","","N","00","0","00","3","0","2","4","3","N","N","40 03:51.000","75 02:30.177","1015","","1006","","0","","N","","0 ","","","","","","","","","","3","2","0","0","0","1","0","0","0","0","0","0","2","2","0","0","0","0","0","0","0","0","0","0","0","0","0","0","0","0","0","0","0","0","0","8","1","40.0643","-75.0419","","CRASH_2001_Philadelphia"
"2002004738","06","67","67301","67301","2001","10","1","1758","17","1","1","0","4","1","","","N","01","2","00","3","0","1","2","2","N","N","39 55:36.225","75 10:09.006","1800","","1758","","0","","N","","3 ","","","","","","","","","","1","1","0","0","0","0","0","0","1","0","0","1","1","0","0","0","0","0","0","0","0","0","0","1","0","0","0","0","0","0","0","0","0","0","0","4","0","39.9268","-75.1691","","CRASH_2001_Philadelphia"