"CRN","DISTRICT","COUNTY","MUNICIPALITY","POLICE_AGCY","CRASH_YEAR","CRASH_MONTH","DAY_OF_WEEK","TIME_OF_DAY","HOUR_OF_DAY","ILLUMINATION","WEATHER","ROAD_CONDITION","COLLISION_TYPE","RELATION_TO_ROAD","WORK_ZONE_TYPE","WORK_ZONE_LOC","WORK_ZONE_IND","INTERSECT_TYPE","TCD_TYPE","LOCATION_TYPE","URBAN_RURAL","FATAL_COUNT","INJURY_COUNT","PERSON_COUNT","TOTAL_UNITS","SCH_BUS_IND","SCH_ZONE_IND","LATITUDE","LONGITUDE","ARRIVAL_TM","CONS_ZONE_SPD_LIM","DISPATCH_TM","EST_HRS_CLOSED","LANE_CLOSED","LN_CLOSE_DIR","NTFY_HIWY_MAINT","SPEC_JURIS_CD","TCD_FUNC_CD","TFC_DETOUR_IND","WORKERS_PRES","WZ_CLOSE_DETOUR","WZ_FLAGGER","WZ_LAW_OFFCR_IND","WZ_LN_CLOSURE","WZ_MOVING","WZ_OTHER","WZ_SHLDER_MDN","VEHICLE_COUNT","AUTOMOBILE_COUNT","MOTORCYCLE_COUNT","BUS_COUNT","SMALL_TRUCK_COUNT","HEAVY_TRUCK_COUNT","SUV_COUNT","VAN_COUNT","BICYCLE_COUNT","MAJ_INJ_COUNT","MOD_INJ_COUNT","MIN_INJ_COUNT","TOT_INJ_COUNT","UNK_INJ_DEG_COUNT","UNK_INJ_PER_COUNT","DRIVER_COUNT_16YR","DRIVER_COUNT_17YR","DRIVER_COUNT_18YR","DRIVER_COUNT_19YR","DRIVER_COUNT_20YR","DRIVER_COUNT_50_64YR","DRIVER_COUNT_65_74YR","DRIVER_COUNT_75PLUS","UNBELTED_OCC_COUNT","UNB_DEATH_COUNT","UNB_MAJ_INJ_COUNT","BELTED_DEATH_COUNT","BELTED_MAJ_INJ_COUNT","MCYCLE_DEATH_COUNT","MCYCLE_MAJ_INJ_COUNT","BICYCLE_DEATH_COUNT","BICYCLE_MAJ_INJ_COUNT","PED_COUNT","PED_DEATH_COUNT","PED_MAJ_INJ_COUNT","MAX_SEVERITY_LEVEL","COMM_VEH_COUNT","DEC_LAT","DEC_LONG","RDWY_SURF_TYPE_CD","COUNTY_YEAR"
"2002017561","06","67","67301","67301","2001","08","7","1824","18","4","1","0","1","1","","","N","00","2","00","3","0","2","3","2","N","N","40 00:46.364","75 11:00.910","1827","","1825","2","2","1","N","","3 ","Y","","","","","","","","","2","1","0","0","1","0","0","0","0","0","0","2","2","0","0","0","0","0","0","0","0","1","0","3","0","0","0","0","0","0","0","0","0","0","0","4","0","40.0129","-75.1835","","CRASH_2001_Philadelphia"
"2002019302","06","67","67301","67301","2001","08","5","1704","17","1","1","0","4","3","","","N","00","0","07","3","0","2","4","2","N","N","39 59:08.678","75 09:22.634","1706","","1704","1","2","5","N","","0 ","N","","","","","","","","","2","2","0","0","0","0","0","0","0","1","1","0","2","0","0","0","0","0","1","0","0","0","0","2","0","1","0","0","0","0","0","0","0","0","0","2","0","39.9857","-75.1563","","CRASH_2001_Philadelphia"
"2003090252","06","67","67301","67301","2001","08","4","0610","06","1","1","0","1","1","","","N","01","2","00","3","0","1","4","4","N","N","40 00:21.746","75 05:30.755","0425","","0418","","0","","N","","3 ","","","","","","","","","","4","3","0","0","0","1","0","0","0","0","0","1","1","0","0","0","0","0","0","0","1","0","0","0","0","0","0","0","0","0","0","0","0","0","0","4","1","40.006","-75.0919","","CRASH_2001_Philadelphia"
"2002045873","06","67","67301","67301","2001","10","7","1959","19","1","1","0","1","1","","","N","00","0","00","3","0","3","5","2","N","N","40 00:33.282","75 12:23.498","2008","","1959","","0","","N","","0 ","","","","","","","","","","2","2","0","0","0","0","0","0","0","0","0","3","3","0","0","0","0","0","1","1","0","0","0","5","0","0","0","0","0","0","0","0","0","0","0","4","0","40.0092","-75.2062","","CRASH_2001_Philadelphia"
"2002032305","06","67","67301","67301","2001","10","4","1833","18","3","1","0","2","1","","","N","01","2","00","3","0","2","3","2","N","N","40 02:28.611","75 06:24.402","1845","","1833","","0","","N","","3 ","","","","","","","","","","2","1","0","0","1","0","0","0","0","0","0","2","2","0","0","0","0","0","0","0","0","0","0","1","0","0","0","0","0","0","0","0","0","0","0","4","0","40.0413","-75.1067","","CRASH_2001_Philadelphia"
"2002032517","06","67","67301","67301","2001","10","4","1800","18","1","1","0","1","1","","","N","00","0","01","3","0","1","5","4","N","N","39 57:25.278","75 09:25.705","1805","","1800","","0","","N","","0 ","","","","","","","","","","4","3","0","0","1","0","0","0","0","0","0","1","1","0","0","0","0","0","0","0","1","0","0","0","0","0","0","0","0","0","0","0","0","0","0","4","0","39.9572","-75.1571","","CRASH_2001_Philadelphia"
"2002017157","06","67","67301","67301","2001","07","3","1334","13","1","1","8","5","1","","","N","02","3","00","3","0","1","3","2","N","N","40 05:08.160","75 02:21.840","1350","","1337","","0","","N","","3 ","","","","","","","","","","2","2","0","0","0","0","0","0","0","0","0","1","1","0","0","0","0","0","0","0","0","2","0","0","0","0","0","0","0","0","0","0","0","0","0","4","0","40.0856","-75.0394","","CRASH_2001_Philadelphia"
"2002017678","06","67","67301","67301","2001","08","4","1207","12","1","1","0","4","1","","","N","01","2","00","3","0","2","3","2","N","N","40 02:04.200","75 04:16.320","1219","","1209","","0","","N","","3 ","","","","","","","","","","2","2","0","0","0","0","0","0","0","0","0","2","2","0","1","0","0","0","1","0","0","0","0","0","0","0","0","0","0","0","0","0","0","0","0","4","0","40.0346","-75.0713","","CRASH_2001_Philadelphia"
"2002018582","06","67","67301","67301","2001","08","6","1845","18","1","2","1","5","1","","","N","00","0","00","3","0","0","6","2","N","N","40 06:43.000","74 59:25.000","1901","","1853","","0","","N","","0 ","","","","","","","","","","2","2","0","0","0","0","0","0","0","0","0","0","0","0","0","0","0","0","0","0","0","0","0","0","0","0","0","0","0","0","0","0","0","0","0","0","0","40.1121","-74.9905","","CRASH_2001_Philadelphia"
"2002019766","06","67","67301","67301","2001","07","5","0654","06","1","1","0","6","1","","","N","01","2","01","3","0","0","2","2","N","N","39 55:57.000","75 11:11.000","0715","","0705","","0","","N","","3 ","","","","","","","","","","2","1","0","0","1","0","0","0","0","0","0","0","0","0","0","0","0","1","0","0","0","0","0","2","0","0","0","0","0","0","0","0","0","0","0","0","0","39.9325","-75.1864","","CRASH_2001_Philadelphia"
"2002020494","06","67","67301","67301","2001","08","3","2059","20","3","1","0","4","1","","","N","01","2","00","3","0","1","2","2","N","N","39 59:19.279","75 09:44.014","2105","","2059","","0","","N","","3 ","","","","","","","","","","1","1","0","0","0","0","0","0","1","0","0","1","1","0","0","0","0","0","0","0","0","1","0","0","0","0","0","0","0","0","0","0","0","0","0","4","0","39.9887","-75.1622","","CRASH_2001_Philadelphia"
"2002028689","06","67","67301","67301","2001","08","6","2330","23","3","9","8","8","4","","","N","01","2","00","3","0","1","2","2","N","N","40 02:06.000","75 08:41.000","1250","","1218","","0","","N","","9 ","","","","","","","","","","1","1","0","0","0","0","0","0","0","0","1","0","1","0","0","0","0","0","0","0","0","0","0","0","0","0","0","0","0","0","0","0","1","0","0","3","0","40.035","-75.1447","","CRASH_2001_Philadelphia"
"2002040179","06","67","67301","67301","2001","12","3","0840","08","1","2","1","1","1","","","N","01","2","00","3","0","1","2","2","N","N","","","0840","","0840","","0","","N","","3 ","","","","","","","","","","2","2","0","0","0","0","0","0","0","0","0","1","1","0","0","0","0","0","0","0","0","0","0","0","0","0","0","0","0","0","0","0","0","0","0","4","0","","","","CRASH_2001_Philadelphia"
"2002046749","06","67","67301","67301","2001","10","2","1200","12","1","1","0","1","1","","","N","02","2","00","3","0","3","4","2","N","N","39 58:32.715","75 10:06.819","1205","","1200","","0","","N","","3 ","","","","","","","","","","2","1","0","0","0","1","0","0","0","0","0","3","3","0","0","0","0","0","0","0","1","0","0","0","0","0","0","0","0","0","0","0","0","0","0","4","1","39.9758","-75.1685","","CRASH_2001_Philadelphia"
"2002026481","06","67","67301","67301","2001","05","7","1630","16","1","1","0","4","1","","","N","01","3","00","3","0","1","2","2","N","N","39 59:05.280","75 07:59.880","1640","","1635","","0","","N","","3 ","","","","","","","","","","2","2","0","0","0","0","0","0","0","0","1","0","1","0","0","0","0","1","0","0","0","0","0","0","0","0","0","0","0","0","0","0","0","0","0","3","0","39.9849","-75.1332","","CRASH_2001_Philadelphia"
"2002041986","06","67","67301","67301","2001","12","3","1031","10","1","2","1","4","1","","","N","01","2","00","3","0","1","3","2","N","N","40 03:24.611","75 03:39.390","1035","","1033","","0","","N","","3 ","","","","","","","","","","2","2","0","0","0","0","0","0","0","0","0","1","1","0","0","0","0","0","0","0","0","0","0","0","0","0","0","0","0","0","0","0","0","0","0","4","0","40.0567","-75.0608","","CRASH_2001_Philadelphia"
"2002029726","06","67","67301","67301","2001","09","3","1810","18","1","1","0","4","1","","","N","01","2","00","3","0","1","2","2","N","N","","","1812","","1812","","0","","N","","3 ","","","","","","","","","","2","2","0","0","0","0","0","0","0","0","0","1","1","0","0","0","0","0","0","0","0","0","0","0","0","0","0","0","0","0","0","0","0","0","0","4","0","","","","CRASH_2001_Philadelphia"
"2002032506","06","67","67301","67301","2001","07","7","1909","19","1","1","0","7","9","","","N","00","0","04","3","0","1","1","1","N","N","39 55:15.899","75 11:26.565","1912","","1909","1","1","4","N","","0 ","N","","","","","","","","","1","0","1","0","0","0","0","0","0","0","1","0","1","0","0","0","0","0","0","0","0","0","0","0","0","0","0","0","0","0","0","0","0","0","0","3","0","39.9209","-75.1907","","CRASH_2001_Philadelphia"
"2001248735","06","67","67301","67301","2001","05","1","1355","13","1","1","0","8","1","","","N","00","0","00","3","0","1","2","2","N","N","","","9999","","9999","","0","","N","","0 ","","","","","","","","","","1","1","0","0","0","0","0","0","0","0","1","0","1","0","0","0","0","0","0","0","0","0","0","0","0","0","0","0","0","0","0","0","1","0","0","3","0","","","","CRASH_2001_Philadelphia"
"2001248819","06","67","67301","67301","2001","05","4","1748","17","1","1","0","8","1","","","N","00","0","00","3","0","1","2","2","N","N","","","9999","","9999","","0","","N","","0 ","","","","","","","","","","1","1","0","0","0","0","0","0","0","0","1","0","1","0","0","0","0","0","0","0","0","0","1","0","0","0","0","0","0","0","0","0","1","0","0","3","0","","","","CRASH_2001_Philadelphia"
"2002010520","06","67","67301","67301","2001","07","1","0605","06","1","1","0","7","5","","","N","00","2","00","3","0","0","2","1","N","N","40 04:37.560","75 04:17.400","0610","","0605","","0","","N","","3 ","","","","","","","","","","1","1","0","0","0","0","0","0","0","0","0","0","0","0","0","0","0","0","0","0","0","0","0","0","0","0","0","0","0","0","0","0","0","0","0","0","0","40.0771","-75.0716","","CRASH_2001_Philadelphia"
"2001265478","06","67","67301","67301","2001","06","3","2010","20","1","1","0","4","1","","","N","00","0","00","3","0","1","2","2","N","N","","","9999","","9999","","0","","N","","0 ","","","","","","","","","","1","1","0","0","0","0","0","0","1","0","0","1","1","0","0","1","0","0","0","0","0","0","0","0","0","0","0","0","0","0","0","0","0","0","0","4","0","","","","CRASH_2001_Philadelphia"
"2002001074","06","67","67301","67301","2001","09","6","2340","23","3","1","0","7","3","2","1","Y","00","0","00","3","0","4","4","1","N","N","39 56:21.157","75 08:38.762","9999","45","2346","","0","","N","","0 ","","N","","","U","Y","","","","1","1","0","0","0","0","0","0","0","0","0","4","4","0","0","0","1","0","0","0","0","0","0","0","0","0","0","0","0","0","0","0","0","0","0","4","0","39.9393","-75.1438","","CRASH_2001_Philadelphia"
"2002004058","06","67","67301","67301","2001","06","1","0657","06","1","1","0","7","3","","","N","10","0","00","3","0","1","3","2","N","N","40 06:02.174","74 59:16.705","0705","","0657","9","1","3","N","","0 ","N","","","","","","","","","2","2","0","0","0","0","0","0","0","0","0","1","1","0","0","0","0","0","0","0","0","0","0","0","0","0","0","0","0","0","0","0","0","0","0","4","0","40.1013","-74.989","","CRASH_2001_Philadelphia"
"2002031088","06","67","67301","67301","2001","10","2","1437","14","1","2","1","8","1","","","N","00","0","00","3","0","1","2","2","N","N","39 57:15.496","75 09:43.522","1445","","1441","","0","","N","","0 ","","","","","","","","","","1","1","0","0","0","0","0","0","0","0","0","1","1","0","0","0","0","0","0","0","1","0","0","0","0","0","0","0","0","0","0","0","1","0","0","4","0","39.9543","-75.1621","","CRASH_2001_Philadelphia"
"2002037300","06","67","67301","67301","2001","12","1","1530","15","1","1","0","4","1","","","N","00","0","00","3","0","3","3","2","N","N","","","1533","","1533","","0","","N","","0 ","","","","","","","","","","2","0","0","0","0","0","0","0","0","0","0","3","3","0","0","0","0","0","0","0","1","0","0","0","0","0","0","0","0","0","0","0","0","0","0","4","0","","","","CRASH_2001_Philadelphia"
"2002041663","06","67","67301","67301","2001","12","1","0140","01","3","1","0","5","6","","","N","00","0","00","3","0","0","1","5","N","N","","","0445","","0415","","0","","N","","0 ","","","","","","","","","","5","3","0","0","2","0","0","0","0","0","0","0","0","0","1","0","0","0","0","0","0","0","0","0","0","0","0","0","0","0","0","0","0","0","0","9","0","","","","CRASH_2001_Philadelphia"
"2002020149","06","67","67301","67301","2001","07","7","2200","22","3","1","0","1","1","","","N","02","2","00","3","0","0","3","3","N","N","39 55:36.840","75 13:25.320","9999","","2256","","0","","N","","3 ","","","","","","","","","","3","2","0","0","1","0","0","0","0","0","0","0","0","0","0","0","0","0","0","0","0","0","0","0","0","0","0","0","0","0","0","0","0","0","0","0","0","39.927","-75.2235","","CRASH_2001_Philadelphia"
"2002004027","06","67","67301","67301","2001","06","6","1018","10","1","1","0","1","1","","","N","00","0","00","3","0","2","3","2","N","N","40 04:24.795","75 00:57.071","1025","","1022","1","1","3","N","","0 ","N","","","","","","","","","2","2","0","0","0","0","0","0","0","0","0","2","2","0","0","0","0","0","0","0","0","0","0","0","0","0","0","0","0","0","0","0","0","0","0","4","0","40.0737","-75.0159","","CRASH_2001_Philadelphia"
"2002010519","06","67","67301","67301","2001","06","4","1457","14","1","1","0","7","5","","","N","00","0","03","3","0","1","1","1","N","N","40 03:28.211","75 02:10.262","1505","","1500","","0","","Y","","0 ","","","","","","","","","","1","1","0","0","0","0","0","0","0","0","0","1","1","0","0","0","0","0","0","0","1","0","0","0","0","0","0","0","0","0","0","0","0","0","0","4","0","40.0579","-75.0364","","CRASH_2001_Philadelphia"
"2002018893","06","67","67301","67301","2001","08","5","1848","18","1","1","0","5","1","","","N","00","0","07","3","0","1","3","2","N","N","40 04:31.440","75 02:08.160","1910","","1900","","0","","N","","0 ","","","","","","","","","","2","1","1","0","0","0","0","0","0","0","1","0","1","0","0","0","0","0","0","0","0","0","0","0","0","0","0","0","0","0","0","0","0","0","0","3","0","40.0754","-75.0356","","CRASH_2001_Philadelphia"
"2002023573","06","67","67301","67301","2001","08","3","1301","13","1","1","0","1","1","","","N","00","0","00","3","0","1","2","2","N","N","39 57:10.585","75 11:34.276","1305","","1301","","0","","N","","0 ","","","","","","","","","","2","2","0","0","0","0","0","0","0","0","0","1","1","0","0","0","0","0","0","0","0","0","0","0","0","0","0","0","0","0","0","0","0","0","0","4","0","39.9544","-75.1925","","CRASH_2001_Philadelphia"
"2002035131","06","67","67301","67301","2001","11","1","1330","13","1","1","0","4","1","","","N","02","2","00","3","0","1","2","2","N","N","39 57:37.412","75 10:25.797","1340","","1334","","0","","N","","3 ","","","","","","","","","","1","1","0","0","0","0","0","0","1","1","0","0","1","0","0","0","0","0","0","0","0","0","0","0","0","0","0","0","0","0","0","1","0","0","0","2","0","39.9603","-75.1737","","CRASH_2001_Philadelphia"
"2002038334","06","67","67301","67301","2001","11","6","1140","11","1","1","0","8","1","","","N","00","0","00","3","0","1","2","2","N","N","40 04:27.392","75 02:06.844","1145","","1140","","0","","N","","0 ","","","","","","","","","","1","0","0","0","0","1","0","0","0","1","0","0","1","0","0","0","0","0","0","0","0","0","0","0","0","0","0","0","0","0","0","0","1","0","1","2","1","40.0742","-75.0352","","CRASH_2001_Philadelphia"
"2002045743","06","67","67301","67301","2001","10","1","0150","01","3","1","0","7","5","","","N","01","2","00","3","0","0","1","1","N","N","39 54:49.741","75 08:55.375","9999","","0158","","0","","N","","3 ","","","","","","","","","","1","1","0","0","0","0","0","0","0","0","0","0","0","0","0","0","0","0","0","0","0","0","0","1","0","0","0","0","0","0","0","0","0","0","0","0","0","39.914","-75.1499","","CRASH_2001_Philadelphia"
"2002045946","06","67","67301","67301","2001","11","7","0635","06","1","1","0","7","3","","","N","00","0","00","3","0","0","1","1","N","N","39 53:23.648","75 13:13.679","0650","","0642","","0","","N","","0 ","","","","","","","","","","1","1","0","0","0","0","0","0","0","0","0","0","0","0","0","0","0","0","0","1","0","0","0","0","0","0","0","0","0","0","0","0","0","0","0","0","0","39.8894","-75.2194","","CRASH_2001_Philadelphia"
"2002028503","06","67","67301","67301","2001","08","6","2130","21","3","1","0","6","1","","","N","01","2","00","3","0","2","2","2","N","N","39 57:30.514","75 14:15.079","2133","","2131","","0","","N","","3 ","","","","","","","","","","2","2","0","0","0","0","0","0","0","0","0","2","2","0","0","0","0","0","0","0","0","0","0","0","0","0","0","0","0","0","0","0","0","0","0","4","0","39.9584","-75.2375","","CRASH_2001_Philadelphia"
"2002029456","06","67","67301","67301","2001","05","2","0827","08","1","9","0","1","1","","","N","01","2","00","3","0","1","2","2","N","N","39 57:50.854","75 13:17.105","1730","","1730","","0","","N","","9 ","","","","","","","","","","2","2","0","0","0","0","0","0","0","0","0","1","1","0","1","0","0","0","0","0","0","0","0","0","0","0","0","0","0","0","0","0","0","0","0","4","0","39.9643","-75.222","","CRASH_2001_Philadelphia"
"2002037148","06","67","67301","67301","2001","11","3","2302","23","3","1","0","9","9","","","N","01","0","00","3","0","0","1","1","N","N","39 54:14.907","75 14:26.329","2330","","2321","","0","","N","","0 ","","","","","","","","","","1","0","0","0","1","0","0","0","0","0","0","0","0","0","1","0","0","0","0","0","0","0","0","0","0","0","0","0","0","0","0","0","0","0","0","9","0","39.904","-75.2401","","CRASH_2001_Philadelphia"
"2002007614","06","67","67301","67301","2001","11","4","2153","21","3","1","0","4","1","","","N","01","2","00","3","0","1","2","2","N","N","40 02:39.480","75 04:21.360","2158","","2155","","0","","N","","3 ","","","","","","","","","","2","2","0","0","0","0","0","0","0","0","0","1","1","0","0","1","0","0","0","0","0","0","0","0","0","0","0","0","0","0","0","0","0","0","0","4","0","40.0444","-75.0726","","CRASH_2001_Philadelphia"
"2002014948","06","67","67301","67301","2001","06","5","0743","07","1","1","0","8","1","","","N","00","0","00","3","0","1","13","2","N","N","39 59:54.600","75 07:46.560","0747","","0745","","0","","Y","","0 ","","","","","","","","","","1","0","0","1","0","0","0","0","0","0","1","0","1","0","0","0","0","0","0","0","1","0","0","0","0","0","0","0","0","0","0","0","1","0","0","3","1","39.9985","-75.1296","","CRASH_2001_Philadelphia"
"2002027593","06","67","67301","67301","2001","09","1","1100","11","1","1","0","2","1","","","N","00","0","00","3","0","3","3","2","N","N","39 59:30.468","75 10:46.955","1120","","1114","1","1","2","N","","0 ","N","","","","","","","","","2","2","0","0","0","0","0","0","0","1","2","0","3","0","0","0","0","0","0","0","0","1","0","0","0","0","0","1","0","0","0","0","0","0","0","2","0","39.9918","-75.1797","","CRASH_2001_Philadelphia"
"2002038311","06","67","67301","67301","2001","12","4","1630","16","1","1","0","4","1","","","N","01","2","00","3","0","1","2","2","N","N","40 07:45.142","75 01:30.005","1645","","1637","","0","","N","","3 ","","","","","","","","","","2","1","1","0","0","0","0","0","0","0","0","1","1","0","0","0","0","0","0","0","0","0","0","0","0","0","0","0","0","0","0","0","0","0","0","4","0","40.129","-75.0252","","CRASH_2001_Philadelphia"
"2002040171","06","67","67301","67301","2001","12","5","0350","03","3","2","1","2","1","","","N","00","0","00","3","0","0","3","3","N","N","39 59:02.144","75 12:11.220","0400","","0355","3","1","1","N","","0 ","N","","","","","","","","","3","3","0","0","0","0","0","0","0","0","0","0","0","0","1","0","0","0","0","0","1","0","0","0","0","0","0","0","0","0","0","0","0","0","0","9","0","39.9836","-75.203","","CRASH_2001_Philadelphia"
"2002043794","06","67","67301","67301","2001","11","1","1700","17","3","1","0","1","1","","","N","00","2","00","3","0","1","2","2","N","N","40 02:48.671","75 08:15.958","1907","","1904","","0","","N","","2 ","","","","","","","","","","2","2","0","0","0","0","0","0","0","0","0","1","1","0","0","0","0","0","0","0","0","0","1","0","0","0","0","0","0","0","0","0","0","0","0","4","0","40.0468","-75.1377","","CRASH_2001_Philadelphia"
"2002047295","06","67","67301","46104","2001","10","4","0847","08","1","1","0","1","1","","","N","00","0","00","3","0","1","2","2","N","N","39 59:48.038","75 14:11.415","0853","","0850","","0","","N","","0 ","","","","","","","","","","2","2","0","0","0","0","0","0","0","0","1","0","1","0","0","0","0","0","0","0","0","0","0","0","0","0","0","0","0","0","0","0","0","0","0","3","0","39.9966","-75.2363","","CRASH_2001_Philadelphia"
"2002012208","06","67","67301","67301","2001","07","1","1707","17","1","1","0","1","1","","","N","01","2","00","3","0","1","2","2","N","N","39 54:14.558","75 14:25.275","1710","","1707","","0","","N","","3 ","","","","","","","","","","2","2","0","0","0","0","0","0","0","0","1","0","1","0","0","0","0","0","0","0","0","0","0","0","0","0","0","0","0","0","0","0","0","0","0","3","0","39.904","-75.2401","","CRASH_2001_Philadelphia"
"2002018496","06","67","67301","67301","2001","07","4","1100","11","1","1","0","8","7","","","N","01","2","00","3","0","1","2","2","N","N","40 02:23.415","75 08:40.547","1105","","1100","","0","","N","","9 ","","","","","","","","","","1","0","0","0","1","0","0","0","0","0","0","1","1","0","0","0","0","0","0","0","0","0","0","0","0","0","0","0","0","0","0","0","1","0","0","4","0","40.0398","-75.1446","","CRASH_2001_Philadelphia"
"2002035269","06","67","67301","67301","2001","11","5","1500","15","1","1","0","7","5","","","N","01","2","00","3","0","2","2","1","N","N","39 58:33.759","75 09:30.164","1523","","1520","","0","","N","","3 ","","","","","","","","","","1","1","0","0","0","0","0","0","0","0","0","2","2","0","0","0","0","0","0","0","0","0","0","0","0","0","0","0","0","0","0","0","0","0","0","4","0","39.9758","-75.1584","","CRASH_2001_Philadelphia"
"2002045819","06","67","67301","67301","2001","10","6","2315","23","3","1","0","5","1","","","N","00","0","00","3","0","1","3","2","N","N","40 00:34.543","75 12:26.969","2329","","2319","","0","","N","","0 ","","","","","","","","","","2","1","0","0","1","0","0","0","0","0","0","1","1","0","0","0","0","0","0","0","1","0","0","0","0","0","0","0","0","0","0","0","0","0","0","4","0","40.0095","-75.2073","","CRASH_2001_Philadelphia"
"2001288406","06","67","67301","","2001","09","7","1330","13","1","1","0","1","1","","","N","01","9","00","3","0","3","4","2","N","N","39 59:21.634","75 09:19.704","9999","","9999","","0","","N","","9 ","","","","","","","","","","2","2","0","0","0","0","0","0","0","0","0","2","2","0","1","0","0","0","0","0","1","0","0","0","0","0","0","0","0","0","0","0","0","0","0","4","0","39.9893","-75.1555","","CRASH_2001_Philadelphia"
"2002010485","06","67","67301","67301","2001","07","4","2353","23","6","2","1","1","1","","","N","00","0","00","3","0","1","4","2","N","N","39 57:34.560","75 14:47.760","0223","","0211","","0","","N","","0 ","","","","","","","","","","2","2","0","0","0","0","0","0","0","0","0","1","1","0","0","0","0","0","0","0","1","0","0","0","0","0","0","0","0","0","0","0","0","0","0","4","0","39.9596","-75.2466","","CRASH_2001_Philadelphia"
"2002030648","06","67","67301","67301","2001","09","7","2230","22","3","1","0","4","1","","","N","00","0","07","3","0","0","5","2","N","N","40 07:08.640","75 01:03.745","2245","","2242","","0","","N","","0 ","","","","","","","","","","2","2","0","0","0","0","0","0","0","0","0","0","0","0","3","0","0","0","0","1","0","0","0","0","0","0","0","0","0","0","0","0","0","0","0","9","0","40.119","-75.0179","","CRASH_2001_Philadelphia"
"2002037872","06","67","67301","67301","2001","11","5","1610","16","1","1","0","1","1","","","N","02","2","00","3","0","1","3","2","N","N","39 59:15.618","75 12:58.645","1615","","1610","","0","","N","","3 ","","","","","","","","","","2","1","0","0","1","0","0","0","0","0","0","1","1","0","2","0","0","0","0","0","1","0","0","0","0","0","0","0","0","0","0","0","0","0","0","4","0","39.9877","-75.2161","","CRASH_2001_Philadelphia"
"2002042157","06","67","67301","67301","2001","12","3","0130","01","3","1","0","4","1","","","N","01","2","00","3","0","0","2","2","N","N","39 59:13.204","75 07:21.282","0130","","0130","","9","","N","","3 ","U","","","","","","","","","2","2","0","0","0","0","0","0","0","0","0","0","0","0","0","0","0","0","0","0","0","0","0","1","0","0","0","0","0","0","0","0","0","0","0","0","0","39.987","-75.1224","","CRASH_2001_Philadelphia"
"2002037050","06","67","67301","67301","2001","11","1","1210","12","1","1","0","4","1","","","N","01","2","00","3","0","1","2","2","N","N","39 57:45.267","75 12:46.724","1220","","1216","","0","","N","","3 ","","","","","","","","","","2","1","0","0","1","0","0","0","0","0","0","1","1","0","0","0","0","0","0","0","0","0","1","0","0","0","0","0","0","0","0","0","0","0","0","4","0","39.9626","-75.2127","","CRASH_2001_Philadelphia"
"2001287463","06","67","67301","","2001","01","2","1400","14","9","4","3","4","1","","","N","02","2","00","3","0","2","2","2","N","N","39 57:28.080","75 08:50.280","9999","","9999","","0","","N","","3 ","","","","","","","","","","2","1","0","0","0","0","0","0","0","0","0","0","0","0","2","0","0","0","0","0","0","0","0","0","0","0","0","0","0","0","0","0","0","0","0","9","0","39.9578","-75.1472","","CRASH_2001_Philadelphia"
"2002031689","06","67","67301","67301","2001","10","6","2300","23","3","1","0","1","1","","","N","00","0","00","3","0","2","2","2","N","N","39 55:19.408","75 09:06.910","2310","","2305","","0","","N","","0 ","","","","","","","","","","2","2","0","0","0","0","0","0","0","0","0","2","2","0","0","0","0","0","0","0","0","0","0","0","0","0","0","0","0","0","0","0","0","0","0","4","0","39.9221","-75.1519","","CRASH_2001_Philadelphia"
"2002016810","06","67","67301","67301","2001","05","5","1450","14","1","1","0","3","1","","","N","02","3","07","3","0","1","3","2","N","N","40 00:00.676","75 07:45.940","1503","","1500","","0","","N","","3 ","","","","","","","","","","2","1","0","0","1","0","0","0","0","0","0","1","1","0","0","0","0","0","0","0","0","0","0","1","0","0","0","0","0","0","0","0","0","0","0","4","0","40.0002","-75.1294","","CRASH_2001_Philadelphia"
"2002016869","06","67","67301","67301","2001","07","2","0945","09","1","1","0","1","1","","","N","01","2","00","3","0","0","5","2","N","N","40 03:14.400","75 02:56.400","1235","","1233","","9","","N","","3 ","U","","","","","","","","","2","2","0","0","0","0","0","0","0","0","0","0","0","0","2","0","0","0","0","0","0","0","0","0","0","0","0","0","0","0","0","0","0","0","0","9","0","40.0542","-75.0493","","CRASH_2001_Philadelphia"
"2002031860","06","67","67301","67301","2001","10","7","2125","21","2","1","0","4","1","","","N","02","3","00","3","0","2","4","2","N","N","39 59:28.048","75 06:51.632","2142","","2137","1","1","2","N","","3 ","N","","","","","","","","","2","2","0","0","0","0","0","0","0","0","1","1","2","0","1","0","0","0","0","0","0","0","0","2","0","0","0","0","0","0","0","0","0","0","0","3","0","39.9911","-75.1143","","CRASH_2001_Philadelphia"
"2002032670","06","67","67301","67301","2001","09","6","2257","22","3","1","0","4","1","","","N","02","0","00","3","0","1","2","2","N","N","39 57:29.160","75 14:03.120","2305","","2257","","0","","N","","0 ","","","","","","","","","","1","1","0","0","0","0","0","0","1","0","1","0","1","0","0","0","0","0","0","0","0","0","0","0","0","0","0","0","0","0","0","0","0","0","0","3","0","39.958","-75.2342","","CRASH_2001_Philadelphia"
"2002042807","06","67","67301","67301","2001","12","2","0046","00","3","2","1","7","2","","","N","00","0","00","3","0","1","1","1","N","N","39 59:29.586","75 08:14.785","0046","","0046","","0","","N","","0 ","","","","","","","","","","1","1","0","0","0","0","0","0","0","0","0","1","1","0","0","0","0","0","0","0","0","0","0","1","0","0","0","0","0","0","0","0","0","0","0","4","0","39.9917","-75.1373","","CRASH_2001_Philadelphia"