"CRN","DISTRICT","COUNTY","MUNICIPALITY","POLICE_AGCY","CRASH_YEAR","CRASH_MONTH","DAY_OF_WEEK","TIME_OF_DAY","HOUR_OF_DAY","ILLUMINATION","WEATHER","ROAD_CONDITION","COLLISION_TYPE","RELATION_TO_ROAD","WORK_ZONE_TYPE","WORK_ZONE_LOC","WORK_ZONE_IND","INTERSECT_TYPE","TCD_TYPE","LOCATION_TYPE","URBAN_RURAL","FATAL_COUNT","INJURY_COUNT","PERSON_COUNT","TOTAL_UNITS","SCH_BUS_IND","SCH_ZONE_IND","LATITUDE","LONGITUDE","ARRIVAL_TM","CONS_ZONE_SPD_LIM","DISPATCH_TM","EST_HRS_CLOSED","LANE_CLOSED","LN_CLOSE_DIR","NTFY_HIWY_MAINT","SPEC_JURIS_CD","TCD_FUNC_CD","TFC_DETOUR_IND","WORKERS_PRES","WZ_CLOSE_DETOUR","WZ_FLAGGER","WZ_LAW_OFFCR_IND","WZ_LN_CLOSURE","WZ_MOVING","WZ_OTHER","WZ_SHLDER_MDN","VEHICLE_COUNT","AUTOMOBILE_COUNT","MOTORCYCLE_COUNT","BUS_COUNT","SMALL_TRUCK_COUNT","HEAVY_TRUCK_COUNT","SUV_COUNT","VAN_COUNT","BICYCLE_COUNT","MAJ_INJ_COUNT","MOD_INJ_COUNT","MIN_INJ_COUNT","TOT_INJ_COUNT","UNK_INJ_DEG_COUNT","UNK_INJ_PER_COUNT","DRIVER_COUNT_16YR","DRIVER_COUNT_17YR","DRIVER_COUNT_18YR","DRIVER_COUNT_19YR","DRIVER_COUNT_20YR","DRIVER_COUNT_50_64YR","DRIVER_COUNT_65_74YR","DRIVER_COUNT_75PLUS","UNBELTED_OCC_COUNT","UNB_DEATH_COUNT","UNB_MAJ_INJ_COUNT","BELTED_DEATH_COUNT","BELTED_MAJ_INJ_COUNT","MCYCLE_DEATH_COUNT","MCYCLE_MAJ_INJ_COUNT","BICYCLE_DEATH_COUNT","BICYCLE_MAJ_INJ_COUNT","PED_COUNT","PED_DEATH_COUNT","PED_MAJ_INJ_COUNT","MAX_SEVERITY_LEVEL","COMM_VEH_COUNT","DEC_LAT","DEC_LONG","RDWY_SURF_TYPE_CD","COUNTY_YEAR"
"2002043184","06","67","67301","67301","2001","12","5","2030","20","3","1","1","1","1","","","N","00","0","00","3","0","0","3","3","N","N","39 55:35.674","75 08:48.002","2050","","2033","","0","","N","","0 ","","","","","","","","","","3","1","0","0","2","0","0","0","0","0","0","0","0","0","0","0","0","0","0","0","1","0","0","0","0","0","0","0","0","0","0","0","0","0","0","0","0","39.9253","-75.1469","","CRASH_2001_Philadelphia"
"2002043700","06","67","67301","67301","2001","12","1","0400","04","3","1","0","8","1","","","N","00","0","00","3","0","0","2","2","N","N","40 07:38.000","75 00:32.000","0415","","0405","","0","","N","","0 ","","","","","","","","","","1","1","0","0","0","0","0","0","0","0","0","0","0","0","1","0","0","0","0","0","0","0","0","0","0","0","0","0","0","0","0","0","1","0","0","9","0","40.1272","-75.0089","","CRASH_2001_Philadelphia"
"2002048170","06","67","67301","67301","2001","10","5","1445","14","1","1","0","8","1","","","N","00","2","00","3","0","1","3","3","N","N","39 58:56.154","75 14:48.851","1452","","1452","","0","","N","","3 ","","","","","","","","","","2","0","0","0","1","0","0","0","0","0","0","1","1","0","0","0","0","0","0","0","0","0","0","0","0","0","0","0","0","0","0","0","1","0","0","4","0","39.9823","-75.2468","","CRASH_2001_Philadelphia"
"2002024045","06","67","67301","67301","2001","07","7","0330","03","3","1","0","4","1","","","N","01","2","00","3","0","2","3","2","N","N","39 57:05.560","75 09:24.098","0334","","0332","","0","","N","","3 ","","","","","","","","","","2","2","0","0","0","0","0","0","0","0","0","2","2","0","0","0","0","0","0","0","2","0","0","0","0","0","0","0","0","0","0","0","0","0","0","4","0","39.9515","-75.1567","","CRASH_2001_Philadelphia"
"2002025058","06","67","67301","67301","2001","08","1","1203","12","1","1","1","7","3","","","N","01","2","00","3","0","2","2","1","N","N","39 55:40.843","75 13:10.444","1212","","1206","","0","","Y","","3 ","","","","","","","","","","1","1","0","0","0","0","0","0","0","0","0","2","2","0","0","0","0","0","0","0","0","0","0","0","0","0","0","0","0","0","0","0","0","0","0","4","0","39.9281","-75.2194","","CRASH_2001_Philadelphia"
"2002044049","06","67","67301","67301","2001","12","2","1842","18","3","1","0","8","1","","","N","01","9","00","3","0","1","2","2","N","N","40 00:42.453","75 09:47.574","1844","","1843","","0","","N","","9 ","","","","","","","","","","1","1","0","0","0","0","0","0","0","1","0","0","1","0","0","0","0","0","0","1","0","0","0","0","0","0","0","0","0","0","0","0","1","0","1","2","0","40.0116","-75.163","","CRASH_2001_Philadelphia"
"2002046264","06","67","67301","67301","2001","10","3","1704","17","1","1","0","4","1","","","N","01","2","00","3","0","1","2","2","N","N","40 00:36.762","75 07:17.129","1704","","1704","","0","","N","","3 ","","","","","","","","","","1","1","0","0","0","0","0","0","1","0","0","1","1","0","0","0","0","0","0","0","0","0","0","1","0","0","0","0","0","0","0","0","0","0","0","4","0","40.0101","-75.1214","","CRASH_2001_Philadelphia"
"2002017883","06","67","67301","67301","2001","08","4","0806","08","1","1","0","4","1","2","3","Y","02","2","00","3","0","1","3","2","N","N","39 57:36.350","75 08:13.969","0810","99","0808","","0","","N","","3 ","","U","","","U","","Y","Y","Y","2","2","0","0","0","0","0","0","0","0","0","1","1","0","0","0","0","0","0","0","0","0","0","1","0","0","0","0","0","0","0","0","0","0","0","4","0","39.9602","-75.1372","","CRASH_2001_Philadelphia"
"2002018359","06","67","67301","67301","2001","08","2","1200","12","1","1","0","2","1","","","N","01","2","00","3","0","1","2","2","N","N","39 56:23.089","75 11:53.331","1215","","1210","","0","","N","","3 ","","","","","","","","","","2","2","0","0","0","0","0","0","0","0","0","1","1","0","0","0","0","0","0","0","0","0","1","0","0","0","0","0","0","0","0","0","0","0","0","4","0","39.939","-75.1983","","CRASH_2001_Philadelphia"
"2002020032","06","67","67301","67301","2001","07","3","1205","12","1","1","0","5","1","","","N","00","2","00","3","0","0","2","2","N","N","40 02:24.720","75 03:30.960","1205","","1202","","0","","N","","3 ","","","","","","","","","","2","2","0","0","0","0","0","0","0","0","0","0","0","0","0","0","0","0","0","1","0","0","0","0","0","0","0","0","0","0","0","0","0","0","0","0","0","40.0402","-75.0587","","CRASH_2001_Philadelphia"
"2002019237","06","67","67301","67301","2001","08","6","0758","07","1","1","0","2","3","","","N","01","0","00","3","0","1","1","2","N","N","39 56:02.734","75 10:03.368","0800","","0759","","0","","N","","0 ","","","","","","","","","","2","2","0","0","0","0","0","0","0","0","0","1","1","0","0","0","0","0","0","1","0","0","0","1","0","0","0","0","0","0","0","0","0","0","0","4","0","39.9342","-75.1675","","CRASH_2001_Philadelphia"
"2002026325","06","67","67301","67301","2001","08","6","1715","17","1","1","0","1","7","","","N","06","4","02","3","0","1","4","2","N","N","39 57:27.360","75 08:56.400","1743","","1736","","0","","N","","3 ","","","","","","","","","","2","2","0","0","0","0","0","0","0","0","0","1","1","0","0","0","0","0","0","0","0","0","0","0","0","0","0","0","0","0","0","0","0","0","0","4","0","39.9577","-75.1489","","CRASH_2001_Philadelphia"
"2002031121","06","67","67301","67301","2001","09","7","1615","16","1","2","1","4","1","","","N","00","0","00","3","0","0","4","3","N","N","39 58:15.000","75 11:17.000","1623","","1623","","0","","N","","0 ","","","","","","","","","","3","3","0","0","0","0","0","0","0","0","0","0","0","0","0","0","0","0","1","0","2","0","0","0","0","0","0","0","0","0","0","0","0","0","0","0","0","39.9708","-75.1881","","CRASH_2001_Philadelphia"
"2002031266","06","67","67301","62301","2001","09","5","1510","15","1","2","1","6","1","","","N","00","0","00","3","0","1","3","2","Y","N","","","1515","","1515","","0","","N","","0 ","","","","","","","","","","2","1","0","1","0","0","0","0","0","0","1","0","1","0","0","0","0","0","0","0","0","0","1","0","0","0","0","0","0","0","0","0","0","0","0","3","1","","","","CRASH_2001_Philadelphia"
"2002041418","06","67","67301","67301","2001","12","5","0445","04","3","1","0","7","7","","","N","07","0","02","3","0","0","1","1","N","N","40 00:09.749","75 11:40.511","0455","","0450","","0","","Y","","0 ","","","","","","","","","","1","1","0","0","0","0","0","0","0","0","0","0","0","0","0","0","0","0","0","1","0","0","0","0","0","0","0","0","0","0","0","0","0","0","0","0","0","40.005","-75.1952","","CRASH_2001_Philadelphia"
"2002045147","06","67","67301","67301","2001","12","3","1120","11","1","1","0","8","1","","","N","02","3","00","3","0","1","2","2","N","N","","","1130","","1125","","0","","N","","3 ","","","","","","","","","","1","1","0","0","0","0","0","0","0","0","0","1","1","0","0","0","0","0","0","0","0","0","0","1","0","0","0","0","0","0","0","0","1","0","0","4","0","","","","CRASH_2001_Philadelphia"
"2002014597","06","67","67301","67301","2001","07","3","1115","11","1","1","0","8","1","","","N","01","3","00","3","0","1","2","2","N","N","39 57:37.000","75 10:12.000","1123","","1123","","0","","N","","3 ","","","","","","","","","","1","1","0","0","0","0","0","0","0","0","0","1","1","0","0","0","0","0","0","0","0","0","0","0","0","0","0","0","0","0","0","0","1","0","0","4","0","39.9603","-75.17","","CRASH_2001_Philadelphia"
"2002018400","06","67","67301","67301","2001","07","3","0100","01","3","1","0","2","7","","","N","06","0","02","3","0","3","4","2","N","N","39 59:11.983","75 12:29.919","0105","","0103","","0","","N","","0 ","","","","","","","","","","2","2","0","0","0","0","0","0","0","0","1","2","3","0","0","0","0","0","0","1","0","0","0","0","0","0","0","0","0","0","0","0","0","0","0","3","0","39.9867","-75.2083","","CRASH_2001_Philadelphia"
"2002022479","06","67","67301","67301","2001","09","3","1535","15","1","1","0","4","1","","","N","01","2","00","3","0","2","3","2","N","N","39 55:49.400","75 10:06.459","1602","","1535","","0","","N","","2 ","","","","","","","","","","2","1","0","0","1","0","0","0","0","0","0","2","2","0","0","0","0","0","0","0","1","0","0","0","0","0","0","0","0","0","0","0","0","0","0","4","0","39.9304","-75.1684","","CRASH_2001_Philadelphia"
"2002025076","06","67","67301","67301","2001","08","3","1730","17","1","1","0","4","1","","","N","00","0","00","3","0","0","2","2","N","N","39 59:02.067","75 12:54.800","1740","","1730","","0","","N","","0 ","","","","","","","","","","2","2","0","0","0","0","0","0","0","0","0","0","0","0","0","0","0","0","0","0","0","0","0","0","0","0","0","0","0","0","0","0","0","0","0","0","0","39.984","-75.2152","","CRASH_2001_Philadelphia"
"2002031461","06","67","67301","67301","2001","08","6","0631","06","1","1","0","4","1","","","N","01","2","00","3","0","1","2","2","N","N","39 59:04.825","75 09:23.460","9999","","9999","","0","","N","","3 ","","","","","","","","","","2","1","0","0","1","0","0","0","0","0","0","1","1","0","0","0","0","0","0","0","1","0","0","0","0","0","0","0","0","0","0","0","0","0","0","4","0","39.9847","-75.1565","","CRASH_2001_Philadelphia"
"2002017679","06","67","67301","67301","2001","08","5","1600","16","1","1","0","1","1","","","N","05","2","00","3","0","1","3","3","N","N","40 01:45.188","75 06:19.257","1614","","1612","","0","","N","","3 ","","","","","","","","","","3","2","0","1","0","0","0","0","0","0","0","1","1","0","0","0","0","0","0","0","0","0","0","0","0","0","0","0","0","0","0","0","0","0","0","4","1","40.0294","-75.1049","","CRASH_2001_Philadelphia"
"2002028726","06","67","67301","67301","2001","09","3","0652","06","1","1","0","5","1","","","N","00","0","00","3","0","1","2","2","N","N","39 58:31.080","75 11:35.520","0702","","0654","","0","","N","","0 ","","","","","","","","","","2","2","0","0","0","0","0","0","0","0","0","1","1","0","0","0","0","0","0","0","0","0","0","0","0","0","0","0","0","0","0","0","0","0","0","4","0","39.9753","-75.1932","","CRASH_2001_Philadelphia"
"2002041677","06","67","67301","67301","2001","12","1","1143","11","1","1","0","4","1","","","N","01","2","00","3","0","0","2","2","N","N","40 03:14.345","75 02:56.008","1146","","1144","","0","","N","","3 ","","","","","","","","","","2","2","0","0","0","0","0","0","0","0","0","0","0","0","0","0","0","0","1","0","0","0","0","2","0","0","0","0","0","0","0","0","0","0","0","0","0","40.054","-75.0489","","CRASH_2001_Philadelphia"
"2002042576","06","67","67301","67301","2001","12","7","1918","19","3","1","0","5","1","","","N","01","3","01","3","0","3","5","3","N","N","39 57:42.581","75 14:24.176","1935","","1918","","0","","N","","9 ","","","","","","","","","","3","3","0","0","0","0","0","0","0","0","1","2","3","0","1","0","0","0","0","0","0","1","1","0","0","0","0","0","0","0","0","0","0","0","0","3","0","39.9618","-75.2401","","CRASH_2001_Philadelphia"
"2002020086","06","67","67301","67301","2001","07","5","1506","15","1","1","0","4","1","","","N","01","2","00","3","0","1","3","2","N","N","","","1734","","1725","","0","","N","","3 ","","","","","","","","","","1","1","0","0","0","0","0","0","1","0","1","0","1","0","2","0","0","0","0","0","0","0","0","0","0","0","0","0","0","0","0","0","0","0","0","3","0","","","","CRASH_2001_Philadelphia"
"2002029733","06","67","67301","67301","2001","09","5","2320","23","3","2","1","4","1","","","N","01","2","00","3","0","0","2","2","N","N","40 00:24.614","75 12:51.206","0011","","0002","","0","","N","","3 ","","","","","","","","","","2","2","0","0","0","0","0","0","0","0","0","0","0","0","1","0","0","0","0","0","0","0","0","0","0","0","0","0","0","0","0","0","0","0","0","9","0","40.0071","-75.2137","","CRASH_2001_Philadelphia"
"2002031082","06","67","67301","67301","2001","09","6","1414","14","1","1","0","4","1","","","N","01","2","00","3","0","2","3","2","N","N","40 04:10.065","74 58:53.058","1425","","1416","","0","","Y","","3 ","","","","","","","","","","2","2","0","0","0","0","0","0","0","1","0","1","2","0","1","0","0","0","0","0","1","0","0","0","0","0","0","0","0","0","0","0","0","0","0","2","0","40.0695","-74.9814","","CRASH_2001_Philadelphia"
"2002035729","06","67","67301","67301","2001","10","1","1748","17","3","1","0","1","1","","","N","01","2","00","3","0","0","3","2","N","N","39 55:20.104","75 09:12.272","1951","","1951","","0","","N","","3 ","","","","","","","","","","2","1","0","0","1","0","0","0","0","0","0","0","0","0","0","0","0","0","0","0","1","0","0","2","0","0","0","0","0","0","0","0","0","0","0","0","0","39.9223","-75.1534","","CRASH_2001_Philadelphia"
"2002023923","06","67","67301","67301","2001","07","6","1250","12","1","1","0","4","1","","","N","01","2","00","3","0","1","3","2","N","N","40 02:12.120","75 02:26.880","1230","","0930","","0","","N","","3 ","","","","","","","","","","2","0","0","1","1","0","0","0","0","0","0","1","1","0","0","0","0","0","0","0","0","0","0","0","0","0","0","0","0","0","0","0","0","0","0","4","1","40.0368","-75.0407","","CRASH_2001_Philadelphia"
"2002037045","06","67","67301","67301","2001","12","7","2115","21","3","1","0","1","1","","","N","00","0","00","3","0","0","5","2","N","N","40 01:56.978","75 04:47.637","2115","","2115","","0","","N","","0 ","","","","","","","","","","2","2","0","0","0","0","0","0","0","0","0","0","0","0","0","0","0","0","0","0","0","0","0","0","0","0","0","0","0","0","0","0","0","0","0","0","0","40.0328","-75.079","","CRASH_2001_Philadelphia"
"2002017497","06","67","67301","67301","2001","07","6","0700","07","1","1","0","4","1","","","N","01","2","00","3","0","1","2","3","N","N","40 04:12.670","75 10:49.797","0723","","0720","","0","","N","","3 ","","","","","","","","","","3","3","0","0","0","0","0","0","0","0","1","0","1","0","0","0","0","0","0","1","0","0","0","0","0","0","0","0","0","0","0","0","0","0","0","3","0","40.0702","-75.1805","","CRASH_2001_Philadelphia"
"2001401366","06","67","67301","67301","2001","12","7","1850","18","3","2","1","8","1","","","N","00","0","00","3","1","0","2","2","N","N","39 59:49.200","75 07:00.120","9999","","9999","","0","","N","9","0 ","","","","","","","","","","1","0","0","0","1","0","0","0","0","0","0","0","0","0","0","0","0","0","0","0","0","0","0","0","0","0","0","0","0","0","0","0","1","1","0","1","0","39.997","-75.1167","1 ","CRASH_2001_Philadelphia"
"2002012125","06","67","67301","67301","2001","07","7","1100","11","1","1","0","1","1","","","N","02","0","00","3","0","2","3","2","N","N","39 57:19.551","75 11:59.554","1107","","1105","","0","","N","","0 ","","","","","","","","","","2","0","0","0","2","0","0","0","0","0","0","2","2","0","0","0","0","0","0","0","0","0","0","2","0","0","0","0","0","0","0","0","0","0","0","4","0","39.9538","-75.2002","","CRASH_2001_Philadelphia"
"2002043176","06","67","67301","67301","2001","12","1","1855","18","2","2","2","4","2","","","N","02","2","00","3","0","0","2","2","N","N","40 03:54.680","75 10:31.117","1910","","1855","","0","","N","","3 ","","","","","","","","","","2","2","0","0","0","0","0","0","0","0","0","0","0","0","1","0","0","0","0","0","0","0","0","0","0","0","0","0","0","0","0","0","0","0","0","9","0","40.0652","-75.1753","","CRASH_2001_Philadelphia"
"2002023619","06","67","67301","67301","2001","08","1","2010","20","3","1","1","4","1","","","N","02","8","00","3","0","1","3","2","N","N","39 57:34.000","75 11:16.000","2015","","2015","","0","","N","","3 ","","","","","","","","","","2","2","0","0","0","0","0","0","0","0","0","1","1","0","0","0","0","0","0","0","0","0","0","0","0","0","0","0","0","0","0","0","0","0","0","4","0","39.9594","-75.1878","","CRASH_2001_Philadelphia"
"2002031102","06","67","67301","67301","2001","09","7","0955","09","1","1","0","8","1","","","N","01","2","00","3","0","1","2","2","N","N","39 58:54.334","75 10:54.924","0958","","0955","","0","","N","","3 ","","","","","","","","","","1","1","0","0","0","0","0","0","0","0","0","1","1","0","0","0","0","0","0","0","0","0","0","0","0","0","0","0","0","0","0","0","1","0","0","4","0","39.9818","-75.1819","","CRASH_2001_Philadelphia"
"2002033772","06","67","67301","67301","2001","08","5","2145","21","3","2","1","4","1","","","N","01","3","00","3","0","1","4","3","N","N","","","2145","","2145","","0","","N","","3 ","","","","","","","","","","3","3","0","0","0","0","0","0","0","0","0","1","1","0","0","0","0","0","0","0","0","0","0","0","0","0","0","0","0","0","0","0","0","0","0","4","0","","","","CRASH_2001_Philadelphia"
"2002038329","06","67","67301","67301","2001","10","3","1822","18","1","1","0","7","4","","","N","00","4","02","3","0","0","3","1","N","N","39 59:02.760","75 05:47.040","9999","","1800","","0","","N","","3 ","","","","","","","","","","1","1","0","0","0","0","0","0","0","0","0","0","0","0","0","0","0","0","0","0","0","0","0","0","0","0","0","0","0","0","0","0","0","0","0","0","0","39.984","-75.0965","","CRASH_2001_Philadelphia"
"2002040097","06","67","67301","67301","2001","11","2","0940","09","1","1","0","4","1","","","N","01","2","00","3","0","1","2","2","N","N","40 04:51.359","75 12:09.507","9999","","0941","","0","","N","","3 ","","","","","","","","","","2","2","0","0","0","0","0","0","0","0","0","1","1","0","0","0","0","0","0","0","0","0","0","0","0","0","0","0","0","0","0","0","0","0","0","4","0","40.081","-75.2027","","CRASH_2001_Philadelphia"
"2002043198","06","67","67301","67301","2001","12","7","1101","11","1","1","0","1","1","","","N","01","2","00","3","0","0","2","2","N","N","40 00:44.813","75 09:02.130","9999","","1101","","0","","N","","3 ","","","","","","","","","","2","2","0","0","0","0","0","0","0","0","0","0","0","0","0","0","0","0","0","0","0","0","0","0","0","0","0","0","0","0","0","0","0","0","0","0","0","40.0122","-75.1505","","CRASH_2001_Philadelphia"
"2002045872","06","67","67301","67301","2001","10","2","2015","20","3","1","0","4","1","","","N","00","0","00","3","0","1","2","2","N","N","40 05:09.460","74 58:20.598","2023","","2017","","0","","N","","0 ","","","","","","","","","","2","1","1","0","0","0","0","0","0","0","1","0","1","0","0","0","0","0","0","0","0","0","0","0","0","0","0","0","0","0","0","0","0","0","0","3","0","40.086","-74.9724","","CRASH_2001_Philadelphia"
"2002045680","06","67","67301","67301","2001","10","7","0207","02","6","8","8","1","1","","","N","02","2","02","3","0","4","4","2","N","N","39 58:29.099","75 11:54.101","0220","","0212","","0","","N","","3 ","","","","","","","","","","2","2","0","0","0","0","0","0","0","1","1","2","4","0","0","0","0","0","0","0","0","0","0","0","0","0","0","0","0","0","0","0","0","0","0","2","0","39.9747","-75.1983","","CRASH_2001_Philadelphia"
"2002020061","06","67","67301","67301","2001","07","2","0930","09","1","1","0","1","1","","","N","01","2","00","3","0","2","3","2","N","N","39 57:37.000","75 10:25.530","1004","","1000","","0","","N","","2 ","","","","","","","","","","2","2","0","0","0","0","0","0","0","0","0","2","2","0","1","0","0","0","0","0","0","0","0","0","0","0","0","0","0","0","0","0","0","0","0","4","0","39.9603","-75.1737","","CRASH_2001_Philadelphia"
"2002040595","06","67","67301","67301","2001","12","2","1426","14","1","1","0","7","4","","","N","02","0","00","3","0","0","2","1","N","N","","","1434","","1426","","0","","N","","0 ","","","","","","","","","","1","0","0","0","1","0","0","0","0","0","0","0","0","0","0","0","0","0","0","0","0","0","0","0","0","0","0","0","0","0","0","0","0","0","0","0","0","","","","CRASH_2001_Philadelphia"
"2002023920","06","67","67301","67301","2001","08","6","1445","14","1","1","0","0","2","","","N","00","0","02","3","0","0","1","1","N","N","39 54:51.480","75 08:53.880","1900","","1900","2","2","2","Y","","0 ","Y","","","","","","","","","1","0","0","0","0","1","0","0","0","0","0","0","0","0","0","0","0","0","0","0","0","0","0","0","0","0","0","0","0","0","0","0","0","0","0","0","0","39.9139","-75.1484","","CRASH_2001_Philadelphia"
"2002031675","06","67","67301","67301","2001","09","3","1120","11","1","1","0","2","1","","","N","00","0","00","3","0","1","3","2","N","N","39 59:08.838","75 06:42.851","1140","","1133","","0","","N","","0 ","","","","","","","","","","2","2","0","0","0","0","0","0","0","0","0","1","1","0","0","0","0","0","0","0","1","0","0","1","0","0","0","0","0","0","0","0","0","0","0","4","0","39.9858","-75.1119","","CRASH_2001_Philadelphia"
"2002019622","06","67","67301","46104","2001","08","6","1500","15","1","1","1","1","1","","","N","00","0","00","3","0","1","3","2","N","N","40 00:27.316","75 12:46.983","1606","","1602","","0","","N","","0 ","","","","","","","","","","2","2","0","0","0","0","0","0","0","0","0","1","1","0","0","0","0","0","0","0","0","0","0","0","0","0","0","0","0","0","0","0","0","0","0","4","0","40.0079","-75.2123","","CRASH_2001_Philadelphia"
"2002045822","06","67","67301","67301","2001","10","4","1515","15","1","1","0","1","1","","","N","01","2","00","3","0","1","2","2","N","N","40 05:40.553","75 00:53.997","2233","","2226","","0","","N","","3 ","","","","","","","","","","2","2","0","0","0","0","0","0","0","0","0","1","1","0","0","0","0","0","0","0","0","0","0","0","0","0","0","0","0","0","0","0","0","0","0","4","0","40.0946","-75.0152","","CRASH_2001_Philadelphia"
"2002012697","06","67","67301","67301","2001","06","4","1810","18","1","1","0","4","1","","","N","01","3","00","3","0","4","6","4","N","N","","","1825","","1815","","0","","N","","3 ","","","","","","","","","","4","3","0","0","1","0","0","0","0","0","0","4","4","0","0","0","0","0","0","2","0","0","0","0","0","0","0","0","0","0","0","0","0","0","0","4","0","","","","CRASH_2001_Philadelphia"
"2002012727","06","67","67301","67301","2001","06","7","0325","03","3","2","1","4","1","","","N","01","2","00","3","0","0","3","2","N","N","39 59:16.958","75 07:23.876","0328","","0327","3","1","6","N","","3 ","N","","","","","","","","","2","2","0","0","0","0","0","0","0","0","0","0","0","0","0","0","0","0","0","0","0","0","0","1","0","0","0","0","0","0","0","0","0","0","0","0","0","39.9879","-75.1233","","CRASH_2001_Philadelphia"
"2002034189","06","67","67301","67301","2001","10","6","0036","00","3","1","0","1","1","","","N","01","2","00","3","0","1","2","2","N","N","40 02:02.215","75 08:44.922","0040","","0036","","0","","N","","3 ","","","","","","","","","","2","1","0","1","0","0","0","0","0","0","0","1","1","0","0","0","0","0","0","0","0","0","0","0","0","0","0","0","0","0","0","0","0","0","0","4","1","40.0337","-75.1458","","CRASH_2001_Philadelphia"
"2002039434","06","67","67301","67301","2001","12","7","0205","02","3","1","0","0","1","","","N","00","0","00","3","0","1","1","1","N","N","39 57:33.840","75 10:27.480","0220","","0215","","0","","N","","0 ","","","","","","","","","","1","1","0","0","0","0","0","0","0","0","1","0","1","0","0","0","0","0","0","0","0","0","0","0","0","0","0","0","0","0","0","0","0","0","0","3","0","39.9594","-75.1744","","CRASH_2001_Philadelphia"
"2002043710","06","67","67301","67301","2001","11","7","1740","17","3","1","0","4","1","","","N","01","2","00","3","0","2","2","2","N","N","39 57:14.413","75 10:36.499","1746","","1741","","0","","N","","3 ","","","","","","","","","","2","2","0","0","0","0","0","0","0","0","0","2","2","0","0","0","0","0","0","0","0","0","0","0","0","0","0","0","0","0","0","0","0","0","0","4","0","39.954","-75.1767","","CRASH_2001_Philadelphia"
"2002018042","06","67","67301","67301","2001","08","5","1812","18","1","1","0","4","1","","","N","00","2","07","3","0","2","3","2","N","N","40 02:07.612","75 08:43.670","1822","","1816","","0","","N","","3 ","","","","","","","","","","2","2","0","0","0","0","0","0","0","0","0","2","2","0","0","0","0","0","0","0","0","0","0","0","0","0","0","0","0","0","0","0","0","0","0","4","0","40.0354","-75.1454","","CRASH_2001_Philadelphia"
"2002005857","06","67","67301","67301","2001","11","4","2325","23","3","1","0","5","1","","","N","00","0","07","3","0","5","6","3","N","N","40 03:36.360","75 04:53.760","2330","","2327","","0","","N","","0 ","","","","","","","","","","3","3","0","0","0","0","0","0","0","0","0","5","5","0","0","1","0","1","0","1","0","0","0","5","0","0","0","0","0","0","0","0","0","0","0","4","0","40.0601","-75.0816","","CRASH_2001_Philadelphia"
"2002017126","06","67","67301","67301","2001","07","6","1545","15","1","1","0","8","1","","","N","00","0","00","3","0","1","2","2","N","N","40 03:06.000","75 09:10.000","1635","","1625","","0","","N","","0 ","","","","","","","","","","1","1","0","0","0","0","0","0","0","0","0","1","1","0","0","0","0","0","0","0","0","0","0","0","0","0","0","0","0","0","0","0","1","0","0","4","0","40.0517","-75.1528","","CRASH_2001_Philadelphia"
"2002026522","06","67","67301","67301","2001","06","2","1010","10","1","1","0","4","1","","","N","01","2","00","3","0","1","3","3","N","N","40 02:48.427","75 04:13.046","9999","","9999","","0","","N","","3 ","","","","","","","","","","3","0","0","0","2","1","0","0","0","0","0","1","1","0","0","0","0","0","0","0","1","0","0","0","0","0","0","0","0","0","0","0","0","0","0","4","0","40.0468","-75.0703","","CRASH_2001_Philadelphia"
"2002032313","06","67","67301","67301","2001","10","7","0935","09","1","2","1","1","1","","","N","10","0","00","3","0","1","2","2","N","N","40 00:29.580","75 04:18.103","0941","","0935","","0","","N","","0 ","","","","","","","","","","2","2","0","0","0","0","0","0","0","0","0","1","1","0","0","0","0","0","0","0","0","1","0","0","0","0","0","0","0","0","0","0","0","0","0","4","0","40.0082","-75.0716","","CRASH_2001_Philadelphia"
"2002037062","06","67","67301","67301","2001","11","6","1615","16","3","1","0","1","1","","","N","01","2","00","3","0","1","3","2","N","N","39 58:07.864","75 14:43.888","1630","","1620","","0","","N","","3 ","","","","","","","","","","2","2","0","0","0","0","0","0","0","0","0","1","1","0","0","0","0","0","0","0","0","0","0","0","0","0","0","0","0","0","0","0","0","0","0","4","0","39.9688","-75.2454","","CRASH_2001_Philadelphia"
"2002037235","06","67","67301","67301","2001","11","1","1630","16","1","1","0","8","1","","","N","01","2","00","3","0","1","2","2","N","N","40 02:20.735","75 06:36.378","1705","","1700","","0","","N","","3 ","","","","","","","","","","1","1","0","0","0","0","0","0","0","0","0","1","1","0","0","0","0","0","0","1","0","0","0","0","0","0","0","0","0","0","0","0","1","0","0","4","0","40.0392","-75.11","","CRASH_2001_Philadelphia"
"2002038322","06","67","67301","67301","2001","11","2","0745","07","1","1","0","1","1","","","N","10","0","00","3","0","0","3","3","N","N","40 01:13.842","75 11:32.905","0800","","0753","2","1","1","N","","0 ","N","","","","","","","","","3","3","0","0","0","0","0","0","0","0","0","0","0","0","0","0","0","0","0","0","0","0","0","0","0","0","0","0","0","0","0","0","0","0","0","0","0","40.0205","-75.1924","","CRASH_2001_Philadelphia"
"2002044056","06","67","67301","67301","2001","11","2","1540","15","1","1","0","8","1","","","N","01","2","00","3","0","1","2","2","N","N","39 59:49.389","75 09:13.851","1550","","1540","","0","","N","","3 ","","","","","","","","","","1","1","0","0","0","0","0","0","0","0","0","1","1","0","0","0","0","0","0","0","0","0","0","0","0","0","0","0","0","0","0","0","1","0","0","4","0","39.9968","-75.1538","","CRASH_2001_Philadelphia"