"CRN","DISTRICT","COUNTY","MUNICIPALITY","POLICE_AGCY","CRASH_YEAR","CRASH_MONTH","DAY_OF_WEEK","TIME_OF_DAY","HOUR_OF_DAY","ILLUMINATION","WEATHER","ROAD_CONDITION","COLLISION_TYPE","RELATION_TO_ROAD","WORK_ZONE_TYPE","WORK_ZONE_LOC","WORK_ZONE_IND","INTERSECT_TYPE","TCD_TYPE","LOCATION_TYPE","URBAN_RURAL","FATAL_COUNT","INJURY_COUNT","PERSON_COUNT","TOTAL_UNITS","SCH_BUS_IND","SCH_ZONE_IND","LATITUDE","LONGITUDE","ARRIVAL_TM","CONS_ZONE_SPD_LIM","DISPATCH_TM","EST_HRS_CLOSED","LANE_CLOSED","LN_CLOSE_DIR","NTFY_HIWY_MAINT","SPEC_JURIS_CD","TCD_FUNC_CD","TFC_DETOUR_IND","WORKERS_PRES","WZ_CLOSE_DETOUR","WZ_FLAGGER","WZ_LAW_OFFCR_IND","WZ_LN_CLOSURE","WZ_MOVING","WZ_OTHER","WZ_SHLDER_MDN","VEHICLE_COUNT","AUTOMOBILE_COUNT","MOTORCYCLE_COUNT","BUS_COUNT","SMALL_TRUCK_COUNT","HEAVY_TRUCK_COUNT","SUV_COUNT","VAN_COUNT","BICYCLE_COUNT","MAJ_INJ_COUNT","MOD_INJ_COUNT","MIN_INJ_COUNT","TOT_INJ_COUNT","UNK_INJ_DEG_COUNT","UNK_INJ_PER_COUNT","DRIVER_COUNT_16YR","DRIVER_COUNT_17YR","DRIVER_COUNT_18YR","DRIVER_COUNT_19YR","DRIVER_COUNT_20YR","DRIVER_COUNT_50_64YR","DRIVER_COUNT_65_74YR","DRIVER_COUNT_75PLUS","UNBELTED_OCC_COUNT","UNB_DEATH_COUNT","UNB_MAJ_INJ_COUNT","BELTED_DEATH_COUNT","BELTED_MAJ_INJ_COUNT","MCYCLE_DEATH_COUNT","MCYCLE_MAJ_INJ_COUNT","BICYCLE_DEATH_COUNT","BICYCLE_MAJ_INJ_COUNT","PED_COUNT","PED_DEATH_COUNT","PED_MAJ_INJ_COUNT","MAX_SEVERITY_LEVEL","COMM_VEH_COUNT","DEC_LAT","DEC_LONG","RDWY_SURF_TYPE_CD","COUNTY_YEAR"
"2002032124","06","67","67301","67301","2001","10","1","0245","02","3","1","0","1","2","","","N","00","0","00","3","0","1","1","2","N","N","40 02:15.981","75 00:42.140","0247","","0245","","0","","N","","0 ","","","","","","","","","","2","2","0","0","0","0","0","0","0","0","0","1","1","0","0","0","0","0","0","0","0","0","0","0","0","0","0","0","0","0","0","0","0","0","0","4","0","40.0382","-75.0107","","CRASH_2001_Philadelphia"
"2002016798","06","67","67301","67301","2001","12","2","1300","13","1","1","0","2","1","","","N","01","2","00","3","0","0","5","2","N","N","40 03:00.965","75 07:01.315","1306","","1330","","0","","N","","3 ","","","","","","","","","","2","2","0","0","0","0","0","0","0","0","0","0","0","0","0","0","1","0","0","0","0","0","1","0","0","0","0","0","0","0","0","0","0","0","0","0","0","40.0503","-75.117","","CRASH_2001_Philadelphia"
"2002019531","06","67","67301","67301","2001","08","3","1313","13","1","1","0","4","1","","","N","00","0","00","3","0","1","2","2","N","N","39 57:12.000","75 13:05.000","1317","","0315","","0","","N","","0 ","","","","","","","","","","1","1","0","0","0","0","0","0","0","0","0","1","1","0","0","0","0","0","0","0","0","0","1","0","0","0","0","0","0","0","0","0","1","0","0","4","0","39.9533","-75.2181","","CRASH_2001_Philadelphia"
"2002027909","06","67","67301","67301","2001","08","2","1624","16","1","1","0","4","1","","","N","01","2","00","3","0","1","2","2","N","N","39 59:43.427","75 09:15.572","1634","","1624","","0","","N","","3 ","","","","","","","","","","2","2","0","0","0","0","0","0","0","0","1","0","1","0","0","0","0","0","0","0","1","0","0","2","0","0","0","0","0","0","0","0","0","0","0","3","0","39.9955","-75.1541","","CRASH_2001_Philadelphia"
"2002031201","06","67","67301","67301","2001","10","3","","","1","1","0","4","1","","","N","02","0","00","3","0","1","2","2","N","N","39 54:56.000","75 10:41.000","1456","","1452","","0","","N","","0 ","","","","","","","","","","1","0","0","0","1","0","0","0","1","0","1","0","1","0","0","0","0","0","0","0","0","0","0","0","0","0","0","0","0","0","0","0","1","0","0","3","0","39.9156","-75.1781","","CRASH_2001_Philadelphia"
"2002027892","06","67","67301","67301","2001","08","5","2330","23","3","1","0","1","1","","","N","01","2","00","3","0","3","5","2","N","N","40 00:54.614","75 12:29.063","2335","","2330","","0","","N","","3 ","","","","","","","","","","2","2","0","0","0","0","0","0","0","0","3","0","3","0","0","0","0","0","0","0","0","0","0","0","0","0","0","0","0","0","0","0","0","0","0","3","0","40.0154","-75.2083","","CRASH_2001_Philadelphia"
"2002039345","06","67","67301","67301","2001","01","5","1300","13","1","1","0","6","6","","","N","00","2","00","3","0","1","1","2","N","N","","","1305","","1305","","0","","N","","3 ","","","","","","","","","","2","1","1","0","0","0","0","0","0","0","1","0","1","0","0","0","0","0","0","0","0","0","0","0","0","0","0","0","0","0","0","0","0","0","0","3","0","","","","CRASH_2001_Philadelphia"
"2002040593","06","67","67301","67301","2001","12","1","1425","14","1","1","0","5","6","","","N","00","0","00","3","0","1","2","2","N","N","39 58:42.750","75 07:49.199","1455","","1445","","0","","N","","0 ","","","","","","","","","","2","1","0","0","0","0","0","0","0","0","0","1","1","0","1","0","0","0","0","0","0","0","0","0","0","0","0","0","0","0","0","0","0","0","0","4","0","39.9786","-75.1304","","CRASH_2001_Philadelphia"
"2002042699","06","67","67301","67301","2001","12","2","0117","01","3","2","7","1","7","","","N","00","0","00","3","0","1","3","2","N","N","40 02:03.441","75 04:16.662","0130","","0130","","0","","N","","0 ","","","","","","","","","","2","2","0","0","0","0","0","0","0","0","0","1","1","0","1","0","0","0","0","0","0","0","0","1","0","0","0","0","0","0","0","0","0","0","0","4","0","40.0344","-75.0713","","CRASH_2001_Philadelphia"
"2002043181","06","67","67301","67301","2001","12","1","1500","15","1","1","0","1","1","","","N","00","0","00","3","0","1","2","2","N","N","39 58:02.817","75 11:20.903","1505","","1500","","0","","N","","0 ","","","","","","","","","","2","2","0","0","0","0","0","0","0","0","1","0","1","0","1","0","0","0","0","0","0","0","0","0","0","0","0","0","0","0","0","0","0","0","0","3","0","39.9674","-75.189","","CRASH_2001_Philadelphia"
"2002042591","06","67","67301","67301","2001","12","4","1415","14","1","1","0","1","1","","","N","02","2","00","3","0","0","2","2","N","N","40 05:29.868","74 57:56.230","1426","","1421","","0","","N","","3 ","","","","","","","","","","2","2","0","0","0","0","0","0","0","0","0","0","0","0","0","0","0","0","0","0","0","0","1","0","0","0","0","0","0","0","0","0","0","0","0","0","0","40.0915","-74.9656","","CRASH_2001_Philadelphia"
"2002048278","06","67","67301","67301","2001","07","2","1430","14","1","1","0","4","1","","","N","00","0","00","3","0","1","2","2","N","N","39 59:47.400","75 10:29.280","1430","","1430","","0","","N","","0 ","","","","","","","","","","2","0","0","0","2","0","0","0","0","0","1","0","1","0","0","0","0","0","0","0","0","0","0","1","0","0","0","0","0","0","0","0","0","0","0","3","0","39.9966","-75.1748","","CRASH_2001_Philadelphia"
"2002035702","06","67","67301","67301","2001","10","1","1805","18","1","1","0","4","1","","","N","01","2","00","3","0","0","2","2","N","N","39 57:18.740","75 11:07.125","1952","","1949","","0","","N","","3 ","","","","","","","","","","2","2","0","0","0","0","0","0","0","0","0","0","0","0","1","0","0","0","0","0","0","0","0","0","0","0","0","0","0","0","0","0","0","0","0","9","0","39.9552","-75.1856","","CRASH_2001_Philadelphia"
"2002040411","06","67","67301","67301","2001","12","7","0355","03","3","1","0","4","1","","","N","01","2","00","3","0","1","2","2","N","N","39 59:34.727","75 06:37.258","0355","","0355","","0","","N","","3 ","","","","","","","","","","2","2","0","0","0","0","0","0","0","0","1","0","1","0","0","0","0","0","0","0","0","0","0","0","0","0","0","0","0","0","0","0","0","0","0","3","0","39.9929","-75.1103","","CRASH_2001_Philadelphia"
"2002035135","06","67","67301","67301","2001","11","5","1715","17","4","1","0","1","1","","","N","00","2","00","3","0","1","3","2","N","N","40 01:46.200","75 06:14.760","1730","","1722","","0","","N","","3 ","","","","","","","","","","2","2","0","0","0","0","0","0","0","0","0","1","1","0","1","0","0","0","0","0","0","0","0","0","0","0","0","0","0","0","0","0","0","0","0","4","0","40.0295","-75.104","","CRASH_2001_Philadelphia"
"2002037343","06","67","67301","67301","2001","11","5","2125","21","3","1","0","4","1","","","N","01","2","00","3","0","1","3","3","N","N","","","2135","","2130","","0","","N","","3 ","","","","","","","","","","3","3","0","0","0","0","0","0","0","0","0","1","1","0","0","0","0","0","0","0","0","0","0","1","0","0","0","0","0","0","0","0","0","0","0","4","0","","","","CRASH_2001_Philadelphia"
"2002040246","06","67","67301","67301","2001","12","3","1048","10","1","1","0","1","1","","","N","00","0","00","3","0","1","3","3","N","N","","","1051","","1049","1","2","4","N","","0 ","Y","","","","","","","","","3","1","0","0","2","0","0","0","0","0","0","1","1","0","0","0","0","0","0","0","1","0","0","0","0","0","0","0","0","0","0","0","0","0","0","4","0","","","","CRASH_2001_Philadelphia"
"2002036729","06","67","67301","67301","2001","11","1","1055","10","1","1","0","1","1","","","N","02","3","00","3","0","2","11","2","N","N","39 54:54.315","75 14:40.828","1110","","1104","","0","","N","","3 ","","","","","","","","","","2","1","0","1","0","0","0","0","0","0","2","0","2","0","0","0","0","0","0","0","1","0","0","0","0","0","0","0","0","0","0","0","0","0","0","3","1","39.915","-75.2446","","CRASH_2001_Philadelphia"
"2002041474","06","67","67301","67301","2001","12","4","0900","09","1","1","0","1","1","","","N","00","0","01","3","0","1","3","3","N","N","39 57:24.807","75 09:20.209","0920","","0908","","0","","N","","0 ","","","","","","","","","","3","3","0","0","0","0","0","0","0","0","0","1","1","0","0","0","0","0","0","0","1","0","0","0","0","0","0","0","0","0","0","0","0","0","0","4","0","39.957","-75.1555","","CRASH_2001_Philadelphia"
"2002014169","06","67","67301","67301","2001","07","2","1840","18","2","1","0","4","1","","","N","02","1","01","3","0","2","3","2","N","N","39 54:09.311","75 10:26.748","1841","","1840","","0","","N","","4 ","","","","","","","","","","2","2","0","0","0","0","0","0","0","0","0","2","2","0","0","0","0","0","0","0","0","0","0","0","0","0","0","0","0","0","0","0","0","0","0","4","0","39.9024","-75.1741","","CRASH_2001_Philadelphia"
"2002028094","06","67","67301","67301","2001","08","1","1925","19","3","1","0","4","1","","","N","01","2","00","3","0","2","2","2","N","N","40 01:32.188","75 07:31.600","1935","","1930","","0","","N","","9 ","","","","","","","","","","2","2","0","0","0","0","0","0","0","0","2","0","2","0","0","0","0","0","0","0","0","0","0","0","0","0","0","0","0","0","0","0","0","0","0","3","0","40.0252","-75.1254","","CRASH_2001_Philadelphia"
"2002028563","06","67","67301","67301","2001","09","3","0100","01","3","1","0","0","7","","","N","07","2","02","3","0","2","2","1","N","N","39 53:33.000","75 13:22.080","0107","","0103","","0","","N","","3 ","","","","","","","","","","1","1","0","0","0","0","0","0","0","0","0","2","2","0","0","0","0","0","0","0","0","0","0","0","0","0","0","0","0","0","0","0","0","0","0","4","0","39.8925","-75.2226","","CRASH_2001_Philadelphia"
"2002034700","06","67","67301","67301","2001","11","5","0000","00","3","1","0","7","2","","","N","00","0","00","3","0","2","2","1","N","N","40 02:17.271","75 00:36.969","0008","","0003","1","1","1","Y","","0 ","N","","","","","","","","","1","1","0","0","0","0","0","0","0","1","1","0","2","0","0","0","0","0","0","0","0","0","0","2","0","1","0","0","0","0","0","0","0","0","0","2","0","40.0383","-75.0099","","CRASH_2001_Philadelphia"
"2002010524","06","67","67301","67301","2001","07","2","1545","15","1","1","0","8","1","","","N","01","2","00","3","0","1","2","2","N","N","39 57:31.768","75 10:02.000","1554","","1552","","0","","N","","3 ","","","","","","","","","","1","1","0","0","0","0","0","0","1","0","1","0","1","0","1","0","0","1","0","0","0","0","0","0","0","0","0","0","0","0","0","0","0","0","0","3","0","39.9583","-75.1673","","CRASH_2001_Philadelphia"
"2002037083","06","67","67301","67301","2001","11","7","2325","23","3","1","0","1","1","","","N","02","2","00","3","0","3","4","2","N","N","40 03:03.101","75 02:10.507","2333","","2328","","0","","N","","3 ","","","","","","","","","","2","2","0","0","0","0","0","0","0","0","0","3","3","0","0","0","0","0","1","0","1","0","0","0","0","0","0","0","0","0","0","0","0","0","0","4","0","40.0509","-75.0362","","CRASH_2001_Philadelphia"
"2002035090","06","67","67301","67301","2001","11","5","1336","13","1","1","0","7","7","","","N","07","0","08","3","0","0","2","1","N","N","39 58:05.520","75 07:46.920","1338","","1333","1","1","2","N","","0 ","N","","","","","","","","","1","1","0","0","0","0","0","0","0","0","0","0","0","0","0","0","0","0","0","0","0","0","0","0","0","0","0","0","0","0","0","0","0","0","0","0","0","39.9684","-75.1295","","CRASH_2001_Philadelphia"
"2002039673","06","67","67301","67301","2001","11","4","2232","22","3","7","0","1","1","","","N","00","0","00","3","0","0","1","2","N","N","39 57:29.038","75 13:17.114","2241","","2232","","0","","N","","0 ","","","","","","","","","","2","2","0","0","0","0","0","0","0","0","0","0","0","0","0","0","0","0","0","0","0","0","0","0","0","0","0","0","0","0","0","0","0","0","0","0","0","39.9565","-75.2217","","CRASH_2001_Philadelphia"
"2002042697","06","67","67301","67301","2001","12","1","1200","12","1","1","0","4","1","","","N","01","2","00","3","0","6","6","2","N","N","40 00:50.183","75 05:10.675","1207","","1205","","0","","N","","3 ","","","","","","","","","","2","1","0","0","1","0","0","0","0","0","0","6","6","0","0","0","0","0","0","0","0","0","0","0","0","0","0","0","0","0","0","0","0","0","0","4","0","40.0139","-75.0863","","CRASH_2001_Philadelphia"
"2002050202","06","67","67301","67301","2001","09","2","1730","17","1","1","0","4","1","","","N","00","2","00","3","0","1","2","2","N","N","39 58:49.440","75 10:15.960","9999","","9999","","0","","N","","3 ","","","","","","","","","","1","0","0","0","0","0","0","0","1","0","0","1","1","0","1","0","0","0","0","0","0","0","0","0","0","0","0","0","0","0","0","0","0","0","0","4","0","39.9804","-75.1711","","CRASH_2001_Philadelphia"
"2002025037","06","67","67301","67301","2001","08","7","1317","13","1","1","0","4","1","","","N","00","0","07","3","0","1","2","2","N","N","39 57:42.853","75 14:22.874","1318","","1318","","0","","N","","0 ","","","","","","","","","","1","1","0","0","0","0","0","0","1","0","0","1","1","0","0","0","0","0","0","0","0","0","0","0","0","0","0","0","0","0","0","0","0","0","0","4","0","39.9618","-75.2396","","CRASH_2001_Philadelphia"
"2002032496","06","67","67301","67301","2001","10","1","1500","15","1","1","0","1","1","","","N","01","2","00","3","0","1","3","2","N","N","39 57:26.008","75 09:36.815","1515","","1510","","0","","N","","3 ","","","","","","","","","","2","2","0","0","0","0","0","0","0","0","0","1","1","0","1","0","0","0","0","0","0","0","0","0","0","0","0","0","0","0","0","0","0","0","0","4","0","39.9574","-75.1603","","CRASH_2001_Philadelphia"
"2002035128","06","67","67301","67301","2001","11","7","1344","13","1","1","0","4","1","","","N","02","2","00","3","0","1","2","2","N","N","39 57:30.338","75 10:16.560","1352","","1344","","0","","N","","3 ","","","","","","","","","","1","1","0","0","0","0","0","0","0","0","0","1","1","0","0","0","0","0","0","0","0","0","0","0","0","0","0","0","0","0","0","0","1","0","0","4","0","39.959","-75.172","","CRASH_2001_Philadelphia"
"2002039611","06","67","67301","67301","2001","11","3","0755","07","1","2","1","5","1","","","N","01","2","00","3","0","0","5","5","Y","N","39 55:16.252","75 11:38.715","0805","","0800","","0","","N","","3 ","","","","","","","","","","5","4","0","1","0","0","0","0","0","0","0","0","0","0","0","0","0","0","0","0","2","0","0","0","0","0","0","0","0","0","0","0","0","0","0","0","1","39.9211","-75.1938","","CRASH_2001_Philadelphia"
"2002041972","06","67","67301","67301","2001","12","4","0840","08","1","1","0","1","1","3","2","Y","01","2","00","3","0","2","6","2","N","N","40 00:08.231","75 09:27.930","0844","99","0840","1","2","1","N","","3 ","Y","Y","","","U","Y","","","","2","2","0","0","0","0","0","0","0","0","0","2","2","0","0","0","0","0","0","0","0","0","0","0","0","0","0","0","0","0","0","0","0","0","0","4","0","40.0022","-75.1577","","CRASH_2001_Philadelphia"
"2002022845","06","67","67301","67301","2001","06","6","1250","12","1","1","0","4","1","","","N","02","2","00","3","0","1","2","2","N","N","39 59:34.297","75 08:46.038","1050","","1050","","0","","N","","3 ","","","","","","","","","","2","1","0","0","1","0","0","0","0","0","1","0","1","0","0","0","0","0","0","0","0","1","0","0","0","0","0","0","0","0","0","0","0","0","0","3","0","39.9929","-75.1461","","CRASH_2001_Philadelphia"
"2001243097","06","67","67301","67301","2001","05","6","1830","18","1","1","0","1","1","","","N","01","2","00","3","0","2","4","2","N","N","40 02:09.240","75 03:51.120","9999","","9999","","0","","N","","3 ","","","","","","","","","","2","1","0","0","0","0","0","1","0","0","0","2","2","0","0","0","0","0","0","0","0","0","0","0","0","0","0","0","0","0","0","0","0","0","0","4","0","40.0359","-75.0641","","CRASH_2001_Philadelphia"
"2002031524","06","67","67301","67301","2001","10","4","1510","15","1","1","0","5","9","","","N","00","0","00","3","0","1","5","2","N","N","40 02:22.560","75 09:16.560","1510","","1510","","0","","N","","0 ","","","","","","","","","","2","2","0","0","0","0","0","0","0","0","0","1","1","0","1","0","0","0","0","1","0","0","0","0","0","0","0","0","0","0","0","0","0","0","0","4","0","40.0396","-75.1546","","CRASH_2001_Philadelphia"
"2002033603","06","67","67301","67301","2001","10","4","0550","05","1","1","0","5","1","","","N","00","0","00","3","0","0","2","2","N","N","40 01:03.720","75 10:21.360","0629","","0622","","0","","N","","0 ","","","","","","","","","","2","1","0","0","0","1","0","0","0","0","0","0","0","0","0","0","0","0","0","0","0","0","0","0","0","0","0","0","0","0","0","0","0","0","0","0","1","40.0176","-75.1725","","CRASH_2001_Philadelphia"
"2002036383","06","67","67301","67501","2001","11","1","1234","12","1","1","0","0","1","","","N","00","0","00","3","0","1","1","1","N","N","39 55:28.200","75 11:34.800","1244","","1240","","0","","N","","0 ","","","","","","","","","","1","0","1","0","0","0","0","0","0","0","1","0","1","0","0","0","0","0","0","0","1","0","0","0","0","0","0","0","0","0","0","0","0","0","0","3","0","39.9252","-75.1935","","CRASH_2001_Philadelphia"
"2002037719","06","67","67301","67301","2001","11","4","1915","19","3","1","0","4","1","","","N","05","3","00","3","0","2","2","2","N","N","40 02:07.993","75 05:15.381","1925","","1918","","0","","N","","3 ","","","","","","","","","","2","2","0","0","0","0","0","0","0","0","0","2","2","0","0","0","0","0","0","0","0","0","0","0","0","0","0","0","0","0","0","0","0","0","0","4","0","40.0356","-75.0876","","CRASH_2001_Philadelphia"
"2002044051","06","67","67301","67301","2001","12","6","0747","07","1","1","0","1","1","","","N","00","0","01","3","0","2","4","2","N","N","39 59:57.480","75 08:09.600","0747","","0747","","0","","N","","0 ","","","","","","","","","","2","1","0","0","1","0","0","0","0","0","1","1","2","0","0","0","0","0","0","0","1","0","0","3","0","0","0","0","0","0","0","0","0","0","0","3","0","39.9994","-75.1361","","CRASH_2001_Philadelphia"
"2002045880","06","67","67301","67301","2001","10","3","0820","08","1","1","0","5","1","","","N","00","0","00","3","0","1","2","2","N","N","39 59:50.152","75 11:46.335","0830","","0821","1","1","4","N","","0 ","N","","","","","","","","","2","2","0","0","0","0","0","0","0","1","0","0","1","0","0","0","0","0","0","0","0","0","1","1","0","1","0","0","0","0","0","0","0","0","0","2","0","39.997","-75.1964","","CRASH_2001_Philadelphia"
"2002017509","06","67","67301","67301","2001","07","5","1550","15","1","2","1","4","1","","","N","02","3","00","3","0","1","3","2","N","N","","","1624","","1624","","0","","N","","3 ","","","","","","","","","","2","2","0","0","0","0","0","0","0","0","0","1","1","0","0","0","0","0","0","1","0","0","0","0","0","0","0","0","0","0","0","0","0","0","0","4","0","","","","CRASH_2001_Philadelphia"
"2002023927","06","67","67301","67301","2001","07","1","0111","01","3","1","0","4","1","","","N","01","2","00","3","0","4","4","2","N","N","39 59:46.338","75 10:20.553","0500","","0150","4","2","1","N","","3 ","N","","","","","","","","","2","1","0","1","0","0","0","0","0","1","1","2","4","0","0","0","0","0","0","0","0","0","0","3","0","1","0","0","0","0","0","0","0","0","0","2","1","39.9962","-75.1723","","CRASH_2001_Philadelphia"
"2002024212","06","67","67301","67301","2001","07","7","0204","02","3","1","0","5","5","","","N","00","0","00","3","0","2","4","4","N","N","","","0300","","0241","3","2","3","N","","0 ","Y","","","","","","","","","2","2","0","0","0","0","0","0","0","2","0","0","2","0","0","0","0","0","0","0","0","0","0","0","0","0","0","0","0","0","0","0","2","0","2","2","0","","","","CRASH_2001_Philadelphia"
"2002024522","06","67","67301","67301","2001","08","6","1845","18","1","1","0","8","1","","","N","02","2","00","3","0","1","2","2","N","N","39 57:34.718","75 14:03.304","1850","","1845","","0","","N","","3 ","","","","","","","","","","1","0","0","0","0","0","0","0","0","0","1","0","1","0","0","0","0","0","0","0","0","0","0","0","0","0","0","0","0","0","0","0","1","0","0","3","0","39.9582","-75.2355","","CRASH_2001_Philadelphia"
"2002028570","06","67","67301","67301","2001","09","5","1300","13","1","2","1","5","1","","","N","05","2","00","3","0","1","2","2","N","N","40 03:14.685","75 09:20.088","1335","","1327","","0","","N","","3 ","","","","","","","","","","2","2","0","0","0","0","0","0","0","0","0","1","1","0","0","0","0","0","0","0","0","0","0","0","0","0","0","0","0","0","0","0","0","0","0","4","0","40.0541","-75.1555","","CRASH_2001_Philadelphia"
"2002041411","06","67","67301","67301","2001","12","7","0725","07","3","1","0","8","1","","","N","00","0","00","3","0","1","2","2","N","N","","","0735","","0730","","0","","N","","0 ","","","","","","","","","","1","1","0","0","0","0","0","0","0","0","0","1","1","0","0","0","0","0","0","0","0","0","1","0","0","0","0","0","0","0","0","0","1","0","0","4","0","","","","CRASH_2001_Philadelphia"
"2002039547","06","67","67301","67301","2001","11","3","1500","15","1","1","0","1","1","","","N","00","0","00","3","0","0","2","2","N","N","40 01:32.880","75 07:27.840","1501","","1500","1","2","2","N","","0 ","N","","","","","","","","","2","2","0","0","0","0","0","0","0","0","0","0","0","0","0","0","0","0","1","0","0","1","0","0","0","0","0","0","0","0","0","0","0","0","0","0","0","40.0256","-75.1244","","CRASH_2001_Philadelphia"
"2002041345","06","67","67301","67301","2001","12","5","0421","04","3","1","0","5","1","","","N","00","0","00","3","0","1","3","2","N","N","39 58:24.960","75 11:38.040","0426","","0423","","0","","N","","0 ","","","","","","","","","","2","1","0","0","0","1","0","0","0","0","0","1","1","0","0","0","0","0","0","0","1","0","0","0","0","0","0","0","0","0","0","0","0","0","0","4","1","39.9736","-75.1939","","CRASH_2001_Philadelphia"
"2002042144","06","67","67301","67301","2001","12","1","1940","19","3","1","0","1","1","","","N","00","0","00","3","0","2","5","3","N","N","39 56:06.673","75 08:32.254","1945","","1943","","0","","N","","0 ","","","","","","","","","","3","3","0","0","0","0","0","0","0","0","0","2","2","0","0","0","0","0","0","0","0","0","0","0","0","0","0","0","0","0","0","0","0","0","0","4","0","39.9345","-75.143","","CRASH_2001_Philadelphia"
"2002043208","06","67","67301","67301","2001","12","5","1210","12","1","1","0","1","1","","","N","00","0","00","3","0","1","3","2","N","N","40 02:18.559","75 08:41.236","1210","","1210","","0","","N","","0 ","","","","","","","","","","2","2","0","0","0","0","0","0","0","0","0","1","1","0","0","0","0","0","0","0","0","0","0","1","0","0","0","0","0","0","0","0","0","0","0","4","0","40.0382","-75.1448","","CRASH_2001_Philadelphia"
"2002018894","06","67","67301","67301","2001","08","5","1908","19","1","1","0","8","1","","","N","01","2","00","3","0","1","2","2","N","N","40 07:08.040","75 01:04.800","1910","","1906","","0","","N","","3 ","","","","","","","","","","1","1","0","0","0","0","0","0","1","0","0","1","1","0","0","0","0","0","0","0","0","0","0","0","0","0","0","0","0","0","0","0","0","0","0","4","0","40.1189","-75.0181","","CRASH_2001_Philadelphia"
"2002023695","06","67","67301","67301","2001","08","2","0835","08","1","1","0","2","1","","","N","01","2","00","3","0","1","2","2","N","N","40 05:22.404","75 03:25.112","0844","","0837","","0","","N","","3 ","","","","","","","","","","2","2","0","0","0","0","0","0","0","0","1","0","1","0","0","0","0","0","0","0","0","0","0","0","0","0","0","0","0","0","0","0","0","0","0","3","0","40.0896","-75.057","","CRASH_2001_Philadelphia"
"2002026884","06","67","67301","67301","2001","08","6","0828","08","1","1","0","8","1","","","N","00","0","00","3","0","1","2","2","N","N","40 00:12.059","75 09:58.201","0832","","0829","","0","","N","","0 ","","","","","","","","","","1","1","0","0","0","0","0","0","0","1","0","0","1","0","0","0","0","0","0","0","0","0","0","0","0","0","0","0","0","0","0","0","1","0","1","2","0","40.0033","-75.1661","","CRASH_2001_Philadelphia"
"2002037097","06","67","67301","67301","2001","12","1","2030","20","2","1","0","4","1","","","N","01","2","00","3","0","0","2","2","N","N","40 05:40.553","75 00:53.997","2050","","2039","","0","","N","","3 ","","","","","","","","","","2","2","0","0","0","0","0","0","0","0","0","0","0","0","0","0","0","0","1","0","0","0","0","0","0","0","0","0","0","0","0","0","0","0","0","0","0","40.0946","-75.015","","CRASH_2001_Philadelphia"
"2002045799","06","67","67301","67301","2001","01","5","1312","13","1","1","0","8","1","","","N","00","0","00","3","0","1","4","2","N","N","39 57:14.951","75 10:40.658","1320","","1312","","0","","N","","0 ","","","","","","","","","","1","1","0","0","0","0","0","0","0","0","0","1","1","0","0","0","0","0","0","0","0","0","0","0","0","0","0","0","0","0","0","0","1","0","0","4","0","39.9541","-75.1778","","CRASH_2001_Philadelphia"
"2002003763","06","67","67301","67301","2001","11","5","2202","22","3","1","0","7","5","","","N","02","3","00","3","0","1","1","1","N","N","","","2221","","2221","","0","","N","","3 ","","","","","","","","","","1","1","0","0","0","0","0","0","0","0","1","0","1","0","0","1","0","0","0","0","0","0","0","1","0","0","0","0","0","0","0","0","0","0","0","3","0","","","","CRASH_2001_Philadelphia"
"2002007613","06","67","67301","67301","2001","12","1","1346","13","1","1","0","4","1","","","N","01","3","00","3","0","0","2","2","N","N","40 02:16.351","75 01:35.597","1352","","1347","2","1","6","N","","3 ","Y","","","","","","","","","2","2","0","0","0","0","0","0","0","0","0","0","0","0","0","1","0","0","0","0","0","0","0","1","0","0","0","0","0","0","0","0","0","0","0","0","0","40.0378","-75.0266","","CRASH_2001_Philadelphia"
"2002022846","06","67","67301","67301","2001","09","1","1829","18","1","1","0","4","1","","","N","00","0","00","3","0","1","2","2","N","N","39 58:51.000","75 11:01.000","1835","","1829","","0","","N","","0 ","","","","","","","","","","1","1","0","0","0","0","0","0","1","0","0","1","1","0","0","0","0","0","0","0","0","0","0","1","0","0","0","0","0","0","0","0","0","0","0","4","0","39.9808","-75.1836","","CRASH_2001_Philadelphia"
"2001238857","06","67","67301","67301","2001","04","3","1150","11","1","1","0","8","1","","","N","01","3","00","3","0","1","2","2","N","N","39 55:16.680","75 08:45.960","9999","","9999","","0","","N","","3 ","","","","","","","","","","1","1","0","0","0","0","0","0","0","0","0","1","1","0","0","0","0","0","0","1","0","0","0","0","0","0","0","0","0","0","0","0","1","0","0","4","0","39.9213","-75.146","","CRASH_2001_Philadelphia"
"2001244853","06","67","67301","67301","2001","05","5","1725","17","1","1","0","8","1","","","N","00","0","00","3","0","1","2","2","N","N","","","9999","","9999","","0","","N","","0 ","","","","","","","","","","1","1","0","0","0","0","0","0","0","0","0","0","0","0","1","0","0","0","0","0","0","0","0","0","0","0","0","0","0","0","0","0","1","0","0","9","0","","","","CRASH_2001_Philadelphia"
"2002034596","06","67","67301","67301","2001","11","5","0858","08","1","2","0","8","4","","","N","01","0","00","3","0","1","2","2","N","N","39 57:15.878","75 10:16.660","0904","","0900","","0","","N","","0 ","","","","","","","","","","1","1","0","0","0","0","0","0","0","0","1","0","1","0","0","0","0","0","0","0","0","1","0","0","0","0","0","0","0","0","0","0","1","0","0","3","0","39.9544","-75.1714","","CRASH_2001_Philadelphia"