"CRN","DISTRICT","COUNTY","MUNICIPALITY","POLICE_AGCY","CRASH_YEAR","CRASH_MONTH","DAY_OF_WEEK","TIME_OF_DAY","HOUR_OF_DAY","ILLUMINATION","WEATHER","ROAD_CONDITION","COLLISION_TYPE","RELATION_TO_ROAD","WORK_ZONE_TYPE","WORK_ZONE_LOC","WORK_ZONE_IND","INTERSECT_TYPE","TCD_TYPE","LOCATION_TYPE","URBAN_RURAL","FATAL_COUNT","INJURY_COUNT","PERSON_COUNT","TOTAL_UNITS","SCH_BUS_IND","SCH_ZONE_IND","LATITUDE","LONGITUDE","ARRIVAL_TM","CONS_ZONE_SPD_LIM","DISPATCH_TM","EST_HRS_CLOSED","LANE_CLOSED","LN_CLOSE_DIR","NTFY_HIWY_MAINT","SPEC_JURIS_CD","TCD_FUNC_CD","TFC_DETOUR_IND","WORKERS_PRES","WZ_CLOSE_DETOUR","WZ_FLAGGER","WZ_LAW_OFFCR_IND","WZ_LN_CLOSURE","WZ_MOVING","WZ_OTHER","WZ_SHLDER_MDN","VEHICLE_COUNT","AUTOMOBILE_COUNT","MOTORCYCLE_COUNT","BUS_COUNT","SMALL_TRUCK_COUNT","HEAVY_TRUCK_COUNT","SUV_COUNT","VAN_COUNT","BICYCLE_COUNT","MAJ_INJ_COUNT","MOD_INJ_COUNT","MIN_INJ_COUNT","TOT_INJ_COUNT","UNK_INJ_DEG_COUNT","UNK_INJ_PER_COUNT","DRIVER_COUNT_16YR","DRIVER_COUNT_17YR","DRIVER_COUNT_18YR","DRIVER_COUNT_19YR","DRIVER_COUNT_20YR","DRIVER_COUNT_50_64YR","DRIVER_COUNT_65_74YR","DRIVER_COUNT_75PLUS","UNBELTED_OCC_COUNT","UNB_DEATH_COUNT","UNB_MAJ_INJ_COUNT","BELTED_DEATH_COUNT","BELTED_MAJ_INJ_COUNT","MCYCLE_DEATH_COUNT","MCYCLE_MAJ_INJ_COUNT","BICYCLE_DEATH_COUNT","BICYCLE_MAJ_INJ_COUNT","PED_COUNT","PED_DEATH_COUNT","PED_MAJ_INJ_COUNT","MAX_SEVERITY_LEVEL","COMM_VEH_COUNT","DEC_LAT","DEC_LONG","RDWY_SURF_TYPE_CD","COUNTY_YEAR"
"2002032500","06","67","67301","67301","2001","10","7","1502","15","1","1","0","1","1","","","N","00","0","03","3","0","2","2","2","N","N","39 55:08.040","75 12:25.560","1625","","1606","","0","","N","","0 ","","","","","","","","","","2","2","0","0","0","0","0","0","0","0","0","2","2","0","0","0","0","0","0","0","0","0","0","0","0","0","0","0","0","0","0","0","0","0","0","4","0","39.9178","-75.2115","","CRASH_2001_Philadelphia"
"2002039595","06","67","67301","67301","2001","11","3","2039","20","1","1","0","8","2","","","N","01","2","00","3","0","1","2","2","N","N","40 01:30.490","75 07:31.896","2130","","2039","","0","","N","","3 ","","","","","","","","","","1","1","0","0","0","0","0","0","0","0","1","0","1","0","1","0","0","0","0","0","0","0","0","0","0","0","0","0","0","0","0","0","1","0","0","3","0","40.0252","-75.1254","","CRASH_2001_Philadelphia"
"2002042786","06","67","67301","67301","2001","01","4","1220","12","1","2","1","1","1","","","N","00","0","00","3","0","0","2","2","N","N","39 58:29.280","75 07:03.360","1232","","1226","1","1","1","N","","0 ","N","","","","","","","","","2","2","0","0","0","0","0","0","0","0","0","0","0","0","0","0","0","0","0","0","0","0","0","0","0","0","0","0","0","0","0","0","0","0","0","0","0","39.9745","-75.118","","CRASH_2001_Philadelphia"
"2002045791","06","67","67301","67301","2001","10","3","0647","06","1","1","0","8","1","","","N","01","2","00","3","0","1","2","2","N","N","40 04:12.609","75 04:13.350","0652","","0647","","0","","N","","3 ","","","","","","","","","","1","1","0","0","0","0","0","0","0","0","0","1","1","0","0","0","0","0","0","0","1","0","0","0","0","0","0","0","0","0","0","0","1","0","0","4","0","40.0702","-75.0704","","CRASH_2001_Philadelphia"
"2002014929","06","67","67301","67301","2001","07","6","1120","11","1","1","0","1","6","","","N","00","0","00","3","0","0","1","2","N","N","40 01:07.064","75 10:24.781","1125","","1122","","0","","N","","0 ","","","","","","","","","","2","1","0","0","1","0","0","0","0","0","0","0","0","0","0","0","0","0","0","0","0","0","0","0","0","0","0","0","0","0","0","0","0","0","0","0","0","40.0185","-75.1734","","CRASH_2001_Philadelphia"
"2002028564","06","67","67301","67301","2001","09","6","0743","07","1","2","1","7","2","","","N","00","0","00","3","0","1","1","1","N","N","39 54:23.908","75 08:59.603","0745","","0740","","0","","N","","0 ","","","","","","","","","","1","0","0","0","1","0","0","0","0","0","1","0","1","0","0","0","0","0","0","0","1","0","0","0","0","0","0","0","0","0","0","0","0","0","0","3","0","39.9059","-75.15","","CRASH_2001_Philadelphia"
"2002028735","06","67","67301","67301","2001","09","6","1245","12","1","2","1","7","4","","","N","00","0","02","3","0","1","1","1","N","N","40 06:22.680","74 59:55.680","1250","","1245","","0","","Y","","0 ","","","","","","","","","","1","0","0","0","1","0","0","0","0","0","1","0","1","0","0","0","0","0","0","0","0","0","0","0","0","0","0","0","0","0","0","0","0","0","0","3","0","40.1058","-74.9995","","CRASH_2001_Philadelphia"
"2001288096","06","67","67301","","2001","05","5","2335","23","3","1","0","3","1","","","N","02","2","00","3","0","1","2","2","N","N","40 02:01.320","75 08:45.240","9999","","9999","","0","","N","","3 ","","","","","","","","","","2","1","0","0","0","0","0","0","0","0","1","0","1","0","0","0","0","0","0","0","0","0","0","0","0","0","0","0","0","0","0","0","0","0","0","3","0","40.0337","-75.1458","","CRASH_2001_Philadelphia"
"2002010514","06","67","67301","67301","2001","07","7","9999","99","3","1","0","7","4","","","N","00","0","00","3","0","0","1","1","N","N","40 02:43.362","74 59:43.747","0344","","0341","","0","","N","","0 ","","","","","","","","","","1","1","0","0","0","0","0","0","0","0","0","0","0","0","0","0","0","0","0","0","0","0","0","0","0","0","0","0","0","0","0","0","0","0","0","0","0","40.0453","-74.9956","","CRASH_2001_Philadelphia"
"2002012706","06","67","67301","67301","2001","07","7","0940","09","1","1","0","4","1","","","N","01","2","00","3","0","0","2","2","N","N","40 01:34.108","75 07:18.874","0950","","0948","","0","","N","","3 ","","","","","","","","","","2","1","0","0","1","0","0","0","0","0","0","0","0","0","0","0","0","0","0","0","1","0","0","0","0","0","0","0","0","0","0","0","0","0","0","0","0","40.0262","-75.1216","","CRASH_2001_Philadelphia"
"2002029754","06","67","67301","67301","2001","09","4","2330","23","3","1","0","1","1","","","N","01","2","00","3","0","1","2","2","N","N","39 59:34.383","75 13:03.861","1214","","1207","","0","","N","","3 ","","","","","","","","","","2","2","0","0","0","0","0","0","0","0","0","1","1","0","0","0","0","0","0","0","0","0","0","0","0","0","0","0","0","0","0","0","0","0","0","4","0","39.993","-75.2176","","CRASH_2001_Philadelphia"
"2002004017","06","67","67301","67301","2001","06","4","2048","20","8","1","0","4","1","","","N","01","2","00","3","0","2","3","2","N","N","40 04:51.240","75 01:44.040","2057","","2053","","0","","N","","3 ","","","","","","","","","","2","2","0","0","0","0","0","0","0","0","0","2","2","0","0","0","0","0","0","0","1","0","0","0","0","0","0","0","0","0","0","0","0","0","0","4","0","40.0811","-75.0289","","CRASH_2001_Philadelphia"
"2002016825","06","67","67301","67301","2001","07","6","1209","12","1","1","0","1","1","","","N","02","2","00","3","0","1","6","2","N","N","39 55:57.201","75 08:36.723","1215","","1213","","0","","N","","3 ","","","","","","","","","","2","1","1","0","0","0","0","0","0","0","0","1","1","0","0","0","0","0","0","0","0","0","0","0","0","0","0","0","0","0","0","0","0","0","0","4","0","39.9333","-75.1434","","CRASH_2001_Philadelphia"
"2002030888","06","67","67301","67301","2001","09","5","1340","13","1","1","0","9","1","","","N","01","2","00","3","0","1","2","2","N","N","39 59:07.388","75 08:13.265","1353","","1350","","0","","N","","3 ","","","","","","","","","","2","2","0","0","0","0","0","0","0","0","0","1","1","0","0","0","0","0","0","0","0","0","1","0","0","0","0","0","0","0","0","0","0","0","0","4","0","39.9853","-75.1362","","CRASH_2001_Philadelphia"
"2002028270","06","67","67301","67301","2001","09","5","1735","17","1","1","0","1","1","","","N","00","0","00","3","0","3","5","4","N","N","40 02:15.720","75 02:33.720","1748","","1746","","0","","N","","0 ","","","","","","","","","","4","4","0","0","0","0","0","0","0","0","0","3","3","0","0","0","0","0","0","1","0","0","0","0","0","0","0","0","0","0","0","0","0","0","0","4","0","40.0377","-75.0426","","CRASH_2001_Philadelphia"
"2002041337","06","67","67301","67301","2001","12","3","1425","14","1","1","0","8","1","","","N","01","1","00","3","0","1","2","2","N","N","40 03:47.181","75 09:43.109","1435","","1430","","0","","N","","3 ","","","","","","","","","","1","1","0","0","0","0","0","0","0","0","1","0","1","0","0","0","0","0","0","0","0","0","0","0","0","0","0","0","0","0","0","0","1","0","0","3","0","40.0631","-75.162","","CRASH_2001_Philadelphia"
"2002043698","06","67","67301","67301","2001","12","2","1245","12","1","1","0","1","1","","","N","00","0","00","3","0","1","2","2","N","N","40 05:20.780","75 01:15.787","1305","","1257","","0","","N","","0 ","","","","","","","","","","2","1","0","0","1","0","0","0","0","0","0","1","1","0","0","0","0","0","0","0","1","0","0","1","0","0","0","0","0","0","0","0","0","0","0","4","0","40.0891","-75.0211","","CRASH_2001_Philadelphia"
"2002029732","06","67","67301","67301","2001","09","7","0200","02","3","1","0","1","1","","","N","00","2","00","3","0","1","4","3","N","N","40 00:28.838","75 12:42.279","0210","","0200","9","2","1","N","","3 ","Y","","","","","","","","","3","3","0","0","0","0","0","0","0","0","0","1","1","0","0","0","0","0","0","0","0","0","0","0","0","0","0","0","0","0","0","0","0","0","0","4","0","40.008","-75.2117","","CRASH_2001_Philadelphia"
"2002036269","06","67","67301","67301","2001","11","6","1558","15","1","1","0","8","1","","","N","04","4","00","3","0","1","2","2","N","N","40 01:04.949","75 05:49.270","1603","","1601","3","1","4","N","","9 ","N","","","","","","","","","1","0","0","0","1","0","0","0","0","0","0","1","1","0","0","0","0","0","0","0","0","0","0","1","0","0","0","0","0","0","0","0","1","0","0","4","0","40.0183","-75.0969","","CRASH_2001_Philadelphia"
"2002026361","06","67","67301","67301","2001","09","2","1445","14","1","1","1","7","5","","","N","02","0","00","3","0","1","1","1","N","N","40 01:15.960","75 09:27.078","1540","","1445","","0","","N","","0 ","","","","","","","","","","1","1","0","0","0","0","0","0","0","0","1","0","1","0","0","0","0","0","0","0","0","1","0","0","0","0","0","0","0","0","0","0","0","0","0","3","0","40.0211","-75.1575","","CRASH_2001_Philadelphia"
"2002030259","06","67","67301","67301","2001","07","7","1955","19","1","1","0","7","3","","","N","00","0","00","3","0","1","1","1","N","N","40 05:41.000","75 00:55.643","2006","","1959","","0","","N","","0 ","","","","","","","","","","1","0","1","0","0","0","0","0","0","0","0","1","1","0","0","0","0","0","0","0","0","0","0","0","0","0","0","0","0","0","0","0","0","0","0","4","0","40.0946","-75.0155","","CRASH_2001_Philadelphia"
"2002044035","06","67","67301","67301","2001","12","4","1315","13","1","1","0","4","1","","","N","01","2","00","3","0","3","5","4","N","N","40 02:40.595","75 03:16.876","1410","","1355","2","2","2","N","","3 ","Y","","","","","","","","","3","3","0","0","0","0","0","0","0","0","0","3","3","0","0","0","0","0","0","0","2","0","0","0","0","0","0","0","0","0","0","0","1","0","0","4","0","40.0446","-75.0547","","CRASH_2001_Philadelphia"
"2002022502","06","67","67301","67301","2001","07","3","0805","08","1","1","0","1","1","","","N","00","2","00","3","0","3","4","3","N","N","40 01:07.586","75 08:57.573","0820","","0817","","0","","N","","3 ","","","","","","","","","","3","3","0","0","0","0","0","0","0","0","0","3","3","0","0","0","0","0","1","0","0","1","0","3","0","0","0","0","0","0","0","0","0","0","0","4","0","40.0187","-75.1492","","CRASH_2001_Philadelphia"
"2002026353","06","67","67301","67301","2001","08","4","2200","22","2","1","0","1","1","","","N","00","2","00","3","0","2","3","2","N","N","39 53:41.640","75 14:12.480","2202","","2201","","0","","N","","3 ","","","","","","","","","","2","2","0","0","0","0","0","0","0","1","1","0","2","0","0","0","0","0","0","0","0","0","0","3","0","1","0","0","0","0","0","0","0","0","0","2","0","39.9","-75.2389","","CRASH_2001_Philadelphia"
"2002017853","06","67","67301","67301","2001","08","5","1323","13","1","1","0","7","2","","","N","00","0","00","3","0","1","1","1","N","N","40 02:58.000","75 11:38.200","1326","","1320","","0","","N","","0 ","","","","","","","","","","1","1","0","0","0","0","0","0","0","0","1","0","1","0","0","0","0","0","0","0","1","0","0","1","0","0","0","0","0","0","0","0","0","0","0","3","0","40.0496","-75.1938","","CRASH_2001_Philadelphia"
"2002018349","06","67","67301","67301","2001","08","7","1350","13","1","1","0","4","1","","","N","01","2","00","3","0","2","5","3","N","N","40 01:03.049","75 03:54.118","1355","","1354","","0","","N","","3 ","","","","","","","","","","2","2","0","0","0","0","0","0","0","0","0","2","2","0","0","0","0","0","0","0","1","0","0","0","0","0","0","0","0","0","0","0","1","0","0","4","0","40.0177","-75.0649","","CRASH_2001_Philadelphia"
"2002022829","06","67","67301","67301","2001","08","1","1452","14","1","2","1","1","1","","","N","00","0","00","3","0","1","5","5","N","N","39 57:52.200","75 11:05.640","1458","","1452","","0","","N","","0 ","","","","","","","","","","5","5","0","0","0","0","0","0","0","0","0","1","1","0","0","0","0","0","0","1","0","0","0","0","0","0","0","0","0","0","0","0","0","0","0","4","0","39.9651","-75.1855","","CRASH_2001_Philadelphia"
"2001288009","06","67","67301","","2001","03","7","1500","15","1","1","0","5","1","","","N","00","0","00","3","0","4","4","2","N","N","","","9999","","9999","","0","","N","","0 ","","","","","","","","","","2","2","0","0","0","0","0","0","0","1","1","0","2","0","2","0","0","0","0","0","0","0","0","0","0","0","0","0","0","0","0","0","0","0","0","2","0","","","","CRASH_2001_Philadelphia"
"2002028537","06","67","67301","67301","2001","09","6","2007","20","3","1","0","1","1","","","N","03","0","00","3","0","3","5","3","N","N","39 56:54.000","75 11:10.122","2012","","2008","1","1","3","N","","0 ","N","","","","","","","","","3","3","0","0","0","0","0","0","0","0","0","3","3","0","0","0","0","0","0","0","0","0","0","0","0","0","0","0","0","0","0","0","0","0","0","4","0","39.9483","-75.1861","","CRASH_2001_Philadelphia"
"2002041563","06","67","67301","67301","2001","12","6","1350","13","1","2","1","4","1","","","N","02","2","00","3","0","1","2","2","N","N","39 58:25.633","75 10:40.436","1355","","1353","","0","","N","","3 ","","","","","","","","","","1","1","0","0","0","0","0","0","1","0","0","1","1","0","0","0","0","0","0","0","0","0","0","1","0","0","0","0","0","0","0","0","0","0","0","4","0","39.9738","-75.1779","","CRASH_2001_Philadelphia"
"2002042603","06","67","67301","67301","2001","12","1","2042","20","3","1","0","7","4","","","N","10","0","00","3","0","2","4","1","N","N","40 05:52.800","74 59:05.640","2050","","2042","1","2","4","N","","0 ","Y","","","","","","","","","1","1","0","0","0","0","0","0","0","0","0","2","2","0","0","0","0","0","1","0","0","0","0","0","0","0","0","0","0","0","0","0","0","0","0","4","0","40.0979","-74.9851","","CRASH_2001_Philadelphia"
"2002043603","06","67","67301","67301","2001","12","6","0110","01","3","6","1","1","1","","","N","01","2","00","3","0","5","12","3","N","N","40 02:40.075","75 11:35.275","0120","","0114","","0","","N","","3 ","","","","","","","","","","3","3","0","0","0","0","0","0","0","0","0","5","5","0","0","0","0","1","0","0","0","0","0","0","0","0","0","0","0","0","0","0","0","0","0","4","0","40.0446","-75.1931","","CRASH_2001_Philadelphia"
"2002001543","06","67","67301","67301","2001","09","5","1755","17","1","2","1","8","3","","","N","01","0","00","3","0","1","3","2","N","N","40 02:45.524","75 03:25.388","1802","","1801","","0","","N","","0 ","","","","","","","","","","1","1","0","0","0","0","0","0","0","0","0","1","1","0","0","0","1","0","0","0","0","0","0","0","0","0","0","0","0","0","0","0","1","0","0","4","0","40.046","-75.0571","","CRASH_2001_Philadelphia"
"2002018187","06","67","67301","67301","2001","07","3","1230","12","1","1","0","6","1","","","N","02","2","00","3","0","1","3","2","N","N","40 04:51.046","75 12:09.810","1235","","1230","","0","","N","","2 ","","","","","","","","","","2","2","0","0","0","0","0","0","0","0","1","0","1","0","0","0","0","0","1","0","0","0","0","0","0","0","0","0","0","0","0","0","0","0","0","3","0","40.0809","-75.2027","","CRASH_2001_Philadelphia"
"2002018930","06","67","67301","67301","2001","08","5","2321","23","3","1","0","8","1","","","N","01","2","99","3","0","1","3","2","N","N","40 01:39.089","75 06:35.808","2324","","2321","","0","","N","","3 ","","","","","","","","","","1","1","0","0","0","0","0","0","0","0","1","0","1","0","1","0","0","0","0","0","0","0","0","2","0","0","0","0","0","0","0","0","1","0","0","3","0","40.0276","-75.1101","","CRASH_2001_Philadelphia"
"2002034044","06","67","67301","67301","2001","10","6","1735","17","1","1","0","4","1","","","N","00","2","06","3","0","0","2","2","N","N","40 06:43.560","74 59:25.800","1750","","1746","","0","","N","","3 ","","","","","","","","","","2","2","0","0","0","0","0","0","0","0","0","0","0","0","2","0","0","0","0","0","1","0","0","0","0","0","0","0","0","0","0","0","0","0","0","9","0","40.1121","-74.9907","","CRASH_2001_Philadelphia"
"2002017645","06","67","67301","67301","2001","08","6","0912","09","1","1","0","1","1","2","1","Y","00","0","00","3","0","2","4","2","N","N","39 58:33.960","75 06:54.360","0920","40","0912","","0","","N","","0 ","","N","","","U","","","","","2","2","0","0","0","0","0","0","0","0","1","1","2","0","0","0","0","0","0","0","0","0","0","0","0","0","0","0","0","0","0","0","0","0","0","3","0","39.9759","-75.1153","","CRASH_2001_Philadelphia"
"2002017879","06","67","67301","67301","2001","08","4","1710","17","1","1","0","4","7","","","N","00","0","07","3","0","1","2","2","N","N","39 54:48.204","75 08:40.419","1720","","1715","","0","","N","","0 ","","","","","","","","","","1","1","0","0","0","0","0","0","0","0","0","1","1","0","0","0","0","0","0","0","0","0","0","0","0","0","0","0","0","0","0","0","0","0","0","4","0","39.9136","-75.1457","","CRASH_2001_Philadelphia"
"2002037084","06","67","67301","67301","2001","11","1","1600","16","3","2","1","1","1","","","N","00","0","00","3","0","1","8","6","N","N","","","1657","","1647","","0","","N","","0 ","","","","","","","","","","6","6","0","0","0","0","0","0","0","0","0","1","1","0","0","0","0","0","0","0","1","0","0","0","0","0","0","0","0","0","0","0","0","0","0","4","0","","","","CRASH_2001_Philadelphia"
"2002014583","06","67","67301","67301","2001","07","4","1640","16","1","1","0","1","1","","","N","00","0","07","3","0","0","4","2","N","N","40 05:30.000","74 58:55.000","1650","","1643","","0","","N","","0 ","","","","","","","","","","2","2","0","0","0","0","0","0","0","0","0","0","0","0","0","0","0","0","0","0","0","1","0","0","0","0","0","0","0","0","0","0","0","0","0","0","0","40.0917","-74.9819","","CRASH_2001_Philadelphia"
"2002039655","06","67","67301","67301","2001","11","4","0902","09","1","1","0","4","1","","","N","00","2","00","3","0","1","2","2","N","N","40 00:57.324","75 11:13.974","9999","","1200","","0","","N","","3 ","","","","","","","","","","2","1","0","0","0","1","0","0","0","0","0","1","1","0","0","0","0","0","0","0","2","0","0","0","0","0","0","0","0","0","0","0","0","0","0","4","1","40.0159","-75.1872","","CRASH_2001_Philadelphia"
"2002041359","06","67","67301","67301","2001","12","2","0139","01","3","2","1","7","5","","","N","01","4","00","3","0","0","1","1","N","N","40 00:24.614","75 12:51.206","0144","","0139","1","1","5","N","","3 ","N","","","","","","","","","1","1","0","0","0","0","0","0","0","0","0","0","0","0","1","0","0","0","0","0","1","0","0","0","0","0","0","0","0","0","0","0","0","0","0","9","0","40.0071","-75.2137","","CRASH_2001_Philadelphia"
"2001400038","06","67","67301","67301","2001","01","3","2225","22","3","1","0","7","5","","","N","00","0","00","3","2","0","2","1","N","N","","","9999","","9999","","0","","N","9","0 ","","","","","","","","","","1","1","0","0","0","0","0","0","0","0","0","0","0","0","0","0","0","0","0","0","0","0","0","1","1","0","1","0","0","0","0","0","0","0","0","1","0","","","9 ","CRASH_2001_Philadelphia"
"2001400118","06","67","67301","67301","2001","01","4","1420","14","1","1","0","8","1","","","N","01","2","00","3","1","0","2","2","N","N","40 03:23.400","75 00:47.160","9999","","9999","","0","","N","9","3 ","","","","","","","","","","1","1","0","0","0","0","0","0","0","0","0","0","0","0","0","0","0","0","0","0","0","0","0","0","0","0","0","0","0","0","0","0","1","1","0","1","0","40.0566","-75.0132","2 ","CRASH_2001_Philadelphia"
"2002029538","06","67","67301","67301","2001","08","1","2359","23","3","1","0","4","1","","","N","00","0","07","3","0","3","3","2","N","N","40 06:32.388","75 01:32.682","0005","","2359","3","2","1","N","","0 ","Y","","","","","","","","","2","2","0","0","0","0","0","0","0","0","2","1","3","0","0","0","0","0","0","0","0","0","0","0","0","0","0","0","0","0","0","0","0","0","0","3","0","40.1089","-75.0258","","CRASH_2001_Philadelphia"
"2002031265","06","67","67301","67301","2001","10","2","1205","12","1","2","1","4","1","","","N","01","3","00","3","0","3","3","2","N","N","40 01:41.759","75 04:28.266","1210","","1208","","0","","N","","3 ","","","","","","","","","","2","2","0","0","0","0","0","0","0","0","0","3","3","0","0","0","0","0","0","0","0","1","0","0","0","0","0","0","0","0","0","0","0","0","0","4","0","40.0283","-75.0744","","CRASH_2001_Philadelphia"
"2002035682","06","67","67301","67301","2001","11","2","1334","13","1","1","0","1","1","","","N","02","2","00","3","0","2","4","2","N","N","40 03:40.416","75 11:31.011","1343","","1335","","0","","N","","3 ","","","","","","","","","","2","2","0","0","0","0","0","0","0","0","0","2","2","0","0","0","0","0","0","0","0","1","0","0","0","0","0","0","0","0","0","0","0","0","0","4","0","40.0613","-75.1919","","CRASH_2001_Philadelphia"
"2002038645","06","67","67301","67301","2001","11","7","2026","20","3","1","0","1","6","","","N","00","0","00","3","0","2","3","2","N","N","39 59:17.381","75 09:20.768","9999","","2026","","0","","N","","0 ","","","","","","","","","","2","2","0","0","0","0","0","0","0","0","0","2","2","0","0","0","0","0","0","0","0","0","0","0","0","0","0","0","0","0","0","0","0","0","0","4","0","39.9879","-75.1558","","CRASH_2001_Philadelphia"
"2002042794","06","67","67301","67301","2001","12","7","0920","09","1","1","0","1","1","","","N","00","2","00","3","0","0","3","2","N","N","","","0940","","0925","1","1","2","N","","3 ","N","","","","","","","","","2","2","0","0","0","0","0","0","0","0","0","0","0","0","0","0","0","0","0","0","0","0","0","0","0","0","0","0","0","0","0","0","0","0","0","0","0","","","","CRASH_2001_Philadelphia"
"2002046345","06","67","67301","67301","2001","10","3","1957","19","2","1","0","7","4","","","N","00","0","00","3","0","0","1","1","N","N","39 57:26.640","75 10:49.440","2005","","1957","","0","","N","","0 ","","","","","","","","","","1","1","0","0","0","0","0","0","0","0","0","0","0","0","0","0","0","0","0","0","0","0","1","0","0","0","0","0","0","0","0","0","0","0","0","0","0","39.9573","-75.1804","","CRASH_2001_Philadelphia"
"2002023637","06","67","67301","67301","2001","08","2","2014","20","3","8","1","4","1","","","N","01","2","00","3","0","2","3","2","N","N","39 57:23.449","75 13:17.733","2018","","2014","","0","","N","","2 ","","","","","","","","","","1","1","0","0","0","0","0","0","1","0","0","2","2","0","0","0","0","0","0","0","0","0","0","0","0","0","0","0","0","0","0","0","0","0","0","4","0","39.958","-75.2212","","CRASH_2001_Philadelphia"
"2002028659","06","67","67301","67301","2001","09","7","0205","02","3","1","0","4","1","","","N","00","0","00","3","0","4","4","2","N","N","40 00:21.207","75 05:45.233","0205","","1205","","0","","N","","0 ","","","","","","","","","","2","2","0","0","0","0","0","0","0","0","4","0","4","0","0","0","0","0","0","0","0","0","0","4","0","0","0","0","0","0","0","0","0","0","0","3","0","40.0059","-75.096","","CRASH_2001_Philadelphia"
"2002033557","06","67","67301","67301","2001","10","6","0802","08","1","1","0","4","1","","","N","02","0","00","3","0","1","2","2","N","Y","","","0915","","0904","","0","","N","","0 ","","","","","","","","","","2","2","0","0","0","0","0","0","0","0","0","1","1","0","0","0","0","0","1","0","0","0","0","0","0","0","0","0","0","0","0","0","0","0","0","4","0","","","","CRASH_2001_Philadelphia"
"2002020143","06","67","67301","67301","2001","08","5","1035","10","1","1","0","8","1","","","N","02","2","00","3","0","1","2","2","N","N","40 00:17.418","75 13:06.411","1045","","1040","","0","","N","","3 ","","","","","","","","","","1","1","0","0","0","0","0","0","0","0","0","1","1","0","0","0","0","0","0","0","0","0","1","0","0","0","0","0","0","0","0","0","1","0","0","4","0","40.005","-75.2183","","CRASH_2001_Philadelphia"
"2002041427","06","67","67301","67301","2001","12","2","2230","22","3","2","1","7","7","","","N","07","0","02","3","0","1","1","1","N","N","40 01:29.212","75 02:09.742","2240","","2235","1","2","2","Y","","0 ","Y","","","","","","","","","1","1","0","0","0","0","0","0","0","0","0","1","1","0","0","0","0","0","0","0","0","0","0","0","0","0","0","0","0","0","0","0","0","0","0","4","0","40.024","-75.0354","","CRASH_2001_Philadelphia"
"2002012104","06","67","67301","67301","2001","07","2","1406","14","1","1","0","8","1","","","N","00","0","00","3","0","1","2","2","N","N","40 00:29.322","75 05:10.200","1415","","1406","","0","","N","","0 ","","","","","","","","","","1","1","0","0","0","0","0","0","0","0","1","0","1","0","0","0","0","0","0","0","0","0","0","1","0","0","0","0","0","0","0","0","1","0","0","3","0","40.0081","-75.0862","","CRASH_2001_Philadelphia"
"2002022832","06","67","67301","67301","2001","08","5","2337","23","3","1","0","4","1","","","N","01","0","00","3","0","1","2","2","N","N","39 57:18.872","75 08:21.310","2338","","2338","3","1","2","N","","0 ","N","","","","","","","","","2","1","1","0","0","0","0","0","0","1","0","0","1","0","0","0","0","0","0","0","1","0","0","0","0","0","0","0","0","1","0","0","0","0","0","2","0","39.9554","-75.1393","","CRASH_2001_Philadelphia"
"2002037220","06","67","67301","67301","2001","11","1","0315","03","3","1","0","4","1","","","N","02","0","00","3","0","1","2","3","N","N","39 59:46.739","75 06:15.002","0318","","0317","","0","","N","","0 ","","","","","","","","","","3","3","0","0","0","0","0","0","0","0","1","0","1","0","0","0","0","0","0","0","0","0","0","0","0","0","0","0","0","0","0","0","0","0","0","3","0","39.9963","-75.1042","","CRASH_2001_Philadelphia"
"2002043774","06","67","67301","67301","2001","12","5","1750","17","1","1","8","4","1","","","N","01","9","00","3","0","1","2","2","N","N","40 04:11.970","75 09:45.718","1815","","1810","","0","","N","","9 ","","","","","","","","","","2","2","0","0","0","0","0","0","0","0","1","0","1","0","0","0","0","0","0","0","0","0","0","0","0","0","0","0","0","0","0","0","0","0","0","3","0","40.07","-75.1628","","CRASH_2001_Philadelphia"
"2002046326","06","67","67301","67301","2001","09","1","1126","11","1","1","0","4","1","","","N","00","0","07","3","0","1","2","2","N","N","39 56:22.000","75 09:38.000","1130","","1126","3","1","1","N","","0 ","N","","","","","","","","","1","1","0","0","0","0","0","0","1","1","0","0","1","0","0","0","0","0","0","0","0","0","0","0","0","0","0","0","0","0","0","1","0","0","0","2","0","39.9394","-75.1606","","CRASH_2001_Philadelphia"
"2002031831","06","67","67301","67301","2001","09","7","1254","12","1","1","0","8","1","","","N","00","0","00","3","0","1","2","2","N","N","39 57:24.000","75 12:51.000","1300","","1250","","0","","N","","0 ","","","","","","","","","","1","1","0","0","0","0","0","0","0","0","0","1","1","0","0","0","0","0","0","0","0","0","0","0","0","0","0","0","0","0","0","0","1","0","0","4","0","39.9567","-75.2142","","CRASH_2001_Philadelphia"
"2002042146","06","67","67301","67301","2001","12","7","1210","12","1","1","0","8","1","","","N","01","2","00","3","0","2","4","3","N","N","40 02:08.100","75 13:02.573","1211","","1210","","0","","N","","3 ","","","","","","","","","","1","1","0","0","0","0","0","0","0","0","1","1","2","0","0","0","0","0","0","0","1","0","0","2","0","0","0","0","0","0","0","0","2","0","0","3","0","40.0355","-75.2173","","CRASH_2001_Philadelphia"
"2007058119","06","67","67301","67301","2001","04","6","1610","16","1","1","0","8","1","","","N","00","2","00","3","0","1","2","3","N","N","40 01:21.316","75 13:07.683","1617","","1613","","0","","N","","3 ","","","","","","","","","","2","1","0","1","0","0","0","0","0","0","0","1","1","0","0","0","0","0","0","0","0","0","0","0","0","0","0","0","0","0","0","0","1","0","0","4","1","40.0226","-75.2188","","CRASH_2001_Philadelphia"