"CRN","DISTRICT","COUNTY","MUNICIPALITY","POLICE_AGCY","CRASH_YEAR","CRASH_MONTH","DAY_OF_WEEK","TIME_OF_DAY","HOUR_OF_DAY","ILLUMINATION","WEATHER","ROAD_CONDITION","COLLISION_TYPE","RELATION_TO_ROAD","WORK_ZONE_TYPE","WORK_ZONE_LOC","WORK_ZONE_IND","INTERSECT_TYPE","TCD_TYPE","LOCATION_TYPE","URBAN_RURAL","FATAL_COUNT","INJURY_COUNT","PERSON_COUNT","TOTAL_UNITS","SCH_BUS_IND","SCH_ZONE_IND","LATITUDE","LONGITUDE","ARRIVAL_TM","CONS_ZONE_SPD_LIM","DISPATCH_TM","EST_HRS_CLOSED","LANE_CLOSED","LN_CLOSE_DIR","NTFY_HIWY_MAINT","SPEC_JURIS_CD","TCD_FUNC_CD","TFC_DETOUR_IND","WORKERS_PRES","WZ_CLOSE_DETOUR","WZ_FLAGGER","WZ_LAW_OFFCR_IND","WZ_LN_CLOSURE","WZ_MOVING","WZ_OTHER","WZ_SHLDER_MDN","VEHICLE_COUNT","AUTOMOBILE_COUNT","MOTORCYCLE_COUNT","BUS_COUNT","SMALL_TRUCK_COUNT","HEAVY_TRUCK_COUNT","SUV_COUNT","VAN_COUNT","BICYCLE_COUNT","MAJ_INJ_COUNT","MOD_INJ_COUNT","MIN_INJ_COUNT","TOT_INJ_COUNT","UNK_INJ_DEG_COUNT","UNK_INJ_PER_COUNT","DRIVER_COUNT_16YR","DRIVER_COUNT_17YR","DRIVER_COUNT_18YR","DRIVER_COUNT_19YR","DRIVER_COUNT_20YR","DRIVER_COUNT_50_64YR","DRIVER_COUNT_65_74YR","DRIVER_COUNT_75PLUS","UNBELTED_OCC_COUNT","UNB_DEATH_COUNT","UNB_MAJ_INJ_COUNT","BELTED_DEATH_COUNT","BELTED_MAJ_INJ_COUNT","MCYCLE_DEATH_COUNT","MCYCLE_MAJ_INJ_COUNT","BICYCLE_DEATH_COUNT","BICYCLE_MAJ_INJ_COUNT","PED_COUNT","PED_DEATH_COUNT","PED_MAJ_INJ_COUNT","MAX_SEVERITY_LEVEL","COMM_VEH_COUNT","DEC_LAT","DEC_LONG","RDWY_SURF_TYPE_CD","COUNTY_YEAR"
"2002010503","06","67","67301","67301","2001","07","7","1012","10","1","1","0","1","1","","","N","01","2","00","3","0","2","3","2","N","N","39 57:27.790","75 09:31.130","1015","","1014","","0","","N","","3 ","","","","","","","","","","2","1","0","1","0","0","0","0","0","0","0","2","2","0","0","0","0","0","0","0","1","0","0","0","0","0","0","0","0","0","0","0","0","0","0","4","1","39.9576","-75.1587","","CRASH_2001_Philadelphia"
"2002020117","06","67","67301","67301","2001","08","1","1500","15","1","1","0","6","1","","","N","01","2","00","3","0","2","4","2","N","N","40 05:07.340","75 02:14.803","1525","","1505","","0","","N","","3 ","","","","","","","","","","2","2","0","0","0","0","0","0","0","0","0","2","2","0","0","0","0","0","0","0","0","0","1","2","0","0","0","0","0","0","0","0","0","0","0","4","0","40.0854","-75.0374","","CRASH_2001_Philadelphia"
"2002040244","06","67","67301","67301","2001","12","1","0400","04","3","2","8","7","3","","","N","07","0","02","3","0","1","3","1","N","N","39 58:06.600","75 07:41.880","0400","","0400","","0","","N","","0 ","","","","","","","","","","1","1","0","0","0","0","0","0","0","0","0","1","1","0","0","0","0","0","0","0","0","0","0","0","0","0","0","0","0","0","0","0","0","0","0","4","0","39.9683","-75.1291","","CRASH_2001_Philadelphia"
"2002012169","06","67","67301","67301","2001","07","6","1349","13","1","1","0","1","1","","","N","00","0","00","3","0","1","4","4","N","Y","40 06:19.080","75 01:39.720","1354","","1349","","0","","N","","0 ","","","","","","","","","","3","3","0","0","0","0","0","0","0","0","0","1","1","0","0","0","0","2","0","0","0","0","1","0","0","0","0","0","0","0","0","0","0","0","0","4","0","40.1053","-75.0277","","CRASH_2001_Philadelphia"
"2002012196","06","67","67301","67301","2001","07","1","1530","15","8","1","0","4","1","","","N","01","2","00","3","0","1","2","2","N","N","39 57:40.473","75 08:53.507","1531","","1930","","0","","N","","3 ","","","","","","","","","","2","2","0","0","0","0","0","0","0","0","0","1","1","0","0","0","0","0","0","0","0","0","0","0","0","0","0","0","0","0","0","0","0","0","0","4","0","39.9613","-75.1482","","CRASH_2001_Philadelphia"
"2002023660","06","67","67301","67301","2001","08","4","0250","02","3","1","0","7","5","","","N","00","0","00","3","0","0","1","1","N","N","39 55:33.000","75 09:15.000","0305","","0300","","0","","N","","0 ","","","","","","","","","","1","1","0","0","0","0","0","0","0","0","0","0","0","0","0","0","0","0","0","0","0","0","0","0","0","0","0","0","0","0","0","0","0","0","0","0","0","39.9258","-75.1542","","CRASH_2001_Philadelphia"
"2002037170","06","67","67301","67301","2001","11","1","1310","13","1","1","0","0","1","","","N","00","0","00","3","0","1","1","1","N","N","39 57:32.589","75 10:16.020","1345","","1332","","0","","N","","0 ","","","","","","","","","","1","0","1","0","0","0","0","0","0","0","1","0","1","0","0","0","0","0","0","0","1","0","0","0","0","0","0","0","0","0","0","0","0","0","0","3","0","39.959","-75.1707","","CRASH_2001_Philadelphia"
"2002037677","06","67","67301","67301","2001","09","6","0344","03","6","2","1","1","1","","","N","00","0","00","3","0","0","3","2","N","N","40 00:32.606","75 12:15.767","0349","","0345","","0","","N","","0 ","","","","","","","","","","2","2","0","0","0","0","0","0","0","0","0","0","0","0","0","0","0","0","0","0","0","0","0","0","0","0","0","0","0","0","0","0","0","0","0","0","0","40.0095","-75.2055","","CRASH_2001_Philadelphia"
"2002038295","06","67","67301","67301","2001","12","5","1002","10","1","1","0","4","3","","","N","01","2","00","3","0","1","2","2","N","N","39 58:54.939","75 14:21.094","1008","","1004","","0","","N","","3 ","","","","","","","","","","2","2","0","0","0","0","0","0","0","0","1","0","1","0","1","0","0","0","0","0","0","0","1","1","0","0","0","0","0","0","0","0","0","0","0","3","0","39.9819","-75.239","","CRASH_2001_Philadelphia"
"2002022839","06","67","67301","67301","2001","09","7","1900","19","1","1","0","1","1","","","N","00","2","00","3","0","1","3","2","N","N","40 01:35.491","75 04:05.654","1900","","1900","","0","","N","","2 ","","","","","","","","","","2","2","0","0","0","0","0","0","0","0","0","1","1","0","0","0","0","0","1","0","0","0","0","0","0","0","0","0","0","0","0","0","0","0","0","4","0","40.0265","-75.0683","","CRASH_2001_Philadelphia"
"2002028279","06","67","67301","67301","2001","09","5","0737","07","1","1","0","8","1","","","N","02","0","00","3","0","1","2","2","N","N","39 54:30.000","75 14:31.267","0753","","0743","","0","","N","","0 ","","","","","","","","","","1","1","0","0","0","0","0","0","0","0","1","0","1","0","0","0","0","0","0","0","1","0","0","0","0","0","0","0","0","0","0","0","1","0","0","3","0","39.9084","-75.2419","","CRASH_2001_Philadelphia"
"2002033691","06","67","67301","67301","2001","11","7","0314","03","3","1","0","7","5","","","N","05","2","00","3","0","1","1","1","N","N","40 02:26.000","75 09:05.000","0324","","0322","","0","","N","","3 ","","","","","","","","","","1","1","0","0","0","0","0","0","0","0","1","0","1","0","0","0","0","0","0","0","0","0","0","1","0","0","0","0","0","0","0","0","0","0","0","3","0","40.0406","-75.1514","","CRASH_2001_Philadelphia"
"2002045710","06","67","67301","67301","2001","05","5","2030","20","3","1","0","1","1","","","N","01","2","00","3","0","0","2","2","N","N","39 58:42.600","75 12:48.600","2105","","2057","","0","","N","","3 ","","","","","","","","","","2","2","0","0","0","0","0","0","0","0","0","0","0","0","0","0","0","0","0","0","0","0","0","0","0","0","0","0","0","0","0","0","0","0","0","0","0","39.9786","-75.2136","","CRASH_2001_Philadelphia"
"2002026335","06","67","67301","67301","2001","09","2","1143","11","1","1","0","2","1","","","N","01","2","00","3","0","2","4","2","N","N","39 57:25.631","75 09:08.875","1145","","1143","","0","","N","","3 ","","","","","","","","","","2","2","0","0","0","0","0","0","0","0","0","2","2","0","0","0","0","0","0","0","0","0","0","0","0","0","0","0","0","0","0","0","0","0","0","4","0","39.9566","-75.1524","","CRASH_2001_Philadelphia"
"2002037138","06","67","67301","67301","2001","11","6","1020","10","1","1","1","5","1","","","N","00","0","00","3","0","1","2","2","N","N","40 02:37.106","75 00:09.615","1040","","1030","3","1","1","Y","","0 ","N","","","","","","","","","2","1","0","0","0","1","0","0","0","0","0","1","1","0","0","0","0","1","0","0","0","0","0","1","0","0","0","0","0","0","0","0","0","0","0","4","1","40.0437","-75.0027","","CRASH_2001_Philadelphia"
"2002045759","06","67","67301","67301","2001","10","5","1000","10","1","1","0","8","1","","","N","00","0","00","3","0","1","2","2","N","N","39 57:06.086","75 09:28.434","1004","","1001","","0","","N","","0 ","","","","","","","","","","1","1","0","0","0","0","0","0","0","0","0","1","1","0","0","0","0","0","0","0","0","0","0","0","0","0","0","0","0","0","0","0","1","0","0","4","0","39.9517","-75.158","","CRASH_2001_Philadelphia"
"2002020175","06","67","67301","67301","2001","07","7","1833","18","1","1","0","4","1","","","N","01","2","00","3","0","1","2","2","N","N","40 00:38.864","75 09:05.725","1845","","1837","","0","","N","","3 ","","","","","","","","","","1","1","0","0","0","0","0","0","1","0","0","1","1","0","0","0","0","0","0","0","0","0","0","0","0","0","0","0","0","0","0","0","0","0","0","4","0","40.0107","-75.1513","","CRASH_2001_Philadelphia"
"2002023921","06","67","67301","67301","2001","07","4","2250","22","6","2","1","8","1","","","N","00","0","00","3","0","1","2","2","N","N","39 58:30.295","75 11:42.571","2325","","2318","","0","","N","","0 ","","","","","","","","","","1","1","0","0","0","0","0","0","0","0","0","1","1","0","0","0","0","0","0","0","0","0","0","0","0","0","0","0","0","0","0","0","1","0","0","4","0","39.9751","-75.1951","","CRASH_2001_Philadelphia"
"2002028712","06","67","67301","67301","2001","09","3","1332","13","1","1","0","4","1","","","N","00","0","07","3","0","0","2","2","N","Y","40 03:16.188","75 04:18.502","1335","","1332","","0","","N","","0 ","","","","","","","","","","2","2","0","0","0","0","0","0","0","0","0","0","0","0","0","0","0","0","0","1","0","0","1","2","0","0","0","0","0","0","0","0","0","0","0","0","0","40.0545","-75.0718","","CRASH_2001_Philadelphia"
"2002031091","06","67","67301","67301","2001","09","2","1310","13","1","1","0","5","1","","","N","01","0","00","3","0","1","2","2","N","N","39 57:05.938","75 09:29.685","0730","","0900","","0","","N","","0 ","","","","","","","","","","2","2","0","0","0","0","0","0","0","0","1","0","1","0","0","0","0","0","0","0","0","0","0","0","0","0","0","0","0","0","0","0","0","0","0","3","0","39.9517","-75.1583","","CRASH_2001_Philadelphia"
"2002038393","06","67","67301","67301","2001","09","7","2225","22","3","1","0","2","1","","","N","00","0","00","3","0","1","1","3","N","N","40 01:40.000","75 08:03.000","2233","","2231","","0","","N","","0 ","","","","","","","","","","3","3","0","0","0","0","0","0","0","0","1","0","1","0","0","0","0","0","0","0","0","0","0","1","0","0","0","0","0","0","0","0","0","0","0","3","0","40.0278","-75.1342","","CRASH_2001_Philadelphia"
"2002039545","06","67","67301","67301","2001","12","3","1710","17","4","1","0","1","1","","","N","00","0","00","3","0","3","7","3","N","N","39 57:24.261","75 09:20.540","1720","","1715","1","1","3","N","","0 ","N","","","","","","","","","3","3","0","0","0","0","0","0","0","0","0","3","3","0","0","0","0","0","0","0","2","0","0","0","0","0","0","0","0","0","0","0","0","0","0","4","0","39.9569","-75.1556","","CRASH_2001_Philadelphia"
"2002012246","06","67","67301","67301","2001","07","6","1456","14","1","1","0","1","1","","","N","00","0","03","3","0","1","3","3","N","N","40 01:28.297","75 01:51.540","1500","","1457","1","1","2","N","","0 ","N","","","","","","","","","3","3","0","0","0","0","0","0","0","0","0","1","1","0","0","0","0","0","0","0","1","0","0","0","0","0","0","0","0","0","0","0","0","0","0","4","0","40.0245","-75.0307","","CRASH_2001_Philadelphia"
"2002042562","06","67","67301","67301","2001","12","6","1045","10","1","2","1","4","1","","","N","10","0","00","3","0","0","3","2","N","N","40 03:10.350","75 10:30.712","1105","","1100","","0","","N","","0 ","","","","","","","","","","2","1","0","0","1","0","0","0","0","0","0","0","0","0","0","0","0","0","0","0","0","0","0","0","0","0","0","0","0","0","0","0","0","0","0","0","0","40.0529","-75.1752","","CRASH_2001_Philadelphia"
"2002042618","06","67","67301","67301","2001","12","1","0115","01","3","1","0","4","7","","","N","07","0","02","3","0","2","3","2","N","N","39 59:41.280","75 04:42.960","0122","","0122","","0","","N","","0 ","","","","","","","","","","2","2","0","0","0","0","0","0","0","0","2","0","2","0","0","0","0","0","0","1","0","0","0","3","0","0","0","0","0","0","0","0","0","0","0","3","0","39.9947","-75.0787","","CRASH_2001_Philadelphia"
"2002017540","06","67","67301","67301","2001","08","1","0025","00","3","1","0","4","1","","","N","01","2","04","3","0","1","5","2","N","N","39 57:28.162","75 08:50.070","0030","","0027","","0","","N","","3 ","","","","","","","","","","2","2","0","0","0","0","0","0","0","0","0","1","1","0","0","0","0","0","0","0","0","0","0","1","0","0","0","0","0","0","0","0","0","0","0","4","0","39.9578","-75.1472","","CRASH_2001_Philadelphia"
"2002030809","06","67","67301","67301","2001","09","5","0835","08","1","1","0","7","2","","","N","00","0","00","3","0","0","1","1","N","N","40 00:43.920","75 03:34.560","0900","","0847","","0","","N","","0 ","","","","","","","","","","1","1","0","0","0","0","0","0","0","0","0","0","0","0","0","0","1","0","0","0","0","0","0","0","0","0","0","0","0","0","0","0","0","0","0","0","0","40.0121","-75.0597","","CRASH_2001_Philadelphia"
"2002012726","06","67","67301","67301","2001","06","3","1005","10","1","1","0","1","1","","","N","00","0","00","3","0","5","6","6","N","N","40 01:37.812","75 01:32.414","1030","","1009","","0","","Y","","0 ","","","","","","","","","","4","3","0","0","0","1","0","0","0","1","3","1","5","0","0","0","0","0","1","0","0","0","0","1","0","0","0","0","0","0","0","0","2","0","1","2","1","40.0281","-75.024","","CRASH_2001_Philadelphia"
"2002017502","06","67","67301","67301","2001","08","6","1700","17","1","1","0","4","1","","","N","01","2","00","3","0","0","3","2","N","N","40 01:59.000","75 02:16.000","1715","","1710","","0","","N","","3 ","","","","","","","","","","2","2","0","0","0","0","0","0","0","0","0","0","0","0","0","0","0","0","0","0","1","0","0","1","0","0","0","0","0","0","0","0","0","0","0","0","0","40.0333","-75.0377","","CRASH_2001_Philadelphia"
"2002020106","06","67","67301","67301","2001","08","7","0030","00","3","1","0","1","1","","","N","02","2","00","3","0","1","4","3","N","N","39 57:36.283","75 08:13.594","0034","","0030","","0","","N","","3 ","","","","","","","","","","3","2","1","0","0","0","0","0","0","0","0","1","1","0","0","0","0","0","0","0","0","0","0","0","0","0","0","0","0","0","0","0","0","0","0","4","0","39.9602","-75.1372","","CRASH_2001_Philadelphia"
"2002025298","06","67","67301","67301","2001","08","3","2230","22","3","1","0","8","1","","","N","01","2","00","3","0","1","2","2","N","N","39 55:13.361","75 13:58.752","2235","","2230","","0","","N","","3 ","","","","","","","","","","1","1","0","0","0","0","0","0","0","0","0","1","1","0","0","0","0","0","0","0","0","0","0","0","0","0","0","0","0","0","0","0","1","0","0","4","0","39.9204","-75.2329","","CRASH_2001_Philadelphia"
"2002026498","06","67","67301","67301","2001","08","4","9999","99","1","1","0","4","1","","","N","00","0","00","3","0","1","2","2","N","N","40 00:28.800","75 11:30.120","9999","","9999","","0","","N","","0 ","","","","","","","","","","1","1","0","0","0","0","0","0","0","0","0","1","1","0","0","0","0","0","0","0","0","0","0","0","0","0","0","0","0","0","0","0","1","0","0","4","0","40.008","-75.1917","","CRASH_2001_Philadelphia"
"2001283604","06","67","67301","67301","2001","05","1","1030","10","1","1","0","9","1","","","N","01","0","00","3","0","1","1","3","N","N","","","9999","","9999","","0","","N","","0 ","","","","","","","","","","3","1","0","0","0","0","0","0","0","0","0","1","1","0","0","0","0","0","0","0","0","0","0","0","0","0","0","0","0","0","0","0","0","0","0","4","0","","","","CRASH_2001_Philadelphia"
"2002044407","06","67","67301","67301","2001","11","4","1630","16","1","1","0","4","1","","","N","02","2","00","3","0","4","4","2","N","N","39 57:22.281","75 12:21.864","0436","","0434","","0","","N","","3 ","","","","","","","","","","2","2","0","0","0","0","0","0","0","1","0","3","4","0","0","0","0","0","0","0","0","0","0","0","0","0","0","0","0","0","0","0","0","0","0","2","0","39.9546","-75.2064","","CRASH_2001_Philadelphia"
"2002043148","06","67","67301","67301","2001","12","2","2225","22","2","1","1","7","4","","","N","00","0","00","3","0","2","2","1","N","N","40 01:27.120","75 02:05.280","2230","","2228","","0","","N","","0 ","","","","","","","","","","1","1","0","0","0","0","0","0","0","0","0","2","2","0","0","0","0","1","0","0","0","0","0","2","0","0","0","0","0","0","0","0","0","0","0","4","0","40.0242","-75.0348","","CRASH_2001_Philadelphia"
"2002020116","06","67","67301","67301","2001","08","4","1500","15","1","1","0","4","1","","","N","01","2","00","3","0","1","2","2","N","N","40 03:51.480","75 03:13.320","1515","","1505","","0","","Y","","3 ","","","","","","","","","","2","2","0","0","0","0","0","0","0","0","0","1","1","0","0","0","0","0","0","0","0","0","0","0","0","0","0","0","0","0","0","0","0","0","0","4","0","40.0643","-75.0537","","CRASH_2001_Philadelphia"
"2002023747","06","67","67301","67301","2001","08","1","1430","14","1","1","0","2","1","","","N","01","2","00","3","0","0","3","2","N","N","39 58:48.841","75 12:50.548","1436","","1431","","0","","N","","3 ","","","","","","","","","","2","2","0","0","0","0","0","0","0","0","0","0","0","0","0","0","0","0","1","0","1","0","0","0","0","0","0","0","0","0","0","0","0","0","0","0","0","39.9803","-75.2141","","CRASH_2001_Philadelphia"
"2002027897","06","67","67301","67301","2001","09","4","1100","11","1","1","1","7","4","","","N","01","2","00","3","0","0","1","1","N","N","40 02:59.068","74 59:17.785","1115","","1105","","0","","N","","3 ","","","","","","","","","","1","1","0","0","0","0","0","0","0","0","0","0","0","0","0","0","0","0","0","0","0","0","0","0","0","0","0","0","0","0","0","0","0","0","0","0","0","40.0497","-74.9882","","CRASH_2001_Philadelphia"
"2002033569","06","67","67301","67301","2001","11","3","0840","08","1","1","0","4","1","","","N","01","2","00","3","0","2","2","2","N","N","40 08:04.109","75 00:32.733","0910","","0847","","0","","N","","3 ","","","","","","","","","","2","1","0","0","1","0","0","0","0","0","0","2","2","0","0","0","0","0","1","0","0","0","0","0","0","0","0","0","0","0","0","0","0","0","0","4","0","40.1343","-75.0091","","CRASH_2001_Philadelphia"
"2002042094","06","67","67301","67301","2001","12","7","1530","15","1","2","1","2","1","","","N","00","2","00","3","0","0","5","3","N","N","40 05:16.267","74 58:15.426","1530","","1530","","0","","N","","3 ","","","","","","","","","","3","3","0","0","0","0","0","0","0","0","0","0","0","0","0","0","0","0","0","0","0","0","0","0","0","0","0","0","0","0","0","0","0","0","0","0","0","40.0878","-74.971","","CRASH_2001_Philadelphia"
"2002044346","06","67","67301","67301","2001","11","4","0645","06","1","1","0","7","3","","","N","10","2","06","3","0","0","2","2","N","N","40 01:36.313","75 05:46.362","9999","","9999","","0","","N","","3 ","","","","","","","","","","2","0","0","0","1","1","0","0","0","0","0","0","0","0","0","0","0","0","0","0","0","0","0","1","0","0","0","0","0","0","0","0","0","0","0","0","1","40.0265","-75.0962","","CRASH_2001_Philadelphia"
"2002036041","06","67","67301","67301","2001","11","7","1600","16","1","1","0","8","1","","","N","02","2","00","3","0","1","2","2","N","N","39 55:35.635","75 11:10.373","1605","","1603","","0","","N","","3 ","","","","","","","","","","1","1","0","0","0","0","0","0","0","0","0","1","1","0","0","0","0","0","0","0","0","0","0","1","0","0","0","0","0","0","0","0","1","0","0","4","0","39.9265","-75.1863","","CRASH_2001_Philadelphia"
"2002028269","06","67","67301","67301","2001","09","7","1556","15","1","1","0","4","1","","","N","01","3","00","3","0","0","3","2","N","N","39 59:31.190","75 08:21.554","1600","","1556","","0","","N","","3 ","","","","","","","","","","2","2","0","0","0","0","0","0","0","0","0","0","0","0","1","0","0","0","0","0","0","0","0","0","0","0","0","0","0","0","0","0","0","0","0","9","0","39.992","-75.1393","","CRASH_2001_Philadelphia"
"2002028731","06","67","67301","67301","2001","04","4","1852","18","1","1","0","1","1","","","N","00","0","00","3","0","2","4","2","N","N","39 58:06.960","75 07:41.160","1853","","1852","","0","","N","","0 ","","","","","","","","","","2","2","0","0","0","0","0","0","0","0","0","2","2","0","0","0","0","0","0","0","1","0","0","0","0","0","0","0","0","0","0","0","0","0","0","4","0","39.9684","-75.1288","","CRASH_2001_Philadelphia"
"2002031544","06","67","67301","67301","2001","10","5","0900","09","1","1","0","5","1","","","N","00","0","00","3","0","0","2","2","N","N","39 56:30.249","75 08:34.778","0910","","0905","1","1","1","N","","0 ","N","","","","","","","","","2","1","0","0","0","1","0","0","0","0","0","0","0","0","0","0","0","0","0","0","0","0","0","0","0","0","0","0","0","0","0","0","0","0","0","0","1","39.9414","-75.1431","","CRASH_2001_Philadelphia"
"2002031836","06","67","67301","67301","2001","09","6","0002","00","3","2","1","4","1","","","N","01","0","00","3","0","2","2","3","N","N","39 54:41.061","75 14:33.538","0051","","0050","","0","","N","","0 ","","","","","","","","","","3","2","0","0","1","0","0","0","0","0","0","2","2","0","0","0","0","0","0","0","0","0","0","0","0","0","0","0","0","0","0","0","0","0","0","4","0","39.9113","-75.2427","","CRASH_2001_Philadelphia"
"2002032083","06","67","67301","67301","2001","10","7","1700","17","3","1","0","8","1","","","N","00","0","00","3","0","1","2","2","N","N","39 57:46.428","75 12:06.679","1703","","1702","","0","","N","","0 ","","","","","","","","","","1","1","0","0","0","0","0","0","0","0","0","1","1","0","0","0","0","0","0","0","0","1","0","0","0","0","0","0","0","0","0","0","1","0","0","4","0","39.9629","-75.2019","","CRASH_2001_Philadelphia"
"2002035722","06","67","67301","67301","2001","10","4","1059","10","1","1","0","4","1","","","N","01","2","00","3","0","0","4","2","N","N","39 58:31.070","75 14:43.858","1105","","1105","","0","","N","","3 ","","","","","","","","","","2","2","0","0","0","0","0","0","0","0","0","0","0","0","1","0","0","0","0","0","0","0","0","0","0","0","0","0","0","0","0","0","0","0","0","9","0","39.9753","-75.2455","","CRASH_2001_Philadelphia"
"2002037980","06","67","67301","46104","2001","12","4","1609","16","1","8","0","8","1","","","N","02","2","00","3","0","1","2","2","N","N","39 59:43.080","75 14:20.400","1611","","1609","","0","","N","","3 ","","","","","","","","","","1","1","0","0","0","0","0","0","0","0","0","1","1","0","0","0","0","0","0","0","0","1","0","0","0","0","0","0","0","0","0","0","1","0","0","4","0","39.9953","-75.239","","CRASH_2001_Philadelphia"
"2002027910","06","67","67301","67301","2001","09","5","2238","22","3","2","1","1","1","","","N","00","0","00","3","0","0","3","2","N","N","39 58:24.489","75 11:37.061","2250","","2240","","0","","N","","0 ","","","","","","","","","","2","2","0","0","0","0","0","0","0","0","0","0","0","0","0","0","0","0","0","0","0","0","0","0","0","0","0","0","0","0","0","0","0","0","0","0","0","39.9737","-75.1939","","CRASH_2001_Philadelphia"
"2002031536","06","67","67301","67301","2001","09","6","2325","23","3","1","0","4","2","","","N","02","2","00","3","0","0","2","2","N","N","39 59:44.529","75 09:14.934","0047","","0040","","0","","N","","3 ","","","","","","","","","","2","1","0","0","1","0","0","0","0","0","0","0","0","0","2","0","0","0","0","0","0","0","0","0","0","0","0","0","0","0","0","0","0","0","0","9","0","39.9955","-75.1541","","CRASH_2001_Philadelphia"
"2002037726","06","67","67301","67301","2001","11","5","2240","22","3","1","0","1","1","","","N","06","0","02","3","0","0","2","2","N","N","39 56:57.381","75 11:03.568","2250","","2240","1","1","4","N","","0 ","Y","","","","","","","","","2","2","0","0","0","0","0","0","0","0","0","0","0","0","0","0","0","0","0","0","0","0","1","0","0","0","0","0","0","0","0","0","0","0","0","0","0","39.9493","-75.1843","","CRASH_2001_Philadelphia"
"2002035715","06","67","67301","67301","2001","10","7","0125","01","3","1","0","8","1","","","N","00","0","00","3","0","1","1","2","N","N","39 57:21.260","75 13:32.747","0130","","0127","","0","","N","","0 ","","","","","","","","","","1","1","0","0","0","0","0","0","0","0","0","1","1","0","0","0","0","0","0","0","0","0","0","0","0","0","0","0","0","0","0","0","1","0","0","4","0","39.9558","-75.2257","","CRASH_2001_Philadelphia"
"2002040154","06","67","67301","67301","2001","12","5","1530","15","1","1","0","5","1","","","N","00","0","00","3","0","0","4","3","N","N","40 06:24.663","74 59:57.719","1549","","1538","","0","","N","","0 ","","","","","","","","","","3","3","0","0","0","0","0","0","0","0","0","0","0","0","0","0","0","1","0","0","0","0","0","0","0","0","0","0","0","0","0","0","0","0","0","0","0","40.1069","-74.9994","","CRASH_2001_Philadelphia"
"2002045657","06","67","67301","67301","2001","10","1","1800","18","2","1","0","4","1","","","N","01","9","00","3","0","1","2","2","N","N","40 02:17.274","75 11:24.182","1825","","1810","","0","","N","","9 ","","","","","","","","","","2","2","0","0","0","0","0","0","0","0","0","1","1","0","0","0","0","0","0","0","1","0","0","0","0","0","0","0","0","0","0","0","0","0","0","4","0","40.0382","-75.1901","","CRASH_2001_Philadelphia"
"2002012723","06","67","67301","67301","2001","06","4","2230","22","3","1","0","7","4","","","N","01","2","00","3","0","2","2","1","N","N","39 57:31.092","75 09:56.443","2235","","2230","","0","","N","","3 ","","","","","","","","","","1","1","0","0","0","0","0","0","0","0","0","2","2","0","0","0","0","0","0","0","1","0","0","0","0","0","0","0","0","0","0","0","0","0","0","4","0","39.9585","-75.1656","","CRASH_2001_Philadelphia"
"2002014614","06","67","67301","67301","2001","07","4","1920","19","1","1","0","5","1","","","N","00","0","01","3","0","1","3","2","N","N","39 58:30.643","75 11:39.758","1926","","1924","","0","","N","","0 ","","","","","","","","","","2","2","0","0","0","0","0","0","0","0","0","1","1","0","0","0","0","0","0","0","0","0","0","0","0","0","0","0","0","0","0","0","0","0","0","4","0","39.9752","-75.1946","","CRASH_2001_Philadelphia"
"2002025049","06","67","67301","67301","2001","08","4","1515","15","1","1","0","4","1","","","N","00","0","07","3","0","1","2","2","N","N","39 57:41.353","75 09:07.638","1542","","1537","","0","","N","","0 ","","","","","","","","","","1","1","0","0","0","0","0","0","1","0","0","1","1","0","0","0","0","0","0","0","0","0","0","0","0","0","0","0","0","0","0","0","0","0","0","4","0","39.9615","-75.1521","","CRASH_2001_Philadelphia"
"2002026547","06","67","67301","67301","2001","06","6","0215","02","3","1","0","5","1","","","N","02","2","02","3","0","0","2","2","N","N","39 56:18.600","75 08:31.920","0218","","0215","","0","","N","","9 ","","","","","","","","","","2","2","0","0","0","0","0","0","0","0","0","0","0","0","0","0","0","0","1","0","0","0","0","0","0","0","0","0","0","0","0","0","0","0","0","0","0","39.9387","-75.1423","","CRASH_2001_Philadelphia"
"2002014623","06","67","67301","67301","2001","07","7","1910","19","1","1","0","1","1","","","N","00","0","99","3","0","4","9","3","N","N","39 53:57.478","75 09:59.076","1925","","1917","","0","","N","","0 ","","","","","","","","","","3","3","0","0","0","0","0","0","0","0","0","4","4","0","0","0","0","0","0","0","1","0","0","0","0","0","0","0","0","0","0","0","0","0","0","4","0","39.8994","-75.1655","","CRASH_2001_Philadelphia"
"2002026653","06","67","67301","67301","2001","08","1","0745","07","1","1","0","7","5","","","N","00","2","00","3","0","0","1","1","N","N","39 54:32.283","75 14:31.711","0921","","0921","","0","","N","","9 ","","","","","","","","","","1","1","0","0","0","0","0","0","0","0","0","0","0","0","0","0","0","0","0","0","0","0","0","0","0","0","0","0","0","0","0","0","0","0","0","0","0","39.9089","-75.2421","","CRASH_2001_Philadelphia"
"2002040174","06","67","67301","67301","2001","12","4","1650","16","1","1","0","4","1","","","N","01","2","00","3","0","2","2","2","N","N","39 59:56.641","75 13:51.267","1700","","1656","","0","","Y","","3 ","","","","","","","","","","2","2","0","0","0","0","0","0","0","0","0","2","2","0","0","0","0","0","0","0","0","1","0","0","0","0","0","0","0","0","0","0","0","0","0","4","0","39.9991","-75.2309","","CRASH_2001_Philadelphia"
"2002045783","06","67","67301","67301","2001","10","4","0755","07","1","1","0","1","1","","","N","00","0","00","3","0","2","4","2","N","N","40 04:14.160","75 02:16.800","0805","","0800","","0","","N","","0 ","","","","","","","","","","2","1","0","0","1","0","0","0","0","0","0","2","2","0","0","0","0","0","0","0","0","0","0","4","0","0","0","0","0","0","0","0","0","0","0","4","0","40.0708","-75.038","","CRASH_2001_Philadelphia"