"CRN","DISTRICT","COUNTY","MUNICIPALITY","POLICE_AGCY","CRASH_YEAR","CRASH_MONTH","DAY_OF_WEEK","TIME_OF_DAY","HOUR_OF_DAY","ILLUMINATION","WEATHER","ROAD_CONDITION","COLLISION_TYPE","RELATION_TO_ROAD","WORK_ZONE_TYPE","WORK_ZONE_LOC","WORK_ZONE_IND","INTERSECT_TYPE","TCD_TYPE","LOCATION_TYPE","URBAN_RURAL","FATAL_COUNT","INJURY_COUNT","PERSON_COUNT","TOTAL_UNITS","SCH_BUS_IND","SCH_ZONE_IND","LATITUDE","LONGITUDE","ARRIVAL_TM","CONS_ZONE_SPD_LIM","DISPATCH_TM","EST_HRS_CLOSED","LANE_CLOSED","LN_CLOSE_DIR","NTFY_HIWY_MAINT","SPEC_JURIS_CD","TCD_FUNC_CD","TFC_DETOUR_IND","WORKERS_PRES","WZ_CLOSE_DETOUR","WZ_FLAGGER","WZ_LAW_OFFCR_IND","WZ_LN_CLOSURE","WZ_MOVING","WZ_OTHER","WZ_SHLDER_MDN","VEHICLE_COUNT","AUTOMOBILE_COUNT","MOTORCYCLE_COUNT","BUS_COUNT","SMALL_TRUCK_COUNT","HEAVY_TRUCK_COUNT","SUV_COUNT","VAN_COUNT","BICYCLE_COUNT","MAJ_INJ_COUNT","MOD_INJ_COUNT","MIN_INJ_COUNT","TOT_INJ_COUNT","UNK_INJ_DEG_COUNT","UNK_INJ_PER_COUNT","DRIVER_COUNT_16YR","DRIVER_COUNT_17YR","DRIVER_COUNT_18YR","DRIVER_COUNT_19YR","DRIVER_COUNT_20YR","DRIVER_COUNT_50_64YR","DRIVER_COUNT_65_74YR","DRIVER_COUNT_75PLUS","UNBELTED_OCC_COUNT","UNB_DEATH_COUNT","UNB_MAJ_INJ_COUNT","BELTED_DEATH_COUNT","BELTED_MAJ_INJ_COUNT","MCYCLE_DEATH_COUNT","MCYCLE_MAJ_INJ_COUNT","BICYCLE_DEATH_COUNT","BICYCLE_MAJ_INJ_COUNT","PED_COUNT","PED_DEATH_COUNT","PED_MAJ_INJ_COUNT","MAX_SEVERITY_LEVEL","COMM_VEH_COUNT","DEC_LAT","DEC_LONG","RDWY_SURF_TYPE_CD","COUNTY_YEAR"
"2002025041","06","67","67301","67301","2001","08","4","1608","16","1","1","0","4","1","","","N","02","0","07","3","0","1","2","2","N","N","40 02:22.104","75 13:25.781","1615","","1608","","0","","N","","0 ","","","","","","","","","","2","0","0","0","1","0","0","0","1","0","1","0","1","0","0","0","0","0","0","0","1","0","0","1","0","0","0","0","0","0","0","0","0","0","0","3","0","40.0393","-75.2237","","CRASH_2001_Philadelphia"
"2002023758","06","67","67301","67301","2001","08","4","1220","12","1","1","0","7","2","","","N","00","0","00","3","0","0","1","1","N","N","39 55:39.720","75 11:44.880","1232","","1225","1","1","1","N","","0 ","N","","","","","","","","","1","1","0","0","0","0","0","0","0","0","0","0","0","0","0","0","0","0","0","0","0","0","0","0","0","0","0","0","0","0","0","0","0","0","0","0","0","39.928","-75.1961","","CRASH_2001_Philadelphia"
"2002027904","06","67","67301","67301","2001","09","6","2227","22","3","1","0","1","1","","","N","00","2","00","3","0","0","2","2","N","N","39 56:48.840","75 08:30.120","2230","","2228","","0","","N","","3 ","","","","","","","","","","2","2","0","0","0","0","0","0","0","0","0","0","0","0","0","0","0","0","0","0","0","0","0","0","0","0","0","0","0","0","0","0","0","0","0","0","0","39.9469","-75.1417","","CRASH_2001_Philadelphia"
"2002039659","06","67","67301","67301","2001","11","7","1220","12","1","1","0","5","1","","","N","01","2","00","3","0","1","2","2","N","N","39 57:03.906","75 09:12.912","1222","","1220","","0","","N","","3 ","","","","","","","","","","2","1","0","1","0","0","0","0","0","0","0","1","1","0","0","0","0","0","0","0","1","0","0","0","0","0","0","0","0","0","0","0","0","0","0","4","1","39.9511","-75.1536","","CRASH_2001_Philadelphia"
"2002010732","06","67","67301","67301","2001","06","7","1020","10","1","1","0","1","1","","","N","01","2","00","3","0","2","2","2","N","N","40 00:48.029","75 11:03.330","1025","","1025","","0","","N","","3 ","","","","","","","","","","2","2","0","0","0","0","0","0","0","1","0","1","2","0","0","0","0","0","0","0","0","1","0","0","0","0","0","0","0","0","0","0","0","0","0","2","0","40.0133","-75.1842","","CRASH_2001_Philadelphia"
"2002032188","06","67","67301","67301","2001","10","5","1717","17","1","1","0","8","1","","","N","00","0","00","3","0","1","3","2","N","N","40 02:12.038","75 07:56.132","1720","","1717","","0","","N","","0 ","","","","","","","","","","1","1","0","0","0","0","0","0","0","0","0","1","1","0","0","0","0","0","0","1","0","0","0","0","0","0","0","0","0","0","0","0","1","0","0","4","0","40.0367","-75.1322","","CRASH_2001_Philadelphia"
"2002039519","06","67","67301","67301","2001","11","6","0640","06","1","1","0","5","1","","","N","00","0","00","3","0","1","1","3","N","N","40 03:23.201","75 02:47.885","0640","","0640","","0","","N","","0 ","","","","","","","","","","3","1","0","0","2","0","0","0","0","0","0","1","1","0","0","0","0","0","0","0","0","0","0","1","0","0","0","0","0","0","0","0","0","0","0","4","0","40.0565","-75.0467","","CRASH_2001_Philadelphia"
"2002005471","06","67","67301","67301","2001","05","3","0900","09","1","1","0","1","1","","","N","01","2","00","3","0","1","2","2","N","N","","","1001","","0951","","0","","N","","3 ","","","","","","","","","","2","1","0","1","0","0","0","0","0","0","0","1","1","0","0","0","0","0","0","0","0","0","0","0","0","0","0","0","0","0","0","0","0","0","0","4","1","","","","CRASH_2001_Philadelphia"
"2002023766","06","67","67301","67301","2001","08","2","1753","17","1","2","1","1","1","","","N","00","0","00","3","0","1","2","2","N","N","39 59:33.281","75 05:07.511","1759","","1753","9","1","2","N","","0 ","N","","","","","","","","","2","2","0","0","0","0","0","0","0","0","0","1","1","0","0","0","0","0","0","0","1","0","0","0","0","0","0","0","0","0","0","0","0","0","0","4","0","39.9927","-75.0855","","CRASH_2001_Philadelphia"
"2002029888","06","67","67301","67301","2001","09","2","1137","11","1","1","0","5","1","","","N","00","0","00","3","0","1","2","2","N","N","40 01:13.892","75 09:33.441","1150","","1137","1","1","2","N","","0 ","N","","","","","","","","","2","2","0","0","0","0","0","0","0","0","0","1","1","0","0","0","0","0","0","0","1","0","0","2","0","0","0","0","0","0","0","0","0","0","0","4","0","40.0205","-75.1596","","CRASH_2001_Philadelphia"
"2002045876","06","67","67301","67301","2001","08","4","1458","14","1","1","0","1","1","","","N","00","0","00","3","0","1","8","3","N","N","","","1510","","1600","2","1","2","Y","","0 ","N","","","","","","","","","3","1","0","0","0","2","0","0","0","0","0","1","1","0","0","0","0","0","0","0","2","0","0","0","0","0","0","0","0","0","0","0","0","0","0","4","2","","","","CRASH_2001_Philadelphia"
"2002050128","06","67","67301","67301","2001","12","6","1055","10","1","1","0","4","1","","","N","01","2","00","3","0","2","3","2","N","N","39 53:31.685","75 14:33.193","1120","","1110","","0","","N","","3 ","","","","","","","","","","2","2","0","0","0","0","0","0","0","0","1","1","2","0","0","0","0","0","0","0","2","0","0","0","0","0","0","0","0","0","0","0","0","0","0","3","0","39.8919","-75.2419","","CRASH_2001_Philadelphia"
"2002028524","06","67","67301","67301","2001","09","7","1512","15","1","1","0","5","1","","","N","01","2","00","3","0","2","3","2","N","N","39 57:41.426","75 08:59.269","1515","","1513","","0","","N","","2 ","","","","","","","","","","2","1","0","0","1","0","0","0","0","0","0","2","2","0","0","0","0","0","0","1","0","0","0","1","0","0","0","0","0","0","0","0","0","0","0","4","0","39.9614","-75.1498","","CRASH_2001_Philadelphia"
"2002031548","06","67","67301","67301","2001","10","6","0415","04","3","1","0","7","4","","","N","00","0","02","3","0","0","1","1","N","N","39 54:49.320","75 08:54.600","0430","","0420","","0","","N","","0 ","","","","","","","","","","1","1","0","0","0","0","0","0","0","0","0","0","0","0","0","0","0","0","0","0","0","0","0","0","0","0","0","0","0","0","0","0","0","0","0","0","0","39.9134","-75.1485","","CRASH_2001_Philadelphia"
"2002045866","06","67","67301","67301","2001","09","3","9999","99","1","1","0","4","9","","","N","10","3","00","3","0","0","1","2","N","N","39 59:21.850","75 11:27.549","9999","","9999","","0","","N","","3 ","","","","","","","","","","2","2","0","0","0","0","0","0","0","0","0","0","0","0","1","0","0","0","0","0","0","0","0","0","0","0","0","0","0","0","0","0","0","0","0","9","0","39.9894","-75.191","","CRASH_2001_Philadelphia"
"2002032674","06","67","67301","67301","2001","10","5","0835","08","1","1","0","8","1","","","N","00","0","00","3","0","1","2","2","N","N","40 02:21.000","75 07:46.000","0840","","0836","","0","","N","","0 ","","","","","","","","","","1","1","0","0","0","0","0","0","0","0","0","1","1","0","0","0","0","0","0","0","0","0","0","0","0","0","0","0","0","0","0","0","1","0","0","4","0","40.0392","-75.1294","","CRASH_2001_Philadelphia"
"2002034060","06","67","67301","67301","2001","10","3","1605","16","1","1","0","4","1","","","N","02","2","00","3","0","1","3","2","N","N","40 00:55.137","75 09:18.972","1615","","1610","","0","","N","","3 ","","","","","","","","","","2","1","0","0","1","0","0","0","0","0","0","1","1","0","0","0","0","0","0","0","0","0","0","3","0","0","0","0","0","0","0","0","0","0","0","4","0","40.0152","-75.1552","","CRASH_2001_Philadelphia"
"2002038805","06","67","67301","67301","2001","11","5","0147","01","3","1","0","7","1","","","N","08","0","06","3","0","0","1","1","N","N","40 01:59.880","75 04:36.480","0149","","0147","1","2","1","N","","0 ","Y","","","","","","","","","1","1","0","0","0","0","0","0","0","0","0","0","0","0","0","0","0","0","0","0","0","0","0","0","0","0","0","0","0","0","0","0","0","0","0","0","0","40.0334","-75.0768","","CRASH_2001_Philadelphia"
"2002045161","06","67","67301","67301","2001","12","2","0845","08","1","1","1","4","1","","","N","01","2","00","3","0","0","2","2","N","N","40 07:51.110","75 00:45.968","0857","","0851","","0","","N","","3 ","","","","","","","","","","2","1","0","0","1","0","0","0","0","0","0","0","0","0","0","0","0","0","0","0","1","0","0","0","0","0","0","0","0","0","0","0","0","0","0","0","0","40.1317","-75.0122","","CRASH_2001_Philadelphia"
"2002043744","06","67","67301","67301","2001","11","6","2025","20","2","1","0","7","2","","","N","10","0","00","3","0","0","2","1","N","N","39 58:38.638","75 12:01.853","2035","","2027","1","1","3","N","","0 ","N","","","","","","","","","1","1","0","0","0","0","0","0","0","0","0","0","0","0","0","0","0","0","0","0","0","0","0","0","0","0","0","0","0","0","0","0","0","0","0","0","0","39.9775","-75.2008","","CRASH_2001_Philadelphia"
"2002031574","06","67","67301","67301","2001","10","6","1420","14","1","1","0","2","1","","","N","01","2","00","3","0","0","2","2","N","N","39 59:23.145","75 07:04.012","1430","","1427","","0","","N","","3 ","","","","","","","","","","2","2","0","0","0","0","0","0","0","0","0","0","0","0","0","0","0","1","0","0","0","0","0","0","0","0","0","0","0","0","0","0","0","0","0","0","0","39.9898","-75.1177","","CRASH_2001_Philadelphia"
"2002042092","06","67","67301","67301","2001","12","3","0840","08","1","2","1","4","1","","","N","01","2","00","3","0","1","4","2","N","N","39 59:38.011","75 09:16.777","0851","","0849","","0","","N","","3 ","","","","","","","","","","2","1","0","1","0","0","0","0","0","0","0","1","1","0","0","0","0","0","1","0","0","0","0","0","0","0","0","0","0","0","0","0","0","0","0","4","1","39.9939","-75.1545","","CRASH_2001_Philadelphia"
"2002014400","06","67","67301","67504","2001","07","7","2341","23","3","1","0","5","1","","","N","00","0","00","3","0","1","2","2","N","N","39 57:15.998","75 11:54.623","2345","","2341","","0","","N","","0 ","","","","","","","","","","2","2","0","0","0","0","0","0","0","0","0","1","1","0","1","0","0","0","0","0","0","0","0","1","0","0","0","0","0","0","0","0","0","0","0","4","0","39.9537","-75.1986","","CRASH_2001_Philadelphia"
"2002028093","06","67","67301","67301","2001","08","1","2030","20","3","1","0","8","1","","","N","00","0","00","3","0","1","2","2","N","N","40 02:53.204","75 08:38.964","2042","","2034","","0","","N","","0 ","","","","","","","","","","1","1","0","0","0","0","0","0","0","0","0","1","1","0","0","0","0","0","0","0","1","0","0","0","0","0","0","0","0","0","0","0","1","0","0","4","0","40.0481","-75.144","","CRASH_2001_Philadelphia"
"2002032623","06","67","67301","67301","2001","10","1","1050","10","1","1","0","1","1","","","N","01","2","00","3","0","1","4","4","N","N","40 02:07.030","75 04:12.257","1058","","1053","1","1","2","N","","2 ","N","","","","","","","","","4","4","0","0","0","0","0","0","0","0","0","1","1","0","0","0","0","0","0","0","2","0","0","0","0","0","0","0","0","0","0","0","0","0","0","4","0","40.0351","-75.0695","","CRASH_2001_Philadelphia"
"2002038611","06","67","67301","67301","2001","12","7","0250","02","3","1","0","1","6","","","N","00","0","00","3","0","1","1","6","N","N","40 02:30.662","75 01:37.007","0305","","0257","","0","","Y","","0 ","","","","","","","","","","6","6","0","0","0","0","0","0","0","0","0","1","1","0","0","0","0","0","0","0","0","0","0","0","0","0","0","0","0","0","0","0","0","0","0","4","0","40.0418","-75.027","","CRASH_2001_Philadelphia"
"2002041425","06","67","67301","67301","2001","12","3","0712","07","1","2","1","7","3","","","N","00","0","00","3","0","0","1","1","N","N","39 53:13.947","75 14:29.373","0715","","0712","","0","","N","","0 ","","","","","","","","","","1","0","0","0","1","0","0","0","0","0","0","0","0","0","0","0","0","0","0","0","0","0","0","0","0","0","0","0","0","0","0","0","0","0","0","0","0","39.8872","-75.2415","","CRASH_2001_Philadelphia"
"2002041570","06","67","67301","67301","2001","12","5","1850","18","3","1","0","8","1","","","N","10","2","00","3","0","1","2","2","N","N","40 00:59.814","75 08:49.815","1858","","1850","","0","","N","","3 ","","","","","","","","","","1","1","0","0","0","0","0","0","0","0","1","0","1","0","0","0","0","0","0","0","0","0","0","0","0","0","0","0","0","0","0","0","1","0","0","3","0","40.0166","-75.1472","","CRASH_2001_Philadelphia"
"2002023765","06","67","67301","67301","2001","08","5","1108","11","1","1","0","1","1","2","4","Y","00","0","00","3","0","0","5","3","N","N","","","1122","40","1110","","0","","Y","","0 ","","Y","","","U","","Y","Y","Y","3","3","0","0","0","0","0","0","0","0","0","0","0","0","2","0","0","0","1","0","1","0","0","0","0","0","0","0","0","0","0","0","0","0","0","9","0","","","","CRASH_2001_Philadelphia"
"2002041375","06","67","67301","67301","2001","12","6","1530","15","1","1","0","1","1","","","N","00","2","00","3","0","1","2","2","N","N","40 06:24.641","74 59:57.302","1605","","1555","","0","","N","","3 ","","","","","","","","","","2","1","0","0","1","0","0","0","0","0","0","1","1","0","0","0","0","0","0","0","1","0","0","0","0","0","0","0","0","0","0","0","0","0","0","4","0","40.1067","-74.9993","","CRASH_2001_Philadelphia"
"2002044112","06","67","67301","67301","2001","11","6","2254","22","3","1","7","9","9","","","N","00","0","00","3","0","1","3","1","N","N","39 54:16.101","75 11:48.520","2318","","2310","","0","","N","","0 ","","","","","","","","","","1","1","0","0","0","0","0","0","0","0","0","1","1","0","0","0","0","0","0","0","0","0","0","0","0","0","0","0","0","0","0","0","0","0","0","4","0","39.9044","-75.1968","","CRASH_2001_Philadelphia"
"2002020087","06","67","67301","67301","2001","07","1","0053","00","3","1","0","4","1","","","N","01","2","00","3","0","1","2","2","N","N","39 56:23.007","75 11:53.758","0057","","0053","","0","","N","","3 ","","","","","","","","","","2","2","0","0","0","0","0","0","0","0","0","1","1","0","0","0","0","0","0","0","0","0","0","0","0","0","0","0","0","0","0","0","0","0","0","4","0","39.9388","-75.1985","","CRASH_2001_Philadelphia"
"2002031065","06","67","67301","67301","2001","09","1","0218","02","3","1","0","4","1","","","N","02","2","00","3","0","3","4","2","N","N","39 57:24.321","75 13:24.852","0218","","0218","","0","","N","","3 ","","","","","","","","","","2","2","0","0","0","0","0","0","0","0","0","3","3","0","0","0","0","0","0","0","1","0","0","0","0","0","0","0","0","0","0","0","0","0","0","4","0","39.9567","-75.2235","","CRASH_2001_Philadelphia"
"2002045943","06","67","67301","67301","2001","10","4","1430","14","1","1","0","4","1","1","8","Y","00","0","00","3","0","0","3","2","N","N","39 58:39.000","75 06:45.360","1500","40","1430","","0","","N","","0 ","","Y","","","U","","","","","2","2","0","0","0","0","0","0","0","0","0","0","0","0","0","0","0","0","0","0","0","0","1","0","0","0","0","0","0","0","0","0","0","0","0","0","0","39.9786","-75.1105","","CRASH_2001_Philadelphia"
"2002059857","06","67","67301","67301","2001","08","2","1920","19","1","1","0","4","1","","","N","01","3","00","3","0","1","3","4","N","N","39 59:54.997","75 07:48.823","1920","","1920","","0","","N","","9 ","","","","","","","","","","4","3","0","0","1","0","0","0","0","0","0","1","1","0","2","0","0","0","0","0","0","0","0","0","0","0","0","0","0","0","0","0","0","0","0","4","0","39.9986","-75.1303","","CRASH_2001_Philadelphia"
"2002041599","06","67","67301","67301","2001","12","7","1600","16","3","1","0","8","1","","","N","01","1","00","3","0","1","2","2","N","N","39 55:29.954","75 10:21.419","0638","","0635","","0","","N","","3 ","","","","","","","","","","1","1","0","0","0","0","0","0","0","0","0","1","1","0","0","0","0","0","0","0","0","0","0","0","0","0","0","0","0","0","0","0","1","0","0","4","0","39.9247","-75.1737","","CRASH_2001_Philadelphia"
"2002028522","06","67","67301","67301","2001","09","3","0740","07","1","1","0","1","1","","","N","01","2","00","3","0","1","2","2","N","N","39 54:41.409","75 10:21.050","0757","","0752","","0","","N","","3 ","","","","","","","","","","2","1","0","1","0","0","0","0","0","0","0","1","1","0","0","0","0","0","0","0","0","0","0","0","0","0","0","0","0","0","0","0","0","0","0","4","1","39.9117","-75.1724","","CRASH_2001_Philadelphia"
"2002032465","06","67","67301","67301","2001","10","4","1935","19","2","1","0","8","1","","","N","05","0","00","3","0","1","2","2","N","N","40 04:17.048","75 09:40.627","1945","","1940","","0","","N","","0 ","","","","","","","","","","1","1","0","0","0","0","0","0","0","0","0","1","1","0","0","0","0","0","0","0","0","1","0","1","0","0","0","0","0","0","0","0","1","0","0","4","0","40.0714","-75.1613","","CRASH_2001_Philadelphia"
"2002037722","06","67","67301","67301","2001","11","3","0725","07","1","2","1","1","1","","","N","02","2","00","3","0","2","15","2","Y","N","40 05:31.792","74 58:53.822","0744","","0737","","0","","N","","3 ","","","","","","","","","","2","1","0","1","0","0","0","0","0","0","0","2","2","0","0","0","0","0","0","0","0","0","0","0","0","0","0","0","0","0","0","0","0","0","0","4","1","40.0922","-74.9819","","CRASH_2001_Philadelphia"
"2002039666","06","67","67301","67301","2001","12","7","1154","11","1","2","1","4","1","","","N","01","3","00","3","0","3","3","2","N","N","39 57:00.219","75 09:50.303","1205","","1201","","0","","N","","1 ","","","","","","","","","","2","2","0","0","0","0","0","0","0","0","1","2","3","0","0","0","0","0","0","0","0","0","1","0","0","0","0","0","0","0","0","0","0","0","0","3","0","39.9501","-75.164","","CRASH_2001_Philadelphia"
"2002041586","06","67","67301","67301","2001","11","2","1445","14","1","1","0","1","1","","","N","00","0","00","3","0","1","3","2","N","N","39 59:27.045","75 08:57.256","2030","","9999","","0","","N","","0 ","","","","","","","","","","2","2","0","0","0","0","0","0","0","0","0","1","1","0","0","0","0","0","0","1","0","0","0","0","0","0","0","0","0","0","0","0","0","0","0","4","0","39.9908","-75.1492","","CRASH_2001_Philadelphia"
"2002045719","06","67","67301","67301","2001","10","1","2024","20","3","1","0","4","1","","","N","01","2","00","3","0","4","6","2","N","N","39 57:31.241","75 12:50.355","2029","","2024","2","2","6","N","","3 ","Y","","","","","","","","","2","2","0","0","0","0","0","0","0","0","0","4","4","0","0","0","0","0","0","0","0","0","0","0","0","0","0","0","0","0","0","0","0","0","0","4","0","39.9586","-75.214","","CRASH_2001_Philadelphia"
"2003010682","06","67","67301","67301","2001","03","4","1610","16","1","1","0","1","1","","","N","01","2","00","3","0","1","2","2","N","N","40 04:46.000","75 02:32.525","1622","","1618","","0","","N","","3 ","","","","","","","","","","2","1","0","0","1","0","0","0","0","0","1","0","1","0","0","0","0","0","0","0","1","0","0","0","0","0","0","0","0","0","0","0","0","0","0","3","0","40.0795","-75.0422","","CRASH_2001_Philadelphia"
"2002022483","06","67","67301","67301","2001","12","5","1810","18","3","9","0","4","1","","","N","01","2","00","3","0","1","3","2","N","N","39 56:59.280","75 08:37.680","1730","","1730","","0","","N","","9 ","","","","","","","","","","2","2","0","0","0","0","0","0","0","0","0","1","1","0","2","0","0","0","0","0","0","1","0","0","0","0","0","0","0","0","0","0","0","0","0","4","0","39.9499","-75.1437","","CRASH_2001_Philadelphia"
"2002028484","06","67","67301","67301","2001","09","2","1400","14","1","1","0","2","1","","","N","01","2","00","3","0","2","2","2","N","N","40 01:26.265","75 02:07.427","1410","","1404","","0","","N","","3 ","","","","","","","","","","2","2","0","0","0","0","0","0","0","0","0","2","2","0","0","0","0","0","0","0","0","0","0","0","0","0","0","0","0","0","0","0","0","0","0","4","0","40.024","-75.0354","","CRASH_2001_Philadelphia"
"2002040150","06","67","67301","67301","2001","12","3","1655","16","3","1","0","1","1","","","N","00","0","00","3","0","0","7","4","N","N","40 06:23.959","74 59:58.325","1710","","1706","","0","","N","","0 ","","","","","","","","","","4","2","0","0","2","0","0","0","0","0","0","0","0","0","0","0","0","0","0","0","0","0","0","0","0","0","0","0","0","0","0","0","0","0","0","0","0","40.1065","-74.9996","","CRASH_2001_Philadelphia"
"2002029053","06","67","67301","46104","2001","10","2","1527","15","1","1","0","1","1","","","N","00","0","00","3","0","1","3","2","N","N","40 00:18.178","75 13:06.332","1530","","1528","","0","","N","","0 ","","","","","","","","","","2","2","0","0","0","0","0","0","0","0","0","1","1","0","0","0","0","0","0","0","0","0","0","0","0","0","0","0","0","0","0","0","0","0","0","4","0","40.0051","-75.2184","","CRASH_2001_Philadelphia"
"2002031260","06","67","67301","67301","2001","09","4","0747","07","1","1","0","8","1","","","N","01","2","99","3","0","1","2","2","N","N","40 03:44.596","74 59:12.445","0900","","0820","3","2","5","N","","3 ","Y","","","","","","","","","1","1","0","0","0","0","0","0","0","0","1","0","1","0","0","0","0","0","0","0","0","0","0","0","0","0","0","0","0","0","0","0","1","0","0","3","0","40.0624","-74.987","","CRASH_2001_Philadelphia"
"2002034046","06","67","67301","67301","2001","10","3","2325","23","3","1","0","7","3","","","N","00","0","00","3","0","1","1","1","N","N","40 05:04.809","74 58:24.961","2330","","2330","","0","","N","","0 ","","","","","","","","","","1","1","0","0","0","0","0","0","0","0","0","1","1","0","0","0","0","0","0","0","0","0","0","0","0","0","0","0","0","0","0","0","0","0","0","4","0","40.0847","-74.9736","","CRASH_2001_Philadelphia"
"2002042587","06","67","67301","67301","2001","12","6","1652","16","1","1","0","4","1","","","N","01","2","00","3","0","1","3","2","N","N","","","1653","","1653","","0","","N","","2 ","","","","","","","","","","2","2","0","0","0","0","0","0","0","0","0","1","1","0","0","0","0","0","0","0","2","0","0","3","0","0","0","0","0","0","0","0","0","0","0","4","0","","","","CRASH_2001_Philadelphia"
"2002043632","06","67","67301","67301","2001","12","3","1046","10","1","2","1","1","1","","","N","00","2","00","3","0","1","2","2","N","N","39 56:24.726","75 12:01.050","1046","","1046","","0","","N","","3 ","","","","","","","","","","2","2","0","0","0","0","0","0","0","0","0","1","1","0","0","0","0","0","0","0","1","0","0","0","0","0","0","0","0","0","0","0","0","0","0","4","0","39.9402","-75.2009","","CRASH_2001_Philadelphia"
"2002031841","06","67","67301","67301","2001","10","1","2113","21","3","1","0","4","1","","","N","01","2","00","3","0","1","3","2","N","N","39 57:35.497","75 14:09.630","2118","","2116","","0","","Y","","2 ","","","","","","","","","","2","2","0","0","0","0","0","0","0","0","0","1","1","0","0","0","0","0","0","0","0","0","0","0","0","0","0","0","0","0","0","0","0","0","0","4","0","39.9584","-75.2375","","CRASH_2001_Philadelphia"
"2002039451","06","67","67301","67301","2001","11","7","1338","13","1","1","0","5","1","","","N","00","0","00","3","0","2","3","2","N","N","39 55:02.479","75 12:47.157","1350","","1343","1","2","6","N","","0 ","Y","","","","","","","","","2","2","0","0","0","0","0","0","0","0","2","0","2","0","0","0","0","0","0","0","0","0","0","0","0","0","0","0","0","0","0","0","0","0","0","3","0","39.9169","-75.2161","","CRASH_2001_Philadelphia"
"2002050201","06","67","67301","67301","2001","09","6","1250","12","1","1","0","4","1","","","N","01","2","00","3","0","1","2","3","N","N","40 00:25.757","75 05:55.312","1255","","1253","","0","","N","","3 ","","","","","","","","","","3","3","0","0","0","0","0","0","0","0","0","1","1","0","0","0","0","0","0","0","1","0","0","0","0","0","0","0","0","0","0","0","0","0","0","4","0","40.0072","-75.0987","","CRASH_2001_Philadelphia"
"2002012762","06","67","67301","67301","2001","07","7","2010","20","4","1","0","1","1","","","N","00","2","00","3","0","0","3","2","N","N","39 56:35.000","75 09:37.000","2020","","2010","","0","","N","","3 ","","","","","","","","","","2","1","0","0","1","0","0","0","0","0","0","0","0","0","0","0","0","0","0","0","1","0","0","0","0","0","0","0","0","0","0","0","0","0","0","0","0","39.9431","-75.1603","","CRASH_2001_Philadelphia"
"2002016368","06","67","67301","67301","2001","05","2","1700","17","1","1","0","4","1","","","N","01","2","00","3","0","1","2","2","N","N","39 55:30.550","75 10:16.611","9999","","9999","","0","","N","","3 ","","","","","","","","","","1","1","0","0","0","0","0","0","1","0","1","0","1","0","0","0","0","0","0","0","0","0","0","0","0","0","0","0","0","0","0","0","0","0","0","3","0","39.9252","-75.1713","","CRASH_2001_Philadelphia"
"2002023938","06","67","67301","67301","2001","08","3","1745","17","1","1","0","3","1","","","N","05","2","00","3","0","0","3","2","N","N","39 55:29.395","75 10:23.278","1755","","1750","","0","","N","","3 ","","","","","","","","","","2","2","0","0","0","0","0","0","0","0","0","0","0","0","0","0","0","0","0","0","0","0","0","0","0","0","0","0","0","0","0","0","0","0","0","0","0","39.9248","-75.173","","CRASH_2001_Philadelphia"
"2002025286","06","67","67301","67301","2001","08","1","1523","15","1","1","0","1","1","","","N","02","2","02","3","0","1","4","2","N","N","40 00:26.280","75 04:24.600","1600","","1557","","0","","N","","3 ","","","","","","","","","","2","2","0","0","0","0","0","0","0","0","0","1","1","0","2","0","0","0","0","0","0","0","1","0","0","0","0","0","0","0","0","0","0","0","0","4","0","40.0071","-75.0739","","CRASH_2001_Philadelphia"
"2002045875","06","67","67301","67301","2001","11","2","0307","03","3","1","0","7","3","","","N","00","0","00","3","0","0","1","1","N","N","40 02:25.287","75 00:18.508","0309","","0309","1","2","1","Y","","0 ","N","","","","","","","","","1","1","0","0","0","0","0","0","0","0","0","0","0","0","0","0","0","0","0","0","0","0","0","1","0","0","0","0","0","0","0","0","0","0","0","0","0","40.0406","-75.0052","","CRASH_2001_Philadelphia"
"2002034790","06","67","67301","67301","2001","10","4","1559","15","1","1","0","6","1","","","N","10","2","00","3","0","2","3","2","N","N","39 55:33.929","75 10:57.492","1605","","1600","","0","","N","","3 ","","","","","","","","","","2","2","0","0","0","0","0","0","0","0","0","2","2","0","0","0","0","0","0","1","0","0","0","0","0","0","0","0","0","0","0","0","0","0","0","4","0","39.926","-75.1826","","CRASH_2001_Philadelphia"
"2002037125","06","67","67301","67301","2001","11","1","2255","22","3","1","1","4","1","","","N","01","2","00","3","0","5","5","2","N","N","39 59:08.765","75 12:56.335","2115","","2108","","0","","N","","3 ","","","","","","","","","","2","2","0","0","0","0","0","0","0","0","0","5","5","0","0","0","0","0","1","0","0","0","0","0","0","0","0","0","0","0","0","0","0","0","0","4","0","39.9858","-75.2156","","CRASH_2001_Philadelphia"
"2002041415","06","67","67301","67301","2001","12","5","1330","13","1","1","0","2","1","","","N","01","2","00","3","0","1","2","2","N","N","40 02:20.700","75 11:29.822","1345","","1335","","0","","N","","3 ","","","","","","","","","","2","2","0","0","0","0","0","0","0","1","0","0","1","0","0","0","0","0","0","0","2","0","0","0","0","0","0","0","0","0","0","0","0","0","0","2","0","40.0392","-75.1917","","CRASH_2001_Philadelphia"
"2002046322","06","67","67301","67301","2001","09","5","1311","13","1","1","0","5","1","","","N","00","0","00","3","0","0","3","2","N","N","39 55:56.000","75 13:27.000","9999","","1200","","0","","N","","0 ","","","","","","","","","","2","2","0","0","0","0","0","0","0","0","0","0","0","0","0","0","0","0","0","0","1","0","0","0","0","0","0","0","0","0","0","0","0","0","0","0","0","39.9322","-75.2242","","CRASH_2001_Philadelphia"