"CRN","DISTRICT","COUNTY","MUNICIPALITY","POLICE_AGCY","CRASH_YEAR","CRASH_MONTH","DAY_OF_WEEK","TIME_OF_DAY","HOUR_OF_DAY","ILLUMINATION","WEATHER","ROAD_CONDITION","COLLISION_TYPE","RELATION_TO_ROAD","WORK_ZONE_TYPE","WORK_ZONE_LOC","WORK_ZONE_IND","INTERSECT_TYPE","TCD_TYPE","LOCATION_TYPE","URBAN_RURAL","FATAL_COUNT","INJURY_COUNT","PERSON_COUNT","TOTAL_UNITS","SCH_BUS_IND","SCH_ZONE_IND","LATITUDE","LONGITUDE","ARRIVAL_TM","CONS_ZONE_SPD_LIM","DISPATCH_TM","EST_HRS_CLOSED","LANE_CLOSED","LN_CLOSE_DIR","NTFY_HIWY_MAINT","SPEC_JURIS_CD","TCD_FUNC_CD","TFC_DETOUR_IND","WORKERS_PRES","WZ_CLOSE_DETOUR","WZ_FLAGGER","WZ_LAW_OFFCR_IND","WZ_LN_CLOSURE","WZ_MOVING","WZ_OTHER","WZ_SHLDER_MDN","VEHICLE_COUNT","AUTOMOBILE_COUNT","MOTORCYCLE_COUNT","BUS_COUNT","SMALL_TRUCK_COUNT","HEAVY_TRUCK_COUNT","SUV_COUNT","VAN_COUNT","BICYCLE_COUNT","MAJ_INJ_COUNT","MOD_INJ_COUNT","MIN_INJ_COUNT","TOT_INJ_COUNT","UNK_INJ_DEG_COUNT","UNK_INJ_PER_COUNT","DRIVER_COUNT_16YR","DRIVER_COUNT_17YR","DRIVER_COUNT_18YR","DRIVER_COUNT_19YR","DRIVER_COUNT_20YR","DRIVER_COUNT_50_64YR","DRIVER_COUNT_65_74YR","DRIVER_COUNT_75PLUS","UNBELTED_OCC_COUNT","UNB_DEATH_COUNT","UNB_MAJ_INJ_COUNT","BELTED_DEATH_COUNT","BELTED_MAJ_INJ_COUNT","MCYCLE_DEATH_COUNT","MCYCLE_MAJ_INJ_COUNT","BICYCLE_DEATH_COUNT","BICYCLE_MAJ_INJ_COUNT","PED_COUNT","PED_DEATH_COUNT","PED_MAJ_INJ_COUNT","MAX_SEVERITY_LEVEL","COMM_VEH_COUNT","DEC_LAT","DEC_LONG","RDWY_SURF_TYPE_CD","COUNTY_YEAR"
"2002023627","06","67","67301","67301","2001","08","3","1426","14","1","1","0","2","1","","","N","00","0","07","3","0","5","12","2","N","N","39 56:56.600","75 12:49.857","1436","","1429","","0","","N","","0 ","","","","","","","","","","1","1","0","0","0","0","0","0","0","0","1","4","5","0","1","0","0","0","0","0","0","0","0","0","0","0","0","0","0","0","0","0","0","0","0","3","0","39.949","-75.2138","","CRASH_2001_Philadelphia"
"2002029746","06","67","67301","67301","2001","09","4","1540","15","1","1","0","8","1","","","N","03","2","00","3","0","1","2","2","N","N","39 55:54.031","75 13:01.067","1555","","1550","","0","","N","","3 ","","","","","","","","","","1","1","0","0","0","0","0","0","0","0","0","1","1","0","0","0","0","0","1","0","0","0","0","1","0","0","0","0","0","0","0","0","1","0","0","4","0","39.9318","-75.2167","","CRASH_2001_Philadelphia"
"2002032582","06","67","67301","67301","2001","10","5","1940","19","3","1","0","8","2","","","N","10","0","00","3","0","3","4","6","N","N","39 58:44.175","75 05:51.824","1950","","1947","","0","","N","","0 ","","","","","","","","","","3","2","1","0","0","0","0","0","0","0","1","2","3","0","0","0","0","0","1","0","0","0","0","0","0","0","0","0","0","0","0","0","3","0","0","3","0","39.9787","-75.0977","","CRASH_2001_Philadelphia"
"2002037120","06","67","67301","67301","2001","11","7","1715","17","3","1","0","5","1","","","N","02","2","00","3","0","0","2","2","N","N","40 00:49.358","75 09:31.439","1735","","1729","","0","","N","","3 ","","","","","","","","","","2","2","0","0","0","0","0","0","0","0","0","0","0","0","0","0","0","0","0","0","1","0","0","0","0","0","0","0","0","0","0","0","0","0","0","0","0","40.0136","-75.1587","","CRASH_2001_Philadelphia"
"2002039546","06","67","67301","67301","2001","11","5","1421","14","1","1","0","1","1","1","2","Y","00","0","03","3","0","2","5","3","N","N","40 01:13.800","75 09:29.880","1430","99","1421","","0","","N","","0 ","","U","","","U","Y","","","","3","3","0","0","0","0","0","0","0","0","0","2","2","0","0","0","0","0","0","0","0","0","0","5","0","0","0","0","0","0","0","0","0","0","0","4","0","40.0205","-75.1583","","CRASH_2001_Philadelphia"
"2002012153","06","67","67301","67301","2001","07","3","2055","20","3","1","0","8","1","","","N","01","2","00","3","0","1","2","2","N","N","39 58:25.733","75 14:43.193","2100","","2055","","0","","N","","3 ","","","","","","","","","","1","1","0","0","0","0","0","0","1","1","0","0","1","0","0","0","0","0","0","0","0","0","0","0","0","0","0","0","0","0","0","1","0","0","0","2","0","39.9738","-75.2453","","CRASH_2001_Philadelphia"
"2002020146","06","67","67301","67301","2001","07","5","0934","09","1","1","1","1","1","","","N","02","2","00","3","0","2","4","3","N","N","39 55:28.506","75 13:59.344","0939","","0934","2","1","6","N","","3 ","N","","","","","","","","","3","0","0","0","2","0","0","0","0","0","2","0","2","0","0","0","0","0","0","0","0","0","0","3","0","0","0","0","0","0","0","0","0","0","0","3","0","39.9246","-75.2332","","CRASH_2001_Philadelphia"
"2002033764","06","67","67301","67301","2001","08","5","2303","23","3","1","0","4","1","","","N","01","2","00","3","0","3","7","4","N","N","40 02:10.543","75 03:51.302","2310","","2305","","0","","N","","3 ","","","","","","","","","","4","3","0","0","1","0","0","0","0","0","2","1","3","0","0","0","0","0","0","0","1","0","0","0","0","0","0","0","0","0","0","0","0","0","0","3","0","40.0363","-75.0643","","CRASH_2001_Philadelphia"
"2002048352","06","67","67301","67301","2001","07","6","1754","17","1","1","0","7","7","","","N","00","8","02","3","0","2","2","1","N","N","39 59:57.264","75 04:59.985","1755","","1754","","0","","Y","","9 ","","","","","","","","","","1","1","0","0","0","0","0","0","0","0","0","2","2","0","0","0","0","0","0","0","0","0","1","0","0","0","0","0","0","0","0","0","0","0","0","4","0","39.9989","-75.0816","","CRASH_2001_Philadelphia"
"2002032940","06","67","67301","67301","2001","10","3","1730","17","1","1","0","6","1","","","N","00","3","00","3","0","1","1","3","N","N","39 59:11.648","75 15:02.176","1735","","1732","","0","","N","","3 ","","","","","","","","","","3","3","0","0","0","0","0","0","0","0","1","0","1","0","0","0","0","0","0","0","0","0","1","1","0","0","0","0","0","0","0","0","0","0","0","3","0","39.9867","-75.2507","","CRASH_2001_Philadelphia"
"2002034336","06","67","67301","67301","2001","10","5","0802","08","1","1","1","1","1","","","N","01","3","00","3","0","4","5","2","N","N","39 55:51.951","75 13:04.020","0806","","0804","","0","","N","","9 ","","","","","","","","","","2","2","0","0","0","0","0","0","0","0","0","4","4","0","0","0","0","0","0","0","0","0","0","0","0","0","0","0","0","0","0","0","0","0","0","4","0","39.9311","-75.2177","","CRASH_2001_Philadelphia"
"2002041757","06","67","67301","46104","2001","12","3","1312","13","1","1","0","1","1","","","N","00","0","00","3","0","1","2","2","N","N","40 00:05.400","75 13:33.600","1314","","1312","","0","","N","","0 ","","","","","","","","","","2","2","0","0","0","0","0","0","0","0","0","1","1","0","0","0","0","0","0","0","0","0","0","1","0","0","0","0","0","0","0","0","0","0","0","4","0","40.0015","-75.226","","CRASH_2001_Philadelphia"
"2002042598","06","67","67301","67301","2001","12","5","0227","02","3","1","2","7","5","","","N","10","0","00","3","0","0","1","1","N","N","","","0242","","0232","","0","","N","","0 ","","","","","","","","","","1","1","0","0","0","0","0","0","0","0","0","0","0","0","0","0","0","0","0","0","0","0","0","0","0","0","0","0","0","0","0","0","0","0","0","0","0","","","","CRASH_2001_Philadelphia"
"2002046303","06","67","67301","67301","2001","10","2","1157","11","1","1","0","4","1","","","N","00","0","00","3","0","0","7","2","N","N","40 00:12.101","75 09:58.537","1200","","1158","3","1","3","N","","0 ","Y","","","","","","","","","2","2","0","0","0","0","0","0","0","0","0","0","0","0","0","0","0","0","0","0","0","0","0","0","0","0","0","0","0","0","0","0","0","0","0","0","0","40.0033","-75.1661","","CRASH_2001_Philadelphia"
"2002047301","06","67","67301","46104","2001","10","5","1322","13","1","1","0","8","1","","","N","01","2","00","3","0","1","3","2","N","N","39 59:49.773","75 14:07.654","1327","","1325","","0","","N","","3 ","","","","","","","","","","1","1","0","0","0","0","0","0","0","0","0","1","1","0","0","0","0","0","1","0","0","0","0","0","0","0","0","0","0","0","0","0","1","0","0","4","0","39.9971","-75.2353","","CRASH_2001_Philadelphia"
"2002027528","06","67","67301","67301","2001","09","7","1443","14","1","1","0","1","1","","","N","00","0","00","3","0","3","5","3","N","N","39 57:37.080","75 10:51.600","1455","","1443","","0","","N","","0 ","","","","","","","","","","3","3","0","0","0","0","0","0","0","0","0","3","3","0","0","0","0","0","0","0","0","0","0","0","0","0","0","0","0","0","0","0","0","0","0","4","0","39.9603","-75.1809","","CRASH_2001_Philadelphia"
"2002033692","06","67","67301","67301","2001","10","2","1547","15","1","1","0","4","1","","","N","01","2","00","3","0","1","2","3","N","N","40 01:22.000","75 08:49.000","1558","","1547","","0","","N","","3 ","","","","","","","","","","3","3","0","0","0","0","0","0","0","0","0","1","1","0","0","0","1","0","0","0","0","0","0","2","0","0","0","0","0","0","0","0","0","0","0","4","0","40.0228","-75.1469","","CRASH_2001_Philadelphia"
"2002043153","06","67","67301","67301","2001","12","6","2010","20","3","1","0","8","1","","","N","02","2","00","3","0","1","2","2","N","N","39 57:33.899","75 13:56.657","2014","","2010","","0","","N","","3 ","","","","","","","","","","1","1","0","0","0","0","0","0","0","0","1","0","1","0","1","0","0","0","0","0","0","0","0","0","0","0","0","0","0","0","0","0","1","0","0","3","0","39.9595","-75.2332","","CRASH_2001_Philadelphia"
"2002010564","06","67","67301","67301","2001","07","2","1659","16","1","1","0","1","1","","","N","00","0","00","3","0","1","3","2","N","N","39 58:41.160","75 06:40.680","1706","","1659","1","1","5","N","","0 ","N","","","","","","","","","2","1","0","0","1","0","0","0","0","0","0","1","1","0","0","0","0","0","0","0","0","0","0","0","0","0","0","0","0","0","0","0","0","0","0","4","0","39.9789","-75.1097","","CRASH_2001_Philadelphia"
"2002036892","06","67","67301","46104","2001","12","7","1747","17","3","2","1","1","1","","","N","00","0","00","3","0","1","3","2","N","N","40 00:18.178","75 13:06.332","1750","","1747","","0","","N","","0 ","","","","","","","","","","2","2","0","0","0","0","0","0","0","0","0","1","1","0","0","0","0","0","0","0","1","0","0","1","0","0","0","0","0","0","0","0","0","0","0","4","0","40.0051","-75.2184","","CRASH_2001_Philadelphia"
"2002050204","06","67","67301","67301","2001","12","7","0040","00","3","1","0","4","6","","","N","00","0","00","3","0","1","1","2","N","N","","","0050","","9999","","0","","N","","0 ","","","","","","","","","","2","2","0","0","0","0","0","0","0","0","1","0","1","0","0","0","0","0","0","0","0","0","0","0","0","0","0","0","0","0","0","0","0","0","0","3","0","","","","CRASH_2001_Philadelphia"
"2002050986","06","67","67301","67301","2001","01","1","2212","22","3","1","1","7","5","","","N","00","0","00","3","0","1","1","1","N","N","","","2218","","2214","","0","","N","","0 ","","","","","","","","","","1","1","0","0","0","0","0","0","0","0","1","0","1","0","0","0","0","0","0","0","0","0","0","0","0","0","0","0","0","0","0","0","0","0","0","3","0","","","","CRASH_2001_Philadelphia"
"2006079627","06","67","67301","67301","2001","06","3","1007","10","1","2","1","7","5","","","N","00","2","00","3","0","0","1","1","N","N","40 01:50.685","75 06:43.078","1009","","1008","","0","","N","","2 ","","","","","","","","","","1","1","0","0","0","0","0","0","0","0","0","0","0","0","0","0","0","1","0","0","0","0","0","0","0","0","0","0","0","0","0","0","0","0","0","0","0","40.0307","-75.112","","CRASH_2001_Philadelphia"
"2002028549","06","67","67301","67301","2001","09","6","1733","17","1","1","0","2","1","","","N","01","2","00","3","0","2","2","2","N","N","39 55:44.596","75 13:14.460","1736","","1735","1","1","3","N","","3 ","Y","","","","","","","","","2","2","0","0","0","0","0","0","0","0","1","1","2","0","0","0","0","0","0","0","0","1","0","0","0","0","0","0","0","0","0","0","0","0","0","3","0","39.9291","-75.2206","","CRASH_2001_Philadelphia"
"2002031043","06","67","67301","67301","2001","10","6","2115","21","3","1","0","8","1","","","N","01","9","00","3","0","1","2","2","N","N","40 04:50.146","75 10:21.061","2127","","2118","","0","","N","","9 ","","","","","","","","","","1","1","0","0","0","0","0","0","0","0","0","1","1","0","0","0","0","0","0","0","0","0","0","0","0","0","0","0","0","0","0","0","1","0","0","4","0","40.0806","-75.1725","","CRASH_2001_Philadelphia"
"2002032088","06","67","67301","67301","2001","10","2","1422","14","1","1","0","8","1","","","N","00","0","00","3","0","1","2","2","N","N","39 56:28.000","75 10:36.000","1431","","1426","","0","","N","","0 ","","","","","","","","","","1","1","0","0","0","0","0","0","0","0","1","0","1","0","0","0","0","0","0","0","0","0","0","0","0","0","0","0","0","0","0","0","1","0","0","3","0","39.9411","-75.1767","","CRASH_2001_Philadelphia"
"2002022508","06","67","67301","67301","2001","01","2","1640","16","1","1","0","8","1","","","N","01","2","00","3","0","1","2","2","N","N","39 58:27.434","75 13:34.983","1649","","1641","","0","","N","","9 ","","","","","","","","","","1","1","0","0","0","0","0","0","0","0","0","1","1","0","0","0","0","0","0","0","0","0","0","0","0","0","0","0","0","0","0","0","1","0","0","4","0","39.9742","-75.2264","","CRASH_2001_Philadelphia"
"2002022789","06","67","67301","67301","2001","07","2","1600","16","1","1","0","8","1","","","N","01","3","00","3","0","1","2","2","N","N","40 02:46.000","75 08:54.000","2140","","2130","","0","","N","","3 ","","","","","","","","","","1","0","0","0","1","0","0","0","0","0","0","1","1","0","0","0","0","0","0","0","1","0","0","0","0","0","0","0","0","0","0","0","1","0","0","4","0","40.0461","-75.1483","","CRASH_2001_Philadelphia"
"2002025184","06","67","67301","67301","2001","07","6","2225","22","3","1","0","4","1","","","N","01","3","00","3","0","1","2","2","N","N","39 54:55.000","75 14:01.000","1531","","1530","","9","","N","","3 ","U","","","","","","","","","2","2","0","0","0","0","0","0","0","0","0","1","1","0","0","0","0","0","0","1","0","0","0","0","0","0","0","0","0","0","0","0","0","0","0","4","0","39.9153","-75.2336","","CRASH_2001_Philadelphia"
"2002025292","06","67","67301","67301","2001","08","6","1350","13","1","1","0","4","1","","","N","01","2","00","3","0","1","2","2","N","N","39 57:05.918","75 10:58.086","1357","","1357","","0","","N","","3 ","","","","","","","","","","2","2","0","0","0","0","0","0","0","0","1","0","1","0","0","0","0","0","0","0","1","0","0","0","0","0","0","0","0","0","0","0","0","0","0","3","0","39.9531","-75.1818","","CRASH_2001_Philadelphia"
"2002026447","06","67","67301","67301","2001","05","1","2207","22","3","2","1","4","1","","","N","01","2","00","3","0","1","3","2","N","N","39 59:23.000","75 07:32.329","9999","","9999","","0","","N","","3 ","","","","","","","","","","2","2","0","0","0","0","0","0","0","0","0","1","1","0","0","0","0","0","1","0","0","0","0","1","0","0","0","0","0","0","0","0","0","0","0","4","0","39.9898","-75.1255","","CRASH_2001_Philadelphia"
"2002041608","06","67","67301","67301","2001","10","4","0945","09","1","1","0","4","1","","","N","02","2","00","3","0","1","2","4","N","N","","","0950","","0950","","0","","N","","3 ","","","","","","","","","","4","3","0","0","0","0","0","0","0","0","0","1","1","0","0","0","0","1","0","0","0","0","0","0","0","0","0","0","0","0","0","0","0","0","0","4","0","","","","CRASH_2001_Philadelphia"
"2002042083","06","67","67301","67301","2001","12","7","0825","08","1","1","0","1","1","","","N","02","2","00","3","0","1","2","2","N","N","39 55:17.550","75 11:30.486","0835","","0830","","0","","N","","3 ","","","","","","","","","","2","2","0","0","0","0","0","0","0","0","0","1","1","0","0","0","0","0","0","0","0","0","0","0","0","0","0","0","0","0","0","0","0","0","0","4","0","39.9211","-75.1938","","CRASH_2001_Philadelphia"
"2001288222","06","67","67301","","2001","06","6","2000","20","1","9","9","7","1","","","N","01","2","00","3","0","1","2","2","N","N","39 59:48.480","75 09:14.040","9999","","9999","","0","","N","","3 ","","","","","","","","","","2","2","0","0","0","0","0","0","0","0","0","0","0","0","1","0","0","0","0","0","0","0","0","0","0","0","0","0","0","0","0","0","0","0","0","9","0","39.9968","-75.154","","CRASH_2001_Philadelphia"
"2002016818","06","67","67301","67301","2001","07","7","1340","13","1","1","0","5","1","","","N","00","0","00","3","0","1","2","2","N","N","39 58:33.168","75 11:42.019","1350","","1343","","0","","N","","0 ","","","","","","","","","","2","0","1","0","1","0","0","0","0","1","0","0","1","0","0","0","0","0","0","0","0","0","0","0","0","0","0","0","0","1","0","0","0","0","0","2","0","39.9759","-75.1953","","CRASH_2001_Philadelphia"
"2002023677","06","67","67301","67301","2001","08","3","0823","08","1","1","0","7","5","","","N","00","0","03","3","0","1","1","1","N","N","39 53:56.400","75 10:38.168","0826","","0824","","0","","N","","0 ","","","","","","","","","","1","1","0","0","0","0","0","0","0","0","0","1","1","0","0","0","0","0","0","0","0","0","0","0","0","0","0","0","0","0","0","0","0","0","0","4","0","39.8991","-75.1674","","CRASH_2001_Philadelphia"
"2002026495","06","67","67301","67301","2001","09","3","1640","16","1","1","0","4","1","","","N","01","2","00","3","0","4","4","2","N","N","40 02:07.834","75 08:43.655","1650","","1645","","0","","Y","","3 ","","","","","","","","","","2","2","0","0","0","0","0","0","0","0","0","4","4","0","0","0","0","0","0","0","1","0","0","0","0","0","0","0","0","0","0","0","0","0","0","4","0","40.0352","-75.1455","","CRASH_2001_Philadelphia"
"2002029593","06","67","67301","67301","2001","09","2","2206","22","3","2","1","4","1","","","N","04","4","00","3","0","1","4","2","N","N","40 01:05.239","75 05:49.444","2106","","2106","","0","","N","","3 ","","","","","","","","","","2","2","0","0","0","0","0","0","0","0","0","1","1","0","0","0","0","0","0","0","1","0","0","0","0","0","0","0","0","0","0","0","0","0","0","4","0","40.0183","-75.0969","","CRASH_2001_Philadelphia"
"2002037296","06","67","67301","67301","2001","11","4","1240","12","1","1","0","5","1","","","N","02","3","00","3","0","1","2","2","N","N","39 59:19.711","75 07:28.164","1310","","1305","","0","","N","","3 ","","","","","","","","","","2","1","0","0","0","1","0","0","0","0","0","1","1","0","0","0","0","0","0","0","0","0","0","1","0","0","0","0","0","0","0","0","0","0","0","4","1","39.9888","-75.1244","","CRASH_2001_Philadelphia"
"2002045906","06","67","67301","67301","2001","10","7","1028","10","1","1","0","8","1","","","N","02","2","00","3","0","1","2","2","N","N","39 57:01.192","75 10:19.857","1034","","1032","","0","","N","","3 ","","","","","","","","","","1","1","0","0","0","0","0","0","0","0","0","0","1","1","0","0","0","0","0","0","0","0","0","0","0","0","0","0","0","0","0","0","1","0","0","8","0","39.9503","-75.1722","","CRASH_2001_Philadelphia"
"2002045917","06","67","67301","67301","2001","10","6","2240","22","3","1","0","1","1","","","N","00","0","00","3","0","0","2","2","N","N","39 58:19.320","75 07:22.289","2252","","2244","1","2","2","N","","0 ","N","","","","","","","","","2","2","0","0","0","0","0","0","0","0","0","0","0","0","0","0","0","0","0","0","0","0","0","0","0","0","0","0","0","0","0","0","0","0","0","0","0","39.9767","-75.1142","","CRASH_2001_Philadelphia"
"2002041454","06","67","67301","67301","2001","12","5","0548","05","3","1","0","8","1","","","N","00","0","00","3","0","1","2","2","N","N","40 02:21.624","75 06:36.892","0555","","0550","","0","","N","","0 ","","","","","","","","","","1","1","0","0","0","0","0","0","0","0","1","0","1","0","0","0","0","0","0","0","0","1","0","0","0","0","0","0","0","0","0","0","1","0","0","3","0","40.0394","-75.1101","","CRASH_2001_Philadelphia"
"2002045756","06","67","67301","67301","2001","10","3","1230","12","1","1","0","5","1","","","N","01","2","00","3","0","1","2","2","N","N","39 57:02.826","75 09:01.522","1300","","1250","","0","","N","","3 ","","","","","","","","","","1","1","0","0","0","0","0","0","1","0","0","1","1","0","0","0","0","0","0","0","0","0","0","0","0","0","0","0","0","0","0","0","0","0","0","4","0","39.9507","-75.1504","","CRASH_2001_Philadelphia"
"2002032133","06","67","67301","67301","2001","10","4","1622","16","4","1","0","8","1","","","N","01","0","00","3","0","1","2","2","N","N","39 57:46.651","75 09:52.145","1842","","1840","","0","","N","","0 ","","","","","","","","","","1","1","0","0","0","0","0","0","0","0","0","1","1","0","0","0","0","0","0","0","0","0","0","0","0","0","0","0","0","0","0","0","1","0","0","4","0","39.9629","-75.1646","","CRASH_2001_Philadelphia"
"2002033570","06","67","67301","67301","2001","10","6","1855","18","2","1","0","1","1","","","N","01","2","00","3","0","1","2","2","N","N","39 57:00.427","75 08:44.445","9999","","1901","","0","","N","","3 ","","","","","","","","","","2","2","0","0","0","0","0","0","0","0","0","1","1","0","0","0","0","0","0","0","1","0","0","0","0","0","0","0","0","0","0","0","0","0","0","4","0","39.9501","-75.1457","","CRASH_2001_Philadelphia"
"2002033621","06","67","67301","67301","2001","10","7","0935","09","1","2","1","7","2","","","N","00","0","00","3","0","1","1","1","N","N","39 53:09.240","75 12:47.520","0950","","0940","1","2","1","N","","0 ","N","","","","","","","","","1","1","0","0","0","0","0","0","0","0","0","1","1","0","0","0","0","0","0","0","0","0","0","0","0","0","0","0","0","0","0","0","0","0","0","4","0","39.8872","-75.2046","","CRASH_2001_Philadelphia"
"2002037218","06","67","67301","67301","2001","10","6","2005","20","3","1","0","8","1","","","N","01","2","00","3","0","1","3","2","N","N","39 59:25.950","75 06:56.852","0809","","0808","","0","","N","","3 ","","","","","","","","","","1","1","0","0","0","0","0","0","0","0","0","1","1","0","0","0","0","0","0","0","0","0","0","0","0","0","0","0","0","0","0","0","1","0","0","4","0","39.9905","-75.1157","","CRASH_2001_Philadelphia"
"2002037867","06","67","67301","67301","2001","11","6","1145","11","1","1","0","4","1","","","N","01","2","00","3","0","0","2","3","N","N","40 01:41.368","75 02:20.333","1149","","1148","","0","","N","","3 ","","","","","","","","","","3","3","0","0","0","0","0","0","0","0","0","0","0","0","0","0","0","0","0","1","0","0","0","0","0","0","0","0","0","0","0","0","0","0","0","0","0","40.0257","-75.0316","","CRASH_2001_Philadelphia"
"2002040160","06","67","67301","67301","2001","11","2","0036","00","3","1","1","4","1","","","N","01","2","00","3","0","0","2","2","N","N","40 04:50.756","75 01:41.834","0046","","0044","","0","","N","","3 ","","","","","","","","","","2","2","0","0","0","0","0","0","0","0","0","0","0","0","0","0","0","0","0","1","0","0","0","0","0","0","0","0","0","0","0","0","0","0","0","0","0","40.0808","-75.0286","","CRASH_2001_Philadelphia"
"2002026355","06","67","67301","67301","2001","08","3","1058","10","1","1","0","4","1","","","N","00","0","00","3","0","0","2","2","N","N","39 55:26.000","75 14:42.000","1201","","1102","","0","","N","","0 ","","","","","","","","","","2","2","0","0","0","0","0","0","0","0","0","0","0","0","0","0","0","0","0","0","1","1","0","0","0","0","0","0","0","0","0","0","0","0","0","0","0","39.9239","-75.245","","CRASH_2001_Philadelphia"
"2002029539","06","67","67301","67301","2001","07","3","1541","15","1","2","1","2","1","","","N","00","0","00","3","0","1","3","2","N","N","40 00:02.009","75 08:35.354","1549","","1542","","0","","N","","0 ","","","","","","","","","","2","1","0","0","1","0","0","0","0","0","0","1","1","0","0","0","0","1","0","0","0","0","0","0","0","0","0","0","0","0","0","0","0","0","0","4","0","40.0006","-75.1432","","CRASH_2001_Philadelphia"
"2002037146","06","67","67301","67301","2001","11","6","0655","06","1","1","0","4","1","","","N","01","2","00","3","0","1","3","7","N","N","39 57:24.591","75 12:40.741","0655","","0655","","0","","N","","3 ","","","","","","","","","","7","7","0","0","0","0","0","0","0","0","0","1","1","0","0","0","0","0","0","0","0","0","0","3","0","0","0","0","0","0","0","0","0","0","0","4","0","39.9552","-75.2116","","CRASH_2001_Philadelphia"
"2002023687","06","67","67301","67301","2001","09","1","1133","11","1","1","0","1","1","","","N","00","2","00","3","0","2","4","3","N","N","40 03:04.320","75 02:12.480","1151","","1148","","0","","N","","3 ","","","","","","","","","","3","3","0","0","0","0","0","0","0","0","0","2","2","0","0","0","0","0","0","0","1","0","0","0","0","0","0","0","0","0","0","0","0","0","0","4","0","40.0513","-75.0367","","CRASH_2001_Philadelphia"
"2002026563","06","67","67301","67301","2001","08","5","0132","01","3","1","0","1","6","","","N","00","2","00","3","0","1","1","2","N","N","40 00:33.133","75 09:02.943","0135","","0133","","0","","N","","2 ","","","","","","","","","","2","2","0","0","0","0","0","0","0","0","1","0","1","0","0","0","0","0","0","0","0","0","0","1","0","0","0","0","0","0","0","0","0","0","0","3","0","40.0092","-75.1508","","CRASH_2001_Philadelphia"
"2002028081","06","67","67301","67301","2001","08","4","0205","02","3","1","0","5","6","","","N","00","0","00","3","0","0","1","6","N","N","39 59:37.102","75 09:09.964","0210","","0152","","0","","N","","0 ","","","","","","","","","","6","5","1","0","0","0","0","0","0","0","0","0","0","0","0","0","0","0","0","1","0","0","0","0","0","0","0","0","0","0","0","0","0","0","0","0","0","39.9937","-75.1527","","CRASH_2001_Philadelphia"
"2002060069","06","67","67301","68M03","2001","10","4","0140","01","3","1","0","7","4","","","N","01","2","00","3","0","0","1","1","N","N","40 02:01.753","75 04:27.949","0141","","0140","","0","","N","","3 ","","","","","","","","","","1","1","0","0","0","0","0","0","0","0","0","0","0","0","0","0","0","0","0","0","0","0","0","0","0","0","0","0","0","0","0","0","0","0","0","0","0","40.034","-75.0744","","CRASH_2001_Philadelphia"
"2002022781","06","67","67301","67301","2001","07","2","0508","05","3","1","1","2","1","","","N","01","2","00","3","0","1","2","2","N","N","40 03:14.685","75 09:20.088","9999","","9999","","0","","N","","3 ","","","","","","","","","","2","2","0","0","0","0","0","0","0","0","1","0","1","0","0","0","0","0","0","0","0","0","0","0","0","0","0","0","0","0","0","0","0","0","0","3","0","40.0541","-75.1555","","CRASH_2001_Philadelphia"
"2002023685","06","67","67301","67301","2001","08","6","1435","14","1","1","0","8","1","","","N","02","1","00","3","0","1","2","2","N","N","40 01:52.320","75 01:18.480","1440","","1435","1","1","1","N","","3 ","Y","","","","","","","","","1","1","0","0","0","0","0","0","0","0","1","0","1","0","0","0","0","0","0","0","0","0","0","1","0","0","0","0","0","0","0","0","1","0","0","3","0","40.0312","-75.0217","","CRASH_2001_Philadelphia"
"2002029737","06","67","67301","67301","2001","09","4","2200","22","2","1","0","4","1","","","N","05","2","00","3","0","0","7","2","N","N","39 54:36.252","75 09:48.020","2222","","2217","","0","","N","","3 ","","","","","","","","","","2","2","0","0","0","0","0","0","0","0","0","0","0","0","0","0","0","0","0","0","0","0","0","0","0","0","0","0","0","0","0","0","0","0","0","0","0","39.9101","-75.1633","","CRASH_2001_Philadelphia"
"2002031475","06","67","67301","67301","2001","09","5","2215","22","6","1","0","4","1","","","N","05","2","00","3","0","2","3","2","N","N","39 57:49.142","75 13:10.156","2221","","2219","","0","","N","","3 ","","","","","","","","","","2","1","1","0","0","0","0","0","0","0","1","1","2","0","0","0","0","0","0","0","0","0","0","0","0","0","0","0","0","0","0","0","0","0","0","3","0","39.9638","-75.2201","","CRASH_2001_Philadelphia"
"2002037310","06","67","67301","67301","2001","11","5","1347","13","1","2","1","1","6","","","N","02","0","00","3","0","0","1","2","N","N","39 59:20.383","75 09:52.571","1352","","1347","","0","","N","","0 ","","","","","","","","","","2","2","0","0","0","0","0","0","0","0","0","0","0","0","0","0","0","0","0","0","0","0","0","0","0","0","0","0","0","0","0","0","0","0","0","0","0","39.989","-75.1646","","CRASH_2001_Philadelphia"
"2002010727","06","67","67301","67301","2001","06","2","2305","23","3","1","1","1","1","","","N","05","2","00","3","0","5","5","3","N","N","40 02:51.211","75 08:34.487","2315","","2315","","0","","N","","9 ","","","","","","","","","","3","3","0","0","0","0","0","0","0","0","0","5","5","0","0","0","0","0","0","0","1","0","0","0","0","0","0","0","0","0","0","0","0","0","0","4","0","40.0475","-75.1429","","CRASH_2001_Philadelphia"