"CRN","DISTRICT","COUNTY","MUNICIPALITY","POLICE_AGCY","CRASH_YEAR","CRASH_MONTH","DAY_OF_WEEK","TIME_OF_DAY","HOUR_OF_DAY","ILLUMINATION","WEATHER","ROAD_CONDITION","COLLISION_TYPE","RELATION_TO_ROAD","WORK_ZONE_TYPE","WORK_ZONE_LOC","WORK_ZONE_IND","INTERSECT_TYPE","TCD_TYPE","LOCATION_TYPE","URBAN_RURAL","FATAL_COUNT","INJURY_COUNT","PERSON_COUNT","TOTAL_UNITS","SCH_BUS_IND","SCH_ZONE_IND","LATITUDE","LONGITUDE","ARRIVAL_TM","CONS_ZONE_SPD_LIM","DISPATCH_TM","EST_HRS_CLOSED","LANE_CLOSED","LN_CLOSE_DIR","NTFY_HIWY_MAINT","SPEC_JURIS_CD","TCD_FUNC_CD","TFC_DETOUR_IND","WORKERS_PRES","WZ_CLOSE_DETOUR","WZ_FLAGGER","WZ_LAW_OFFCR_IND","WZ_LN_CLOSURE","WZ_MOVING","WZ_OTHER","WZ_SHLDER_MDN","VEHICLE_COUNT","AUTOMOBILE_COUNT","MOTORCYCLE_COUNT","BUS_COUNT","SMALL_TRUCK_COUNT","HEAVY_TRUCK_COUNT","SUV_COUNT","VAN_COUNT","BICYCLE_COUNT","MAJ_INJ_COUNT","MOD_INJ_COUNT","MIN_INJ_COUNT","TOT_INJ_COUNT","UNK_INJ_DEG_COUNT","UNK_INJ_PER_COUNT","DRIVER_COUNT_16YR","DRIVER_COUNT_17YR","DRIVER_COUNT_18YR","DRIVER_COUNT_19YR","DRIVER_COUNT_20YR","DRIVER_COUNT_50_64YR","DRIVER_COUNT_65_74YR","DRIVER_COUNT_75PLUS","UNBELTED_OCC_COUNT","UNB_DEATH_COUNT","UNB_MAJ_INJ_COUNT","BELTED_DEATH_COUNT","BELTED_MAJ_INJ_COUNT","MCYCLE_DEATH_COUNT","MCYCLE_MAJ_INJ_COUNT","BICYCLE_DEATH_COUNT","BICYCLE_MAJ_INJ_COUNT","PED_COUNT","PED_DEATH_COUNT","PED_MAJ_INJ_COUNT","MAX_SEVERITY_LEVEL","COMM_VEH_COUNT","DEC_LAT","DEC_LONG","RDWY_SURF_TYPE_CD","COUNTY_YEAR"
"2002016704","06","67","67301","67301","2001","07","4","1430","14","1","1","0","7","5","","","N","01","2","00","3","0","1","2","1","N","N","39 57:21.140","75 11:29.294","1445","","1436","1","1","3","N","","3 ","N","","","","","","","","","1","1","0","0","0","0","0","0","0","0","0","1","1","0","0","0","0","0","0","0","1","0","0","0","0","0","0","0","0","0","0","0","0","0","0","4","0","39.9558","-75.1915","","CRASH_2001_Philadelphia"
"2002018877","06","67","67301","67301","2001","08","1","0410","04","3","1","0","4","1","","","N","01","2","00","3","0","0","2","2","N","N","40 00:22.978","75 11:37.938","0415","","0411","","0","","N","","3 ","","","","","","","","","","2","1","0","0","1","0","0","0","0","0","0","0","0","0","0","0","0","0","0","0","0","0","0","0","0","0","0","0","0","0","0","0","0","0","0","0","0","40.0268","-75.0981","","CRASH_2001_Philadelphia"
"2002023767","06","67","67301","67301","2001","08","4","1443","14","1","1","0","1","1","","","N","00","0","00","3","0","2","6","6","N","N","40 00:52.560","75 10:42.240","1450","","1443","2","2","2","N","","0 ","N","","","","","","","","","6","6","0","0","0","0","0","0","0","2","0","0","2","0","0","0","0","0","0","0","2","1","0","0","0","0","0","2","0","0","0","0","0","0","0","2","0","40.0145","-75.1783","","CRASH_2001_Philadelphia"
"2002025062","06","67","67301","67301","2001","08","2","1205","12","1","1","0","4","2","","","N","01","2","00","3","0","1","3","2","N","N","39 57:48.073","75 10:09.668","1225","","1220","","0","","N","","3 ","","","","","","","","","","1","1","0","0","0","0","0","0","1","0","0","1","1","0","0","0","0","0","0","0","0","0","0","0","0","0","0","0","0","0","0","0","0","0","0","4","0","39.9634","-75.1694","","CRASH_2001_Philadelphia"
"2002027878","06","67","67301","67301","2001","09","6","0833","08","1","2","1","4","1","","","N","01","2","00","3","0","0","2","2","N","N","39 56:17.760","75 11:55.420","0837","","0834","","0","","N","","3 ","","","","","","","","","","2","1","0","0","1","0","0","0","0","0","0","0","0","0","0","0","0","0","0","0","0","0","0","0","0","0","0","0","0","0","0","0","0","0","0","0","0","39.938","-75.1987","","CRASH_2001_Philadelphia"
"2002031489","06","67","67301","67301","2001","10","6","2217","22","3","1","0","6","1","","","N","02","3","00","3","0","2","3","2","N","N","39 59:28.212","75 14:52.892","2217","","2217","","0","","N","","3 ","","","","","","","","","","2","2","0","0","0","0","0","0","0","0","0","2","2","0","0","0","0","0","0","2","0","0","0","2","0","0","0","0","0","0","0","0","0","0","0","4","0","39.9911","-75.2479","","CRASH_2001_Philadelphia"
"2002037039","06","67","67301","67301","2001","12","7","1226","12","1","1","0","2","1","","","N","01","2","00","3","0","1","2","2","N","N","40 02:40.075","75 11:35.275","1230","","1226","","0","","N","","3 ","","","","","","","","","","1","1","0","0","0","0","0","0","0","0","1","0","1","0","0","0","0","0","0","0","1","0","0","1","0","0","0","0","0","0","0","0","1","0","0","3","0","40.0446","-75.1931","","CRASH_2001_Philadelphia"
"2002040613","06","67","67301","67301","2001","12","4","2330","23","3","1","0","4","1","","","N","01","0","00","3","0","1","2","2","N","N","40 01:48.671","75 02:06.878","1203","","2358","","0","","N","","0 ","","","","","","","","","","2","1","0","1","0","0","0","0","0","0","0","1","1","0","0","0","0","0","0","0","1","0","0","0","0","0","0","0","0","0","0","0","0","0","0","4","1","40.0301","-75.0352","","CRASH_2001_Philadelphia"
"2002045142","06","67","67301","67301","2001","12","1","1115","11","1","1","0","4","1","","","N","02","0","00","3","0","0","7","2","N","N","","","1121","","1118","","0","","N","","0 ","","","","","","","","","","2","2","0","0","0","0","0","0","0","0","0","0","0","0","0","0","0","0","0","0","1","0","0","0","0","0","0","0","0","0","0","0","0","0","0","0","0","","","","CRASH_2001_Philadelphia"
"2002018367","06","67","67301","67301","2001","08","2","0002","00","3","2","1","7","3","1","8","Y","00","2","00","3","0","1","2","1","N","N","39 58:22.044","75 12:59.068","0013","15","1202","","9","","N","","3 ","U","N","","","U","","","","Y","1","1","0","0","0","0","0","0","0","0","1","0","1","0","0","0","0","0","0","0","0","0","0","0","0","0","0","0","0","0","0","0","0","0","0","3","0","39.9728","-75.2163","","CRASH_2001_Philadelphia"
"2002018722","06","67","67301","67504","2001","08","5","0930","09","1","1","0","1","1","","","N","00","2","00","3","0","1","2","2","N","N","39 57:16.200","75 11:32.280","0945","","0942","","0","","N","","3 ","","","","","","","","","","2","2","0","0","0","0","0","0","0","0","1","0","1","0","0","0","0","0","0","0","0","0","0","0","0","0","0","0","0","0","0","0","0","0","0","3","0","39.9544","-75.1922","","CRASH_2001_Philadelphia"
"2002023740","06","67","67301","67301","2001","08","7","0124","01","3","1","0","5","6","","","N","00","2","00","3","0","0","4","3","N","N","39 59:54.344","75 10:41.749","0128","","0124","","0","","N","","3 ","","","","","","","","","","3","3","0","0","0","0","0","0","0","0","0","0","0","0","4","0","0","0","0","0","0","0","0","0","0","0","0","0","0","0","0","0","0","0","0","9","0","39.9985","-75.1783","","CRASH_2001_Philadelphia"
"2002041651","06","67","67301","67301","2001","12","3","1342","13","1","1","0","2","1","","","N","01","3","00","3","0","3","5","2","N","N","40 01:01.575","75 08:58.471","1350","","1343","","0","","N","","3 ","","","","","","","","","","2","2","0","0","0","0","0","0","0","0","0","3","3","0","0","0","0","0","0","0","0","0","0","0","0","0","0","0","0","0","0","0","0","0","0","4","0","40.0169","-75.1495","","CRASH_2001_Philadelphia"
"2002043638","06","67","67301","67301","2001","12","1","2150","21","3","1","0","5","1","","","N","00","0","00","3","0","1","2","2","N","N","39 58:30.646","75 11:42.177","2152","","2151","","0","","N","","0 ","","","","","","","","","","2","1","0","0","0","0","0","0","0","0","0","1","1","0","1","0","0","0","0","0","0","0","0","0","0","0","0","0","0","0","0","0","0","0","0","4","0","39.9752","-75.1951","","CRASH_2001_Philadelphia"
"2002045777","06","67","67301","67301","2001","10","4","0911","09","1","1","1","4","1","","","N","01","3","00","3","0","0","2","2","N","N","39 57:47.110","75 09:29.558","0920","","0916","","0","","N","","3 ","","","","","","","","","","2","2","0","0","0","0","0","0","0","0","0","0","0","0","0","0","0","0","0","0","0","0","0","0","0","0","0","0","0","0","0","0","0","0","0","0","0","39.9629","-75.1584","","CRASH_2001_Philadelphia"
"2002045844","06","67","67301","67301","2001","10","2","1440","14","1","1","0","1","1","","","N","00","0","00","3","0","1","3","2","N","N","40 00:33.120","75 10:06.600","1440","","1440","","0","","N","","0 ","","","","","","","","","","2","1","0","0","1","0","0","0","0","0","0","1","1","0","0","0","0","0","0","0","1","0","1","1","0","0","0","0","0","0","0","0","0","0","0","4","0","40.0091","-75.1684","","CRASH_2001_Philadelphia"
"2001400036","06","67","67301","67301","2001","01","7","0241","02","3","1","0","4","1","","","N","01","2","00","3","1","3","4","2","N","N","39 59:16.080","75 10:50.160","9999","","9999","","0","","N","9","3 ","","","","","","","","","","2","1","0","0","0","0","1","0","0","2","0","1","3","0","0","0","0","0","0","0","0","0","0","0","0","0","0","0","0","0","0","0","0","0","0","1","0","39.9878","-75.1806","2 ","CRASH_2001_Philadelphia"
"2001400473","06","67","67301","67301","2001","06","3","2111","21","3","1","0","7","1","","","N","00","0","00","3","1","1","2","2","N","N","40 05:21.840","75 01:14.520","9999","","9999","","0","","N","9","0 ","","","","","","","","","","2","1","0","0","0","0","1","0","0","0","1","0","1","0","0","0","0","0","0","0","0","0","0","0","0","0","0","0","0","0","0","0","0","0","0","1","0","40.0892","-75.0207","2 ","CRASH_2001_Philadelphia"
"2002012136","06","67","67301","67301","2001","07","1","2028","20","3","1","0","8","1","","","N","01","2","00","3","0","1","2","2","N","N","39 57:25.471","75 12:47.940","2045","","2038","","0","","N","","3 ","","","","","","","","","","1","1","0","0","0","0","0","0","0","0","1","0","1","0","0","0","0","0","0","0","0","0","0","0","0","0","0","0","0","0","0","0","1","0","0","3","0","39.9555","-75.2136","","CRASH_2001_Philadelphia"
"2002013175","06","67","67301","67301","2001","07","6","0845","08","1","1","0","4","1","","","N","03","2","00","3","0","1","2","2","N","N","40 02:09.000","75 09:20.000","0845","","0845","","0","","N","","3 ","","","","","","","","","","1","1","0","0","0","0","0","0","1","0","0","1","1","0","0","0","0","0","0","0","0","0","0","0","0","0","0","0","0","0","0","0","0","0","0","4","0","40.0358","-75.1556","","CRASH_2001_Philadelphia"
"2002032607","06","67","67301","67301","2001","06","5","2205","22","3","1","0","7","4","","","N","01","0","00","3","0","1","1","1","N","N","40 06:16.920","75 00:04.680","2305","","2230","","0","","N","","0 ","","","","","","","","","","1","1","0","0","0","0","0","0","0","0","1","0","1","0","0","0","0","0","0","0","0","0","0","0","0","0","0","0","0","0","0","0","0","0","0","3","0","40.1047","-75.0015","","CRASH_2001_Philadelphia"
"2002039502","06","67","67301","67301","2001","11","7","0800","08","1","1","0","5","1","","","N","01","2","00","3","0","0","2","2","N","N","40 04:10.980","75 03:01.575","1138","","1130","","0","","N","","3 ","","","","","","","","","","2","2","0","0","0","0","0","0","0","0","0","0","0","0","0","0","0","0","0","0","0","0","1","0","0","0","0","0","0","0","0","0","0","0","0","0","0","40.0695","-75.0506","","CRASH_2001_Philadelphia"
"2002045936","06","67","67301","67301","2001","10","2","1800","18","3","1","0","8","1","","","N","01","2","00","3","0","1","2","2","N","N","39 59:43.427","75 09:15.572","1410","","1405","","0","","N","","3 ","","","","","","","","","","1","1","0","0","0","0","0","0","0","0","0","1","1","0","0","0","0","0","0","0","0","0","0","0","0","0","0","0","0","0","0","0","1","0","0","4","0","39.9955","-75.1541","","CRASH_2001_Philadelphia"
"2002020196","06","67","67301","67301","2001","08","2","2030","20","3","1","0","1","7","","","N","06","4","02","3","0","1","2","2","N","N","39 56:54.240","75 11:10.320","2040","","2036","1","1","3","N","","3 ","N","","","","","","","","","2","1","0","0","1","0","0","0","0","0","0","1","1","0","1","0","0","0","0","0","0","0","0","0","0","0","0","0","0","0","0","0","0","0","0","4","0","39.9484","-75.1862","","CRASH_2001_Philadelphia"
"2002037671","06","67","67301","67301","2001","11","6","0206","02","3","1","0","4","1","","","N","01","2","00","3","0","0","2","2","N","N","40 02:11.848","75 03:52.323","0237","","0231","","0","","N","","3 ","","","","","","","","","","2","2","0","0","0","0","0","0","0","0","0","0","0","0","0","0","0","0","0","0","0","0","0","0","0","0","0","0","0","0","0","0","0","0","0","0","0","40.0363","-75.0643","","CRASH_2001_Philadelphia"
"2002041939","06","67","67301","67301","2001","12","2","0015","00","6","1","0","1","1","","","N","00","0","00","3","0","0","2","2","N","N","40 00:33.716","75 04:00.983","0025","","0020","","0","","N","","0 ","","","","","","","","","","2","1","0","0","0","1","0","0","0","0","0","0","0","0","0","0","0","0","0","0","0","1","0","0","0","0","0","0","0","0","0","0","0","0","0","0","1","40.0096","-75.0657","","CRASH_2001_Philadelphia"
"2002044425","06","67","67301","67301","2001","12","1","1540","15","1","1","0","6","1","","","N","01","2","00","3","0","1","2","2","N","N","40 05:17.901","75 02:38.206","1558","","1547","","0","","Y","","3 ","","","","","","","","","","2","2","0","0","0","0","0","0","0","0","0","1","1","0","1","0","0","0","1","1","0","0","0","0","0","0","0","0","0","0","0","0","0","0","0","4","0","40.0883","-75.0437","","CRASH_2001_Philadelphia"
"2002039395","06","67","67301","67301","2001","11","2","1415","14","1","1","0","1","1","","","N","01","2","00","3","0","1","2","2","N","N","39 54:19.440","75 10:24.960","1418","","1418","","0","","N","","3 ","","","","","","","","","","2","2","0","0","0","0","0","0","0","0","0","1","1","0","0","0","0","0","0","0","1","0","0","0","0","0","0","0","0","0","0","0","0","0","0","4","0","39.9054","-75.1736","","CRASH_2001_Philadelphia"
"2002046745","06","67","67301","67301","2001","10","6","1622","16","1","1","0","0","1","","","N","01","3","00","3","0","1","1","2","N","N","39 59:27.938","75 07:56.973","1635","","1623","","0","","N","","3 ","","","","","","","","","","2","0","1","0","1","0","0","0","0","0","1","0","1","0","0","0","0","0","0","0","0","0","0","0","0","0","0","0","0","0","0","0","0","0","0","3","0","39.991","-75.1324","","CRASH_2001_Philadelphia"
"2007056872","06","67","67301","67301","2001","03","5","0753","07","1","1","0","5","1","","","N","00","0","00","3","0","1","1","2","N","N","39 58:45.001","75 07:22.681","0807","","0800","","0","","N","","0 ","","","","","","","","","","2","2","0","0","0","0","0","0","0","0","0","1","1","0","0","0","0","0","0","0","1","0","0","0","0","0","0","0","0","0","0","0","0","0","0","4","0","39.9792","-75.123","","CRASH_2001_Philadelphia"
"2002031835","06","67","67301","67301","2001","10","1","1935","19","3","1","0","4","1","","","N","01","2","00","3","0","1","2","2","N","N","39 55:11.899","75 13:22.170","1948","","1943","","0","","Y","","2 ","","","","","","","","","","2","2","0","0","0","0","0","0","0","0","0","1","1","0","0","0","0","0","0","0","1","0","0","0","0","0","0","0","0","0","0","0","0","0","0","4","0","39.9199","-75.2228","","CRASH_2001_Philadelphia"
"2002042625","06","67","67301","67301","2001","12","7","0212","02","3","1","0","5","1","","","N","00","0","00","3","0","1","2","2","N","N","40 00:32.400","75 11:20.760","0218","","0212","","0","","N","","0 ","","","","","","","","","","2","2","0","0","0","0","0","0","0","0","0","1","1","0","0","0","0","0","0","0","1","0","0","1","0","0","0","0","0","0","0","0","0","0","0","4","0","40.009","-75.1891","","CRASH_2001_Philadelphia"
"2002014560","06","67","67301","67301","2001","07","7","2300","23","3","1","0","5","1","","","N","02","0","00","3","0","0","4","2","N","N","39 57:30.600","75 14:51.360","2310","","2308","","0","","N","","0 ","","","","","","","","","","2","2","0","0","0","0","0","0","0","0","0","0","0","0","3","0","0","0","0","0","0","0","0","0","0","0","0","0","0","0","0","0","0","0","0","9","0","39.9585","-75.2477","","CRASH_2001_Philadelphia"
"2002033699","06","67","67301","67301","2001","11","5","1050","10","1","1","0","1","1","","","N","01","2","00","3","0","0","3","3","N","N","40 02:18.960","75 08:33.360","1104","","1058","","0","","N","","3 ","","","","","","","","","","3","3","0","0","0","0","0","0","0","0","0","0","0","0","0","0","0","0","0","0","0","0","0","1","0","0","0","0","0","0","0","0","0","0","0","0","0","40.0386","-75.1426","","CRASH_2001_Philadelphia"
"2002039377","06","67","67301","67301","2001","11","5","0020","00","3","1","0","4","1","","","N","02","2","00","3","0","4","4","2","N","N","39 57:37.077","75 14:22.453","0023","","0222","","0","","N","","3 ","","","","","","","","","","2","2","0","0","0","0","0","0","0","0","1","3","4","0","0","0","0","0","0","0","0","0","0","0","0","0","0","0","0","0","0","0","0","0","0","3","0","39.9589","-75.2414","","CRASH_2001_Philadelphia"
"2002012661","06","67","67301","67301","2001","06","6","1736","17","1","1","0","4","1","","","N","01","2","00","3","0","2","3","2","N","N","40 00:00.162","75 09:11.622","1755","","1745","","0","","N","","3 ","","","","","","","","","","2","2","0","0","0","0","0","0","0","0","2","0","2","0","0","0","0","0","0","0","0","0","0","1","0","0","0","0","0","0","0","0","0","0","0","3","0","40","-75.1533","","CRASH_2001_Philadelphia"
"2002017587","06","67","67301","67301","2001","08","6","1310","13","1","1","0","8","4","","","N","00","0","07","3","0","1","2","2","N","N","40 00:30.967","75 08:45.521","1431","","1428","","0","","N","","0 ","","","","","","","","","","1","1","0","0","0","0","0","0","0","0","0","1","1","0","0","0","0","0","0","0","0","0","0","0","0","0","0","0","0","0","0","0","1","0","0","4","0","40.0086","-75.1459","","CRASH_2001_Philadelphia"
"2002017677","06","67","67301","67301","2001","08","4","1615","16","1","1","0","8","1","","","N","01","3","00","3","0","1","2","2","N","N","40 02:46.061","75 00:56.826","1623","","1619","","0","","N","","3 ","","","","","","","","","","1","1","0","0","0","0","0","0","0","0","0","1","1","0","0","0","0","0","0","0","0","0","0","0","0","0","0","0","0","0","0","0","1","0","0","4","0","40.028","-75.0592","","CRASH_2001_Philadelphia"
"2002029485","06","67","67301","67301","2001","09","7","1505","15","1","1","0","1","7","","","N","03","4","00","3","0","1","2","2","N","N","39 58:34.999","75 11:45.779","1512","","1510","","0","","N","","3 ","","","","","","","","","","2","2","0","0","0","0","0","0","0","0","0","1","1","0","0","0","0","0","0","0","1","0","0","0","0","0","0","0","0","0","0","0","0","0","0","4","0","39.9761","-75.1956","","CRASH_2001_Philadelphia"
"2002034691","06","67","67301","67301","2001","10","4","0745","07","1","1","0","1","1","","","N","00","0","00","3","0","1","4","2","N","N","40 00:16.993","75 11:45.687","0809","","0755","","0","","N","","0 ","","","","","","","","","","2","1","0","1","0","0","0","0","0","0","0","1","1","0","0","0","0","0","0","0","1","0","0","0","0","0","0","0","0","0","0","0","0","0","0","4","1","40.0049","-75.1961","","CRASH_2001_Philadelphia"
"2002043757","06","67","67301","67301","2001","12","7","0610","06","3","1","0","1","1","","","N","00","0","00","3","0","0","3","6","N","N","40 01:38.858","75 06:37.381","0647","","0638","3","1","1","N","","0 ","N","","","","","","","","","6","6","0","0","0","0","0","0","0","0","0","0","0","0","0","0","0","0","0","0","0","0","0","0","0","0","0","0","0","0","0","0","0","0","0","0","0","40.0276","-75.1104","","CRASH_2001_Philadelphia"
"2002045895","06","67","67301","67301","2001","11","3","2059","20","3","1","0","1","1","","","N","01","0","00","3","0","1","4","2","N","N","40 04:39.554","75 04:15.471","2059","","2059","","0","","N","","0 ","","","","","","","","","","2","2","0","0","0","0","0","0","0","0","0","1","1","0","0","0","0","0","0","0","1","0","0","0","0","0","0","0","0","0","0","0","0","0","0","4","0","40.0777","-75.071","","CRASH_2001_Philadelphia"
"2002037042","06","67","67301","67301","2001","11","4","0905","09","1","1","0","8","1","","","N","01","2","00","3","0","1","2","2","N","N","40 02:35.976","75 09:40.821","0915","","0910","","0","","N","","3 ","","","","","","","","","","1","1","0","0","0","0","0","0","0","0","1","0","1","0","0","0","0","0","0","0","0","0","0","0","0","0","0","0","0","0","0","0","1","0","0","3","0","40.0433","-75.1613","","CRASH_2001_Philadelphia"
"2002037710","06","67","67301","67301","2001","09","2","2350","23","3","1","0","7","4","","","N","00","0","00","3","0","1","1","1","N","N","","","9999","","9999","","0","","N","","0 ","","","","","","","","","","1","1","0","0","0","0","0","0","0","0","0","1","1","0","0","0","0","0","0","0","1","0","0","0","0","0","0","0","0","0","0","0","0","0","0","4","0","","","","CRASH_2001_Philadelphia"
"2002043784","06","67","67301","67301","2001","10","3","1140","11","1","1","0","1","1","","","N","00","0","00","3","0","1","4","4","N","N","","","1220","","1152","","0","","N","","0 ","","","","","","","","","","4","3","0","1","0","0","0","0","0","0","1","0","1","0","0","0","0","0","0","0","1","0","0","0","0","0","0","0","0","0","0","0","0","0","0","3","1","","","","CRASH_2001_Philadelphia"
"2002027034","06","67","67301","67301","2001","09","3","2325","23","2","1","0","7","5","","","N","00","0","00","3","0","1","1","1","N","N","39 55:33.600","75 11:39.480","2330","","2325","","0","","N","","0 ","","","","","","","","","","1","1","0","0","0","0","0","0","0","1","0","0","1","0","0","0","0","0","0","0","0","0","0","0","0","0","0","0","0","0","0","0","0","0","0","2","0","39.9265","-75.1947","","CRASH_2001_Philadelphia"
"2002035130","06","67","67301","67301","2001","11","4","1035","10","1","1","0","6","1","","","N","01","0","00","3","0","1","2","2","N","N","39 57:32.179","75 10:19.122","1040","","1030","","0","","N","","0 ","","","","","","","","","","2","2","0","0","0","0","0","0","0","0","0","1","1","0","0","0","0","0","0","0","0","0","1","0","0","0","0","0","0","0","0","0","0","0","0","4","0","39.9589","-75.172","","CRASH_2001_Philadelphia"
"2002035570","06","67","67301","67504","2001","11","6","1501","15","1","1","0","5","1","","","N","01","2","00","3","0","0","2","2","N","N","39 57:05.009","75 11:57.318","1511","","1506","3","1","2","N","","3 ","N","","","","","","","","","2","1","0","1","0","0","0","0","0","0","0","0","0","0","1","0","0","0","0","0","0","0","0","0","0","0","0","0","0","0","0","0","0","0","0","9","1","39.9507","-75.1993","","CRASH_2001_Philadelphia"
"2002040146","06","67","67301","67301","2001","12","3","0945","09","1","2","1","1","5","","","N","01","2","00","3","0","1","2","2","N","N","40 04:26.000","75 02:04.816","1028","","1025","","0","","N","","9 ","","","","","","","","","","2","2","0","0","0","0","0","0","0","0","1","0","1","0","0","0","0","0","0","0","0","0","0","1","0","0","0","0","0","0","0","0","0","0","0","3","0","40.0742","-75.0347","","CRASH_2001_Philadelphia"
"2002045808","06","67","67301","67301","2001","10","6","2145","21","3","1","0","4","1","","","N","01","3","00","3","0","1","3","3","N","N","","","2156","","2148","","0","","N","","3 ","","","","","","","","","","3","2","0","0","1","0","0","0","0","0","1","0","1","0","0","0","0","1","0","0","0","0","0","3","0","0","0","0","0","0","0","0","0","0","0","3","0","","","","CRASH_2001_Philadelphia"
"2002028531","06","67","67301","67301","2001","09","7","0255","02","3","1","0","6","1","","","N","01","2","00","3","0","2","2","2","N","N","40 05:41.846","75 00:55.041","0302","","0302","","0","","N","","3 ","","","","","","","","","","2","2","0","0","0","0","0","0","0","0","1","1","2","0","0","0","0","0","0","0","0","0","0","0","0","0","0","0","0","0","0","0","0","0","0","3","0","40.0948","-75.0153","","CRASH_2001_Philadelphia"
"2002028828","06","67","67301","67301","2001","09","4","1640","16","1","1","0","4","1","","","N","01","3","00","3","0","1","2","2","N","N","40 03:29.253","75 10:27.889","1655","","1646","","0","","N","","3 ","","","","","","","","","","2","2","0","0","0","0","0","0","0","0","1","0","1","0","0","0","0","0","0","0","0","0","0","0","0","0","0","0","0","0","0","0","0","0","0","3","0","40.0581","-75.1743","","CRASH_2001_Philadelphia"
"2002045825","06","67","67301","67301","2001","10","3","1700","17","1","1","0","4","1","","","N","00","0","07","3","0","1","4","3","N","N","39 58:37.151","75 13:34.781","1705","","1700","","9","","N","","0 ","U","","","","","","","","","3","3","0","0","0","0","0","0","0","0","0","1","1","0","0","0","0","0","0","0","0","0","0","0","0","0","0","0","0","0","0","0","0","0","0","4","0","39.9769","-75.2262","","CRASH_2001_Philadelphia"
"2002039370","06","67","67301","67301","2001","11","2","1204","12","1","1","0","4","1","","","N","01","2","00","3","0","1","7","3","N","N","39 57:49.142","75 13:10.156","1219","","1204","","0","","N","","3 ","","","","","","","","","","3","2","0","0","0","1","0","0","0","0","0","1","1","0","1","0","0","0","0","0","1","0","0","1","0","0","0","0","0","0","0","0","0","0","0","4","1","39.9638","-75.2201","","CRASH_2001_Philadelphia"
"2002044068","06","67","67301","67301","2001","09","3","1130","11","1","1","0","5","1","","","N","00","0","00","3","0","1","2","2","N","N","39 57:15.000","75 09:47.475","0935","","0930","9","2","2","N","","0 ","N","","","","","","","","","1","1","0","0","0","0","0","0","1","0","0","1","1","0","0","0","0","0","0","0","0","0","0","0","0","0","0","0","0","0","0","0","0","0","0","4","0","39.9542","-75.1632","","CRASH_2001_Philadelphia"
"2008047930","06","67","67301","67301","2001","01","1","1515","15","1","1","0","4","1","","","N","01","2","00","3","0","11","13","5","Y","N","40 02:28.801","75 06:24.127","1533","","1520","4","2","3","","","3 ","Y","","","","","","","","","5","4","0","1","0","0","0","0","0","0","0","11","11","0","0","0","0","0","0","0","2","0","0","0","0","0","0","0","0","0","0","0","0","0","0","4","1","40.0413","-75.1067","","CRASH_2001_Philadelphia"
"2002018874","06","67","67301","67301","2001","08","2","2220","22","3","1","0","5","1","","","N","01","2","00","3","0","1","4","2","N","N","40 02:25.080","75 03:30.600","2230","","2224","","0","","N","","3 ","","","","","","","","","","2","2","0","0","0","0","0","0","0","0","0","1","1","0","2","0","0","0","0","0","0","0","0","0","0","0","0","0","0","0","0","0","0","0","0","4","0","40.0402","-75.0584","","CRASH_2001_Philadelphia"
"2002037153","06","67","67301","67301","2001","12","1","1745","17","3","1","0","1","1","","","N","03","0","00","3","0","1","2","2","N","N","40 04:56.781","75 02:15.900","1751","","1750","","0","","N","","0 ","","","","","","","","","","2","2","0","0","0","0","0","0","0","0","0","1","1","0","0","0","0","0","0","0","1","0","0","0","0","0","0","0","0","0","0","0","0","0","0","4","0","40.0825","-75.0378","","CRASH_2001_Philadelphia"
"2002039617","06","67","67301","67301","2001","12","7","1154","11","1","2","1","1","1","","","N","01","2","00","3","0","1","2","2","N","N","39 56:33.780","75 09:56.067","1235","","1154","","0","","N","","3 ","","","","","","","","","","2","2","0","0","0","0","0","0","0","0","0","1","1","0","0","0","0","0","0","0","0","0","0","1","0","0","0","0","0","0","0","0","0","0","0","4","0","39.9428","-75.1656","","CRASH_2001_Philadelphia"
"2002043998","06","67","67301","67301","2001","11","5","1745","17","3","1","0","8","1","","","N","03","2","00","3","0","1","2","2","N","N","40 00:24.482","75 07:54.906","2147","","2138","","0","","N","","3 ","","","","","","","","","","1","1","0","0","0","0","0","0","0","0","0","1","1","0","0","0","0","0","0","0","0","0","0","0","0","0","0","0","0","0","0","0","1","0","0","4","0","40.0068","-75.1319","","CRASH_2001_Philadelphia"
"2002045911","06","67","67301","67301","2001","10","4","1430","14","1","1","0","1","7","","","N","06","0","02","3","0","1","3","2","N","N","39 57:27.360","75 08:56.400","1438","","1437","","0","","N","","0 ","","","","","","","","","","2","1","0","0","0","1","0","0","0","0","0","1","1","0","0","0","0","0","0","0","0","1","0","0","0","0","0","0","0","0","0","0","0","0","0","4","0","39.9577","-75.1489","","CRASH_2001_Philadelphia"
"2002014122","06","67","67301","67301","2001","07","3","1645","16","1","1","0","1","1","","","N","01","0","00","3","0","1","2","2","N","N","","","1652","","1648","","0","","N","","0 ","","","","","","","","","","2","2","0","0","0","0","0","0","0","0","1","0","1","0","0","0","0","0","0","0","1","0","0","1","0","0","0","0","0","0","0","0","0","0","0","3","0","","","","CRASH_2001_Philadelphia"
"2002029764","06","67","67301","67301","2001","09","4","0727","07","1","1","0","4","1","","","N","01","2","00","3","0","0","2","2","N","N","40 03:42.413","75 08:12.443","0733","","0728","","0","","N","","3 ","","","","","","","","","","2","2","0","0","0","0","0","0","0","0","0","0","0","0","0","0","0","0","0","0","0","0","0","0","0","0","0","0","0","0","0","0","0","0","0","0","0","40.0619","-75.1367","","CRASH_2001_Philadelphia"