"CRN","DISTRICT","COUNTY","MUNICIPALITY","POLICE_AGCY","CRASH_YEAR","CRASH_MONTH","DAY_OF_WEEK","TIME_OF_DAY","HOUR_OF_DAY","ILLUMINATION","WEATHER","ROAD_CONDITION","COLLISION_TYPE","RELATION_TO_ROAD","WORK_ZONE_TYPE","WORK_ZONE_LOC","WORK_ZONE_IND","INTERSECT_TYPE","TCD_TYPE","LOCATION_TYPE","URBAN_RURAL","FATAL_COUNT","INJURY_COUNT","PERSON_COUNT","TOTAL_UNITS","SCH_BUS_IND","SCH_ZONE_IND","LATITUDE","LONGITUDE","ARRIVAL_TM","CONS_ZONE_SPD_LIM","DISPATCH_TM","EST_HRS_CLOSED","LANE_CLOSED","LN_CLOSE_DIR","NTFY_HIWY_MAINT","SPEC_JURIS_CD","TCD_FUNC_CD","TFC_DETOUR_IND","WORKERS_PRES","WZ_CLOSE_DETOUR","WZ_FLAGGER","WZ_LAW_OFFCR_IND","WZ_LN_CLOSURE","WZ_MOVING","WZ_OTHER","WZ_SHLDER_MDN","VEHICLE_COUNT","AUTOMOBILE_COUNT","MOTORCYCLE_COUNT","BUS_COUNT","SMALL_TRUCK_COUNT","HEAVY_TRUCK_COUNT","SUV_COUNT","VAN_COUNT","BICYCLE_COUNT","MAJ_INJ_COUNT","MOD_INJ_COUNT","MIN_INJ_COUNT","TOT_INJ_COUNT","UNK_INJ_DEG_COUNT","UNK_INJ_PER_COUNT","DRIVER_COUNT_16YR","DRIVER_COUNT_17YR","DRIVER_COUNT_18YR","DRIVER_COUNT_19YR","DRIVER_COUNT_20YR","DRIVER_COUNT_50_64YR","DRIVER_COUNT_65_74YR","DRIVER_COUNT_75PLUS","UNBELTED_OCC_COUNT","UNB_DEATH_COUNT","UNB_MAJ_INJ_COUNT","BELTED_DEATH_COUNT","BELTED_MAJ_INJ_COUNT","MCYCLE_DEATH_COUNT","MCYCLE_MAJ_INJ_COUNT","BICYCLE_DEATH_COUNT","BICYCLE_MAJ_INJ_COUNT","PED_COUNT","PED_DEATH_COUNT","PED_MAJ_INJ_COUNT","MAX_SEVERITY_LEVEL","COMM_VEH_COUNT","DEC_LAT","DEC_LONG","RDWY_SURF_TYPE_CD","COUNTY_YEAR"
"2002035214","06","67","67301","67301","2001","10","6","0900","09","1","1","0","8","1","","","N","01","2","00","3","0","1","2","2","N","N","40 00:17.837","75 09:07.988","0913","","0906","","0","","N","","3 ","","","","","","","","","","1","1","0","0","0","0","0","0","0","0","1","0","1","0","0","0","0","0","0","0","0","0","0","0","0","0","0","0","0","0","0","0","1","0","0","3","0","40.0047","-75.1521","","CRASH_2001_Philadelphia"
"2002038290","06","67","67301","67301","2001","11","6","0810","08","1","1","0","4","1","","","N","01","3","00","3","0","1","2","2","N","N","40 01:36.356","75 05:22.341","0858","","0847","","0","","N","","2 ","","","","","","","","","","2","2","0","0","0","0","0","0","0","0","0","1","1","0","0","0","0","0","0","0","0","0","0","0","0","0","0","0","0","0","0","0","0","0","0","4","0","40.0272","-75.0892","","CRASH_2001_Philadelphia"
"2002039437","06","67","67301","67301","2001","11","1","2050","20","3","1","0","8","1","","","N","00","0","00","3","0","1","3","2","N","N","40 02:34.278","75 00:40.139","2059","","2052","","0","","N","","0 ","","","","","","","","","","1","0","0","0","1","0","0","0","0","0","0","1","1","0","0","0","0","0","0","0","0","0","0","0","0","0","0","0","0","0","0","0","1","0","0","4","0","40.0429","-75.0112","","CRASH_2001_Philadelphia"
"2002045138","06","67","67301","67301","2001","12","5","1300","13","1","1","0","1","1","","","N","00","0","00","3","0","1","4","3","N","N","39 59:54.610","75 13:55.670","1320","","1309","","0","","N","","0 ","","","","","","","","","","3","2","0","0","1","0","0","0","0","0","0","1","1","0","0","0","0","0","0","0","2","0","1","4","0","0","0","0","0","0","0","0","0","0","0","4","0","39.9985","-75.2321","","CRASH_2001_Philadelphia"
"2002028514","06","67","67301","67301","2001","09","6","2311","23","3","1","0","8","1","","","N","02","2","00","3","0","1","2","2","N","N","39 58:25.395","75 13:10.737","2316","","2314","","0","","N","","3 ","","","","","","","","","","1","1","0","0","0","0","0","0","0","0","0","1","1","0","0","0","0","0","0","0","0","0","0","0","0","0","0","0","0","0","0","0","1","0","0","4","0","39.9737","-75.2195","","CRASH_2001_Philadelphia"
"2002029464","06","67","67301","67301","2001","09","3","0724","07","1","1","0","6","1","","","N","01","2","00","3","0","2","3","3","N","N","","","0734","","0729","","0","","N","","3 ","","","","","","","","","","2","2","0","0","0","0","0","0","1","0","0","2","2","0","0","0","0","0","0","0","0","0","0","0","0","0","0","0","0","0","0","0","0","0","0","4","0","","","","CRASH_2001_Philadelphia"
"2002031122","06","67","67301","67301","2001","07","7","1009","10","1","1","0","6","1","","","N","01","2","00","3","0","1","2","2","N","N","39 58:48.841","75 12:50.548","1012","","1010","","0","","N","","3 ","","","","","","","","","","2","2","0","0","0","0","0","0","0","0","1","0","1","0","0","0","0","0","0","0","0","0","0","0","0","0","0","0","0","0","0","0","0","0","0","3","0","39.9803","-75.2141","","CRASH_2001_Philadelphia"
"2002031481","06","67","67301","67301","2001","10","1","1220","12","1","1","0","4","1","","","N","01","2","00","3","0","1","3","2","N","N","39 56:23.089","75 11:53.331","1230","","1225","","0","","Y","","3 ","","","","","","","","","","2","2","0","0","0","0","0","0","0","0","0","1","1","0","2","0","0","0","0","0","0","0","0","0","0","0","0","0","0","0","0","0","0","0","0","4","0","39.939","-75.1983","","CRASH_2001_Philadelphia"
"2002031482","06","67","67301","67301","2001","10","1","1425","14","1","1","0","5","1","","","N","00","0","00","3","0","1","2","2","N","N","39 56:08.000","75 11:21.000","1434","","1430","","0","","N","","0 ","","","","","","","","","","2","1","0","1","0","0","0","0","0","0","0","1","1","0","0","0","0","0","0","0","1","0","0","0","0","0","0","0","0","0","0","0","0","0","0","4","1","39.9356","-75.1892","","CRASH_2001_Philadelphia"
"2002045904","06","67","67301","67301","2001","10","5","0556","05","3","1","0","1","1","","","N","00","0","00","3","0","1","2","2","N","N","40 00:53.386","75 10:39.865","0559","","0556","","0","","N","","0 ","","","","","","","","","","2","1","0","0","0","1","0","0","0","0","0","1","1","0","0","0","0","0","0","0","0","1","0","1","0","0","0","0","0","0","0","0","0","0","0","4","1","40.0148","-75.1777","","CRASH_2001_Philadelphia"
"2002046286","06","67","67301","67301","2001","10","7","2120","21","3","1","0","8","1","","","N","02","0","00","3","0","1","2","2","N","N","40 02:15.905","75 08:19.514","2150","","2144","","9","","N","","0 ","U","","","","","","","","","1","1","0","0","0","0","0","0","0","0","0","1","1","0","0","0","0","0","0","0","0","0","0","0","0","0","0","0","0","0","0","0","1","0","0","4","0","40.0377","-75.1387","","CRASH_2001_Philadelphia"
"2002028258","06","67","67301","67301","2001","09","1","1415","14","1","1","0","1","1","","","N","00","0","00","3","0","0","6","2","N","N","","","1430","","1415","","0","","N","","0 ","","","","","","","","","","2","2","0","0","0","0","0","0","0","0","0","0","0","0","1","0","0","0","0","0","0","0","0","0","0","0","0","0","0","0","0","0","0","0","0","9","0","","","","CRASH_2001_Philadelphia"
"2002048351","06","67","67301","67301","2001","08","3","1528","15","1","1","0","8","1","","","N","01","9","00","3","0","1","3","2","N","N","40 01:04.682","75 08:58.146","1535","","1533","","0","","N","","9 ","","","","","","","","","","1","1","0","0","0","0","0","0","0","0","0","1","1","0","0","0","0","0","0","0","1","0","0","0","0","0","0","0","0","0","0","0","1","0","0","4","0","40.0179","-75.1493","","CRASH_2001_Philadelphia"
"2002026341","06","67","67301","67301","2001","09","1","0131","01","3","1","0","6","1","","","N","02","3","00","3","0","0","4","2","N","N","39 52:34.239","75 15:26.783","0137","","0233","","0","","N","","3 ","","","","","","","","","","2","2","0","0","0","0","0","0","0","0","0","0","0","0","2","0","0","0","1","0","0","0","0","0","0","0","0","0","0","0","0","0","0","0","0","9","0","39.8762","-75.2577","","CRASH_2001_Philadelphia"
"2002032509","06","67","67301","67301","2001","10","1","1745","17","3","1","0","8","1","","","N","01","2","00","3","0","0","2","2","N","N","40 00:32.008","75 08:51.731","1750","","1746","","0","","N","","3 ","","","","","","","","","","1","1","0","0","0","0","0","0","0","0","0","0","0","0","2","0","0","0","0","0","0","0","0","0","0","0","0","0","0","0","0","0","1","0","0","9","0","40.0088","-75.1476","","CRASH_2001_Philadelphia"
"2002032514","06","67","67301","67301","2001","10","6","0652","06","1","1","0","8","1","","","N","00","0","00","3","0","1","2","2","N","N","40 02:20.420","75 08:41.202","0659","","0654","","0","","N","","0 ","","","","","","","","","","1","1","0","0","0","0","0","0","0","0","1","0","1","0","0","0","0","0","0","0","0","0","0","0","0","0","0","0","0","0","0","0","1","0","0","3","0","40.039","-75.1448","","CRASH_2001_Philadelphia"
"2002032681","06","67","67301","67301","2001","10","6","1645","16","1","1","0","2","1","","","N","01","2","00","3","0","0","5","3","N","N","40 02:21.780","75 11:05.460","1648","","1648","","0","","N","","3 ","","","","","","","","","","3","3","0","0","0","0","0","0","0","0","0","0","0","0","0","0","0","0","1","0","0","1","0","0","0","0","0","0","0","0","0","0","0","0","0","0","0","40.0393","-75.1849","","CRASH_2001_Philadelphia"
"2002037697","06","67","67301","67301","2001","12","7","0103","01","3","1","0","7","4","","","N","10","0","00","3","0","0","1","1","N","N","40 07:31.450","75 00:00.140","0103","","0103","","0","","N","","0 ","","","","","","","","","","1","1","0","0","0","0","0","0","0","0","0","0","0","0","0","0","0","0","0","0","0","0","0","0","0","0","0","0","0","0","0","0","0","0","0","0","0","40.1254","-75","","CRASH_2001_Philadelphia"
"2002042599","06","67","67301","67301","2001","12","3","9999","99","3","2","1","7","4","","","N","00","2","00","3","0","1","1","1","N","N","39 56:34.814","75 14:20.644","1230","","1225","","0","","N","","9 ","","","","","","","","","","1","1","0","0","0","0","0","0","0","0","0","1","1","0","0","0","0","0","0","0","0","0","0","0","0","0","0","0","0","0","0","0","0","0","0","4","0","39.943","-75.2391","","CRASH_2001_Philadelphia"
"2002041565","06","67","67301","67301","2001","12","7","1710","17","3","2","1","8","1","","","N","01","2","00","3","0","1","2","2","N","N","40 00:00.177","75 09:12.009","1720","","1715","","0","","N","","3 ","","","","","","","","","","1","1","0","0","0","0","0","0","0","0","0","1","1","0","1","0","0","0","0","0","0","0","0","1","0","0","0","0","0","0","0","0","1","0","0","4","0","40","-75.1531","","CRASH_2001_Philadelphia"
"2002045793","06","67","67301","67301","2001","10","4","1555","15","1","1","0","4","1","","","N","02","0","00","3","0","1","3","3","N","N","40 04:23.204","75 02:50.976","1558","","1555","","0","","N","","0 ","","","","","","","","","","3","2","1","0","0","0","0","0","0","0","0","1","1","0","0","0","0","0","1","0","0","0","0","0","0","0","0","0","0","0","0","0","0","0","0","4","0","40.0729","-75.0476","","CRASH_2001_Philadelphia"
"2002008916","06","67","67301","67301","2001","06","1","2113","21","3","1","0","1","1","","","N","00","0","07","3","0","1","2","2","N","N","39 55:14.918","75 14:48.394","2120","","2113","","0","","N","","0 ","","","","","","","","","","2","1","0","0","1","0","0","0","0","0","0","1","1","0","0","0","0","0","0","0","1","1","0","1","0","0","0","0","0","0","0","0","0","0","0","4","0","39.9209","-75.2466","","CRASH_2001_Philadelphia"
"2002017520","06","67","67301","67301","2001","08","3","1100","11","1","1","0","8","1","","","N","01","2","00","3","0","1","2","2","N","N","39 57:03.786","75 09:55.609","1435","","1430","","0","","N","","3 ","","","","","","","","","","1","1","0","0","0","0","0","0","0","0","1","0","1","0","1","0","0","0","0","0","0","0","0","0","0","0","0","0","0","0","0","0","1","0","0","3","0","39.9495","-75.1658","","CRASH_2001_Philadelphia"
"2002026346","06","67","67301","67301","2001","09","6","0720","07","1","1","0","8","1","","","N","01","2","00","3","0","1","3","2","N","Y","39 56:41.000","75 10:06.000","0730","","0722","","0","","N","","3 ","","","","","","","","","","1","1","0","0","0","0","0","0","0","0","0","1","1","0","0","0","0","0","0","0","0","0","0","0","0","0","0","0","0","0","0","0","1","0","0","4","0","39.9447","-75.1683","","CRASH_2001_Philadelphia"
"2002005861","06","67","67301","67301","2001","11","5","1945","19","3","1","0","4","1","","","N","01","2","00","3","0","3","4","2","N","N","40 03:50.268","75 05:00.457","1950","","1945","","0","","N","","3 ","","","","","","","","","","2","2","0","0","0","0","0","0","0","0","0","3","3","0","0","0","2","0","0","0","0","0","0","0","0","0","0","0","0","0","0","0","0","0","0","4","0","40.0638","-75.0835","","CRASH_2001_Philadelphia"
"2002020034","06","67","67301","67301","2001","06","5","1323","13","1","1","0","4","4","","","N","00","2","07","3","0","1","2","2","N","N","40 00:04.297","75 04:56.335","1330","","1323","","0","","N","","3 ","","","","","","","","","","2","1","0","0","1","0","0","0","0","0","1","0","1","0","0","0","0","0","0","0","0","0","0","0","0","0","0","0","0","0","0","0","0","0","0","3","0","40.0013","-75.082","","CRASH_2001_Philadelphia"
"2002023752","06","67","67301","67301","2001","08","3","1404","14","1","1","1","7","3","","","N","07","0","02","3","0","1","1","1","N","N","","","1416","","1414","","0","","N","","0 ","","","","","","","","","","1","1","0","0","0","0","0","0","0","0","0","1","1","0","0","0","0","0","0","0","0","0","0","0","0","0","0","0","0","0","0","0","0","0","0","4","0","","","","CRASH_2001_Philadelphia"
"2001400381","06","67","67301","67301","2001","05","1","0032","00","3","1","0","4","1","","","N","00","0","00","3","1","0","3","2","N","N","","","9999","","9999","","0","","N","9","0 ","","","","","","","","","","2","1","1","0","0","0","0","0","0","0","0","0","0","0","0","0","0","1","1","0","0","0","0","0","0","0","0","0","1","0","0","0","0","0","0","1","0","","","9 ","CRASH_2001_Philadelphia"
"2002005831","06","67","67301","67301","2001","11","5","2129","21","3","1","0","4","1","","","N","01","2","00","3","0","1","6","2","N","N","39 55:00.000","75 10:16.768","2135","","2131","1","1","1","N","","3 ","Y","","","","","","","","","2","2","0","0","0","0","0","0","0","0","0","1","1","0","0","0","1","0","0","0","0","0","0","0","0","0","0","0","0","0","0","0","0","0","0","4","0","39.9168","-75.1713","","CRASH_2001_Philadelphia"
"2002027110","06","67","67301","67301","2001","08","3","1800","18","1","1","0","8","1","","","N","02","0","00","3","0","1","2","2","N","N","39 59:12.787","75 08:53.577","1804","","1802","","0","","N","","0 ","","","","","","","","","","1","1","0","0","0","0","0","0","0","0","0","1","1","0","0","0","0","0","0","0","1","0","0","0","0","0","0","0","0","0","0","0","1","0","0","4","0","39.9869","-75.1482","","CRASH_2001_Philadelphia"
"2002033604","06","67","67301","67301","2001","10","3","0250","02","3","1","0","7","1","","","N","03","0","00","3","0","0","1","1","N","N","39 53:36.240","75 13:53.040","0305","","0253","","0","","Y","","0 ","","","","","","","","","","1","1","0","0","0","0","0","0","0","0","0","0","0","0","0","0","0","0","0","0","0","0","0","0","0","0","0","0","0","0","0","0","0","0","0","0","0","39.8933","-75.2284","","CRASH_2001_Philadelphia"
"2002045771","06","67","67301","67301","2001","10","5","0741","07","1","1","0","2","1","","","N","01","2","00","3","0","1","2","2","N","N","40 04:16.336","75 02:17.564","0750","","0748","","0","","N","","3 ","","","","","","","","","","2","1","0","0","1","0","0","0","0","0","0","1","1","0","0","0","0","0","0","0","0","0","0","0","0","0","0","0","0","0","0","0","0","0","0","4","0","40.0711","-75.038","","CRASH_2001_Philadelphia"
"2002026550","06","67","67301","67301","2001","07","2","1948","19","1","1","0","1","1","","","N","01","2","00","3","0","1","3","3","N","N","39 56:11.972","75 10:00.829","0951","","0949","","0","","N","","3 ","","","","","","","","","","2","2","0","0","0","0","0","0","0","0","1","0","1","0","1","0","0","0","0","0","0","0","0","1","0","0","0","0","0","0","0","0","1","0","0","3","0","39.9368","-75.1669","","CRASH_2001_Philadelphia"
"2002032097","06","67","67301","67301","2001","10","3","1755","17","1","1","0","4","1","","","N","01","3","00","3","0","1","2","2","N","N","39 57:37.013","75 08:19.505","1758","","1758","1","1","3","N","","3 ","N","","","","","","","","","2","1","1","0","0","0","0","0","0","0","1","0","1","0","0","0","0","0","0","0","1","0","0","0","0","0","0","0","0","0","0","0","0","0","0","3","0","39.9603","-75.1389","","CRASH_2001_Philadelphia"
"2002037391","06","67","67301","67301","2001","12","7","1850","18","6","1","0","1","1","","","N","01","2","00","3","0","1","3","2","N","N","40 03:50.161","75 05:00.861","1924","","1921","","0","","N","","3 ","","","","","","","","","","2","2","0","0","0","0","0","0","0","0","0","1","1","0","0","0","0","1","0","0","1","0","0","0","0","0","0","0","0","0","0","0","0","0","0","4","0","40.0638","-75.0836","","CRASH_2001_Philadelphia"
"2002042596","06","67","67301","67301","2001","12","6","1556","15","1","1","0","8","4","","","N","01","0","00","3","0","1","2","2","N","N","39 56:16.214","75 14:02.185","1610","","1601","","0","","N","","0 ","","","","","","","","","","1","0","1","0","0","0","0","0","0","0","1","0","1","0","0","0","0","0","0","0","1","0","0","0","0","0","0","0","0","0","0","0","1","0","0","3","0","39.9379","-75.2339","","CRASH_2001_Philadelphia"
"2002061071","06","67","67301","67301","2001","05","4","0747","07","1","1","0","4","2","","","N","02","2","00","3","0","3","3","2","N","N","40 03:30.000","74 59:16.007","0825","","0818","","0","","N","","3 ","","","","","","","","","","2","2","0","0","0","0","0","0","0","0","0","3","3","0","0","0","0","0","0","0","1","0","0","3","0","0","0","0","0","0","0","0","0","0","0","4","0","40.0583","-74.988","","CRASH_2001_Philadelphia"
"2002005860","06","67","67301","67301","2001","11","5","1555","15","1","1","0","8","1","","","N","02","2","00","3","0","1","2","2","N","N","39 57:09.000","75 09:54.000","1600","","1557","","0","","N","","3 ","","","","","","","","","","1","1","0","0","0","0","0","0","0","0","0","1","1","0","0","0","1","0","0","0","0","0","0","0","0","0","0","0","0","0","0","0","1","0","0","4","0","39.9526","-75.1654","","CRASH_2001_Philadelphia"
"2002016675","06","67","67301","67301","2001","07","5","0824","08","1","1","0","1","1","","","N","02","2","00","3","0","1","2","2","N","N","40 04:02.021","75 09:57.697","0830","","0827","","0","","N","","3 ","","","","","","","","","","2","1","1","0","0","0","0","0","0","0","1","0","1","0","0","0","0","0","0","0","1","0","0","0","0","0","0","0","0","0","0","0","0","0","0","3","0","40.0672","-75.1661","","CRASH_2001_Philadelphia"
"2002017867","06","67","67301","67301","2001","07","2","1136","11","1","1","0","4","1","","","N","01","3","00","3","0","2","3","2","N","N","39 57:41.000","75 12:08.000","1146","","1141","","0","","N","","3 ","","","","","","","","","","2","1","0","0","1","0","0","0","0","0","0","2","2","0","0","0","0","0","0","0","1","0","0","0","0","0","0","0","0","0","0","0","0","0","0","4","0","39.9614","-75.2022","","CRASH_2001_Philadelphia"
"2002026255","06","67","67301","67301","2001","08","3","0825","08","1","1","0","1","1","","","N","00","0","00","3","0","0","7","3","N","N","40 00:26.280","75 12:49.320","0840","","0837","","0","","N","","0 ","","","","","","","","","","3","3","0","0","0","0","0","0","0","0","0","0","0","0","0","0","0","0","0","1","1","0","0","0","0","0","0","0","0","0","0","0","0","0","0","0","0","40.0075","-75.2131","","CRASH_2001_Philadelphia"
"2002037085","06","67","67301","67301","2001","11","5","1135","11","1","2","1","1","1","","","N","02","2","00","3","0","1","3","2","N","N","40 04:12.678","75 01:52.619","1155","","1141","","0","","N","","3 ","","","","","","","","","","2","2","0","0","0","0","0","0","0","0","0","1","1","0","0","0","0","0","0","0","1","0","0","0","0","0","0","0","0","0","0","0","0","0","0","4","0","40.0702","-75.0313","","CRASH_2001_Philadelphia"
"2002041419","06","67","67301","67301","2001","12","3","1750","17","3","1","0","1","1","","","N","00","0","00","3","0","2","3","2","N","N","39 53:57.159","75 10:31.143","1810","","1759","","0","","N","","0 ","","","","","","","","","","2","0","0","0","2","0","0","0","0","0","1","1","2","0","0","0","0","0","0","0","0","1","0","0","0","0","0","0","0","0","0","0","0","0","0","3","0","39.899","-75.1734","","CRASH_2001_Philadelphia"
"2002043773","06","67","67301","67301","2001","11","4","1204","12","1","1","0","2","1","","","N","01","2","00","3","0","2","2","2","N","N","40 04:28.179","75 02:06.082","1206","","1206","2","1","2","N","","3 ","Y","","","","","","","","","2","2","0","0","0","0","0","0","0","0","0","2","2","0","0","0","0","0","0","0","0","1","0","1","0","0","0","0","0","0","0","0","0","0","0","4","0","40.0743","-75.0348","","CRASH_2001_Philadelphia"
"2002028521","06","67","67301","67301","2001","09","6","1400","14","1","2","1","8","1","","","N","01","2","00","3","0","1","2","2","N","N","39 55:23.780","75 09:40.595","0217","","0214","","0","","N","","3 ","","","","","","","","","","1","0","0","0","0","0","0","0","0","0","1","0","1","0","0","0","0","0","0","0","0","0","0","0","0","0","0","0","0","0","0","0","1","0","0","3","0","39.9233","-75.1612","","CRASH_2001_Philadelphia"
"2002031262","06","67","67301","67301","2001","10","2","0920","09","1","2","1","8","1","","","N","01","2","00","3","0","1","2","2","N","N","40 02:12.649","75 04:47.392","0923","","0921","","0","","N","","3 ","","","","","","","","","","1","1","0","0","0","0","0","0","0","0","0","1","1","0","0","0","0","0","0","0","0","0","0","0","0","0","0","0","0","0","0","0","1","0","0","4","0","40.0369","-75.0799","","CRASH_2001_Philadelphia"
"2002039471","06","67","67301","67301","2001","11","2","2125","21","3","1","0","5","1","","","N","00","0","00","3","0","4","5","2","N","N","39 59:48.000","75 11:54.000","2145","","2131","","0","","N","","0 ","","","","","","","","","","2","2","0","0","0","0","0","0","0","0","0","4","4","0","0","0","0","0","0","0","0","0","0","0","0","0","0","0","0","0","0","0","0","0","0","4","0","39.9967","-75.1983","","CRASH_2001_Philadelphia"
"2002045881","06","67","67301","67301","2001","10","7","1651","16","1","1","0","7","3","","","N","00","0","00","3","0","1","1","1","N","N","39 55:39.711","75 11:44.837","1656","","1651","","0","","N","","0 ","","","","","","","","","","1","1","0","0","0","0","0","0","0","0","0","1","1","0","0","0","0","0","0","0","0","0","0","0","0","0","0","0","0","0","0","0","0","0","0","4","0","39.928","-75.1961","","CRASH_2001_Philadelphia"
"2001400300","06","67","67301","67301","2001","04","4","0145","01","3","1","0","8","1","","","N","00","0","00","3","1","0","2","2","N","N","39 56:55.320","75 13:01.920","9999","","9999","","0","","N","9","0 ","","","","","","","","","","1","1","0","0","0","0","0","0","0","0","0","0","0","0","0","0","0","0","0","0","0","0","0","0","0","0","0","0","0","0","0","0","1","1","0","1","0","39.9486","-75.2172","2 ","CRASH_2001_Philadelphia"
"2002012748","06","67","67301","67301","2001","07","3","1245","12","1","1","0","5","1","","","N","00","0","00","3","0","1","3","4","N","N","","","1259","","1258","","0","","N","","0 ","","","","","","","","","","4","4","0","0","0","0","0","0","0","0","0","1","1","0","0","0","0","0","0","0","0","0","0","0","0","0","0","0","0","0","0","0","0","0","0","4","0","","","","CRASH_2001_Philadelphia"
"2002029482","06","67","67301","67301","2001","08","3","2030","20","3","1","0","8","1","","","N","01","2","00","3","0","1","4","2","N","N","40 00:35.874","75 10:01.369","2030","","2030","","0","","N","","3 ","","","","","","","","","","1","1","0","0","0","0","0","0","0","0","1","0","1","0","0","0","0","0","0","0","0","0","0","0","0","0","0","0","0","0","0","0","1","0","0","3","0","40.0098","-75.1669","","CRASH_2001_Philadelphia"
"2005122986","06","67","67301","67301","2001","08","2","0140","01","8","9","0","7","9","","","N","00","2","00","3","0","1","1","1","N","N","","","1044","","1042","","0","","N","","3 ","","","","","","","","","","1","1","0","0","0","0","0","0","0","0","0","1","1","0","0","0","0","0","0","0","0","0","0","1","0","0","0","0","0","0","0","0","0","0","0","4","0","","","","CRASH_2001_Philadelphia"
"2002036125","06","67","67301","67301","2001","11","7","1415","14","1","1","0","2","5","","","N","00","0","00","3","0","1","1","3","N","N","","","1422","","1420","","0","","N","","0 ","","","","","","","","","","3","2","0","0","1","0","0","0","0","0","1","0","1","0","0","0","0","0","0","0","0","0","0","0","0","0","0","0","0","0","0","0","0","0","0","3","0","","","","CRASH_2001_Philadelphia"
"2001288374","06","67","67301","","2001","08","5","1100","11","1","1","0","5","1","","","N","00","0","00","3","0","2","3","2","N","N","40 02:42.360","75 03:19.800","9999","","9999","","0","","N","","0 ","","","","","","","","","","2","1","0","0","0","0","0","0","0","0","0","0","0","0","2","0","0","0","0","0","0","0","1","0","0","0","0","0","0","0","0","0","0","0","0","9","0","40.0451","-75.0555","","CRASH_2001_Philadelphia"
"2002004287","06","67","67301","67301","2001","06","3","1455","14","1","1","0","2","1","","","N","00","0","00","3","0","1","1","2","N","N","40 00:50.270","75 04:00.821","1505","","1455","","0","","N","","0 ","","","","","","","","","","2","1","0","0","1","0","0","0","0","0","0","1","1","0","0","0","0","0","0","0","0","0","0","0","0","0","0","0","0","0","0","0","0","0","0","4","1","40.014","-75.0669","","CRASH_2001_Philadelphia"
"2002014582","06","67","67301","67301","2001","07","3","1305","13","1","1","0","1","1","","","N","03","2","00","3","0","2","2","2","N","N","40 00:54.614","75 12:29.063","1310","","1305","","0","","N","","2 ","","","","","","","","","","2","2","0","0","0","0","0","0","0","0","0","2","2","0","0","0","0","0","0","0","0","0","0","0","0","0","0","0","0","0","0","0","0","0","0","4","0","40.0154","-75.2083","","CRASH_2001_Philadelphia"
"2002033597","06","67","67301","67301","2001","11","6","1218","12","1","1","0","8","1","","","N","01","2","00","3","0","1","2","2","N","N","40 01:01.480","75 11:18.219","1217","","1216","","0","","N","","3 ","","","","","","","","","","1","1","0","0","0","0","0","0","0","0","0","1","1","0","0","0","0","0","0","0","0","0","0","0","0","0","0","0","0","0","0","0","1","0","0","4","0","40.017","-75.1883","","CRASH_2001_Philadelphia"
"2002040106","06","67","67301","67301","2001","12","4","0800","08","1","1","0","2","1","","","N","00","2","00","3","0","1","2","2","N","N","40 00:48.778","75 04:07.130","0810","","0806","","0","","N","","9 ","","","","","","","","","","1","0","0","0","1","0","0","0","0","0","0","1","1","0","0","0","0","0","0","0","1","0","0","0","0","0","0","0","0","0","0","0","1","0","0","4","0","40.0136","-75.0686","","CRASH_2001_Philadelphia"
"2002037130","06","67","67301","67301","2001","11","1","1750","17","3","2","1","1","1","","","N","00","0","00","3","0","1","3","2","N","N","40 05:06.986","74 58:10.090","1820","","1810","","0","","N","","0 ","","","","","","","","","","2","2","0","0","0","0","0","0","0","0","0","1","1","0","0","0","0","0","0","0","0","1","0","0","0","0","0","0","0","0","0","0","0","0","0","4","0","40.0853","-74.9695","","CRASH_2001_Philadelphia"
"2002048273","06","67","67301","67301","2001","07","3","1532","15","1","1","1","4","1","","","N","01","3","00","3","0","6","6","3","N","N","39 59:56.780","75 08:03.893","1533","","1533","","0","","N","","3 ","","","","","","","","","","3","3","0","0","0","0","0","0","0","1","2","3","6","0","0","0","0","0","0","0","0","0","0","5","0","1","0","0","0","0","0","0","0","0","0","2","1","39.9992","-75.1344","","CRASH_2001_Philadelphia"
"2002012227","06","67","67301","67301","2001","07","7","1546","15","1","1","0","5","1","","","N","00","0","07","3","0","1","3","2","N","N","40 00:36.730","75 10:01.970","1546","","1546","","0","","N","","0 ","","","","","","","","","","2","2","0","0","0","0","0","0","0","0","0","1","1","0","2","0","0","0","0","0","1","0","0","0","0","0","0","0","0","0","0","0","0","0","0","4","0","40.0101","-75.167","","CRASH_2001_Philadelphia"
"2001401061","06","67","67301","67301","2001","11","3","1035","10","1","1","0","8","1","","","N","00","0","00","3","1","0","2","2","N","N","","","9999","","9999","","0","","N","9","0 ","","","","","","","","","","1","1","0","0","0","0","0","0","0","0","0","0","0","0","0","0","0","0","0","0","0","0","0","0","0","0","0","0","0","0","0","0","1","1","0","1","0","","","9 ","CRASH_2001_Philadelphia"
"2002001078","06","67","67301","67301","2001","06","6","1120","11","1","1","0","4","1","","","N","01","3","00","3","0","1","2","2","N","N","","","1125","","1123","","0","","N","","3 ","","","","","","","","","","1","1","0","0","0","0","0","0","1","0","1","0","1","0","0","0","0","0","0","0","1","0","0","0","0","0","0","0","0","0","0","0","0","0","0","3","0","","","","CRASH_2001_Philadelphia"