"CRN","DISTRICT","COUNTY","MUNICIPALITY","POLICE_AGCY","CRASH_YEAR","CRASH_MONTH","DAY_OF_WEEK","TIME_OF_DAY","HOUR_OF_DAY","ILLUMINATION","WEATHER","ROAD_CONDITION","COLLISION_TYPE","RELATION_TO_ROAD","WORK_ZONE_TYPE","WORK_ZONE_LOC","WORK_ZONE_IND","INTERSECT_TYPE","TCD_TYPE","LOCATION_TYPE","URBAN_RURAL","FATAL_COUNT","INJURY_COUNT","PERSON_COUNT","TOTAL_UNITS","SCH_BUS_IND","SCH_ZONE_IND","LATITUDE","LONGITUDE","ARRIVAL_TM","CONS_ZONE_SPD_LIM","DISPATCH_TM","EST_HRS_CLOSED","LANE_CLOSED","LN_CLOSE_DIR","NTFY_HIWY_MAINT","SPEC_JURIS_CD","TCD_FUNC_CD","TFC_DETOUR_IND","WORKERS_PRES","WZ_CLOSE_DETOUR","WZ_FLAGGER","WZ_LAW_OFFCR_IND","WZ_LN_CLOSURE","WZ_MOVING","WZ_OTHER","WZ_SHLDER_MDN","VEHICLE_COUNT","AUTOMOBILE_COUNT","MOTORCYCLE_COUNT","BUS_COUNT","SMALL_TRUCK_COUNT","HEAVY_TRUCK_COUNT","SUV_COUNT","VAN_COUNT","BICYCLE_COUNT","MAJ_INJ_COUNT","MOD_INJ_COUNT","MIN_INJ_COUNT","TOT_INJ_COUNT","UNK_INJ_DEG_COUNT","UNK_INJ_PER_COUNT","DRIVER_COUNT_16YR","DRIVER_COUNT_17YR","DRIVER_COUNT_18YR","DRIVER_COUNT_19YR","DRIVER_COUNT_20YR","DRIVER_COUNT_50_64YR","DRIVER_COUNT_65_74YR","DRIVER_COUNT_75PLUS","UNBELTED_OCC_COUNT","UNB_DEATH_COUNT","UNB_MAJ_INJ_COUNT","BELTED_DEATH_COUNT","BELTED_MAJ_INJ_COUNT","MCYCLE_DEATH_COUNT","MCYCLE_MAJ_INJ_COUNT","BICYCLE_DEATH_COUNT","BICYCLE_MAJ_INJ_COUNT","PED_COUNT","PED_DEATH_COUNT","PED_MAJ_INJ_COUNT","MAX_SEVERITY_LEVEL","COMM_VEH_COUNT","DEC_LAT","DEC_LONG","RDWY_SURF_TYPE_CD","COUNTY_YEAR"
"2002020203","06","67","67301","67301","2001","07","4","2330","23","3","2","1","8","1","","","N","01","3","00","3","0","3","3","3","N","N","","","9999","","2334","","0","","N","","3 ","","","","","","","","","","1","1","0","0","0","0","0","0","0","0","0","3","3","0","0","0","0","0","0","0","0","0","0","0","0","0","0","0","0","0","0","0","2","0","0","4","0","","","","CRASH_2001_Philadelphia"
"2002026319","06","67","67301","67301","2001","09","5","1735","17","1","1","0","1","1","","","N","01","2","00","3","0","0","8","4","N","N","40 05:05.390","75 01:30.087","1735","","1735","","0","","N","","3 ","","","","","","","","","","4","4","0","0","0","0","0","0","0","0","0","0","0","0","1","0","0","0","0","0","1","0","0","0","0","0","0","0","0","0","0","0","0","0","0","9","0","40.0847","-75.0251","","CRASH_2001_Philadelphia"
"2002045865","06","67","67301","67301","2001","08","4","9999","99","1","1","0","1","1","","","N","01","2","00","3","0","1","2","2","N","N","39 57:58.000","75 10:45.659","9999","","9999","","0","","N","","3 ","","","","","","","","","","2","2","0","0","0","0","0","0","0","0","0","1","1","0","0","0","0","0","1","0","0","0","0","0","0","0","0","0","0","0","0","0","0","0","0","4","0","39.9663","-75.1793","","CRASH_2001_Philadelphia"
"2002005836","06","67","67301","67301","2001","11","7","2030","20","1","2","0","4","1","","","N","01","0","00","3","0","0","2","2","N","N","40 06:50.519","74 59:14.862","2040","","2038","","0","","N","","0 ","","","","","","","","","","2","2","0","0","0","0","0","0","0","0","0","0","0","0","0","0","0","0","0","0","0","0","0","0","0","0","0","0","0","0","0","0","0","0","0","0","0","40.114","-74.9876","","CRASH_2001_Philadelphia"
"2002012113","06","67","67301","67301","2001","07","6","1820","18","1","1","0","8","1","","","N","00","0","00","3","0","0","2","2","N","N","39 57:48.000","75 11:24.000","1826","","0001","","0","","N","","0 ","","","","","","","","","","1","0","0","0","0","0","0","0","0","0","0","0","0","0","2","0","0","0","0","0","0","0","0","0","0","0","0","0","0","0","0","0","0","0","0","9","0","39.9633","-75.19","","CRASH_2001_Philadelphia"
"2002043712","06","67","67301","67301","2001","11","3","0624","06","5","2","1","1","1","","","N","00","0","00","3","0","2","2","2","N","N","39 57:59.659","75 09:38.187","0624","","0618","","0","","N","","0 ","","","","","","","","","","2","2","0","0","0","0","0","0","0","0","0","2","2","0","0","0","0","0","0","0","2","0","0","0","0","0","0","0","0","0","0","0","0","0","0","4","0","39.9671","-75.1605","","CRASH_2001_Philadelphia"
"2002037868","06","67","67301","67301","2001","11","5","1542","15","1","1","0","1","1","","","N","00","0","00","3","0","2","3","3","N","N","40 03:41.707","75 05:02.127","1600","","1542","","0","","N","","0 ","","","","","","","","","","2","2","0","0","0","0","0","0","0","0","0","2","2","0","0","0","0","0","0","0","1","0","0","0","0","0","0","0","0","0","0","0","1","0","0","4","0","40.0616","-75.0839","","CRASH_2001_Philadelphia"
"2002045723","06","67","67301","67301","2001","10","4","0048","00","3","1","1","7","2","","","N","02","2","00","3","0","0","1","1","N","N","39 59:38.702","75 14:30.158","0110","","0053","","0","","N","","3 ","","","","","","","","","","1","1","0","0","0","0","0","0","0","0","0","0","0","0","0","0","0","0","0","0","0","0","0","0","0","0","0","0","0","0","0","0","0","0","0","0","0","39.994","-75.2416","","CRASH_2001_Philadelphia"
"2005096400","06","67","67301","67301","2001","12","2","1150","11","1","1","0","8","6","","","N","01","0","00","3","0","1","2","2","N","N","","","1155","","1155","","0","","N","","0 ","","","","","","","","","","1","0","0","0","0","0","0","0","0","0","0","1","1","0","1","0","0","0","0","0","0","0","0","0","0","0","0","0","0","0","0","0","1","0","0","4","0","","","","CRASH_2001_Philadelphia"
"2002005855","06","67","67301","67301","2001","11","2","1305","13","1","1","0","4","1","","","N","00","0","00","3","0","1","4","4","N","N","40 01:19.000","75 02:31.000","1310","","1305","","0","","N","","0 ","","","","","","","","","","4","3","0","0","1","0","0","0","0","0","0","1","1","0","0","0","1","0","0","0","1","0","0","0","0","0","0","0","0","0","0","0","0","0","0","4","0","40.0207","-75.0424","","CRASH_2001_Philadelphia"
"2002022101","06","67","67301","67301","2001","08","2","1620","16","1","1","0","4","1","","","N","01","2","00","3","0","6","6","5","N","N","","","1622","","1620","","0","","N","","3 ","","","","","","","","","","2","2","0","0","0","0","0","0","0","3","2","1","6","0","0","0","0","1","0","0","0","0","0","0","0","0","0","0","0","0","0","0","3","0","1","2","0","","","","CRASH_2001_Philadelphia"
"2002040497","06","67","67301","67301","2001","11","4","1607","16","1","1","0","8","4","","","N","01","2","00","3","0","1","2","2","N","N","39 58:39.000","75 09:40.000","1612","","1608","","0","","N","","3 ","","","","","","","","","","1","1","0","0","0","0","0","0","0","0","0","1","1","0","0","0","0","0","0","0","0","0","0","0","0","0","0","0","0","0","0","0","1","0","0","4","0","39.9775","-75.1611","","CRASH_2001_Philadelphia"
"2002040614","06","67","67301","67301","2001","11","3","2002","20","3","1","0","4","1","","","N","01","2","00","3","0","1","2","2","N","N","40 01:20.524","75 05:37.768","2002","","2004","","0","","Y","","3 ","","","","","","","","","","2","1","0","0","1","0","0","0","0","0","0","1","1","0","0","0","0","0","0","0","0","0","1","0","0","0","0","0","0","0","0","0","0","0","0","4","0","40.0227","-75.0935","","CRASH_2001_Philadelphia"
"2002043767","06","67","67301","67301","2001","12","6","1719","17","3","1","0","8","1","","","N","01","2","00","3","0","1","2","2","N","N","40 02:20.735","75 06:36.378","1726","","1722","","0","","N","","3 ","","","","","","","","","","1","1","0","0","0","0","0","0","0","0","0","1","1","0","0","0","0","0","0","0","0","0","0","0","0","0","0","0","0","0","0","0","1","0","0","4","0","40.0392","-75.11","","CRASH_2001_Philadelphia"
"2002001055","06","67","67301","67301","2001","05","2","1030","10","1","1","0","4","1","","","N","01","2","00","3","0","1","2","2","N","N","40 01:06.642","75 08:57.382","1108","","1044","","0","","N","","3 ","","","","","","","","","","2","2","0","0","0","0","0","0","0","0","0","1","1","0","0","0","0","0","0","0","0","0","0","0","0","0","0","0","0","0","0","0","0","0","0","4","0","40.0185","-75.1492","","CRASH_2001_Philadelphia"
"2002016748","06","67","67301","67301","2001","07","1","0430","04","6","1","0","7","3","","","N","00","0","02","3","0","1","2","1","N","N","40 00:21.240","75 11:37.680","0505","","0500","","0","","N","","0 ","","","","","","","","","","1","1","0","0","0","0","0","0","0","0","1","0","1","0","0","0","0","0","0","0","0","0","0","0","0","0","0","0","0","0","0","0","0","0","0","3","0","40.0075","-75.2012","","CRASH_2001_Philadelphia"
"2002017506","06","67","67301","67301","2001","08","3","1808","18","1","8","0","4","5","","","N","01","2","00","3","0","2","4","2","N","N","39 58:10.205","75 12:41.588","1809","","1808","","0","","N","","3 ","","","","","","","","","","2","2","0","0","0","0","0","0","0","0","0","2","2","0","1","0","0","0","0","0","0","0","0","0","0","0","0","0","0","0","0","0","0","0","0","4","0","39.9696","-75.2115","","CRASH_2001_Philadelphia"
"2002020052","06","67","67301","67301","2001","06","2","1820","18","1","1","0","1","1","","","N","00","0","00","3","0","2","3","2","N","N","40 01:16.649","75 05:39.522","1845","","1830","","0","","N","","0 ","","","","","","","","","","2","2","0","0","0","0","0","0","0","0","0","2","2","0","0","0","0","0","0","0","0","0","0","0","0","0","0","0","0","0","0","0","0","0","0","4","0","40.0217","-75.094","","CRASH_2001_Philadelphia"
"2002020078","06","67","67301","67301","2001","06","4","0810","08","1","1","0","4","1","","","N","01","0","00","3","0","0","3","2","N","N","39 56:17.646","75 11:55.216","0830","","0823","","0","","N","","0 ","","","","","","","","","","2","2","0","0","0","0","0","0","0","0","0","0","0","0","0","0","0","0","0","0","0","0","0","0","0","0","0","0","0","0","0","0","0","0","0","0","0","39.9371","-75.1991","","CRASH_2001_Philadelphia"
"2002020435","06","67","67301","67301","2001","08","4","2150","21","3","1","0","5","1","","","N","00","0","00","3","0","2","3","2","N","N","40 01:58.000","75 07:52.000","2158","","2155","","0","","N","","0 ","","","","","","","","","","1","1","0","0","0","0","0","0","1","0","0","2","2","0","0","0","0","0","0","0","0","0","0","0","0","0","0","0","0","0","0","0","0","0","0","4","0","40.0328","-75.1311","","CRASH_2001_Philadelphia"
"2002043640","06","67","67301","67301","2001","12","2","1755","17","3","1","0","6","1","","","N","01","2","00","3","0","1","2","2","N","N","39 57:32.329","75 13:01.290","1808","","1758","","0","","N","","3 ","","","","","","","","","","2","2","0","0","0","0","0","0","0","1","0","0","1","0","0","0","0","0","0","0","1","0","0","0","0","0","0","0","0","0","0","0","0","0","0","2","0","39.959","-75.217","","CRASH_2001_Philadelphia"
"2002010706","06","67","67301","67301","2001","06","6","1730","17","1","1","0","2","1","","","N","02","3","00","3","0","3","3","2","N","N","39 59:21.975","75 06:17.364","1730","","1710","","0","","N","","3 ","","","","","","","","","","2","1","0","0","1","0","0","0","0","0","1","2","3","0","0","0","0","0","0","0","0","0","0","0","0","0","0","0","0","0","0","0","0","0","0","3","0","39.9894","-75.1048","","CRASH_2001_Philadelphia"
"2002043750","06","67","67301","67301","2001","12","3","0940","09","1","2","1","5","1","1","4","Y","00","0","00","3","0","1","2","2","N","N","39 52:35.040","75 15:31.320","0945","99","0940","","0","","N","","0 ","","U","","","U","","","","","2","2","0","0","0","0","0","0","0","0","1","0","1","0","0","0","0","0","0","0","0","0","0","0","0","0","0","0","0","0","0","0","0","0","0","3","0","39.8764","-75.2587","","CRASH_2001_Philadelphia"
"2002042736","06","67","67301","67301","2001","12","6","2005","20","6","1","0","4","1","","","N","02","3","00","3","0","1","2","2","N","N","","","2020","","2012","","0","","N","","3 ","","","","","","","","","","2","0","0","0","0","0","0","0","0","0","1","0","1","0","0","0","0","0","0","0","0","0","0","0","0","0","0","0","0","0","0","0","0","0","0","3","0","","","","CRASH_2001_Philadelphia"
"2002014551","06","67","67301","67301","2001","07","1","1615","16","1","1","0","4","1","","","N","01","2","00","3","0","0","2","2","N","N","","","1625","","1620","","0","","N","","3 ","","","","","","","","","","2","2","0","0","0","0","0","0","0","0","0","0","0","0","0","0","0","0","0","0","1","0","0","0","0","0","0","0","0","0","0","0","0","0","0","0","0","","","","CRASH_2001_Philadelphia"
"2002014564","06","67","67301","67301","2001","07","1","9999","99","1","1","0","1","1","","","N","00","2","00","3","0","2","7","3","N","N","40 00:24.480","75 12:51.480","1941","","1936","","0","","N","","3 ","","","","","","","","","","3","2","0","0","1","0","0","0","0","0","0","2","2","0","0","0","0","0","0","0","0","0","0","0","0","0","0","0","0","0","0","0","0","0","0","4","0","40.0071","-75.2138","","CRASH_2001_Philadelphia"
"2002035690","06","67","67301","67301","2001","11","5","1732","17","3","1","0","8","1","","","N","05","2","00","3","0","1","2","2","N","N","40 04:17.048","75 09:40.627","1737","","1732","","9","","N","","3 ","U","","","","","","","","","1","1","0","0","0","0","0","0","0","0","1","0","1","0","1","0","0","0","0","0","0","0","0","0","0","0","0","0","0","0","0","0","1","0","0","3","0","40.0714","-75.1613","","CRASH_2001_Philadelphia"
"2002012084","06","67","67301","67301","2001","07","3","0102","01","3","1","0","5","1","","","N","00","0","00","3","0","1","2","2","N","N","40 03:33.402","75 11:25.410","0112","","0102","","0","","N","","0 ","","","","","","","","","","2","0","1","0","1","0","0","0","0","0","0","1","1","0","1","0","0","0","0","0","0","0","0","0","0","0","0","0","0","0","0","0","0","0","0","4","0","40.0593","-75.1903","","CRASH_2001_Philadelphia"
"2002026871","06","67","67301","67301","2001","08","7","1137","11","1","1","0","1","1","","","N","01","0","03","3","0","1","2","2","N","N","39 58:30.727","75 11:41.552","1139","","1137","9","9","","N","","0 ","U","","","","","","","","","2","1","0","0","1","0","0","0","0","0","0","1","1","0","0","0","0","0","0","0","0","0","0","0","0","0","0","0","0","0","0","0","0","0","0","4","0","39.9751","-75.195","","CRASH_2001_Philadelphia"
"2002033594","06","67","67301","67301","2001","10","5","0840","08","1","1","0","7","5","","","N","02","2","00","3","0","2","3","1","N","N","40 01:04.930","75 09:18.407","0852","","0844","","0","","N","","3 ","","","","","","","","","","1","1","0","0","0","0","0","0","0","0","0","2","2","0","0","0","0","0","0","0","0","0","0","0","0","0","0","0","0","0","0","0","0","0","0","4","0","40.0181","-75.1551","","CRASH_2001_Philadelphia"
"2002035818","06","67","67301","67301","2001","11","3","0945","09","1","1","0","8","1","","","N","01","0","00","3","0","1","2","2","N","N","39 59:28.455","75 08:06.087","0955","","0950","","0","","N","","0 ","","","","","","","","","","1","1","0","0","0","0","0","0","0","1","0","0","1","0","0","0","0","0","0","0","0","0","0","1","0","0","0","0","0","0","0","0","1","0","1","2","0","39.9914","-75.1349","","CRASH_2001_Philadelphia"
"2002039592","06","67","67301","67301","2001","11","5","0001","00","3","1","0","5","1","","","N","00","0","00","3","0","1","2","4","N","N","40 01:13.598","75 07:35.324","0130","","0115","","0","","N","","0 ","","","","","","","","","","4","3","0","0","1","0","0","0","0","0","0","1","1","0","0","0","0","0","0","0","0","0","0","0","0","0","0","0","0","0","0","0","0","0","0","4","0","40.0204","-75.1265","","CRASH_2001_Philadelphia"
"2002010560","06","67","67301","67301","2001","07","7","0340","03","3","1","0","7","3","","","N","00","0","00","3","0","1","1","2","N","N","39 59:38.682","75 11:56.513","0350","","0344","","0","","N","","0 ","","","","","","","","","","1","0","0","0","1","0","0","0","0","0","1","0","1","0","0","0","0","0","0","0","0","0","0","0","0","0","0","0","0","0","0","0","0","0","0","3","0","39.9941","-75.1991","","CRASH_2001_Philadelphia"
"2002022084","06","67","67301","67301","2001","08","5","1929","19","3","2","1","4","1","","","N","01","2","00","3","0","1","2","2","N","N","39 59:43.513","75 10:44.154","1932","","1930","","0","","N","","9 ","","","","","","","","","","1","1","0","0","0","0","0","0","1","0","1","0","1","0","0","0","0","0","0","0","0","0","0","0","0","0","0","0","0","0","0","0","0","0","0","3","0","39.9954","-75.1789","","CRASH_2001_Philadelphia"
"2002022476","06","67","67301","67301","2001","07","2","0017","00","3","1","7","6","1","","","N","01","2","00","3","0","2","4","2","N","N","39 57:30.600","75 14:15.000","1212","","1207","","0","","N","","3 ","","","","","","","","","","2","2","0","0","0","0","0","0","0","0","0","2","2","0","0","0","0","0","0","0","0","0","0","0","0","0","0","0","0","0","0","0","0","0","0","4","0","39.9584","-75.2375","","CRASH_2001_Philadelphia"
"2002033565","06","67","67301","67301","2001","10","3","1725","17","1","1","0","8","1","","","N","01","2","00","3","0","1","2","2","N","N","39 57:23.309","75 12:30.259","1735","","1730","","0","","N","","3 ","","","","","","","","","","1","0","1","0","0","0","0","0","0","0","0","1","1","0","0","0","0","0","0","0","0","0","0","0","0","0","0","0","0","0","0","0","1","0","0","4","0","39.9564","-75.2084","","CRASH_2001_Philadelphia"
"2002037151","06","67","67301","67301","2001","11","3","1848","18","2","1","0","2","1","","","N","01","9","00","3","0","1","2","2","N","N","40 03:41.269","75 05:02.008","1853","","1851","","0","","N","","9 ","","","","","","","","","","2","2","0","0","0","0","0","0","0","0","0","1","1","0","0","0","0","0","1","0","0","0","0","0","0","0","0","0","0","0","0","0","0","0","0","4","0","40.0615","-75.0839","","CRASH_2001_Philadelphia"
"2002037175","06","67","67301","67301","2001","11","2","2343","23","3","1","0","7","9","","","N","00","0","00","3","0","2","2","1","N","N","40 00:39.793","75 11:02.923","2350","","2345","2","2","2","N","","0 ","N","","","","","","","","","1","1","0","0","0","0","0","0","0","0","2","0","2","0","0","0","0","0","0","0","0","0","0","0","0","0","0","0","0","0","0","0","0","0","0","3","0","40.0108","-75.1842","","CRASH_2001_Philadelphia"
"2002037863","06","67","67301","67301","2001","04","7","0147","01","3","1","0","1","1","","","N","01","2","00","3","0","1","2","2","N","N","39 58:10.984","75 08:29.256","0147","","0147","","0","","N","","3 ","","","","","","","","","","1","1","0","0","0","0","0","0","1","0","1","0","1","0","0","0","0","0","1","0","0","0","0","0","0","0","0","0","0","0","0","0","0","0","0","3","0","39.9697","-75.1416","","CRASH_2001_Philadelphia"
"2002039483","06","67","67301","67301","2001","12","1","0527","05","3","1","0","1","1","","","N","00","0","00","3","0","0","2","2","N","N","39 58:29.280","75 07:03.360","0610","","0600","2","2","1","N","","0 ","N","","","","","","","","","2","2","0","0","0","0","0","0","0","0","0","0","0","0","0","0","0","0","0","0","0","0","0","0","0","0","0","0","0","0","0","0","0","0","0","0","0","39.9745","-75.118","","CRASH_2001_Philadelphia"
"2002041587","06","67","67301","67301","2001","12","5","1455","14","1","1","0","7","5","","","N","00","0","01","3","0","1","1","1","N","N","","","9999","","9999","","0","","N","","0 ","","","","","","","","","","1","0","0","0","1","0","0","0","0","0","0","1","1","0","0","0","0","0","0","0","1","0","0","0","0","0","0","0","0","0","0","0","0","0","0","4","0","","","","CRASH_2001_Philadelphia"
"2002012131","06","67","67301","67301","2001","07","6","","","1","1","0","8","2","","","N","02","0","00","3","0","1","2","2","N","N","39 56:45.240","75 14:23.640","1012","","1010","","9","","N","","0 ","U","","","","","","","","","1","1","0","0","0","0","0","0","0","0","0","1","1","0","0","0","0","0","0","0","0","0","0","0","0","0","0","0","0","0","0","0","1","0","0","4","0","39.9459","-75.2401","","CRASH_2001_Philadelphia"
"2002037063","06","67","67301","67301","2001","11","5","0855","08","1","1","0","1","1","","","N","00","0","00","3","0","1","5","4","N","N","39 56:49.657","75 11:55.335","0905","","0855","","0","","N","","0 ","","","","","","","","","","4","4","0","0","0","0","0","0","0","0","0","1","1","0","0","0","0","0","0","0","1","0","0","0","0","0","0","0","0","0","0","0","0","0","0","4","0","39.9466","-75.1986","","CRASH_2001_Philadelphia"
"2002028798","06","67","67301","67301","2001","08","4","0230","02","3","1","0","7","3","1","2","Y","00","0","00","3","0","2","2","1","N","N","39 58:57.727","75 05:58.526","0230","40","0238","2","2","1","Y","","0 ","Y","N","","","U","","","","","1","1","0","0","0","0","0","0","0","0","0","2","2","0","0","0","0","1","0","0","0","0","0","2","0","0","0","0","0","0","0","0","0","0","0","4","0","39.9824","-75.0999","","CRASH_2001_Philadelphia"
"2002032504","06","67","67301","67301","2001","10","3","0900","09","1","1","0","8","1","","","N","05","2","00","3","0","1","2","2","N","N","39 57:29.199","75 10:11.093","0925","","0907","","0","","N","","3 ","","","","","","","","","","1","1","0","0","0","0","0","0","0","0","1","0","1","0","0","0","0","0","0","0","0","0","0","0","0","0","0","0","0","0","0","0","1","0","0","3","0","39.9581","-75.1698","","CRASH_2001_Philadelphia"
"2006072026","06","67","67301","","2001","01","2","1015","10","1","1","0","8","1","","","N","02","0","00","3","0","1","2","2","N","N","40 02:17.715","75 08:41.264","","","","","0","","N","","0 ","","","","","","","","","","1","1","0","0","0","0","0","0","0","0","0","0","1","1","1","0","0","0","0","0","0","0","0","0","0","0","0","0","0","0","0","0","1","0","0","8","0","40.0383","-75.1448","","CRASH_2001_Philadelphia"
"2002017870","06","67","67301","67301","2001","07","3","0902","09","1","1","0","1","1","","","N","01","4","00","3","0","1","3","2","N","N","39 57:45.844","75 14:48.632","0913","","0902","","0","","N","","3 ","","","","","","","","","","2","2","0","0","0","0","0","0","0","0","0","1","1","0","0","0","0","0","0","0","0","0","0","0","0","0","0","0","0","0","0","0","0","0","0","4","0","39.9627","-75.2467","","CRASH_2001_Philadelphia"
"2002020125","06","67","67301","67301","2001","07","6","9999","99","1","1","0","4","1","","","N","01","2","00","3","0","0","2","2","N","N","40 04:50.580","75 01:41.524","9999","","0937","","0","","N","","3 ","","","","","","","","","","2","2","0","0","0","0","0","0","0","0","0","0","0","0","0","0","0","0","0","0","0","0","0","0","0","0","0","0","0","0","0","0","0","0","0","0","0","40.081","-75.0289","","CRASH_2001_Philadelphia"
"2002026649","06","67","67301","67301","2001","09","2","1013","10","1","1","0","2","1","","","N","01","2","00","3","0","1","2","2","N","N","40 03:17.474","75 10:08.391","1015","","1015","","0","","N","","3 ","","","","","","","","","","2","2","0","0","0","0","0","0","0","0","0","1","1","0","0","0","0","0","0","1","1","0","0","0","0","0","0","0","0","0","0","0","0","0","0","4","0","40.0548","-75.169","","CRASH_2001_Philadelphia"
"2002028523","06","67","67301","67301","2001","09","1","0300","03","3","1","0","4","1","","","N","01","2","00","3","0","2","2","2","N","N","39 57:28.737","75 08:55.898","0305","","0303","","0","","N","","3 ","","","","","","","","","","2","2","0","0","0","0","0","0","0","0","1","1","2","0","0","0","0","0","0","0","1","0","0","1","0","0","0","0","0","0","0","0","0","0","0","3","0","39.958","-75.1488","","CRASH_2001_Philadelphia"
"2002029383","06","67","67301","67301","2001","09","7","1047","10","1","1","0","4","1","1","3","Y","01","2","00","3","0","2","2","2","N","N","39 57:17.470","75 09:03.931","1055","99","1048","9","1","3","N","","3 ","N","N","","","U","Y","","","","2","2","0","0","0","0","0","0","0","0","0","2","2","0","0","0","0","0","0","0","0","0","0","0","0","0","0","0","0","0","0","0","0","0","0","4","0","39.9549","-75.1511","","CRASH_2001_Philadelphia"
"2002031098","06","67","67301","67301","2001","09","6","1707","17","1","1","0","2","1","","","N","00","0","00","3","0","1","2","2","N","N","","","1711","","1709","","0","","N","","0 ","","","","","","","","","","2","2","0","0","0","0","0","0","0","0","0","1","1","0","0","0","0","0","0","0","0","0","0","0","0","0","0","0","0","0","0","0","0","0","0","4","0","","","","CRASH_2001_Philadelphia"
"2002043681","06","67","67301","67301","2001","11","3","1158","11","1","4","0","4","1","","","N","02","0","00","3","0","0","2","2","N","N","","","9999","","1158","","0","","N","","0 ","","","","","","","","","","2","2","0","0","0","0","0","0","0","0","0","0","0","0","1","0","0","0","1","0","0","0","0","0","0","0","0","0","0","0","0","0","0","0","0","9","0","","","","CRASH_2001_Philadelphia"
"2002018926","06","67","67301","67301","2001","08","4","0820","08","1","1","0","8","1","","","N","00","0","00","3","0","1","2","2","N","N","40 02:19.680","75 08:41.280","0830","","0826","","0","","N","","0 ","","","","","","","","","","1","1","0","0","0","0","0","0","0","0","0","1","1","0","0","0","0","0","0","0","0","0","0","0","0","0","0","0","0","0","0","0","1","0","0","4","0","40.0388","-75.1448","","CRASH_2001_Philadelphia"
"2002020094","06","67","67301","67301","2001","07","2","0645","06","1","1","0","2","1","","","N","01","2","00","3","0","4","6","2","N","N","39 56:39.120","75 12:59.760","0649","","0647","","0","","N","","3 ","","","","","","","","","","1","0","0","0","1","0","0","0","0","0","0","4","4","0","0","0","0","0","0","0","0","0","0","0","0","0","0","0","0","0","0","0","0","0","0","4","0","39.9442","-75.2166","","CRASH_2001_Philadelphia"
"2002031530","06","67","67301","67301","2001","10","3","1530","15","1","1","0","5","1","","","N","01","2","00","3","0","0","2","2","N","N","40 01:01.282","75 11:18.506","1546","","1539","","0","","N","","3 ","","","","","","","","","","2","2","0","0","0","0","0","0","0","0","0","0","0","0","0","0","0","0","0","0","0","0","0","0","0","0","0","0","0","0","0","0","0","0","0","0","0","40.017","-75.1883","","CRASH_2001_Philadelphia"
"2002036261","06","67","67301","67301","2001","11","7","0419","04","3","1","0","4","1","","","N","02","2","00","3","0","1","2","2","N","N","39 56:58.589","75 09:14.056","0421","","0419","","0","","N","","3 ","","","","","","","","","","2","2","0","0","0","0","0","0","0","0","0","1","1","0","0","0","0","0","0","0","0","0","0","0","0","0","0","0","0","0","0","0","0","0","0","4","0","39.9496","-75.1539","","CRASH_2001_Philadelphia"
"2002040235","06","67","67301","67301","2001","11","2","0915","09","1","1","0","8","2","","","N","01","0","00","3","0","1","2","2","N","N","39 56:57.385","75 09:50.936","1055","","1054","","0","","N","","0 ","","","","","","","","","","1","0","0","1","0","0","0","0","0","0","1","0","1","0","0","0","0","0","0","0","0","0","0","0","0","0","0","0","0","0","0","0","1","0","0","3","1","39.9508","-75.1638","","CRASH_2001_Philadelphia"
"2002046259","06","67","67301","67301","2001","10","2","1515","15","1","1","0","5","1","","","N","01","0","00","3","0","1","2","2","N","N","40 01:15.651","75 08:24.505","1535","","1535","","0","","N","","0 ","","","","","","","","","","2","1","1","0","0","0","0","0","0","0","0","1","1","0","0","0","0","0","0","0","2","0","0","0","0","0","0","0","0","0","0","0","0","0","0","4","0","40.0211","-75.1399","","CRASH_2001_Philadelphia"
"2002037158","06","67","67301","67301","2001","11","4","0233","02","3","2","1","7","9","","","N","01","2","00","3","0","2","2","1","N","N","39 58:51.456","75 14:10.911","0236","","0233","2","2","5","N","","3 ","Y","","","","","","","","","1","1","0","0","0","0","0","0","0","0","0","2","2","0","0","0","0","0","0","0","0","0","0","0","0","0","0","0","0","0","0","0","0","0","0","4","0","39.981","-75.2362","","CRASH_2001_Philadelphia"
"2002046787","06","67","67301","67301","2001","10","3","2208","22","3","1","0","8","1","","","N","01","2","00","3","0","1","2","2","N","N","40 00:57.153","75 04:17.471","2211","","2208","","0","","N","","3 ","","","","","","","","","","1","1","0","0","0","0","0","0","0","0","0","1","1","0","0","0","0","0","0","0","0","1","0","0","0","0","0","0","0","0","0","0","1","0","0","4","0","40.0159","-75.0714","","CRASH_2001_Philadelphia"
"2003010285","06","67","67301","67301","2001","04","1","1630","16","1","1","0","4","1","","","N","02","3","00","3","0","3","3","2","N","N","39 59:40.000","75 09:39.510","1632","","1630","","0","","N","","3 ","","","","","","","","","","2","1","0","0","0","0","0","0","0","0","2","0","3","1","0","0","0","0","0","0","0","0","0","0","0","0","0","0","0","0","0","0","0","0","0","3","0","39.9948","-75.1609","","CRASH_2001_Philadelphia"
"2002019774","06","67","67301","67301","2001","07","2","1200","12","1","1","0","4","1","","","N","01","3","00","3","0","0","2","2","N","N","","","1201","","1200","","0","","N","","3 ","","","","","","","","","","2","2","0","0","0","0","0","0","0","0","0","0","0","0","0","0","0","0","0","0","0","0","0","2","0","0","0","0","0","0","0","0","0","0","0","0","0","","","","CRASH_2001_Philadelphia"
"2002017852","06","67","67301","67301","2001","08","5","1150","11","1","1","0","4","1","","","N","02","3","00","3","0","0","2","2","N","N","40 03:56.000","75 10:34.700","1901","","1850","","0","","N","","3 ","","","","","","","","","","2","2","0","0","0","0","0","0","0","0","0","0","0","0","0","0","0","0","0","0","0","1","0","2","0","0","0","0","0","0","0","0","0","0","0","0","0","40.0657","-75.1761","","CRASH_2001_Philadelphia"