"CRN","DISTRICT","COUNTY","MUNICIPALITY","POLICE_AGCY","CRASH_YEAR","CRASH_MONTH","DAY_OF_WEEK","TIME_OF_DAY","HOUR_OF_DAY","ILLUMINATION","WEATHER","ROAD_CONDITION","COLLISION_TYPE","RELATION_TO_ROAD","WORK_ZONE_TYPE","WORK_ZONE_LOC","WORK_ZONE_IND","INTERSECT_TYPE","TCD_TYPE","LOCATION_TYPE","URBAN_RURAL","FATAL_COUNT","INJURY_COUNT","PERSON_COUNT","TOTAL_UNITS","SCH_BUS_IND","SCH_ZONE_IND","LATITUDE","LONGITUDE","ARRIVAL_TM","CONS_ZONE_SPD_LIM","DISPATCH_TM","EST_HRS_CLOSED","LANE_CLOSED","LN_CLOSE_DIR","NTFY_HIWY_MAINT","SPEC_JURIS_CD","TCD_FUNC_CD","TFC_DETOUR_IND","WORKERS_PRES","WZ_CLOSE_DETOUR","WZ_FLAGGER","WZ_LAW_OFFCR_IND","WZ_LN_CLOSURE","WZ_MOVING","WZ_OTHER","WZ_SHLDER_MDN","VEHICLE_COUNT","AUTOMOBILE_COUNT","MOTORCYCLE_COUNT","BUS_COUNT","SMALL_TRUCK_COUNT","HEAVY_TRUCK_COUNT","SUV_COUNT","VAN_COUNT","BICYCLE_COUNT","MAJ_INJ_COUNT","MOD_INJ_COUNT","MIN_INJ_COUNT","TOT_INJ_COUNT","UNK_INJ_DEG_COUNT","UNK_INJ_PER_COUNT","DRIVER_COUNT_16YR","DRIVER_COUNT_17YR","DRIVER_COUNT_18YR","DRIVER_COUNT_19YR","DRIVER_COUNT_20YR","DRIVER_COUNT_50_64YR","DRIVER_COUNT_65_74YR","DRIVER_COUNT_75PLUS","UNBELTED_OCC_COUNT","UNB_DEATH_COUNT","UNB_MAJ_INJ_COUNT","BELTED_DEATH_COUNT","BELTED_MAJ_INJ_COUNT","MCYCLE_DEATH_COUNT","MCYCLE_MAJ_INJ_COUNT","BICYCLE_DEATH_COUNT","BICYCLE_MAJ_INJ_COUNT","PED_COUNT","PED_DEATH_COUNT","PED_MAJ_INJ_COUNT","MAX_SEVERITY_LEVEL","COMM_VEH_COUNT","DEC_LAT","DEC_LONG","RDWY_SURF_TYPE_CD","COUNTY_YEAR"
"2002046739","06","67","67301","67301","2001","10","2","0930","09","1","1","0","1","6","","","N","00","0","00","3","0","0","1","2","N","N","40 01:45.416","75 03:45.674","1910","","1900","","0","","Y","","0 ","","","","","","","","","","2","2","0","0","0","0","0","0","0","0","0","0","0","0","1","0","0","0","0","0","0","0","0","0","0","0","0","0","0","0","0","0","0","0","0","9","0","40.0293","-75.0627","","CRASH_2001_Philadelphia"
"2002039476","06","67","67301","67301","2001","11","5","2303","23","3","1","0","9","7","","","N","00","0","00","3","0","1","1","1","N","N","","","0011","","2350","","0","","N","","0 ","","","","","","","","","","1","1","0","0","0","0","0","0","0","0","0","1","1","0","0","0","0","0","0","0","0","0","0","0","0","0","0","0","0","0","0","0","0","0","0","4","0","","","","CRASH_2001_Philadelphia"
"2002017258","06","67","67301","67301","2001","07","6","0107","01","3","1","0","7","2","","","N","00","0","00","3","0","3","3","1","N","N","39 58:44.469","75 07:06.610","0112","","0107","","0","","N","","0 ","","","","","","","","","","1","1","0","0","0","0","0","0","0","1","2","0","3","0","0","0","0","0","0","1","0","0","0","3","0","1","0","0","0","0","0","0","0","0","0","2","0","39.9772","-75.1193","","CRASH_2001_Philadelphia"
"2002034687","06","67","67301","67301","2001","11","5","2310","23","3","1","0","7","4","","","N","00","0","00","3","0","1","1","1","N","N","40 00:16.034","75 11:15.059","2313","","2313","","0","","Y","","0 ","","","","","","","","","","1","1","0","0","0","0","0","0","0","0","0","1","1","0","0","0","0","0","0","0","0","0","0","1","0","0","0","0","0","0","0","0","0","0","0","4","0","40.0044","-75.1874","","CRASH_2001_Philadelphia"
"2002017644","06","67","67301","67301","2001","08","1","1505","15","1","1","0","7","4","","","N","00","0","00","3","0","2","2","1","N","N","39 57:27.000","75 08:26.520","1515","","1505","","0","","N","","0 ","","","","","","","","","","1","1","0","0","0","0","0","0","0","0","0","2","2","0","0","0","0","0","0","1","0","0","0","0","0","0","0","0","0","0","0","0","0","0","0","4","0","39.9572","-75.1408","","CRASH_2001_Philadelphia"
"2002023038","06","67","67301","67301","2001","08","1","1610","16","1","1","0","1","1","","","N","00","0","00","3","0","1","11","2","N","N","40 02:39.659","75 10:47.400","1620","","1615","","0","","N","","0 ","","","","","","","","","","2","2","0","0","0","0","0","0","0","0","1","0","1","0","0","0","0","0","0","0","0","0","0","0","0","0","0","0","0","0","0","0","0","0","0","3","0","40.0442","-75.1798","","CRASH_2001_Philadelphia"
"2002023769","06","67","67301","67301","2001","08","6","0255","02","3","1","0","2","6","","","N","00","0","00","3","0","0","1","4","N","N","39 59:54.000","75 04:15.578","0259","","0256","1","2","2","N","","0 ","N","","","","","","","","","4","4","0","0","0","0","0","0","0","0","0","0","0","0","0","0","0","0","0","0","0","0","0","0","0","0","0","0","0","0","0","0","0","0","0","0","0","39.9986","-75.071","","CRASH_2001_Philadelphia"
"2002026311","06","67","67301","67301","2001","09","4","2325","23","3","1","0","6","1","2","8","Y","00","0","00","3","0","1","1","3","N","N","39 58:17.387","75 14:41.532","2350","99","2345","","0","","N","","0 ","","N","","","U","","","","Y","3","1","0","0","2","0","0","0","0","0","0","1","1","0","0","0","0","0","0","0","0","0","0","0","0","0","0","0","0","0","0","0","0","0","0","4","0","39.9716","-75.2449","","CRASH_2001_Philadelphia"
"2002023632","06","67","67301","67301","2001","08","6","0957","09","1","1","0","4","1","","","N","01","2","00","3","0","2","4","4","N","N","39 57:32.219","75 13:43.032","1000","","0957","1","1","1","N","","3 ","Y","","","","","","","","","4","3","0","0","1","0","0","0","0","0","0","2","2","0","0","0","0","0","0","0","0","2","0","0","0","0","0","0","0","0","0","0","0","0","0","4","0","39.959","-75.229","","CRASH_2001_Philadelphia"
"2002029950","06","67","67301","67301","2001","09","6","0930","09","1","2","1","1","2","","","N","00","2","00","3","0","0","4","3","N","N","40 00:50.324","75 07:07.096","0940","","0935","","0","","N","","3 ","","","","","","","","","","3","3","0","0","0","0","0","0","0","0","0","0","0","0","0","0","0","0","0","0","0","0","0","0","0","0","0","0","0","0","0","0","0","0","0","0","0","40.014","-75.1187","","CRASH_2001_Philadelphia"
"2002037112","06","67","67301","67301","2001","11","6","2359","23","3","1","0","4","1","","","N","01","2","00","3","0","1","2","6","N","N","40 01:12.000","75 09:01.000","0002","","2359","","0","","N","","3 ","","","","","","","","","","6","6","0","0","0","0","0","0","0","0","0","1","1","0","0","0","0","0","0","0","0","0","0","0","0","0","0","0","0","0","0","0","0","0","0","4","0","40.02","-75.1503","","CRASH_2001_Philadelphia"
"2002028106","06","67","67301","67301","2001","09","4","1745","17","1","1","0","4","1","","","N","01","2","00","3","0","0","3","3","N","N","39 55:33.181","75 10:51.844","1755","","1751","","0","","N","","3 ","","","","","","","","","","3","3","0","0","0","0","0","0","0","0","0","0","0","0","0","0","0","0","0","0","1","0","0","0","0","0","0","0","0","0","0","0","0","0","0","0","0","39.9258","-75.181","","CRASH_2001_Philadelphia"
"2002036727","06","67","67301","67301","2001","11","7","0119","01","3","5","1","4","1","","","N","02","2","00","3","0","2","2","2","N","N","39 57:06.723","75 11:04.360","0133","","0123","","0","","N","","3 ","","","","","","","","","","2","2","0","0","0","0","0","0","0","0","2","0","2","0","0","0","0","0","0","0","0","0","0","0","0","0","0","0","0","0","0","0","0","0","0","3","0","39.9533","-75.1838","","CRASH_2001_Philadelphia"
"2002043145","06","67","67301","67301","2001","12","5","0220","02","3","1","0","7","5","","","N","01","0","00","3","0","1","1","1","N","N","40 00:08.835","75 03:51.485","0245","","0241","","0","","Y","","0 ","","","","","","","","","","1","1","0","0","0","0","0","0","0","0","0","1","1","0","0","0","0","0","0","0","0","0","0","1","0","0","0","0","0","0","0","0","0","0","0","4","0","40.0025","-75.0643","","CRASH_2001_Philadelphia"
"2001243725","06","67","67301","67301","2001","05","1","2212","22","3","1","0","1","1","","","N","01","2","00","3","0","2","4","3","N","N","40 02:40.560","75 03:16.920","9999","","9999","","0","","N","","3 ","","","","","","","","","","3","3","0","0","0","0","0","0","0","0","0","0","0","0","2","0","0","0","0","0","1","0","0","0","0","0","0","0","0","0","0","0","0","0","0","9","0","40.0446","-75.0547","","CRASH_2001_Philadelphia"
"2002023891","06","67","67301","67301","2001","08","6","1530","15","1","1","0","8","1","","","N","00","0","00","3","0","1","2","2","N","N","40 00:31.000","75 08:33.000","1612","","1605","","0","","N","","0 ","","","","","","","","","","1","1","0","0","0","0","0","0","0","0","1","0","1","0","0","0","0","0","0","0","0","0","0","0","0","0","0","0","0","0","0","0","1","0","0","3","0","40.0086","-75.1425","","CRASH_2001_Philadelphia"
"2002030775","06","67","67301","67301","2001","09","3","0837","08","1","2","1","8","1","","","N","00","0","00","3","0","1","2","2","N","N","40 02:23.319","75 08:40.568","0846","","0845","","0","","N","","0 ","","","","","","","","","","1","1","0","0","0","0","0","0","0","1","0","0","1","0","0","0","0","0","0","0","0","0","0","0","0","0","0","0","0","0","0","0","1","0","1","2","0","40.0398","-75.1446","","CRASH_2001_Philadelphia"
"2002041567","06","67","67301","67301","2001","11","3","1540","15","1","9","0","8","1","1","8","Y","01","2","00","3","0","1","2","2","N","N","39 59:30.755","75 08:18.264","1820","25","1811","9","1","4","N","","3 ","N","N","","","U","","","","Y","1","0","0","1","0","0","0","0","0","0","0","1","1","0","1","0","0","0","0","0","0","0","0","0","0","0","0","0","0","0","0","0","1","0","0","4","1","39.9918","-75.1384","","CRASH_2001_Philadelphia"
"2002017888","06","67","67301","67301","2001","08","4","1515","15","1","1","0","4","1","","","N","01","2","00","3","0","1","2","2","N","N","40 03:01.282","74 59:59.329","1520","","1515","","0","","N","","3 ","","","","","","","","","","2","2","0","0","0","0","0","0","0","0","0","1","1","0","0","0","0","0","0","0","1","0","0","0","0","0","0","0","0","0","0","0","0","0","0","4","0","40.0504","-74.9999","","CRASH_2001_Philadelphia"
"2002020443","06","67","67301","67301","2001","08","1","2004","20","3","1","0","0","1","","","N","00","0","00","3","0","1","1","1","N","N","40 01:56.461","75 04:50.222","2045","","2010","","0","","N","","0 ","","","","","","","","","","1","0","1","0","0","0","0","0","0","0","0","1","1","0","0","0","0","0","1","0","0","0","0","0","0","0","0","0","0","0","0","0","0","0","0","4","0","40.0326","-75.0797","","CRASH_2001_Philadelphia"
"2002045738","06","67","67301","67301","2001","10","2","1400","14","1","1","0","4","1","","","N","01","2","00","3","0","1","2","2","N","N","40 02:41.840","75 13:52.309","1410","","1406","","0","","N","","3 ","","","","","","","","","","2","2","0","0","0","0","0","0","0","0","0","1","1","0","0","0","0","0","0","0","0","0","0","0","0","0","0","0","0","0","0","0","0","0","0","4","0","40.0448","-75.2309","","CRASH_2001_Philadelphia"
"2001283852","06","67","67301","67301","2001","03","6","0900","09","1","1","0","1","1","","","N","01","2","00","3","0","1","2","2","N","N","40 01:39.720","75 05:54.600","9999","","9999","","0","","N","","3 ","","","","","","","","","","2","1","0","0","0","0","0","1","0","0","0","1","1","0","0","0","0","0","0","0","1","0","0","0","0","0","0","0","0","0","0","0","0","0","0","4","0","40.0278","-75.0986","","CRASH_2001_Philadelphia"
"2002012729","06","67","67301","67301","2001","06","1","0909","09","1","2","1","3","1","","","N","00","0","00","3","0","4","11","2","N","N","40 01:13.800","75 09:16.329","0930","","0915","2","2","1","N","","0 ","Y","","","","","","","","","2","1","0","0","1","0","0","0","0","0","0","4","4","0","0","0","0","0","0","0","0","0","0","1","0","0","0","0","0","0","0","0","0","0","0","4","0","40.0204","-75.1543","","CRASH_2001_Philadelphia"
"2002016687","06","67","67301","67301","2001","07","6","1530","15","1","1","0","4","5","","","N","00","0","00","3","0","1","2","2","N","N","39 57:59.208","75 12:27.853","1333","","1332","","0","","N","","0 ","","","","","","","","","","1","1","0","0","0","0","0","0","0","0","0","1","1","0","0","0","0","0","0","0","0","0","0","0","0","0","0","0","0","0","0","0","1","0","0","4","0","39.9665","-75.2077","","CRASH_2001_Philadelphia"
"2002017527","06","67","67301","67301","2001","08","3","1523","15","1","1","0","2","1","","","N","01","2","00","3","0","2","5","2","N","N","40 05:07.000","75 02:14.000","1525","","1523","","0","","N","","3 ","","","","","","","","","","2","2","0","0","0","0","0","0","0","0","0","2","2","0","0","0","0","0","0","0","0","0","1","0","0","0","0","0","0","0","0","0","0","0","0","4","0","40.0854","-75.0374","","CRASH_2001_Philadelphia"
"2002020029","06","67","67301","67301","2001","08","2","1415","14","1","1","0","4","1","","","N","01","2","00","3","0","3","3","2","N","N","40 01:38.000","75 10:15.808","9999","","9999","","0","","N","","3 ","","","","","","","","","","2","1","0","1","0","0","0","0","0","0","1","1","3","1","0","0","0","0","0","0","0","0","0","0","0","0","0","0","0","0","0","0","0","0","0","3","1","40.0272","-75.171","","CRASH_2001_Philadelphia"
"2002025050","06","67","67301","67301","2001","08","6","0630","06","1","1","0","4","1","","","N","01","2","00","3","0","1","2","2","N","N","40 03:50.638","75 14:22.336","0631","","0630","","0","","N","","3 ","","","","","","","","","","2","2","0","0","0","0","0","0","0","0","0","1","1","0","0","0","0","0","0","0","1","0","1","0","0","0","0","0","0","0","0","0","0","0","0","4","0","40.0647","-75.2397","","CRASH_2001_Philadelphia"
"2002031123","06","67","67301","67301","2001","10","5","1120","11","1","1","0","6","1","","","N","01","2","00","3","0","2","2","2","N","N","39 58:49.544","75 12:51.149","1120","","1112","","0","","N","","3 ","","","","","","","","","","2","2","0","0","0","0","0","0","0","0","0","2","2","0","0","0","0","0","0","0","0","1","0","2","0","0","0","0","0","0","0","0","0","0","0","4","0","39.9803","-75.2141","","CRASH_2001_Philadelphia"
"2002034066","06","67","67301","67301","2001","11","6","1355","13","1","1","0","4","1","","","N","01","0","00","3","0","7","8","3","N","N","40 04:50.280","75 01:42.294","1408","","1401","","0","","N","","0 ","","","","","","","","","","3","3","0","0","0","0","0","0","0","0","0","7","7","0","0","0","0","0","0","1","0","0","0","0","0","0","0","0","0","0","0","0","0","0","0","4","0","40.0808","-75.0284","","CRASH_2001_Philadelphia"
"2002026648","06","67","67301","67301","2001","09","2","1328","13","1","1","0","8","1","","","N","01","0","00","3","0","1","2","2","N","N","40 02:37.454","75 03:11.431","1342","","1338","","0","","N","","0 ","","","","","","","","","","1","1","0","0","0","0","0","0","0","0","1","0","1","0","0","0","0","0","0","0","0","0","0","0","0","0","0","0","0","0","0","0","1","0","0","3","0","40.0438","-75.0532","","CRASH_2001_Philadelphia"
"2002039482","06","67","67301","67301","2001","11","1","0535","05","3","1","0","7","2","","","N","00","0","00","3","0","1","1","1","N","N","39 58:29.640","75 07:02.280","0545","","0538","2","2","1","N","","0 ","N","","","","","","","","","1","1","0","0","0","0","0","0","0","0","0","1","1","0","0","0","0","0","0","0","0","0","0","0","0","0","0","0","0","0","0","0","0","0","0","4","0","39.9747","-75.1177","","CRASH_2001_Philadelphia"
"2002040424","06","67","67301","67301","2001","12","7","1345","13","1","2","1","8","1","","","N","01","2","00","3","0","1","3","2","N","N","40 02:20.740","75 08:41.130","1410","","1405","","0","","N","","3 ","","","","","","","","","","1","1","0","0","0","0","0","0","0","0","0","1","1","0","1","0","0","0","0","0","0","0","0","0","0","0","0","0","0","0","0","0","1","0","0","4","0","40.039","-75.1446","","CRASH_2001_Philadelphia"
"2002025177","06","67","67301","67301","2001","08","6","1740","17","1","1","0","4","1","","","N","00","0","00","3","0","1","2","2","N","N","40 00:48.285","75 10:48.434","1740","","1740","1","2","2","N","","0 ","N","","","","","","","","","2","1","1","0","0","0","0","0","0","0","1","0","1","0","0","0","0","0","0","0","0","0","0","0","0","0","0","0","0","0","0","0","0","0","0","3","0","40.0117","-75.1824","","CRASH_2001_Philadelphia"
"2002026645","06","67","67301","67301","2001","09","2","1343","13","1","1","0","8","1","","","N","01","0","00","3","0","1","2","2","N","N","","","1410","","1402","","0","","N","","0 ","","","","","","","","","","1","1","0","0","0","0","0","0","0","0","0","1","1","0","0","0","0","0","0","0","0","0","0","0","0","0","0","0","0","0","0","0","1","0","0","4","0","","","","CRASH_2001_Philadelphia"
"2002045888","06","67","67301","67301","2001","12","3","1130","11","1","1","0","1","1","","","N","01","2","00","3","0","2","3","3","N","N","40 01:13.120","75 04:49.441","1140","","1138","","0","","N","","3 ","","","","","","","","","","3","3","0","0","0","0","0","0","0","0","1","1","2","0","0","0","0","0","0","0","0","1","0","1","0","0","0","0","0","0","0","0","0","0","0","3","0","40.0203","-75.0804","","CRASH_2001_Philadelphia"
"2002008914","06","67","67301","67301","2001","06","5","1848","18","1","1","0","8","1","","","N","02","0","00","3","0","1","2","2","N","N","39 57:06.631","75 10:18.107","1851","","1851","","0","","N","","0 ","","","","","","","","","","1","1","0","0","0","0","0","0","0","0","0","1","1","0","0","0","0","0","0","0","0","1","0","0","0","0","0","0","0","0","0","0","1","0","0","4","0","39.9503","-75.1722","","CRASH_2001_Philadelphia"
"2002037865","06","67","67301","67301","2001","11","5","2225","22","6","1","0","1","1","1","4","Y","00","0","00","3","0","1","5","3","N","N","39 58:44.004","75 06:34.631","2240","99","2230","1","2","1","N","","0 ","N","U","","","U","Y","","","Y","3","2","0","0","1","0","0","0","0","0","1","0","1","0","0","0","0","0","0","0","0","0","0","0","0","0","0","0","0","0","0","0","0","0","0","3","0","39.9788","-75.1097","","CRASH_2001_Philadelphia"
"2002020041","06","67","67301","67301","2001","08","2","1640","16","1","1","0","4","1","","","N","00","2","00","3","0","1","3","3","N","N","40 04:44.519","75 10:26.130","1705","","1659","","0","","Y","","3 ","","","","","","","","","","3","3","0","0","0","0","0","0","0","0","0","1","1","0","0","0","1","0","0","0","1","0","0","0","0","0","0","0","0","0","0","0","0","0","0","4","0","40.0791","-75.1739","","CRASH_2001_Philadelphia"
"2002023930","06","67","67301","67301","2001","07","6","1122","11","1","1","0","4","1","","","N","01","2","00","3","0","1","3","2","N","N","40 02:12.299","75 02:27.049","0840","","0840","","0","","N","","3 ","","","","","","","","","","2","0","0","1","1","0","0","0","0","0","0","1","1","0","0","0","0","0","0","0","0","0","0","0","0","0","0","0","0","0","0","0","0","0","0","4","1","40.0368","-75.0407","","CRASH_2001_Philadelphia"
"2002034698","06","67","67301","67301","2001","11","7","1300","13","1","1","0","4","1","","","N","00","0","00","3","0","2","3","2","N","N","39 58:30.720","75 11:40.560","1317","","1310","","0","","N","","0 ","","","","","","","","","","2","1","0","0","0","1","0","0","0","0","0","2","2","0","0","0","0","0","0","0","1","0","0","0","0","0","0","0","0","0","0","0","0","0","0","4","1","39.9752","-75.1946","","CRASH_2001_Philadelphia"
"2002016672","06","67","67301","67301","2001","07","1","1500","15","1","1","0","6","1","","","N","01","2","00","3","0","2","3","2","N","N","40 01:32.567","75 01:54.133","1510","","1502","","0","","N","","3 ","","","","","","","","","","2","2","0","0","0","0","0","0","0","0","0","2","2","0","0","0","0","0","0","0","0","0","1","0","0","0","0","0","0","0","0","0","0","0","0","4","0","40.0257","-75.0316","","CRASH_2001_Philadelphia"
"2002039353","06","67","67301","67301","2001","11","1","1025","10","1","1","0","1","1","","","N","00","2","00","3","0","3","4","2","N","N","40 00:44.640","75 03:29.520","1030","","1030","","0","","N","","3 ","","","","","","","","","","2","2","0","0","0","0","0","0","0","0","0","3","3","0","0","0","0","0","0","0","0","0","0","0","0","0","0","0","0","0","0","0","0","0","0","4","0","40.0127","-75.0579","","CRASH_2001_Philadelphia"
"2002043812","06","67","67301","67301","2001","10","2","1103","11","1","1","0","7","3","","","N","03","0","02","3","0","1","2","1","N","N","39 56:54.356","75 11:08.599","1109","","1106","","0","","Y","","0 ","","","","","","","","","","1","1","0","0","0","0","0","0","0","0","0","1","1","0","0","0","0","0","0","0","0","0","0","0","0","0","0","0","0","0","0","0","0","0","0","4","0","39.9484","-75.1857","","CRASH_2001_Philadelphia"
"2001287428","06","67","67301","","2001","01","4","1045","10","1","1","0","4","1","","","N","01","2","00","3","0","3","3","2","N","N","39 59:42.000","75 09:47.520","9999","","9999","","0","","N","","3 ","","","","","","","","","","2","2","0","0","0","0","0","0","0","0","0","0","0","0","3","0","0","0","0","0","1","0","0","0","0","0","0","0","0","0","0","0","0","0","0","9","0","39.995","-75.1632","","CRASH_2001_Philadelphia"
"2002018374","06","67","67301","67301","2001","08","7","2000","20","3","1","0","1","4","","","N","01","0","00","3","0","4","6","2","N","N","40 00:24.614","75 12:51.206","2030","","2020","","0","","N","","0 ","","","","","","","","","","2","2","0","0","0","0","0","0","0","0","0","4","4","0","0","0","0","0","0","0","0","0","0","0","0","0","0","0","0","0","0","0","0","0","0","4","0","40.0071","-75.2137","","CRASH_2001_Philadelphia"
"2002018495","06","67","67301","67301","2001","07","1","1638","16","1","1","0","7","3","","","N","00","0","00","3","0","1","1","1","N","N","39 58:25.320","75 07:10.920","1645","","1639","1","2","1","N","","0 ","N","","","","","","","","","1","1","0","0","0","0","0","0","0","0","0","1","1","0","0","0","0","0","0","0","0","0","0","0","0","0","0","0","0","0","0","0","0","0","0","4","0","39.9733","-75.1202","","CRASH_2001_Philadelphia"
"2002023888","06","67","67301","67301","2001","08","3","1456","14","1","1","0","4","1","","","N","01","2","00","3","0","1","2","2","N","N","40 00:36.762","75 07:17.129","1500","","1456","","0","","N","","3 ","","","","","","","","","","1","1","0","0","0","0","0","0","0","0","1","0","1","0","0","0","0","0","0","0","1","0","0","0","0","0","0","0","0","0","0","0","1","0","0","3","0","40.0101","-75.1214","","CRASH_2001_Philadelphia"
"2002023896","06","67","67301","67301","2001","08","6","0600","06","1","1","0","1","2","","","N","00","2","07","3","0","1","2","2","N","N","39 59:53.704","75 07:38.555","1830","","1830","","0","","N","","3 ","","","","","","","","","","2","1","1","0","0","0","0","0","0","0","1","0","1","0","1","0","0","0","0","1","1","0","0","0","0","0","0","0","0","0","0","0","0","0","0","3","0","39.9983","-75.1274","","CRASH_2001_Philadelphia"
"2002037081","06","67","67301","67301","2001","11","5","1727","17","1","5","1","7","5","","","N","10","0","07","3","0","1","2","1","N","N","40 06:03.380","75 00:27.466","1737","","1727","","0","","N","","0 ","","","","","","","","","","1","1","0","0","0","0","0","0","0","0","0","1","1","0","0","0","0","0","0","0","0","0","0","2","0","0","0","0","0","0","0","0","0","0","0","4","0","40.1008","-75.0077","","CRASH_2001_Philadelphia"
"2002023609","06","67","67301","67301","2001","08","2","0853","08","1","1","0","4","1","","","N","05","2","03","3","0","4","4","2","N","N","40 01:53.078","75 05:05.038","0858","","0853","","0","","N","","3 ","","","","","","","","","","2","2","0","0","0","0","0","0","0","0","0","4","4","0","0","0","0","0","0","0","0","0","0","0","0","0","0","0","0","0","0","0","0","0","0","4","0","40.0314","-75.0847","","CRASH_2001_Philadelphia"
"2002028825","06","67","67301","67301","2001","09","1","0838","08","3","1","0","4","1","","","N","01","2","00","3","0","0","4","2","N","N","39 55:40.843","75 13:10.444","0844","","0838","","0","","Y","","3 ","","","","","","","","","","2","2","0","0","0","0","0","0","0","0","0","0","0","0","0","0","0","0","0","1","1","0","0","0","0","0","0","0","0","0","0","0","0","0","0","0","0","39.928","-75.2193","","CRASH_2001_Philadelphia"
"2002010512","06","67","67301","67301","2001","06","7","1203","12","1","1","0","4","1","","","N","02","2","00","3","0","3","8","3","N","N","40 06:01.847","75 01:46.101","1206","","1204","","0","","N","","3 ","","","","","","","","","","3","3","0","0","0","0","0","0","0","0","0","3","3","0","0","0","0","0","0","0","0","0","0","5","0","0","0","0","0","0","0","0","0","0","0","4","0","40.1004","-75.0297","","CRASH_2001_Philadelphia"
"2002018886","06","67","67301","67301","2001","08","6","0152","01","3","1","0","1","1","","","N","00","0","00","3","0","2","3","4","N","N","39 56:56.198","75 13:11.913","0201","","0159","","0","","N","","0 ","","","","","","","","","","4","3","1","0","0","0","0","0","0","0","1","1","2","0","1","0","0","0","0","0","0","0","0","0","0","0","0","0","0","0","0","0","0","0","0","3","0","39.9489","-75.22","","CRASH_2001_Philadelphia"
"2002023629","06","67","67301","67301","2001","08","5","2100","21","2","1","0","1","1","","","N","01","2","00","3","0","2","3","2","N","N","39 57:23.309","75 12:30.259","2110","","2100","1","2","4","N","","3 ","Y","","","","","","","","","2","2","0","0","0","0","0","0","0","0","0","2","2","0","0","0","0","0","0","0","0","0","0","1","0","0","0","0","0","0","0","0","0","0","0","4","0","39.9565","-75.2084","","CRASH_2001_Philadelphia"
"2002035281","06","67","67301","67301","2001","11","4","2000","20","3","1","0","6","1","","","N","01","0","00","3","0","1","3","3","N","N","","","2015","","2010","","0","","N","","0 ","","","","","","","","","","3","3","0","0","0","0","0","0","0","0","0","1","1","0","0","0","0","0","1","0","1","0","0","0","0","0","0","0","0","0","0","0","0","0","0","4","0","","","","CRASH_2001_Philadelphia"
"2002037271","06","67","67301","67301","2001","11","4","1300","13","1","1","0","7","2","","","N","02","0","00","3","0","2","2","1","N","N","40 02:48.174","75 03:08.952","1405","","1400","","0","","N","","0 ","","","","","","","","","","1","1","0","0","0","0","0","0","0","0","2","0","2","0","0","0","0","0","0","0","0","0","0","0","0","0","0","0","0","0","0","0","0","0","0","3","0","40.0467","-75.0525","","CRASH_2001_Philadelphia"
"2002045796","06","67","67301","67301","2001","10","5","0823","08","1","1","0","1","1","","","N","01","2","00","3","0","1","2","2","N","N","39 57:17.522","75 11:00.045","0920","","0850","","0","","N","","3 ","","","","","","","","","","2","1","0","0","1","0","0","0","0","0","0","1","1","0","0","0","0","0","0","0","0","0","0","0","0","0","0","0","0","0","0","0","0","0","0","4","0","39.9549","-75.1839","","CRASH_2001_Philadelphia"
"2002046284","06","67","67301","67301","2001","10","7","2128","21","3","1","0","1","1","","","N","05","2","00","3","0","5","6","3","N","N","40 03:05.712","75 09:00.640","2135","","2030","","0","","N","","3 ","","","","","","","","","","3","3","0","0","0","0","0","0","0","0","0","5","5","0","0","0","1","0","0","0","1","0","0","0","0","0","0","0","0","0","0","0","0","0","0","4","0","40.0515","-75.1501","","CRASH_2001_Philadelphia"
"2002033793","06","67","67301","67301","2001","10","5","1043","10","1","1","1","4","1","","","N","00","0","07","3","0","3","3","2","N","N","39 55:04.931","75 12:37.499","1045","","1043","","0","","N","","0 ","","","","","","","","","","2","2","0","0","0","0","0","0","0","0","3","0","3","0","0","0","0","0","0","0","1","0","0","0","0","0","0","0","0","0","0","0","0","0","0","3","0","39.9175","-75.2129","","CRASH_2001_Philadelphia"
"2002040425","06","67","67301","67301","2001","12","1","0039","00","3","2","1","8","1","","","N","00","0","03","3","0","4","11","8","N","N","","","9999","","0039","3","1","1","N","","0 ","N","","","","","","","","","6","6","0","0","0","0","0","0","0","0","0","4","4","0","0","0","0","0","0","0","0","1","0","1","0","0","0","0","0","0","0","0","2","0","0","4","0","","","","CRASH_2001_Philadelphia"
"2002026538","06","67","67301","67301","2001","07","6","1555","15","1","1","0","8","1","","","N","00","0","00","3","0","1","2","2","N","N","39 55:43.063","75 10:59.168","1605","","1603","","0","","N","","0 ","","","","","","","","","","1","1","0","0","0","0","0","0","0","0","0","1","1","0","0","0","0","0","0","0","0","0","0","0","0","0","0","0","0","0","0","0","1","0","0","4","0","39.9286","-75.1831","","CRASH_2001_Philadelphia"
"2002039438","06","67","67301","67301","2001","12","7","1239","12","1","1","0","4","1","","","N","01","2","00","3","0","1","5","3","N","N","40 03:37.296","74 59:24.731","1241","","1240","","0","","N","","3 ","","","","","","","","","","3","2","0","0","1","0","0","0","0","0","0","1","1","0","0","0","0","0","0","0","1","0","1","0","0","0","0","0","0","0","0","0","0","0","0","4","0","40.0604","-74.9904","","CRASH_2001_Philadelphia"