"CRN","DISTRICT","COUNTY","MUNICIPALITY","POLICE_AGCY","CRASH_YEAR","CRASH_MONTH","DAY_OF_WEEK","TIME_OF_DAY","HOUR_OF_DAY","ILLUMINATION","WEATHER","ROAD_CONDITION","COLLISION_TYPE","RELATION_TO_ROAD","WORK_ZONE_TYPE","WORK_ZONE_LOC","WORK_ZONE_IND","INTERSECT_TYPE","TCD_TYPE","LOCATION_TYPE","URBAN_RURAL","FATAL_COUNT","INJURY_COUNT","PERSON_COUNT","TOTAL_UNITS","SCH_BUS_IND","SCH_ZONE_IND","LATITUDE","LONGITUDE","ARRIVAL_TM","CONS_ZONE_SPD_LIM","DISPATCH_TM","EST_HRS_CLOSED","LANE_CLOSED","LN_CLOSE_DIR","NTFY_HIWY_MAINT","SPEC_JURIS_CD","TCD_FUNC_CD","TFC_DETOUR_IND","WORKERS_PRES","WZ_CLOSE_DETOUR","WZ_FLAGGER","WZ_LAW_OFFCR_IND","WZ_LN_CLOSURE","WZ_MOVING","WZ_OTHER","WZ_SHLDER_MDN","VEHICLE_COUNT","AUTOMOBILE_COUNT","MOTORCYCLE_COUNT","BUS_COUNT","SMALL_TRUCK_COUNT","HEAVY_TRUCK_COUNT","SUV_COUNT","VAN_COUNT","BICYCLE_COUNT","MAJ_INJ_COUNT","MOD_INJ_COUNT","MIN_INJ_COUNT","TOT_INJ_COUNT","UNK_INJ_DEG_COUNT","UNK_INJ_PER_COUNT","DRIVER_COUNT_16YR","DRIVER_COUNT_17YR","DRIVER_COUNT_18YR","DRIVER_COUNT_19YR","DRIVER_COUNT_20YR","DRIVER_COUNT_50_64YR","DRIVER_COUNT_65_74YR","DRIVER_COUNT_75PLUS","UNBELTED_OCC_COUNT","UNB_DEATH_COUNT","UNB_MAJ_INJ_COUNT","BELTED_DEATH_COUNT","BELTED_MAJ_INJ_COUNT","MCYCLE_DEATH_COUNT","MCYCLE_MAJ_INJ_COUNT","BICYCLE_DEATH_COUNT","BICYCLE_MAJ_INJ_COUNT","PED_COUNT","PED_DEATH_COUNT","PED_MAJ_INJ_COUNT","MAX_SEVERITY_LEVEL","COMM_VEH_COUNT","DEC_LAT","DEC_LONG","RDWY_SURF_TYPE_CD","COUNTY_YEAR"
"2002044413","06","67","67301","67301","2001","11","3","1642","16","1","1","0","4","1","","","N","01","2","00","3","0","0","2","2","N","N","40 01:20.524","75 05:37.768","1647","","1646","","0","","N","","3 ","","","","","","","","","","2","1","0","0","1","0","0","0","0","0","0","0","0","0","0","0","0","0","0","0","0","0","0","0","0","0","0","0","0","0","0","0","0","0","0","0","0","40.0227","-75.0935","","CRASH_2001_Philadelphia"
"2002026451","06","67","67301","67301","2001","06","7","9999","99","1","1","0","8","1","","","N","01","3","00","3","0","1","2","2","N","N","39 59:24.570","75 07:00.375","9999","","9999","","0","","N","","3 ","","","","","","","","","","1","1","0","0","0","0","0","0","0","0","0","1","1","0","0","0","0","0","0","0","0","0","0","1","0","0","0","0","0","0","0","0","1","0","0","4","0","39.9901","-75.1167","","CRASH_2001_Philadelphia"
"2002033725","06","67","67301","67301","2001","11","5","0830","08","1","1","0","8","1","","","N","00","0","00","3","0","1","2","2","N","Y","39 59:31.000","75 09:29.000","0832","","0831","1","2","1","N","","0 ","Y","","","","","","","","","1","1","0","0","0","0","0","0","0","0","0","1","1","0","0","0","0","0","0","0","0","0","0","0","0","0","0","0","0","0","0","0","1","0","0","4","0","39.9919","-75.1581","","CRASH_2001_Philadelphia"
"2002044243","06","67","67301","67301","2001","11","2","9999","99","1","1","0","8","1","","","N","01","2","00","3","0","1","2","2","N","N","39 57:13.996","75 12:00.693","1342","","1341","","0","","N","","9 ","","","","","","","","","","1","1","0","0","0","0","0","0","0","0","0","1","1","0","0","0","0","0","0","0","0","0","1","0","0","0","0","0","0","0","0","0","1","0","0","4","0","39.9538","-75.2002","","CRASH_2001_Philadelphia"
"2002046333","06","67","67301","67301","2001","10","5","1625","16","1","1","0","1","1","","","N","00","0","00","3","0","1","6","4","N","N","40 04:18.029","75 00:42.653","1635","","1628","","0","","N","","0 ","","","","","","","","","","4","4","0","0","0","0","0","0","0","0","0","1","1","0","0","0","0","0","0","0","0","0","0","0","0","0","0","0","0","0","0","0","0","0","0","4","0","40.0717","-75.012","","CRASH_2001_Philadelphia"
"2003066281","06","67","67301","67301","2001","10","4","0112","01","3","2","1","1","6","","","N","00","0","00","3","0","0","1","2","N","N","39 59:04.000","75 11:16.575","0115","","0113","","0","","Y","","0 ","","","","","","","","","","2","2","0","0","0","0","0","0","0","0","0","0","0","0","0","0","0","0","0","0","0","0","0","0","0","0","0","0","0","0","0","0","0","0","0","0","0","39.9848","-75.1879","","CRASH_2001_Philadelphia"
"2002036835","06","67","67301","67301","2001","12","7","1915","19","3","1","0","4","1","","","N","01","0","00","3","0","1","2","2","N","N","39 56:53.770","75 09:20.695","1925","","1920","","0","","N","","0 ","","","","","","","","","","1","1","0","0","0","0","0","0","0","0","0","1","1","0","0","0","0","0","0","0","0","0","0","1","0","0","0","0","0","0","0","0","1","0","0","4","0","39.9483","-75.1558","","CRASH_2001_Philadelphia"
"2002043620","06","67","67301","67301","2001","12","1","0048","00","3","2","1","1","1","","","N","00","2","00","3","0","2","3","3","N","N","39 58:32.880","75 07:12.720","0050","","0048","","0","","N","","3 ","","","","","","","","","","3","3","0","0","0","0","0","0","0","2","0","0","2","0","0","0","0","0","0","0","0","0","0","1","0","1","0","1","0","0","0","0","0","0","0","2","0","39.9739","-75.1224","","CRASH_2001_Philadelphia"
"2002041613","06","67","67301","67301","2001","11","4","0245","02","3","2","1","7","4","","","N","00","0","00","3","0","2","2","1","N","N","39 58:49.324","75 05:21.664","0255","","0252","","0","","N","","0 ","","","","","","","","","","1","1","0","0","0","0","0","0","0","0","2","0","2","0","0","0","0","0","0","0","0","0","0","0","0","0","0","0","0","0","0","0","0","0","0","3","0","39.9803","-75.0893","","CRASH_2001_Philadelphia"
"2002014571","06","67","67301","67301","2001","07","4","1630","16","1","1","0","5","1","","","N","01","2","00","3","0","1","3","2","N","N","40 02:02.406","75 12:57.258","1648","","1642","","0","","N","","3 ","","","","","","","","","","2","0","0","0","1","0","0","0","0","0","0","1","1","0","1","0","0","0","0","0","0","0","0","0","0","0","0","0","0","0","0","0","0","0","0","4","0","40.034","-75.2158","","CRASH_2001_Philadelphia"
"2002026308","06","67","67301","67301","2001","09","3","1622","16","1","1","0","1","1","","","N","01","2","00","3","0","2","3","2","N","N","40 04:28.498","75 02:06.297","1637","","1637","","0","","N","","3 ","","","","","","","","","","2","2","0","0","0","0","0","0","0","0","0","2","2","0","0","0","0","0","0","0","1","0","0","0","0","0","0","0","0","0","0","0","0","0","0","4","0","40.0746","-75.0351","","CRASH_2001_Philadelphia"
"2002032106","06","67","67301","67301","2001","10","1","0739","07","1","1","0","4","1","","","N","01","2","00","3","0","1","4","2","N","N","39 57:00.690","75 09:30.888","0742","","0239","","0","","N","","3 ","","","","","","","","","","2","2","0","0","0","0","0","0","0","0","0","1","1","0","0","0","0","0","0","0","0","0","0","2","0","0","0","0","0","0","0","0","0","0","0","4","0","39.9502","-75.1586","","CRASH_2001_Philadelphia"
"2002040207","06","67","67301","67301","2001","12","5","0355","03","6","1","0","8","1","","","N","00","0","00","3","0","1","2","2","N","N","40 05:31.086","74 58:39.397","0405","","0355","","0","","N","","0 ","","","","","","","","","","1","1","0","0","0","0","0","0","0","0","0","1","1","0","0","0","0","0","0","0","1","0","0","0","0","0","0","0","0","0","0","0","1","0","0","4","0","40.092","-74.9779","","CRASH_2001_Philadelphia"
"2002001051","06","67","67301","67301","2001","05","6","1100","11","1","1","0","8","1","","","N","01","2","00","3","0","1","2","2","N","N","39 59:47.422","75 06:48.166","1306","","1300","","0","","Y","","3 ","","","","","","","","","","1","1","0","0","0","0","0","0","0","0","1","0","1","0","0","0","0","0","0","0","0","0","0","0","0","0","0","0","0","0","0","0","1","0","0","3","0","39.9965","-75.1134","","CRASH_2001_Philadelphia"
"2002016824","06","67","67301","67301","2001","07","3","1635","16","1","1","0","4","1","","","N","01","3","00","3","0","0","4","2","N","N","39 56:18.000","75 09:11.000","1642","","1640","","0","","N","","3 ","","","","","","","","","","2","2","0","0","0","0","0","0","0","0","0","0","0","0","0","0","0","0","0","0","0","0","0","0","0","0","0","0","0","0","0","0","0","0","0","0","0","39.9383","-75.1531","","CRASH_2001_Philadelphia"
"2002046788","06","67","67301","67301","2001","10","7","0147","01","3","1","0","4","1","","","N","01","2","00","3","0","1","2","2","N","N","40 01:43.252","75 05:23.305","0150","","0148","1","2","1","N","","3 ","Y","","","","","","","","","2","2","0","0","0","0","0","0","0","0","1","0","1","0","0","0","0","0","0","0","0","0","0","1","0","0","0","0","0","0","0","0","0","0","0","3","0","40.029","-75.0892","","CRASH_2001_Philadelphia"
"2002041596","06","67","67301","67301","2001","12","3","1726","17","3","1","0","7","4","","","N","01","2","00","3","0","1","2","2","N","N","40 02:03.242","75 04:30.120","1731","","1726","","0","","N","","3 ","","","","","","","","","","1","0","0","0","1","0","0","0","0","0","0","1","1","0","0","0","0","0","0","0","0","0","0","0","0","0","0","0","0","0","0","0","0","0","0","4","0","40.0339","-75.0742","","CRASH_2001_Philadelphia"
"2002017156","06","67","67301","67301","2001","07","7","1140","11","1","1","0","4","1","","","N","00","0","07","3","0","1","3","2","N","N","40 05:09.600","75 02:19.320","1152","","1146","","0","","N","","0 ","","","","","","","","","","2","2","0","0","0","0","0","0","0","0","0","1","1","0","0","0","0","0","1","0","0","0","0","0","0","0","0","0","0","0","0","0","0","0","0","4","0","40.0862","-75.0389","","CRASH_2001_Philadelphia"
"2002026320","06","67","67301","67301","2001","09","6","1155","11","1","1","0","4","4","","","N","00","0","07","3","0","1","2","2","N","N","","","1220","","1155","","0","","N","","0 ","","","","","","","","","","1","1","0","0","0","0","0","0","1","0","1","0","1","0","0","0","0","0","0","0","0","0","0","1","0","0","0","0","0","0","0","0","0","0","0","3","0","","","","CRASH_2001_Philadelphia"
"2002042604","06","67","67301","67301","2001","12","5","1300","13","1","1","0","8","1","1","2","Y","01","2","00","3","0","1","2","2","N","N","39 57:58.000","75 10:45.713","1307","35","1305","9","1","2","N","","3 ","N","N","","","U","Y","","","","1","1","0","0","0","0","0","0","0","0","0","1","1","0","0","0","0","0","0","0","0","0","0","0","0","0","0","0","0","0","0","0","1","0","0","4","0","39.9663","-75.1793","","CRASH_2001_Philadelphia"
"2002044402","06","67","67301","67301","2001","11","4","1345","13","1","1","0","4","1","","","N","01","2","00","3","0","1","2","2","N","N","39 57:25.631","75 09:08.875","1350","","1345","","0","","N","","2 ","","","","","","","","","","2","2","0","0","0","0","0","0","0","0","0","1","1","0","0","0","0","0","0","0","1","0","0","0","0","0","0","0","0","0","0","0","0","0","0","4","0","39.9566","-75.1524","","CRASH_2001_Philadelphia"
"2002046734","06","67","67301","67301","2001","10","3","1315","13","1","1","0","1","1","","","N","02","9","00","3","0","1","3","2","N","N","40 02:29.089","75 08:38.923","1135","","1129","","0","","N","","9 ","","","","","","","","","","2","2","0","0","0","0","0","0","0","0","0","1","1","0","0","0","0","0","0","0","0","0","0","0","0","0","0","0","0","0","0","0","0","0","0","4","0","40.0414","-75.1441","","CRASH_2001_Philadelphia"
"2002037291","06","67","67301","67301","2001","11","6","1830","18","3","1","0","1","1","","","N","00","0","00","3","0","2","4","3","N","N","39 58:22.952","75 11:36.657","1836","","1830","","0","","N","","0 ","","","","","","","","","","3","1","0","0","1","1","0","0","0","0","0","2","2","0","0","0","0","0","1","0","1","0","0","0","0","0","0","0","0","0","0","0","0","0","0","4","1","39.9729","-75.1937","","CRASH_2001_Philadelphia"
"2002039429","06","67","67301","67301","2001","11","6","1133","11","1","1","0","2","1","","","N","01","2","00","3","0","1","3","2","N","N","39 56:44.930","75 14:24.143","1137","","1134","","0","","N","","3 ","","","","","","","","","","2","2","0","0","0","0","0","0","0","0","1","0","1","0","0","0","0","0","0","0","0","0","0","0","0","0","0","0","0","0","0","0","0","0","0","3","0","39.9459","-75.2403","","CRASH_2001_Philadelphia"
"2002042692","06","67","67301","67301","2001","12","1","1745","17","3","1","0","1","6","","","N","00","0","00","3","0","1","1","2","N","N","40 02:04.000","75 07:30.000","1755","","1750","","0","","N","","0 ","","","","","","","","","","2","2","0","0","0","0","0","0","0","0","0","1","1","0","0","0","0","0","0","0","0","0","0","1","0","0","0","0","0","0","0","0","0","0","0","4","0","40.0344","-75.125","","CRASH_2001_Philadelphia"
"2002045818","06","67","67301","67301","2001","11","6","0705","07","1","1","0","8","1","1","8","Y","00","0","00","3","0","1","2","2","N","N","39 56:44.000","75 09:54.060","0720","99","0711","","0","","N","","0 ","","Y","","","U","","","","Y","1","1","0","0","0","0","0","0","0","0","0","1","1","0","0","0","0","0","0","0","1","0","0","0","0","0","0","0","0","0","0","0","1","0","0","4","0","39.9458","-75.1651","","CRASH_2001_Philadelphia"
"2002047874","06","67","67301","67301","2001","09","5","1425","14","1","2","1","5","1","","","N","01","2","00","3","0","0","2","2","N","N","39 59:01.053","75 14:49.827","1439","","1430","","0","","N","","3 ","","","","","","","","","","2","1","0","0","1","0","0","0","0","0","0","0","0","0","0","0","0","0","0","0","0","0","0","2","0","0","0","0","0","0","0","0","0","0","0","0","0","39.9836","-75.247","","CRASH_2001_Philadelphia"
"2002012243","06","67","67301","67301","2001","07","1","0748","07","1","1","0","7","2","1","8","Y","00","0","00","3","0","1","1","1","N","N","40 00:42.798","75 03:38.093","0801","55","0752","1","1","2","N","","0 ","Y","N","","","U","","","","Y","1","1","0","0","0","0","0","0","0","0","0","1","1","0","0","0","0","0","0","0","0","0","0","0","0","0","0","0","0","0","0","0","0","0","0","4","0","40.012","-75.0603","","CRASH_2001_Philadelphia"
"2002017160","06","67","67301","67301","2001","07","6","0928","09","1","1","0","2","1","","","N","02","3","00","3","0","1","3","2","N","N","40 07:28.023","75 00:53.523","0937","","0931","","0","","N","","9 ","","","","","","","","","","2","1","0","0","1","0","0","0","0","0","0","1","1","0","0","0","0","0","0","0","1","1","0","1","0","0","0","0","0","0","0","0","0","0","0","4","0","40.1236","-75.0153","","CRASH_2001_Philadelphia"
"2002029156","06","67","67301","67301","2001","09","7","1549","15","1","1","0","4","1","","","N","00","0","00","3","0","1","2","2","N","N","39 55:30.720","75 10:16.680","1615","","1549","","0","","N","","0 ","","","","","","","","","","2","1","1","0","0","0","0","0","0","0","0","1","1","0","0","0","0","0","0","0","0","0","0","0","0","0","0","0","0","0","0","0","0","0","0","4","0","39.9252","-75.1713","","CRASH_2001_Philadelphia"
"2002033686","06","67","67301","67301","2001","09","6","1812","18","1","1","0","4","1","","","N","01","3","00","3","0","1","5","3","N","N","","","1817","","1815","","0","","N","","3 ","","","","","","","","","","3","3","0","0","0","0","0","0","0","0","0","1","1","0","0","0","0","1","0","1","0","0","0","0","0","0","0","0","0","0","0","0","0","0","0","4","0","","","","CRASH_2001_Philadelphia"
"2002035700","06","67","67301","67301","2001","11","6","1820","18","3","1","0","1","1","","","N","00","0","00","3","0","1","2","2","N","N","39 57:35.241","75 13:21.860","1828","","1828","","0","","N","","0 ","","","","","","","","","","2","0","0","0","1","0","0","0","0","0","0","1","1","0","1","0","0","0","0","0","0","0","0","1","0","0","0","0","0","0","0","0","0","0","0","4","0","39.9598","-75.2227","","CRASH_2001_Philadelphia"
"2002042691","06","67","67301","67301","2001","12","5","2344","23","3","1","0","4","1","","","N","01","1","00","3","0","0","2","2","N","N","40 02:42.849","75 07:32.241","1209","","1205","","0","","N","","3 ","","","","","","","","","","2","1","0","0","0","1","0","0","0","0","0","0","0","0","0","0","0","0","0","0","0","0","0","0","0","0","0","0","0","0","0","0","0","0","0","0","1","40.0453","-75.1256","","CRASH_2001_Philadelphia"
"2002045896","06","67","67301","67301","2001","10","1","0228","02","3","1","0","5","2","","","N","00","0","00","3","0","0","1","5","N","N","","","0235","","0229","","0","","N","","0 ","","","","","","","","","","5","4","0","0","1","0","0","0","0","0","0","0","0","0","1","0","0","0","0","0","0","0","0","0","0","0","0","0","0","0","0","0","0","0","0","9","0","","","","CRASH_2001_Philadelphia"
"2002023642","06","67","67301","67301","2001","08","5","0701","07","1","1","0","1","6","","","N","00","0","00","3","0","2","2","2","N","N","39 57:24.438","75 12:39.492","0811","","0801","","0","","N","","0 ","","","","","","","","","","2","2","0","0","0","0","0","0","0","0","0","2","2","0","0","0","0","0","0","0","0","0","0","0","0","0","0","0","0","0","0","0","0","0","0","4","0","39.9567","-75.211","","CRASH_2001_Philadelphia"
"2002031581","06","67","67301","67301","2001","10","7","1205","12","1","1","0","1","1","","","N","10","0","00","3","0","0","5","3","N","N","39 52:34.327","75 15:27.724","1205","","1205","","0","","N","","0 ","","","","","","","","","","3","3","0","0","0","0","0","0","0","0","0","0","0","0","0","0","0","0","0","0","0","0","1","0","0","0","0","0","0","0","0","0","0","0","0","0","0","39.8762","-75.2577","","CRASH_2001_Philadelphia"
"2002035816","06","67","67301","67301","2001","11","3","1615","16","1","1","0","8","1","","","N","01","2","06","3","0","1","2","2","N","N","40 02:51.220","75 03:35.227","1622","","1620","1","1","2","N","","3 ","N","","","","","","","","","1","1","0","0","0","0","0","0","0","0","0","1","1","0","0","0","0","0","0","0","1","0","0","0","0","0","0","0","0","0","0","0","1","0","0","4","0","40.0477","-75.06","","CRASH_2001_Philadelphia"
"2002035982","06","67","67301","67301","2001","11","2","1558","15","1","1","0","4","1","","","N","02","0","00","3","0","0","2","2","N","N","39 58:27.448","75 10:03.765","9999","","1600","","0","","N","","0 ","","","","","","","","","","2","2","0","0","0","0","0","0","0","0","0","0","0","0","1","0","0","0","0","0","0","0","0","0","0","0","0","0","0","0","0","0","0","0","0","9","0","39.9743","-75.1677","","CRASH_2001_Philadelphia"
"2002042809","06","67","67301","67301","2001","12","1","2350","23","6","2","1","1","1","","","N","00","0","00","3","0","0","3","3","N","N","39 57:41.760","75 10:57.720","2351","","2350","","0","","N","","0 ","","","","","","","","","","3","3","0","0","0","0","0","0","0","0","0","0","0","0","0","0","0","1","0","0","0","0","0","0","0","0","0","0","0","0","0","0","0","0","0","0","0","39.9616","-75.1826","","CRASH_2001_Philadelphia"
"2002043811","06","67","67301","67301","2001","11","5","1630","16","1","1","0","7","2","","","N","00","8","00","3","0","1","2","1","N","N","39 59:18.736","75 05:19.029","1645","","1640","","0","","N","","3 ","","","","","","","","","","1","1","0","0","0","0","0","0","0","1","0","0","1","0","0","0","0","0","0","0","0","0","0","0","0","0","0","1","0","0","0","0","0","0","0","2","0","39.9886","-75.0885","","CRASH_2001_Philadelphia"
"2002048175","06","67","67301","67301","2001","10","4","2230","22","3","1","0","7","5","","","N","00","0","00","3","0","2","2","1","N","N","40 01:19.000","75 12:46.000","1040","","1030","","0","","N","","0 ","","","","","","","","","","1","1","0","0","0","0","0","0","0","0","0","2","2","0","0","0","0","1","0","0","0","0","0","0","0","0","0","0","0","0","0","0","0","0","0","4","0","40.0219","-75.2128","","CRASH_2001_Philadelphia"
"2002042073","06","67","67301","67301","2001","11","6","0205","02","3","1","0","8","1","","","N","01","0","00","3","0","1","3","3","N","N","39 54:54.751","75 09:33.350","0500","","0500","","0","","N","","0 ","","","","","","","","","","1","1","0","0","0","0","0","0","0","0","0","1","1","0","0","0","0","0","0","0","0","0","0","0","0","0","0","0","0","0","0","0","2","0","0","4","0","39.9152","-75.1592","","CRASH_2001_Philadelphia"
"2002043810","06","67","67301","67301","2001","11","3","9999","99","1","8","1","1","7","","","N","06","4","02","3","0","0","2","2","N","N","39 56:45.887","75 11:22.487","0756","","0738","","0","","N","","9 ","","","","","","","","","","2","2","0","0","0","0","0","0","0","0","0","0","0","0","0","0","0","0","0","0","0","0","0","0","0","0","0","0","0","0","0","0","0","0","0","0","0","39.9461","-75.1896","","CRASH_2001_Philadelphia"
"2002029588","06","67","67301","67301","2001","09","6","2225","22","3","1","0","4","1","","","N","00","0","00","3","0","1","3","2","N","N","40 04:20.543","75 04:29.362","2230","","2225","","0","","N","","0 ","","","","","","","","","","2","2","0","0","0","0","0","0","0","0","0","1","1","0","0","0","0","0","0","0","0","0","0","0","0","0","0","0","0","0","0","0","0","0","0","4","0","40.0724","-75.0748","","CRASH_2001_Philadelphia"
"2002040148","06","67","67301","67301","2001","11","4","1711","17","3","1","0","4","1","","","N","01","2","00","3","0","1","2","2","N","N","40 07:51.110","75 00:45.968","1716","","1711","","0","","N","","3 ","","","","","","","","","","2","1","0","0","1","0","0","0","0","0","0","1","1","0","0","0","0","0","0","0","0","0","0","0","0","0","0","0","0","0","0","0","0","0","0","4","0","40.1317","-75.0122","","CRASH_2001_Philadelphia"
"2003046227","06","67","67301","67301","2001","11","7","1740","17","2","1","0","5","1","","","N","00","0","00","3","0","1","2","3","N","N","","","1750","","1744","","0","","N","","0 ","","","","","","","","","","3","3","0","0","0","0","0","0","0","0","0","1","1","0","0","1","0","0","0","0","0","0","0","1","0","0","0","0","0","0","0","0","0","0","0","4","0","","","","CRASH_2001_Philadelphia"
"2006125400","06","67","67301","67301","2001","10","3","0930","09","1","1","0","8","2","","","N","01","0","00","3","0","1","2","2","N","N","40 03:20.000","75 09:32.008","9999","","","","0","","N","","0 ","","","","","","","","","","1","1","0","0","0","0","0","0","1","0","1","0","1","0","0","0","0","0","0","0","0","0","0","0","0","0","0","0","0","0","0","0","0","0","0","3","0","40.0558","-75.1589","","CRASH_2001_Philadelphia"
"2002012117","06","67","67301","67301","2001","07","3","1700","17","1","2","1","1","1","","","N","00","0","00","3","0","1","3","2","N","N","39 55:05.283","75 12:35.660","1734","","1734","","0","","N","","0 ","","","","","","","","","","2","2","0","0","0","0","0","0","0","0","0","1","1","0","0","0","0","0","0","1","0","0","0","0","0","0","0","0","0","0","0","0","0","0","0","4","0","39.9176","-75.2124","","CRASH_2001_Philadelphia"
"2002017124","06","67","67301","67301","2001","07","3","2238","22","3","1","0","5","1","","","N","00","0","00","3","0","1","2","2","N","N","40 01:58.800","75 10:52.320","2238","","2238","","0","","N","","0 ","","","","","","","","","","1","1","0","0","0","0","0","0","0","0","0","1","1","0","0","0","0","0","0","0","0","1","0","0","0","0","0","0","0","0","0","0","1","0","0","4","0","40.033","-75.1811","","CRASH_2001_Philadelphia"
"2002018497","06","67","67301","67301","2001","08","4","1415","14","1","1","0","4","1","","","N","00","0","07","3","0","3","3","2","N","N","40 02:51.640","75 08:34.002","1530","","1444","","0","","N","","0 ","","","","","","","","","","2","2","0","0","0","0","0","0","0","2","1","0","3","0","0","0","0","0","0","0","1","0","0","0","0","0","0","0","0","0","0","0","0","0","0","2","0","40.0476","-75.1428","","CRASH_2001_Philadelphia"
"2002039520","06","67","67301","67301","2001","11","5","1715","17","3","1","0","4","1","","","N","01","2","00","3","0","2","3","2","N","N","39 57:48.073","75 10:09.668","1722","","1720","2","1","2","N","","3 ","Y","","","","","","","","","2","2","0","0","0","0","0","0","0","0","0","2","2","0","0","0","0","0","0","0","0","0","0","0","0","0","0","0","0","0","0","0","0","0","0","4","0","39.9634","-75.1694","","CRASH_2001_Philadelphia"
"2002040415","06","67","67301","67301","2001","11","1","9999","99","3","1","0","4","1","","","N","00","0","00","3","0","1","3","2","N","N","40 00:21.661","75 06:48.787","0135","","0130","","0","","N","","0 ","","","","","","","","","","2","2","0","0","0","0","0","0","0","0","0","1","1","0","0","0","0","0","0","0","1","0","0","0","0","0","0","0","0","0","0","0","0","0","0","4","0","40.006","-75.1136","","CRASH_2001_Philadelphia"
"2002017618","06","67","67301","67301","2001","08","2","1521","15","1","1","0","4","1","","","N","02","3","00","3","0","1","2","2","N","N","40 03:07.850","75 09:05.273","1521","","1521","","0","","N","","3 ","","","","","","","","","","2","2","0","0","0","0","0","0","0","0","0","1","1","0","0","0","0","0","0","0","1","0","0","0","0","0","0","0","0","0","0","0","0","0","0","4","0","40.0523","-75.1516","","CRASH_2001_Philadelphia"
"2002034331","06","67","67301","67301","2001","10","3","1611","16","1","1","0","7","4","","","N","00","2","00","3","0","1","1","1","N","N","40 01:47.651","75 05:15.997","1617","","1611","","0","","N","","3 ","","","","","","","","","","1","1","0","0","0","0","0","0","0","0","1","0","1","0","0","0","0","0","0","0","1","0","0","0","0","0","0","0","0","0","0","0","0","0","0","3","0","40.0299","-75.0877","","CRASH_2001_Philadelphia"
"2002039430","06","67","67301","67301","2001","11","7","0027","00","3","1","0","1","1","","","N","00","0","00","3","0","0","3","2","N","N","39 55:19.999","75 13:49.370","0027","","0027","","0","","N","","0 ","","","","","","","","","","2","2","0","0","0","0","0","0","0","0","0","0","0","0","0","0","0","0","0","0","1","0","0","0","0","0","0","0","0","0","0","0","0","0","0","0","0","39.9222","-75.2303","","CRASH_2001_Philadelphia"
"2002040177","06","67","67301","67301","2001","12","5","0220","02","3","1","0","9","2","","","N","00","0","00","3","0","1","1","2","N","N","39 54:08.845","75 13:30.338","0225","","0221","","0","","N","","0 ","","","","","","","","","","2","2","0","0","0","0","0","0","0","1","0","0","1","0","0","0","0","0","0","0","0","0","0","0","0","0","0","0","0","0","0","0","0","0","0","2","0","39.9029","-75.2248","","CRASH_2001_Philadelphia"
"2002035787","06","67","67301","67301","2001","10","7","0530","05","3","1","0","1","1","","","N","01","2","00","3","0","3","3","2","N","N","40 00:34.918","75 09:16.142","0535","","0530","","0","","N","","3 ","","","","","","","","","","2","2","0","0","0","0","0","0","0","0","0","3","3","0","0","0","0","0","0","0","0","0","0","0","0","0","0","0","0","0","0","0","0","0","0","4","0","40.0097","-75.1544","","CRASH_2001_Philadelphia"
"2002039664","06","67","67301","67301","2001","11","6","1310","13","1","1","0","2","1","","","N","02","2","00","3","0","1","3","2","N","N","39 57:19.952","75 12:49.223","1320","","1315","","0","","N","","3 ","","","","","","","","","","2","2","0","0","0","0","0","0","0","0","0","1","1","0","0","0","0","0","0","0","0","0","0","0","0","0","0","0","0","0","0","0","0","0","0","4","0","39.957","-75.2133","","CRASH_2001_Philadelphia"
"2002045748","06","67","67301","67301","2001","10","6","1700","17","1","1","0","4","1","","","N","01","2","00","3","0","1","3","2","N","N","39 54:17.908","75 10:25.207","1710","","1705","","0","","N","","3 ","","","","","","","","","","2","2","0","0","0","0","0","0","0","0","0","1","1","0","0","0","0","0","0","0","1","0","0","2","0","0","0","0","0","0","0","0","0","0","0","4","0","39.9054","-75.1736","","CRASH_2001_Philadelphia"
"2002026296","06","67","67301","67301","2001","08","4","0959","09","1","1","0","4","1","","","N","02","2","00","3","0","1","2","2","N","N","39 56:33.754","75 09:56.463","1005","","1002","","0","","N","","3 ","","","","","","","","","","2","1","0","0","1","0","0","0","0","0","0","1","1","0","0","0","0","0","0","0","0","0","0","1","0","0","0","0","0","0","0","0","0","0","0","4","0","39.9428","-75.1656","","CRASH_2001_Philadelphia"
"2002026366","06","67","67301","67301","2001","09","6","0519","05","1","1","0","9","1","2","8","Y","00","9","00","3","0","1","1","1","N","N","39 55:35.040","75 11:40.560","0530","99","0520","","0","","N","","9 ","","U","","","U","","","","Y","1","1","0","0","0","0","0","0","0","0","1","0","1","0","0","0","0","0","0","0","0","0","0","0","0","0","0","0","0","0","0","0","0","0","0","3","0","39.9268","-75.195","","CRASH_2001_Philadelphia"
"2002029887","06","67","67301","67301","2001","09","6","1503","15","1","1","0","1","3","","","N","00","0","00","3","0","1","1","2","N","N","39 53:34.245","75 13:39.045","1530","","1503","","0","","N","","0 ","","","","","","","","","","2","0","0","0","2","0","0","0","0","0","1","0","1","0","0","0","0","0","0","0","1","0","0","0","0","0","0","0","0","0","0","0","0","0","0","3","0","39.8928","-75.227","","CRASH_2001_Philadelphia"
"2002043163","06","67","67301","67301","2001","12","3","2350","23","3","1","0","2","1","","","N","00","2","00","3","0","0","2","2","N","N","39 54:46.452","75 14:35.391","2350","","2350","","0","","N","","3 ","","","","","","","","","","2","1","0","0","0","0","0","0","0","0","0","0","0","0","0","0","0","0","0","0","0","0","0","0","0","0","0","0","0","0","0","0","0","0","0","0","0","39.9129","-75.2432","","CRASH_2001_Philadelphia"