"CRN","DISTRICT","COUNTY","MUNICIPALITY","POLICE_AGCY","CRASH_YEAR","CRASH_MONTH","DAY_OF_WEEK","TIME_OF_DAY","HOUR_OF_DAY","ILLUMINATION","WEATHER","ROAD_CONDITION","COLLISION_TYPE","RELATION_TO_ROAD","WORK_ZONE_TYPE","WORK_ZONE_LOC","WORK_ZONE_IND","INTERSECT_TYPE","TCD_TYPE","LOCATION_TYPE","URBAN_RURAL","FATAL_COUNT","INJURY_COUNT","PERSON_COUNT","TOTAL_UNITS","SCH_BUS_IND","SCH_ZONE_IND","LATITUDE","LONGITUDE","ARRIVAL_TM","CONS_ZONE_SPD_LIM","DISPATCH_TM","EST_HRS_CLOSED","LANE_CLOSED","LN_CLOSE_DIR","NTFY_HIWY_MAINT","SPEC_JURIS_CD","TCD_FUNC_CD","TFC_DETOUR_IND","WORKERS_PRES","WZ_CLOSE_DETOUR","WZ_FLAGGER","WZ_LAW_OFFCR_IND","WZ_LN_CLOSURE","WZ_MOVING","WZ_OTHER","WZ_SHLDER_MDN","VEHICLE_COUNT","AUTOMOBILE_COUNT","MOTORCYCLE_COUNT","BUS_COUNT","SMALL_TRUCK_COUNT","HEAVY_TRUCK_COUNT","SUV_COUNT","VAN_COUNT","BICYCLE_COUNT","MAJ_INJ_COUNT","MOD_INJ_COUNT","MIN_INJ_COUNT","TOT_INJ_COUNT","UNK_INJ_DEG_COUNT","UNK_INJ_PER_COUNT","DRIVER_COUNT_16YR","DRIVER_COUNT_17YR","DRIVER_COUNT_18YR","DRIVER_COUNT_19YR","DRIVER_COUNT_20YR","DRIVER_COUNT_50_64YR","DRIVER_COUNT_65_74YR","DRIVER_COUNT_75PLUS","UNBELTED_OCC_COUNT","UNB_DEATH_COUNT","UNB_MAJ_INJ_COUNT","BELTED_DEATH_COUNT","BELTED_MAJ_INJ_COUNT","MCYCLE_DEATH_COUNT","MCYCLE_MAJ_INJ_COUNT","BICYCLE_DEATH_COUNT","BICYCLE_MAJ_INJ_COUNT","PED_COUNT","PED_DEATH_COUNT","PED_MAJ_INJ_COUNT","MAX_SEVERITY_LEVEL","COMM_VEH_COUNT","DEC_LAT","DEC_LONG","RDWY_SURF_TYPE_CD","COUNTY_YEAR"
"2002045816","06","67","67301","67301","2001","10","7","0218","02","3","1","0","8","1","","","N","00","0","00","3","0","1","5","2","N","N","39 57:49.609","75 10:22.979","0219","","0218","","0","","N","","0 ","","","","","","","","","","1","1","0","0","0","0","0","0","0","0","0","1","1","0","0","0","0","0","0","0","1","0","0","3","0","0","0","0","0","0","0","0","1","0","0","4","0","39.9638","-75.173","","CRASH_2001_Philadelphia"
"2002046331","06","67","67301","67301","2001","09","1","2100","21","3","2","1","5","1","","","N","01","2","00","3","0","1","3","3","N","N","40 00:20.165","75 06:19.038","2130","","2112","3","2","1","N","","3 ","Y","","","","","","","","","2","2","0","0","0","0","0","0","0","0","1","0","1","0","0","0","0","0","0","0","0","0","0","0","0","0","0","0","0","0","0","0","1","0","0","3","0","40.0056","-75.1053","","CRASH_2001_Philadelphia"
"2002041975","06","67","67301","67301","2001","12","7","0545","05","3","1","0","7","4","","","N","00","0","00","3","0","1","1","1","N","N","","","0600","","0547","","0","","N","","0 ","","","","","","","","","","1","1","0","0","0","0","0","0","0","0","0","1","1","0","0","0","0","0","0","0","0","0","0","0","0","0","0","0","0","0","0","0","0","0","0","4","0","","","","CRASH_2001_Philadelphia"
"2002028566","06","67","67301","67301","2001","09","5","1143","11","1","2","1","7","5","","","N","03","2","00","3","0","1","1","1","N","N","39 58:02.407","75 10:50.704","1149","","1147","1","1","2","N","","3 ","N","","","","","","","","","1","1","0","0","0","0","0","0","0","0","0","1","1","0","0","0","0","0","0","0","1","0","0","0","0","0","0","0","0","0","0","0","0","0","0","4","0","39.9674","-75.1808","","CRASH_2001_Philadelphia"
"2002004044","06","67","67301","67301","2001","06","3","1100","11","1","1","0","4","1","3","2","Y","01","2","00","3","0","1","2","2","N","N","39 59:28.320","75 08:06.000","1120","25","1113","1","1","2","N","","3 ","N","Y","","","U","Y","","","","2","1","0","0","1","0","0","0","0","0","1","0","1","0","1","0","0","0","0","0","1","0","0","0","0","0","0","0","0","0","0","0","0","0","0","3","0","39.9914","-75.1349","","CRASH_2001_Philadelphia"
"2002012228","06","67","67301","67301","2001","07","2","1958","19","1","1","0","8","1","","","N","00","0","00","3","0","1","2","2","N","N","40 01:11.359","75 09:22.782","2000","","1958","","0","","N","","0 ","","","","","","","","","","1","1","0","0","0","0","0","0","0","0","0","1","1","0","0","0","0","0","0","0","1","0","0","0","0","0","0","0","0","0","0","0","1","0","0","4","0","40.0197","-75.1562","","CRASH_2001_Philadelphia"
"2002026525","06","67","67301","67301","2001","06","5","9999","99","4","1","1","1","1","","","N","01","2","00","3","0","1","2","2","N","N","40 02:00.340","75 05:26.221","2055","","9999","","0","","N","","3 ","","","","","","","","","","2","2","0","0","0","0","0","0","0","0","0","1","1","0","0","0","0","0","0","0","0","0","0","0","0","0","0","0","0","0","0","0","0","0","0","4","0","40.0334","-75.0906","","CRASH_2001_Philadelphia"
"2002037152","06","67","67301","67301","2001","12","1","0247","02","3","1","0","4","1","","","N","00","0","07","3","0","0","3","2","N","N","40 08:03.363","75 00:33.127","0250","","0247","2","1","2","N","","0 ","Y","","","","","","","","","2","2","0","0","0","0","0","0","0","0","0","0","0","0","0","0","0","0","0","0","0","0","0","0","0","0","0","0","0","0","0","0","0","0","0","0","0","40.1343","-75.0091","","CRASH_2001_Philadelphia"
"2002018089","06","67","67301","67301","2001","08","1","1553","15","1","1","0","7","3","","","N","00","0","00","3","0","2","3","1","N","N","39 57:12.240","75 08:27.960","1600","","1555","1","1","1","N","","0 ","N","","","","","","","","","1","1","0","0","0","0","0","0","0","0","0","2","2","0","0","0","0","0","0","1","0","0","0","0","0","0","0","0","0","0","0","0","0","0","0","4","0","39.9529","-75.141","","CRASH_2001_Philadelphia"
"2002034848","06","67","67301","67301","2001","10","6","0230","02","3","1","0","8","1","","","N","00","0","00","3","0","1","2","3","N","N","39 55:53.979","75 08:46.053","0230","","0230","","0","","N","","0 ","","","","","","","","","","2","2","0","0","0","0","0","0","0","1","0","0","1","0","0","0","0","0","0","0","0","0","0","1","0","0","0","0","0","0","0","0","1","0","1","2","0","39.9317","-75.1461","","CRASH_2001_Philadelphia"
"2002040125","06","67","67301","67301","2001","12","7","1905","19","3","2","1","1","1","","","N","00","0","03","3","0","0","3","3","N","N","40 02:37.517","75 13:03.258","1915","","1912","","0","","N","","0 ","","","","","","","","","","3","3","0","0","0","0","0","0","0","0","0","0","0","0","1","0","0","0","0","0","0","0","0","0","0","0","0","0","0","0","0","0","0","0","0","9","0","40.044","-75.2177","","CRASH_2001_Philadelphia"
"2002032316","06","67","67301","67301","2001","10","3","0740","07","1","1","0","4","1","","","N","02","3","00","3","0","1","2","2","N","N","40 04:16.370","75 10:45.774","0800","","0753","","0","","N","","3 ","","","","","","","","","","2","2","0","0","0","0","0","0","0","0","0","1","1","0","0","0","0","0","0","0","0","0","1","0","0","0","0","0","0","0","0","0","0","0","0","4","0","40.0713","-75.1795","","CRASH_2001_Philadelphia"
"2002039402","06","67","67301","67301","2001","11","5","0715","07","1","1","0","4","1","","","N","02","2","00","3","0","2","2","2","N","N","39 55:26.877","75 08:35.909","0728","","0723","","0","","N","","3 ","","","","","","","","","","2","1","0","0","0","1","0","0","0","0","0","2","2","0","0","0","0","0","0","0","0","0","0","0","0","0","0","0","0","0","0","0","0","0","0","4","1","39.9241","-75.1433","","CRASH_2001_Philadelphia"
"2002046427","06","67","67301","67301","2001","10","5","0918","09","1","1","0","4","1","","","N","00","0","07","3","0","1","2","2","N","N","40 03:28.178","75 02:29.030","0935","","0930","","0","","N","","0 ","","","","","","","","","","2","2","0","0","0","0","0","0","0","0","0","1","1","0","0","0","0","0","0","0","1","0","1","0","0","0","0","0","0","0","0","0","0","0","0","4","0","40.058","-75.0415","","CRASH_2001_Philadelphia"
"2002006160","06","67","67301","67301","2001","11","3","1802","18","3","1","0","1","1","","","N","00","0","03","3","0","2","6","3","N","N","","","1820","","1802","","0","","N","","0 ","","","","","","","","","","3","3","0","0","0","0","0","0","0","0","2","0","2","0","0","0","0","1","0","0","0","0","0","0","0","0","0","0","0","0","0","0","0","0","0","3","0","","","","CRASH_2001_Philadelphia"
"2002017051","06","67","67301","67301","2001","07","1","1656","16","4","2","1","4","1","","","N","01","2","00","3","0","2","4","4","N","N","39 57:08.189","75 10:30.427","1706","","1659","","0","","N","","3 ","","","","","","","","","","4","4","0","0","0","0","0","0","0","0","0","2","2","0","0","0","0","0","0","0","0","0","0","0","0","0","0","0","0","0","0","0","0","0","0","4","0","39.9508","-75.1757","","CRASH_2001_Philadelphia"
"2002022102","06","67","67301","67301","2001","08","2","1453","14","1","1","1","2","2","","","N","00","0","00","3","0","0","1","2","N","N","40 02:26.632","75 10:43.848","1458","","1453","","0","","N","","0 ","","","","","","","","","","2","2","0","0","0","0","0","0","0","0","0","0","0","0","1","0","0","0","0","0","0","0","0","1","0","0","0","0","0","0","0","0","0","0","0","9","0","40.0407","-75.1788","","CRASH_2001_Philadelphia"
"2002023027","06","67","67301","67301","2001","08","4","1754","17","1","1","0","8","1","","","N","02","3","00","3","0","1","2","2","N","N","40 04:19.010","75 04:26.268","1758","","1755","","0","","N","","3 ","","","","","","","","","","1","1","0","0","0","0","0","0","0","0","1","0","1","0","0","0","0","0","0","0","0","0","0","0","0","0","0","0","0","0","0","0","1","0","0","3","0","40.072","-75.074","","CRASH_2001_Philadelphia"
"2002027898","06","67","67301","67301","2001","09","6","0929","09","1","1","1","4","1","","","N","02","2","00","3","0","2","4","2","N","N","40 03:01.063","74 59:59.583","0935","","0932","","0","","N","","3 ","","","","","","","","","","2","2","0","0","0","0","0","0","0","0","2","0","2","0","0","0","0","0","1","0","0","0","0","0","0","0","0","0","0","0","0","0","0","0","0","3","0","40.0504","-74.9999","","CRASH_2001_Philadelphia"
"2002034670","06","67","67301","67301","2001","11","6","1600","16","4","1","1","8","6","","","N","00","0","00","3","0","1","2","2","N","N","39 56:55.947","75 09:38.902","1631","","1630","","0","","N","","0 ","","","","","","","","","","1","0","0","1","0","0","0","0","0","0","0","1","1","0","0","0","0","0","0","0","0","0","0","0","0","0","0","0","0","0","0","0","1","0","0","4","1","39.9489","-75.1609","","CRASH_2001_Philadelphia"
"2002034696","06","67","67301","67301","2001","11","6","1345","13","1","1","0","2","1","","","N","01","2","00","3","0","2","3","3","N","N","39 57:30.450","75 09:51.163","1403","","1400","","0","","N","","3 ","","","","","","","","","","3","3","0","0","0","0","0","0","0","0","0","2","2","0","0","0","0","0","0","0","0","0","0","0","0","0","0","0","0","0","0","0","0","0","0","4","0","39.9579","-75.1641","","CRASH_2001_Philadelphia"
"2002035734","06","67","67301","67301","2001","11","5","0205","02","3","1","0","1","1","","","N","01","2","00","3","0","0","2","2","N","N","40 06:18.574","75 01:57.784","0205","","0205","","0","","N","","3 ","","","","","","","","","","2","2","0","0","0","0","0","0","0","0","0","0","0","0","1","0","0","0","0","0","0","0","0","0","0","0","0","0","0","0","0","0","0","0","0","9","0","40.1052","-75.0328","","CRASH_2001_Philadelphia"
"2002035804","06","67","67301","67301","2001","11","6","1210","12","1","1","0","8","1","","","N","01","2","00","3","0","1","2","2","N","N","40 03:41.513","75 05:01.789","1212","","1211","2","2","6","N","","3 ","Y","","","","","","","","","1","1","0","0","0","0","0","0","0","1","0","0","1","0","0","0","0","0","0","0","0","0","0","0","0","0","0","0","0","0","0","0","1","0","1","2","0","40.0615","-75.0839","","CRASH_2001_Philadelphia"
"2002018880","06","67","67301","67301","2001","08","1","1705","17","1","1","0","5","1","","","N","00","0","00","3","0","1","2","3","N","N","","","1712","","1710","","0","","N","","0 ","","","","","","","","","","2","1","0","1","0","0","0","0","1","0","0","1","1","0","0","0","0","0","0","0","0","0","0","0","0","0","0","0","0","0","0","0","0","0","0","4","1","","","","CRASH_2001_Philadelphia"
"2002039423","06","67","67301","67301","2001","12","7","1433","14","1","2","1","4","1","","","N","01","2","00","3","0","0","3","2","N","N","40 05:40.553","75 00:53.997","1434","","1433","1","1","3","N","","3 ","Y","","","","","","","","","2","2","0","0","0","0","0","0","0","0","0","0","0","0","2","0","0","0","0","0","1","0","0","0","0","0","0","0","0","0","0","0","0","0","0","9","0","40.0946","-75.0152","","CRASH_2001_Philadelphia"
"2002039359","06","67","67301","67301","2001","12","7","2124","21","3","2","1","4","1","","","N","01","2","00","3","0","1","2","2","N","N","39 57:45.267","75 12:46.724","2136","","2135","","0","","N","","3 ","","","","","","","","","","1","1","0","0","0","0","0","0","0","0","0","1","1","0","0","0","0","0","0","0","0","0","0","0","0","0","0","0","0","0","0","0","1","0","0","4","0","39.9626","-75.2127","","CRASH_2001_Philadelphia"
"2002042568","06","67","67301","67301","2001","12","6","1910","19","3","1","0","1","1","","","N","05","2","00","3","0","3","3","2","N","N","40 01:53.078","75 05:05.038","1920","","1915","","0","","N","","3 ","","","","","","","","","","2","2","0","0","0","0","0","0","0","0","0","3","3","0","0","0","0","0","0","0","0","0","0","0","0","0","0","0","0","0","0","0","0","0","0","4","0","40.0314","-75.0847","","CRASH_2001_Philadelphia"
"2001400213","06","67","67301","67301","2001","03","6","1216","12","1","1","0","8","1","","","N","00","0","00","3","1","0","2","2","N","N","","","9999","","9999","","0","","N","9","0 ","","","","","","","","","","1","0","0","0","0","0","1","0","0","0","0","0","0","0","0","0","0","0","0","0","0","0","0","0","0","0","0","0","0","0","0","0","1","1","0","1","0","","","9 ","CRASH_2001_Philadelphia"
"2002022490","06","67","67301","67301","2001","07","6","0100","01","3","1","0","7","2","","","N","00","0","00","3","0","0","2","1","N","N","39 55:57.629","75 14:30.421","0119","","0115","","0","","N","","0 ","","","","","","","","","","1","1","0","0","0","0","0","0","0","0","0","0","0","0","0","0","0","0","0","0","0","0","0","0","0","0","0","0","0","0","0","0","0","0","0","0","0","39.9327","-75.2418","","CRASH_2001_Philadelphia"
"2002028826","06","67","67301","67301","2001","09","7","0745","07","1","2","1","1","1","8","2","Y","02","2","07","3","0","0","2","2","N","N","39 56:00.171","75 08:35.970","0748","99","0745","","0","","Y","","3 ","","U","","","U","","","","","2","2","0","0","0","0","0","0","0","0","0","0","0","0","0","0","0","0","0","0","0","0","0","0","0","0","0","0","0","0","0","0","0","0","0","0","0","39.9333","-75.1434","","CRASH_2001_Philadelphia"
"2002041944","06","67","67301","67301","2001","12","7","0110","01","3","1","0","4","1","","","N","01","2","00","3","0","3","6","2","N","N","39 56:17.646","75 11:55.216","0124","","0119","2","1","1","N","","3 ","Y","","","","","","","","","2","2","0","0","0","0","0","0","0","2","0","1","3","0","1","0","0","0","0","0","0","0","0","0","0","0","0","0","0","0","0","0","0","0","0","2","0","39.938","-75.1987","","CRASH_2001_Philadelphia"
"2002035114","06","67","67301","67301","2001","10","3","0620","06","3","1","0","4","1","","","N","01","2","00","3","0","1","2","2","N","N","40 04:44.245","75 01:30.333","0635","","0624","","0","","N","","2 ","","","","","","","","","","2","0","1","0","0","0","0","0","0","0","0","1","1","0","1","0","0","0","0","0","0","0","0","0","0","0","0","0","0","0","0","0","0","0","0","4","0","40.0789","-75.0253","","CRASH_2001_Philadelphia"
"2002042575","06","67","67301","67301","2001","12","1","1330","13","1","1","0","1","1","","","N","02","2","02","3","0","1","3","2","N","N","39 56:39.194","75 11:50.180","1341","","1334","","0","","N","","3 ","","","","","","","","","","2","2","0","0","0","0","0","0","0","0","0","1","1","0","0","0","0","0","0","0","0","0","0","0","0","0","0","0","0","0","0","0","0","0","0","4","0","39.9442","-75.1973","","CRASH_2001_Philadelphia"
"2002027912","06","67","67301","67301","2001","09","7","0215","02","3","1","0","1","6","","","N","00","0","00","3","0","3","4","2","N","N","40 01:28.696","75 09:58.664","0225","","0220","","0","","N","","0 ","","","","","","","","","","2","1","0","0","1","0","0","0","0","0","0","3","3","0","0","0","0","0","0","0","0","0","0","0","0","0","0","0","0","0","0","0","0","0","0","4","0","40.0246","-75.1663","","CRASH_2001_Philadelphia"
"2002036256","06","67","67301","67301","2001","10","7","0710","07","1","1","0","1","1","","","N","00","2","00","3","0","1","2","2","N","N","39 58:46.947","75 09:27.687","0714","","0710","","0","","N","","3 ","","","","","","","","","","2","2","0","0","0","0","0","0","0","0","0","1","1","0","0","0","0","0","0","0","1","0","0","0","0","0","0","0","0","0","0","0","0","0","0","4","0","39.9797","-75.1577","","CRASH_2001_Philadelphia"
"2002039537","06","67","67301","67301","2001","11","4","1334","13","1","1","0","4","1","","","N","02","0","00","3","0","1","3","2","N","N","39 58:27.448","75 10:03.765","0140","","1334","","0","","N","","0 ","","","","","","","","","","2","2","0","0","0","0","0","0","0","0","1","0","1","0","0","0","0","0","0","0","0","0","0","0","0","0","0","0","0","0","0","0","0","0","0","3","0","39.9743","-75.1677","","CRASH_2001_Philadelphia"
"2002039550","06","67","67301","67301","2001","11","4","2359","23","3","1","0","7","2","","","N","00","0","00","3","0","0","1","1","N","N","","","1205","","2359","2","1","4","N","","0 ","N","","","","","","","","","1","0","0","0","1","0","0","0","0","0","0","0","0","0","0","0","0","0","0","0","0","0","0","1","0","0","0","0","0","0","0","0","0","0","0","0","0","","","","CRASH_2001_Philadelphia"
"2002045148","06","67","67301","67301","2001","12","7","0110","01","3","1","0","4","1","","","N","01","3","00","3","0","1","2","2","N","N","40 02:26.566","75 09:30.254","0110","","0110","","0","","N","","3 ","","","","","","","","","","2","2","0","0","0","0","0","0","0","0","0","1","1","0","1","0","0","0","0","0","0","0","0","1","0","0","0","0","0","0","0","0","0","0","0","4","0","40.0407","-75.1584","","CRASH_2001_Philadelphia"
"2004087697","06","67","67301","67301","2001","04","6","1745","17","1","1","0","4","1","","","N","00","0","07","3","0","1","2","2","N","N","40 02:19.874","75 12:57.967","1825","","1818","","0","","N","","0 ","","","","","","","","","","2","1","1","0","0","0","0","0","0","0","0","1","1","0","0","0","0","0","0","0","0","0","0","0","0","0","0","0","0","0","0","0","0","0","0","4","0","40.0389","-75.2161","","CRASH_2001_Philadelphia"
"2002017891","06","67","67301","67301","2001","08","6","1022","10","1","1","0","4","1","","","N","01","2","00","3","0","2","4","2","N","N","39 57:19.012","75 09:46.003","1035","","1027","","0","","N","","3 ","","","","","","","","","","2","2","0","0","0","0","0","0","0","0","1","1","2","0","0","0","0","0","0","0","0","1","0","0","0","0","0","0","0","0","0","0","0","0","0","3","0","39.9553","-75.1629","","CRASH_2001_Philadelphia"
"2002028556","06","67","67301","67301","2001","09","7","2103","21","2","1","0","8","1","","","N","01","2","00","3","0","1","2","2","N","N","40 00:57.449","75 09:14.211","2112","","2106","","0","","N","","3 ","","","","","","","","","","1","1","0","0","0","0","0","0","0","0","1","0","1","0","0","0","0","0","0","0","0","0","0","0","0","0","0","0","0","0","0","0","1","0","0","3","0","40.0159","-75.1538","","CRASH_2001_Philadelphia"
"2002028674","06","67","67301","67301","2001","09","6","1133","11","1","2","1","4","1","","","N","01","3","00","3","0","1","2","3","N","N","40 00:29.000","75 09:14.000","1140","","1135","","0","","N","","9 ","","","","","","","","","","3","3","0","0","0","0","0","0","0","0","0","1","1","0","0","0","0","0","0","0","2","0","0","0","0","0","0","0","0","0","0","0","0","0","0","4","0","40.0081","-75.1539","","CRASH_2001_Philadelphia"
"2002038623","06","67","67301","67301","2001","11","7","0349","03","3","2","1","6","9","","","N","01","2","00","3","0","2","3","2","N","N","39 59:43.513","75 10:44.154","0400","","0351","","0","","N","","3 ","","","","","","","","","","2","2","0","0","0","0","0","0","0","0","0","2","2","0","1","0","0","0","0","1","0","0","0","1","0","0","0","0","0","0","0","0","0","0","0","4","0","39.9954","-75.1789","","CRASH_2001_Philadelphia"
"2002043782","06","67","67301","67301","2001","12","4","2252","22","3","1","0","6","1","","","N","00","0","00","3","0","0","5","2","N","N","40 02:11.000","75 08:13.000","2259","","2253","","0","","N","","0 ","","","","","","","","","","2","2","0","0","0","0","0","0","0","0","0","0","0","0","0","0","0","0","0","0","0","0","0","0","0","0","0","0","0","0","0","0","0","0","0","0","0","40.0364","-75.1369","","CRASH_2001_Philadelphia"
"2002028478","06","67","67301","67301","2001","09","6","1920","19","4","1","0","8","1","","","N","05","2","99","3","0","1","2","2","N","N","40 01:53.438","75 03:47.543","1924","","1924","","9","","N","","3 ","U","","","","","","","","","1","1","0","0","0","0","0","0","0","0","1","0","1","0","0","0","0","0","0","0","0","0","0","0","0","0","0","0","0","0","0","0","1","0","0","3","0","40.0316","-75.0633","","CRASH_2001_Philadelphia"
"2012129063","06","67","67301","67301","2001","11","6","0002","00","1","1","0","5","1","","","N","01","0","00","3","0","1","2","2","N","","39 56:18.900","75 11:54.432","1530","","1530","","0","","","","0 ","","","","","","","","","","2","1","0","0","0","1","0","0","0","0","0","1","1","0","0","0","0","0","0","0","0","0","0","0","0","0","0","0","0","0","0","0","0","0","0","4","0","39.9386","-75.1985","","CRASH_2001_Philadelphia"
"2002018379","06","67","67301","67301","2001","07","2","1747","17","1","1","0","8","1","","","N","01","2","00","3","0","1","2","2","N","N","40 02:32.000","75 01:31.000","1757","","1747","","0","","N","","3 ","","","","","","","","","","1","1","0","0","0","0","0","0","0","0","0","1","1","0","0","0","0","0","0","0","0","0","0","0","0","0","0","0","0","0","0","0","1","0","0","4","0","40.0423","-75.0256","","CRASH_2001_Philadelphia"
"2002018502","06","67","67301","67301","2001","07","2","1230","12","1","1","0","1","1","","","N","01","2","00","3","0","2","3","2","N","N","39 56:16.013","75 10:00.320","1232","","1230","","0","","N","","3 ","","","","","","","","","","2","1","0","0","1","0","0","0","0","0","0","2","2","0","0","0","0","0","0","0","0","0","0","0","0","0","0","0","0","0","0","0","0","0","0","4","0","39.9379","-75.1668","","CRASH_2001_Philadelphia"
"2002030662","06","67","67301","67301","2001","09","2","1810","18","1","1","1","1","1","","","N","00","4","00","3","0","1","3","2","N","N","40 00:41.868","75 12:02.763","1830","","0810","","0","","N","","3 ","","","","","","","","","","2","2","0","0","0","0","0","0","0","0","0","1","1","0","2","0","0","0","0","0","0","0","0","0","0","0","0","0","0","0","0","0","0","0","0","4","0","40.0116","-75.2006","","CRASH_2001_Philadelphia"
"2002031840","06","67","67301","67301","2001","10","5","1946","19","1","1","0","4","1","","","N","01","2","00","3","0","1","2","2","N","N","39 57:30.514","75 14:15.079","1948","","1949","","0","","N","","3 ","","","","","","","","","","2","2","0","0","0","0","0","0","0","0","1","0","1","0","1","0","0","0","0","0","0","0","0","0","0","0","0","0","0","0","0","0","0","0","0","3","0","39.96","-75.2371","","CRASH_2001_Philadelphia"
"2001288208","06","67","67301","","2001","06","4","0145","01","3","5","1","7","5","","","N","00","0","00","3","0","2","2","1","N","N","","","9999","","9999","","0","","N","","0 ","","","","","","","","","","1","1","0","0","0","0","0","0","0","0","0","0","0","0","2","0","0","0","0","0","0","0","0","0","0","0","0","0","0","0","0","0","0","0","0","9","0","","","","CRASH_2001_Philadelphia"
"2002017115","06","67","67301","67301","2001","07","2","1334","13","1","1","0","1","1","","","N","01","2","99","3","0","2","2","2","N","N","40 02:35.976","75 09:40.821","1337","","1334","","0","","N","","3 ","","","","","","","","","","2","2","0","0","0","0","0","0","0","0","1","1","2","0","0","0","0","0","0","0","0","1","0","0","0","0","0","0","0","0","0","0","0","0","0","3","0","40.0433","-75.1613","","CRASH_2001_Philadelphia"
"2002033705","06","67","67301","67301","2001","06","5","2104","21","3","1","0","8","1","","","N","00","0","00","3","0","1","6","2","N","N","40 02:08.840","75 07:32.454","2135","","2115","","0","","N","","0 ","","","","","","","","","","1","1","0","0","0","0","0","0","0","0","1","0","1","0","0","0","0","0","0","0","0","0","0","1","0","0","0","0","0","0","0","0","1","0","0","3","0","40.0358","-75.1256","","CRASH_2001_Philadelphia"
"2002037288","06","67","67301","67301","2001","12","7","1214","12","1","1","0","1","1","","","N","00","2","00","3","0","2","4","2","N","N","39 59:21.887","75 09:19.811","1217","","1214","","0","","N","","9 ","","","","","","","","","","2","2","0","0","0","0","0","0","0","0","0","2","2","0","0","0","0","0","0","0","1","0","0","4","0","0","0","0","0","0","0","0","0","0","0","4","0","39.9892","-75.1555","","CRASH_2001_Philadelphia"
"2002012236","06","67","67301","67301","2001","07","4","1228","12","1","1","0","4","1","","","N","00","0","00","3","0","3","5","2","N","N","40 01:04.800","75 08:58.560","1229","","1228","","0","","N","","0 ","","","","","","","","","","2","2","0","0","0","0","0","0","0","0","1","2","3","0","2","0","0","1","0","0","0","0","0","0","0","0","0","0","0","0","0","0","0","0","0","3","0","40.018","-75.1495","","CRASH_2001_Philadelphia"
"2002043196","06","67","67301","67301","2001","12","3","1354","13","1","1","0","8","1","","","N","02","2","00","3","0","1","2","2","N","N","39 59:53.394","75 07:38.437","1357","","1354","","0","","N","","3 ","","","","","","","","","","1","1","0","0","0","0","0","0","0","0","0","1","1","0","0","0","0","0","0","0","0","0","0","0","0","0","0","0","0","0","0","0","1","0","0","4","0","39.9983","-75.1274","","CRASH_2001_Philadelphia"
"2002010476","06","67","67301","67301","2001","06","4","1830","18","4","1","0","8","1","","","N","02","2","00","3","0","1","3","2","N","N","39 55:58.473","75 12:57.909","1130","","1129","","0","","N","","9 ","","","","","","","","","","1","1","0","0","0","0","0","0","0","0","0","1","1","0","0","0","0","0","0","0","0","0","0","0","0","0","0","0","0","0","0","0","1","0","0","4","0","39.9327","-75.2161","","CRASH_2001_Philadelphia"
"2002033563","06","67","67301","67301","2001","10","7","0540","05","3","1","0","2","1","","","N","01","2","00","3","0","1","2","2","N","N","40 00:24.614","75 12:51.206","0545","","0540","","0","","N","","3 ","","","","","","","","","","2","2","0","0","0","0","0","0","0","0","0","1","1","0","1","0","0","0","0","0","1","0","0","0","0","0","0","0","0","0","0","0","0","0","0","4","0","40.0071","-75.2137","","CRASH_2001_Philadelphia"
"2002047744","06","67","67301","67301","2001","07","2","1411","14","1","1","0","6","1","","","N","00","2","00","3","0","0","2","3","N","N","39 57:52.999","75 13:17.097","1435","","1432","","0","","N","","3 ","","","","","","","","","","3","3","0","0","0","0","0","0","0","0","0","0","0","0","0","0","0","1","0","0","0","0","0","0","0","0","0","0","0","0","0","0","0","0","0","0","0","39.9647","-75.2214","","CRASH_2001_Philadelphia"
"2002010746","06","67","67301","67301","2001","07","3","1110","11","1","1","0","5","6","","","N","00","0","00","3","0","1","2","2","N","N","","","1124","","1122","","0","","N","","0 ","","","","","","","","","","1","1","0","0","0","0","0","0","1","0","0","1","1","0","1","0","0","0","0","0","0","0","0","0","0","0","0","0","0","0","0","0","0","0","0","4","0","","","","CRASH_2001_Philadelphia"
"2002017508","06","67","67301","67301","2001","08","6","1825","18","1","2","1","1","1","","","N","00","0","00","3","0","1","3","2","N","N","39 56:10.137","75 10:01.260","1835","","1827","","0","","N","","0 ","","","","","","","","","","1","1","0","0","0","0","0","0","1","0","0","1","1","0","0","0","0","0","0","0","0","0","0","0","0","0","0","0","0","0","0","0","0","0","0","4","0","39.9363","-75.167","","CRASH_2001_Philadelphia"
"2002024536","06","67","67301","67301","2001","08","5","1510","15","1","1","0","1","1","","","N","01","2","00","3","0","1","3","2","N","N","39 57:06.000","75 09:34.982","1518","","1515","","0","","N","","3 ","","","","","","","","","","2","2","0","0","0","0","0","0","0","0","0","1","1","0","0","0","0","0","0","0","1","0","0","0","0","0","0","0","0","0","0","0","0","0","0","4","0","39.9519","-75.1599","","CRASH_2001_Philadelphia"
"2003010325","06","67","67301","67301","2001","03","6","1609","16","1","1","0","8","1","","","N","01","2","00","3","0","1","2","2","N","N","40 01:45.725","75 08:48.640","1615","","1613","","0","","N","","3 ","","","","","","","","","","1","1","0","0","0","0","0","0","0","0","0","1","1","0","1","0","0","0","0","0","0","0","0","0","0","0","0","0","0","0","0","0","1","0","0","4","0","40.0291","-75.1468","","CRASH_2001_Philadelphia"